step,path,raw_bytes,resident_bytes,mode,encode_seconds
0,wte.weight.m,67108864,9059809,GRAMMAR,0.14122137500089593
0,wte.weight.v,67108864,9058505,GRAMMAR,0.13852908299304545
0,blocks.0.attn.c_q.weight.buf,1048576,889,GRAMMAR,0.0006785840087104589
0,blocks.0.attn.c_k.weight.buf,1048576,889,GRAMMAR,0.000596875004703179
0,blocks.0.attn.c_v.weight.buf,1048576,889,GRAMMAR,0.0005670420068781823
0,blocks.0.attn.c_proj.weight.buf,1048576,1049401,RAW,0.02010187500854954
0,blocks.0.mlp.c_fc.weight.buf,4194304,2341,GRAMMAR,0.002664500003447756
0,blocks.0.mlp.c_proj.weight.buf,4194304,4195129,RAW,0.09299720800481737
0,blocks.1.attn.c_q.weight.buf,1048576,889,GRAMMAR,0.0006337500235531479
0,blocks.1.attn.c_k.weight.buf,1048576,889,GRAMMAR,0.0005701249756384641
0,blocks.1.attn.c_v.weight.buf,1048576,889,GRAMMAR,0.0005705409857910126
0,blocks.1.attn.c_proj.weight.buf,1048576,1049401,RAW,0.019432917004451156
0,blocks.1.attn.ve_gate.weight.buf,512,1022,RAW,3.575001028366387e-05
0,blocks.1.mlp.c_fc.weight.buf,4194304,2341,GRAMMAR,0.0024907919869292527
0,blocks.1.mlp.c_proj.weight.buf,4194304,4195129,RAW,0.0906290419807192
0,blocks.2.attn.c_q.weight.buf,1048576,889,GRAMMAR,0.0005865000130143017
0,blocks.2.attn.c_k.weight.buf,1048576,889,GRAMMAR,0.0011265420180279762
0,blocks.2.attn.c_v.weight.buf,1048576,889,GRAMMAR,0.0005911669868510216
0,blocks.2.attn.c_proj.weight.buf,1048576,1049401,RAW,0.025728083011927083
0,blocks.2.mlp.c_fc.weight.buf,4194304,2341,GRAMMAR,0.0026127909950446337
0,blocks.2.mlp.c_proj.weight.buf,4194304,4195129,RAW,0.09851929100113921
0,blocks.3.attn.c_q.weight.buf,1048576,889,GRAMMAR,0.0007049159903544933
0,blocks.3.attn.c_k.weight.buf,1048576,889,GRAMMAR,0.0006703329854644835
0,blocks.3.attn.c_v.weight.buf,1048576,889,GRAMMAR,0.0012067500210832804
0,blocks.3.attn.c_proj.weight.buf,1048576,1049401,RAW,0.023101917002350092
0,blocks.3.attn.ve_gate.weight.buf,512,1022,RAW,6.008302443660796e-05
0,blocks.3.mlp.c_fc.weight.buf,4194304,2341,GRAMMAR,0.00299987499602139
0,blocks.3.mlp.c_proj.weight.buf,4194304,4195129,RAW,0.11749379200045951
0,blocks.4.attn.c_q.weight.buf,1048576,889,GRAMMAR,0.0006289579905569553
0,blocks.4.attn.c_k.weight.buf,1048576,889,GRAMMAR,0.0013222499983385205
0,blocks.4.attn.c_v.weight.buf,1048576,889,GRAMMAR,0.0006673329917248338
0,blocks.4.attn.c_proj.weight.buf,1048576,1049401,RAW,0.022000124998157844
0,blocks.4.mlp.c_fc.weight.buf,4194304,2341,GRAMMAR,0.0027391670155338943
0,blocks.4.mlp.c_proj.weight.buf,4194304,4195129,RAW,0.12453845801064745
0,blocks.5.attn.c_q.weight.buf,1048576,889,GRAMMAR,0.0007786669884808362
0,blocks.5.attn.c_k.weight.buf,1048576,889,GRAMMAR,0.0006292499892879277
0,blocks.5.attn.c_v.weight.buf,1048576,889,GRAMMAR,0.0006274999759625643
0,blocks.5.attn.c_proj.weight.buf,1048576,1049401,RAW,0.021734792011557147
0,blocks.5.attn.ve_gate.weight.buf,512,1022,RAW,3.362499410286546e-05
0,blocks.5.mlp.c_fc.weight.buf,4194304,2341,GRAMMAR,0.002550792007241398
0,blocks.5.mlp.c_proj.weight.buf,4194304,4195129,RAW,0.11730804198305123
0,blocks.6.attn.c_q.weight.buf,1048576,889,GRAMMAR,0.0006092910189181566
0,blocks.6.attn.c_k.weight.buf,1048576,889,GRAMMAR,0.0005922919954173267
0,blocks.6.attn.c_v.weight.buf,1048576,889,GRAMMAR,0.0005802079977001995
0,blocks.6.attn.c_proj.weight.buf,1048576,1049401,RAW,0.01997487500193529
0,blocks.6.mlp.c_fc.weight.buf,4194304,2341,GRAMMAR,0.0024857080134097487
0,blocks.6.mlp.c_proj.weight.buf,4194304,4195129,RAW,0.09702341599040665
0,blocks.7.attn.c_q.weight.buf,1048576,889,GRAMMAR,0.0006540000031236559
0,blocks.7.attn.c_k.weight.buf,1048576,889,GRAMMAR,0.0005877500225324184
0,blocks.7.attn.c_v.weight.buf,1048576,889,GRAMMAR,0.000588916998822242
0,blocks.7.attn.c_proj.weight.buf,1048576,1049401,RAW,0.0204578330158256
0,blocks.7.attn.ve_gate.weight.buf,512,1022,RAW,4.691700451076031e-05
0,blocks.7.mlp.c_fc.weight.buf,4194304,2341,GRAMMAR,0.00258004100760445
0,blocks.7.mlp.c_proj.weight.buf,4194304,4195129,RAW,0.0989331669989042
0,lm_head.weight.m,67108864,67136149,RAW,1.3797976250061765
0,lm_head.weight.v,67108864,67136149,RAW,1.3756114579737186
0,resid_lambdas.m,32,32,RAW_VECTOR,1.0707997716963291e-05
0,resid_lambdas.v,32,32,RAW_VECTOR,7.500057108700275e-07
0,x0_lambdas.m,32,32,RAW_VECTOR,1.0830117389559746e-06
0,x0_lambdas.v,32,32,RAW_VECTOR,5.420006345957518e-07
0,value_embeds.1.weight.m,67108864,31381,GRAMMAR,0.04204487500828691
0,value_embeds.1.weight.v,67108864,31381,GRAMMAR,0.03714908400434069
0,value_embeds.3.weight.m,67108864,31381,GRAMMAR,0.041594334004912525
0,value_embeds.3.weight.v,67108864,31381,GRAMMAR,0.046075332997133955
0,value_embeds.5.weight.m,67108864,31381,GRAMMAR,0.03817354200873524
0,value_embeds.5.weight.v,67108864,31381,GRAMMAR,0.0418458339991048
0,value_embeds.7.weight.m,67108864,31381,GRAMMAR,0.04482750000897795
0,value_embeds.7.weight.v,67108864,31381,GRAMMAR,0.04352124998695217
1,wte.weight.m,67108864,15224373,GRAMMAR,0.2033560420095455
1,wte.weight.v,67108864,15224081,GRAMMAR,0.20484391701756977
1,blocks.0.attn.c_q.weight.buf,1048576,1049401,RAW,0.026000249985372648
1,blocks.0.attn.c_k.weight.buf,1048576,1049401,RAW,0.02003616699948907
1,blocks.0.attn.c_v.weight.buf,1048576,1049401,RAW,0.02104287498514168
1,blocks.0.attn.c_proj.weight.buf,1048576,1049401,RAW,0.028473374986788258
1,blocks.0.mlp.c_fc.weight.buf,4194304,4196389,RAW,0.09287845899234526
1,blocks.0.mlp.c_proj.weight.buf,4194304,4195129,RAW,0.09513195799081586
1,blocks.1.attn.c_q.weight.buf,1048576,1049401,RAW,0.019649374997243285
1,blocks.1.attn.c_k.weight.buf,1048576,1049401,RAW,0.020932125014951453
1,blocks.1.attn.c_v.weight.buf,1048576,1049401,RAW,0.01983099998324178
1,blocks.1.attn.c_proj.weight.buf,1048576,1049401,RAW,0.019645958993351087
1,blocks.1.attn.ve_gate.weight.buf,512,1022,RAW,2.2666994482278824e-05
1,blocks.1.mlp.c_fc.weight.buf,4194304,4196389,RAW,0.09043424998526461
1,blocks.1.mlp.c_proj.weight.buf,4194304,4195129,RAW,0.09275774998241104
1,blocks.2.attn.c_q.weight.buf,1048576,1049401,RAW,0.019604875007644296
1,blocks.2.attn.c_k.weight.buf,1048576,1049401,RAW,0.019942249986343086
1,blocks.2.attn.c_v.weight.buf,1048576,1049401,RAW,0.02125216700369492
1,blocks.2.attn.c_proj.weight.buf,1048576,1049401,RAW,0.019727000006241724
1,blocks.2.mlp.c_fc.weight.buf,4194304,4196389,RAW,0.08457400000770576
1,blocks.2.mlp.c_proj.weight.buf,4194304,4195129,RAW,0.09815066697774455
1,blocks.3.attn.c_q.weight.buf,1048576,1049401,RAW,0.019742417003726587
1,blocks.3.attn.c_k.weight.buf,1048576,1049401,RAW,0.0193123749922961
1,blocks.3.attn.c_v.weight.buf,1048576,1049401,RAW,0.026241749990731478
1,blocks.3.attn.c_proj.weight.buf,1048576,1049401,RAW,0.020001791010145098
1,blocks.3.attn.ve_gate.weight.buf,512,1022,RAW,2.862501423805952e-05
1,blocks.3.mlp.c_fc.weight.buf,4194304,4196389,RAW,0.08537016599439085
1,blocks.3.mlp.c_proj.weight.buf,4194304,4195129,RAW,0.09193695802241564
1,blocks.4.attn.c_q.weight.buf,1048576,1049401,RAW,0.02541100000962615
1,blocks.4.attn.c_k.weight.buf,1048576,1049401,RAW,0.025666416011517867
1,blocks.4.attn.c_v.weight.buf,1048576,1049401,RAW,0.02023479199851863
1,blocks.4.attn.c_proj.weight.buf,1048576,1049401,RAW,0.028573624993441626
1,blocks.4.mlp.c_fc.weight.buf,4194304,4196389,RAW,0.09074654098367319
1,blocks.4.mlp.c_proj.weight.buf,4194304,4195129,RAW,0.1274654580047354
1,blocks.5.attn.c_q.weight.buf,1048576,1049401,RAW,0.02165275000152178
1,blocks.5.attn.c_k.weight.buf,1048576,1049401,RAW,0.021266333991661668
1,blocks.5.attn.c_v.weight.buf,1048576,1049401,RAW,0.0284621249884367
1,blocks.5.attn.c_proj.weight.buf,1048576,1049401,RAW,0.02159750001737848
1,blocks.5.attn.ve_gate.weight.buf,512,1022,RAW,2.5707995519042015e-05
1,blocks.5.mlp.c_fc.weight.buf,4194304,4196389,RAW,0.0909612080140505
1,blocks.5.mlp.c_proj.weight.buf,4194304,4195129,RAW,0.10364112499519251
1,blocks.6.attn.c_q.weight.buf,1048576,1049401,RAW,0.021020916989073157
1,blocks.6.attn.c_k.weight.buf,1048576,1049401,RAW,0.020173708006041124
1,blocks.6.attn.c_v.weight.buf,1048576,1049401,RAW,0.025986791006289423
1,blocks.6.attn.c_proj.weight.buf,1048576,1049401,RAW,0.021064542001113296
1,blocks.6.mlp.c_fc.weight.buf,4194304,4196389,RAW,0.08791341600590385
1,blocks.6.mlp.c_proj.weight.buf,4194304,4195129,RAW,0.09753691701916978
1,blocks.7.attn.c_q.weight.buf,1048576,1049401,RAW,0.026673874992411584
1,blocks.7.attn.c_k.weight.buf,1048576,1049401,RAW,0.01967308300663717
1,blocks.7.attn.c_v.weight.buf,1048576,1049401,RAW,0.02016616699984297
1,blocks.7.attn.c_proj.weight.buf,1048576,1049401,RAW,0.03386137500638142
1,blocks.7.attn.ve_gate.weight.buf,512,1022,RAW,5.3916999604552984e-05
1,blocks.7.mlp.c_fc.weight.buf,4194304,4196389,RAW,0.08870558300986886
1,blocks.7.mlp.c_proj.weight.buf,4194304,4195129,RAW,0.09805941698141396
1,lm_head.weight.m,67108864,67136149,RAW,1.399210834002588
1,lm_head.weight.v,67108864,67136149,RAW,1.3929065829725005
1,resid_lambdas.m,32,32,RAW_VECTOR,1.4666991773992777e-05
1,resid_lambdas.v,32,32,RAW_VECTOR,6.67001586407423e-07
1,x0_lambdas.m,32,32,RAW_VECTOR,1.2500095181167126e-06
1,x0_lambdas.v,32,32,RAW_VECTOR,1.2920063454657793e-06
1,value_embeds.1.weight.m,67108864,9197881,GRAMMAR,0.1412134580023121
1,value_embeds.1.weight.v,67108864,9195577,GRAMMAR,0.1356516669911798
1,value_embeds.3.weight.m,67108864,9199185,GRAMMAR,0.13748470897553489
1,value_embeds.3.weight.v,67108864,9194029,GRAMMAR,0.14192258301773109
1,value_embeds.5.weight.m,67108864,9200501,GRAMMAR,0.1403858329867944
1,value_embeds.5.weight.v,67108864,9194261,GRAMMAR,0.14162979100365192
1,value_embeds.7.weight.m,67108864,9196909,GRAMMAR,0.14203237497713417
1,value_embeds.7.weight.v,67108864,9196165,GRAMMAR,0.1507243750093039
2,wte.weight.m,67108864,20374617,GRAMMAR,0.2600392079912126
2,wte.weight.v,67108864,20373633,GRAMMAR,0.2669331670040265
2,blocks.0.attn.c_q.weight.buf,1048576,1049401,RAW,0.02180424999096431
2,blocks.0.attn.c_k.weight.buf,1048576,1049401,RAW,0.022133249993203208
2,blocks.0.attn.c_v.weight.buf,1048576,1049401,RAW,0.021127832995261997
2,blocks.0.attn.c_proj.weight.buf,1048576,1049401,RAW,0.020856624993029982
2,blocks.0.mlp.c_fc.weight.buf,4194304,4196389,RAW,0.09403629202279262
2,blocks.0.mlp.c_proj.weight.buf,4194304,4195129,RAW,0.11985054198885337
2,blocks.1.attn.c_q.weight.buf,1048576,1049401,RAW,0.03195983401383273
2,blocks.1.attn.c_k.weight.buf,1048576,1049401,RAW,0.021041083004092798
2,blocks.1.attn.c_v.weight.buf,1048576,1049401,RAW,0.021548707998590544
2,blocks.1.attn.c_proj.weight.buf,1048576,1049401,RAW,0.03004020798834972
2,blocks.1.attn.ve_gate.weight.buf,512,1022,RAW,2.345800749026239e-05
2,blocks.1.mlp.c_fc.weight.buf,4194304,4196389,RAW,0.08787774998927489
2,blocks.1.mlp.c_proj.weight.buf,4194304,4195129,RAW,0.09756945798289962
2,blocks.2.attn.c_q.weight.buf,1048576,1049401,RAW,0.027120874990941957
2,blocks.2.attn.c_k.weight.buf,1048576,1049401,RAW,0.02052345799165778
2,blocks.2.attn.c_v.weight.buf,1048576,1049401,RAW,0.02071620899369009
2,blocks.2.attn.c_proj.weight.buf,1048576,1049401,RAW,0.020060666982317343
2,blocks.2.mlp.c_fc.weight.buf,4194304,4196389,RAW,0.08772270800545812
2,blocks.2.mlp.c_proj.weight.buf,4194304,4195129,RAW,0.10565737498109229
2,blocks.3.attn.c_q.weight.buf,1048576,1049401,RAW,0.020320250012446195
2,blocks.3.attn.c_k.weight.buf,1048576,1049401,RAW,0.027693415991961956
2,blocks.3.attn.c_v.weight.buf,1048576,1049401,RAW,0.020306291989982128
2,blocks.3.attn.c_proj.weight.buf,1048576,1049401,RAW,0.020396584004629403
2,blocks.3.attn.ve_gate.weight.buf,512,1022,RAW,1.229200279340148e-05
2,blocks.3.mlp.c_fc.weight.buf,4194304,4196389,RAW,0.08857166601228528
2,blocks.3.mlp.c_proj.weight.buf,4194304,4195129,RAW,0.09651762500288896
2,blocks.4.attn.c_q.weight.buf,1048576,1049401,RAW,0.02141804198618047
2,blocks.4.attn.c_k.weight.buf,1048576,1049401,RAW,0.021363832987844944
2,blocks.4.attn.c_v.weight.buf,1048576,1049401,RAW,0.023147957981564105
2,blocks.4.attn.c_proj.weight.buf,1048576,1049401,RAW,0.020852541987551376
2,blocks.4.mlp.c_fc.weight.buf,4194304,4196389,RAW,0.08851558400783688
2,blocks.4.mlp.c_proj.weight.buf,4194304,4195129,RAW,0.10676179200527258
2,blocks.5.attn.c_q.weight.buf,1048576,1049401,RAW,0.02044074999867007
2,blocks.5.attn.c_k.weight.buf,1048576,1049401,RAW,0.020003459008876234
2,blocks.5.attn.c_v.weight.buf,1048576,1049401,RAW,0.027629165997495875
2,blocks.5.attn.c_proj.weight.buf,1048576,1049401,RAW,0.02020604201243259
2,blocks.5.attn.ve_gate.weight.buf,512,1022,RAW,1.1625001206994057e-05
2,blocks.5.mlp.c_fc.weight.buf,4194304,4196389,RAW,0.08770212499075569
2,blocks.5.mlp.c_proj.weight.buf,4194304,4195129,RAW,0.10421066600247286
2,blocks.6.attn.c_q.weight.buf,1048576,1049401,RAW,0.020724083005916327
2,blocks.6.attn.c_k.weight.buf,1048576,1049401,RAW,0.020253166992915794
2,blocks.6.attn.c_v.weight.buf,1048576,1049401,RAW,0.027387750014895573
2,blocks.6.attn.c_proj.weight.buf,1048576,1049401,RAW,0.028420332993846387
2,blocks.6.mlp.c_fc.weight.buf,4194304,4196389,RAW,0.09086437500081956
2,blocks.6.mlp.c_proj.weight.buf,4194304,4195129,RAW,0.09313279099296778
2,blocks.7.attn.c_q.weight.buf,1048576,1049401,RAW,0.026996541011612862
2,blocks.7.attn.c_k.weight.buf,1048576,1049401,RAW,0.01940595800988376
2,blocks.7.attn.c_v.weight.buf,1048576,1049401,RAW,0.01943595797638409
2,blocks.7.attn.c_proj.weight.buf,1048576,1049401,RAW,0.02720874999067746
2,blocks.7.attn.ve_gate.weight.buf,512,1022,RAW,9.16598946787417e-06
2,blocks.7.mlp.c_fc.weight.buf,4194304,4196389,RAW,0.08448229200439528
2,blocks.7.mlp.c_proj.weight.buf,4194304,4195129,RAW,0.09184616600396112
2,lm_head.weight.m,67108864,67136149,RAW,1.4039872089924756
2,lm_head.weight.v,67108864,67136149,RAW,1.3988530409988016
2,resid_lambdas.m,32,32,RAW_VECTOR,1.016599708236754e-05
2,resid_lambdas.v,32,32,RAW_VECTOR,1.4999823179095984e-06
2,x0_lambdas.m,32,32,RAW_VECTOR,1.2500095181167126e-06
2,x0_lambdas.v,32,32,RAW_VECTOR,4.169996827840805e-07
2,value_embeds.1.weight.m,67108864,15529377,GRAMMAR,0.20533416597754695
2,value_embeds.1.weight.v,67108864,15526665,GRAMMAR,0.21085762500297278
2,value_embeds.3.weight.m,67108864,15529953,GRAMMAR,0.20967962499707937
2,value_embeds.3.weight.v,67108864,15528269,GRAMMAR,0.21353733399882913
2,value_embeds.5.weight.m,67108864,15529601,GRAMMAR,0.21773099998245016
2,value_embeds.5.weight.v,67108864,15527669,GRAMMAR,0.21790908300317824
2,value_embeds.7.weight.m,67108864,15528325,GRAMMAR,0.2094619160052389
2,value_embeds.7.weight.v,67108864,15527209,GRAMMAR,0.2184860419947654
3,wte.weight.m,67108864,24518305,GRAMMAR,0.3209128750022501
3,wte.weight.v,67108864,24516061,GRAMMAR,0.32211420900421217
3,blocks.0.attn.c_q.weight.buf,1048576,1049401,RAW,0.020422750007128343
3,blocks.0.attn.c_k.weight.buf,1048576,1049401,RAW,0.019562958012102172
3,blocks.0.attn.c_v.weight.buf,1048576,1049401,RAW,0.027671958989230916
3,blocks.0.attn.c_proj.weight.buf,1048576,1049401,RAW,0.019744165998417884
3,blocks.0.mlp.c_fc.weight.buf,4194304,4196389,RAW,0.08681420798529871
3,blocks.0.mlp.c_proj.weight.buf,4194304,4195129,RAW,0.09363620899966918
3,blocks.1.attn.c_q.weight.buf,1048576,1049401,RAW,0.02150866700685583
3,blocks.1.attn.c_k.weight.buf,1048576,1049401,RAW,0.01923454098869115
3,blocks.1.attn.c_v.weight.buf,1048576,1049401,RAW,0.026863542007049546
3,blocks.1.attn.c_proj.weight.buf,1048576,1049401,RAW,0.020293208013754338
3,blocks.1.attn.ve_gate.weight.buf,512,1022,RAW,2.5707995519042015e-05
3,blocks.1.mlp.c_fc.weight.buf,4194304,4196389,RAW,0.0866716250020545
3,blocks.1.mlp.c_proj.weight.buf,4194304,4195129,RAW,0.09174350000103004
3,blocks.2.attn.c_q.weight.buf,1048576,1049401,RAW,0.027796959009720013
3,blocks.2.attn.c_k.weight.buf,1048576,1049401,RAW,0.020084458024939522
3,blocks.2.attn.c_v.weight.buf,1048576,1049401,RAW,0.019736291986191645
3,blocks.2.attn.c_proj.weight.buf,1048576,1049401,RAW,0.028146249998826534
3,blocks.2.mlp.c_fc.weight.buf,4194304,4196389,RAW,0.08758629101794213
3,blocks.2.mlp.c_proj.weight.buf,4194304,4195129,RAW,0.10866558400448412
3,blocks.3.attn.c_q.weight.buf,1048576,1049401,RAW,0.031048625009134412
3,blocks.3.attn.c_k.weight.buf,1048576,1049401,RAW,0.02182304099551402
3,blocks.3.attn.c_v.weight.buf,1048576,1049401,RAW,0.02103170900954865
3,blocks.3.attn.c_proj.weight.buf,1048576,1049401,RAW,0.03071929101133719
3,blocks.3.attn.ve_gate.weight.buf,512,1022,RAW,2.96669895760715e-05
3,blocks.3.mlp.c_fc.weight.buf,4194304,4196389,RAW,0.09393320902017877
3,blocks.3.mlp.c_proj.weight.buf,4194304,4195129,RAW,0.113966333999997
3,blocks.4.attn.c_q.weight.buf,1048576,1049401,RAW,0.03151770800468512
3,blocks.4.attn.c_k.weight.buf,1048576,1049401,RAW,0.021360167011152953
3,blocks.4.attn.c_v.weight.buf,1048576,1049401,RAW,0.021679792000213638
3,blocks.4.attn.c_proj.weight.buf,1048576,1049401,RAW,0.022568290994968265
3,blocks.4.mlp.c_fc.weight.buf,4194304,4196389,RAW,0.09077812498435378
3,blocks.4.mlp.c_proj.weight.buf,4194304,4195129,RAW,0.09518750000279397
3,blocks.5.attn.c_q.weight.buf,1048576,1049401,RAW,0.0285767909954302
3,blocks.5.attn.c_k.weight.buf,1048576,1049401,RAW,0.02024716598680243
3,blocks.5.attn.c_v.weight.buf,1048576,1049401,RAW,0.02115387501544319
3,blocks.5.attn.c_proj.weight.buf,1048576,1049401,RAW,0.028360042022541165
3,blocks.5.attn.ve_gate.weight.buf,512,1022,RAW,1.2584001524373889e-05
3,blocks.5.mlp.c_fc.weight.buf,4194304,4196389,RAW,0.09041529198293574
3,blocks.5.mlp.c_proj.weight.buf,4194304,4195129,RAW,0.09636883300845511
3,blocks.6.attn.c_q.weight.buf,1048576,1049401,RAW,0.028206124989083037
3,blocks.6.attn.c_k.weight.buf,1048576,1049401,RAW,0.0286159579991363
3,blocks.6.attn.c_v.weight.buf,1048576,1049401,RAW,0.020042374992044643
3,blocks.6.attn.c_proj.weight.buf,1048576,1049401,RAW,0.019956417003413662
3,blocks.6.mlp.c_fc.weight.buf,4194304,4196389,RAW,0.0977893750241492
3,blocks.6.mlp.c_proj.weight.buf,4194304,4195129,RAW,0.09652337498846464
3,blocks.7.attn.c_q.weight.buf,1048576,1049401,RAW,0.02014337500440888
3,blocks.7.attn.c_k.weight.buf,1048576,1049401,RAW,0.02811791599378921
3,blocks.7.attn.c_v.weight.buf,1048576,1049401,RAW,0.02002245798939839
3,blocks.7.attn.c_proj.weight.buf,1048576,1049401,RAW,0.020439584011910483
3,blocks.7.attn.ve_gate.weight.buf,512,1022,RAW,1.2374977814033628e-05
3,blocks.7.mlp.c_fc.weight.buf,4194304,4196389,RAW,0.09893470798851922
3,blocks.7.mlp.c_proj.weight.buf,4194304,4195129,RAW,0.09672729199519381
3,lm_head.weight.m,67108864,67136149,RAW,1.3877416659961455
3,lm_head.weight.v,67108864,67136149,RAW,1.4516634170140605
3,resid_lambdas.m,32,32,RAW_VECTOR,9.209004929289222e-06
3,resid_lambdas.v,32,32,RAW_VECTOR,5.830079317092896e-07
3,x0_lambdas.m,32,32,RAW_VECTOR,1.4160177670419216e-06
3,x0_lambdas.v,32,32,RAW_VECTOR,3.7500285543501377e-07
3,value_embeds.1.weight.m,67108864,20470741,GRAMMAR,0.278372542001307
3,value_embeds.1.weight.v,67108864,20473497,GRAMMAR,0.2738816670025699
3,value_embeds.3.weight.m,67108864,20471565,GRAMMAR,0.27098104200558737
3,value_embeds.3.weight.v,67108864,20471477,GRAMMAR,0.2670182500150986
3,value_embeds.5.weight.m,67108864,20471473,GRAMMAR,0.2686364169931039
3,value_embeds.5.weight.v,67108864,20472401,GRAMMAR,0.2740460420027375
3,value_embeds.7.weight.m,67108864,20473617,GRAMMAR,0.28829479200067
3,value_embeds.7.weight.v,67108864,20472073,GRAMMAR,0.27899120800429955
4,wte.weight.m,67108864,27623037,GRAMMAR,0.3700971250073053
4,wte.weight.v,67108864,27624133,GRAMMAR,0.3654027500015218
4,blocks.0.attn.c_q.weight.buf,1048576,1049401,RAW,0.020239916018908843
4,blocks.0.attn.c_k.weight.buf,1048576,1049401,RAW,0.020905375014990568
4,blocks.0.attn.c_v.weight.buf,1048576,1049401,RAW,0.01930391602218151
4,blocks.0.attn.c_proj.weight.buf,1048576,1049401,RAW,0.01942308302386664
4,blocks.0.mlp.c_fc.weight.buf,4194304,4196389,RAW,0.0997870419814717
4,blocks.0.mlp.c_proj.weight.buf,4194304,4195129,RAW,0.10444795902003534
4,blocks.1.attn.c_q.weight.buf,1048576,1049401,RAW,0.019271083001513034
4,blocks.1.attn.c_k.weight.buf,1048576,1049401,RAW,0.019248625001637265
4,blocks.1.attn.c_v.weight.buf,1048576,1049401,RAW,0.029577916982816532
4,blocks.1.attn.c_proj.weight.buf,1048576,1049401,RAW,0.019616082980064675
4,blocks.1.attn.ve_gate.weight.buf,512,1022,RAW,2.8250011382624507e-05
4,blocks.1.mlp.c_fc.weight.buf,4194304,4196389,RAW,0.08902625000337139
4,blocks.1.mlp.c_proj.weight.buf,4194304,4195129,RAW,0.09469395800260827
4,blocks.2.attn.c_q.weight.buf,1048576,1049401,RAW,0.02975066698854789
4,blocks.2.attn.c_k.weight.buf,1048576,1049401,RAW,0.019780333008384332
4,blocks.2.attn.c_v.weight.buf,1048576,1049401,RAW,0.019553791993530467
4,blocks.2.attn.c_proj.weight.buf,1048576,1049401,RAW,0.029596540989587083
4,blocks.2.mlp.c_fc.weight.buf,4194304,4196389,RAW,0.0882879159762524
4,blocks.2.mlp.c_proj.weight.buf,4194304,4195129,RAW,0.09455708402674645
4,blocks.3.attn.c_q.weight.buf,1048576,1049401,RAW,0.019847624993417412
4,blocks.3.attn.c_k.weight.buf,1048576,1049401,RAW,0.01962279199506156
4,blocks.3.attn.c_v.weight.buf,1048576,1049401,RAW,0.029472334019374102
4,blocks.3.attn.c_proj.weight.buf,1048576,1049401,RAW,0.01946845799102448
4,blocks.3.attn.ve_gate.weight.buf,512,1022,RAW,9.249983122572303e-06
4,blocks.3.mlp.c_fc.weight.buf,4194304,4196389,RAW,0.09472879199893214
4,blocks.3.mlp.c_proj.weight.buf,4194304,4195129,RAW,0.12967970897443593
4,blocks.4.attn.c_q.weight.buf,1048576,1049401,RAW,0.03251562500372529
4,blocks.4.attn.c_k.weight.buf,1048576,1049401,RAW,0.021246499993139878
4,blocks.4.attn.c_v.weight.buf,1048576,1049401,RAW,0.032518833002541214
4,blocks.4.attn.c_proj.weight.buf,1048576,1049401,RAW,0.021632415999192744
4,blocks.4.mlp.c_fc.weight.buf,4194304,4196389,RAW,0.09755141698406078
4,blocks.4.mlp.c_proj.weight.buf,4194304,4195129,RAW,0.10394349999842234
4,blocks.5.attn.c_q.weight.buf,1048576,1049401,RAW,0.030117042013444006
4,blocks.5.attn.c_k.weight.buf,1048576,1049401,RAW,0.020386124990181997
4,blocks.5.attn.c_v.weight.buf,1048576,1049401,RAW,0.020092291000764817
4,blocks.5.attn.c_proj.weight.buf,1048576,1049401,RAW,0.029909500008216128
4,blocks.5.attn.ve_gate.weight.buf,512,1022,RAW,1.8749997252598405e-05
4,blocks.5.mlp.c_fc.weight.buf,4194304,4196389,RAW,0.09255516700795852
4,blocks.5.mlp.c_proj.weight.buf,4194304,4195129,RAW,0.09980170801281929
4,blocks.6.attn.c_q.weight.buf,1048576,1049401,RAW,0.019950374990003183
4,blocks.6.attn.c_k.weight.buf,1048576,1049401,RAW,0.030305416992632672
4,blocks.6.attn.c_v.weight.buf,1048576,1049401,RAW,0.020167874987237155
4,blocks.6.attn.c_proj.weight.buf,1048576,1049401,RAW,0.02015383300022222
4,blocks.6.mlp.c_fc.weight.buf,4194304,4196389,RAW,0.09240824999869801
4,blocks.6.mlp.c_proj.weight.buf,4194304,4195129,RAW,0.09955158398952335
4,blocks.7.attn.c_q.weight.buf,1048576,1049401,RAW,0.020294917019782588
4,blocks.7.attn.c_k.weight.buf,1048576,1049401,RAW,0.019840166001813486
4,blocks.7.attn.c_v.weight.buf,1048576,1049401,RAW,0.030222208006307483
4,blocks.7.attn.c_proj.weight.buf,1048576,1049401,RAW,0.030340083001647145
4,blocks.7.attn.ve_gate.weight.buf,512,1022,RAW,1.1958996765315533e-05
4,blocks.7.mlp.c_fc.weight.buf,4194304,4196389,RAW,0.09208808300900273
4,blocks.7.mlp.c_proj.weight.buf,4194304,4195129,RAW,0.09854583398555405
4,lm_head.weight.m,67108864,67136149,RAW,1.4028681250056252
4,lm_head.weight.v,67108864,67136149,RAW,1.4566990000021178
4,resid_lambdas.m,32,32,RAW_VECTOR,1.9333994714543223e-05
4,resid_lambdas.v,32,32,RAW_VECTOR,7.079797796905041e-07
4,x0_lambdas.m,32,32,RAW_VECTOR,1.0420044418424368e-06
4,x0_lambdas.v,32,32,RAW_VECTOR,4.169996827840805e-07
4,value_embeds.1.weight.m,67108864,24259761,GRAMMAR,0.32722050001029857
4,value_embeds.1.weight.v,67108864,24258553,GRAMMAR,0.330836500012083
4,value_embeds.3.weight.m,67108864,24256577,GRAMMAR,0.3176411669992376
4,value_embeds.3.weight.v,67108864,24259109,GRAMMAR,0.3126172909978777
4,value_embeds.5.weight.m,67108864,24260689,GRAMMAR,0.31032891699578613
4,value_embeds.5.weight.v,67108864,24256557,GRAMMAR,0.33357466699089855
4,value_embeds.7.weight.m,67108864,24260189,GRAMMAR,0.3237899160012603
4,value_embeds.7.weight.v,67108864,24259213,GRAMMAR,0.3231994579837192
5,wte.weight.m,67108864,30652737,GRAMMAR,0.4149144169932697
5,wte.weight.v,67108864,30654465,GRAMMAR,0.4049423749966081
5,blocks.0.attn.c_q.weight.buf,1048576,1049401,RAW,0.019933207979192957
5,blocks.0.attn.c_k.weight.buf,1048576,1049401,RAW,0.02999045798787847
5,blocks.0.attn.c_v.weight.buf,1048576,1049401,RAW,0.028899290977278724
5,blocks.0.attn.c_proj.weight.buf,1048576,1049401,RAW,0.01965570799075067
5,blocks.0.mlp.c_fc.weight.buf,4194304,4196389,RAW,0.08760275001986884
5,blocks.0.mlp.c_proj.weight.buf,4194304,4195129,RAW,0.1031283339834772
5,blocks.1.attn.c_q.weight.buf,1048576,1049401,RAW,0.019874416990205646
5,blocks.1.attn.c_k.weight.buf,1048576,1049401,RAW,0.01990037498762831
5,blocks.1.attn.c_v.weight.buf,1048576,1049401,RAW,0.019767334015341476
5,blocks.1.attn.c_proj.weight.buf,1048576,1049401,RAW,0.0209555420151446
5,blocks.1.attn.ve_gate.weight.buf,512,1022,RAW,1.2542004697024822e-05
5,blocks.1.mlp.c_fc.weight.buf,4194304,4196389,RAW,0.08962658300879411
5,blocks.1.mlp.c_proj.weight.buf,4194304,4195129,RAW,0.09729429200524464
5,blocks.2.attn.c_q.weight.buf,1048576,1049401,RAW,0.032976791000692174
5,blocks.2.attn.c_k.weight.buf,1048576,1049401,RAW,0.01964191600563936
5,blocks.2.attn.c_v.weight.buf,1048576,1049401,RAW,0.020996792009100318
5,blocks.2.attn.c_proj.weight.buf,1048576,1049401,RAW,0.021032500022556633
5,blocks.2.mlp.c_fc.weight.buf,4194304,4196389,RAW,0.0974589170073159
5,blocks.2.mlp.c_proj.weight.buf,4194304,4195129,RAW,0.1142884999862872
5,blocks.3.attn.c_q.weight.buf,1048576,1049401,RAW,0.021180375013500452
5,blocks.3.attn.c_k.weight.buf,1048576,1049401,RAW,0.03431629098486155
5,blocks.3.attn.c_v.weight.buf,1048576,1049401,RAW,0.021455125010106713
5,blocks.3.attn.c_proj.weight.buf,1048576,1049401,RAW,0.021594459016341716
5,blocks.3.attn.ve_gate.weight.buf,512,1022,RAW,1.9917002646252513e-05
5,blocks.3.mlp.c_fc.weight.buf,4194304,4196389,RAW,0.11112166699604131
5,blocks.3.mlp.c_proj.weight.buf,4194304,4195129,RAW,0.11403791699558496
5,blocks.4.attn.c_q.weight.buf,1048576,1049401,RAW,0.022328459017444402
5,blocks.4.attn.c_k.weight.buf,1048576,1049401,RAW,0.020502125000348315
5,blocks.4.attn.c_v.weight.buf,1048576,1049401,RAW,0.031310874997871
5,blocks.4.attn.c_proj.weight.buf,1048576,1049401,RAW,0.020555583003442734
5,blocks.4.mlp.c_fc.weight.buf,4194304,4196389,RAW,0.09161249999306165
5,blocks.4.mlp.c_proj.weight.buf,4194304,4195129,RAW,0.10017941700061783
5,blocks.5.attn.c_q.weight.buf,1048576,1049401,RAW,0.02172816701931879
5,blocks.5.attn.c_k.weight.buf,1048576,1049401,RAW,0.020261333003873006
5,blocks.5.attn.c_v.weight.buf,1048576,1049401,RAW,0.019800707988906652
5,blocks.5.attn.c_proj.weight.buf,1048576,1049401,RAW,0.03056254200055264
5,blocks.5.attn.ve_gate.weight.buf,512,1022,RAW,1.704200985841453e-05
5,blocks.5.mlp.c_fc.weight.buf,4194304,4196389,RAW,0.09153199999127537
5,blocks.5.mlp.c_proj.weight.buf,4194304,4195129,RAW,0.09916895799688064
5,blocks.6.attn.c_q.weight.buf,1048576,1049401,RAW,0.02063154202187434
5,blocks.6.attn.c_k.weight.buf,1048576,1049401,RAW,0.031186750013148412
5,blocks.6.attn.c_v.weight.buf,1048576,1049401,RAW,0.020008916006190702
5,blocks.6.attn.c_proj.weight.buf,1048576,1049401,RAW,0.019952667003963143
5,blocks.6.mlp.c_fc.weight.buf,4194304,4196389,RAW,0.09125895900069736
5,blocks.6.mlp.c_proj.weight.buf,4194304,4195129,RAW,0.1107462499930989
5,blocks.7.attn.c_q.weight.buf,1048576,1049401,RAW,0.022099916997831315
5,blocks.7.attn.c_k.weight.buf,1048576,1049401,RAW,0.021582749992376193
5,blocks.7.attn.c_v.weight.buf,1048576,1049401,RAW,0.033602582989260554
5,blocks.7.attn.c_proj.weight.buf,1048576,1049401,RAW,0.02060058299684897
5,blocks.7.attn.ve_gate.weight.buf,512,1022,RAW,1.4332996215671301e-05
5,blocks.7.mlp.c_fc.weight.buf,4194304,4196389,RAW,0.09167779199196957
5,blocks.7.mlp.c_proj.weight.buf,4194304,4195129,RAW,0.09825987499789335
5,lm_head.weight.m,67108864,67136149,RAW,1.413177792011993
5,lm_head.weight.v,67108864,67136149,RAW,1.4661727089842316
5,resid_lambdas.m,32,32,RAW_VECTOR,6.457994459196925e-06
5,resid_lambdas.v,32,32,RAW_VECTOR,5.00003807246685e-07
5,x0_lambdas.m,32,32,RAW_VECTOR,2.2909953258931637e-06
5,x0_lambdas.v,32,32,RAW_VECTOR,4.580069798976183e-07
5,value_embeds.1.weight.m,67108864,27721165,GRAMMAR,0.37295237500802614
5,value_embeds.1.weight.v,67108864,27722125,GRAMMAR,0.3626337500172667
5,value_embeds.3.weight.m,67108864,27722205,GRAMMAR,0.36422316599055193
5,value_embeds.3.weight.v,67108864,27722189,GRAMMAR,0.3900402919971384
5,value_embeds.5.weight.m,67108864,27723165,GRAMMAR,0.39188662500237115
5,value_embeds.5.weight.v,67108864,27723209,GRAMMAR,0.37543908299994655
5,value_embeds.7.weight.m,67108864,27725269,GRAMMAR,0.37601545799407177
5,value_embeds.7.weight.v,67108864,27724157,GRAMMAR,0.3857225420069881
6,wte.weight.m,67108864,33396213,GRAMMAR,0.46136841698898934
6,wte.weight.v,67108864,33404237,GRAMMAR,0.45088200000463985
6,blocks.0.attn.c_q.weight.buf,1048576,1049401,RAW,0.03511370799969882
6,blocks.0.attn.c_k.weight.buf,1048576,1049401,RAW,0.021325374982552603
6,blocks.0.attn.c_v.weight.buf,1048576,1049401,RAW,0.0206869590037968
6,blocks.0.attn.c_proj.weight.buf,1048576,1049401,RAW,0.020812417002161965
6,blocks.0.mlp.c_fc.weight.buf,4194304,4196389,RAW,0.10888225000235252
6,blocks.0.mlp.c_proj.weight.buf,4194304,4195129,RAW,0.11573870902066119
6,blocks.1.attn.c_q.weight.buf,1048576,1049401,RAW,0.02025208401028067
6,blocks.1.attn.c_k.weight.buf,1048576,1049401,RAW,0.032450250000692904
6,blocks.1.attn.c_v.weight.buf,1048576,1049401,RAW,0.02131691700196825
6,blocks.1.attn.c_proj.weight.buf,1048576,1049401,RAW,0.021008374984376132
6,blocks.1.attn.ve_gate.weight.buf,512,1022,RAW,2.4665991077199578e-05
6,blocks.1.mlp.c_fc.weight.buf,4194304,4196389,RAW,0.09574945899657905
6,blocks.1.mlp.c_proj.weight.buf,4194304,4195129,RAW,0.11460679199080914
6,blocks.2.attn.c_q.weight.buf,1048576,1049401,RAW,0.0206729999918025
6,blocks.2.attn.c_k.weight.buf,1048576,1049401,RAW,0.019826749979984015
6,blocks.2.attn.c_v.weight.buf,1048576,1049401,RAW,0.03099129200563766
6,blocks.2.attn.c_proj.weight.buf,1048576,1049401,RAW,0.020384500006912276
6,blocks.2.mlp.c_fc.weight.buf,4194304,4196389,RAW,0.09297829199931584
6,blocks.2.mlp.c_proj.weight.buf,4194304,4195129,RAW,0.10069729198585264
6,blocks.3.attn.c_q.weight.buf,1048576,1049401,RAW,0.03168450001976453
6,blocks.3.attn.c_k.weight.buf,1048576,1049401,RAW,0.02031000002170913
6,blocks.3.attn.c_v.weight.buf,1048576,1049401,RAW,0.020209334004903212
6,blocks.3.attn.c_proj.weight.buf,1048576,1049401,RAW,0.031019417016068473
6,blocks.3.attn.ve_gate.weight.buf,512,1022,RAW,2.0332983694970608e-05
6,blocks.3.mlp.c_fc.weight.buf,4194304,4196389,RAW,0.09243312501348555
6,blocks.3.mlp.c_proj.weight.buf,4194304,4195129,RAW,0.10069816699251533
6,blocks.4.attn.c_q.weight.buf,1048576,1049401,RAW,0.019970666005974635
6,blocks.4.attn.c_k.weight.buf,1048576,1049401,RAW,0.03175079097854905
6,blocks.4.attn.c_v.weight.buf,1048576,1049401,RAW,0.03087866702117026
6,blocks.4.attn.c_proj.weight.buf,1048576,1049401,RAW,0.019935624994104728
6,blocks.4.mlp.c_fc.weight.buf,4194304,4196389,RAW,0.09314970800187439
6,blocks.4.mlp.c_proj.weight.buf,4194304,4195129,RAW,0.11105583401513286
6,blocks.5.attn.c_q.weight.buf,1048576,1049401,RAW,0.02034870901843533
6,blocks.5.attn.c_k.weight.buf,1048576,1049401,RAW,0.02043016700190492
6,blocks.5.attn.c_v.weight.buf,1048576,1049401,RAW,0.03072999999858439
6,blocks.5.attn.c_proj.weight.buf,1048576,1049401,RAW,0.02088608400663361
6,blocks.5.attn.ve_gate.weight.buf,512,1022,RAW,1.3249984476715326e-05
6,blocks.5.mlp.c_fc.weight.buf,4194304,4196389,RAW,0.09228045798954554
6,blocks.5.mlp.c_proj.weight.buf,4194304,4195129,RAW,0.09775683298357762
6,blocks.6.attn.c_q.weight.buf,1048576,1049401,RAW,0.030686000012792647
6,blocks.6.attn.c_k.weight.buf,1048576,1049401,RAW,0.020709792006528005
6,blocks.6.attn.c_v.weight.buf,1048576,1049401,RAW,0.019524792005540803
6,blocks.6.attn.c_proj.weight.buf,1048576,1049401,RAW,0.01944679199368693
6,blocks.6.mlp.c_fc.weight.buf,4194304,4196389,RAW,0.10096366598736495
6,blocks.6.mlp.c_proj.weight.buf,4194304,4195129,RAW,0.09717487500165589
6,blocks.7.attn.c_q.weight.buf,1048576,1049401,RAW,0.0196384169976227
6,blocks.7.attn.c_k.weight.buf,1048576,1049401,RAW,0.019158250011969358
6,blocks.7.attn.c_v.weight.buf,1048576,1049401,RAW,0.03064024998457171
6,blocks.7.attn.c_proj.weight.buf,1048576,1049401,RAW,0.01993799998308532
6,blocks.7.attn.ve_gate.weight.buf,512,1022,RAW,9.25001222640276e-06
6,blocks.7.mlp.c_fc.weight.buf,4194304,4196389,RAW,0.10300491598900408
6,blocks.7.mlp.c_proj.weight.buf,4194304,4195129,RAW,0.09406854200642556
6,lm_head.weight.m,67108864,67136149,RAW,1.4684433750226162
6,lm_head.weight.v,67108864,67136149,RAW,1.429684458009433
6,resid_lambdas.m,32,32,RAW_VECTOR,9.083014447242022e-06
6,resid_lambdas.v,32,32,RAW_VECTOR,7.089984137564898e-07
6,x0_lambdas.m,32,32,RAW_VECTOR,2.4579931050539017e-06
6,x0_lambdas.v,32,32,RAW_VECTOR,5.409820005297661e-07
6,value_embeds.1.weight.m,67108864,30658873,GRAMMAR,0.42567779202363454
6,value_embeds.1.weight.v,67108864,30651589,GRAMMAR,0.4366823329764884
6,value_embeds.3.weight.m,67108864,30653761,GRAMMAR,0.431870791973779
6,value_embeds.3.weight.v,67108864,30654753,GRAMMAR,0.4211797080060933
6,value_embeds.5.weight.m,67108864,30655641,GRAMMAR,0.4198374590196181
6,value_embeds.5.weight.v,67108864,30652609,GRAMMAR,0.42262125000706874
6,value_embeds.7.weight.m,67108864,30654661,GRAMMAR,0.40309691699803807
6,value_embeds.7.weight.v,67108864,30657753,GRAMMAR,0.42795120901428163
7,wte.weight.m,67108864,35584437,GRAMMAR,0.49857229201006703
7,wte.weight.v,67108864,35589445,GRAMMAR,0.48779600000125356
7,blocks.0.attn.c_q.weight.buf,1048576,1049401,RAW,0.020277832983992994
7,blocks.0.attn.c_k.weight.buf,1048576,1049401,RAW,0.020112833997700363
7,blocks.0.attn.c_v.weight.buf,1048576,1049401,RAW,0.033202042017364874
7,blocks.0.attn.c_proj.weight.buf,1048576,1049401,RAW,0.019787791010458022
7,blocks.0.mlp.c_fc.weight.buf,4194304,4196389,RAW,0.09120983397588134
7,blocks.0.mlp.c_proj.weight.buf,4194304,4195129,RAW,0.11489141700440086
7,blocks.1.attn.c_q.weight.buf,1048576,1049401,RAW,0.032685917016351596
7,blocks.1.attn.c_k.weight.buf,1048576,1049401,RAW,0.020203541993396357
7,blocks.1.attn.c_v.weight.buf,1048576,1049401,RAW,0.019871666008839384
7,blocks.1.attn.c_proj.weight.buf,1048576,1049401,RAW,0.03246712501277216
7,blocks.1.attn.ve_gate.weight.buf,512,1022,RAW,1.879202318377793e-05
7,blocks.1.mlp.c_fc.weight.buf,4194304,4196389,RAW,0.0927958749816753
7,blocks.1.mlp.c_proj.weight.buf,4194304,4195129,RAW,0.10081450000870973
7,blocks.2.attn.c_q.weight.buf,1048576,1049401,RAW,0.020148332987446338
7,blocks.2.attn.c_k.weight.buf,1048576,1049401,RAW,0.03237679199082777
7,blocks.2.attn.c_v.weight.buf,1048576,1049401,RAW,0.02005129199824296
7,blocks.2.attn.c_proj.weight.buf,1048576,1049401,RAW,0.019624542008386925
7,blocks.2.mlp.c_fc.weight.buf,4194304,4196389,RAW,0.09309304199996404
7,blocks.2.mlp.c_proj.weight.buf,4194304,4195129,RAW,0.09879324998473749
7,blocks.3.attn.c_q.weight.buf,1048576,1049401,RAW,0.020206583983963355
7,blocks.3.attn.c_k.weight.buf,1048576,1049401,RAW,0.020044749981025234
7,blocks.3.attn.c_v.weight.buf,1048576,1049401,RAW,0.03170858300291002
7,blocks.3.attn.c_proj.weight.buf,1048576,1049401,RAW,0.020643208001274616
7,blocks.3.attn.ve_gate.weight.buf,512,1022,RAW,2.579198917374015e-05
7,blocks.3.mlp.c_fc.weight.buf,4194304,4196389,RAW,0.092733874975238
7,blocks.3.mlp.c_proj.weight.buf,4194304,4195129,RAW,0.09530712498235516
7,blocks.4.attn.c_q.weight.buf,1048576,1049401,RAW,0.0194331249804236
7,blocks.4.attn.c_k.weight.buf,1048576,1049401,RAW,0.03107095797895454
7,blocks.4.attn.c_v.weight.buf,1048576,1049401,RAW,0.01964225000119768
7,blocks.4.attn.c_proj.weight.buf,1048576,1049401,RAW,0.020019374991534278
7,blocks.4.mlp.c_fc.weight.buf,4194304,4196389,RAW,0.1037771670089569
7,blocks.4.mlp.c_proj.weight.buf,4194304,4195129,RAW,0.09652424999512732
7,blocks.5.attn.c_q.weight.buf,1048576,1049401,RAW,0.019831874989904463
7,blocks.5.attn.c_k.weight.buf,1048576,1049401,RAW,0.019360041012987494
7,blocks.5.attn.c_v.weight.buf,1048576,1049401,RAW,0.03137012501247227
7,blocks.5.attn.c_proj.weight.buf,1048576,1049401,RAW,0.019706083985511214
7,blocks.5.attn.ve_gate.weight.buf,512,1022,RAW,2.9250018997117877e-05
7,blocks.5.mlp.c_fc.weight.buf,4194304,4196389,RAW,0.09573395899496973
7,blocks.5.mlp.c_proj.weight.buf,4194304,4195129,RAW,0.13929462499800138
7,blocks.6.attn.c_q.weight.buf,1048576,1049401,RAW,0.021833457984030247
7,blocks.6.attn.c_k.weight.buf,1048576,1049401,RAW,0.021385416999692097
7,blocks.6.attn.c_v.weight.buf,1048576,1049401,RAW,0.035501457983627915
7,blocks.6.attn.c_proj.weight.buf,1048576,1049401,RAW,0.02156120800646022
7,blocks.6.mlp.c_fc.weight.buf,4194304,4196389,RAW,0.1009036670147907
7,blocks.6.mlp.c_proj.weight.buf,4194304,4195129,RAW,0.1144785420037806
7,blocks.7.attn.c_q.weight.buf,1048576,1049401,RAW,0.03229312499752268
7,blocks.7.attn.c_k.weight.buf,1048576,1049401,RAW,0.019441665994236246
7,blocks.7.attn.c_v.weight.buf,1048576,1049401,RAW,0.020076749991858378
7,blocks.7.attn.c_proj.weight.buf,1048576,1049401,RAW,0.03317754200543277
7,blocks.7.attn.ve_gate.weight.buf,512,1022,RAW,1.695798709988594e-05
7,blocks.7.mlp.c_fc.weight.buf,4194304,4196389,RAW,0.09616612500394695
7,blocks.7.mlp.c_proj.weight.buf,4194304,4195129,RAW,0.10286783298943192
7,lm_head.weight.m,67108864,67136149,RAW,1.4670009999827016
7,lm_head.weight.v,67108864,67136149,RAW,1.5040705419960432
7,resid_lambdas.m,32,32,RAW_VECTOR,7.750000804662704e-06
7,resid_lambdas.v,32,32,RAW_VECTOR,6.660120561718941e-07
7,x0_lambdas.m,32,32,RAW_VECTOR,1.2090022210031748e-06
7,x0_lambdas.v,32,32,RAW_VECTOR,3.33995558321476e-07
7,value_embeds.1.weight.m,67108864,33201333,GRAMMAR,0.45683429201017134
7,value_embeds.1.weight.v,67108864,33199293,GRAMMAR,0.4611349170154426
7,value_embeds.3.weight.m,67108864,33202497,GRAMMAR,0.4522297079965938
7,value_embeds.3.weight.v,67108864,33203437,GRAMMAR,0.4463451660121791
7,value_embeds.5.weight.m,67108864,33198141,GRAMMAR,0.465387791977264
7,value_embeds.5.weight.v,67108864,33201349,GRAMMAR,0.47343758298666216
7,value_embeds.7.weight.m,67108864,33202297,GRAMMAR,0.46773445900180377
7,value_embeds.7.weight.v,67108864,33203365,GRAMMAR,0.4596110830025282
8,wte.weight.m,67108864,37785381,GRAMMAR,0.5168090829974972
8,wte.weight.v,67108864,37784569,GRAMMAR,0.5332994170021266
8,blocks.0.attn.c_q.weight.buf,1048576,1049401,RAW,0.021785749995615333
8,blocks.0.attn.c_k.weight.buf,1048576,1049401,RAW,0.022629625018453225
8,blocks.0.attn.c_v.weight.buf,1048576,1049401,RAW,0.020939874986652285
8,blocks.0.attn.c_proj.weight.buf,1048576,1049401,RAW,0.03637608399731107
8,blocks.0.mlp.c_fc.weight.buf,4194304,4196389,RAW,0.0985425410035532
8,blocks.0.mlp.c_proj.weight.buf,4194304,4195129,RAW,0.1123882080137264
8,blocks.1.attn.c_q.weight.buf,1048576,1049401,RAW,0.03322633297648281
8,blocks.1.attn.c_k.weight.buf,1048576,1049401,RAW,0.019925000000512227
8,blocks.1.attn.c_v.weight.buf,1048576,1049401,RAW,0.02026037499308586
8,blocks.1.attn.c_proj.weight.buf,1048576,1049401,RAW,0.032341666985303164
8,blocks.1.attn.ve_gate.weight.buf,512,1022,RAW,1.662501017563045e-05
8,blocks.1.mlp.c_fc.weight.buf,4194304,4196389,RAW,0.09393875001114793
8,blocks.1.mlp.c_proj.weight.buf,4194304,4195129,RAW,0.10381037497427315
8,blocks.2.attn.c_q.weight.buf,1048576,1049401,RAW,0.02015074997325428
8,blocks.2.attn.c_k.weight.buf,1048576,1049401,RAW,0.03256333401077427
8,blocks.2.attn.c_v.weight.buf,1048576,1049401,RAW,0.02028391699423082
8,blocks.2.attn.c_proj.weight.buf,1048576,1049401,RAW,0.020004749996587634
8,blocks.2.mlp.c_fc.weight.buf,4194304,4196389,RAW,0.10510783400968648
8,blocks.2.mlp.c_proj.weight.buf,4194304,4195129,RAW,0.11464849999174476
8,blocks.3.attn.c_q.weight.buf,1048576,1049401,RAW,0.02088200001162477
8,blocks.3.attn.c_k.weight.buf,1048576,1049401,RAW,0.02029858299647458
8,blocks.3.attn.c_v.weight.buf,1048576,1049401,RAW,0.03285737501573749
8,blocks.3.attn.c_proj.weight.buf,1048576,1049401,RAW,0.020601166994310915
8,blocks.3.attn.ve_gate.weight.buf,512,1022,RAW,1.2917007552459836e-05
8,blocks.3.mlp.c_fc.weight.buf,4194304,4196389,RAW,0.096443000016734
8,blocks.3.mlp.c_proj.weight.buf,4194304,4195129,RAW,0.10151220799889416
8,blocks.4.attn.c_q.weight.buf,1048576,1049401,RAW,0.03325058301561512
8,blocks.4.attn.c_k.weight.buf,1048576,1049401,RAW,0.02005587500752881
8,blocks.4.attn.c_v.weight.buf,1048576,1049401,RAW,0.01980675000231713
8,blocks.4.attn.c_proj.weight.buf,1048576,1049401,RAW,0.019742917007533833
8,blocks.4.mlp.c_fc.weight.buf,4194304,4196389,RAW,0.09613208298105747
8,blocks.4.mlp.c_proj.weight.buf,4194304,4195129,RAW,0.1011819590057712
8,blocks.5.attn.c_q.weight.buf,1048576,1049401,RAW,0.020321000018157065
8,blocks.5.attn.c_k.weight.buf,1048576,1049401,RAW,0.03272466600174084
8,blocks.5.attn.c_v.weight.buf,1048576,1049401,RAW,0.02020583298872225
8,blocks.5.attn.c_proj.weight.buf,1048576,1049401,RAW,0.019693208974786103
8,blocks.5.attn.ve_gate.weight.buf,512,1022,RAW,1.0459014447405934e-05
8,blocks.5.mlp.c_fc.weight.buf,4194304,4196389,RAW,0.09538304098532535
8,blocks.5.mlp.c_proj.weight.buf,4194304,4195129,RAW,0.1085155000037048
8,blocks.6.attn.c_q.weight.buf,1048576,1049401,RAW,0.020800875005079433
8,blocks.6.attn.c_k.weight.buf,1048576,1049401,RAW,0.019813792023342103
8,blocks.6.attn.c_v.weight.buf,1048576,1049401,RAW,0.019531166995875537
8,blocks.6.attn.c_proj.weight.buf,1048576,1049401,RAW,0.03241583300405182
8,blocks.6.mlp.c_fc.weight.buf,4194304,4196389,RAW,0.09321083300164901
8,blocks.6.mlp.c_proj.weight.buf,4194304,4195129,RAW,0.09833441601949744
8,blocks.7.attn.c_q.weight.buf,1048576,1049401,RAW,0.03232999998726882
8,blocks.7.attn.c_k.weight.buf,1048576,1049401,RAW,0.01976974998251535
8,blocks.7.attn.c_v.weight.buf,1048576,1049401,RAW,0.019742749980650842
8,blocks.7.attn.c_proj.weight.buf,1048576,1049401,RAW,0.03332816599868238
8,blocks.7.attn.ve_gate.weight.buf,512,1022,RAW,2.0292005501687527e-05
8,blocks.7.mlp.c_fc.weight.buf,4194304,4196389,RAW,0.09955991702736355
8,blocks.7.mlp.c_proj.weight.buf,4194304,4195129,RAW,0.09580483299214393
8,lm_head.weight.m,67108864,67136149,RAW,1.5269524999894202
8,lm_head.weight.v,67108864,67136149,RAW,1.4590256660012528
8,resid_lambdas.m,32,32,RAW_VECTOR,8.167000487446785e-06
8,resid_lambdas.v,32,32,RAW_VECTOR,6.250047590583563e-07
8,x0_lambdas.m,32,32,RAW_VECTOR,1.0409858077764511e-06
8,x0_lambdas.v,32,32,RAW_VECTOR,4.5899651013314724e-07
8,value_embeds.1.weight.m,67108864,35585569,GRAMMAR,0.5125688750122208
8,value_embeds.1.weight.v,67108864,35587121,GRAMMAR,0.49788304200046696
8,value_embeds.3.weight.m,67108864,35587145,GRAMMAR,0.48701512499246746
8,value_embeds.3.weight.v,67108864,35587101,GRAMMAR,0.5022807919885963
8,value_embeds.5.weight.m,67108864,35583945,GRAMMAR,0.4829089999839198
8,value_embeds.5.weight.v,67108864,35591249,GRAMMAR,0.5003447500057518
8,value_embeds.7.weight.m,67108864,35590065,GRAMMAR,0.524114792002365
8,value_embeds.7.weight.v,67108864,35589209,GRAMMAR,0.5117412090185098
9,wte.weight.m,67108864,39650573,GRAMMAR,0.5815629170101602
9,wte.weight.v,67108864,39652981,GRAMMAR,0.5615947089972906
9,blocks.0.attn.c_q.weight.buf,1048576,1049401,RAW,0.02066104201367125
9,blocks.0.attn.c_k.weight.buf,1048576,1049401,RAW,0.019878666993463412
9,blocks.0.attn.c_v.weight.buf,1048576,1049401,RAW,0.019581833999836817
9,blocks.0.attn.c_proj.weight.buf,1048576,1049401,RAW,0.03266499997698702
9,blocks.0.mlp.c_fc.weight.buf,4194304,4196389,RAW,0.09058104100404307
9,blocks.0.mlp.c_proj.weight.buf,4194304,4195129,RAW,0.09745070899953134
9,blocks.1.attn.c_q.weight.buf,1048576,1049401,RAW,0.0194951249868609
9,blocks.1.attn.c_k.weight.buf,1048576,1049401,RAW,0.03207104199100286
9,blocks.1.attn.c_v.weight.buf,1048576,1049401,RAW,0.01976895800908096
9,blocks.1.attn.c_proj.weight.buf,1048576,1049401,RAW,0.019346666987985373
9,blocks.1.attn.ve_gate.weight.buf,512,1022,RAW,3.1082978239282966e-05
9,blocks.1.mlp.c_fc.weight.buf,4194304,4196389,RAW,0.09229154197964817
9,blocks.1.mlp.c_proj.weight.buf,4194304,4195129,RAW,0.1367973749875091
9,blocks.2.attn.c_q.weight.buf,1048576,1049401,RAW,0.021399499994004145
9,blocks.2.attn.c_k.weight.buf,1048576,1049401,RAW,0.03673820800031535
9,blocks.2.attn.c_v.weight.buf,1048576,1049401,RAW,0.02147149998927489
9,blocks.2.attn.c_proj.weight.buf,1048576,1049401,RAW,0.021060874976683408
9,blocks.2.mlp.c_fc.weight.buf,4194304,4196389,RAW,0.1000667079933919
9,blocks.2.mlp.c_proj.weight.buf,4194304,4195129,RAW,0.1299771670019254
9,blocks.3.attn.c_q.weight.buf,1048576,1049401,RAW,0.019910083996364847
9,blocks.3.attn.c_k.weight.buf,1048576,1049401,RAW,0.0200014169968199
9,blocks.3.attn.c_v.weight.buf,1048576,1049401,RAW,0.021041125000920147
9,blocks.3.attn.c_proj.weight.buf,1048576,1049401,RAW,0.020127124997088686
9,blocks.3.attn.ve_gate.weight.buf,512,1022,RAW,1.1500000255182385e-05
9,blocks.3.mlp.c_fc.weight.buf,4194304,4196389,RAW,0.09619325000676326
9,blocks.3.mlp.c_proj.weight.buf,4194304,4195129,RAW,0.11622029199497774
9,blocks.4.attn.c_q.weight.buf,1048576,1049401,RAW,0.020112708007218316
9,blocks.4.attn.c_k.weight.buf,1048576,1049401,RAW,0.0199953330156859
9,blocks.4.attn.c_v.weight.buf,1048576,1049401,RAW,0.03352604201063514
9,blocks.4.attn.c_proj.weight.buf,1048576,1049401,RAW,0.020661957998527214
9,blocks.4.mlp.c_fc.weight.buf,4194304,4196389,RAW,0.09429291699780151
9,blocks.4.mlp.c_proj.weight.buf,4194304,4195129,RAW,0.10020450002048165
9,blocks.5.attn.c_q.weight.buf,1048576,1049401,RAW,0.03315995799493976
9,blocks.5.attn.c_k.weight.buf,1048576,1049401,RAW,0.019902208005078137
9,blocks.5.attn.c_v.weight.buf,1048576,1049401,RAW,0.020232290989952162
9,blocks.5.attn.c_proj.weight.buf,1048576,1049401,RAW,0.019937125005526468
9,blocks.5.attn.ve_gate.weight.buf,512,1022,RAW,1.1666008504107594e-05
9,blocks.5.mlp.c_fc.weight.buf,4194304,4196389,RAW,0.09642145902034827
9,blocks.5.mlp.c_proj.weight.buf,4194304,4195129,RAW,0.10123537498293445
9,blocks.6.attn.c_q.weight.buf,1048576,1049401,RAW,0.020092165999813005
9,blocks.6.attn.c_k.weight.buf,1048576,1049401,RAW,0.019913625001208857
9,blocks.6.attn.c_v.weight.buf,1048576,1049401,RAW,0.04496854200260714
9,blocks.6.attn.c_proj.weight.buf,1048576,1049401,RAW,0.020285625010728836
9,blocks.6.mlp.c_fc.weight.buf,4194304,4196389,RAW,0.09722970801522024
9,blocks.6.mlp.c_proj.weight.buf,4194304,4195129,RAW,0.10155212500831112
9,blocks.7.attn.c_q.weight.buf,1048576,1049401,RAW,0.034031584014883265
9,blocks.7.attn.c_k.weight.buf,1048576,1049401,RAW,0.02025358402170241
9,blocks.7.attn.c_v.weight.buf,1048576,1049401,RAW,0.020213041978422552
9,blocks.7.attn.c_proj.weight.buf,1048576,1049401,RAW,0.03297724999720231
9,blocks.7.attn.ve_gate.weight.buf,512,1022,RAW,1.5541008906438947e-05
9,blocks.7.mlp.c_fc.weight.buf,4194304,4196389,RAW,0.09621370898094028
9,blocks.7.mlp.c_proj.weight.buf,4194304,4195129,RAW,0.09482675002072938
9,lm_head.weight.m,67108864,67136149,RAW,1.4831172080012038
9,lm_head.weight.v,67108864,67136149,RAW,1.5012226249964442
9,resid_lambdas.m,32,32,RAW_VECTOR,6.290996680036187e-06
9,resid_lambdas.v,32,32,RAW_VECTOR,6.250047590583563e-07
9,x0_lambdas.m,32,32,RAW_VECTOR,2.6249908842146397e-06
9,x0_lambdas.v,32,32,RAW_VECTOR,1.207983586937189e-06
9,value_embeds.1.weight.m,67108864,37674033,GRAMMAR,0.5113235840108246
9,value_embeds.1.weight.v,67108864,37672057,GRAMMAR,0.5170323330094106
9,value_embeds.3.weight.m,67108864,37670941,GRAMMAR,0.5453489159990568
9,value_embeds.3.weight.v,67108864,37672017,GRAMMAR,0.5391670410172082
9,value_embeds.5.weight.m,67108864,37668749,GRAMMAR,0.5237954999902286
9,value_embeds.5.weight.v,67108864,37677237,GRAMMAR,0.5227142910007387
9,value_embeds.7.weight.m,67108864,37670905,GRAMMAR,0.5121673749818001
9,value_embeds.7.weight.v,67108864,37673145,GRAMMAR,0.5412678749999031
10,wte.weight.m,67108864,41558541,GRAMMAR,0.6227545420115348
10,wte.weight.v,67108864,41560925,GRAMMAR,0.5879988750093617
10,blocks.0.attn.c_q.weight.buf,1048576,1049401,RAW,0.020410208002431318
10,blocks.0.attn.c_k.weight.buf,1048576,1049401,RAW,0.019835707993479446
10,blocks.0.attn.c_v.weight.buf,1048576,1049401,RAW,0.03350808299728669
10,blocks.0.attn.c_proj.weight.buf,1048576,1049401,RAW,0.019903709006030113
10,blocks.0.mlp.c_fc.weight.buf,4194304,4196389,RAW,0.09284654198563658
10,blocks.0.mlp.c_proj.weight.buf,4194304,4195129,RAW,0.10326912498567253
10,blocks.1.attn.c_q.weight.buf,1048576,1049401,RAW,0.03383470798144117
10,blocks.1.attn.c_k.weight.buf,1048576,1049401,RAW,0.020867250015726313
10,blocks.1.attn.c_v.weight.buf,1048576,1049401,RAW,0.019731084001250565
10,blocks.1.attn.c_proj.weight.buf,1048576,1049401,RAW,0.0327501249848865
10,blocks.1.attn.ve_gate.weight.buf,512,1022,RAW,1.9750004867091775e-05
10,blocks.1.mlp.c_fc.weight.buf,4194304,4196389,RAW,0.0941834159893915
10,blocks.1.mlp.c_proj.weight.buf,4194304,4195129,RAW,0.10129395799594931
10,blocks.2.attn.c_q.weight.buf,1048576,1049401,RAW,0.020296041999245062
10,blocks.2.attn.c_k.weight.buf,1048576,1049401,RAW,0.03441525000380352
10,blocks.2.attn.c_v.weight.buf,1048576,1049401,RAW,0.020467791997361928
10,blocks.2.attn.c_proj.weight.buf,1048576,1049401,RAW,0.01996299999882467
10,blocks.2.mlp.c_fc.weight.buf,4194304,4196389,RAW,0.09553741698618978
10,blocks.2.mlp.c_proj.weight.buf,4194304,4195129,RAW,0.12786083400715142
10,blocks.3.attn.c_q.weight.buf,1048576,1049401,RAW,0.020503624982666224
10,blocks.3.attn.c_k.weight.buf,1048576,1049401,RAW,0.019531707977876067
10,blocks.3.attn.c_v.weight.buf,1048576,1049401,RAW,0.03292154197697528
10,blocks.3.attn.c_proj.weight.buf,1048576,1049401,RAW,0.019604041008278728
10,blocks.3.attn.ve_gate.weight.buf,512,1022,RAW,2.445801510475576e-05
10,blocks.3.mlp.c_fc.weight.buf,4194304,4196389,RAW,0.09334812499582767
10,blocks.3.mlp.c_proj.weight.buf,4194304,4195129,RAW,0.09750408300897107
10,blocks.4.attn.c_q.weight.buf,1048576,1049401,RAW,0.032846500020241365
10,blocks.4.attn.c_k.weight.buf,1048576,1049401,RAW,0.019790250022197142
10,blocks.4.attn.c_v.weight.buf,1048576,1049401,RAW,0.019429834006587043
10,blocks.4.attn.c_proj.weight.buf,1048576,1049401,RAW,0.03267837499151938
10,blocks.4.mlp.c_fc.weight.buf,4194304,4196389,RAW,0.09345866701914929
10,blocks.4.mlp.c_proj.weight.buf,4194304,4195129,RAW,0.09625295799924061
10,blocks.5.attn.c_q.weight.buf,1048576,1049401,RAW,0.019592750002630055
10,blocks.5.attn.c_k.weight.buf,1048576,1049401,RAW,0.032102333003422245
10,blocks.5.attn.c_v.weight.buf,1048576,1049401,RAW,0.019794542022282258
10,blocks.5.attn.c_proj.weight.buf,1048576,1049401,RAW,0.01960679198964499
10,blocks.5.attn.ve_gate.weight.buf,512,1022,RAW,2.895799116231501e-05
10,blocks.5.mlp.c_fc.weight.buf,4194304,4196389,RAW,0.09563599998364225
10,blocks.5.mlp.c_proj.weight.buf,4194304,4195129,RAW,0.09735675001866184
10,blocks.6.attn.c_q.weight.buf,1048576,1049401,RAW,0.02099299998371862
10,blocks.6.attn.c_k.weight.buf,1048576,1049401,RAW,0.019498999987263232
10,blocks.6.attn.c_v.weight.buf,1048576,1049401,RAW,0.019076000025961548
10,blocks.6.attn.c_proj.weight.buf,1048576,1049401,RAW,0.05067412499920465
10,blocks.6.mlp.c_fc.weight.buf,4194304,4196389,RAW,0.10153029198409058
10,blocks.6.mlp.c_proj.weight.buf,4194304,4195129,RAW,0.11659650001092814
10,blocks.7.attn.c_q.weight.buf,1048576,1049401,RAW,0.03699475000030361
10,blocks.7.attn.c_k.weight.buf,1048576,1049401,RAW,0.021910584007855505
10,blocks.7.attn.c_v.weight.buf,1048576,1049401,RAW,0.02136479099863209
10,blocks.7.attn.c_proj.weight.buf,1048576,1049401,RAW,0.037066707998747006
10,blocks.7.attn.ve_gate.weight.buf,512,1022,RAW,3.14170029014349e-05
10,blocks.7.mlp.c_fc.weight.buf,4194304,4196389,RAW,0.10185087498393841
10,blocks.7.mlp.c_proj.weight.buf,4194304,4195129,RAW,0.1009689999918919
10,lm_head.weight.m,67108864,67136149,RAW,1.5052910829836037
10,lm_head.weight.v,67108864,67136149,RAW,1.5085993749962654
10,resid_lambdas.m,32,32,RAW_VECTOR,5.417008651420474e-06
10,resid_lambdas.v,32,32,RAW_VECTOR,5.420006345957518e-07
10,x0_lambdas.m,32,32,RAW_VECTOR,1.1249794624745846e-06
10,x0_lambdas.v,32,32,RAW_VECTOR,4.580069798976183e-07
10,value_embeds.1.weight.m,67108864,39638697,GRAMMAR,0.5591280829976313
10,value_embeds.1.weight.v,67108864,39641985,GRAMMAR,0.573976790998131
10,value_embeds.3.weight.m,67108864,39636681,GRAMMAR,0.5571174999931827
10,value_embeds.3.weight.v,67108864,39647113,GRAMMAR,0.5396179159870371
10,value_embeds.5.weight.m,67108864,39639593,GRAMMAR,0.5821194169984665
10,value_embeds.5.weight.v,67108864,39641981,GRAMMAR,0.5597206249949522
10,value_embeds.7.weight.m,67108864,39639757,GRAMMAR,0.5731246670184191
10,value_embeds.7.weight.v,67108864,39642105,GRAMMAR,0.545082958007697
11,wte.weight.m,67108864,43030849,GRAMMAR,0.6094964169897139
11,wte.weight.v,67108864,43030161,GRAMMAR,0.6460594170202967
11,blocks.0.attn.c_q.weight.buf,1048576,1049401,RAW,0.020739125000545755
11,blocks.0.attn.c_k.weight.buf,1048576,1049401,RAW,0.03393800000776537
11,blocks.0.attn.c_v.weight.buf,1048576,1049401,RAW,0.019971542002167553
11,blocks.0.attn.c_proj.weight.buf,1048576,1049401,RAW,0.020333624997874722
11,blocks.0.mlp.c_fc.weight.buf,4194304,4196389,RAW,0.09564154202234931
11,blocks.0.mlp.c_proj.weight.buf,4194304,4195129,RAW,0.11917508297483437
11,blocks.1.attn.c_q.weight.buf,1048576,1049401,RAW,0.02017783297924325
11,blocks.1.attn.c_k.weight.buf,1048576,1049401,RAW,0.02024116602842696
11,blocks.1.attn.c_v.weight.buf,1048576,1049401,RAW,0.03347024999675341
11,blocks.1.attn.c_proj.weight.buf,1048576,1049401,RAW,0.022153500001877546
11,blocks.1.attn.ve_gate.weight.buf,512,1022,RAW,2.237502485513687e-05
11,blocks.1.mlp.c_fc.weight.buf,4194304,4196389,RAW,0.09354812500532717
11,blocks.1.mlp.c_proj.weight.buf,4194304,4195129,RAW,0.10196179201011546
11,blocks.2.attn.c_q.weight.buf,1048576,1049401,RAW,0.03298800002085045
11,blocks.2.attn.c_k.weight.buf,1048576,1049401,RAW,0.021191208012169227
11,blocks.2.attn.c_v.weight.buf,1048576,1049401,RAW,0.02016270800959319
11,blocks.2.attn.c_proj.weight.buf,1048576,1049401,RAW,0.03307500001392327
11,blocks.2.mlp.c_fc.weight.buf,4194304,4196389,RAW,0.09459637498366646
11,blocks.2.mlp.c_proj.weight.buf,4194304,4195129,RAW,0.10266000000410713
11,blocks.3.attn.c_q.weight.buf,1048576,1049401,RAW,0.020470582996495068
11,blocks.3.attn.c_k.weight.buf,1048576,1049401,RAW,0.03317970901844092
11,blocks.3.attn.c_v.weight.buf,1048576,1049401,RAW,0.020133167010499164
11,blocks.3.attn.c_proj.weight.buf,1048576,1049401,RAW,0.021527125005377457
11,blocks.3.attn.ve_gate.weight.buf,512,1022,RAW,1.220798003487289e-05
11,blocks.3.mlp.c_fc.weight.buf,4194304,4196389,RAW,0.10030495797400363
11,blocks.3.mlp.c_proj.weight.buf,4194304,4195129,RAW,0.09601845798897557
11,blocks.4.attn.c_q.weight.buf,1048576,1049401,RAW,0.019852291996357962
11,blocks.4.attn.c_k.weight.buf,1048576,1049401,RAW,0.03257287500309758
11,blocks.4.attn.c_v.weight.buf,1048576,1049401,RAW,0.019519791996572167
11,blocks.4.attn.c_proj.weight.buf,1048576,1049401,RAW,0.019778833986492828
11,blocks.4.mlp.c_fc.weight.buf,4194304,4196389,RAW,0.09435779199702665
11,blocks.4.mlp.c_proj.weight.buf,4194304,4195129,RAW,0.0973323330108542
11,blocks.5.attn.c_q.weight.buf,1048576,1049401,RAW,0.01958041702164337
11,blocks.5.attn.c_k.weight.buf,1048576,1049401,RAW,0.019342957995831966
11,blocks.5.attn.c_v.weight.buf,1048576,1049401,RAW,0.032504834001883864
11,blocks.5.attn.c_proj.weight.buf,1048576,1049401,RAW,0.03206558298552409
11,blocks.5.attn.ve_gate.weight.buf,512,1022,RAW,3.370799822732806e-05
11,blocks.5.mlp.c_fc.weight.buf,4194304,4196389,RAW,0.09584704201552086
11,blocks.5.mlp.c_proj.weight.buf,4194304,4195129,RAW,0.09592141699977219
11,blocks.6.attn.c_q.weight.buf,1048576,1049401,RAW,0.019580749998567626
11,blocks.6.attn.c_k.weight.buf,1048576,1049401,RAW,0.020896916976198554
11,blocks.6.attn.c_v.weight.buf,1048576,1049401,RAW,0.019303458015201613
11,blocks.6.attn.c_proj.weight.buf,1048576,1049401,RAW,0.019615957979112864
11,blocks.6.mlp.c_fc.weight.buf,4194304,4196389,RAW,0.09433154101134278
11,blocks.6.mlp.c_proj.weight.buf,4194304,4195129,RAW,0.11463820800418034
11,blocks.7.attn.c_q.weight.buf,1048576,1049401,RAW,0.020935332984663546
11,blocks.7.attn.c_k.weight.buf,1048576,1049401,RAW,0.036803416995098814
11,blocks.7.attn.c_v.weight.buf,1048576,1049401,RAW,0.021263458009343594
11,blocks.7.attn.c_proj.weight.buf,1048576,1049401,RAW,0.021203000011155382
11,blocks.7.attn.ve_gate.weight.buf,512,1022,RAW,3.15000070258975e-05
11,blocks.7.mlp.c_fc.weight.buf,4194304,4196389,RAW,0.11785333300940692
11,blocks.7.mlp.c_proj.weight.buf,4194304,4195129,RAW,0.11919137500808574
11,lm_head.weight.m,67108864,67136149,RAW,1.4983663749881089
11,lm_head.weight.v,67108864,67136149,RAW,1.468929124996066
11,resid_lambdas.m,32,32,RAW_VECTOR,9.666982805356383e-06
11,resid_lambdas.v,32,32,RAW_VECTOR,5.839974619448185e-07
11,x0_lambdas.m,32,32,RAW_VECTOR,1.6249832697212696e-06
11,x0_lambdas.v,32,32,RAW_VECTOR,4.169996827840805e-07
11,value_embeds.1.weight.m,67108864,41330733,GRAMMAR,0.6022646249912214
11,value_embeds.1.weight.v,67108864,41338173,GRAMMAR,0.5807718749856576
11,value_embeds.3.weight.m,67108864,41333889,GRAMMAR,0.5858439579897095
11,value_embeds.3.weight.v,67108864,41335073,GRAMMAR,0.5838534579961561
11,value_embeds.5.weight.m,67108864,41330549,GRAMMAR,0.5979292499832809
11,value_embeds.5.weight.v,67108864,41330981,GRAMMAR,0.5940449579793494
11,value_embeds.7.weight.m,67108864,41331853,GRAMMAR,0.5808783340035006
11,value_embeds.7.weight.v,67108864,41331009,GRAMMAR,0.5980457499972545
12,wte.weight.m,67108864,44407177,GRAMMAR,0.6591231250204146
12,wte.weight.v,67108864,44408493,GRAMMAR,0.6468627919966821
12,blocks.0.attn.c_q.weight.buf,1048576,1049401,RAW,0.03349233398330398
12,blocks.0.attn.c_k.weight.buf,1048576,1049401,RAW,0.020130707998760045
12,blocks.0.attn.c_v.weight.buf,1048576,1049401,RAW,0.020063832984305918
12,blocks.0.attn.c_proj.weight.buf,1048576,1049401,RAW,0.03347995798685588
12,blocks.0.mlp.c_fc.weight.buf,4194304,4196389,RAW,0.09231691600871272
12,blocks.0.mlp.c_proj.weight.buf,4194304,4195129,RAW,0.10033333400497213
12,blocks.1.attn.c_q.weight.buf,1048576,1049401,RAW,0.019876542006386444
12,blocks.1.attn.c_k.weight.buf,1048576,1049401,RAW,0.02122862500254996
12,blocks.1.attn.c_v.weight.buf,1048576,1049401,RAW,0.02043320899247192
12,blocks.1.attn.c_proj.weight.buf,1048576,1049401,RAW,0.020076999993762
12,blocks.1.attn.ve_gate.weight.buf,512,1022,RAW,1.2290984159335494e-05
12,blocks.1.mlp.c_fc.weight.buf,4194304,4196389,RAW,0.10495387500850484
12,blocks.1.mlp.c_proj.weight.buf,4194304,4195129,RAW,0.10353154200129211
12,blocks.2.attn.c_q.weight.buf,1048576,1049401,RAW,0.020724541012896225
12,blocks.2.attn.c_k.weight.buf,1048576,1049401,RAW,0.02012908400502056
12,blocks.2.attn.c_v.weight.buf,1048576,1049401,RAW,0.03339724999386817
12,blocks.2.attn.c_proj.weight.buf,1048576,1049401,RAW,0.0202232500014361
12,blocks.2.mlp.c_fc.weight.buf,4194304,4196389,RAW,0.09417483300785534
12,blocks.2.mlp.c_proj.weight.buf,4194304,4195129,RAW,0.1037027079728432
12,blocks.3.attn.c_q.weight.buf,1048576,1049401,RAW,0.04274549998808652
12,blocks.3.attn.c_k.weight.buf,1048576,1049401,RAW,0.019652499991934747
12,blocks.3.attn.c_v.weight.buf,1048576,1049401,RAW,0.019505124975694343
12,blocks.3.attn.c_proj.weight.buf,1048576,1049401,RAW,0.032342417020117864
12,blocks.3.attn.ve_gate.weight.buf,512,1022,RAW,1.0749994544312358e-05
12,blocks.3.mlp.c_fc.weight.buf,4194304,4196389,RAW,0.09370895801112056
12,blocks.3.mlp.c_proj.weight.buf,4194304,4195129,RAW,0.09665158300776966
12,blocks.4.attn.c_q.weight.buf,1048576,1049401,RAW,0.01962029200512916
12,blocks.4.attn.c_k.weight.buf,1048576,1049401,RAW,0.032133165979757905
12,blocks.4.attn.c_v.weight.buf,1048576,1049401,RAW,0.019426917016971856
12,blocks.4.attn.c_proj.weight.buf,1048576,1049401,RAW,0.019501500006299466
12,blocks.4.mlp.c_fc.weight.buf,4194304,4196389,RAW,0.10284420900279656
12,blocks.4.mlp.c_proj.weight.buf,4194304,4195129,RAW,0.09759420799673535
12,blocks.5.attn.c_q.weight.buf,1048576,1049401,RAW,0.019470375002129003
12,blocks.5.attn.c_k.weight.buf,1048576,1049401,RAW,0.01971858399338089
12,blocks.5.attn.c_v.weight.buf,1048576,1049401,RAW,0.032392124994657934
12,blocks.5.attn.c_proj.weight.buf,1048576,1049401,RAW,0.019685165985720232
12,blocks.5.attn.ve_gate.weight.buf,512,1022,RAW,4.0709011955186725e-05
12,blocks.5.mlp.c_fc.weight.buf,4194304,4196389,RAW,0.09388733402010985
12,blocks.5.mlp.c_proj.weight.buf,4194304,4195129,RAW,0.09601479201228358
12,blocks.6.attn.c_q.weight.buf,1048576,1049401,RAW,0.03458474998478778
12,blocks.6.attn.c_k.weight.buf,1048576,1049401,RAW,0.021867500006919727
12,blocks.6.attn.c_v.weight.buf,1048576,1049401,RAW,0.020968750002793968
12,blocks.6.attn.c_proj.weight.buf,1048576,1049401,RAW,0.036463582975557074
12,blocks.6.mlp.c_fc.weight.buf,4194304,4196389,RAW,0.11763454199535772
12,blocks.6.mlp.c_proj.weight.buf,4194304,4195129,RAW,0.11823729198658839
12,blocks.7.attn.c_q.weight.buf,1048576,1049401,RAW,0.021394125011283904
12,blocks.7.attn.c_k.weight.buf,1048576,1049401,RAW,0.03713045798940584
12,blocks.7.attn.c_v.weight.buf,1048576,1049401,RAW,0.02071599999908358
12,blocks.7.attn.c_proj.weight.buf,1048576,1049401,RAW,0.020998749998398125
12,blocks.7.attn.ve_gate.weight.buf,512,1022,RAW,1.995800994336605e-05
12,blocks.7.mlp.c_fc.weight.buf,4194304,4196389,RAW,0.11180416599381715
12,blocks.7.mlp.c_proj.weight.buf,4194304,4195129,RAW,0.1024602500256151
12,lm_head.weight.m,67108864,67136149,RAW,1.4911659999925178
12,lm_head.weight.v,67108864,67136149,RAW,1.4889379589876626
12,resid_lambdas.m,32,32,RAW_VECTOR,8.37500556372106e-06
12,resid_lambdas.v,32,32,RAW_VECTOR,5.00003807246685e-07
12,x0_lambdas.m,32,32,RAW_VECTOR,2.541986759752035e-06
12,x0_lambdas.v,32,32,RAW_VECTOR,5.839974619448185e-07
12,value_embeds.1.weight.m,67108864,42854277,GRAMMAR,0.6099986250046641
12,value_embeds.1.weight.v,67108864,42854461,GRAMMAR,0.6233495839987881
12,value_embeds.3.weight.m,67108864,42852225,GRAMMAR,0.5992918749980163
12,value_embeds.3.weight.v,67108864,42851405,GRAMMAR,0.5847517500224058
12,value_embeds.5.weight.m,67108864,42855173,GRAMMAR,0.6452430829813238
12,value_embeds.5.weight.v,67108864,42854609,GRAMMAR,0.6085113750013988
12,value_embeds.7.weight.m,67108864,42855345,GRAMMAR,0.6229926669911947
12,value_embeds.7.weight.v,67108864,42856577,GRAMMAR,0.5938098749902565
13,wte.weight.m,67108864,45988353,GRAMMAR,0.6907317499862984
13,wte.weight.v,67108864,45988577,GRAMMAR,0.6621917090087663
13,blocks.0.attn.c_q.weight.buf,1048576,1049401,RAW,0.03374283399898559
13,blocks.0.attn.c_k.weight.buf,1048576,1049401,RAW,0.03370575001463294
13,blocks.0.attn.c_v.weight.buf,1048576,1049401,RAW,0.02012229198589921
13,blocks.0.attn.c_proj.weight.buf,1048576,1049401,RAW,0.019683374994201586
13,blocks.0.mlp.c_fc.weight.buf,4194304,4196389,RAW,0.0940022080030758
13,blocks.0.mlp.c_proj.weight.buf,4194304,4195129,RAW,0.1037645420001354
13,blocks.1.attn.c_q.weight.buf,1048576,1049401,RAW,0.020123374997638166
13,blocks.1.attn.c_k.weight.buf,1048576,1049401,RAW,0.03375991599750705
13,blocks.1.attn.c_v.weight.buf,1048576,1049401,RAW,0.019607166992500424
13,blocks.1.attn.c_proj.weight.buf,1048576,1049401,RAW,0.019504958007019013
13,blocks.1.attn.ve_gate.weight.buf,512,1022,RAW,1.4707999071106315e-05
13,blocks.1.mlp.c_fc.weight.buf,4194304,4196389,RAW,0.09502908398280852
13,blocks.1.mlp.c_proj.weight.buf,4194304,4195129,RAW,0.10971041599987075
13,blocks.2.attn.c_q.weight.buf,1048576,1049401,RAW,0.02007924998179078
13,blocks.2.attn.c_k.weight.buf,1048576,1049401,RAW,0.019742707983823493
13,blocks.2.attn.c_v.weight.buf,1048576,1049401,RAW,0.03149045899044722
13,blocks.2.attn.c_proj.weight.buf,1048576,1049401,RAW,0.020421166002051905
13,blocks.2.mlp.c_fc.weight.buf,4194304,4196389,RAW,0.09236454198253341
13,blocks.2.mlp.c_proj.weight.buf,4194304,4195129,RAW,0.10392512500402518
13,blocks.3.attn.c_q.weight.buf,1048576,1049401,RAW,0.022149458003696054
13,blocks.3.attn.c_k.weight.buf,1048576,1049401,RAW,0.019275250000646338
13,blocks.3.attn.c_v.weight.buf,1048576,1049401,RAW,0.019767624995438382
13,blocks.3.attn.c_proj.weight.buf,1048576,1049401,RAW,0.033255500020459294
13,blocks.3.attn.ve_gate.weight.buf,512,1022,RAW,1.1625001206994057e-05
13,blocks.3.mlp.c_fc.weight.buf,4194304,4196389,RAW,0.09279662501649
13,blocks.3.mlp.c_proj.weight.buf,4194304,4195129,RAW,0.09559683300903998
13,blocks.4.attn.c_q.weight.buf,1048576,1049401,RAW,0.019449125014944002
13,blocks.4.attn.c_k.weight.buf,1048576,1049401,RAW,0.033064582996303216
13,blocks.4.attn.c_v.weight.buf,1048576,1049401,RAW,0.01975466700969264
13,blocks.4.attn.c_proj.weight.buf,1048576,1049401,RAW,0.01972366700647399
13,blocks.4.mlp.c_fc.weight.buf,4194304,4196389,RAW,0.09418420799192972
13,blocks.4.mlp.c_proj.weight.buf,4194304,4195129,RAW,0.12581483300891705
13,blocks.5.attn.c_q.weight.buf,1048576,1049401,RAW,0.021552874997723848
13,blocks.5.attn.c_k.weight.buf,1048576,1049401,RAW,0.021411791996797547
13,blocks.5.attn.c_v.weight.buf,1048576,1049401,RAW,0.03751137500512414
13,blocks.5.attn.c_proj.weight.buf,1048576,1049401,RAW,0.02158266698825173
13,blocks.5.attn.ve_gate.weight.buf,512,1022,RAW,2.8875016141682863e-05
13,blocks.5.mlp.c_fc.weight.buf,4194304,4196389,RAW,0.10071062500355765
13,blocks.5.mlp.c_proj.weight.buf,4194304,4195129,RAW,0.1394124579965137
13,blocks.6.attn.c_q.weight.buf,1048576,1049401,RAW,0.022075042012147605
13,blocks.6.attn.c_k.weight.buf,1048576,1049401,RAW,0.020146291994024068
13,blocks.6.attn.c_v.weight.buf,1048576,1049401,RAW,0.033733292017132044
13,blocks.6.attn.c_proj.weight.buf,1048576,1049401,RAW,0.020312082982854918
13,blocks.6.mlp.c_fc.weight.buf,4194304,4196389,RAW,0.10832104200380854
13,blocks.6.mlp.c_proj.weight.buf,4194304,4195129,RAW,0.10141599999042228
13,blocks.7.attn.c_q.weight.buf,1048576,1049401,RAW,0.03443929200875573
13,blocks.7.attn.c_k.weight.buf,1048576,1049401,RAW,0.020258083008229733
13,blocks.7.attn.c_v.weight.buf,1048576,1049401,RAW,0.02017812500707805
13,blocks.7.attn.c_proj.weight.buf,1048576,1049401,RAW,0.021529541991185397
13,blocks.7.attn.ve_gate.weight.buf,512,1022,RAW,1.387501833960414e-05
13,blocks.7.mlp.c_fc.weight.buf,4194304,4196389,RAW,0.09750758300651796
13,blocks.7.mlp.c_proj.weight.buf,4194304,4195129,RAW,0.10106870901654474
13,lm_head.weight.m,67108864,67136149,RAW,1.4816264160035644
13,lm_head.weight.v,67108864,67136149,RAW,1.5133635419770144
13,resid_lambdas.m,32,32,RAW_VECTOR,5.582987796515226e-06
13,resid_lambdas.v,32,32,RAW_VECTOR,1.2090022210031748e-06
13,x0_lambdas.m,32,32,RAW_VECTOR,1.2910168152302504e-06
13,x0_lambdas.v,32,32,RAW_VECTOR,5.00003807246685e-07
13,value_embeds.1.weight.m,67108864,44525461,GRAMMAR,0.6355966660194099
13,value_embeds.1.weight.v,67108864,44525701,GRAMMAR,0.6454380420036614
13,value_embeds.3.weight.m,67108864,44524461,GRAMMAR,0.6338020419934765
13,value_embeds.3.weight.v,67108864,44527829,GRAMMAR,0.642486500000814
13,value_embeds.5.weight.m,67108864,44522365,GRAMMAR,0.64807408300112
13,value_embeds.5.weight.v,67108864,44525897,GRAMMAR,0.6674583750136662
13,value_embeds.7.weight.m,67108864,44524441,GRAMMAR,0.614540291018784
13,value_embeds.7.weight.v,67108864,44525849,GRAMMAR,0.6417935839854181
14,wte.weight.m,67108864,47420457,GRAMMAR,0.7057141659897752
14,wte.weight.v,67108864,47419621,GRAMMAR,0.6899617920280434
14,blocks.0.attn.c_q.weight.buf,1048576,1049401,RAW,0.020600250019924715
14,blocks.0.attn.c_k.weight.buf,1048576,1049401,RAW,0.019923708023270592
14,blocks.0.attn.c_v.weight.buf,1048576,1049401,RAW,0.03438179200747982
14,blocks.0.attn.c_proj.weight.buf,1048576,1049401,RAW,0.02058808400761336
14,blocks.0.mlp.c_fc.weight.buf,4194304,4196389,RAW,0.09145745899877511
14,blocks.0.mlp.c_proj.weight.buf,4194304,4195129,RAW,0.09899724999559112
14,blocks.1.attn.c_q.weight.buf,1048576,1049401,RAW,0.019480124989058822
14,blocks.1.attn.c_k.weight.buf,1048576,1049401,RAW,0.020390207995660603
14,blocks.1.attn.c_v.weight.buf,1048576,1049401,RAW,0.019555209000827745
14,blocks.1.attn.c_proj.weight.buf,1048576,1049401,RAW,0.019609790993854403
14,blocks.1.attn.ve_gate.weight.buf,512,1022,RAW,2.1915999241173267e-05
14,blocks.1.mlp.c_fc.weight.buf,4194304,4196389,RAW,0.09149849999812432
14,blocks.1.mlp.c_proj.weight.buf,4194304,4195129,RAW,0.0995061660069041
14,blocks.2.attn.c_q.weight.buf,1048576,1049401,RAW,0.01968808300443925
14,blocks.2.attn.c_k.weight.buf,1048576,1049401,RAW,0.019770999992033467
14,blocks.2.attn.c_v.weight.buf,1048576,1049401,RAW,0.03265916698728688
14,blocks.2.attn.c_proj.weight.buf,1048576,1049401,RAW,0.01988495801924728
14,blocks.2.mlp.c_fc.weight.buf,4194304,4196389,RAW,0.1032619170146063
14,blocks.2.mlp.c_proj.weight.buf,4194304,4195129,RAW,0.09847674999036826
14,blocks.3.attn.c_q.weight.buf,1048576,1049401,RAW,0.019649833004223183
14,blocks.3.attn.c_k.weight.buf,1048576,1049401,RAW,0.020822374994168058
14,blocks.3.attn.c_v.weight.buf,1048576,1049401,RAW,0.019234917010180652
14,blocks.3.attn.c_proj.weight.buf,1048576,1049401,RAW,0.019448750012088567
14,blocks.3.attn.ve_gate.weight.buf,512,1022,RAW,2.4542008759453893e-05
14,blocks.3.mlp.c_fc.weight.buf,4194304,4196389,RAW,0.11021929199341685
14,blocks.3.mlp.c_proj.weight.buf,4194304,4195129,RAW,0.12093258398817852
14,blocks.4.attn.c_q.weight.buf,1048576,1049401,RAW,0.02146774998982437
14,blocks.4.attn.c_k.weight.buf,1048576,1049401,RAW,0.03751083399401978
14,blocks.4.attn.c_v.weight.buf,1048576,1049401,RAW,0.021237957989796996
14,blocks.4.attn.c_proj.weight.buf,1048576,1049401,RAW,0.021479542017914355
14,blocks.4.mlp.c_fc.weight.buf,4194304,4196389,RAW,0.1171123750100378
14,blocks.4.mlp.c_proj.weight.buf,4194304,4195129,RAW,0.11381404101848602
14,blocks.5.attn.c_q.weight.buf,1048576,1049401,RAW,0.01981720799813047
14,blocks.5.attn.c_k.weight.buf,1048576,1049401,RAW,0.0333366249979008
14,blocks.5.attn.c_v.weight.buf,1048576,1049401,RAW,0.01990412498707883
14,blocks.5.attn.c_proj.weight.buf,1048576,1049401,RAW,0.019632124982308596
14,blocks.5.attn.ve_gate.weight.buf,512,1022,RAW,1.5208002878353e-05
14,blocks.5.mlp.c_fc.weight.buf,4194304,4196389,RAW,0.09624291700311005
14,blocks.5.mlp.c_proj.weight.buf,4194304,4195129,RAW,0.1286282079818193
14,blocks.6.attn.c_q.weight.buf,1048576,1049401,RAW,0.020359542017104104
14,blocks.6.attn.c_k.weight.buf,1048576,1049401,RAW,0.01986491697607562
14,blocks.6.attn.c_v.weight.buf,1048576,1049401,RAW,0.033452791976742446
14,blocks.6.attn.c_proj.weight.buf,1048576,1049401,RAW,0.019868959003360942
14,blocks.6.mlp.c_fc.weight.buf,4194304,4196389,RAW,0.09667104200343601
14,blocks.6.mlp.c_proj.weight.buf,4194304,4195129,RAW,0.1016679999884218
14,blocks.7.attn.c_q.weight.buf,1048576,1049401,RAW,0.033291792002273723
14,blocks.7.attn.c_k.weight.buf,1048576,1049401,RAW,0.019979375007096678
14,blocks.7.attn.c_v.weight.buf,1048576,1049401,RAW,0.019905958994058892
14,blocks.7.attn.c_proj.weight.buf,1048576,1049401,RAW,0.03304229199420661
14,blocks.7.attn.ve_gate.weight.buf,512,1022,RAW,1.533300383016467e-05
14,blocks.7.mlp.c_fc.weight.buf,4194304,4196389,RAW,0.09701466700062156
14,blocks.7.mlp.c_proj.weight.buf,4194304,4195129,RAW,0.10313558302004822
14,lm_head.weight.m,67108864,67136149,RAW,1.4805237090040464
14,lm_head.weight.v,67108864,67136149,RAW,1.5235110000066925
14,resid_lambdas.m,32,32,RAW_VECTOR,3.3499993151053786e-05
14,resid_lambdas.v,32,32,RAW_VECTOR,7.079797796905041e-07
14,x0_lambdas.m,32,32,RAW_VECTOR,1.0420044418424368e-06
14,x0_lambdas.v,32,32,RAW_VECTOR,5.00003807246685e-07
14,value_embeds.1.weight.m,67108864,45975389,GRAMMAR,0.6673327919852454
14,value_embeds.1.weight.v,67108864,45977653,GRAMMAR,0.638867833011318
14,value_embeds.3.weight.m,67108864,45975397,GRAMMAR,0.695049999980256
14,value_embeds.3.weight.v,67108864,45977861,GRAMMAR,0.680417875002604
14,value_embeds.5.weight.m,67108864,45974301,GRAMMAR,0.6623017090023495
14,value_embeds.5.weight.v,67108864,45973813,GRAMMAR,0.6651710000005551
14,value_embeds.7.weight.m,67108864,45975361,GRAMMAR,0.6710614170006011
14,value_embeds.7.weight.v,67108864,45977937,GRAMMAR,0.6829844590101857
15,wte.weight.m,67108864,48743813,GRAMMAR,0.7002476670022588
15,wte.weight.v,67108864,48741933,GRAMMAR,0.7011864579981193
15,blocks.0.attn.c_q.weight.buf,1048576,1049401,RAW,0.020021250005811453
15,blocks.0.attn.c_k.weight.buf,1048576,1049401,RAW,0.019442457996774465
15,blocks.0.attn.c_v.weight.buf,1048576,1049401,RAW,0.019465000019408762
15,blocks.0.attn.c_proj.weight.buf,1048576,1049401,RAW,0.020915833010803908
15,blocks.0.mlp.c_fc.weight.buf,4194304,4196389,RAW,0.09073008300038055
15,blocks.0.mlp.c_proj.weight.buf,4194304,4195129,RAW,0.12108870802330784
15,blocks.1.attn.c_q.weight.buf,1048576,1049401,RAW,0.04082408398971893
15,blocks.1.attn.c_k.weight.buf,1048576,1049401,RAW,0.022366916004102677
15,blocks.1.attn.c_v.weight.buf,1048576,1049401,RAW,0.022365999990142882
15,blocks.1.attn.c_proj.weight.buf,1048576,1049401,RAW,0.038023541012080386
15,blocks.1.attn.ve_gate.weight.buf,512,1022,RAW,7.233399082906544e-05
15,blocks.1.mlp.c_fc.weight.buf,4194304,4196389,RAW,0.11489979099133052
15,blocks.1.mlp.c_proj.weight.buf,4194304,4195129,RAW,0.11938987500616349
15,blocks.2.attn.c_q.weight.buf,1048576,1049401,RAW,0.03348683301010169
15,blocks.2.attn.c_k.weight.buf,1048576,1049401,RAW,0.019982833007816225
15,blocks.2.attn.c_v.weight.buf,1048576,1049401,RAW,0.019964874983998016
15,blocks.2.attn.c_proj.weight.buf,1048576,1049401,RAW,0.03163945800042711
15,blocks.2.mlp.c_fc.weight.buf,4194304,4196389,RAW,0.09629270801087841
15,blocks.2.mlp.c_proj.weight.buf,4194304,4195129,RAW,0.10143808301654644
15,blocks.3.attn.c_q.weight.buf,1048576,1049401,RAW,0.020247041014954448
15,blocks.3.attn.c_k.weight.buf,1048576,1049401,RAW,0.03431333301705308
15,blocks.3.attn.c_v.weight.buf,1048576,1049401,RAW,0.02125720799085684
15,blocks.3.attn.c_proj.weight.buf,1048576,1049401,RAW,0.019715292000910267
15,blocks.3.attn.ve_gate.weight.buf,512,1022,RAW,1.5708006685599685e-05
15,blocks.3.mlp.c_fc.weight.buf,4194304,4196389,RAW,0.09477829100796953
15,blocks.3.mlp.c_proj.weight.buf,4194304,4195129,RAW,0.12810883298516273
15,blocks.4.attn.c_q.weight.buf,1048576,1049401,RAW,0.020794208016013727
15,blocks.4.attn.c_k.weight.buf,1048576,1049401,RAW,0.01998866701615043
15,blocks.4.attn.c_v.weight.buf,1048576,1049401,RAW,0.03405883300001733
15,blocks.4.attn.c_proj.weight.buf,1048576,1049401,RAW,0.0200987079879269
15,blocks.4.mlp.c_fc.weight.buf,4194304,4196389,RAW,0.10741008297191001
15,blocks.4.mlp.c_proj.weight.buf,4194304,4195129,RAW,0.10303675002069212
15,blocks.5.attn.c_q.weight.buf,1048576,1049401,RAW,0.020910332998028025
15,blocks.5.attn.c_k.weight.buf,1048576,1049401,RAW,0.01971987501019612
15,blocks.5.attn.c_v.weight.buf,1048576,1049401,RAW,0.020030042011057958
15,blocks.5.attn.c_proj.weight.buf,1048576,1049401,RAW,0.03303554200101644
15,blocks.5.attn.ve_gate.weight.buf,512,1022,RAW,2.3958011297509074e-05
15,blocks.5.mlp.c_fc.weight.buf,4194304,4196389,RAW,0.09550304099684581
15,blocks.5.mlp.c_proj.weight.buf,4194304,4195129,RAW,0.10080829099752009
15,blocks.6.attn.c_q.weight.buf,1048576,1049401,RAW,0.020319417002610862
15,blocks.6.attn.c_k.weight.buf,1048576,1049401,RAW,0.03403858302044682
15,blocks.6.attn.c_v.weight.buf,1048576,1049401,RAW,0.020113374979700893
15,blocks.6.attn.c_proj.weight.buf,1048576,1049401,RAW,0.020045542012667283
15,blocks.6.mlp.c_fc.weight.buf,4194304,4196389,RAW,0.09628616701229475
15,blocks.6.mlp.c_proj.weight.buf,4194304,4195129,RAW,0.09773629199480638
15,blocks.7.attn.c_q.weight.buf,1048576,1049401,RAW,0.01958616601768881
15,blocks.7.attn.c_k.weight.buf,1048576,1049401,RAW,0.019513207982527092
15,blocks.7.attn.c_v.weight.buf,1048576,1049401,RAW,0.03228895799838938
15,blocks.7.attn.c_proj.weight.buf,1048576,1049401,RAW,0.019768792000832036
15,blocks.7.attn.ve_gate.weight.buf,512,1022,RAW,2.937499084509909e-05
15,blocks.7.mlp.c_fc.weight.buf,4194304,4196389,RAW,0.09427008402417414
15,blocks.7.mlp.c_proj.weight.buf,4194304,4195129,RAW,0.11246962498989888
15,lm_head.weight.m,67108864,67136149,RAW,1.50849179099896
15,lm_head.weight.v,67108864,67136149,RAW,1.4953572080121376
15,resid_lambdas.m,32,32,RAW_VECTOR,8.875009370967746e-06
15,resid_lambdas.v,32,32,RAW_VECTOR,1.541979145258665e-06
15,x0_lambdas.m,32,32,RAW_VECTOR,1.2500095181167126e-06
15,x0_lambdas.v,32,32,RAW_VECTOR,4.5899651013314724e-07
15,value_embeds.1.weight.m,67108864,47377577,GRAMMAR,0.6890349159948528
15,value_embeds.1.weight.v,67108864,47377777,GRAMMAR,0.723593874979997
15,value_embeds.3.weight.m,67108864,47377573,GRAMMAR,0.6816126670164522
15,value_embeds.3.weight.v,67108864,47377965,GRAMMAR,0.7080500830197707
15,value_embeds.5.weight.m,67108864,47377557,GRAMMAR,0.6870108750008512
15,value_embeds.5.weight.v,67108864,47380117,GRAMMAR,0.7249967080133501
15,value_embeds.7.weight.m,67108864,47379641,GRAMMAR,0.698937625013059
15,value_embeds.7.weight.v,67108864,47378037,GRAMMAR,0.6961756250238977
16,wte.weight.m,67108864,50064529,GRAMMAR,0.7565577089844737
16,wte.weight.v,67108864,50062561,GRAMMAR,0.7374259589996655
16,blocks.0.attn.c_q.weight.buf,1048576,1049401,RAW,0.02028283302206546
16,blocks.0.attn.c_k.weight.buf,1048576,1049401,RAW,0.01986100000794977
16,blocks.0.attn.c_v.weight.buf,1048576,1049401,RAW,0.03281995901488699
16,blocks.0.attn.c_proj.weight.buf,1048576,1049401,RAW,0.020147208007983863
16,blocks.0.mlp.c_fc.weight.buf,4194304,4196389,RAW,0.0932372499955818
16,blocks.0.mlp.c_proj.weight.buf,4194304,4195129,RAW,0.10219504198175855
16,blocks.1.attn.c_q.weight.buf,1048576,1049401,RAW,0.03443879200494848
16,blocks.1.attn.c_k.weight.buf,1048576,1049401,RAW,0.01992912497371435
16,blocks.1.attn.c_v.weight.buf,1048576,1049401,RAW,0.020001750002847984
16,blocks.1.attn.c_proj.weight.buf,1048576,1049401,RAW,0.03339329099981114
16,blocks.1.attn.ve_gate.weight.buf,512,1022,RAW,1.5208002878353e-05
16,blocks.1.mlp.c_fc.weight.buf,4194304,4196389,RAW,0.09349587501492351
16,blocks.1.mlp.c_proj.weight.buf,4194304,4195129,RAW,0.10321120801381767
16,blocks.2.attn.c_q.weight.buf,1048576,1049401,RAW,0.020236667012795806
16,blocks.2.attn.c_k.weight.buf,1048576,1049401,RAW,0.03317012501065619
16,blocks.2.attn.c_v.weight.buf,1048576,1049401,RAW,0.01996658300049603
16,blocks.2.attn.c_proj.weight.buf,1048576,1049401,RAW,0.020008415973279625
16,blocks.2.mlp.c_fc.weight.buf,4194304,4196389,RAW,0.0952437500236556
16,blocks.2.mlp.c_proj.weight.buf,4194304,4195129,RAW,0.11298429098678753
16,blocks.3.attn.c_q.weight.buf,1048576,1049401,RAW,0.019828958989819512
16,blocks.3.attn.c_k.weight.buf,1048576,1049401,RAW,0.019365541986189783
16,blocks.3.attn.c_v.weight.buf,1048576,1049401,RAW,0.03173812499153428
16,blocks.3.attn.c_proj.weight.buf,1048576,1049401,RAW,0.019645583000965416
16,blocks.3.attn.ve_gate.weight.buf,512,1022,RAW,8.875009370967746e-06
16,blocks.3.mlp.c_fc.weight.buf,4194304,4196389,RAW,0.0965566250088159
16,blocks.3.mlp.c_proj.weight.buf,4194304,4195129,RAW,0.09773345798021182
16,blocks.4.attn.c_q.weight.buf,1048576,1049401,RAW,0.03236154100159183
16,blocks.4.attn.c_k.weight.buf,1048576,1049401,RAW,0.019814291008515283
16,blocks.4.attn.c_v.weight.buf,1048576,1049401,RAW,0.019353500014403835
16,blocks.4.attn.c_proj.weight.buf,1048576,1049401,RAW,0.0325187919952441
16,blocks.4.mlp.c_fc.weight.buf,4194304,4196389,RAW,0.09251479199156165
16,blocks.4.mlp.c_proj.weight.buf,4194304,4195129,RAW,0.09733629098627716
16,blocks.5.attn.c_q.weight.buf,1048576,1049401,RAW,0.019479415990645066
16,blocks.5.attn.c_k.weight.buf,1048576,1049401,RAW,0.032361417019274086
16,blocks.5.attn.c_v.weight.buf,1048576,1049401,RAW,0.01949045798392035
16,blocks.5.attn.c_proj.weight.buf,1048576,1049401,RAW,0.019386750005651265
16,blocks.5.attn.ve_gate.weight.buf,512,1022,RAW,2.433298504911363e-05
16,blocks.5.mlp.c_fc.weight.buf,4194304,4196389,RAW,0.09343808301491663
16,blocks.5.mlp.c_proj.weight.buf,4194304,4195129,RAW,0.10763870799564756
16,blocks.6.attn.c_q.weight.buf,1048576,1049401,RAW,0.02190866699675098
16,blocks.6.attn.c_k.weight.buf,1048576,1049401,RAW,0.020778417005203664
16,blocks.6.attn.c_v.weight.buf,1048576,1049401,RAW,0.036767541023436934
16,blocks.6.attn.c_proj.weight.buf,1048576,1049401,RAW,0.021221375005552545
16,blocks.6.mlp.c_fc.weight.buf,4194304,4196389,RAW,0.10195954199298285
16,blocks.6.mlp.c_proj.weight.buf,4194304,4195129,RAW,0.1358607499860227
16,blocks.7.attn.c_q.weight.buf,1048576,1049401,RAW,0.021985958010191098
16,blocks.7.attn.c_k.weight.buf,1048576,1049401,RAW,0.02141937499982305
16,blocks.7.attn.c_v.weight.buf,1048576,1049401,RAW,0.03361558300093748
16,blocks.7.attn.c_proj.weight.buf,1048576,1049401,RAW,0.020389499986777082
16,blocks.7.attn.ve_gate.weight.buf,512,1022,RAW,1.5207973774522543e-05
16,blocks.7.mlp.c_fc.weight.buf,4194304,4196389,RAW,0.09507287500309758
16,blocks.7.mlp.c_proj.weight.buf,4194304,4195129,RAW,0.10196204198291525
16,lm_head.weight.m,67108864,67136149,RAW,1.5019772079831455
16,lm_head.weight.v,67108864,67136149,RAW,1.4944168340007309
16,resid_lambdas.m,32,32,RAW_VECTOR,2.358399797230959e-05
16,resid_lambdas.v,32,32,RAW_VECTOR,4.04199818149209e-06
16,x0_lambdas.m,32,32,RAW_VECTOR,1.5840050764381886e-06
16,x0_lambdas.v,32,32,RAW_VECTOR,4.169996827840805e-07
16,value_embeds.1.weight.m,67108864,48798741,GRAMMAR,0.7326142910169438
16,value_embeds.1.weight.v,67108864,48800161,GRAMMAR,0.720181250013411
16,value_embeds.3.weight.m,67108864,48798857,GRAMMAR,0.714877249993151
16,value_embeds.3.weight.v,67108864,48801277,GRAMMAR,0.7538186250021681
16,value_embeds.5.weight.m,67108864,48798869,GRAMMAR,0.7263545420137234
16,value_embeds.5.weight.v,67108864,48801421,GRAMMAR,0.7247687080234755
16,value_embeds.7.weight.m,67108864,48800869,GRAMMAR,0.7025457920099143
16,value_embeds.7.weight.v,67108864,48799345,GRAMMAR,0.7551712499989662
17,wte.weight.m,67108864,51141761,GRAMMAR,0.778622792015085
17,wte.weight.v,67108864,51141921,GRAMMAR,0.7413245839998126
17,blocks.0.attn.c_q.weight.buf,1048576,1049401,RAW,0.020158832980087027
17,blocks.0.attn.c_k.weight.buf,1048576,1049401,RAW,0.019080291996942833
17,blocks.0.attn.c_v.weight.buf,1048576,1049401,RAW,0.031792666006367654
17,blocks.0.attn.c_proj.weight.buf,1048576,1049401,RAW,0.020502375002251938
17,blocks.0.mlp.c_fc.weight.buf,4194304,4196389,RAW,0.09040654101409018
17,blocks.0.mlp.c_proj.weight.buf,4194304,4195129,RAW,0.09802337500150315
17,blocks.1.attn.c_q.weight.buf,1048576,1049401,RAW,0.019842625013552606
17,blocks.1.attn.c_k.weight.buf,1048576,1049401,RAW,0.036989457992604
17,blocks.1.attn.c_v.weight.buf,1048576,1049401,RAW,0.021453332999954
17,blocks.1.attn.c_proj.weight.buf,1048576,1049401,RAW,0.022014916001353413
17,blocks.1.attn.ve_gate.weight.buf,512,1022,RAW,5.5042008170858026e-05
17,blocks.1.mlp.c_fc.weight.buf,4194304,4196389,RAW,0.10062570800073445
17,blocks.1.mlp.c_proj.weight.buf,4194304,4195129,RAW,0.11776858300436288
17,blocks.2.attn.c_q.weight.buf,1048576,1049401,RAW,0.021252999984426424
17,blocks.2.attn.c_k.weight.buf,1048576,1049401,RAW,0.036419250012841076
17,blocks.2.attn.c_v.weight.buf,1048576,1049401,RAW,0.021029833995271474
17,blocks.2.attn.c_proj.weight.buf,1048576,1049401,RAW,0.021320333005860448
17,blocks.2.mlp.c_fc.weight.buf,4194304,4196389,RAW,0.09769866600981914
17,blocks.2.mlp.c_proj.weight.buf,4194304,4195129,RAW,0.11529966600937769
17,blocks.3.attn.c_q.weight.buf,1048576,1049401,RAW,0.020238749973941594
17,blocks.3.attn.c_k.weight.buf,1048576,1049401,RAW,0.02011391700943932
17,blocks.3.attn.c_v.weight.buf,1048576,1049401,RAW,0.0335753750114236
17,blocks.3.attn.c_proj.weight.buf,1048576,1049401,RAW,0.020294457994168624
17,blocks.3.attn.ve_gate.weight.buf,512,1022,RAW,1.1791998986154795e-05
17,blocks.3.mlp.c_fc.weight.buf,4194304,4196389,RAW,0.09559616699698381
17,blocks.3.mlp.c_proj.weight.buf,4194304,4195129,RAW,0.10212945900275372
17,blocks.4.attn.c_q.weight.buf,1048576,1049401,RAW,0.033744667016435415
17,blocks.4.attn.c_k.weight.buf,1048576,1049401,RAW,0.020471083000302315
17,blocks.4.attn.c_v.weight.buf,1048576,1049401,RAW,0.01996062500984408
17,blocks.4.attn.c_proj.weight.buf,1048576,1049401,RAW,0.020142082998063415
17,blocks.4.mlp.c_fc.weight.buf,4194304,4196389,RAW,0.09585066698491573
17,blocks.4.mlp.c_proj.weight.buf,4194304,4195129,RAW,0.10274191698408686
17,blocks.5.attn.c_q.weight.buf,1048576,1049401,RAW,0.020026416023029014
17,blocks.5.attn.c_k.weight.buf,1048576,1049401,RAW,0.019837416999507695
17,blocks.5.attn.c_v.weight.buf,1048576,1049401,RAW,0.03366212497348897
17,blocks.5.attn.c_proj.weight.buf,1048576,1049401,RAW,0.02027612499659881
17,blocks.5.attn.ve_gate.weight.buf,512,1022,RAW,1.3749988283962011e-05
17,blocks.5.mlp.c_fc.weight.buf,4194304,4196389,RAW,0.09548383398214355
17,blocks.5.mlp.c_proj.weight.buf,4194304,4195129,RAW,0.11324550001882017
17,blocks.6.attn.c_q.weight.buf,1048576,1049401,RAW,0.033364957984304056
17,blocks.6.attn.c_k.weight.buf,1048576,1049401,RAW,0.01993033298640512
17,blocks.6.attn.c_v.weight.buf,1048576,1049401,RAW,0.03325458298786543
17,blocks.6.attn.c_proj.weight.buf,1048576,1049401,RAW,0.020426500006578863
17,blocks.6.mlp.c_fc.weight.buf,4194304,4196389,RAW,0.09753933301544748
17,blocks.6.mlp.c_proj.weight.buf,4194304,4195129,RAW,0.10510950000025332
17,blocks.7.attn.c_q.weight.buf,1048576,1049401,RAW,0.03575445798924193
17,blocks.7.attn.c_k.weight.buf,1048576,1049401,RAW,0.020270791021175683
17,blocks.7.attn.c_v.weight.buf,1048576,1049401,RAW,0.01984616700792685
17,blocks.7.attn.c_proj.weight.buf,1048576,1049401,RAW,0.032536541984882206
17,blocks.7.attn.ve_gate.weight.buf,512,1022,RAW,1.4833000022917986e-05
17,blocks.7.mlp.c_fc.weight.buf,4194304,4196389,RAW,0.0949721250217408
17,blocks.7.mlp.c_proj.weight.buf,4194304,4195129,RAW,0.09739237499888986
17,lm_head.weight.m,67108864,67136149,RAW,1.5176287080103066
17,lm_head.weight.v,67108864,67136149,RAW,1.4851855830056593
17,resid_lambdas.m,32,32,RAW_VECTOR,7.58297392167151e-06
17,resid_lambdas.v,32,32,RAW_VECTOR,5.420006345957518e-07
17,x0_lambdas.m,32,32,RAW_VECTOR,1.167005393654108e-06
17,x0_lambdas.v,32,32,RAW_VECTOR,4.5797787606716156e-07
17,value_embeds.1.weight.m,67108864,49967181,GRAMMAR,0.7327680419839453
17,value_embeds.1.weight.v,67108864,49967509,GRAMMAR,0.7585830419848207
17,value_embeds.3.weight.m,67108864,49967257,GRAMMAR,0.745213500020327
17,value_embeds.3.weight.v,67108864,49967637,GRAMMAR,0.7379573750076815
17,value_embeds.5.weight.m,67108864,49967265,GRAMMAR,0.7204173339996487
17,value_embeds.5.weight.v,67108864,49969833,GRAMMAR,0.7589165829995181
17,value_embeds.7.weight.m,67108864,49967169,GRAMMAR,0.7391556669899728
17,value_embeds.7.weight.v,67108864,49969785,GRAMMAR,0.7389083339949138
18,wte.weight.m,67108864,52209669,GRAMMAR,0.8191309999965597
18,wte.weight.v,67108864,52209685,GRAMMAR,0.792968166002538
18,blocks.0.attn.c_q.weight.buf,1048576,1049401,RAW,0.03309104099753313
18,blocks.0.attn.c_k.weight.buf,1048576,1049401,RAW,0.020725374983157963
18,blocks.0.attn.c_v.weight.buf,1048576,1049401,RAW,0.019862250017467886
18,blocks.0.attn.c_proj.weight.buf,1048576,1049401,RAW,0.020218207995640114
18,blocks.0.mlp.c_fc.weight.buf,4194304,4196389,RAW,0.09496316700824536
18,blocks.0.mlp.c_proj.weight.buf,4194304,4195129,RAW,0.1025362919899635
18,blocks.1.attn.c_q.weight.buf,1048576,1049401,RAW,0.019952750008087605
18,blocks.1.attn.c_k.weight.buf,1048576,1049401,RAW,0.019890208990545943
18,blocks.1.attn.c_v.weight.buf,1048576,1049401,RAW,0.033618499990552664
18,blocks.1.attn.c_proj.weight.buf,1048576,1049401,RAW,0.019595040997955948
18,blocks.1.attn.ve_gate.weight.buf,512,1022,RAW,1.5167024685069919e-05
18,blocks.1.mlp.c_fc.weight.buf,4194304,4196389,RAW,0.09416462501394562
18,blocks.1.mlp.c_proj.weight.buf,4194304,4195129,RAW,0.10299133299849927
18,blocks.2.attn.c_q.weight.buf,1048576,1049401,RAW,0.020855667011346668
18,blocks.2.attn.c_k.weight.buf,1048576,1049401,RAW,0.019635707983979955
18,blocks.2.attn.c_v.weight.buf,1048576,1049401,RAW,0.019644707994302735
18,blocks.2.attn.c_proj.weight.buf,1048576,1049401,RAW,0.03328058301121928
18,blocks.2.mlp.c_fc.weight.buf,4194304,4196389,RAW,0.09224883298156783
18,blocks.2.mlp.c_proj.weight.buf,4194304,4195129,RAW,0.11031408302369528
18,blocks.3.attn.c_q.weight.buf,1048576,1049401,RAW,0.03128633400774561
18,blocks.3.attn.c_k.weight.buf,1048576,1049401,RAW,0.02216041600331664
18,blocks.3.attn.c_v.weight.buf,1048576,1049401,RAW,0.019859124993672594
18,blocks.3.attn.c_proj.weight.buf,1048576,1049401,RAW,0.019620042003225535
18,blocks.3.attn.ve_gate.weight.buf,512,1022,RAW,5.0207978347316384e-05
18,blocks.3.mlp.c_fc.weight.buf,4194304,4196389,RAW,0.09425962500972673
18,blocks.3.mlp.c_proj.weight.buf,4194304,4195129,RAW,0.09811354099656455
18,blocks.4.attn.c_q.weight.buf,1048576,1049401,RAW,0.01936908400966786
18,blocks.4.attn.c_k.weight.buf,1048576,1049401,RAW,0.019992874993477017
18,blocks.4.attn.c_v.weight.buf,1048576,1049401,RAW,0.020924166979966685
18,blocks.4.attn.c_proj.weight.buf,1048576,1049401,RAW,0.019241125002736226
18,blocks.4.mlp.c_fc.weight.buf,4194304,4196389,RAW,0.09372200001962483
18,blocks.4.mlp.c_proj.weight.buf,4194304,4195129,RAW,0.09806474999641068
18,blocks.5.attn.c_q.weight.buf,1048576,1049401,RAW,0.03261570798349567
18,blocks.5.attn.c_k.weight.buf,1048576,1049401,RAW,0.01949800000875257
18,blocks.5.attn.c_v.weight.buf,1048576,1049401,RAW,0.020566958002746105
18,blocks.5.attn.c_proj.weight.buf,1048576,1049401,RAW,0.037303749995771796
18,blocks.5.attn.ve_gate.weight.buf,512,1022,RAW,2.4874985683709383e-05
18,blocks.5.mlp.c_fc.weight.buf,4194304,4196389,RAW,0.10243112500756979
18,blocks.5.mlp.c_proj.weight.buf,4194304,4195129,RAW,0.11656274998676963
18,blocks.6.attn.c_q.weight.buf,1048576,1049401,RAW,0.02088674998958595
18,blocks.6.attn.c_k.weight.buf,1048576,1049401,RAW,0.03793874999973923
18,blocks.6.attn.c_v.weight.buf,1048576,1049401,RAW,0.021585334005067125
18,blocks.6.attn.c_proj.weight.buf,1048576,1049401,RAW,0.02110791698214598
18,blocks.6.mlp.c_fc.weight.buf,4194304,4196389,RAW,0.11485358298523352
18,blocks.6.mlp.c_proj.weight.buf,4194304,4195129,RAW,0.10257808299502358
18,blocks.7.attn.c_q.weight.buf,1048576,1049401,RAW,0.019817124994006008
18,blocks.7.attn.c_k.weight.buf,1048576,1049401,RAW,0.019925917004002258
18,blocks.7.attn.c_v.weight.buf,1048576,1049401,RAW,0.02132133298437111
18,blocks.7.attn.c_proj.weight.buf,1048576,1049401,RAW,0.02016379198175855
18,blocks.7.attn.ve_gate.weight.buf,512,1022,RAW,2.0458013750612736e-05
18,blocks.7.mlp.c_fc.weight.buf,4194304,4196389,RAW,0.09579625001060776
18,blocks.7.mlp.c_proj.weight.buf,4194304,4195129,RAW,0.10168754198821262
18,lm_head.weight.m,67108864,67136149,RAW,1.4781740840116981
18,lm_head.weight.v,67108864,67136149,RAW,1.4980637090047821
18,resid_lambdas.m,32,32,RAW_VECTOR,7.208989700302482e-06
18,resid_lambdas.v,32,32,RAW_VECTOR,6.669724825769663e-07
18,x0_lambdas.m,32,32,RAW_VECTOR,9.170034900307655e-07
18,x0_lambdas.v,32,32,RAW_VECTOR,4.169996827840805e-07
18,value_embeds.1.weight.m,67108864,51084397,GRAMMAR,0.7647315420035738
18,value_embeds.1.weight.v,67108864,51084637,GRAMMAR,0.7406469589914195
18,value_embeds.3.weight.m,67108864,51086561,GRAMMAR,0.7619014590163715
18,value_embeds.3.weight.v,67108864,51088885,GRAMMAR,0.7816304999869317
18,value_embeds.5.weight.m,67108864,51084325,GRAMMAR,0.7738608750223648
18,value_embeds.5.weight.v,67108864,51088993,GRAMMAR,0.7409620840044226
18,value_embeds.7.weight.m,67108864,51084373,GRAMMAR,0.7702952919935342
18,value_embeds.7.weight.v,67108864,51088937,GRAMMAR,0.7706982090021484
19,wte.weight.m,67108864,53367141,GRAMMAR,0.7921176670060959
19,wte.weight.v,67108864,53366997,GRAMMAR,0.8109651669801679
19,blocks.0.attn.c_q.weight.buf,1048576,1049401,RAW,0.0216828330012504
19,blocks.0.attn.c_k.weight.buf,1048576,1049401,RAW,0.03736195800593123
19,blocks.0.attn.c_v.weight.buf,1048576,1049401,RAW,0.021334707998903468
19,blocks.0.attn.c_proj.weight.buf,1048576,1049401,RAW,0.021574166981736198
19,blocks.0.mlp.c_fc.weight.buf,4194304,4196389,RAW,0.09947970899520442
19,blocks.0.mlp.c_proj.weight.buf,4194304,4195129,RAW,0.11223762499867007
19,blocks.1.attn.c_q.weight.buf,1048576,1049401,RAW,0.02003891600179486
19,blocks.1.attn.c_k.weight.buf,1048576,1049401,RAW,0.01981895900098607
19,blocks.1.attn.c_v.weight.buf,1048576,1049401,RAW,0.021368583024013788
19,blocks.1.attn.c_proj.weight.buf,1048576,1049401,RAW,0.01943841701722704
19,blocks.1.attn.ve_gate.weight.buf,512,1022,RAW,4.587500006891787e-05
19,blocks.1.mlp.c_fc.weight.buf,4194304,4196389,RAW,0.09467358401161619
19,blocks.1.mlp.c_proj.weight.buf,4194304,4195129,RAW,0.1217493340082001
19,blocks.2.attn.c_q.weight.buf,1048576,1049401,RAW,0.03379541699541733
19,blocks.2.attn.c_k.weight.buf,1048576,1049401,RAW,0.019822917005512863
19,blocks.2.attn.c_v.weight.buf,1048576,1049401,RAW,0.03382283297833055
19,blocks.2.attn.c_proj.weight.buf,1048576,1049401,RAW,0.02026504199602641
19,blocks.2.mlp.c_fc.weight.buf,4194304,4196389,RAW,0.09486791599192657
19,blocks.2.mlp.c_proj.weight.buf,4194304,4195129,RAW,0.11501775000942871
19,blocks.3.attn.c_q.weight.buf,1048576,1049401,RAW,0.02093208397855051
19,blocks.3.attn.c_k.weight.buf,1048576,1049401,RAW,0.019746709003811702
19,blocks.3.attn.c_v.weight.buf,1048576,1049401,RAW,0.019943208986660466
19,blocks.3.attn.c_proj.weight.buf,1048576,1049401,RAW,0.03474254100001417
19,blocks.3.attn.ve_gate.weight.buf,512,1022,RAW,3.420800203457475e-05
19,blocks.3.mlp.c_fc.weight.buf,4194304,4196389,RAW,0.09470820901333354
19,blocks.3.mlp.c_proj.weight.buf,4194304,4195129,RAW,0.105437707999954
19,blocks.4.attn.c_q.weight.buf,1048576,1049401,RAW,0.03447966699604876
19,blocks.4.attn.c_k.weight.buf,1048576,1049401,RAW,0.020108874974539503
19,blocks.4.attn.c_v.weight.buf,1048576,1049401,RAW,0.020034124987432733
19,blocks.4.attn.c_proj.weight.buf,1048576,1049401,RAW,0.01980829201056622
19,blocks.4.mlp.c_fc.weight.buf,4194304,4196389,RAW,0.09652916598133743
19,blocks.4.mlp.c_proj.weight.buf,4194304,4195129,RAW,0.10260895898682065
19,blocks.5.attn.c_q.weight.buf,1048576,1049401,RAW,0.019941290986025706
19,blocks.5.attn.c_k.weight.buf,1048576,1049401,RAW,0.03368024999508634
19,blocks.5.attn.c_v.weight.buf,1048576,1049401,RAW,0.033493583992822096
19,blocks.5.attn.c_proj.weight.buf,1048576,1049401,RAW,0.020317665999755263
19,blocks.5.attn.ve_gate.weight.buf,512,1022,RAW,1.704200985841453e-05
19,blocks.5.mlp.c_fc.weight.buf,4194304,4196389,RAW,0.09659049997571856
19,blocks.5.mlp.c_proj.weight.buf,4194304,4195129,RAW,0.11111362499650568
19,blocks.6.attn.c_q.weight.buf,1048576,1049401,RAW,0.01984320901101455
19,blocks.6.attn.c_k.weight.buf,1048576,1049401,RAW,0.01930041698506102
19,blocks.6.attn.c_v.weight.buf,1048576,1049401,RAW,0.03279612498590723
19,blocks.6.attn.c_proj.weight.buf,1048576,1049401,RAW,0.019825584022328258
19,blocks.6.mlp.c_fc.weight.buf,4194304,4196389,RAW,0.09562629199353978
19,blocks.6.mlp.c_proj.weight.buf,4194304,4195129,RAW,0.09876537500531413
19,blocks.7.attn.c_q.weight.buf,1048576,1049401,RAW,0.03311879202374257
19,blocks.7.attn.c_k.weight.buf,1048576,1049401,RAW,0.019313208002131432
19,blocks.7.attn.c_v.weight.buf,1048576,1049401,RAW,0.019491540995659307
19,blocks.7.attn.c_proj.weight.buf,1048576,1049401,RAW,0.019579999992856756
19,blocks.7.attn.ve_gate.weight.buf,512,1022,RAW,0.00011908300803042948
19,blocks.7.mlp.c_fc.weight.buf,4194304,4196389,RAW,0.09383420797530562
19,blocks.7.mlp.c_proj.weight.buf,4194304,4195129,RAW,0.09825670797727071
19,lm_head.weight.m,67108864,67136149,RAW,1.5250369160203263
19,lm_head.weight.v,67108864,67136149,RAW,1.498934792005457
19,resid_lambdas.m,32,32,RAW_VECTOR,6.041984306648374e-06
19,resid_lambdas.v,32,32,RAW_VECTOR,5.409820005297661e-07
19,x0_lambdas.m,32,32,RAW_VECTOR,1.2080126907676458e-06
19,x0_lambdas.v,32,32,RAW_VECTOR,5.00003807246685e-07
19,value_embeds.1.weight.m,67108864,52357029,GRAMMAR,0.8248974170128349
19,value_embeds.1.weight.v,67108864,52357317,GRAMMAR,0.7804004169884138
19,value_embeds.3.weight.m,67108864,52357197,GRAMMAR,0.784629457979463
19,value_embeds.3.weight.v,67108864,52357397,GRAMMAR,0.748279958992498
19,value_embeds.5.weight.m,67108864,52357121,GRAMMAR,0.8098014580027666
19,value_embeds.5.weight.v,67108864,52359565,GRAMMAR,0.7880368339829147
19,value_embeds.7.weight.m,67108864,52357069,GRAMMAR,0.7669965000241064
19,value_embeds.7.weight.v,67108864,52357481,GRAMMAR,0.75946416601073
20,wte.weight.m,67108864,54270533,GRAMMAR,0.8499460419989191
20,wte.weight.v,67108864,54270381,GRAMMAR,0.8035247079969849
20,blocks.0.attn.c_q.weight.buf,1048576,1049401,RAW,0.02018083300208673
20,blocks.0.attn.c_k.weight.buf,1048576,1049401,RAW,0.019355041004018858
20,blocks.0.attn.c_v.weight.buf,1048576,1049401,RAW,0.019558875006623566
20,blocks.0.attn.c_proj.weight.buf,1048576,1049401,RAW,0.031550749990856275
20,blocks.0.mlp.c_fc.weight.buf,4194304,4196389,RAW,0.09052075000363402
20,blocks.0.mlp.c_proj.weight.buf,4194304,4195129,RAW,0.09696762499515899
20,blocks.1.attn.c_q.weight.buf,1048576,1049401,RAW,0.020115249993978068
20,blocks.1.attn.c_k.weight.buf,1048576,1049401,RAW,0.03263970901025459
20,blocks.1.attn.c_v.weight.buf,1048576,1049401,RAW,0.019452250009635463
20,blocks.1.attn.c_proj.weight.buf,1048576,1049401,RAW,0.019517459004418924
20,blocks.1.attn.ve_gate.weight.buf,512,1022,RAW,2.3208995116874576e-05
20,blocks.1.mlp.c_fc.weight.buf,4194304,4196389,RAW,0.09298825002042577
20,blocks.1.mlp.c_proj.weight.buf,4194304,4195129,RAW,0.11033104098169133
20,blocks.2.attn.c_q.weight.buf,1048576,1049401,RAW,0.020249082997906953
20,blocks.2.attn.c_k.weight.buf,1048576,1049401,RAW,0.019544500013580546
20,blocks.2.attn.c_v.weight.buf,1048576,1049401,RAW,0.019515624997438863
20,blocks.2.attn.c_proj.weight.buf,1048576,1049401,RAW,0.032459957990795374
20,blocks.2.mlp.c_fc.weight.buf,4194304,4196389,RAW,0.09555162501055747
20,blocks.2.mlp.c_proj.weight.buf,4194304,4195129,RAW,0.11790212499909103
20,blocks.3.attn.c_q.weight.buf,1048576,1049401,RAW,0.03698966701631434
20,blocks.3.attn.c_k.weight.buf,1048576,1049401,RAW,0.021391208021668717
20,blocks.3.attn.c_v.weight.buf,1048576,1049401,RAW,0.0212624580017291
20,blocks.3.attn.c_proj.weight.buf,1048576,1049401,RAW,0.03754745901096612
20,blocks.3.attn.ve_gate.weight.buf,512,1022,RAW,3.9166014175862074e-05
20,blocks.3.mlp.c_fc.weight.buf,4194304,4196389,RAW,0.11927766699227504
20,blocks.3.mlp.c_proj.weight.buf,4194304,4195129,RAW,0.11067133297910914
20,blocks.4.attn.c_q.weight.buf,1048576,1049401,RAW,0.019931749993702397
20,blocks.4.attn.c_k.weight.buf,1048576,1049401,RAW,0.033786875021178275
20,blocks.4.attn.c_v.weight.buf,1048576,1049401,RAW,0.020166374975815415
20,blocks.4.attn.c_proj.weight.buf,1048576,1049401,RAW,0.019888042006641626
20,blocks.4.mlp.c_fc.weight.buf,4194304,4196389,RAW,0.09825079099391587
20,blocks.4.mlp.c_proj.weight.buf,4194304,4195129,RAW,0.11708095800713636
20,blocks.5.attn.c_q.weight.buf,1048576,1049401,RAW,0.02070383299724199
20,blocks.5.attn.c_k.weight.buf,1048576,1049401,RAW,0.019723417004570365
20,blocks.5.attn.c_v.weight.buf,1048576,1049401,RAW,0.03359929099678993
20,blocks.5.attn.c_proj.weight.buf,1048576,1049401,RAW,0.020399542001541704
20,blocks.5.attn.ve_gate.weight.buf,512,1022,RAW,1.4082994312047958e-05
20,blocks.5.mlp.c_fc.weight.buf,4194304,4196389,RAW,0.09444191699731164
20,blocks.5.mlp.c_proj.weight.buf,4194304,4195129,RAW,0.10169779200805351
20,blocks.6.attn.c_q.weight.buf,1048576,1049401,RAW,0.033961292007006705
20,blocks.6.attn.c_k.weight.buf,1048576,1049401,RAW,0.020449542003916577
20,blocks.6.attn.c_v.weight.buf,1048576,1049401,RAW,0.019838542008074
20,blocks.6.attn.c_proj.weight.buf,1048576,1049401,RAW,0.02005629101768136
20,blocks.6.mlp.c_fc.weight.buf,4194304,4196389,RAW,0.11043991599581204
20,blocks.6.mlp.c_proj.weight.buf,4194304,4195129,RAW,0.11812962501426227
20,blocks.7.attn.c_q.weight.buf,1048576,1049401,RAW,0.019987375009804964
20,blocks.7.attn.c_k.weight.buf,1048576,1049401,RAW,0.03325820801546797
20,blocks.7.attn.c_v.weight.buf,1048576,1049401,RAW,0.020358624984510243
20,blocks.7.attn.c_proj.weight.buf,1048576,1049401,RAW,0.019991917011793703
20,blocks.7.attn.ve_gate.weight.buf,512,1022,RAW,1.1416996130719781e-05
20,blocks.7.mlp.c_fc.weight.buf,4194304,4196389,RAW,0.0978300420101732
20,blocks.7.mlp.c_proj.weight.buf,4194304,4195129,RAW,0.11860387501656078
20,lm_head.weight.m,67108864,67136149,RAW,1.4802207500033546
20,lm_head.weight.v,67108864,67136149,RAW,1.5160655420040712
20,resid_lambdas.m,32,32,RAW_VECTOR,7.333001121878624e-06
20,resid_lambdas.v,32,32,RAW_VECTOR,5.829788278788328e-07
20,x0_lambdas.m,32,32,RAW_VECTOR,1.334003172814846e-06
20,x0_lambdas.v,32,32,RAW_VECTOR,5.00003807246685e-07
20,value_embeds.1.weight.m,67108864,53305321,GRAMMAR,0.7808192500087898
20,value_embeds.1.weight.v,67108864,53305605,GRAMMAR,0.8128174589946866
20,value_embeds.3.weight.m,67108864,53305485,GRAMMAR,0.8132559999939986
20,value_embeds.3.weight.v,67108864,53307721,GRAMMAR,0.8128291250031907
20,value_embeds.5.weight.m,67108864,53305393,GRAMMAR,0.7885191669920459
20,value_embeds.5.weight.v,67108864,53305781,GRAMMAR,0.8222611250239424
20,value_embeds.7.weight.m,67108864,53305349,GRAMMAR,0.8252207920013461
20,value_embeds.7.weight.v,67108864,53307833,GRAMMAR,0.7882312920119148
21,wte.weight.m,67108864,55151457,GRAMMAR,0.8848244160180911
21,wte.weight.v,67108864,55153425,GRAMMAR,0.8377543750102632
21,blocks.0.attn.c_q.weight.buf,1048576,1049401,RAW,0.020223708997946233
21,blocks.0.attn.c_k.weight.buf,1048576,1049401,RAW,0.019748833001358435
21,blocks.0.attn.c_v.weight.buf,1048576,1049401,RAW,0.019808750017546117
21,blocks.0.attn.c_proj.weight.buf,1048576,1049401,RAW,0.021128749998752028
21,blocks.0.mlp.c_fc.weight.buf,4194304,4196389,RAW,0.09415733299101703
21,blocks.0.mlp.c_proj.weight.buf,4194304,4195129,RAW,0.10887766699306667
21,blocks.1.attn.c_q.weight.buf,1048576,1049401,RAW,0.03310483301174827
21,blocks.1.attn.c_k.weight.buf,1048576,1049401,RAW,0.02023075000033714
21,blocks.1.attn.c_v.weight.buf,1048576,1049401,RAW,0.01990625000325963
21,blocks.1.attn.c_proj.weight.buf,1048576,1049401,RAW,0.033439916995121166
21,blocks.1.attn.ve_gate.weight.buf,512,1022,RAW,3.512500552460551e-05
21,blocks.1.mlp.c_fc.weight.buf,4194304,4196389,RAW,0.10575383302057162
21,blocks.1.mlp.c_proj.weight.buf,4194304,4195129,RAW,0.0979007090209052
21,blocks.2.attn.c_q.weight.buf,1048576,1049401,RAW,0.019434292014921084
21,blocks.2.attn.c_k.weight.buf,1048576,1049401,RAW,0.03281754098134115
21,blocks.2.attn.c_v.weight.buf,1048576,1049401,RAW,0.019939124991651624
21,blocks.2.attn.c_proj.weight.buf,1048576,1049401,RAW,0.01939829098409973
21,blocks.2.mlp.c_fc.weight.buf,4194304,4196389,RAW,0.09320224999100901
21,blocks.2.mlp.c_proj.weight.buf,4194304,4195129,RAW,0.09874604098149575
21,blocks.3.attn.c_q.weight.buf,1048576,1049401,RAW,0.032913208997342736
21,blocks.3.attn.c_k.weight.buf,1048576,1049401,RAW,0.01939104200573638
21,blocks.3.attn.c_v.weight.buf,1048576,1049401,RAW,0.019474458997137845
21,blocks.3.attn.c_proj.weight.buf,1048576,1049401,RAW,0.03266937501030043
21,blocks.3.attn.ve_gate.weight.buf,512,1022,RAW,3.083399496972561e-05
21,blocks.3.mlp.c_fc.weight.buf,4194304,4196389,RAW,0.09319220800534822
21,blocks.3.mlp.c_proj.weight.buf,4194304,4195129,RAW,0.09786741700372659
21,blocks.4.attn.c_q.weight.buf,1048576,1049401,RAW,0.01951333400211297
21,blocks.4.attn.c_k.weight.buf,1048576,1049401,RAW,0.03270783301559277
21,blocks.4.attn.c_v.weight.buf,1048576,1049401,RAW,0.019492666993755847
21,blocks.4.attn.c_proj.weight.buf,1048576,1049401,RAW,0.01991075000842102
21,blocks.4.mlp.c_fc.weight.buf,4194304,4196389,RAW,0.09382641699630767
21,blocks.4.mlp.c_proj.weight.buf,4194304,4195129,RAW,0.13674816701677628
21,blocks.5.attn.c_q.weight.buf,1048576,1049401,RAW,0.022265250008786097
21,blocks.5.attn.c_k.weight.buf,1048576,1049401,RAW,0.02089949999935925
21,blocks.5.attn.c_v.weight.buf,1048576,1049401,RAW,0.037008583021815866
21,blocks.5.attn.c_proj.weight.buf,1048576,1049401,RAW,0.02072508301353082
21,blocks.5.attn.ve_gate.weight.buf,512,1022,RAW,2.3375003365799785e-05
21,blocks.5.mlp.c_fc.weight.buf,4194304,4196389,RAW,0.09954629198182374
21,blocks.5.mlp.c_proj.weight.buf,4194304,4195129,RAW,0.1183249170135241
21,blocks.6.attn.c_q.weight.buf,1048576,1049401,RAW,0.03379700001096353
21,blocks.6.attn.c_k.weight.buf,1048576,1049401,RAW,0.020145957998465747
21,blocks.6.attn.c_v.weight.buf,1048576,1049401,RAW,0.01979720898088999
21,blocks.6.attn.c_proj.weight.buf,1048576,1049401,RAW,0.03401416601263918
21,blocks.6.mlp.c_fc.weight.buf,4194304,4196389,RAW,0.09482104098424315
21,blocks.6.mlp.c_proj.weight.buf,4194304,4195129,RAW,0.10178937501041219
21,blocks.7.attn.c_q.weight.buf,1048576,1049401,RAW,0.019822249974822626
21,blocks.7.attn.c_k.weight.buf,1048576,1049401,RAW,0.03376566700171679
21,blocks.7.attn.c_v.weight.buf,1048576,1049401,RAW,0.019816167012322694
21,blocks.7.attn.c_proj.weight.buf,1048576,1049401,RAW,0.019945833017118275
21,blocks.7.attn.ve_gate.weight.buf,512,1022,RAW,1.0957999620586634e-05
21,blocks.7.mlp.c_fc.weight.buf,4194304,4196389,RAW,0.10801608301699162
21,blocks.7.mlp.c_proj.weight.buf,4194304,4195129,RAW,0.10206320899305865
21,lm_head.weight.m,67108864,67136149,RAW,1.4834712920128368
21,lm_head.weight.v,67108864,67136149,RAW,1.523839000001317
21,resid_lambdas.m,32,32,RAW_VECTOR,7.333001121878624e-06
21,resid_lambdas.v,32,32,RAW_VECTOR,5.830079317092896e-07
21,x0_lambdas.m,32,32,RAW_VECTOR,9.580107871443033e-07
21,x0_lambdas.v,32,32,RAW_VECTOR,4.1601015254855156e-07
21,value_embeds.1.weight.m,67108864,54246573,GRAMMAR,0.818871625000611
21,value_embeds.1.weight.v,67108864,54244701,GRAMMAR,0.7910545420018025
21,value_embeds.3.weight.m,67108864,54244605,GRAMMAR,0.8529692080046516
21,value_embeds.3.weight.v,67108864,54244861,GRAMMAR,0.8454494170146063
21,value_embeds.5.weight.m,67108864,54244577,GRAMMAR,0.8339425830054097
21,value_embeds.5.weight.v,67108864,54244945,GRAMMAR,0.820137499977136
21,value_embeds.7.weight.m,67108864,54244437,GRAMMAR,0.8470931669871788
21,value_embeds.7.weight.v,67108864,54244865,GRAMMAR,0.8351682499924209
22,wte.weight.m,67108864,56069217,GRAMMAR,0.8640437090070918
22,wte.weight.v,67108864,56069221,GRAMMAR,0.8648476249945816
22,blocks.0.attn.c_q.weight.buf,1048576,1049401,RAW,0.021144625003216788
22,blocks.0.attn.c_k.weight.buf,1048576,1049401,RAW,0.019790499994996935
22,blocks.0.attn.c_v.weight.buf,1048576,1049401,RAW,0.02023966598790139
22,blocks.0.attn.c_proj.weight.buf,1048576,1049401,RAW,0.03393312499974854
22,blocks.0.mlp.c_fc.weight.buf,4194304,4196389,RAW,0.09348150002188049
22,blocks.0.mlp.c_proj.weight.buf,4194304,4195129,RAW,0.10087325001950376
22,blocks.1.attn.c_q.weight.buf,1048576,1049401,RAW,0.02003300000797026
22,blocks.1.attn.c_k.weight.buf,1048576,1049401,RAW,0.03422337499796413
22,blocks.1.attn.c_v.weight.buf,1048576,1049401,RAW,0.01995816599810496
22,blocks.1.attn.c_proj.weight.buf,1048576,1049401,RAW,0.020708208001451567
22,blocks.1.attn.ve_gate.weight.buf,512,1022,RAW,2.7749978471547365e-05
22,blocks.1.mlp.c_fc.weight.buf,4194304,4196389,RAW,0.09591154198278673
22,blocks.1.mlp.c_proj.weight.buf,4194304,4195129,RAW,0.10341891698772088
22,blocks.2.attn.c_q.weight.buf,1048576,1049401,RAW,0.020421791006810963
22,blocks.2.attn.c_k.weight.buf,1048576,1049401,RAW,0.020785875007277355
22,blocks.2.attn.c_v.weight.buf,1048576,1049401,RAW,0.033492666989332065
22,blocks.2.attn.c_proj.weight.buf,1048576,1049401,RAW,0.019858624989865348
22,blocks.2.mlp.c_fc.weight.buf,4194304,4196389,RAW,0.0943968330102507
22,blocks.2.mlp.c_proj.weight.buf,4194304,4195129,RAW,0.11717329200473614
22,blocks.3.attn.c_q.weight.buf,1048576,1049401,RAW,0.020217707991832867
22,blocks.3.attn.c_k.weight.buf,1048576,1049401,RAW,0.01955625001573935
22,blocks.3.attn.c_v.weight.buf,1048576,1049401,RAW,0.03285045799566433
22,blocks.3.attn.c_proj.weight.buf,1048576,1049401,RAW,0.019799208006588742
22,blocks.3.attn.ve_gate.weight.buf,512,1022,RAW,3.5291974199935794e-05
22,blocks.3.mlp.c_fc.weight.buf,4194304,4196389,RAW,0.09249533401452936
22,blocks.3.mlp.c_proj.weight.buf,4194304,4195129,RAW,0.09676650000619702
22,blocks.4.attn.c_q.weight.buf,1048576,1049401,RAW,0.02074412500951439
22,blocks.4.attn.c_k.weight.buf,1048576,1049401,RAW,0.019201875024009496
22,blocks.4.attn.c_v.weight.buf,1048576,1049401,RAW,0.032352125010220334
22,blocks.4.attn.c_proj.weight.buf,1048576,1049401,RAW,0.02003549999790266
22,blocks.4.mlp.c_fc.weight.buf,4194304,4196389,RAW,0.09359224999207072
22,blocks.4.mlp.c_proj.weight.buf,4194304,4195129,RAW,0.09762758400756866
22,blocks.5.attn.c_q.weight.buf,1048576,1049401,RAW,0.019621666986495256
22,blocks.5.attn.c_k.weight.buf,1048576,1049401,RAW,0.02081800001906231
22,blocks.5.attn.c_v.weight.buf,1048576,1049401,RAW,0.019473541993647814
22,blocks.5.attn.c_proj.weight.buf,1048576,1049401,RAW,0.019532290985807776
22,blocks.5.attn.ve_gate.weight.buf,512,1022,RAW,4.754198016598821e-05
22,blocks.5.mlp.c_fc.weight.buf,4194304,4196389,RAW,0.10562162499991246
22,blocks.5.mlp.c_proj.weight.buf,4194304,4195129,RAW,0.0974741670070216
22,blocks.6.attn.c_q.weight.buf,1048576,1049401,RAW,0.01949941599741578
22,blocks.6.attn.c_k.weight.buf,1048576,1049401,RAW,0.01995608300785534
22,blocks.6.attn.c_v.weight.buf,1048576,1049401,RAW,0.03686929200193845
22,blocks.6.attn.c_proj.weight.buf,1048576,1049401,RAW,0.021455125010106713
22,blocks.6.mlp.c_fc.weight.buf,4194304,4196389,RAW,0.1008975839940831
22,blocks.6.mlp.c_proj.weight.buf,4194304,4195129,RAW,0.13607574999332428
22,blocks.7.attn.c_q.weight.buf,1048576,1049401,RAW,0.022118707973277196
22,blocks.7.attn.c_k.weight.buf,1048576,1049401,RAW,0.02108079197932966
22,blocks.7.attn.c_v.weight.buf,1048576,1049401,RAW,0.037025249999715015
22,blocks.7.attn.c_proj.weight.buf,1048576,1049401,RAW,0.02125262501067482
22,blocks.7.attn.ve_gate.weight.buf,512,1022,RAW,3.5500008380040526e-05
22,blocks.7.mlp.c_fc.weight.buf,4194304,4196389,RAW,0.09815395800978877
22,blocks.7.mlp.c_proj.weight.buf,4194304,4195129,RAW,0.10195187499630265
22,lm_head.weight.m,67108864,67136149,RAW,1.511164750001626
22,lm_head.weight.v,67108864,67136149,RAW,1.507201291009551
22,resid_lambdas.m,32,32,RAW_VECTOR,7.750000804662704e-06
22,resid_lambdas.v,32,32,RAW_VECTOR,5.830079317092896e-07
22,x0_lambdas.m,32,32,RAW_VECTOR,1.2499804142862558e-06
22,x0_lambdas.v,32,32,RAW_VECTOR,4.1601015254855156e-07
22,value_embeds.1.weight.m,67108864,55214173,GRAMMAR,0.8422028330096509
22,value_embeds.1.weight.v,67108864,55210233,GRAMMAR,0.8307616249949206
22,value_embeds.3.weight.m,67108864,55214245,GRAMMAR,0.8249400000204332
22,value_embeds.3.weight.v,67108864,55210317,GRAMMAR,0.8701572919962928
22,value_embeds.5.weight.m,67108864,55214273,GRAMMAR,0.838675917009823
22,value_embeds.5.weight.v,67108864,55210357,GRAMMAR,0.8372664169874042
22,value_embeds.7.weight.m,67108864,55212041,GRAMMAR,0.8539661249960773
22,value_embeds.7.weight.v,67108864,55212449,GRAMMAR,0.8448720420128666
23,wte.weight.m,67108864,56793877,GRAMMAR,0.8642336660122965
23,wte.weight.v,67108864,56793805,GRAMMAR,0.8877339589816984
23,blocks.0.attn.c_q.weight.buf,1048576,1049401,RAW,0.03462637501070276
23,blocks.0.attn.c_k.weight.buf,1048576,1049401,RAW,0.01990112499333918
23,blocks.0.attn.c_v.weight.buf,1048576,1049401,RAW,0.019606874993769452
23,blocks.0.attn.c_proj.weight.buf,1048576,1049401,RAW,0.03357308398699388
23,blocks.0.mlp.c_fc.weight.buf,4194304,4196389,RAW,0.09455887498916127
23,blocks.0.mlp.c_proj.weight.buf,4194304,4195129,RAW,0.1042812500090804
23,blocks.1.attn.c_q.weight.buf,1048576,1049401,RAW,0.020019041985506192
23,blocks.1.attn.c_k.weight.buf,1048576,1049401,RAW,0.034516749990871176
23,blocks.1.attn.c_v.weight.buf,1048576,1049401,RAW,0.020476584002608433
23,blocks.1.attn.c_proj.weight.buf,1048576,1049401,RAW,0.02067537500988692
23,blocks.1.attn.ve_gate.weight.buf,512,1022,RAW,3.737499355338514e-05
23,blocks.1.mlp.c_fc.weight.buf,4194304,4196389,RAW,0.09868845899472944
23,blocks.1.mlp.c_proj.weight.buf,4194304,4195129,RAW,0.11541308299638331
23,blocks.2.attn.c_q.weight.buf,1048576,1049401,RAW,0.020858832984231412
23,blocks.2.attn.c_k.weight.buf,1048576,1049401,RAW,0.01988900001742877
23,blocks.2.attn.c_v.weight.buf,1048576,1049401,RAW,0.03466587499133311
23,blocks.2.attn.c_proj.weight.buf,1048576,1049401,RAW,0.019492416991852224
23,blocks.2.mlp.c_fc.weight.buf,4194304,4196389,RAW,0.09719604201382026
23,blocks.2.mlp.c_proj.weight.buf,4194304,4195129,RAW,0.10231266598566435
23,blocks.3.attn.c_q.weight.buf,1048576,1049401,RAW,0.0350597919896245
23,blocks.3.attn.c_k.weight.buf,1048576,1049401,RAW,0.01997516700066626
23,blocks.3.attn.c_v.weight.buf,1048576,1049401,RAW,0.020160957996267825
23,blocks.3.attn.c_proj.weight.buf,1048576,1049401,RAW,0.03398408301291056
23,blocks.3.attn.ve_gate.weight.buf,512,1022,RAW,2.9583025025203824e-05
23,blocks.3.mlp.c_fc.weight.buf,4194304,4196389,RAW,0.09554220800055191
23,blocks.3.mlp.c_proj.weight.buf,4194304,4195129,RAW,0.10212616599164903
23,blocks.4.attn.c_q.weight.buf,1048576,1049401,RAW,0.019933792005758733
23,blocks.4.attn.c_k.weight.buf,1048576,1049401,RAW,0.02181583398487419
23,blocks.4.attn.c_v.weight.buf,1048576,1049401,RAW,0.020078334026038647
23,blocks.4.attn.c_proj.weight.buf,1048576,1049401,RAW,0.020155291014816612
23,blocks.4.mlp.c_fc.weight.buf,4194304,4196389,RAW,0.1062402090174146
23,blocks.4.mlp.c_proj.weight.buf,4194304,4195129,RAW,0.11081158299930394
23,blocks.5.attn.c_q.weight.buf,1048576,1049401,RAW,0.019625833025202155
23,blocks.5.attn.c_k.weight.buf,1048576,1049401,RAW,0.01951474999077618
23,blocks.5.attn.c_v.weight.buf,1048576,1049401,RAW,0.03303745898301713
23,blocks.5.attn.c_proj.weight.buf,1048576,1049401,RAW,0.019679084012750536
23,blocks.5.attn.ve_gate.weight.buf,512,1022,RAW,1.3582990504801273e-05
23,blocks.5.mlp.c_fc.weight.buf,4194304,4196389,RAW,0.09392237500287592
23,blocks.5.mlp.c_proj.weight.buf,4194304,4195129,RAW,0.11321208300068974
23,blocks.6.attn.c_q.weight.buf,1048576,1049401,RAW,0.0200740419968497
23,blocks.6.attn.c_k.weight.buf,1048576,1049401,RAW,0.019349834008608013
23,blocks.6.attn.c_v.weight.buf,1048576,1049401,RAW,0.032539333013119176
23,blocks.6.attn.c_proj.weight.buf,1048576,1049401,RAW,0.019948542001657188
23,blocks.6.mlp.c_fc.weight.buf,4194304,4196389,RAW,0.09352004202082753
23,blocks.6.mlp.c_proj.weight.buf,4194304,4195129,RAW,0.09892175000277348
23,blocks.7.attn.c_q.weight.buf,1048576,1049401,RAW,0.03334362502209842
23,blocks.7.attn.c_k.weight.buf,1048576,1049401,RAW,0.02019991699489765
23,blocks.7.attn.c_v.weight.buf,1048576,1049401,RAW,0.019352582981809974
23,blocks.7.attn.c_proj.weight.buf,1048576,1049401,RAW,0.019199583010049537
23,blocks.7.attn.ve_gate.weight.buf,512,1022,RAW,0.0001298749994020909
23,blocks.7.mlp.c_fc.weight.buf,4194304,4196389,RAW,0.10185920799267478
23,blocks.7.mlp.c_proj.weight.buf,4194304,4195129,RAW,0.11944787498214282
23,lm_head.weight.m,67108864,67136149,RAW,1.5302964999864344
23,lm_head.weight.v,67108864,67136149,RAW,1.4948848329950124
23,resid_lambdas.m,32,32,RAW_VECTOR,9.99998883344233e-06
23,resid_lambdas.v,32,32,RAW_VECTOR,5.830079317092896e-07
23,x0_lambdas.m,32,32,RAW_VECTOR,1.7080164980143309e-06
23,x0_lambdas.v,32,32,RAW_VECTOR,6.249756552278996e-07
23,value_embeds.1.weight.m,67108864,55969301,GRAMMAR,0.885116207995452
23,value_embeds.1.weight.v,67108864,55969437,GRAMMAR,0.8775270420010202
23,value_embeds.3.weight.m,67108864,55969329,GRAMMAR,0.8486123750044499
23,value_embeds.3.weight.v,67108864,55969505,GRAMMAR,0.892137000017101
23,value_embeds.5.weight.m,67108864,55969377,GRAMMAR,0.870119250001153
23,value_embeds.5.weight.v,67108864,55969565,GRAMMAR,0.8483842499845196
23,value_embeds.7.weight.m,67108864,55969237,GRAMMAR,0.8621617909811903
23,value_embeds.7.weight.v,67108864,55969645,GRAMMAR,0.8699317499995232
24,wte.weight.m,67108864,57492633,GRAMMAR,0.8917169159976766
24,wte.weight.v,67108864,57492541,GRAMMAR,0.8932204589946195
24,blocks.0.attn.c_q.weight.buf,1048576,1049401,RAW,0.02183162499568425
24,blocks.0.attn.c_k.weight.buf,1048576,1049401,RAW,0.020208000001730397
24,blocks.0.attn.c_v.weight.buf,1048576,1049401,RAW,0.033562750002602115
24,blocks.0.attn.c_proj.weight.buf,1048576,1049401,RAW,0.02093241599504836
24,blocks.0.mlp.c_fc.weight.buf,4194304,4196389,RAW,0.09688425000058487
24,blocks.0.mlp.c_proj.weight.buf,4194304,4195129,RAW,0.11673337500542402
24,blocks.1.attn.c_q.weight.buf,1048576,1049401,RAW,0.03458733297884464
24,blocks.1.attn.c_k.weight.buf,1048576,1049401,RAW,0.020426125003723428
24,blocks.1.attn.c_v.weight.buf,1048576,1049401,RAW,0.020002542005386204
24,blocks.1.attn.c_proj.weight.buf,1048576,1049401,RAW,0.03503366600489244
24,blocks.1.attn.ve_gate.weight.buf,512,1022,RAW,3.5375007428228855e-05
24,blocks.1.mlp.c_fc.weight.buf,4194304,4196389,RAW,0.10101245800615288
24,blocks.1.mlp.c_proj.weight.buf,4194304,4195129,RAW,0.10162412500358187
24,blocks.2.attn.c_q.weight.buf,1048576,1049401,RAW,0.020398833003127947
24,blocks.2.attn.c_k.weight.buf,1048576,1049401,RAW,0.021086499997181818
24,blocks.2.attn.c_v.weight.buf,1048576,1049401,RAW,0.019644749991130084
24,blocks.2.attn.c_proj.weight.buf,1048576,1049401,RAW,0.019969208020484075
24,blocks.2.mlp.c_fc.weight.buf,4194304,4196389,RAW,0.09570712500135414
24,blocks.2.mlp.c_proj.weight.buf,4194304,4195129,RAW,0.10253070798353292
24,blocks.3.attn.c_q.weight.buf,1048576,1049401,RAW,0.020336832996690646
24,blocks.3.attn.c_k.weight.buf,1048576,1049401,RAW,0.03276087500853464
24,blocks.3.attn.c_v.weight.buf,1048576,1049401,RAW,0.020445959002245218
24,blocks.3.attn.c_proj.weight.buf,1048576,1049401,RAW,0.019802583003183827
24,blocks.3.attn.ve_gate.weight.buf,512,1022,RAW,1.3541022781282663e-05
24,blocks.3.mlp.c_fc.weight.buf,4194304,4196389,RAW,0.09588008298305795
24,blocks.3.mlp.c_proj.weight.buf,4194304,4195129,RAW,0.11361095900065266
24,blocks.4.attn.c_q.weight.buf,1048576,1049401,RAW,0.03485804199590348
24,blocks.4.attn.c_k.weight.buf,1048576,1049401,RAW,0.020065832999534905
24,blocks.4.attn.c_v.weight.buf,1048576,1049401,RAW,0.019889584014890715
24,blocks.4.attn.c_proj.weight.buf,1048576,1049401,RAW,0.021052124997368082
24,blocks.4.mlp.c_fc.weight.buf,4194304,4196389,RAW,0.09856166699319147
24,blocks.4.mlp.c_proj.weight.buf,4194304,4195129,RAW,0.09988954200525768
24,blocks.5.attn.c_q.weight.buf,1048576,1049401,RAW,0.03334758398705162
24,blocks.5.attn.c_k.weight.buf,1048576,1049401,RAW,0.01992004198837094
24,blocks.5.attn.c_v.weight.buf,1048576,1049401,RAW,0.019181458977982402
24,blocks.5.attn.c_proj.weight.buf,1048576,1049401,RAW,0.03308695802115835
24,blocks.5.attn.ve_gate.weight.buf,512,1022,RAW,2.0790990674868226e-05
24,blocks.5.mlp.c_fc.weight.buf,4194304,4196389,RAW,0.09361295797862113
24,blocks.5.mlp.c_proj.weight.buf,4194304,4195129,RAW,0.09813374999794178
24,blocks.6.attn.c_q.weight.buf,1048576,1049401,RAW,0.0195937080134172
24,blocks.6.attn.c_k.weight.buf,1048576,1049401,RAW,0.033712292002746835
24,blocks.6.attn.c_v.weight.buf,1048576,1049401,RAW,0.01968662498984486
24,blocks.6.attn.c_proj.weight.buf,1048576,1049401,RAW,0.02022249999572523
24,blocks.6.mlp.c_fc.weight.buf,4194304,4196389,RAW,0.09449754099478014
24,blocks.6.mlp.c_proj.weight.buf,4194304,4195129,RAW,0.10859379102475941
24,blocks.7.attn.c_q.weight.buf,1048576,1049401,RAW,0.020102166017750278
24,blocks.7.attn.c_k.weight.buf,1048576,1049401,RAW,0.019368749985005707
24,blocks.7.attn.c_v.weight.buf,1048576,1049401,RAW,0.03305741702206433
24,blocks.7.attn.c_proj.weight.buf,1048576,1049401,RAW,0.03354095798567869
24,blocks.7.attn.ve_gate.weight.buf,512,1022,RAW,3.333299537189305e-05
24,blocks.7.mlp.c_fc.weight.buf,4194304,4196389,RAW,0.09418145901872776
24,blocks.7.mlp.c_proj.weight.buf,4194304,4195129,RAW,0.11097091698320583
24,lm_head.weight.m,67108864,67136149,RAW,1.528521375003038
24,lm_head.weight.v,67108864,67136149,RAW,1.4795836249832064
24,resid_lambdas.m,32,32,RAW_VECTOR,2.4083012249320745e-05
24,resid_lambdas.v,32,32,RAW_VECTOR,6.250047590583563e-07
24,x0_lambdas.m,32,32,RAW_VECTOR,2.249988028779626e-06
24,x0_lambdas.v,32,32,RAW_VECTOR,5.00003807246685e-07
24,value_embeds.1.weight.m,67108864,56767129,GRAMMAR,0.9083240420150105
24,value_embeds.1.weight.v,67108864,56767153,GRAMMAR,0.8596487499889918
24,value_embeds.3.weight.m,67108864,56767173,GRAMMAR,0.8639332920138258
24,value_embeds.3.weight.v,67108864,56767257,GRAMMAR,0.8915475410176441
24,value_embeds.5.weight.m,67108864,56767193,GRAMMAR,0.8774001249985304
24,value_embeds.5.weight.v,67108864,56767337,GRAMMAR,0.8586224169994239
24,value_embeds.7.weight.m,67108864,56767093,GRAMMAR,0.8546910419827327
24,value_embeds.7.weight.v,67108864,56767441,GRAMMAR,0.8916332079970744
25,wte.weight.m,67108864,58258517,GRAMMAR,0.9040864580019843
25,wte.weight.v,67108864,58258321,GRAMMAR,0.9271174580208026
25,blocks.0.attn.c_q.weight.buf,1048576,1049401,RAW,0.0347329170035664
25,blocks.0.attn.c_k.weight.buf,1048576,1049401,RAW,0.019682415993884206
25,blocks.0.attn.c_v.weight.buf,1048576,1049401,RAW,0.033813082991400734
25,blocks.0.attn.c_proj.weight.buf,1048576,1049401,RAW,0.020904625009279698
25,blocks.0.mlp.c_fc.weight.buf,4194304,4196389,RAW,0.09443016699515283
25,blocks.0.mlp.c_proj.weight.buf,4194304,4195129,RAW,0.10382566699991003
25,blocks.1.attn.c_q.weight.buf,1048576,1049401,RAW,0.03418529199552722
25,blocks.1.attn.c_k.weight.buf,1048576,1049401,RAW,0.01998845802154392
25,blocks.1.attn.c_v.weight.buf,1048576,1049401,RAW,0.02009045801241882
25,blocks.1.attn.c_proj.weight.buf,1048576,1049401,RAW,0.03439866699045524
25,blocks.1.attn.ve_gate.weight.buf,512,1022,RAW,3.041699528694153e-05
25,blocks.1.mlp.c_fc.weight.buf,4194304,4196389,RAW,0.09498670799075626
25,blocks.1.mlp.c_proj.weight.buf,4194304,4195129,RAW,0.10446466601570137
25,blocks.2.attn.c_q.weight.buf,1048576,1049401,RAW,0.020355624990770593
25,blocks.2.attn.c_k.weight.buf,1048576,1049401,RAW,0.03412983298767358
25,blocks.2.attn.c_v.weight.buf,1048576,1049401,RAW,0.019902000000001863
25,blocks.2.attn.c_proj.weight.buf,1048576,1049401,RAW,0.019894625002052635
25,blocks.2.mlp.c_fc.weight.buf,4194304,4196389,RAW,0.09536499998648651
25,blocks.2.mlp.c_proj.weight.buf,4194304,4195129,RAW,0.11927591697894968
25,blocks.3.attn.c_q.weight.buf,1048576,1049401,RAW,0.020023624994792044
25,blocks.3.attn.c_k.weight.buf,1048576,1049401,RAW,0.019749750004848465
25,blocks.3.attn.c_v.weight.buf,1048576,1049401,RAW,0.03445920901140198
25,blocks.3.attn.c_proj.weight.buf,1048576,1049401,RAW,0.03389704198343679
25,blocks.3.attn.ve_gate.weight.buf,512,1022,RAW,1.3874989235773683e-05
25,blocks.3.mlp.c_fc.weight.buf,4194304,4196389,RAW,0.09530008299043402
25,blocks.3.mlp.c_proj.weight.buf,4194304,4195129,RAW,0.1024647080048453
25,blocks.4.attn.c_q.weight.buf,1048576,1049401,RAW,0.03394062502775341
25,blocks.4.attn.c_k.weight.buf,1048576,1049401,RAW,0.020240832993295044
25,blocks.4.attn.c_v.weight.buf,1048576,1049401,RAW,0.01982099999440834
25,blocks.4.attn.c_proj.weight.buf,1048576,1049401,RAW,0.019971625006292015
25,blocks.4.mlp.c_fc.weight.buf,4194304,4196389,RAW,0.09673904100782238
25,blocks.4.mlp.c_proj.weight.buf,4194304,4195129,RAW,0.09803424999699928
25,blocks.5.attn.c_q.weight.buf,1048576,1049401,RAW,0.01941054200869985
25,blocks.5.attn.c_k.weight.buf,1048576,1049401,RAW,0.019624915992608294
25,blocks.5.attn.c_v.weight.buf,1048576,1049401,RAW,0.032894000003580004
25,blocks.5.attn.c_proj.weight.buf,1048576,1049401,RAW,0.019718625000678003
25,blocks.5.attn.ve_gate.weight.buf,512,1022,RAW,9.915995178744197e-06
25,blocks.5.mlp.c_fc.weight.buf,4194304,4196389,RAW,0.09349829101120122
25,blocks.5.mlp.c_proj.weight.buf,4194304,4195129,RAW,0.09833608299959451
25,blocks.6.attn.c_q.weight.buf,1048576,1049401,RAW,0.03497824998339638
25,blocks.6.attn.c_k.weight.buf,1048576,1049401,RAW,0.019841667002765462
25,blocks.6.attn.c_v.weight.buf,1048576,1049401,RAW,0.019317250000312924
25,blocks.6.attn.c_proj.weight.buf,1048576,1049401,RAW,0.019653374998597428
25,blocks.6.mlp.c_fc.weight.buf,4194304,4196389,RAW,0.10780512500787154
25,blocks.6.mlp.c_proj.weight.buf,4194304,4195129,RAW,0.11103779202676378
25,blocks.7.attn.c_q.weight.buf,1048576,1049401,RAW,0.01932604200555943
25,blocks.7.attn.c_k.weight.buf,1048576,1049401,RAW,0.019370541005628183
25,blocks.7.attn.c_v.weight.buf,1048576,1049401,RAW,0.03328420899924822
25,blocks.7.attn.c_proj.weight.buf,1048576,1049401,RAW,0.019170917017618194
25,blocks.7.attn.ve_gate.weight.buf,512,1022,RAW,2.1917017875239253e-05
25,blocks.7.mlp.c_fc.weight.buf,4194304,4196389,RAW,0.09482008300255984
25,blocks.7.mlp.c_proj.weight.buf,4194304,4195129,RAW,0.1284351669892203
25,lm_head.weight.m,67108864,67136149,RAW,1.5327055410016328
25,lm_head.weight.v,67108864,67136149,RAW,1.4823199579841457
25,resid_lambdas.m,32,32,RAW_VECTOR,9.792012860998511e-06
25,resid_lambdas.v,32,32,RAW_VECTOR,6.250047590583563e-07
25,x0_lambdas.m,32,32,RAW_VECTOR,1.5829864423722029e-06
25,x0_lambdas.v,32,32,RAW_VECTOR,5.00003807246685e-07
25,value_embeds.1.weight.m,67108864,57567429,GRAMMAR,0.9258977920108009
25,value_embeds.1.weight.v,67108864,57567373,GRAMMAR,0.883092083997326
25,value_embeds.3.weight.m,67108864,57567457,GRAMMAR,0.8509977089997847
25,value_embeds.3.weight.v,67108864,57569497,GRAMMAR,0.93017666702508
25,value_embeds.5.weight.m,67108864,57567393,GRAMMAR,0.8983191249717493
25,value_embeds.5.weight.v,67108864,57569625,GRAMMAR,0.8751853329886217
25,value_embeds.7.weight.m,67108864,57567405,GRAMMAR,0.9087214999890421
25,value_embeds.7.weight.v,67108864,57569641,GRAMMAR,0.9040004170092288
26,wte.weight.m,67108864,58939861,GRAMMAR,0.9223999579844531
26,wte.weight.v,67108864,58939693,GRAMMAR,0.9486801250022836
26,blocks.0.attn.c_q.weight.buf,1048576,1049401,RAW,0.0203847500088159
26,blocks.0.attn.c_k.weight.buf,1048576,1049401,RAW,0.019915665994631127
26,blocks.0.attn.c_v.weight.buf,1048576,1049401,RAW,0.03455799998482689
26,blocks.0.attn.c_proj.weight.buf,1048576,1049401,RAW,0.019919417012715712
26,blocks.0.mlp.c_fc.weight.buf,4194304,4196389,RAW,0.09633416699944064
26,blocks.0.mlp.c_proj.weight.buf,4194304,4195129,RAW,0.10898912500124425
26,blocks.1.attn.c_q.weight.buf,1048576,1049401,RAW,0.03366666700458154
26,blocks.1.attn.c_k.weight.buf,1048576,1049401,RAW,0.019800541980657727
26,blocks.1.attn.c_v.weight.buf,1048576,1049401,RAW,0.020070041005965322
26,blocks.1.attn.c_proj.weight.buf,1048576,1049401,RAW,0.034201083006337285
26,blocks.1.attn.ve_gate.weight.buf,512,1022,RAW,2.4375010980293155e-05
26,blocks.1.mlp.c_fc.weight.buf,4194304,4196389,RAW,0.10472108301473781
26,blocks.1.mlp.c_proj.weight.buf,4194304,4195129,RAW,0.10379100000136532
26,blocks.2.attn.c_q.weight.buf,1048576,1049401,RAW,0.020215374999679625
26,blocks.2.attn.c_k.weight.buf,1048576,1049401,RAW,0.03439029099536128
26,blocks.2.attn.c_v.weight.buf,1048576,1049401,RAW,0.020367624994833022
26,blocks.2.attn.c_proj.weight.buf,1048576,1049401,RAW,0.020498083002166823
26,blocks.2.mlp.c_fc.weight.buf,4194304,4196389,RAW,0.0959568329853937
26,blocks.2.mlp.c_proj.weight.buf,4194304,4195129,RAW,0.1013028749730438
26,blocks.3.attn.c_q.weight.buf,1048576,1049401,RAW,0.02018945899908431
26,blocks.3.attn.c_k.weight.buf,1048576,1049401,RAW,0.02044225001009181
26,blocks.3.attn.c_v.weight.buf,1048576,1049401,RAW,0.033890999999130145
26,blocks.3.attn.c_proj.weight.buf,1048576,1049401,RAW,0.02036300001782365
26,blocks.3.attn.ve_gate.weight.buf,512,1022,RAW,1.6875012079253793e-05
26,blocks.3.mlp.c_fc.weight.buf,4194304,4196389,RAW,0.0969027079991065
26,blocks.3.mlp.c_proj.weight.buf,4194304,4195129,RAW,0.10454800000297837
26,blocks.4.attn.c_q.weight.buf,1048576,1049401,RAW,0.0340987500094343
26,blocks.4.attn.c_k.weight.buf,1048576,1049401,RAW,0.01918025000486523
26,blocks.4.attn.c_v.weight.buf,1048576,1049401,RAW,0.019355666998308152
26,blocks.4.attn.c_proj.weight.buf,1048576,1049401,RAW,0.03277662498294376
26,blocks.4.mlp.c_fc.weight.buf,4194304,4196389,RAW,0.09339795800042339
26,blocks.4.mlp.c_proj.weight.buf,4194304,4195129,RAW,0.11044116600533016
26,blocks.5.attn.c_q.weight.buf,1048576,1049401,RAW,0.019650708010885864
26,blocks.5.attn.c_k.weight.buf,1048576,1049401,RAW,0.03336562498589046
26,blocks.5.attn.c_v.weight.buf,1048576,1049401,RAW,0.019855291000567377
26,blocks.5.attn.c_proj.weight.buf,1048576,1049401,RAW,0.01960808300646022
26,blocks.5.attn.ve_gate.weight.buf,512,1022,RAW,2.3832981241866946e-05
26,blocks.5.mlp.c_fc.weight.buf,4194304,4196389,RAW,0.09401454200269654
26,blocks.5.mlp.c_proj.weight.buf,4194304,4195129,RAW,0.11013204202754423
26,blocks.6.attn.c_q.weight.buf,1048576,1049401,RAW,0.019688458007294685
26,blocks.6.attn.c_k.weight.buf,1048576,1049401,RAW,0.019199540984118357
26,blocks.6.attn.c_v.weight.buf,1048576,1049401,RAW,0.03204154199920595
26,blocks.6.attn.c_proj.weight.buf,1048576,1049401,RAW,0.020136999984970316
26,blocks.6.mlp.c_fc.weight.buf,4194304,4196389,RAW,0.0940165419888217
26,blocks.6.mlp.c_proj.weight.buf,4194304,4195129,RAW,0.09576012499746867
26,blocks.7.attn.c_q.weight.buf,1048576,1049401,RAW,0.03318800000124611
26,blocks.7.attn.c_k.weight.buf,1048576,1049401,RAW,0.02137541602132842
26,blocks.7.attn.c_v.weight.buf,1048576,1049401,RAW,0.020840083016082644
26,blocks.7.attn.c_proj.weight.buf,1048576,1049401,RAW,0.038019291998352855
26,blocks.7.attn.ve_gate.weight.buf,512,1022,RAW,5.312499706633389e-05
26,blocks.7.mlp.c_fc.weight.buf,4194304,4196389,RAW,0.10217508301138878
26,blocks.7.mlp.c_proj.weight.buf,4194304,4195129,RAW,0.12085658297291957
26,lm_head.weight.m,67108864,67136149,RAW,1.5375383329810575
26,lm_head.weight.v,67108864,67136149,RAW,1.5062753749953117
26,resid_lambdas.m,32,32,RAW_VECTOR,1.1625001206994057e-05
26,resid_lambdas.v,32,32,RAW_VECTOR,6.660120561718941e-07
26,x0_lambdas.m,32,32,RAW_VECTOR,1.5420082490891218e-06
26,x0_lambdas.v,32,32,RAW_VECTOR,4.169996827840805e-07
26,value_embeds.1.weight.m,67108864,58302805,GRAMMAR,0.9199627920170315
26,value_embeds.1.weight.v,67108864,58302721,GRAMMAR,0.9063209579908289
26,value_embeds.3.weight.m,67108864,58302877,GRAMMAR,0.8956032500136644
26,value_embeds.3.weight.v,67108864,58304949,GRAMMAR,0.9414452080090996
26,value_embeds.5.weight.m,67108864,58302833,GRAMMAR,0.9149067919934168
26,value_embeds.5.weight.v,67108864,58304985,GRAMMAR,0.8869534999830648
26,value_embeds.7.weight.m,67108864,58302877,GRAMMAR,0.9221120829752181
26,value_embeds.7.weight.v,67108864,58305009,GRAMMAR,0.9137739579891786
27,wte.weight.m,67108864,59501973,GRAMMAR,0.9505218749982305
27,wte.weight.v,67108864,59501769,GRAMMAR,0.9413237500120886
27,blocks.0.attn.c_q.weight.buf,1048576,1049401,RAW,0.02044304201263003
27,blocks.0.attn.c_k.weight.buf,1048576,1049401,RAW,0.03663829201832414
27,blocks.0.attn.c_v.weight.buf,1048576,1049401,RAW,0.020848957996349782
27,blocks.0.attn.c_proj.weight.buf,1048576,1049401,RAW,0.01985483299358748
27,blocks.0.mlp.c_fc.weight.buf,4194304,4196389,RAW,0.0997123749984894
27,blocks.0.mlp.c_proj.weight.buf,4194304,4195129,RAW,0.11694812498171814
27,blocks.1.attn.c_q.weight.buf,1048576,1049401,RAW,0.021243124996544793
27,blocks.1.attn.c_k.weight.buf,1048576,1049401,RAW,0.020439500018255785
27,blocks.1.attn.c_v.weight.buf,1048576,1049401,RAW,0.021619166975142434
27,blocks.1.attn.c_proj.weight.buf,1048576,1049401,RAW,0.020437291997950524
27,blocks.1.attn.ve_gate.weight.buf,512,1022,RAW,1.3625016435980797e-05
27,blocks.1.mlp.c_fc.weight.buf,4194304,4196389,RAW,0.09499849998974241
27,blocks.1.mlp.c_proj.weight.buf,4194304,4195129,RAW,0.10287283302750438
27,blocks.2.attn.c_q.weight.buf,1048576,1049401,RAW,0.021839583001565188
27,blocks.2.attn.c_k.weight.buf,1048576,1049401,RAW,0.019847707997541875
27,blocks.2.attn.c_v.weight.buf,1048576,1049401,RAW,0.019940792000852525
27,blocks.2.attn.c_proj.weight.buf,1048576,1049401,RAW,0.03444341599242762
27,blocks.2.mlp.c_fc.weight.buf,4194304,4196389,RAW,0.09660529199754819
27,blocks.2.mlp.c_proj.weight.buf,4194304,4195129,RAW,0.1173297920031473
27,blocks.3.attn.c_q.weight.buf,1048576,1049401,RAW,0.019804040988674387
27,blocks.3.attn.c_k.weight.buf,1048576,1049401,RAW,0.03336158298770897
27,blocks.3.attn.c_v.weight.buf,1048576,1049401,RAW,0.01937904197257012
27,blocks.3.attn.c_proj.weight.buf,1048576,1049401,RAW,0.019869415991706774
27,blocks.3.attn.ve_gate.weight.buf,512,1022,RAW,2.300000051036477e-05
27,blocks.3.mlp.c_fc.weight.buf,4194304,4196389,RAW,0.09262979100458324
27,blocks.3.mlp.c_proj.weight.buf,4194304,4195129,RAW,0.1108555420069024
27,blocks.4.attn.c_q.weight.buf,1048576,1049401,RAW,0.020020458003273234
27,blocks.4.attn.c_k.weight.buf,1048576,1049401,RAW,0.019338791986228898
27,blocks.4.attn.c_v.weight.buf,1048576,1049401,RAW,0.01944041601382196
27,blocks.4.attn.c_proj.weight.buf,1048576,1049401,RAW,0.03415024999412708
27,blocks.4.mlp.c_fc.weight.buf,4194304,4196389,RAW,0.09341187501559034
27,blocks.4.mlp.c_proj.weight.buf,4194304,4195129,RAW,0.09696412499761209
27,blocks.5.attn.c_q.weight.buf,1048576,1049401,RAW,0.0194322080060374
27,blocks.5.attn.c_k.weight.buf,1048576,1049401,RAW,0.033473749994300306
27,blocks.5.attn.c_v.weight.buf,1048576,1049401,RAW,0.01928091701120138
27,blocks.5.attn.c_proj.weight.buf,1048576,1049401,RAW,0.01953370898263529
27,blocks.5.attn.ve_gate.weight.buf,512,1022,RAW,2.6749999960884452e-05
27,blocks.5.mlp.c_fc.weight.buf,4194304,4196389,RAW,0.09285729200928472
27,blocks.5.mlp.c_proj.weight.buf,4194304,4195129,RAW,0.11053129201172851
27,blocks.6.attn.c_q.weight.buf,1048576,1049401,RAW,0.021131165995029733
27,blocks.6.attn.c_k.weight.buf,1048576,1049401,RAW,0.020860499993432313
27,blocks.6.attn.c_v.weight.buf,1048576,1049401,RAW,0.03758620799635537
27,blocks.6.attn.c_proj.weight.buf,1048576,1049401,RAW,0.036885709007037804
27,blocks.6.mlp.c_fc.weight.buf,4194304,4196389,RAW,0.10108916601166129
27,blocks.6.mlp.c_proj.weight.buf,4194304,4195129,RAW,0.13696412500576116
27,blocks.7.attn.c_q.weight.buf,1048576,1049401,RAW,0.021458375005749986
27,blocks.7.attn.c_k.weight.buf,1048576,1049401,RAW,0.02090608299477026
27,blocks.7.attn.c_v.weight.buf,1048576,1049401,RAW,0.0377024170011282
27,blocks.7.attn.c_proj.weight.buf,1048576,1049401,RAW,0.021714041999075562
27,blocks.7.attn.ve_gate.weight.buf,512,1022,RAW,1.3167009456083179e-05
27,blocks.7.mlp.c_fc.weight.buf,4194304,4196389,RAW,0.09556212500319816
27,blocks.7.mlp.c_proj.weight.buf,4194304,4195129,RAW,0.10116779099917039
27,lm_head.weight.m,67108864,67136149,RAW,1.5259536660159938
27,lm_head.weight.v,67108864,67136149,RAW,1.5031200840021484
27,resid_lambdas.m,32,32,RAW_VECTOR,8.08399636298418e-06
27,resid_lambdas.v,32,32,RAW_VECTOR,5.420006345957518e-07
27,x0_lambdas.m,32,32,RAW_VECTOR,1.0829826351255178e-06
27,x0_lambdas.v,32,32,RAW_VECTOR,4.169996827840805e-07
27,value_embeds.1.weight.m,67108864,58917181,GRAMMAR,0.9267640420002863
27,value_embeds.1.weight.v,67108864,58917089,GRAMMAR,0.9132474999933038
27,value_embeds.3.weight.m,67108864,58917221,GRAMMAR,0.9379260840069037
27,value_embeds.3.weight.v,67108864,58917217,GRAMMAR,0.9290571250021458
27,value_embeds.5.weight.m,67108864,58917249,GRAMMAR,0.9174217499967199
27,value_embeds.5.weight.v,67108864,58917257,GRAMMAR,0.9163820419926196
27,value_embeds.7.weight.m,67108864,58917201,GRAMMAR,0.9499925840063952
27,value_embeds.7.weight.v,67108864,58917269,GRAMMAR,0.9279831250023562
28,wte.weight.m,67108864,60061533,GRAMMAR,0.9914527079963591
28,wte.weight.v,67108864,60061261,GRAMMAR,0.9549468750192318
28,blocks.0.attn.c_q.weight.buf,1048576,1049401,RAW,0.020274208014598116
28,blocks.0.attn.c_k.weight.buf,1048576,1049401,RAW,0.035375166015001014
28,blocks.0.attn.c_v.weight.buf,1048576,1049401,RAW,0.034461624978575855
28,blocks.0.attn.c_proj.weight.buf,1048576,1049401,RAW,0.01976208298583515
28,blocks.0.mlp.c_fc.weight.buf,4194304,4196389,RAW,0.09526329199434258
28,blocks.0.mlp.c_proj.weight.buf,4194304,4195129,RAW,0.11791600001743063
28,blocks.1.attn.c_q.weight.buf,1048576,1049401,RAW,0.02049041702412069
28,blocks.1.attn.c_k.weight.buf,1048576,1049401,RAW,0.02061058397521265
28,blocks.1.attn.c_v.weight.buf,1048576,1049401,RAW,0.034143708006013185
28,blocks.1.attn.c_proj.weight.buf,1048576,1049401,RAW,0.019610167015343904
28,blocks.1.attn.ve_gate.weight.buf,512,1022,RAW,2.762500662356615e-05
28,blocks.1.mlp.c_fc.weight.buf,4194304,4196389,RAW,0.09366608300479129
28,blocks.1.mlp.c_proj.weight.buf,4194304,4195129,RAW,0.09818633299437352
28,blocks.2.attn.c_q.weight.buf,1048576,1049401,RAW,0.03440016700187698
28,blocks.2.attn.c_k.weight.buf,1048576,1049401,RAW,0.019669708010042086
28,blocks.2.attn.c_v.weight.buf,1048576,1049401,RAW,0.019874292018357664
28,blocks.2.attn.c_proj.weight.buf,1048576,1049401,RAW,0.03303245798451826
28,blocks.2.mlp.c_fc.weight.buf,4194304,4196389,RAW,0.09542649998911656
28,blocks.2.mlp.c_proj.weight.buf,4194304,4195129,RAW,0.09738008299609646
28,blocks.3.attn.c_q.weight.buf,1048576,1049401,RAW,0.019273915997473523
28,blocks.3.attn.c_k.weight.buf,1048576,1049401,RAW,0.019521792011801153
28,blocks.3.attn.c_v.weight.buf,1048576,1049401,RAW,0.03404475000570528
28,blocks.3.attn.c_proj.weight.buf,1048576,1049401,RAW,0.019391124980757013
28,blocks.3.attn.ve_gate.weight.buf,512,1022,RAW,2.516701351851225e-05
28,blocks.3.mlp.c_fc.weight.buf,4194304,4196389,RAW,0.10539008301566355
28,blocks.3.mlp.c_proj.weight.buf,4194304,4195129,RAW,0.09689575000084005
28,blocks.4.attn.c_q.weight.buf,1048576,1049401,RAW,0.033510416018543765
28,blocks.4.attn.c_k.weight.buf,1048576,1049401,RAW,0.019936209020670503
28,blocks.4.attn.c_v.weight.buf,1048576,1049401,RAW,0.019506917014950886
28,blocks.4.attn.c_proj.weight.buf,1048576,1049401,RAW,0.019283542002085596
28,blocks.4.mlp.c_fc.weight.buf,4194304,4196389,RAW,0.10395487499772571
28,blocks.4.mlp.c_proj.weight.buf,4194304,4195129,RAW,0.12261379198753275
28,blocks.5.attn.c_q.weight.buf,1048576,1049401,RAW,0.020834541996009648
28,blocks.5.attn.c_k.weight.buf,1048576,1049401,RAW,0.039185292000183836
28,blocks.5.attn.c_v.weight.buf,1048576,1049401,RAW,0.021036500023910776
28,blocks.5.attn.c_proj.weight.buf,1048576,1049401,RAW,0.021147082996321842
28,blocks.5.attn.ve_gate.weight.buf,512,1022,RAW,2.4124979972839355e-05
28,blocks.5.mlp.c_fc.weight.buf,4194304,4196389,RAW,0.1165247909957543
28,blocks.5.mlp.c_proj.weight.buf,4194304,4195129,RAW,0.1027403750049416
28,blocks.6.attn.c_q.weight.buf,1048576,1049401,RAW,0.020163374982075766
28,blocks.6.attn.c_k.weight.buf,1048576,1049401,RAW,0.03505916701396927
28,blocks.6.attn.c_v.weight.buf,1048576,1049401,RAW,0.0201717909949366
28,blocks.6.attn.c_proj.weight.buf,1048576,1049401,RAW,0.019782874995144084
28,blocks.6.mlp.c_fc.weight.buf,4194304,4196389,RAW,0.11111195801640861
28,blocks.6.mlp.c_proj.weight.buf,4194304,4195129,RAW,0.10442341599264182
28,blocks.7.attn.c_q.weight.buf,1048576,1049401,RAW,0.020278749987483025
28,blocks.7.attn.c_k.weight.buf,1048576,1049401,RAW,0.01999237498966977
28,blocks.7.attn.c_v.weight.buf,1048576,1049401,RAW,0.03518400000757538
28,blocks.7.attn.c_proj.weight.buf,1048576,1049401,RAW,0.02048437501071021
28,blocks.7.attn.ve_gate.weight.buf,512,1022,RAW,1.391599653288722e-05
28,blocks.7.mlp.c_fc.weight.buf,4194304,4196389,RAW,0.09754645900102332
28,blocks.7.mlp.c_proj.weight.buf,4194304,4195129,RAW,0.10183599998708814
28,lm_head.weight.m,67108864,67136149,RAW,1.5045652920089196
28,lm_head.weight.v,67108864,67136149,RAW,1.5447401249839459
28,resid_lambdas.m,32,32,RAW_VECTOR,6.33401214145124e-06
28,resid_lambdas.v,32,32,RAW_VECTOR,1.667009200900793e-06
28,x0_lambdas.m,32,32,RAW_VECTOR,1.0830117389559746e-06
28,x0_lambdas.v,32,32,RAW_VECTOR,4.5899651013314724e-07
28,value_embeds.1.weight.m,67108864,59510281,GRAMMAR,0.9505210829956923
28,value_embeds.1.weight.v,67108864,59510101,GRAMMAR,0.933390792022692
28,value_embeds.3.weight.m,67108864,59510269,GRAMMAR,0.9825390409969259
28,value_embeds.3.weight.v,67108864,59510277,GRAMMAR,0.939999166992493
28,value_embeds.5.weight.m,67108864,59512437,GRAMMAR,0.9145069580117706
28,value_embeds.5.weight.v,67108864,59512373,GRAMMAR,0.9753032080188859
28,value_embeds.7.weight.m,67108864,59510225,GRAMMAR,0.966061124985572
28,value_embeds.7.weight.v,67108864,59510349,GRAMMAR,0.9303117500094231
29,wte.weight.m,67108864,60544401,GRAMMAR,1.0083713329804596
29,wte.weight.v,67108864,60544177,GRAMMAR,0.9609852920111734
29,blocks.0.attn.c_q.weight.buf,1048576,1049401,RAW,0.03406116701080464
29,blocks.0.attn.c_k.weight.buf,1048576,1049401,RAW,0.02060758401057683
29,blocks.0.attn.c_v.weight.buf,1048576,1049401,RAW,0.019225458992877975
29,blocks.0.attn.c_proj.weight.buf,1048576,1049401,RAW,0.03287479098071344
29,blocks.0.mlp.c_fc.weight.buf,4194304,4196389,RAW,0.09365600001183338
29,blocks.0.mlp.c_proj.weight.buf,4194304,4195129,RAW,0.09861712501151487
29,blocks.1.attn.c_q.weight.buf,1048576,1049401,RAW,0.019327082991367206
29,blocks.1.attn.c_k.weight.buf,1048576,1049401,RAW,0.019330459006596357
29,blocks.1.attn.c_v.weight.buf,1048576,1049401,RAW,0.020851165987551212
29,blocks.1.attn.c_proj.weight.buf,1048576,1049401,RAW,0.018966999981785193
29,blocks.1.attn.ve_gate.weight.buf,512,1022,RAW,2.8166017727926373e-05
29,blocks.1.mlp.c_fc.weight.buf,4194304,4196389,RAW,0.09197091701207682
29,blocks.1.mlp.c_proj.weight.buf,4194304,4195129,RAW,0.0971475419937633
29,blocks.2.attn.c_q.weight.buf,1048576,1049401,RAW,0.03423541600932367
29,blocks.2.attn.c_k.weight.buf,1048576,1049401,RAW,0.019432625005720183
29,blocks.2.attn.c_v.weight.buf,1048576,1049401,RAW,0.01943841698812321
29,blocks.2.attn.c_proj.weight.buf,1048576,1049401,RAW,0.03840124999987893
29,blocks.2.mlp.c_fc.weight.buf,4194304,4196389,RAW,0.10049920898745768
29,blocks.2.mlp.c_proj.weight.buf,4194304,4195129,RAW,0.11587375000817701
29,blocks.3.attn.c_q.weight.buf,1048576,1049401,RAW,0.038102250022348017
29,blocks.3.attn.c_k.weight.buf,1048576,1049401,RAW,0.02157283399719745
29,blocks.3.attn.c_v.weight.buf,1048576,1049401,RAW,0.021068125002784654
29,blocks.3.attn.c_proj.weight.buf,1048576,1049401,RAW,0.020926708006300032
29,blocks.3.attn.ve_gate.weight.buf,512,1022,RAW,0.0003283749974798411
29,blocks.3.mlp.c_fc.weight.buf,4194304,4196389,RAW,0.11668545799329877
29,blocks.3.mlp.c_proj.weight.buf,4194304,4195129,RAW,0.10332516700145788
29,blocks.4.attn.c_q.weight.buf,1048576,1049401,RAW,0.020015791000332683
29,blocks.4.attn.c_k.weight.buf,1048576,1049401,RAW,0.034565624984679744
29,blocks.4.attn.c_v.weight.buf,1048576,1049401,RAW,0.01985408301698044
29,blocks.4.attn.c_proj.weight.buf,1048576,1049401,RAW,0.01979479199508205
29,blocks.4.mlp.c_fc.weight.buf,4194304,4196389,RAW,0.1132867919804994
29,blocks.4.mlp.c_proj.weight.buf,4194304,4195129,RAW,0.10704083301243372
29,blocks.5.attn.c_q.weight.buf,1048576,1049401,RAW,0.020224624982802197
29,blocks.5.attn.c_k.weight.buf,1048576,1049401,RAW,0.03564970797742717
29,blocks.5.attn.c_v.weight.buf,1048576,1049401,RAW,0.0201085000007879
29,blocks.5.attn.c_proj.weight.buf,1048576,1049401,RAW,0.020058499998413026
29,blocks.5.attn.ve_gate.weight.buf,512,1022,RAW,1.158300437964499e-05
29,blocks.5.mlp.c_fc.weight.buf,4194304,4196389,RAW,0.10930958300014026
29,blocks.5.mlp.c_proj.weight.buf,4194304,4195129,RAW,0.10456733300816268
29,blocks.6.attn.c_q.weight.buf,1048576,1049401,RAW,0.02005108300363645
29,blocks.6.attn.c_k.weight.buf,1048576,1049401,RAW,0.019989958993392065
29,blocks.6.attn.c_v.weight.buf,1048576,1049401,RAW,0.03531549999024719
29,blocks.6.attn.c_proj.weight.buf,1048576,1049401,RAW,0.019896416983101517
29,blocks.6.mlp.c_fc.weight.buf,4194304,4196389,RAW,0.11202658401452936
29,blocks.6.mlp.c_proj.weight.buf,4194304,4195129,RAW,0.1009041250217706
29,blocks.7.attn.c_q.weight.buf,1048576,1049401,RAW,0.034593667020089924
29,blocks.7.attn.c_k.weight.buf,1048576,1049401,RAW,0.01971841702470556
29,blocks.7.attn.c_v.weight.buf,1048576,1049401,RAW,0.01969791599549353
29,blocks.7.attn.c_proj.weight.buf,1048576,1049401,RAW,0.034637584001757205
29,blocks.7.attn.ve_gate.weight.buf,512,1022,RAW,2.0749983377754688e-05
29,blocks.7.mlp.c_fc.weight.buf,4194304,4196389,RAW,0.09596133400918916
29,blocks.7.mlp.c_proj.weight.buf,4194304,4195129,RAW,0.10377712501212955
29,lm_head.weight.m,67108864,67136149,RAW,1.51249574997928
29,lm_head.weight.v,67108864,67136149,RAW,1.5599189999920782
29,resid_lambdas.m,32,32,RAW_VECTOR,8.249975508078933e-06
29,resid_lambdas.v,32,32,RAW_VECTOR,5.839974619448185e-07
29,x0_lambdas.m,32,32,RAW_VECTOR,1.2090022210031748e-06
29,x0_lambdas.v,32,32,RAW_VECTOR,4.169996827840805e-07
29,value_embeds.1.weight.m,67108864,59996813,GRAMMAR,0.9431209580216091
29,value_embeds.1.weight.v,67108864,59996521,GRAMMAR,0.9681682910013478
29,value_embeds.3.weight.m,67108864,59996853,GRAMMAR,0.9722511250001844
29,value_embeds.3.weight.v,67108864,59996817,GRAMMAR,0.9227955419919454
29,value_embeds.5.weight.m,67108864,59996917,GRAMMAR,0.9599295420048293
29,value_embeds.5.weight.v,67108864,59996805,GRAMMAR,0.9752721250115428
29,value_embeds.7.weight.m,67108864,59996761,GRAMMAR,0.9489754160167649
29,value_embeds.7.weight.v,67108864,59996861,GRAMMAR,0.954261958017014
30,wte.weight.m,67108864,60992137,GRAMMAR,1.0189768339914735
30,wte.weight.v,67108864,60991929,GRAMMAR,0.9359787499997765
30,blocks.0.attn.c_q.weight.buf,1048576,1049401,RAW,0.03423387499060482
30,blocks.0.attn.c_k.weight.buf,1048576,1049401,RAW,0.019425957987550646
30,blocks.0.attn.c_v.weight.buf,1048576,1049401,RAW,0.019588082999689505
30,blocks.0.attn.c_proj.weight.buf,1048576,1049401,RAW,0.03505266600404866
30,blocks.0.mlp.c_fc.weight.buf,4194304,4196389,RAW,0.10096737500862218
30,blocks.0.mlp.c_proj.weight.buf,4194304,4195129,RAW,0.11909987500985153
30,blocks.1.attn.c_q.weight.buf,1048576,1049401,RAW,0.04084058300941251
30,blocks.1.attn.c_k.weight.buf,1048576,1049401,RAW,0.021111417008796707
30,blocks.1.attn.c_v.weight.buf,1048576,1049401,RAW,0.021014917001593858
30,blocks.1.attn.c_proj.weight.buf,1048576,1049401,RAW,0.039470374991651624
30,blocks.1.attn.ve_gate.weight.buf,512,1022,RAW,4.099999205209315e-05
30,blocks.1.mlp.c_fc.weight.buf,4194304,4196389,RAW,0.10141100001055747
30,blocks.1.mlp.c_proj.weight.buf,4194304,4195129,RAW,0.10734595800749958
30,blocks.2.attn.c_q.weight.buf,1048576,1049401,RAW,0.03643162499065511
30,blocks.2.attn.c_k.weight.buf,1048576,1049401,RAW,0.021187333011766896
30,blocks.2.attn.c_v.weight.buf,1048576,1049401,RAW,0.0202776670048479
30,blocks.2.attn.c_proj.weight.buf,1048576,1049401,RAW,0.019822917005512863
30,blocks.2.mlp.c_fc.weight.buf,4194304,4196389,RAW,0.09696116700069979
30,blocks.2.mlp.c_proj.weight.buf,4194304,4195129,RAW,0.1193717920104973
30,blocks.3.attn.c_q.weight.buf,1048576,1049401,RAW,0.020193333009956405
30,blocks.3.attn.c_k.weight.buf,1048576,1049401,RAW,0.020091958984266967
30,blocks.3.attn.c_v.weight.buf,1048576,1049401,RAW,0.03568220802117139
30,blocks.3.attn.c_proj.weight.buf,1048576,1049401,RAW,0.01984812502632849
30,blocks.3.attn.ve_gate.weight.buf,512,1022,RAW,1.1708005331456661e-05
30,blocks.3.mlp.c_fc.weight.buf,4194304,4196389,RAW,0.09748512500664219
30,blocks.3.mlp.c_proj.weight.buf,4194304,4195129,RAW,0.10274412500439212
30,blocks.4.attn.c_q.weight.buf,1048576,1049401,RAW,0.03536508299293928
30,blocks.4.attn.c_k.weight.buf,1048576,1049401,RAW,0.020128499978454784
30,blocks.4.attn.c_v.weight.buf,1048576,1049401,RAW,0.019692667003255337
30,blocks.4.attn.c_proj.weight.buf,1048576,1049401,RAW,0.03496912500122562
30,blocks.4.mlp.c_fc.weight.buf,4194304,4196389,RAW,0.10532024997519329
30,blocks.4.mlp.c_proj.weight.buf,4194304,4195129,RAW,0.10267879100865684
30,blocks.5.attn.c_q.weight.buf,1048576,1049401,RAW,0.01978108298499137
30,blocks.5.attn.c_k.weight.buf,1048576,1049401,RAW,0.03474470798391849
30,blocks.5.attn.c_v.weight.buf,1048576,1049401,RAW,0.020314292021794245
30,blocks.5.attn.c_proj.weight.buf,1048576,1049401,RAW,0.019974208989879116
30,blocks.5.attn.ve_gate.weight.buf,512,1022,RAW,1.2957985745742917e-05
30,blocks.5.mlp.c_fc.weight.buf,4194304,4196389,RAW,0.09736537499702536
30,blocks.5.mlp.c_proj.weight.buf,4194304,4195129,RAW,0.11585941599332727
30,blocks.6.attn.c_q.weight.buf,1048576,1049401,RAW,0.03584758299984969
30,blocks.6.attn.c_k.weight.buf,1048576,1049401,RAW,0.019899999984772876
30,blocks.6.attn.c_v.weight.buf,1048576,1049401,RAW,0.03411820798646659
30,blocks.6.attn.c_proj.weight.buf,1048576,1049401,RAW,0.02012733300216496
30,blocks.6.mlp.c_fc.weight.buf,4194304,4196389,RAW,0.09465158398961648
30,blocks.6.mlp.c_proj.weight.buf,4194304,4195129,RAW,0.09954887497588061
30,blocks.7.attn.c_q.weight.buf,1048576,1049401,RAW,0.03423191700130701
30,blocks.7.attn.c_k.weight.buf,1048576,1049401,RAW,0.019998625008156523
30,blocks.7.attn.c_v.weight.buf,1048576,1049401,RAW,0.01945799999521114
30,blocks.7.attn.c_proj.weight.buf,1048576,1049401,RAW,0.019358707999344915
30,blocks.7.attn.ve_gate.weight.buf,512,1022,RAW,2.0208011846989393e-05
30,blocks.7.mlp.c_fc.weight.buf,4194304,4196389,RAW,0.1042381250008475
30,blocks.7.mlp.c_proj.weight.buf,4194304,4195129,RAW,0.09919729200191796
30,lm_head.weight.m,67108864,67136149,RAW,1.541470083000604
30,lm_head.weight.v,67108864,67136149,RAW,1.5055212920124177
30,resid_lambdas.m,32,32,RAW_VECTOR,9.583978680893779e-06
30,resid_lambdas.v,32,32,RAW_VECTOR,4.999747034162283e-07
30,x0_lambdas.m,32,32,RAW_VECTOR,1.2500095181167126e-06
30,x0_lambdas.v,32,32,RAW_VECTOR,4.580069798976183e-07
30,value_embeds.1.weight.m,67108864,60473757,GRAMMAR,1.0019228750024922
30,value_embeds.1.weight.v,67108864,60473433,GRAMMAR,0.9710391250264365
30,value_embeds.3.weight.m,67108864,60473789,GRAMMAR,0.9578509170096368
30,value_embeds.3.weight.v,67108864,60473725,GRAMMAR,0.9755701660178602
30,value_embeds.5.weight.m,67108864,60473889,GRAMMAR,0.9812680420000106
30,value_embeds.5.weight.v,67108864,60473737,GRAMMAR,0.946403250010917
30,value_embeds.7.weight.m,67108864,60473741,GRAMMAR,0.9805296669946983
30,value_embeds.7.weight.v,67108864,60473769,GRAMMAR,0.9564879999961704
31,wte.weight.m,67108864,61520389,GRAMMAR,0.9808519169746432
31,wte.weight.v,67108864,61520157,GRAMMAR,1.034339000005275
31,blocks.0.attn.c_q.weight.buf,1048576,1049401,RAW,0.020663500006776303
31,blocks.0.attn.c_k.weight.buf,1048576,1049401,RAW,0.019991833018139005
31,blocks.0.attn.c_v.weight.buf,1048576,1049401,RAW,0.020060500013642013
31,blocks.0.attn.c_proj.weight.buf,1048576,1049401,RAW,0.021137208997970447
31,blocks.0.mlp.c_fc.weight.buf,4194304,4196389,RAW,0.09663549999822862
31,blocks.0.mlp.c_proj.weight.buf,4194304,4195129,RAW,0.10395683397655375
31,blocks.1.attn.c_q.weight.buf,1048576,1049401,RAW,0.03529266599798575
31,blocks.1.attn.c_k.weight.buf,1048576,1049401,RAW,0.02002708299551159
31,blocks.1.attn.c_v.weight.buf,1048576,1049401,RAW,0.01998083299258724
31,blocks.1.attn.c_proj.weight.buf,1048576,1049401,RAW,0.03480808300082572
31,blocks.1.attn.ve_gate.weight.buf,512,1022,RAW,2.0916981156915426e-05
31,blocks.1.mlp.c_fc.weight.buf,4194304,4196389,RAW,0.0965883340104483
31,blocks.1.mlp.c_proj.weight.buf,4194304,4195129,RAW,0.13158770801965147
31,blocks.2.attn.c_q.weight.buf,1048576,1049401,RAW,0.019887875008862466
31,blocks.2.attn.c_k.weight.buf,1048576,1049401,RAW,0.021356459008529782
31,blocks.2.attn.c_v.weight.buf,1048576,1049401,RAW,0.019934750016545877
31,blocks.2.attn.c_proj.weight.buf,1048576,1049401,RAW,0.019629582995548844
31,blocks.2.mlp.c_fc.weight.buf,4194304,4196389,RAW,0.09735183301381767
31,blocks.2.mlp.c_proj.weight.buf,4194304,4195129,RAW,0.10431458297534846
31,blocks.3.attn.c_q.weight.buf,1048576,1049401,RAW,0.01984662498580292
31,blocks.3.attn.c_k.weight.buf,1048576,1049401,RAW,0.035743124986765906
31,blocks.3.attn.c_v.weight.buf,1048576,1049401,RAW,0.019803499977570027
31,blocks.3.attn.c_proj.weight.buf,1048576,1049401,RAW,0.01965579198440537
31,blocks.3.attn.ve_gate.weight.buf,512,1022,RAW,3.283401019871235e-05
31,blocks.3.mlp.c_fc.weight.buf,4194304,4196389,RAW,0.09319479099940509
31,blocks.3.mlp.c_proj.weight.buf,4194304,4195129,RAW,0.09919029200682417
31,blocks.4.attn.c_q.weight.buf,1048576,1049401,RAW,0.020438708015717566
31,blocks.4.attn.c_k.weight.buf,1048576,1049401,RAW,0.019436667003901675
31,blocks.4.attn.c_v.weight.buf,1048576,1049401,RAW,0.0343138329917565
31,blocks.4.attn.c_proj.weight.buf,1048576,1049401,RAW,0.020357375004095957
31,blocks.4.mlp.c_fc.weight.buf,4194304,4196389,RAW,0.09453720899182372
31,blocks.4.mlp.c_proj.weight.buf,4194304,4195129,RAW,0.10019574998295866
31,blocks.5.attn.c_q.weight.buf,1048576,1049401,RAW,0.03435100000933744
31,blocks.5.attn.c_k.weight.buf,1048576,1049401,RAW,0.033741084014764056
31,blocks.5.attn.c_v.weight.buf,1048576,1049401,RAW,0.019319415994687006
31,blocks.5.attn.c_proj.weight.buf,1048576,1049401,RAW,0.019385958003113046
31,blocks.5.attn.ve_gate.weight.buf,512,1022,RAW,3.558400203473866e-05
31,blocks.5.mlp.c_fc.weight.buf,4194304,4196389,RAW,0.09413154100184329
31,blocks.5.mlp.c_proj.weight.buf,4194304,4195129,RAW,0.0998741659859661
31,blocks.6.attn.c_q.weight.buf,1048576,1049401,RAW,0.019539666012860835
31,blocks.6.attn.c_k.weight.buf,1048576,1049401,RAW,0.01938470802269876
31,blocks.6.attn.c_v.weight.buf,1048576,1049401,RAW,0.020767042005900294
31,blocks.6.attn.c_proj.weight.buf,1048576,1049401,RAW,0.01921491598477587
31,blocks.6.mlp.c_fc.weight.buf,4194304,4196389,RAW,0.10059166702558286
31,blocks.6.mlp.c_proj.weight.buf,4194304,4195129,RAW,0.13808316600625403
31,blocks.7.attn.c_q.weight.buf,1048576,1049401,RAW,0.021777542016934603
31,blocks.7.attn.c_k.weight.buf,1048576,1049401,RAW,0.02054833300644532
31,blocks.7.attn.c_v.weight.buf,1048576,1049401,RAW,0.02070179200381972
31,blocks.7.attn.c_proj.weight.buf,1048576,1049401,RAW,0.022493291995488107
31,blocks.7.attn.ve_gate.weight.buf,512,1022,RAW,2.9082992114126682e-05
31,blocks.7.mlp.c_fc.weight.buf,4194304,4196389,RAW,0.10440750000998378
31,blocks.7.mlp.c_proj.weight.buf,4194304,4195129,RAW,0.10691145801683888
31,lm_head.weight.m,67108864,67136149,RAW,1.539979958004551
31,lm_head.weight.v,67108864,67136149,RAW,1.5029624579765368
31,resid_lambdas.m,32,32,RAW_VECTOR,7.2499969974160194e-06
31,resid_lambdas.v,32,32,RAW_VECTOR,4.169996827840805e-07
31,x0_lambdas.m,32,32,RAW_VECTOR,1.0410149116069078e-06
31,x0_lambdas.v,32,32,RAW_VECTOR,4.5797787606716156e-07
31,value_embeds.1.weight.m,67108864,61026233,GRAMMAR,1.0022792499803472
31,value_embeds.1.weight.v,67108864,61025821,GRAMMAR,0.9799785000213888
31,value_embeds.3.weight.m,67108864,61026241,GRAMMAR,0.9977193750091828
31,value_embeds.3.weight.v,67108864,61026101,GRAMMAR,0.9837199169851374
31,value_embeds.5.weight.m,67108864,61026373,GRAMMAR,0.978908874996705
31,value_embeds.5.weight.v,67108864,61026129,GRAMMAR,0.9905715420027263
31,value_embeds.7.weight.m,67108864,61026273,GRAMMAR,1.0112017909996212
31,value_embeds.7.weight.v,67108864,61026193,GRAMMAR,0.9670035419985652
32,wte.weight.m,67108864,61960649,GRAMMAR,1.0618830409948714
32,wte.weight.v,67108864,61960377,GRAMMAR,1.023232666979311
32,blocks.0.attn.c_q.weight.buf,1048576,1049401,RAW,0.021307083021383733
32,blocks.0.attn.c_k.weight.buf,1048576,1049401,RAW,0.01943325001047924
32,blocks.0.attn.c_v.weight.buf,1048576,1049401,RAW,0.03454141700058244
32,blocks.0.attn.c_proj.weight.buf,1048576,1049401,RAW,0.01948437502142042
32,blocks.0.mlp.c_fc.weight.buf,4194304,4196389,RAW,0.09292612501303665
32,blocks.0.mlp.c_proj.weight.buf,4194304,4195129,RAW,0.09824141598073766
32,blocks.1.attn.c_q.weight.buf,1048576,1049401,RAW,0.03524758401908912
32,blocks.1.attn.c_k.weight.buf,1048576,1049401,RAW,0.01950624998426065
32,blocks.1.attn.c_v.weight.buf,1048576,1049401,RAW,0.019579707994125783
32,blocks.1.attn.c_proj.weight.buf,1048576,1049401,RAW,0.019362209015525877
32,blocks.1.attn.ve_gate.weight.buf,512,1022,RAW,3.0499999411404133e-05
32,blocks.1.mlp.c_fc.weight.buf,4194304,4196389,RAW,0.0960356249997858
32,blocks.1.mlp.c_proj.weight.buf,4194304,4195129,RAW,0.10007391701219603
32,blocks.2.attn.c_q.weight.buf,1048576,1049401,RAW,0.019385207997402176
32,blocks.2.attn.c_k.weight.buf,1048576,1049401,RAW,0.019372832990484312
32,blocks.2.attn.c_v.weight.buf,1048576,1049401,RAW,0.03472662501735613
32,blocks.2.attn.c_proj.weight.buf,1048576,1049401,RAW,0.01928754200343974
32,blocks.2.mlp.c_fc.weight.buf,4194304,4196389,RAW,0.09413291700184345
32,blocks.2.mlp.c_proj.weight.buf,4194304,4195129,RAW,0.11088791702059098
32,blocks.3.attn.c_q.weight.buf,1048576,1049401,RAW,0.04080725001404062
32,blocks.3.attn.c_k.weight.buf,1048576,1049401,RAW,0.021027458016760647
32,blocks.3.attn.c_v.weight.buf,1048576,1049401,RAW,0.020828125008847564
32,blocks.3.attn.c_proj.weight.buf,1048576,1049401,RAW,0.03946704199188389
32,blocks.3.attn.ve_gate.weight.buf,512,1022,RAW,3.199998172931373e-05
32,blocks.3.mlp.c_fc.weight.buf,4194304,4196389,RAW,0.10141316600493155
32,blocks.3.mlp.c_proj.weight.buf,4194304,4195129,RAW,0.11916724999900907
32,blocks.4.attn.c_q.weight.buf,1048576,1049401,RAW,0.0378805419895798
32,blocks.4.attn.c_k.weight.buf,1048576,1049401,RAW,0.020098165987292305
32,blocks.4.attn.c_v.weight.buf,1048576,1049401,RAW,0.019850874989060685
32,blocks.4.attn.c_proj.weight.buf,1048576,1049401,RAW,0.035140749998390675
32,blocks.4.mlp.c_fc.weight.buf,4194304,4196389,RAW,0.09788587500224821
32,blocks.4.mlp.c_proj.weight.buf,4194304,4195129,RAW,0.10350729199126363
32,blocks.5.attn.c_q.weight.buf,1048576,1049401,RAW,0.020292583998525515
32,blocks.5.attn.c_k.weight.buf,1048576,1049401,RAW,0.03602404097910039
32,blocks.5.attn.c_v.weight.buf,1048576,1049401,RAW,0.020115125022130087
32,blocks.5.attn.c_proj.weight.buf,1048576,1049401,RAW,0.01991829101461917
32,blocks.5.attn.ve_gate.weight.buf,512,1022,RAW,1.0791991371661425e-05
32,blocks.5.mlp.c_fc.weight.buf,4194304,4196389,RAW,0.09813499997835606
32,blocks.5.mlp.c_proj.weight.buf,4194304,4195129,RAW,0.1027468329994008
32,blocks.6.attn.c_q.weight.buf,1048576,1049401,RAW,0.03540062499814667
32,blocks.6.attn.c_k.weight.buf,1048576,1049401,RAW,0.01977804198395461
32,blocks.6.attn.c_v.weight.buf,1048576,1049401,RAW,0.03600841699517332
32,blocks.6.attn.c_proj.weight.buf,1048576,1049401,RAW,0.020849249995080754
32,blocks.6.mlp.c_fc.weight.buf,4194304,4196389,RAW,0.09841424998012371
32,blocks.6.mlp.c_proj.weight.buf,4194304,4195129,RAW,0.10305649999645539
32,blocks.7.attn.c_q.weight.buf,1048576,1049401,RAW,0.0365585419931449
32,blocks.7.attn.c_k.weight.buf,1048576,1049401,RAW,0.02021354201133363
32,blocks.7.attn.c_v.weight.buf,1048576,1049401,RAW,0.02068816701648757
32,blocks.7.attn.c_proj.weight.buf,1048576,1049401,RAW,0.03810574999079108
32,blocks.7.attn.ve_gate.weight.buf,512,1022,RAW,2.762500662356615e-05
32,blocks.7.mlp.c_fc.weight.buf,4194304,4196389,RAW,0.09777795898844488
32,blocks.7.mlp.c_proj.weight.buf,4194304,4195129,RAW,0.10393995797494426
32,lm_head.weight.m,67108864,67136149,RAW,1.5243108329887036
32,lm_head.weight.v,67108864,67136149,RAW,1.5523522080038674
32,resid_lambdas.m,32,32,RAW_VECTOR,9.207986295223236e-06
32,resid_lambdas.v,32,32,RAW_VECTOR,5.830079317092896e-07
32,x0_lambdas.m,32,32,RAW_VECTOR,1.167005393654108e-06
32,x0_lambdas.v,32,32,RAW_VECTOR,4.5899651013314724e-07
32,value_embeds.1.weight.m,67108864,61487517,GRAMMAR,0.9880192080163397
32,value_embeds.1.weight.v,67108864,61487173,GRAMMAR,1.0343854999809992
32,value_embeds.3.weight.m,67108864,61487553,GRAMMAR,1.0102312919916585
32,value_embeds.3.weight.v,67108864,61487309,GRAMMAR,0.9664756249985658
32,value_embeds.5.weight.m,67108864,61487617,GRAMMAR,1.0414132080040872
32,value_embeds.5.weight.v,67108864,61487437,GRAMMAR,0.994180250010686
32,value_embeds.7.weight.m,67108864,61487537,GRAMMAR,0.997014249995118
32,value_embeds.7.weight.v,67108864,61487485,GRAMMAR,1.0415195419918746
33,wte.weight.m,67108864,62307913,GRAMMAR,1.0299347910040524
33,wte.weight.v,67108864,62307641,GRAMMAR,1.0444532499823254
33,blocks.0.attn.c_q.weight.buf,1048576,1049401,RAW,0.020586625003488734
33,blocks.0.attn.c_k.weight.buf,1048576,1049401,RAW,0.019971500005340204
33,blocks.0.attn.c_v.weight.buf,1048576,1049401,RAW,0.035645666997879744
33,blocks.0.attn.c_proj.weight.buf,1048576,1049401,RAW,0.020173249999061227
33,blocks.0.mlp.c_fc.weight.buf,4194304,4196389,RAW,0.10982449998846278
33,blocks.0.mlp.c_proj.weight.buf,4194304,4195129,RAW,0.10388337497715838
33,blocks.1.attn.c_q.weight.buf,1048576,1049401,RAW,0.03602866700384766
33,blocks.1.attn.c_k.weight.buf,1048576,1049401,RAW,0.01978862500982359
33,blocks.1.attn.c_v.weight.buf,1048576,1049401,RAW,0.019800374982878566
33,blocks.1.attn.c_proj.weight.buf,1048576,1049401,RAW,0.035424542002147064
33,blocks.1.attn.ve_gate.weight.buf,512,1022,RAW,1.562500256113708e-05
33,blocks.1.mlp.c_fc.weight.buf,4194304,4196389,RAW,0.09643291600514203
33,blocks.1.mlp.c_proj.weight.buf,4194304,4195129,RAW,0.10468699998455122
33,blocks.2.attn.c_q.weight.buf,1048576,1049401,RAW,0.02018187500652857
33,blocks.2.attn.c_k.weight.buf,1048576,1049401,RAW,0.03689300001133233
33,blocks.2.attn.c_v.weight.buf,1048576,1049401,RAW,0.0225453749881126
33,blocks.2.attn.c_proj.weight.buf,1048576,1049401,RAW,0.020001958997454494
33,blocks.2.mlp.c_fc.weight.buf,4194304,4196389,RAW,0.11037362500792369
33,blocks.2.mlp.c_proj.weight.buf,4194304,4195129,RAW,0.10385683298227377
33,blocks.3.attn.c_q.weight.buf,1048576,1049401,RAW,0.019688540982315317
33,blocks.3.attn.c_k.weight.buf,1048576,1049401,RAW,0.019753333006519824
33,blocks.3.attn.c_v.weight.buf,1048576,1049401,RAW,0.03548229197622277
33,blocks.3.attn.c_proj.weight.buf,1048576,1049401,RAW,0.02029345798655413
33,blocks.3.attn.ve_gate.weight.buf,512,1022,RAW,1.1750002158805728e-05
33,blocks.3.mlp.c_fc.weight.buf,4194304,4196389,RAW,0.09710229199845344
33,blocks.3.mlp.c_proj.weight.buf,4194304,4195129,RAW,0.13207937500556
33,blocks.4.attn.c_q.weight.buf,1048576,1049401,RAW,0.020967707998352125
33,blocks.4.attn.c_k.weight.buf,1048576,1049401,RAW,0.020136583014391363
33,blocks.4.attn.c_v.weight.buf,1048576,1049401,RAW,0.020113582984777167
33,blocks.4.attn.c_proj.weight.buf,1048576,1049401,RAW,0.036117332987487316
33,blocks.4.mlp.c_fc.weight.buf,4194304,4196389,RAW,0.09598591600661166
33,blocks.4.mlp.c_proj.weight.buf,4194304,4195129,RAW,0.09844600001815706
33,blocks.5.attn.c_q.weight.buf,1048576,1049401,RAW,0.01953512500040233
33,blocks.5.attn.c_k.weight.buf,1048576,1049401,RAW,0.034850875003030524
33,blocks.5.attn.c_v.weight.buf,1048576,1049401,RAW,0.019551541015971452
33,blocks.5.attn.c_proj.weight.buf,1048576,1049401,RAW,0.019735207984922454
33,blocks.5.attn.ve_gate.weight.buf,512,1022,RAW,3.041699528694153e-05
33,blocks.5.mlp.c_fc.weight.buf,4194304,4196389,RAW,0.09590725001180544
33,blocks.5.mlp.c_proj.weight.buf,4194304,4195129,RAW,0.10056449999683537
33,blocks.6.attn.c_q.weight.buf,1048576,1049401,RAW,0.019416041992371902
33,blocks.6.attn.c_k.weight.buf,1048576,1049401,RAW,0.019520208006724715
33,blocks.6.attn.c_v.weight.buf,1048576,1049401,RAW,0.034235708008054644
33,blocks.6.attn.c_proj.weight.buf,1048576,1049401,RAW,0.01964508299715817
33,blocks.6.mlp.c_fc.weight.buf,4194304,4196389,RAW,0.09436675001052208
33,blocks.6.mlp.c_proj.weight.buf,4194304,4195129,RAW,0.10003283401601948
33,blocks.7.attn.c_q.weight.buf,1048576,1049401,RAW,0.01968120801029727
33,blocks.7.attn.c_k.weight.buf,1048576,1049401,RAW,0.03380129099241458
33,blocks.7.attn.c_v.weight.buf,1048576,1049401,RAW,0.019373209011973813
33,blocks.7.attn.c_proj.weight.buf,1048576,1049401,RAW,0.019455500005278736
33,blocks.7.attn.ve_gate.weight.buf,512,1022,RAW,5.141602014191449e-05
33,blocks.7.mlp.c_fc.weight.buf,4194304,4196389,RAW,0.09603637497639284
33,blocks.7.mlp.c_proj.weight.buf,4194304,4195129,RAW,0.1216540829918813
33,lm_head.weight.m,67108864,67136149,RAW,1.558784334018128
33,lm_head.weight.v,67108864,67136149,RAW,1.5346947079815436
33,resid_lambdas.m,32,32,RAW_VECTOR,1.1458003427833319e-05
33,resid_lambdas.v,32,32,RAW_VECTOR,5.830079317092896e-07
33,x0_lambdas.m,32,32,RAW_VECTOR,1.8329883459955454e-06
33,x0_lambdas.v,32,32,RAW_VECTOR,4.580069798976183e-07
33,value_embeds.1.weight.m,67108864,61877245,GRAMMAR,1.0231908329878934
33,value_embeds.1.weight.v,67108864,61876881,GRAMMAR,0.9972505409969017
33,value_embeds.3.weight.m,67108864,61877305,GRAMMAR,1.0166093329899013
33,value_embeds.3.weight.v,67108864,61876977,GRAMMAR,1.0458480829838663
33,value_embeds.5.weight.m,67108864,61877337,GRAMMAR,1.010793666006066
33,value_embeds.5.weight.v,67108864,61877141,GRAMMAR,0.9970818749861792
33,value_embeds.7.weight.m,67108864,61877261,GRAMMAR,1.0290918340033386
33,value_embeds.7.weight.v,67108864,61877225,GRAMMAR,1.0074599999934435
34,wte.weight.m,67108864,62712637,GRAMMAR,1.0845590830140281
34,wte.weight.v,67108864,62712373,GRAMMAR,1.042272791994037
34,blocks.0.attn.c_q.weight.buf,1048576,1049401,RAW,0.019947542023146525
34,blocks.0.attn.c_k.weight.buf,1048576,1049401,RAW,0.03455412498442456
34,blocks.0.attn.c_v.weight.buf,1048576,1049401,RAW,0.019443291996140033
34,blocks.0.attn.c_proj.weight.buf,1048576,1049401,RAW,0.019327708025230095
34,blocks.0.mlp.c_fc.weight.buf,4194304,4196389,RAW,0.093586916977074
34,blocks.0.mlp.c_proj.weight.buf,4194304,4195129,RAW,0.09984095799154602
34,blocks.1.attn.c_q.weight.buf,1048576,1049401,RAW,0.020060625014593825
34,blocks.1.attn.c_k.weight.buf,1048576,1049401,RAW,0.01942695799516514
34,blocks.1.attn.c_v.weight.buf,1048576,1049401,RAW,0.03431987500516698
34,blocks.1.attn.c_proj.weight.buf,1048576,1049401,RAW,0.02014491701265797
34,blocks.1.attn.ve_gate.weight.buf,512,1022,RAW,5.129197961650789e-05
34,blocks.1.mlp.c_fc.weight.buf,4194304,4196389,RAW,0.09364708300563507
34,blocks.1.mlp.c_proj.weight.buf,4194304,4195129,RAW,0.09985029199742712
34,blocks.2.attn.c_q.weight.buf,1048576,1049401,RAW,0.019525916985003278
34,blocks.2.attn.c_k.weight.buf,1048576,1049401,RAW,0.03384758299216628
34,blocks.2.attn.c_v.weight.buf,1048576,1049401,RAW,0.01951912499498576
34,blocks.2.attn.c_proj.weight.buf,1048576,1049401,RAW,0.019268833013484254
34,blocks.2.mlp.c_fc.weight.buf,4194304,4196389,RAW,0.094187457987573
34,blocks.2.mlp.c_proj.weight.buf,4194304,4195129,RAW,0.10220775002380833
34,blocks.3.attn.c_q.weight.buf,1048576,1049401,RAW,0.020049125014338642
34,blocks.3.attn.c_k.weight.buf,1048576,1049401,RAW,0.02115070799482055
34,blocks.3.attn.c_v.weight.buf,1048576,1049401,RAW,0.04070308298105374
34,blocks.3.attn.c_proj.weight.buf,1048576,1049401,RAW,0.02122495899675414
34,blocks.3.attn.ve_gate.weight.buf,512,1022,RAW,2.7749978471547365e-05
34,blocks.3.mlp.c_fc.weight.buf,4194304,4196389,RAW,0.10385083401342854
34,blocks.3.mlp.c_proj.weight.buf,4194304,4195129,RAW,0.12023070899886079
34,blocks.4.attn.c_q.weight.buf,1048576,1049401,RAW,0.023081084014847875
34,blocks.4.attn.c_k.weight.buf,1048576,1049401,RAW,0.021387165994383395
34,blocks.4.attn.c_v.weight.buf,1048576,1049401,RAW,0.02088791600544937
34,blocks.4.attn.c_proj.weight.buf,1048576,1049401,RAW,0.04135029201279394
34,blocks.4.mlp.c_fc.weight.buf,4194304,4196389,RAW,0.09782583298510872
34,blocks.4.mlp.c_proj.weight.buf,4194304,4195129,RAW,0.10372229097993113
34,blocks.5.attn.c_q.weight.buf,1048576,1049401,RAW,0.020060166978510097
34,blocks.5.attn.c_k.weight.buf,1048576,1049401,RAW,0.03564966699923389
34,blocks.5.attn.c_v.weight.buf,1048576,1049401,RAW,0.03472541700466536
34,blocks.5.attn.c_proj.weight.buf,1048576,1049401,RAW,0.0196880410076119
34,blocks.5.attn.ve_gate.weight.buf,512,1022,RAW,1.6083999071270227e-05
34,blocks.5.mlp.c_fc.weight.buf,4194304,4196389,RAW,0.09893425001064315
34,blocks.5.mlp.c_proj.weight.buf,4194304,4195129,RAW,0.11917191601241939
34,blocks.6.attn.c_q.weight.buf,1048576,1049401,RAW,0.020967249991372228
34,blocks.6.attn.c_k.weight.buf,1048576,1049401,RAW,0.03616333400714211
34,blocks.6.attn.c_v.weight.buf,1048576,1049401,RAW,0.021414582995930687
34,blocks.6.attn.c_proj.weight.buf,1048576,1049401,RAW,0.020549707987811416
34,blocks.6.mlp.c_fc.weight.buf,4194304,4196389,RAW,0.09946358398883604
34,blocks.6.mlp.c_proj.weight.buf,4194304,4195129,RAW,0.10416587500367314
34,blocks.7.attn.c_q.weight.buf,1048576,1049401,RAW,0.020183332992019132
34,blocks.7.attn.c_k.weight.buf,1048576,1049401,RAW,0.019848583004204556
34,blocks.7.attn.c_v.weight.buf,1048576,1049401,RAW,0.03537950001191348
34,blocks.7.attn.c_proj.weight.buf,1048576,1049401,RAW,0.02026566700078547
34,blocks.7.attn.ve_gate.weight.buf,512,1022,RAW,1.1500000255182385e-05
34,blocks.7.mlp.c_fc.weight.buf,4194304,4196389,RAW,0.09867137498804368
34,blocks.7.mlp.c_proj.weight.buf,4194304,4195129,RAW,0.12095224999939092
34,lm_head.weight.m,67108864,67136149,RAW,1.5236517089942936
34,lm_head.weight.v,67108864,67136149,RAW,1.5511253750009928
34,resid_lambdas.m,32,32,RAW_VECTOR,6.833026418462396e-06
34,resid_lambdas.v,32,32,RAW_VECTOR,5.830079317092896e-07
34,x0_lambdas.m,32,32,RAW_VECTOR,1.2080126907676458e-06
34,x0_lambdas.v,32,32,RAW_VECTOR,3.7500285543501377e-07
34,value_embeds.1.weight.m,67108864,62311313,GRAMMAR,1.0162448330083862
34,value_embeds.1.weight.v,67108864,62310913,GRAMMAR,1.0478807920007966
34,value_embeds.3.weight.m,67108864,62311425,GRAMMAR,1.0464389590197243
34,value_embeds.3.weight.v,67108864,62311049,GRAMMAR,0.9969493750249967
34,value_embeds.5.weight.m,67108864,62311449,GRAMMAR,1.0751627920253668
34,value_embeds.5.weight.v,67108864,62311229,GRAMMAR,1.0259307500091381
34,value_embeds.7.weight.m,67108864,62311389,GRAMMAR,0.9928596249956172
34,value_embeds.7.weight.v,67108864,62311241,GRAMMAR,1.0476613749924581
35,wte.weight.m,67108864,63050869,GRAMMAR,1.0659970419947058
35,wte.weight.v,67108864,63050557,GRAMMAR,1.0578930840129033
35,blocks.0.attn.c_q.weight.buf,1048576,1049401,RAW,0.03606083302292973
35,blocks.0.attn.c_k.weight.buf,1048576,1049401,RAW,0.0199669589928817
35,blocks.0.attn.c_v.weight.buf,1048576,1049401,RAW,0.019743708020541817
35,blocks.0.attn.c_proj.weight.buf,1048576,1049401,RAW,0.03612445798353292
35,blocks.0.mlp.c_fc.weight.buf,4194304,4196389,RAW,0.09674725000513718
35,blocks.0.mlp.c_proj.weight.buf,4194304,4195129,RAW,0.10545845798333175
35,blocks.1.attn.c_q.weight.buf,1048576,1049401,RAW,0.03462091600522399
35,blocks.1.attn.c_k.weight.buf,1048576,1049401,RAW,0.02068745798896998
35,blocks.1.attn.c_v.weight.buf,1048576,1049401,RAW,0.019899584003724158
35,blocks.1.attn.c_proj.weight.buf,1048576,1049401,RAW,0.01985145901562646
35,blocks.1.attn.ve_gate.weight.buf,512,1022,RAW,1.1583993909880519e-05
35,blocks.1.mlp.c_fc.weight.buf,4194304,4196389,RAW,0.11786454101093113
35,blocks.1.mlp.c_proj.weight.buf,4194304,4195129,RAW,0.10514412500197068
35,blocks.2.attn.c_q.weight.buf,1048576,1049401,RAW,0.01991520801675506
35,blocks.2.attn.c_k.weight.buf,1048576,1049401,RAW,0.035792291979305446
35,blocks.2.attn.c_v.weight.buf,1048576,1049401,RAW,0.020411959005286917
35,blocks.2.attn.c_proj.weight.buf,1048576,1049401,RAW,0.020198917016386986
35,blocks.2.mlp.c_fc.weight.buf,4194304,4196389,RAW,0.11017079098382965
35,blocks.2.mlp.c_proj.weight.buf,4194304,4195129,RAW,0.12125091699999757
35,blocks.3.attn.c_q.weight.buf,1048576,1049401,RAW,0.020523500017588958
35,blocks.3.attn.c_k.weight.buf,1048576,1049401,RAW,0.01990774998557754
35,blocks.3.attn.c_v.weight.buf,1048576,1049401,RAW,0.03619495898601599
35,blocks.3.attn.c_proj.weight.buf,1048576,1049401,RAW,0.02022991600097157
35,blocks.3.attn.ve_gate.weight.buf,512,1022,RAW,1.1791998986154795e-05
35,blocks.3.mlp.c_fc.weight.buf,4194304,4196389,RAW,0.09793162500136532
35,blocks.3.mlp.c_proj.weight.buf,4194304,4195129,RAW,0.10398383298888803
35,blocks.4.attn.c_q.weight.buf,1048576,1049401,RAW,0.036275708000175655
35,blocks.4.attn.c_k.weight.buf,1048576,1049401,RAW,0.019809457997325808
35,blocks.4.attn.c_v.weight.buf,1048576,1049401,RAW,0.019334499986143783
35,blocks.4.attn.c_proj.weight.buf,1048576,1049401,RAW,0.034597499994561076
35,blocks.4.mlp.c_fc.weight.buf,4194304,4196389,RAW,0.09480595801142044
35,blocks.4.mlp.c_proj.weight.buf,4194304,4195129,RAW,0.09861004201229662
35,blocks.5.attn.c_q.weight.buf,1048576,1049401,RAW,0.01951924999593757
35,blocks.5.attn.c_k.weight.buf,1048576,1049401,RAW,0.01923370800795965
35,blocks.5.attn.c_v.weight.buf,1048576,1049401,RAW,0.02057445899117738
35,blocks.5.attn.c_proj.weight.buf,1048576,1049401,RAW,0.019409499975154176
35,blocks.5.attn.ve_gate.weight.buf,512,1022,RAW,9.750016033649445e-06
35,blocks.5.mlp.c_fc.weight.buf,4194304,4196389,RAW,0.09526066700345837
35,blocks.5.mlp.c_proj.weight.buf,4194304,4195129,RAW,0.13413229200523347
35,blocks.6.attn.c_q.weight.buf,1048576,1049401,RAW,0.019763167016208172
35,blocks.6.attn.c_k.weight.buf,1048576,1049401,RAW,0.019081416976405308
35,blocks.6.attn.c_v.weight.buf,1048576,1049401,RAW,0.035287083010189235
35,blocks.6.attn.c_proj.weight.buf,1048576,1049401,RAW,0.019592124997870997
35,blocks.6.mlp.c_fc.weight.buf,4194304,4196389,RAW,0.09459033401799388
35,blocks.6.mlp.c_proj.weight.buf,4194304,4195129,RAW,0.09934179199626669
35,blocks.7.attn.c_q.weight.buf,1048576,1049401,RAW,0.034052415983751416
35,blocks.7.attn.c_k.weight.buf,1048576,1049401,RAW,0.019963416998507455
35,blocks.7.attn.c_v.weight.buf,1048576,1049401,RAW,0.02047254200442694
35,blocks.7.attn.c_proj.weight.buf,1048576,1049401,RAW,0.03918191700358875
35,blocks.7.attn.ve_gate.weight.buf,512,1022,RAW,2.3208005586639047e-05
35,blocks.7.mlp.c_fc.weight.buf,4194304,4196389,RAW,0.10306220801430754
35,blocks.7.mlp.c_proj.weight.buf,4194304,4195129,RAW,0.12064108400954865
35,lm_head.weight.m,67108864,67136149,RAW,1.5433958749927115
35,lm_head.weight.v,67108864,67136149,RAW,1.524194333003834
35,resid_lambdas.m,32,32,RAW_VECTOR,8.208007784560323e-06
35,resid_lambdas.v,32,32,RAW_VECTOR,5.420006345957518e-07
35,x0_lambdas.m,32,32,RAW_VECTOR,1.5420082490891218e-06
35,x0_lambdas.v,32,32,RAW_VECTOR,3.3300602808594704e-07
35,value_embeds.1.weight.m,67108864,62684773,GRAMMAR,1.0588267919956706
35,value_embeds.1.weight.v,67108864,62684293,GRAMMAR,1.031277667003451
35,value_embeds.3.weight.m,67108864,62684781,GRAMMAR,1.0620946249982808
35,value_embeds.3.weight.v,67108864,62684401,GRAMMAR,1.0435120409820229
35,value_embeds.5.weight.m,67108864,62684865,GRAMMAR,1.0221412920218427
35,value_embeds.5.weight.v,67108864,62684573,GRAMMAR,1.056776124984026
35,value_embeds.7.weight.m,67108864,62684789,GRAMMAR,1.065798249997897
35,value_embeds.7.weight.v,67108864,62684613,GRAMMAR,1.0207992090145126
36,wte.weight.m,67108864,63410273,GRAMMAR,1.1105459579848684
36,wte.weight.v,67108864,63409921,GRAMMAR,1.0605246249760967
36,blocks.0.attn.c_q.weight.buf,1048576,1049401,RAW,0.019911875016987324
36,blocks.0.attn.c_k.weight.buf,1048576,1049401,RAW,0.01979758302331902
36,blocks.0.attn.c_v.weight.buf,1048576,1049401,RAW,0.035366333002457395
36,blocks.0.attn.c_proj.weight.buf,1048576,1049401,RAW,0.020197125006234273
36,blocks.0.mlp.c_fc.weight.buf,4194304,4196389,RAW,0.09307858301326632
36,blocks.0.mlp.c_proj.weight.buf,4194304,4195129,RAW,0.09922950001782738
36,blocks.1.attn.c_q.weight.buf,1048576,1049401,RAW,0.03478604200063273
36,blocks.1.attn.c_k.weight.buf,1048576,1049401,RAW,0.020166333997622132
36,blocks.1.attn.c_v.weight.buf,1048576,1049401,RAW,0.019282084016595036
36,blocks.1.attn.c_proj.weight.buf,1048576,1049401,RAW,0.019631333998404443
36,blocks.1.attn.ve_gate.weight.buf,512,1022,RAW,0.0001385000068694353
36,blocks.1.mlp.c_fc.weight.buf,4194304,4196389,RAW,0.09404041699599475
36,blocks.1.mlp.c_proj.weight.buf,4194304,4195129,RAW,0.09894383401842788
36,blocks.2.attn.c_q.weight.buf,1048576,1049401,RAW,0.019277374987723306
36,blocks.2.attn.c_k.weight.buf,1048576,1049401,RAW,0.019219832989620045
36,blocks.2.attn.c_v.weight.buf,1048576,1049401,RAW,0.03493141598301008
36,blocks.2.attn.c_proj.weight.buf,1048576,1049401,RAW,0.019610834016930312
36,blocks.2.mlp.c_fc.weight.buf,4194304,4196389,RAW,0.11838158298633061
36,blocks.2.mlp.c_proj.weight.buf,4194304,4195129,RAW,0.11805591700249352
36,blocks.3.attn.c_q.weight.buf,1048576,1049401,RAW,0.022622250020503998
36,blocks.3.attn.c_k.weight.buf,1048576,1049401,RAW,0.020899209019262344
36,blocks.3.attn.c_v.weight.buf,1048576,1049401,RAW,0.02085862500825897
36,blocks.3.attn.c_proj.weight.buf,1048576,1049401,RAW,0.0399198749801144
36,blocks.3.attn.ve_gate.weight.buf,512,1022,RAW,2.2332998923957348e-05
36,blocks.3.mlp.c_fc.weight.buf,4194304,4196389,RAW,0.10312083401368
36,blocks.3.mlp.c_proj.weight.buf,4194304,4195129,RAW,0.10630683400086127
36,blocks.4.attn.c_q.weight.buf,1048576,1049401,RAW,0.03580683300970122
36,blocks.4.attn.c_k.weight.buf,1048576,1049401,RAW,0.02070004100096412
36,blocks.4.attn.c_v.weight.buf,1048576,1049401,RAW,0.019865833019139245
36,blocks.4.attn.c_proj.weight.buf,1048576,1049401,RAW,0.019786457996815443
36,blocks.4.mlp.c_fc.weight.buf,4194304,4196389,RAW,0.09968800001661293
36,blocks.4.mlp.c_proj.weight.buf,4194304,4195129,RAW,0.10414845799095929
36,blocks.5.attn.c_q.weight.buf,1048576,1049401,RAW,0.020045000012032688
36,blocks.5.attn.c_k.weight.buf,1048576,1049401,RAW,0.019833500002278015
36,blocks.5.attn.c_v.weight.buf,1048576,1049401,RAW,0.036174000008031726
36,blocks.5.attn.c_proj.weight.buf,1048576,1049401,RAW,0.02022945901262574
36,blocks.5.attn.ve_gate.weight.buf,512,1022,RAW,1.4499993994832039e-05
36,blocks.5.mlp.c_fc.weight.buf,4194304,4196389,RAW,0.11140429199440405
36,blocks.5.mlp.c_proj.weight.buf,4194304,4195129,RAW,0.10223179199965671
36,blocks.6.attn.c_q.weight.buf,1048576,1049401,RAW,0.03663691700785421
36,blocks.6.attn.c_k.weight.buf,1048576,1049401,RAW,0.01979704201221466
36,blocks.6.attn.c_v.weight.buf,1048576,1049401,RAW,0.01996995898662135
36,blocks.6.attn.c_proj.weight.buf,1048576,1049401,RAW,0.035444875014945865
36,blocks.6.mlp.c_fc.weight.buf,4194304,4196389,RAW,0.09748566700727679
36,blocks.6.mlp.c_proj.weight.buf,4194304,4195129,RAW,0.10339266702067107
36,blocks.7.attn.c_q.weight.buf,1048576,1049401,RAW,0.01968595801736228
36,blocks.7.attn.c_k.weight.buf,1048576,1049401,RAW,0.036285583017161116
36,blocks.7.attn.c_v.weight.buf,1048576,1049401,RAW,0.019876792008290067
36,blocks.7.attn.c_proj.weight.buf,1048576,1049401,RAW,0.019934917014325038
36,blocks.7.attn.ve_gate.weight.buf,512,1022,RAW,1.229200279340148e-05
36,blocks.7.mlp.c_fc.weight.buf,4194304,4196389,RAW,0.09778258402366191
36,blocks.7.mlp.c_proj.weight.buf,4194304,4195129,RAW,0.12051933299517259
36,lm_head.weight.m,67108864,67136149,RAW,1.5389639999775682
36,lm_head.weight.v,67108864,67136149,RAW,1.5628991249832325
36,resid_lambdas.m,32,32,RAW_VECTOR,8.625007467344403e-06
36,resid_lambdas.v,32,32,RAW_VECTOR,4.580069798976183e-07
36,x0_lambdas.m,32,32,RAW_VECTOR,1.3750104699283838e-06
36,x0_lambdas.v,32,32,RAW_VECTOR,5.420006345957518e-07
36,value_embeds.1.weight.m,67108864,63052497,GRAMMAR,1.0293389579746872
36,value_embeds.1.weight.v,67108864,63051997,GRAMMAR,1.0893763340136502
36,value_embeds.3.weight.m,67108864,63052433,GRAMMAR,1.084166250017006
36,value_embeds.3.weight.v,67108864,63052093,GRAMMAR,1.017966334009543
36,value_embeds.5.weight.m,67108864,63052517,GRAMMAR,1.0991040840162896
36,value_embeds.5.weight.v,67108864,63052245,GRAMMAR,1.0495551670028362
36,value_embeds.7.weight.m,67108864,63052521,GRAMMAR,1.0601758749980945
36,value_embeds.7.weight.v,67108864,63052237,GRAMMAR,1.0609921670111362
37,wte.weight.m,67108864,63719701,GRAMMAR,1.0574329590017442
37,wte.weight.v,67108864,63719361,GRAMMAR,1.0952509170165285
37,blocks.0.attn.c_q.weight.buf,1048576,1049401,RAW,0.03594783300650306
37,blocks.0.attn.c_k.weight.buf,1048576,1049401,RAW,0.01961704099085182
37,blocks.0.attn.c_v.weight.buf,1048576,1049401,RAW,0.019675999996252358
37,blocks.0.attn.c_proj.weight.buf,1048576,1049401,RAW,0.03556387501885183
37,blocks.0.mlp.c_fc.weight.buf,4194304,4196389,RAW,0.09647566700004973
37,blocks.0.mlp.c_proj.weight.buf,4194304,4195129,RAW,0.10521720899851061
37,blocks.1.attn.c_q.weight.buf,1048576,1049401,RAW,0.034476667002309114
37,blocks.1.attn.c_k.weight.buf,1048576,1049401,RAW,0.020384332980029285
37,blocks.1.attn.c_v.weight.buf,1048576,1049401,RAW,0.019554000027710572
37,blocks.1.attn.c_proj.weight.buf,1048576,1049401,RAW,0.019649499998195097
37,blocks.1.attn.ve_gate.weight.buf,512,1022,RAW,0.00010945898247882724
37,blocks.1.mlp.c_fc.weight.buf,4194304,4196389,RAW,0.09742629100219347
37,blocks.1.mlp.c_proj.weight.buf,4194304,4195129,RAW,0.1206788329873234
37,blocks.2.attn.c_q.weight.buf,1048576,1049401,RAW,0.020096291991649196
37,blocks.2.attn.c_k.weight.buf,1048576,1049401,RAW,0.019735957990633324
37,blocks.2.attn.c_v.weight.buf,1048576,1049401,RAW,0.021397000004071742
37,blocks.2.attn.c_proj.weight.buf,1048576,1049401,RAW,0.01973741699475795
37,blocks.2.mlp.c_fc.weight.buf,4194304,4196389,RAW,0.09615733299870044
37,blocks.2.mlp.c_proj.weight.buf,4194304,4195129,RAW,0.11825195798883215
37,blocks.3.attn.c_q.weight.buf,1048576,1049401,RAW,0.021214750013314188
37,blocks.3.attn.c_k.weight.buf,1048576,1049401,RAW,0.02018495899392292
37,blocks.3.attn.c_v.weight.buf,1048576,1049401,RAW,0.019562582980142906
37,blocks.3.attn.c_proj.weight.buf,1048576,1049401,RAW,0.034832832985557616
37,blocks.3.attn.ve_gate.weight.buf,512,1022,RAW,2.933401265181601e-05
37,blocks.3.mlp.c_fc.weight.buf,4194304,4196389,RAW,0.09571804199367762
37,blocks.3.mlp.c_proj.weight.buf,4194304,4195129,RAW,0.100255625002319
37,blocks.4.attn.c_q.weight.buf,1048576,1049401,RAW,0.03476762498030439
37,blocks.4.attn.c_k.weight.buf,1048576,1049401,RAW,0.019890875002602115
37,blocks.4.attn.c_v.weight.buf,1048576,1049401,RAW,0.019376417010789737
37,blocks.4.attn.c_proj.weight.buf,1048576,1049401,RAW,0.019351583992829546
37,blocks.4.mlp.c_fc.weight.buf,4194304,4196389,RAW,0.09476641699438915
37,blocks.4.mlp.c_proj.weight.buf,4194304,4195129,RAW,0.0973455419880338
37,blocks.5.attn.c_q.weight.buf,1048576,1049401,RAW,0.019340750004630536
37,blocks.5.attn.c_k.weight.buf,1048576,1049401,RAW,0.01921737499651499
37,blocks.5.attn.c_v.weight.buf,1048576,1049401,RAW,0.03477387499879114
37,blocks.5.attn.c_proj.weight.buf,1048576,1049401,RAW,0.020434124977327883
37,blocks.5.attn.ve_gate.weight.buf,512,1022,RAW,3.4083990612998605e-05
37,blocks.5.mlp.c_fc.weight.buf,4194304,4196389,RAW,0.0946187500085216
37,blocks.5.mlp.c_proj.weight.buf,4194304,4195129,RAW,0.0989981250022538
37,blocks.6.attn.c_q.weight.buf,1048576,1049401,RAW,0.03529883301234804
37,blocks.6.attn.c_k.weight.buf,1048576,1049401,RAW,0.019609416980529204
37,blocks.6.attn.c_v.weight.buf,1048576,1049401,RAW,0.019547541975043714
37,blocks.6.attn.c_proj.weight.buf,1048576,1049401,RAW,0.038670332985930145
37,blocks.6.mlp.c_fc.weight.buf,4194304,4196389,RAW,0.10279583299416117
37,blocks.6.mlp.c_proj.weight.buf,4194304,4195129,RAW,0.11976724999840371
37,blocks.7.attn.c_q.weight.buf,1048576,1049401,RAW,0.021333042008336633
37,blocks.7.attn.c_k.weight.buf,1048576,1049401,RAW,0.04037812500610016
37,blocks.7.attn.c_v.weight.buf,1048576,1049401,RAW,0.021300499996868894
37,blocks.7.attn.c_proj.weight.buf,1048576,1049401,RAW,0.02128179100691341
37,blocks.7.attn.ve_gate.weight.buf,512,1022,RAW,1.937500201165676e-05
37,blocks.7.mlp.c_fc.weight.buf,4194304,4196389,RAW,0.11828262501512654
37,blocks.7.mlp.c_proj.weight.buf,4194304,4195129,RAW,0.10978170798625797
37,lm_head.weight.m,67108864,67136149,RAW,1.5473571670008823
37,lm_head.weight.v,67108864,67136149,RAW,1.519231583981309
37,resid_lambdas.m,32,32,RAW_VECTOR,6.542017217725515e-06
37,resid_lambdas.v,32,32,RAW_VECTOR,4.5899651013314724e-07
37,x0_lambdas.m,32,32,RAW_VECTOR,1.1250085663050413e-06
37,x0_lambdas.v,32,32,RAW_VECTOR,4.169996827840805e-07
37,value_embeds.1.weight.m,67108864,63375473,GRAMMAR,1.0744685000099707
37,value_embeds.1.weight.v,67108864,63374893,GRAMMAR,1.0411703329882585
37,value_embeds.3.weight.m,67108864,63375341,GRAMMAR,1.1091567499970552
37,value_embeds.3.weight.v,67108864,63374965,GRAMMAR,1.0711298329988495
37,value_embeds.5.weight.m,67108864,63375417,GRAMMAR,1.0422132500098087
37,value_embeds.5.weight.v,67108864,63375121,GRAMMAR,1.0800805840117391
37,value_embeds.7.weight.m,67108864,63375385,GRAMMAR,1.0760745000152383
37,value_embeds.7.weight.v,67108864,63375113,GRAMMAR,1.0497454580035992
38,wte.weight.m,67108864,64026985,GRAMMAR,1.1074873750039842
38,wte.weight.v,67108864,64026633,GRAMMAR,1.0732086669886485
38,blocks.0.attn.c_q.weight.buf,1048576,1049401,RAW,0.03454570798203349
38,blocks.0.attn.c_k.weight.buf,1048576,1049401,RAW,0.019761749979807064
38,blocks.0.attn.c_v.weight.buf,1048576,1049401,RAW,0.019353958981810138
38,blocks.0.attn.c_proj.weight.buf,1048576,1049401,RAW,0.03463970799930394
38,blocks.0.mlp.c_fc.weight.buf,4194304,4196389,RAW,0.09990999998990446
38,blocks.0.mlp.c_proj.weight.buf,4194304,4195129,RAW,0.1279283750045579
38,blocks.1.attn.c_q.weight.buf,1048576,1049401,RAW,0.020796666998649016
38,blocks.1.attn.c_k.weight.buf,1048576,1049401,RAW,0.022752083983505145
38,blocks.1.attn.c_v.weight.buf,1048576,1049401,RAW,0.020976041996618733
38,blocks.1.attn.c_proj.weight.buf,1048576,1049401,RAW,0.02098641698830761
38,blocks.1.attn.ve_gate.weight.buf,512,1022,RAW,2.808301360346377e-05
38,blocks.1.mlp.c_fc.weight.buf,4194304,4196389,RAW,0.10509516700403765
38,blocks.1.mlp.c_proj.weight.buf,4194304,4195129,RAW,0.10589133301982656
38,blocks.2.attn.c_q.weight.buf,1048576,1049401,RAW,0.020123458991292864
38,blocks.2.attn.c_k.weight.buf,1048576,1049401,RAW,0.036484167008893564
38,blocks.2.attn.c_v.weight.buf,1048576,1049401,RAW,0.021650291979312897
38,blocks.2.attn.c_proj.weight.buf,1048576,1049401,RAW,0.02043224999215454
38,blocks.2.mlp.c_fc.weight.buf,4194304,4196389,RAW,0.09783791698282585
38,blocks.2.mlp.c_proj.weight.buf,4194304,4195129,RAW,0.10568016700563021
38,blocks.3.attn.c_q.weight.buf,1048576,1049401,RAW,0.020029124978464097
38,blocks.3.attn.c_k.weight.buf,1048576,1049401,RAW,0.0197344170010183
38,blocks.3.attn.c_v.weight.buf,1048576,1049401,RAW,0.035862832999555394
38,blocks.3.attn.c_proj.weight.buf,1048576,1049401,RAW,0.020180042018182576
38,blocks.3.attn.ve_gate.weight.buf,512,1022,RAW,1.4332996215671301e-05
38,blocks.3.mlp.c_fc.weight.buf,4194304,4196389,RAW,0.11174058300093748
38,blocks.3.mlp.c_proj.weight.buf,4194304,4195129,RAW,0.10829250002279878
38,blocks.4.attn.c_q.weight.buf,1048576,1049401,RAW,0.03678249998483807
38,blocks.4.attn.c_k.weight.buf,1048576,1049401,RAW,0.019978291005827487
38,blocks.4.attn.c_v.weight.buf,1048576,1049401,RAW,0.020204625005135313
38,blocks.4.attn.c_proj.weight.buf,1048576,1049401,RAW,0.036327999987406656
38,blocks.4.mlp.c_fc.weight.buf,4194304,4196389,RAW,0.09718408400658518
38,blocks.4.mlp.c_proj.weight.buf,4194304,4195129,RAW,0.10629091699956916
38,blocks.5.attn.c_q.weight.buf,1048576,1049401,RAW,0.03693879101774655
38,blocks.5.attn.c_k.weight.buf,1048576,1049401,RAW,0.02141654200386256
38,blocks.5.attn.c_v.weight.buf,1048576,1049401,RAW,0.02161970897577703
38,blocks.5.attn.c_proj.weight.buf,1048576,1049401,RAW,0.037520915997447446
38,blocks.5.attn.ve_gate.weight.buf,512,1022,RAW,1.7874990589916706e-05
38,blocks.5.mlp.c_fc.weight.buf,4194304,4196389,RAW,0.09798650001175702
38,blocks.5.mlp.c_proj.weight.buf,4194304,4195129,RAW,0.10444399999687448
38,blocks.6.attn.c_q.weight.buf,1048576,1049401,RAW,0.019841833011014387
38,blocks.6.attn.c_k.weight.buf,1048576,1049401,RAW,0.03565479099052027
38,blocks.6.attn.c_v.weight.buf,1048576,1049401,RAW,0.019920709019061178
38,blocks.6.attn.c_proj.weight.buf,1048576,1049401,RAW,0.019792999984929338
38,blocks.6.mlp.c_fc.weight.buf,4194304,4196389,RAW,0.11220800000592135
38,blocks.6.mlp.c_proj.weight.buf,4194304,4195129,RAW,0.11394154198933393
38,blocks.7.attn.c_q.weight.buf,1048576,1049401,RAW,0.019745124998735264
38,blocks.7.attn.c_k.weight.buf,1048576,1049401,RAW,0.019562500005122274
38,blocks.7.attn.c_v.weight.buf,1048576,1049401,RAW,0.01931475001038052
38,blocks.7.attn.c_proj.weight.buf,1048576,1049401,RAW,0.021060375001979992
38,blocks.7.attn.ve_gate.weight.buf,512,1022,RAW,5.020800745114684e-05
38,blocks.7.mlp.c_fc.weight.buf,4194304,4196389,RAW,0.09431491699069738
38,blocks.7.mlp.c_proj.weight.buf,4194304,4195129,RAW,0.1002830830111634
38,lm_head.weight.m,67108864,67136149,RAW,1.5630445410206448
38,lm_head.weight.v,67108864,67136149,RAW,1.553380166995339
38,resid_lambdas.m,32,32,RAW_VECTOR,7.875001756474376e-06
38,resid_lambdas.v,32,32,RAW_VECTOR,8.33999365568161e-07
38,x0_lambdas.m,32,32,RAW_VECTOR,1.00000761449337e-06
38,x0_lambdas.v,32,32,RAW_VECTOR,4.5797787606716156e-07
38,value_embeds.1.weight.m,67108864,63681077,GRAMMAR,1.0885525830090046
38,value_embeds.1.weight.v,67108864,63680529,GRAMMAR,1.076639790990157
38,value_embeds.3.weight.m,67108864,63680929,GRAMMAR,1.0747056249820162
38,value_embeds.3.weight.v,67108864,63680581,GRAMMAR,1.0897004590078723
38,value_embeds.5.weight.m,67108864,63681065,GRAMMAR,1.0808224579959642
38,value_embeds.5.weight.v,67108864,63680709,GRAMMAR,1.0347159579978324
38,value_embeds.7.weight.m,67108864,63680985,GRAMMAR,1.1262475830153562
38,value_embeds.7.weight.v,67108864,63680729,GRAMMAR,1.0718671249924228
39,wte.weight.m,67108864,64256729,GRAMMAR,1.1335161249735393
39,wte.weight.v,67108864,64256449,GRAMMAR,1.094422708003549
39,blocks.0.attn.c_q.weight.buf,1048576,1049401,RAW,0.03668516699690372
39,blocks.0.attn.c_k.weight.buf,1048576,1049401,RAW,0.020239833975210786
39,blocks.0.attn.c_v.weight.buf,1048576,1049401,RAW,0.019688375003170222
39,blocks.0.attn.c_proj.weight.buf,1048576,1049401,RAW,0.03579399999580346
39,blocks.0.mlp.c_fc.weight.buf,4194304,4196389,RAW,0.09595637500751764
39,blocks.0.mlp.c_proj.weight.buf,4194304,4195129,RAW,0.10005654097767547
39,blocks.1.attn.c_q.weight.buf,1048576,1049401,RAW,0.019635875010862947
39,blocks.1.attn.c_k.weight.buf,1048576,1049401,RAW,0.035339291993295774
39,blocks.1.attn.c_v.weight.buf,1048576,1049401,RAW,0.01985520901507698
39,blocks.1.attn.c_proj.weight.buf,1048576,1049401,RAW,0.019564708025427535
39,blocks.1.attn.ve_gate.weight.buf,512,1022,RAW,2.9959017410874367e-05
39,blocks.1.mlp.c_fc.weight.buf,4194304,4196389,RAW,0.0938195830094628
39,blocks.1.mlp.c_proj.weight.buf,4194304,4195129,RAW,0.11726462500519119
39,blocks.2.attn.c_q.weight.buf,1048576,1049401,RAW,0.03598274997784756
39,blocks.2.attn.c_k.weight.buf,1048576,1049401,RAW,0.01953187500475906
39,blocks.2.attn.c_v.weight.buf,1048576,1049401,RAW,0.034992708009667695
39,blocks.2.attn.c_proj.weight.buf,1048576,1049401,RAW,0.019774124986724928
39,blocks.2.mlp.c_fc.weight.buf,4194304,4196389,RAW,0.09424933299305849
39,blocks.2.mlp.c_proj.weight.buf,4194304,4195129,RAW,0.09982525001396425
39,blocks.3.attn.c_q.weight.buf,1048576,1049401,RAW,0.03612945802160539
39,blocks.3.attn.c_k.weight.buf,1048576,1049401,RAW,0.019625292014097795
39,blocks.3.attn.c_v.weight.buf,1048576,1049401,RAW,0.01944808298139833
39,blocks.3.attn.c_proj.weight.buf,1048576,1049401,RAW,0.035386000003200024
39,blocks.3.attn.ve_gate.weight.buf,512,1022,RAW,2.3582979338243604e-05
39,blocks.3.mlp.c_fc.weight.buf,4194304,4196389,RAW,0.09966050001094118
39,blocks.3.mlp.c_proj.weight.buf,4194304,4195129,RAW,0.12004441698081791
39,blocks.4.attn.c_q.weight.buf,1048576,1049401,RAW,0.040358750004088506
39,blocks.4.attn.c_k.weight.buf,1048576,1049401,RAW,0.021276459010550752
39,blocks.4.attn.c_v.weight.buf,1048576,1049401,RAW,0.020823041995754465
39,blocks.4.attn.c_proj.weight.buf,1048576,1049401,RAW,0.039142291992902756
39,blocks.4.mlp.c_fc.weight.buf,4194304,4196389,RAW,0.10328745798324235
39,blocks.4.mlp.c_proj.weight.buf,4194304,4195129,RAW,0.12636870800633915
39,blocks.5.attn.c_q.weight.buf,1048576,1049401,RAW,0.02029283400042914
39,blocks.5.attn.c_k.weight.buf,1048576,1049401,RAW,0.03601429099217057
39,blocks.5.attn.c_v.weight.buf,1048576,1049401,RAW,0.020149042014963925
39,blocks.5.attn.c_proj.weight.buf,1048576,1049401,RAW,0.019768333004321903
39,blocks.5.attn.ve_gate.weight.buf,512,1022,RAW,1.1458992958068848e-05
39,blocks.5.mlp.c_fc.weight.buf,4194304,4196389,RAW,0.09740554101881571
39,blocks.5.mlp.c_proj.weight.buf,4194304,4195129,RAW,0.12070245898212306
39,blocks.6.attn.c_q.weight.buf,1048576,1049401,RAW,0.020805375010240823
39,blocks.6.attn.c_k.weight.buf,1048576,1049401,RAW,0.019945708016166463
39,blocks.6.attn.c_v.weight.buf,1048576,1049401,RAW,0.03663770799175836
39,blocks.6.attn.c_proj.weight.buf,1048576,1049401,RAW,0.020204291999107227
39,blocks.6.mlp.c_fc.weight.buf,4194304,4196389,RAW,0.0969268339977134
39,blocks.6.mlp.c_proj.weight.buf,4194304,4195129,RAW,0.10489004198461771
39,blocks.7.attn.c_q.weight.buf,1048576,1049401,RAW,0.03609954201965593
39,blocks.7.attn.c_k.weight.buf,1048576,1049401,RAW,0.020320125011494383
39,blocks.7.attn.c_v.weight.buf,1048576,1049401,RAW,0.019930041977204382
39,blocks.7.attn.c_proj.weight.buf,1048576,1049401,RAW,0.03623779199551791
39,blocks.7.attn.ve_gate.weight.buf,512,1022,RAW,2.0957988454028964e-05
39,blocks.7.mlp.c_fc.weight.buf,4194304,4196389,RAW,0.09681429201737046
39,blocks.7.mlp.c_proj.weight.buf,4194304,4195129,RAW,0.12790449999738485
39,lm_head.weight.m,67108864,67136149,RAW,1.518552624998847
39,lm_head.weight.v,67108864,67136149,RAW,1.5828121659869794
39,resid_lambdas.m,32,32,RAW_VECTOR,8.458999218419194e-06
39,resid_lambdas.v,32,32,RAW_VECTOR,6.250047590583563e-07
39,x0_lambdas.m,32,32,RAW_VECTOR,1.2080126907676458e-06
39,x0_lambdas.v,32,32,RAW_VECTOR,4.1601015254855156e-07
39,value_embeds.1.weight.m,67108864,63945201,GRAMMAR,1.0741422499995679
39,value_embeds.1.weight.v,67108864,63944669,GRAMMAR,1.0944312089995947
39,value_embeds.3.weight.m,67108864,63945093,GRAMMAR,1.086441790976096
39,value_embeds.3.weight.v,67108864,63944749,GRAMMAR,1.0330607089854311
39,value_embeds.5.weight.m,67108864,63945217,GRAMMAR,1.1148699579935055
39,value_embeds.5.weight.v,67108864,63944865,GRAMMAR,1.0738652079890016
39,value_embeds.7.weight.m,67108864,63945193,GRAMMAR,1.1081163749913685
39,value_embeds.7.weight.v,67108864,63944869,GRAMMAR,1.1158798329997808
40,wte.weight.m,67108864,64454121,GRAMMAR,1.0849187090061605
40,wte.weight.v,67108864,64453789,GRAMMAR,1.1235008749936242
40,blocks.0.attn.c_q.weight.buf,1048576,1049401,RAW,0.02086929199867882
40,blocks.0.attn.c_k.weight.buf,1048576,1049401,RAW,0.01954795900383033
40,blocks.0.attn.c_v.weight.buf,1048576,1049401,RAW,0.036166957987006754
40,blocks.0.attn.c_proj.weight.buf,1048576,1049401,RAW,0.02082833298482001
40,blocks.0.mlp.c_fc.weight.buf,4194304,4196389,RAW,0.09668520902050659
40,blocks.0.mlp.c_proj.weight.buf,4194304,4195129,RAW,0.10386245901463553
40,blocks.1.attn.c_q.weight.buf,1048576,1049401,RAW,0.03636749999714084
40,blocks.1.attn.c_k.weight.buf,1048576,1049401,RAW,0.020217540994053707
40,blocks.1.attn.c_v.weight.buf,1048576,1049401,RAW,0.019939374993555248
40,blocks.1.attn.c_proj.weight.buf,1048576,1049401,RAW,0.036509124998701736
40,blocks.1.attn.ve_gate.weight.buf,512,1022,RAW,1.533300383016467e-05
40,blocks.1.mlp.c_fc.weight.buf,4194304,4196389,RAW,0.09715341700939462
40,blocks.1.mlp.c_proj.weight.buf,4194304,4195129,RAW,0.10504625001340173
40,blocks.2.attn.c_q.weight.buf,1048576,1049401,RAW,0.03564679098781198
40,blocks.2.attn.c_k.weight.buf,1048576,1049401,RAW,0.020447291986783966
40,blocks.2.attn.c_v.weight.buf,1048576,1049401,RAW,0.019616917008534074
40,blocks.2.attn.c_proj.weight.buf,1048576,1049401,RAW,0.03460699997958727
40,blocks.2.mlp.c_fc.weight.buf,4194304,4196389,RAW,0.09743370799697004
40,blocks.2.mlp.c_proj.weight.buf,4194304,4195129,RAW,0.10122691601281986
40,blocks.3.attn.c_q.weight.buf,1048576,1049401,RAW,0.01951629199902527
40,blocks.3.attn.c_k.weight.buf,1048576,1049401,RAW,0.035818875010591
40,blocks.3.attn.c_v.weight.buf,1048576,1049401,RAW,0.03595312498509884
40,blocks.3.attn.c_proj.weight.buf,1048576,1049401,RAW,0.019435666996287182
40,blocks.3.attn.ve_gate.weight.buf,512,1022,RAW,1.5124998753890395e-05
40,blocks.3.mlp.c_fc.weight.buf,4194304,4196389,RAW,0.0960193749924656
40,blocks.3.mlp.c_proj.weight.buf,4194304,4195129,RAW,0.11178229199140333
40,blocks.4.attn.c_q.weight.buf,1048576,1049401,RAW,0.0205347909941338
40,blocks.4.attn.c_k.weight.buf,1048576,1049401,RAW,0.020034790999488905
40,blocks.4.attn.c_v.weight.buf,1048576,1049401,RAW,0.019504041003528982
40,blocks.4.attn.c_proj.weight.buf,1048576,1049401,RAW,0.035242625017417595
40,blocks.4.mlp.c_fc.weight.buf,4194304,4196389,RAW,0.09526187501614913
40,blocks.4.mlp.c_proj.weight.buf,4194304,4195129,RAW,0.10002549999626353
40,blocks.5.attn.c_q.weight.buf,1048576,1049401,RAW,0.01928675000090152
40,blocks.5.attn.c_k.weight.buf,1048576,1049401,RAW,0.03595712501555681
40,blocks.5.attn.c_v.weight.buf,1048576,1049401,RAW,0.019553708989406005
40,blocks.5.attn.c_proj.weight.buf,1048576,1049401,RAW,0.019615833996795118
40,blocks.5.attn.ve_gate.weight.buf,512,1022,RAW,1.1500000255182385e-05
40,blocks.5.mlp.c_fc.weight.buf,4194304,4196389,RAW,0.09503141697496176
40,blocks.5.mlp.c_proj.weight.buf,4194304,4195129,RAW,0.11367479199543595
40,blocks.6.attn.c_q.weight.buf,1048576,1049401,RAW,0.02197545798844658
40,blocks.6.attn.c_k.weight.buf,1048576,1049401,RAW,0.02108062501065433
40,blocks.6.attn.c_v.weight.buf,1048576,1049401,RAW,0.04047729101148434
40,blocks.6.attn.c_proj.weight.buf,1048576,1049401,RAW,0.02104045799933374
40,blocks.6.mlp.c_fc.weight.buf,4194304,4196389,RAW,0.10157645802246407
40,blocks.6.mlp.c_proj.weight.buf,4194304,4195129,RAW,0.14105974999256432
40,blocks.7.attn.c_q.weight.buf,1048576,1049401,RAW,0.02185199997620657
40,blocks.7.attn.c_k.weight.buf,1048576,1049401,RAW,0.021119583980180323
40,blocks.7.attn.c_v.weight.buf,1048576,1049401,RAW,0.03602237501763739
40,blocks.7.attn.c_proj.weight.buf,1048576,1049401,RAW,0.02010916598374024
40,blocks.7.attn.ve_gate.weight.buf,512,1022,RAW,2.8084003133699298e-05
40,blocks.7.mlp.c_fc.weight.buf,4194304,4196389,RAW,0.09772845898987725
40,blocks.7.mlp.c_proj.weight.buf,4194304,4195129,RAW,0.10373608299414627
40,lm_head.weight.m,67108864,67136149,RAW,1.5411880830070004
40,lm_head.weight.v,67108864,67136149,RAW,1.560213000018848
40,resid_lambdas.m,32,32,RAW_VECTOR,6.707996362820268e-06
40,resid_lambdas.v,32,32,RAW_VECTOR,5.00003807246685e-07
40,x0_lambdas.m,32,32,RAW_VECTOR,1.0410149116069078e-06
40,x0_lambdas.v,32,32,RAW_VECTOR,4.999747034162283e-07
40,value_embeds.1.weight.m,67108864,64184433,GRAMMAR,1.101501333003398
40,value_embeds.1.weight.v,67108864,64183925,GRAMMAR,1.0594901249860413
40,value_embeds.3.weight.m,67108864,64184349,GRAMMAR,1.1285201660066377
40,value_embeds.3.weight.v,67108864,64183973,GRAMMAR,1.0848128749930765
40,value_embeds.5.weight.m,67108864,64184449,GRAMMAR,1.067499874974601
40,value_embeds.5.weight.v,67108864,64184061,GRAMMAR,1.114808583020931
40,value_embeds.7.weight.m,67108864,64184405,GRAMMAR,1.1002101250051055
40,value_embeds.7.weight.v,67108864,64184129,GRAMMAR,1.074030749994563
41,wte.weight.m,67108864,64703569,GRAMMAR,1.1430189160164446
41,wte.weight.v,67108864,64703221,GRAMMAR,1.0918680829927325
41,blocks.0.attn.c_q.weight.buf,1048576,1049401,RAW,0.021734915993874893
41,blocks.0.attn.c_k.weight.buf,1048576,1049401,RAW,0.020971375022782013
41,blocks.0.attn.c_v.weight.buf,1048576,1049401,RAW,0.02108375000534579
41,blocks.0.attn.c_proj.weight.buf,1048576,1049401,RAW,0.022466042020823807
41,blocks.0.mlp.c_fc.weight.buf,4194304,4196389,RAW,0.10128941701259464
41,blocks.0.mlp.c_proj.weight.buf,4194304,4195129,RAW,0.11981216701678932
41,blocks.1.attn.c_q.weight.buf,1048576,1049401,RAW,0.04057800001464784
41,blocks.1.attn.c_k.weight.buf,1048576,1049401,RAW,0.02132050000363961
41,blocks.1.attn.c_v.weight.buf,1048576,1049401,RAW,0.020875625021290034
41,blocks.1.attn.c_proj.weight.buf,1048576,1049401,RAW,0.036805500014452264
41,blocks.1.attn.ve_gate.weight.buf,512,1022,RAW,1.4582998119294643e-05
41,blocks.1.mlp.c_fc.weight.buf,4194304,4196389,RAW,0.09701112500624731
41,blocks.1.mlp.c_proj.weight.buf,4194304,4195129,RAW,0.11995145899709314
41,blocks.2.attn.c_q.weight.buf,1048576,1049401,RAW,0.019744290999369696
41,blocks.2.attn.c_k.weight.buf,1048576,1049401,RAW,0.03607637499226257
41,blocks.2.attn.c_v.weight.buf,1048576,1049401,RAW,0.020058082998730242
41,blocks.2.attn.c_proj.weight.buf,1048576,1049401,RAW,0.01986995799234137
41,blocks.2.mlp.c_fc.weight.buf,4194304,4196389,RAW,0.09876812502625398
41,blocks.2.mlp.c_proj.weight.buf,4194304,4195129,RAW,0.12041879098978825
41,blocks.3.attn.c_q.weight.buf,1048576,1049401,RAW,0.0204344580124598
41,blocks.3.attn.c_k.weight.buf,1048576,1049401,RAW,0.0202202920045238
41,blocks.3.attn.c_v.weight.buf,1048576,1049401,RAW,0.019817916996544227
41,blocks.3.attn.c_proj.weight.buf,1048576,1049401,RAW,0.021461916010593995
41,blocks.3.attn.ve_gate.weight.buf,512,1022,RAW,1.5249999705702066e-05
41,blocks.3.mlp.c_fc.weight.buf,4194304,4196389,RAW,0.09669366700109094
41,blocks.3.mlp.c_proj.weight.buf,4194304,4195129,RAW,0.10459958299179561
41,blocks.4.attn.c_q.weight.buf,1048576,1049401,RAW,0.020004082995001227
41,blocks.4.attn.c_k.weight.buf,1048576,1049401,RAW,0.02123058299184777
41,blocks.4.attn.c_v.weight.buf,1048576,1049401,RAW,0.0199750000028871
41,blocks.4.attn.c_proj.weight.buf,1048576,1049401,RAW,0.020449665986234322
41,blocks.4.mlp.c_fc.weight.buf,4194304,4196389,RAW,0.1120113329961896
41,blocks.4.mlp.c_proj.weight.buf,4194304,4195129,RAW,0.12015025000437163
41,blocks.5.attn.c_q.weight.buf,1048576,1049401,RAW,0.020186750014545396
41,blocks.5.attn.c_k.weight.buf,1048576,1049401,RAW,0.019967917003668845
41,blocks.5.attn.c_v.weight.buf,1048576,1049401,RAW,0.03658495799754746
41,blocks.5.attn.c_proj.weight.buf,1048576,1049401,RAW,0.019768541998928413
41,blocks.5.attn.ve_gate.weight.buf,512,1022,RAW,1.6290985513478518e-05
41,blocks.5.mlp.c_fc.weight.buf,4194304,4196389,RAW,0.09782991700922139
41,blocks.5.mlp.c_proj.weight.buf,4194304,4195129,RAW,0.10576483298791572
41,blocks.6.attn.c_q.weight.buf,1048576,1049401,RAW,0.020834832976106554
41,blocks.6.attn.c_k.weight.buf,1048576,1049401,RAW,0.01921729202149436
41,blocks.6.attn.c_v.weight.buf,1048576,1049401,RAW,0.019568542018532753
41,blocks.6.attn.c_proj.weight.buf,1048576,1049401,RAW,0.03556904202559963
41,blocks.6.mlp.c_fc.weight.buf,4194304,4196389,RAW,0.09555583400651813
41,blocks.6.mlp.c_proj.weight.buf,4194304,4195129,RAW,0.10029725002823398
41,blocks.7.attn.c_q.weight.buf,1048576,1049401,RAW,0.01927537497249432
41,blocks.7.attn.c_k.weight.buf,1048576,1049401,RAW,0.037234459014143795
41,blocks.7.attn.c_v.weight.buf,1048576,1049401,RAW,0.020263499987777323
41,blocks.7.attn.c_proj.weight.buf,1048576,1049401,RAW,0.020552749978378415
41,blocks.7.attn.ve_gate.weight.buf,512,1022,RAW,2.1374988136813045e-05
41,blocks.7.mlp.c_fc.weight.buf,4194304,4196389,RAW,0.09798474999843165
41,blocks.7.mlp.c_proj.weight.buf,4194304,4195129,RAW,0.0985213750100229
41,lm_head.weight.m,67108864,67136149,RAW,1.5611030830186792
41,lm_head.weight.v,67108864,67136149,RAW,1.5151626669976395
41,resid_lambdas.m,32,32,RAW_VECTOR,1.1208001524209976e-05
41,resid_lambdas.v,32,32,RAW_VECTOR,5.830079317092896e-07
41,x0_lambdas.m,32,32,RAW_VECTOR,1.1669762898236513e-06
41,x0_lambdas.v,32,32,RAW_VECTOR,4.580069798976183e-07
41,value_embeds.1.weight.m,67108864,64454009,GRAMMAR,1.1510004159936216
41,value_embeds.1.weight.v,67108864,64453481,GRAMMAR,1.1127836249943357
41,value_embeds.3.weight.m,67108864,64458069,GRAMMAR,1.0907022079918534
41,value_embeds.3.weight.v,67108864,64453577,GRAMMAR,1.1111674160056282
41,value_embeds.5.weight.m,67108864,64454029,GRAMMAR,1.0981527080002706
41,value_embeds.5.weight.v,67108864,64453601,GRAMMAR,1.097088167007314
41,value_embeds.7.weight.m,67108864,64454033,GRAMMAR,1.125803958013421
41,value_embeds.7.weight.v,67108864,64453749,GRAMMAR,1.0924049580062274
42,wte.weight.m,67108864,64916101,GRAMMAR,1.1883617919811513
42,wte.weight.v,67108864,64915749,GRAMMAR,1.1140407919883728
42,blocks.0.attn.c_q.weight.buf,1048576,1049401,RAW,0.02067083300789818
42,blocks.0.attn.c_k.weight.buf,1048576,1049401,RAW,0.018947458011098206
42,blocks.0.attn.c_v.weight.buf,1048576,1049401,RAW,0.019405166007345542
42,blocks.0.attn.c_proj.weight.buf,1048576,1049401,RAW,0.035912334016757086
42,blocks.0.mlp.c_fc.weight.buf,4194304,4196389,RAW,0.09460820798994973
42,blocks.0.mlp.c_proj.weight.buf,4194304,4195129,RAW,0.10043049999512732
42,blocks.1.attn.c_q.weight.buf,1048576,1049401,RAW,0.019422249984927475
42,blocks.1.attn.c_k.weight.buf,1048576,1049401,RAW,0.0352318329969421
42,blocks.1.attn.c_v.weight.buf,1048576,1049401,RAW,0.019941249978728592
42,blocks.1.attn.c_proj.weight.buf,1048576,1049401,RAW,0.01912858398281969
42,blocks.1.attn.ve_gate.weight.buf,512,1022,RAW,2.3792003048583865e-05
42,blocks.1.mlp.c_fc.weight.buf,4194304,4196389,RAW,0.09552241701749153
42,blocks.1.mlp.c_proj.weight.buf,4194304,4195129,RAW,0.10071537501062267
42,blocks.2.attn.c_q.weight.buf,1048576,1049401,RAW,0.02275379200000316
42,blocks.2.attn.c_k.weight.buf,1048576,1049401,RAW,0.02101091601070948
42,blocks.2.attn.c_v.weight.buf,1048576,1049401,RAW,0.02089275000616908
42,blocks.2.attn.c_proj.weight.buf,1048576,1049401,RAW,0.04073329200036824
42,blocks.2.mlp.c_fc.weight.buf,4194304,4196389,RAW,0.12355166699853726
42,blocks.2.mlp.c_proj.weight.buf,4194304,4195129,RAW,0.11965199999394827
42,blocks.3.attn.c_q.weight.buf,1048576,1049401,RAW,0.040604959009215236
42,blocks.3.attn.c_k.weight.buf,1048576,1049401,RAW,0.02109541598474607
42,blocks.3.attn.c_v.weight.buf,1048576,1049401,RAW,0.020593249995727092
42,blocks.3.attn.c_proj.weight.buf,1048576,1049401,RAW,0.036549750017002225
42,blocks.3.attn.ve_gate.weight.buf,512,1022,RAW,1.741599407978356e-05
42,blocks.3.mlp.c_fc.weight.buf,4194304,4196389,RAW,0.09774183298577555
42,blocks.3.mlp.c_proj.weight.buf,4194304,4195129,RAW,0.10513775001163594
42,blocks.4.attn.c_q.weight.buf,1048576,1049401,RAW,0.019739957991987467
42,blocks.4.attn.c_k.weight.buf,1048576,1049401,RAW,0.03675012500025332
42,blocks.4.attn.c_v.weight.buf,1048576,1049401,RAW,0.019901499996194616
42,blocks.4.attn.c_proj.weight.buf,1048576,1049401,RAW,0.019900916988262907
42,blocks.4.mlp.c_fc.weight.buf,4194304,4196389,RAW,0.09841074998257682
42,blocks.4.mlp.c_proj.weight.buf,4194304,4195129,RAW,0.10550229100044817
42,blocks.5.attn.c_q.weight.buf,1048576,1049401,RAW,0.020321541000157595
42,blocks.5.attn.c_k.weight.buf,1048576,1049401,RAW,0.020107416989048943
42,blocks.5.attn.c_v.weight.buf,1048576,1049401,RAW,0.03769354199175723
42,blocks.5.attn.c_proj.weight.buf,1048576,1049401,RAW,0.019791917002294213
42,blocks.5.attn.ve_gate.weight.buf,512,1022,RAW,1.8208986148238182e-05
42,blocks.5.mlp.c_fc.weight.buf,4194304,4196389,RAW,0.11342408298514783
42,blocks.5.mlp.c_proj.weight.buf,4194304,4195129,RAW,0.10396491701249033
42,blocks.6.attn.c_q.weight.buf,1048576,1049401,RAW,0.021387584012700245
42,blocks.6.attn.c_k.weight.buf,1048576,1049401,RAW,0.020809249981539324
42,blocks.6.attn.c_v.weight.buf,1048576,1049401,RAW,0.01975129099446349
42,blocks.6.attn.c_proj.weight.buf,1048576,1049401,RAW,0.036808458011364564
42,blocks.6.mlp.c_fc.weight.buf,4194304,4196389,RAW,0.09786158302449621
42,blocks.6.mlp.c_proj.weight.buf,4194304,4195129,RAW,0.10538150000502355
42,blocks.7.attn.c_q.weight.buf,1048576,1049401,RAW,0.019703792000655085
42,blocks.7.attn.c_k.weight.buf,1048576,1049401,RAW,0.036823166999965906
42,blocks.7.attn.c_v.weight.buf,1048576,1049401,RAW,0.019834833015920594
42,blocks.7.attn.c_proj.weight.buf,1048576,1049401,RAW,0.01979241700610146
42,blocks.7.attn.ve_gate.weight.buf,512,1022,RAW,1.8000020645558834e-05
42,blocks.7.mlp.c_fc.weight.buf,4194304,4196389,RAW,0.09798187500564381
42,blocks.7.mlp.c_proj.weight.buf,4194304,4195129,RAW,0.1057415000104811
42,lm_head.weight.m,67108864,67136149,RAW,1.580466916988371
42,lm_head.weight.v,67108864,67136149,RAW,1.549973957997281
42,resid_lambdas.m,32,32,RAW_VECTOR,7.875001756474376e-06
42,resid_lambdas.v,32,32,RAW_VECTOR,4.580069798976183e-07
42,x0_lambdas.m,32,32,RAW_VECTOR,1.2500095181167126e-06
42,x0_lambdas.v,32,32,RAW_VECTOR,4.580069798976183e-07
42,value_embeds.1.weight.m,67108864,64641905,GRAMMAR,1.1190545839781407
42,value_embeds.1.weight.v,67108864,64641341,GRAMMAR,1.1355782499886118
42,value_embeds.3.weight.m,67108864,64641801,GRAMMAR,1.1276938340160996
42,value_embeds.3.weight.v,67108864,64641441,GRAMMAR,1.122571208019508
42,value_embeds.5.weight.m,67108864,64641905,GRAMMAR,1.132479083025828
42,value_embeds.5.weight.v,67108864,64641461,GRAMMAR,1.0932532909791917
42,value_embeds.7.weight.m,67108864,64641929,GRAMMAR,1.1626990000077058
42,value_embeds.7.weight.v,67108864,64641613,GRAMMAR,1.1213045830081683
43,wte.weight.m,67108864,65132005,GRAMMAR,1.179043540993007
43,wte.weight.v,67108864,65127525,GRAMMAR,1.1423919170047157
43,blocks.0.attn.c_q.weight.buf,1048576,1049401,RAW,0.020377167005790398
43,blocks.0.attn.c_k.weight.buf,1048576,1049401,RAW,0.019760916999075562
43,blocks.0.attn.c_v.weight.buf,1048576,1049401,RAW,0.01983375000418164
43,blocks.0.attn.c_proj.weight.buf,1048576,1049401,RAW,0.037610166997183114
43,blocks.0.mlp.c_fc.weight.buf,4194304,4196389,RAW,0.09732583301956765
43,blocks.0.mlp.c_proj.weight.buf,4194304,4195129,RAW,0.10165070899529383
43,blocks.1.attn.c_q.weight.buf,1048576,1049401,RAW,0.019361042010132223
43,blocks.1.attn.c_k.weight.buf,1048576,1049401,RAW,0.0361487919872161
43,blocks.1.attn.c_v.weight.buf,1048576,1049401,RAW,0.019437707989709452
43,blocks.1.attn.c_proj.weight.buf,1048576,1049401,RAW,0.019280915992567316
43,blocks.1.attn.ve_gate.weight.buf,512,1022,RAW,2.429200685583055e-05
43,blocks.1.mlp.c_fc.weight.buf,4194304,4196389,RAW,0.09597229200880975
43,blocks.1.mlp.c_proj.weight.buf,4194304,4195129,RAW,0.11745466699358076
43,blocks.2.attn.c_q.weight.buf,1048576,1049401,RAW,0.019701542012626305
43,blocks.2.attn.c_k.weight.buf,1048576,1049401,RAW,0.019426749990088865
43,blocks.2.attn.c_v.weight.buf,1048576,1049401,RAW,0.03643524998915382
43,blocks.2.attn.c_proj.weight.buf,1048576,1049401,RAW,0.035933459002990276
43,blocks.2.mlp.c_fc.weight.buf,4194304,4196389,RAW,0.09675575001165271
43,blocks.2.mlp.c_proj.weight.buf,4194304,4195129,RAW,0.10027049999916926
43,blocks.3.attn.c_q.weight.buf,1048576,1049401,RAW,0.03539937498862855
43,blocks.3.attn.c_k.weight.buf,1048576,1049401,RAW,0.019858834013575688
43,blocks.3.attn.c_v.weight.buf,1048576,1049401,RAW,0.01935854199109599
43,blocks.3.attn.c_proj.weight.buf,1048576,1049401,RAW,0.019227333017624915
43,blocks.3.attn.ve_gate.weight.buf,512,1022,RAW,8.000002708286047e-06
43,blocks.3.mlp.c_fc.weight.buf,4194304,4196389,RAW,0.10862541600363329
43,blocks.3.mlp.c_proj.weight.buf,4194304,4195129,RAW,0.12015674999565817
43,blocks.4.attn.c_q.weight.buf,1048576,1049401,RAW,0.020918833004543558
43,blocks.4.attn.c_k.weight.buf,1048576,1049401,RAW,0.041228832997148857
43,blocks.4.attn.c_v.weight.buf,1048576,1049401,RAW,0.0211319999943953
43,blocks.4.attn.c_proj.weight.buf,1048576,1049401,RAW,0.02073124999878928
43,blocks.4.mlp.c_fc.weight.buf,4194304,4196389,RAW,0.10323387500829995
43,blocks.4.mlp.c_proj.weight.buf,4194304,4195129,RAW,0.14672808299656026
43,blocks.5.attn.c_q.weight.buf,1048576,1049401,RAW,0.021847790980245918
43,blocks.5.attn.c_k.weight.buf,1048576,1049401,RAW,0.021116625022841617
43,blocks.5.attn.c_v.weight.buf,1048576,1049401,RAW,0.03844908298924565
43,blocks.5.attn.c_proj.weight.buf,1048576,1049401,RAW,0.020443500019609928
43,blocks.5.attn.ve_gate.weight.buf,512,1022,RAW,1.5749974409118295e-05
43,blocks.5.mlp.c_fc.weight.buf,4194304,4196389,RAW,0.09882529100286774
43,blocks.5.mlp.c_proj.weight.buf,4194304,4195129,RAW,0.10521150002023205
43,blocks.6.attn.c_q.weight.buf,1048576,1049401,RAW,0.021118624979862943
43,blocks.6.attn.c_k.weight.buf,1048576,1049401,RAW,0.01962354200077243
43,blocks.6.attn.c_v.weight.buf,1048576,1049401,RAW,0.019776957982685417
43,blocks.6.attn.c_proj.weight.buf,1048576,1049401,RAW,0.0368913340207655
43,blocks.6.mlp.c_fc.weight.buf,4194304,4196389,RAW,0.09739487498882227
43,blocks.6.mlp.c_proj.weight.buf,4194304,4195129,RAW,0.10474633300327696
43,blocks.7.attn.c_q.weight.buf,1048576,1049401,RAW,0.02019612499861978
43,blocks.7.attn.c_k.weight.buf,1048576,1049401,RAW,0.03755100001581013
43,blocks.7.attn.c_v.weight.buf,1048576,1049401,RAW,0.01970620802603662
43,blocks.7.attn.c_proj.weight.buf,1048576,1049401,RAW,0.01986504200613126
43,blocks.7.attn.ve_gate.weight.buf,512,1022,RAW,1.2415985111147165e-05
43,blocks.7.mlp.c_fc.weight.buf,4194304,4196389,RAW,0.09832370799267665
43,blocks.7.mlp.c_proj.weight.buf,4194304,4195129,RAW,0.10853479101206176
43,lm_head.weight.m,67108864,67136149,RAW,1.5693034160067327
43,lm_head.weight.v,67108864,67136149,RAW,1.6004975409887265
43,resid_lambdas.m,32,32,RAW_VECTOR,5.333014996722341e-06
43,resid_lambdas.v,32,32,RAW_VECTOR,2.082990249618888e-06
43,x0_lambdas.m,32,32,RAW_VECTOR,9.580107871443033e-07
43,x0_lambdas.v,32,32,RAW_VECTOR,4.169996827840805e-07
43,value_embeds.1.weight.m,67108864,64882137,GRAMMAR,1.1254504999960773
43,value_embeds.1.weight.v,67108864,64881525,GRAMMAR,1.1594561249949038
43,value_embeds.3.weight.m,67108864,64882001,GRAMMAR,1.1409762499970384
43,value_embeds.3.weight.v,67108864,64881653,GRAMMAR,1.097124291001819
43,value_embeds.5.weight.m,67108864,64882109,GRAMMAR,1.1648583750065882
43,value_embeds.5.weight.v,67108864,64881597,GRAMMAR,1.1161535420105793
43,value_embeds.7.weight.m,67108864,64882113,GRAMMAR,1.1632318329939153
43,value_embeds.7.weight.v,67108864,64881797,GRAMMAR,1.1318567499984056
44,wte.weight.m,67108864,65322141,GRAMMAR,1.1795385829755105
44,wte.weight.v,67108864,65317701,GRAMMAR,1.1524064170080237
44,blocks.0.attn.c_q.weight.buf,1048576,1049401,RAW,0.020431916986126453
44,blocks.0.attn.c_k.weight.buf,1048576,1049401,RAW,0.019789707992458716
44,blocks.0.attn.c_v.weight.buf,1048576,1049401,RAW,0.03715508300228976
44,blocks.0.attn.c_proj.weight.buf,1048576,1049401,RAW,0.0201862080139108
44,blocks.0.mlp.c_fc.weight.buf,4194304,4196389,RAW,0.09750120897660963
44,blocks.0.mlp.c_proj.weight.buf,4194304,4195129,RAW,0.1054627500125207
44,blocks.1.attn.c_q.weight.buf,1048576,1049401,RAW,0.03748516700579785
44,blocks.1.attn.c_k.weight.buf,1048576,1049401,RAW,0.019781709008384496
44,blocks.1.attn.c_v.weight.buf,1048576,1049401,RAW,0.020097875007195398
44,blocks.1.attn.c_proj.weight.buf,1048576,1049401,RAW,0.037108791002538055
44,blocks.1.attn.ve_gate.weight.buf,512,1022,RAW,2.4250010028481483e-05
44,blocks.1.mlp.c_fc.weight.buf,4194304,4196389,RAW,0.09735620801802725
44,blocks.1.mlp.c_proj.weight.buf,4194304,4195129,RAW,0.1001690840057563
44,blocks.2.attn.c_q.weight.buf,1048576,1049401,RAW,0.019362457998795435
44,blocks.2.attn.c_k.weight.buf,1048576,1049401,RAW,0.03649662499083206
44,blocks.2.attn.c_v.weight.buf,1048576,1049401,RAW,0.019148082996252924
44,blocks.2.attn.c_proj.weight.buf,1048576,1049401,RAW,0.019145416998071596
44,blocks.2.mlp.c_fc.weight.buf,4194304,4196389,RAW,0.11039324998273514
44,blocks.2.mlp.c_proj.weight.buf,4194304,4195129,RAW,0.1144697499985341
44,blocks.3.attn.c_q.weight.buf,1048576,1049401,RAW,0.019663624989334494
44,blocks.3.attn.c_k.weight.buf,1048576,1049401,RAW,0.019643499981611967
44,blocks.3.attn.c_v.weight.buf,1048576,1049401,RAW,0.03625341699807905
44,blocks.3.attn.c_proj.weight.buf,1048576,1049401,RAW,0.019800082984147593
44,blocks.3.attn.ve_gate.weight.buf,512,1022,RAW,2.5124987587332726e-05
44,blocks.3.mlp.c_fc.weight.buf,4194304,4196389,RAW,0.09611841701553203
44,blocks.3.mlp.c_proj.weight.buf,4194304,4195129,RAW,0.09970799999427982
44,blocks.4.attn.c_q.weight.buf,1048576,1049401,RAW,0.035827290994348004
44,blocks.4.attn.c_k.weight.buf,1048576,1049401,RAW,0.02008608399773948
44,blocks.4.attn.c_v.weight.buf,1048576,1049401,RAW,0.019227250013500452
44,blocks.4.attn.c_proj.weight.buf,1048576,1049401,RAW,0.01919895800529048
44,blocks.4.mlp.c_fc.weight.buf,4194304,4196389,RAW,0.10078616702230647
44,blocks.4.mlp.c_proj.weight.buf,4194304,4195129,RAW,0.12064462501439266
44,blocks.5.attn.c_q.weight.buf,1048576,1049401,RAW,0.02053195799817331
44,blocks.5.attn.c_k.weight.buf,1048576,1049401,RAW,0.04171154199866578
44,blocks.5.attn.c_v.weight.buf,1048576,1049401,RAW,0.020683208014816046
44,blocks.5.attn.c_proj.weight.buf,1048576,1049401,RAW,0.020999542000936344
44,blocks.5.attn.ve_gate.weight.buf,512,1022,RAW,3.174997982569039e-05
44,blocks.5.mlp.c_fc.weight.buf,4194304,4196389,RAW,0.12440437500481494
44,blocks.5.mlp.c_proj.weight.buf,4194304,4195129,RAW,0.11304545801249333
44,blocks.6.attn.c_q.weight.buf,1048576,1049401,RAW,0.020040999981574714
44,blocks.6.attn.c_k.weight.buf,1048576,1049401,RAW,0.02018166598281823
44,blocks.6.attn.c_v.weight.buf,1048576,1049401,RAW,0.036950332985725254
44,blocks.6.attn.c_proj.weight.buf,1048576,1049401,RAW,0.020233250019373372
44,blocks.6.mlp.c_fc.weight.buf,4194304,4196389,RAW,0.09774837497388944
44,blocks.6.mlp.c_proj.weight.buf,4194304,4195129,RAW,0.109277709008893
44,blocks.7.attn.c_q.weight.buf,1048576,1049401,RAW,0.0376278750190977
44,blocks.7.attn.c_k.weight.buf,1048576,1049401,RAW,0.02009666702360846
44,blocks.7.attn.c_v.weight.buf,1048576,1049401,RAW,0.020282332989154384
44,blocks.7.attn.c_proj.weight.buf,1048576,1049401,RAW,0.03670262498781085
44,blocks.7.attn.ve_gate.weight.buf,512,1022,RAW,2.2916996385902166e-05
44,blocks.7.mlp.c_fc.weight.buf,4194304,4196389,RAW,0.09920320802484639
44,blocks.7.mlp.c_proj.weight.buf,4194304,4195129,RAW,0.10624191697570495
44,lm_head.weight.m,67108864,67136149,RAW,1.5630250000103842
44,lm_head.weight.v,67108864,67136149,RAW,1.5853363340138458
44,resid_lambdas.m,32,32,RAW_VECTOR,8.458009688183665e-06
44,resid_lambdas.v,32,32,RAW_VECTOR,6.659829523414373e-07
44,x0_lambdas.m,32,32,RAW_VECTOR,1.04197533801198e-06
44,x0_lambdas.v,32,32,RAW_VECTOR,4.169996827840805e-07
44,value_embeds.1.weight.m,67108864,65086245,GRAMMAR,1.1574707500112709
44,value_embeds.1.weight.v,67108864,65085661,GRAMMAR,1.1440491670218762
44,value_embeds.3.weight.m,67108864,65086149,GRAMMAR,1.168622791999951
44,value_embeds.3.weight.v,67108864,65085821,GRAMMAR,1.1052569590101484
44,value_embeds.5.weight.m,67108864,65086249,GRAMMAR,1.1789784590073396
44,value_embeds.5.weight.v,67108864,65085797,GRAMMAR,1.126599958020961
44,value_embeds.7.weight.m,67108864,65086253,GRAMMAR,1.15412049999577
44,value_embeds.7.weight.v,67108864,65085933,GRAMMAR,1.166042709024623
45,wte.weight.m,67108864,65486265,GRAMMAR,1.1469373749860097
45,wte.weight.v,67108864,65481873,GRAMMAR,1.1763545410067309
45,blocks.0.attn.c_q.weight.buf,1048576,1049401,RAW,0.020333292020950466
45,blocks.0.attn.c_k.weight.buf,1048576,1049401,RAW,0.02111479200539179
45,blocks.0.attn.c_v.weight.buf,1048576,1049401,RAW,0.02003324998077005
45,blocks.0.attn.c_proj.weight.buf,1048576,1049401,RAW,0.019704417005414143
45,blocks.0.mlp.c_fc.weight.buf,4194304,4196389,RAW,0.09685695898951963
45,blocks.0.mlp.c_proj.weight.buf,4194304,4195129,RAW,0.10597354097990319
45,blocks.1.attn.c_q.weight.buf,1048576,1049401,RAW,0.019651583017548546
45,blocks.1.attn.c_k.weight.buf,1048576,1049401,RAW,0.038842332985950634
45,blocks.1.attn.c_v.weight.buf,1048576,1049401,RAW,0.03809133300092071
45,blocks.1.attn.c_proj.weight.buf,1048576,1049401,RAW,0.02172158399480395
45,blocks.1.attn.ve_gate.weight.buf,512,1022,RAW,5.0875009037554264e-05
45,blocks.1.mlp.c_fc.weight.buf,4194304,4196389,RAW,0.09833637499832548
45,blocks.1.mlp.c_proj.weight.buf,4194304,4195129,RAW,0.1326812500192318
45,blocks.2.attn.c_q.weight.buf,1048576,1049401,RAW,0.02047854199190624
45,blocks.2.attn.c_k.weight.buf,1048576,1049401,RAW,0.020292374974815175
45,blocks.2.attn.c_v.weight.buf,1048576,1049401,RAW,0.03761141700670123
45,blocks.2.attn.c_proj.weight.buf,1048576,1049401,RAW,0.019989583001006395
45,blocks.2.mlp.c_fc.weight.buf,4194304,4196389,RAW,0.09998158301459625
45,blocks.2.mlp.c_proj.weight.buf,4194304,4195129,RAW,0.118520666990662
45,blocks.3.attn.c_q.weight.buf,1048576,1049401,RAW,0.019993291003629565
45,blocks.3.attn.c_k.weight.buf,1048576,1049401,RAW,0.01958433398976922
45,blocks.3.attn.c_v.weight.buf,1048576,1049401,RAW,0.019511291990056634
45,blocks.3.attn.c_proj.weight.buf,1048576,1049401,RAW,0.0205857919936534
45,blocks.3.attn.ve_gate.weight.buf,512,1022,RAW,3.875000402331352e-05
45,blocks.3.mlp.c_fc.weight.buf,4194304,4196389,RAW,0.09396299999207258
45,blocks.3.mlp.c_proj.weight.buf,4194304,4195129,RAW,0.0997735409764573
45,blocks.4.attn.c_q.weight.buf,1048576,1049401,RAW,0.03678275001584552
45,blocks.4.attn.c_k.weight.buf,1048576,1049401,RAW,0.03681691602105275
45,blocks.4.attn.c_v.weight.buf,1048576,1049401,RAW,0.019660416000988334
45,blocks.4.attn.c_proj.weight.buf,1048576,1049401,RAW,0.019440292002400383
45,blocks.4.mlp.c_fc.weight.buf,4194304,4196389,RAW,0.11048754199873656
45,blocks.4.mlp.c_proj.weight.buf,4194304,4195129,RAW,0.10157850000541657
45,blocks.5.attn.c_q.weight.buf,1048576,1049401,RAW,0.019483332987874746
45,blocks.5.attn.c_k.weight.buf,1048576,1049401,RAW,0.01928954100003466
45,blocks.5.attn.c_v.weight.buf,1048576,1049401,RAW,0.03624595800647512
45,blocks.5.attn.c_proj.weight.buf,1048576,1049401,RAW,0.019463541015284136
45,blocks.5.attn.ve_gate.weight.buf,512,1022,RAW,3.9166014175862074e-05
45,blocks.5.mlp.c_fc.weight.buf,4194304,4196389,RAW,0.0989685419772286
45,blocks.5.mlp.c_proj.weight.buf,4194304,4195129,RAW,0.14337162501760758
45,blocks.6.attn.c_q.weight.buf,1048576,1049401,RAW,0.021267500007525086
45,blocks.6.attn.c_k.weight.buf,1048576,1049401,RAW,0.04170012500253506
45,blocks.6.attn.c_v.weight.buf,1048576,1049401,RAW,0.02117370901396498
45,blocks.6.attn.c_proj.weight.buf,1048576,1049401,RAW,0.020890042011160403
45,blocks.6.mlp.c_fc.weight.buf,4194304,4196389,RAW,0.10477875001379289
45,blocks.6.mlp.c_proj.weight.buf,4194304,4195129,RAW,0.16210437499103136
45,blocks.7.attn.c_q.weight.buf,1048576,1049401,RAW,0.020397124986629933
45,blocks.7.attn.c_k.weight.buf,1048576,1049401,RAW,0.03751658400869928
45,blocks.7.attn.c_v.weight.buf,1048576,1049401,RAW,0.020831000001635402
45,blocks.7.attn.c_proj.weight.buf,1048576,1049401,RAW,0.0199903339962475
45,blocks.7.attn.ve_gate.weight.buf,512,1022,RAW,1.6999983927235007e-05
45,blocks.7.mlp.c_fc.weight.buf,4194304,4196389,RAW,0.09907695799483918
45,blocks.7.mlp.c_proj.weight.buf,4194304,4195129,RAW,0.10333337500924245
45,lm_head.weight.m,67108864,67136149,RAW,1.5693548750132322
45,lm_head.weight.v,67108864,67136149,RAW,1.5883701670099981
45,resid_lambdas.m,32,32,RAW_VECTOR,7.791997632011771e-06
45,resid_lambdas.v,32,32,RAW_VECTOR,6.660120561718941e-07
45,x0_lambdas.m,32,32,RAW_VECTOR,1.00000761449337e-06
45,x0_lambdas.v,32,32,RAW_VECTOR,4.169996827840805e-07
45,value_embeds.1.weight.m,67108864,65262625,GRAMMAR,1.1696994160010945
45,value_embeds.1.weight.v,67108864,65262041,GRAMMAR,1.1242487079871353
45,value_embeds.3.weight.m,67108864,65262573,GRAMMAR,1.1699098329991102
45,value_embeds.3.weight.v,67108864,65262221,GRAMMAR,1.1364404580090195
45,value_embeds.5.weight.m,67108864,65262689,GRAMMAR,1.1773178340226877
45,value_embeds.5.weight.v,67108864,65262217,GRAMMAR,1.144518208981026
45,value_embeds.7.weight.m,67108864,65262661,GRAMMAR,1.119631917012157
45,value_embeds.7.weight.v,67108864,65262345,GRAMMAR,1.1708240000007208
46,wte.weight.m,67108864,65684665,GRAMMAR,1.1487201249983627
46,wte.weight.v,67108864,65684397,GRAMMAR,1.1787115829938557
46,blocks.0.attn.c_q.weight.buf,1048576,1049401,RAW,0.019847000017762184
46,blocks.0.attn.c_k.weight.buf,1048576,1049401,RAW,0.03767087499727495
46,blocks.0.attn.c_v.weight.buf,1048576,1049401,RAW,0.01993504201527685
46,blocks.0.attn.c_proj.weight.buf,1048576,1049401,RAW,0.01993966702139005
46,blocks.0.mlp.c_fc.weight.buf,4194304,4196389,RAW,0.09670829199603759
46,blocks.0.mlp.c_proj.weight.buf,4194304,4195129,RAW,0.10636862501269206
46,blocks.1.attn.c_q.weight.buf,1048576,1049401,RAW,0.020099083019886166
46,blocks.1.attn.c_k.weight.buf,1048576,1049401,RAW,0.019957416981924325
46,blocks.1.attn.c_v.weight.buf,1048576,1049401,RAW,0.021280250017298386
46,blocks.1.attn.c_proj.weight.buf,1048576,1049401,RAW,0.02007279099780135
46,blocks.1.attn.ve_gate.weight.buf,512,1022,RAW,1.837499439716339e-05
46,blocks.1.mlp.c_fc.weight.buf,4194304,4196389,RAW,0.09764691701275297
46,blocks.1.mlp.c_proj.weight.buf,4194304,4195129,RAW,0.11894408299122006
46,blocks.2.attn.c_q.weight.buf,1048576,1049401,RAW,0.020760874991538003
46,blocks.2.attn.c_k.weight.buf,1048576,1049401,RAW,0.019856041006278247
46,blocks.2.attn.c_v.weight.buf,1048576,1049401,RAW,0.019792415987467393
46,blocks.2.attn.c_proj.weight.buf,1048576,1049401,RAW,0.03642083398881368
46,blocks.2.mlp.c_fc.weight.buf,4194304,4196389,RAW,0.09894012499717064
46,blocks.2.mlp.c_proj.weight.buf,4194304,4195129,RAW,0.107269083004212
46,blocks.3.attn.c_q.weight.buf,1048576,1049401,RAW,0.03605137497652322
46,blocks.3.attn.c_k.weight.buf,1048576,1049401,RAW,0.019784500007517636
46,blocks.3.attn.c_v.weight.buf,1048576,1049401,RAW,0.01922954199835658
46,blocks.3.attn.c_proj.weight.buf,1048576,1049401,RAW,0.03582099999766797
46,blocks.3.attn.ve_gate.weight.buf,512,1022,RAW,1.220798003487289e-05
46,blocks.3.mlp.c_fc.weight.buf,4194304,4196389,RAW,0.09602541598724201
46,blocks.3.mlp.c_proj.weight.buf,4194304,4195129,RAW,0.10133529201266356
46,blocks.4.attn.c_q.weight.buf,1048576,1049401,RAW,0.019769832986639813
46,blocks.4.attn.c_k.weight.buf,1048576,1049401,RAW,0.036217833985574543
46,blocks.4.attn.c_v.weight.buf,1048576,1049401,RAW,0.019613749987911433
46,blocks.4.attn.c_proj.weight.buf,1048576,1049401,RAW,0.019812333019217476
46,blocks.4.mlp.c_fc.weight.buf,4194304,4196389,RAW,0.09579512500204146
46,blocks.4.mlp.c_proj.weight.buf,4194304,4195129,RAW,0.11595554198720492
46,blocks.5.attn.c_q.weight.buf,1048576,1049401,RAW,0.02005125000141561
46,blocks.5.attn.c_k.weight.buf,1048576,1049401,RAW,0.019420709024416283
46,blocks.5.attn.c_v.weight.buf,1048576,1049401,RAW,0.03669254097621888
46,blocks.5.attn.c_proj.weight.buf,1048576,1049401,RAW,0.01972516701789573
46,blocks.5.attn.ve_gate.weight.buf,512,1022,RAW,1.1249998351559043e-05
46,blocks.5.mlp.c_fc.weight.buf,4194304,4196389,RAW,0.11059883300913498
46,blocks.5.mlp.c_proj.weight.buf,4194304,4195129,RAW,0.10238779100473039
46,blocks.6.attn.c_q.weight.buf,1048576,1049401,RAW,0.04170083298231475
46,blocks.6.attn.c_k.weight.buf,1048576,1049401,RAW,0.02236500001163222
46,blocks.6.attn.c_v.weight.buf,1048576,1049401,RAW,0.022615125024458393
46,blocks.6.attn.c_proj.weight.buf,1048576,1049401,RAW,0.04258470798959024
46,blocks.6.mlp.c_fc.weight.buf,4194304,4196389,RAW,0.10400304198265076
46,blocks.6.mlp.c_proj.weight.buf,4194304,4195129,RAW,0.12167658400721848
46,blocks.7.attn.c_q.weight.buf,1048576,1049401,RAW,0.02127854200080037
46,blocks.7.attn.c_k.weight.buf,1048576,1049401,RAW,0.023120375000871718
46,blocks.7.attn.c_v.weight.buf,1048576,1049401,RAW,0.020521625003311783
46,blocks.7.attn.c_proj.weight.buf,1048576,1049401,RAW,0.019603541994001716
46,blocks.7.attn.ve_gate.weight.buf,512,1022,RAW,1.2208009138703346e-05
46,blocks.7.mlp.c_fc.weight.buf,4194304,4196389,RAW,0.1002728329913225
46,blocks.7.mlp.c_proj.weight.buf,4194304,4195129,RAW,0.10596600000280887
46,lm_head.weight.m,67108864,67136149,RAW,1.5727658329997212
46,lm_head.weight.v,67108864,67136149,RAW,1.547139915986918
46,resid_lambdas.m,32,32,RAW_VECTOR,7.291993824765086e-06
46,resid_lambdas.v,32,32,RAW_VECTOR,5.420006345957518e-07
46,x0_lambdas.m,32,32,RAW_VECTOR,1.0420044418424368e-06
46,x0_lambdas.v,32,32,RAW_VECTOR,5.00003807246685e-07
46,value_embeds.1.weight.m,67108864,65533829,GRAMMAR,1.1725356669921894
46,value_embeds.1.weight.v,67108864,65533293,GRAMMAR,1.097967959009111
46,value_embeds.3.weight.m,67108864,65533777,GRAMMAR,1.1896077920100652
46,value_embeds.3.weight.v,67108864,65533469,GRAMMAR,1.1189047080115415
46,value_embeds.5.weight.m,67108864,65533857,GRAMMAR,1.1821057500201277
46,value_embeds.5.weight.v,67108864,65533421,GRAMMAR,1.1624675409984775
46,value_embeds.7.weight.m,67108864,65533809,GRAMMAR,1.1508772910165135
46,value_embeds.7.weight.v,67108864,65533481,GRAMMAR,1.1723002909857314
47,wte.weight.m,67108864,65851101,GRAMMAR,1.1910360000038054
47,wte.weight.v,67108864,65850789,GRAMMAR,1.1884975420252886
47,blocks.0.attn.c_q.weight.buf,1048576,1049401,RAW,0.020533416012767702
47,blocks.0.attn.c_k.weight.buf,1048576,1049401,RAW,0.019714708992978558
47,blocks.0.attn.c_v.weight.buf,1048576,1049401,RAW,0.037043999996967614
47,blocks.0.attn.c_proj.weight.buf,1048576,1049401,RAW,0.02021037499071099
47,blocks.0.mlp.c_fc.weight.buf,4194304,4196389,RAW,0.09720654200646095
47,blocks.0.mlp.c_proj.weight.buf,4194304,4195129,RAW,0.1246237910236232
47,blocks.1.attn.c_q.weight.buf,1048576,1049401,RAW,0.02056320899282582
47,blocks.1.attn.c_k.weight.buf,1048576,1049401,RAW,0.01993558299727738
47,blocks.1.attn.c_v.weight.buf,1048576,1049401,RAW,0.036702040990348905
47,blocks.1.attn.c_proj.weight.buf,1048576,1049401,RAW,0.019996749993879348
47,blocks.1.attn.ve_gate.weight.buf,512,1022,RAW,1.362498733215034e-05
47,blocks.1.mlp.c_fc.weight.buf,4194304,4196389,RAW,0.11312116601038724
47,blocks.1.mlp.c_proj.weight.buf,4194304,4195129,RAW,0.1062796670012176
47,blocks.2.attn.c_q.weight.buf,1048576,1049401,RAW,0.03724304199567996
47,blocks.2.attn.c_k.weight.buf,1048576,1049401,RAW,0.02189933301997371
47,blocks.2.attn.c_v.weight.buf,1048576,1049401,RAW,0.020966583979316056
47,blocks.2.attn.c_proj.weight.buf,1048576,1049401,RAW,0.03864229199825786
47,blocks.2.mlp.c_fc.weight.buf,4194304,4196389,RAW,0.09984200002509169
47,blocks.2.mlp.c_proj.weight.buf,4194304,4195129,RAW,0.1044803750119172
47,blocks.3.attn.c_q.weight.buf,1048576,1049401,RAW,0.020038834016304463
47,blocks.3.attn.c_k.weight.buf,1048576,1049401,RAW,0.03705408298992552
47,blocks.3.attn.c_v.weight.buf,1048576,1049401,RAW,0.01988525001797825
47,blocks.3.attn.c_proj.weight.buf,1048576,1049401,RAW,0.019959541008574888
47,blocks.3.attn.ve_gate.weight.buf,512,1022,RAW,1.2708012945950031e-05
47,blocks.3.mlp.c_fc.weight.buf,4194304,4196389,RAW,0.09955891701974906
47,blocks.3.mlp.c_proj.weight.buf,4194304,4195129,RAW,0.12411329100723378
47,blocks.4.attn.c_q.weight.buf,1048576,1049401,RAW,0.02000595798017457
47,blocks.4.attn.c_k.weight.buf,1048576,1049401,RAW,0.019492499995976686
47,blocks.4.attn.c_v.weight.buf,1048576,1049401,RAW,0.03554633300518617
47,blocks.4.attn.c_proj.weight.buf,1048576,1049401,RAW,0.020101458008866757
47,blocks.4.mlp.c_fc.weight.buf,4194304,4196389,RAW,0.10980133400880732
47,blocks.4.mlp.c_proj.weight.buf,4194304,4195129,RAW,0.100158833025489
47,blocks.5.attn.c_q.weight.buf,1048576,1049401,RAW,0.03584600001340732
47,blocks.5.attn.c_k.weight.buf,1048576,1049401,RAW,0.01968662498984486
47,blocks.5.attn.c_v.weight.buf,1048576,1049401,RAW,0.01960654099821113
47,blocks.5.attn.c_proj.weight.buf,1048576,1049401,RAW,0.03602354199392721
47,blocks.5.attn.ve_gate.weight.buf,512,1022,RAW,2.720800694078207e-05
47,blocks.5.mlp.c_fc.weight.buf,4194304,4196389,RAW,0.09555600001476705
47,blocks.5.mlp.c_proj.weight.buf,4194304,4195129,RAW,0.10030912500224076
47,blocks.6.attn.c_q.weight.buf,1048576,1049401,RAW,0.019511167018208653
47,blocks.6.attn.c_k.weight.buf,1048576,1049401,RAW,0.03631083300570026
47,blocks.6.attn.c_v.weight.buf,1048576,1049401,RAW,0.019623291998868808
47,blocks.6.attn.c_proj.weight.buf,1048576,1049401,RAW,0.019684833008795977
47,blocks.6.mlp.c_fc.weight.buf,4194304,4196389,RAW,0.09661916698678397
47,blocks.6.mlp.c_proj.weight.buf,4194304,4195129,RAW,0.11666324999532662
47,blocks.7.attn.c_q.weight.buf,1048576,1049401,RAW,0.021523250004975125
47,blocks.7.attn.c_k.weight.buf,1048576,1049401,RAW,0.021083708008518443
47,blocks.7.attn.c_v.weight.buf,1048576,1049401,RAW,0.04039450001437217
47,blocks.7.attn.c_proj.weight.buf,1048576,1049401,RAW,0.02223054098431021
47,blocks.7.attn.ve_gate.weight.buf,512,1022,RAW,2.3124972358345985e-05
47,blocks.7.mlp.c_fc.weight.buf,4194304,4196389,RAW,0.12494691699976102
47,blocks.7.mlp.c_proj.weight.buf,4194304,4195129,RAW,0.12066887499531731
47,lm_head.weight.m,67108864,67136149,RAW,1.5611587500025053
47,lm_head.weight.v,67108864,67136149,RAW,1.5673172080132645
47,resid_lambdas.m,32,32,RAW_VECTOR,9.624985978007317e-06
47,resid_lambdas.v,32,32,RAW_VECTOR,4.5899651013314724e-07
47,x0_lambdas.m,32,32,RAW_VECTOR,1.500011421740055e-06
47,x0_lambdas.v,32,32,RAW_VECTOR,5.829788278788328e-07
47,value_embeds.1.weight.m,67108864,65717501,GRAMMAR,1.1983535000181291
47,value_embeds.1.weight.v,67108864,65717013,GRAMMAR,1.1266035410226323
47,value_embeds.3.weight.m,67108864,65717473,GRAMMAR,1.2071677919884678
47,value_embeds.3.weight.v,67108864,65717173,GRAMMAR,1.150702207989525
47,value_embeds.5.weight.m,67108864,65717541,GRAMMAR,1.1779989579808898
47,value_embeds.5.weight.v,67108864,65717117,GRAMMAR,1.1727722090145107
47,value_embeds.7.weight.m,67108864,65717473,GRAMMAR,1.1735130419838242
47,value_embeds.7.weight.v,67108864,65717153,GRAMMAR,1.182608208997408
48,wte.weight.m,67108864,66035997,GRAMMAR,1.1828995000105351
48,wte.weight.v,67108864,66035665,GRAMMAR,1.1975023330014665
48,blocks.0.attn.c_q.weight.buf,1048576,1049401,RAW,0.036751083011040464
48,blocks.0.attn.c_k.weight.buf,1048576,1049401,RAW,0.020212333998642862
48,blocks.0.attn.c_v.weight.buf,1048576,1049401,RAW,0.019843916001264006
48,blocks.0.attn.c_proj.weight.buf,1048576,1049401,RAW,0.03670249998685904
48,blocks.0.mlp.c_fc.weight.buf,4194304,4196389,RAW,0.09857066700351425
48,blocks.0.mlp.c_proj.weight.buf,4194304,4195129,RAW,0.10981212498154491
48,blocks.1.attn.c_q.weight.buf,1048576,1049401,RAW,0.021621916006552055
48,blocks.1.attn.c_k.weight.buf,1048576,1049401,RAW,0.03749491699272767
48,blocks.1.attn.c_v.weight.buf,1048576,1049401,RAW,0.02021029099705629
48,blocks.1.attn.c_proj.weight.buf,1048576,1049401,RAW,0.02004270799807273
48,blocks.1.attn.ve_gate.weight.buf,512,1022,RAW,1.2250005966052413e-05
48,blocks.1.mlp.c_fc.weight.buf,4194304,4196389,RAW,0.0981872080010362
48,blocks.1.mlp.c_proj.weight.buf,4194304,4195129,RAW,0.10702875000424683
48,blocks.2.attn.c_q.weight.buf,1048576,1049401,RAW,0.02022175001911819
48,blocks.2.attn.c_k.weight.buf,1048576,1049401,RAW,0.019990458997199312
48,blocks.2.attn.c_v.weight.buf,1048576,1049401,RAW,0.041265707986894995
48,blocks.2.attn.c_proj.weight.buf,1048576,1049401,RAW,0.020348208985524252
48,blocks.2.mlp.c_fc.weight.buf,4194304,4196389,RAW,0.09905858300044201
48,blocks.2.mlp.c_proj.weight.buf,4194304,4195129,RAW,0.12223445801646449
48,blocks.3.attn.c_q.weight.buf,1048576,1049401,RAW,0.021231749997241423
48,blocks.3.attn.c_k.weight.buf,1048576,1049401,RAW,0.02014325000345707
48,blocks.3.attn.c_v.weight.buf,1048576,1049401,RAW,0.020115167018957436
48,blocks.3.attn.c_proj.weight.buf,1048576,1049401,RAW,0.03691283302032389
48,blocks.3.attn.ve_gate.weight.buf,512,1022,RAW,1.5792000340297818e-05
48,blocks.3.mlp.c_fc.weight.buf,4194304,4196389,RAW,0.09989379197941162
48,blocks.3.mlp.c_proj.weight.buf,4194304,4195129,RAW,0.10057729101390578
48,blocks.4.attn.c_q.weight.buf,1048576,1049401,RAW,0.019456292007816955
48,blocks.4.attn.c_k.weight.buf,1048576,1049401,RAW,0.035857792012393475
48,blocks.4.attn.c_v.weight.buf,1048576,1049401,RAW,0.019616208999650553
48,blocks.4.attn.c_proj.weight.buf,1048576,1049401,RAW,0.019413959002122283
48,blocks.4.mlp.c_fc.weight.buf,4194304,4196389,RAW,0.09656249999534339
48,blocks.4.mlp.c_proj.weight.buf,4194304,4195129,RAW,0.11436354200122878
48,blocks.5.attn.c_q.weight.buf,1048576,1049401,RAW,0.020079332985915244
48,blocks.5.attn.c_k.weight.buf,1048576,1049401,RAW,0.01994175001163967
48,blocks.5.attn.c_v.weight.buf,1048576,1049401,RAW,0.02031612501014024
48,blocks.5.attn.c_proj.weight.buf,1048576,1049401,RAW,0.02200825000181794
48,blocks.5.attn.ve_gate.weight.buf,512,1022,RAW,1.8332997569814324e-05
48,blocks.5.mlp.c_fc.weight.buf,4194304,4196389,RAW,0.0983722920063883
48,blocks.5.mlp.c_proj.weight.buf,4194304,4195129,RAW,0.10047408399987034
48,blocks.6.attn.c_q.weight.buf,1048576,1049401,RAW,0.036125209007877856
48,blocks.6.attn.c_k.weight.buf,1048576,1049401,RAW,0.03549979199306108
48,blocks.6.attn.c_v.weight.buf,1048576,1049401,RAW,0.01911895800731145
48,blocks.6.attn.c_proj.weight.buf,1048576,1049401,RAW,0.01982495898846537
48,blocks.6.mlp.c_fc.weight.buf,4194304,4196389,RAW,0.09485320901148953
48,blocks.6.mlp.c_proj.weight.buf,4194304,4195129,RAW,0.11718366699642502
48,blocks.7.attn.c_q.weight.buf,1048576,1049401,RAW,0.020847917010542005
48,blocks.7.attn.c_k.weight.buf,1048576,1049401,RAW,0.04073095798958093
48,blocks.7.attn.c_v.weight.buf,1048576,1049401,RAW,0.02166687502176501
48,blocks.7.attn.c_proj.weight.buf,1048576,1049401,RAW,0.021166958002140746
48,blocks.7.attn.ve_gate.weight.buf,512,1022,RAW,5.137501284480095e-05
48,blocks.7.mlp.c_fc.weight.buf,4194304,4196389,RAW,0.10497387498617172
48,blocks.7.mlp.c_proj.weight.buf,4194304,4195129,RAW,0.14508070901501924
48,lm_head.weight.m,67108864,67136149,RAW,1.5925859169801697
48,lm_head.weight.v,67108864,67136149,RAW,1.5429484999913257
48,resid_lambdas.m,32,32,RAW_VECTOR,7.708003977313638e-06
48,resid_lambdas.v,32,32,RAW_VECTOR,6.250047590583563e-07
48,x0_lambdas.m,32,32,RAW_VECTOR,1.2500095181167126e-06
48,x0_lambdas.v,32,32,RAW_VECTOR,4.580069798976183e-07
48,value_embeds.1.weight.m,67108864,65917313,GRAMMAR,1.2070282500062604
48,value_embeds.1.weight.v,67108864,65912785,GRAMMAR,1.1396349580027163
48,value_embeds.3.weight.m,67108864,65913217,GRAMMAR,1.21476620901376
48,value_embeds.3.weight.v,67108864,65912921,GRAMMAR,1.1652104590029921
48,value_embeds.5.weight.m,67108864,65913245,GRAMMAR,1.2107169590017293
48,value_embeds.5.weight.v,67108864,65912877,GRAMMAR,1.1608239999914076
48,value_embeds.7.weight.m,67108864,65913189,GRAMMAR,1.159931875008624
48,value_embeds.7.weight.v,67108864,65912921,GRAMMAR,1.2004202080133837
49,wte.weight.m,67108864,66151573,GRAMMAR,1.1967124579823576
49,wte.weight.v,67108864,66151305,GRAMMAR,1.2056906659854576
49,blocks.0.attn.c_q.weight.buf,1048576,1049401,RAW,0.021271208010148257
49,blocks.0.attn.c_k.weight.buf,1048576,1049401,RAW,0.020087583019630983
49,blocks.0.attn.c_v.weight.buf,1048576,1049401,RAW,0.03746279201004654
49,blocks.0.attn.c_proj.weight.buf,1048576,1049401,RAW,0.02035450001130812
49,blocks.0.mlp.c_fc.weight.buf,4194304,4196389,RAW,0.09729808301199228
49,blocks.0.mlp.c_proj.weight.buf,4194304,4195129,RAW,0.10457033399143256
49,blocks.1.attn.c_q.weight.buf,1048576,1049401,RAW,0.03680050000548363
49,blocks.1.attn.c_k.weight.buf,1048576,1049401,RAW,0.03692570800194517
49,blocks.1.attn.c_v.weight.buf,1048576,1049401,RAW,0.019989124994026497
49,blocks.1.attn.c_proj.weight.buf,1048576,1049401,RAW,0.019935249991249293
49,blocks.1.attn.ve_gate.weight.buf,512,1022,RAW,0.0001247919863089919
49,blocks.1.mlp.c_fc.weight.buf,4194304,4196389,RAW,0.09914079200825654
49,blocks.1.mlp.c_proj.weight.buf,4194304,4195129,RAW,0.10569750002468936
49,blocks.2.attn.c_q.weight.buf,1048576,1049401,RAW,0.019991249981103465
49,blocks.2.attn.c_k.weight.buf,1048576,1049401,RAW,0.03721070897881873
49,blocks.2.attn.c_v.weight.buf,1048576,1049401,RAW,0.019877165992511436
49,blocks.2.attn.c_proj.weight.buf,1048576,1049401,RAW,0.019917500001611188
49,blocks.2.mlp.c_fc.weight.buf,4194304,4196389,RAW,0.11427512500085868
49,blocks.2.mlp.c_proj.weight.buf,4194304,4195129,RAW,0.10593358299229294
49,blocks.3.attn.c_q.weight.buf,1048576,1049401,RAW,0.02041499997721985
49,blocks.3.attn.c_k.weight.buf,1048576,1049401,RAW,0.020199624996166676
49,blocks.3.attn.c_v.weight.buf,1048576,1049401,RAW,0.03699208301259205
49,blocks.3.attn.c_proj.weight.buf,1048576,1049401,RAW,0.019580000021960586
49,blocks.3.attn.ve_gate.weight.buf,512,1022,RAW,1.1041993275284767e-05
49,blocks.3.mlp.c_fc.weight.buf,4194304,4196389,RAW,0.09626666599069722
49,blocks.3.mlp.c_proj.weight.buf,4194304,4195129,RAW,0.10094141599256545
49,blocks.4.attn.c_q.weight.buf,1048576,1049401,RAW,0.05063124999287538
49,blocks.4.attn.c_k.weight.buf,1048576,1049401,RAW,0.01966175000416115
49,blocks.4.attn.c_v.weight.buf,1048576,1049401,RAW,0.01924579098704271
49,blocks.4.attn.c_proj.weight.buf,1048576,1049401,RAW,0.03554112502024509
49,blocks.4.mlp.c_fc.weight.buf,4194304,4196389,RAW,0.09684020798886195
49,blocks.4.mlp.c_proj.weight.buf,4194304,4195129,RAW,0.10114120799698867
49,blocks.5.attn.c_q.weight.buf,1048576,1049401,RAW,0.020681833004346117
49,blocks.5.attn.c_k.weight.buf,1048576,1049401,RAW,0.03769399999873713
49,blocks.5.attn.c_v.weight.buf,1048576,1049401,RAW,0.019319582992466167
49,blocks.5.attn.c_proj.weight.buf,1048576,1049401,RAW,0.019291499978862703
49,blocks.5.attn.ve_gate.weight.buf,512,1022,RAW,3.195801400579512e-05
49,blocks.5.mlp.c_fc.weight.buf,4194304,4196389,RAW,0.1136467499891296
49,blocks.5.mlp.c_proj.weight.buf,4194304,4195129,RAW,0.1001434589852579
49,blocks.6.attn.c_q.weight.buf,1048576,1049401,RAW,0.019486291974317282
49,blocks.6.attn.c_k.weight.buf,1048576,1049401,RAW,0.019189333979738876
49,blocks.6.attn.c_v.weight.buf,1048576,1049401,RAW,0.04055274999700487
49,blocks.6.attn.c_proj.weight.buf,1048576,1049401,RAW,0.021355499979108572
49,blocks.6.mlp.c_fc.weight.buf,4194304,4196389,RAW,0.10370112501550466
49,blocks.6.mlp.c_proj.weight.buf,4194304,4195129,RAW,0.14368025001022033
49,blocks.7.attn.c_q.weight.buf,1048576,1049401,RAW,0.04169833302148618
49,blocks.7.attn.c_k.weight.buf,1048576,1049401,RAW,0.02077562498743646
49,blocks.7.attn.c_v.weight.buf,1048576,1049401,RAW,0.04070095898350701
49,blocks.7.attn.c_proj.weight.buf,1048576,1049401,RAW,0.022299875010503456
49,blocks.7.attn.ve_gate.weight.buf,512,1022,RAW,3.4500000765547156e-05
49,blocks.7.mlp.c_fc.weight.buf,4194304,4196389,RAW,0.09920962498290464
49,blocks.7.mlp.c_proj.weight.buf,4194304,4195129,RAW,0.10538916700170375
49,lm_head.weight.m,67108864,67136149,RAW,1.5552246659935918
49,lm_head.weight.v,67108864,67136149,RAW,1.5673909579927567
49,resid_lambdas.m,32,32,RAW_VECTOR,9.832991054281592e-06
49,resid_lambdas.v,32,32,RAW_VECTOR,1.7499842215329409e-06
49,x0_lambdas.m,32,32,RAW_VECTOR,1.0420044418424368e-06
49,x0_lambdas.v,32,32,RAW_VECTOR,4.169996827840805e-07
49,value_embeds.1.weight.m,67108864,66041917,GRAMMAR,1.206682499992894
49,value_embeds.1.weight.v,67108864,66041501,GRAMMAR,1.1339559579791967
49,value_embeds.3.weight.m,67108864,66041945,GRAMMAR,1.2116790840227623
49,value_embeds.3.weight.v,67108864,66041625,GRAMMAR,1.1738040420168545
49,value_embeds.5.weight.m,67108864,66041945,GRAMMAR,1.2179786670021713
49,value_embeds.5.weight.v,67108864,66041593,GRAMMAR,1.1782030000176746
49,value_embeds.7.weight.m,67108864,66041917,GRAMMAR,1.15738433401566
49,value_embeds.7.weight.v,67108864,66041645,GRAMMAR,1.2042281250178348
50,wte.weight.m,67108864,66316965,GRAMMAR,1.2045981250121258
50,wte.weight.v,67108864,66316741,GRAMMAR,1.2172716250061058
50,blocks.0.attn.c_q.weight.buf,1048576,1049401,RAW,0.020105375006096438
50,blocks.0.attn.c_k.weight.buf,1048576,1049401,RAW,0.037445583002408966
50,blocks.0.attn.c_v.weight.buf,1048576,1049401,RAW,0.019666749984025955
50,blocks.0.attn.c_proj.weight.buf,1048576,1049401,RAW,0.019690957997227088
50,blocks.0.mlp.c_fc.weight.buf,4194304,4196389,RAW,0.11420066599384882
50,blocks.0.mlp.c_proj.weight.buf,4194304,4195129,RAW,0.10690783298923634
50,blocks.1.attn.c_q.weight.buf,1048576,1049401,RAW,0.01978395797777921
50,blocks.1.attn.c_k.weight.buf,1048576,1049401,RAW,0.03777875000378117
50,blocks.1.attn.c_v.weight.buf,1048576,1049401,RAW,0.020156375016085804
50,blocks.1.attn.c_proj.weight.buf,1048576,1049401,RAW,0.019724707992281765
50,blocks.1.attn.ve_gate.weight.buf,512,1022,RAW,1.2333999620750546e-05
50,blocks.1.mlp.c_fc.weight.buf,4194304,4196389,RAW,0.09749320900300518
50,blocks.1.mlp.c_proj.weight.buf,4194304,4195129,RAW,0.12346741702640429
50,blocks.2.attn.c_q.weight.buf,1048576,1049401,RAW,0.020347041019704193
50,blocks.2.attn.c_k.weight.buf,1048576,1049401,RAW,0.019782916991971433
50,blocks.2.attn.c_v.weight.buf,1048576,1049401,RAW,0.03711958398343995
50,blocks.2.attn.c_proj.weight.buf,1048576,1049401,RAW,0.020097457978408784
50,blocks.2.mlp.c_fc.weight.buf,4194304,4196389,RAW,0.09747375000733882
50,blocks.2.mlp.c_proj.weight.buf,4194304,4195129,RAW,0.10411575000034645
50,blocks.3.attn.c_q.weight.buf,1048576,1049401,RAW,0.03569508399232291
50,blocks.3.attn.c_k.weight.buf,1048576,1049401,RAW,0.0197870830015745
50,blocks.3.attn.c_v.weight.buf,1048576,1049401,RAW,0.019465249992208555
50,blocks.3.attn.c_proj.weight.buf,1048576,1049401,RAW,0.019931042013922706
50,blocks.3.attn.ve_gate.weight.buf,512,1022,RAW,2.4874985683709383e-05
50,blocks.3.mlp.c_fc.weight.buf,4194304,4196389,RAW,0.11060016698320396
50,blocks.3.mlp.c_proj.weight.buf,4194304,4195129,RAW,0.10268450001603924
50,blocks.4.attn.c_q.weight.buf,1048576,1049401,RAW,0.019683291000546888
50,blocks.4.attn.c_k.weight.buf,1048576,1049401,RAW,0.019313333003083244
50,blocks.4.attn.c_v.weight.buf,1048576,1049401,RAW,0.036554374994011596
50,blocks.4.attn.c_proj.weight.buf,1048576,1049401,RAW,0.019441874988842756
50,blocks.4.mlp.c_fc.weight.buf,4194304,4196389,RAW,0.09517258300911635
50,blocks.4.mlp.c_proj.weight.buf,4194304,4195129,RAW,0.11522837498341687
50,blocks.5.attn.c_q.weight.buf,1048576,1049401,RAW,0.03595474999747239
50,blocks.5.attn.c_k.weight.buf,1048576,1049401,RAW,0.019711165979970247
50,blocks.5.attn.c_v.weight.buf,1048576,1049401,RAW,0.019515125022735447
50,blocks.5.attn.c_proj.weight.buf,1048576,1049401,RAW,0.035154207987943664
50,blocks.5.attn.ve_gate.weight.buf,512,1022,RAW,4.954199539497495e-05
50,blocks.5.mlp.c_fc.weight.buf,4194304,4196389,RAW,0.10015108299558051
50,blocks.5.mlp.c_proj.weight.buf,4194304,4195129,RAW,0.11940879200119525
50,blocks.6.attn.c_q.weight.buf,1048576,1049401,RAW,0.020904833014355972
50,blocks.6.attn.c_k.weight.buf,1048576,1049401,RAW,0.04161499999463558
50,blocks.6.attn.c_v.weight.buf,1048576,1049401,RAW,0.021363416977692395
50,blocks.6.attn.c_proj.weight.buf,1048576,1049401,RAW,0.0213649159995839
50,blocks.6.mlp.c_fc.weight.buf,4194304,4196389,RAW,0.10322158399503678
50,blocks.6.mlp.c_proj.weight.buf,4194304,4195129,RAW,0.13730012500309385
50,blocks.7.attn.c_q.weight.buf,1048576,1049401,RAW,0.020474249991821125
50,blocks.7.attn.c_k.weight.buf,1048576,1049401,RAW,0.020463458000449464
50,blocks.7.attn.c_v.weight.buf,1048576,1049401,RAW,0.03688370899180882
50,blocks.7.attn.c_proj.weight.buf,1048576,1049401,RAW,0.020360499998787418
50,blocks.7.attn.ve_gate.weight.buf,512,1022,RAW,1.108401920646429e-05
50,blocks.7.mlp.c_fc.weight.buf,4194304,4196389,RAW,0.09888091700850055
50,blocks.7.mlp.c_proj.weight.buf,4194304,4195129,RAW,0.1220572910096962
50,lm_head.weight.m,67108864,67136149,RAW,1.5585401669959538
50,lm_head.weight.v,67108864,67136149,RAW,1.5564243749831803
50,resid_lambdas.m,32,32,RAW_VECTOR,9.957992006093264e-06
50,resid_lambdas.v,32,32,RAW_VECTOR,6.67001586407423e-07
50,x0_lambdas.m,32,32,RAW_VECTOR,1.2500095181167126e-06
50,x0_lambdas.v,32,32,RAW_VECTOR,2.9199873097240925e-07
50,value_embeds.1.weight.m,67108864,66192981,GRAMMAR,1.1959849169943482
50,value_embeds.1.weight.v,67108864,66192549,GRAMMAR,1.1674959170049988
50,value_embeds.3.weight.m,67108864,66192965,GRAMMAR,1.220565583993448
50,value_embeds.3.weight.v,67108864,66192725,GRAMMAR,1.1464526659983676
50,value_embeds.5.weight.m,67108864,66192961,GRAMMAR,1.2445196670014411
50,value_embeds.5.weight.v,67108864,66192637,GRAMMAR,1.1782687089871615
50,value_embeds.7.weight.m,67108864,66192977,GRAMMAR,1.1737616250175051
50,value_embeds.7.weight.v,67108864,66192649,GRAMMAR,1.21192054200219
51,wte.weight.m,67108864,66438605,GRAMMAR,1.213000124989776
51,wte.weight.v,67108864,66438405,GRAMMAR,1.248367166990647
51,blocks.0.attn.c_q.weight.buf,1048576,1049401,RAW,0.03680741702555679
51,blocks.0.attn.c_k.weight.buf,1048576,1049401,RAW,0.020249249995686114
51,blocks.0.attn.c_v.weight.buf,1048576,1049401,RAW,0.019867458002408966
51,blocks.0.attn.c_proj.weight.buf,1048576,1049401,RAW,0.03703987499466166
51,blocks.0.mlp.c_fc.weight.buf,4194304,4196389,RAW,0.09776458400301635
51,blocks.0.mlp.c_proj.weight.buf,4194304,4195129,RAW,0.10484241601079702
51,blocks.1.attn.c_q.weight.buf,1048576,1049401,RAW,0.020020958996610716
51,blocks.1.attn.c_k.weight.buf,1048576,1049401,RAW,0.03793658400536515
51,blocks.1.attn.c_v.weight.buf,1048576,1049401,RAW,0.020181375002721325
51,blocks.1.attn.c_proj.weight.buf,1048576,1049401,RAW,0.019841916975565255
51,blocks.1.attn.ve_gate.weight.buf,512,1022,RAW,2.0750012481585145e-05
51,blocks.1.mlp.c_fc.weight.buf,4194304,4196389,RAW,0.09599016699939966
51,blocks.1.mlp.c_proj.weight.buf,4194304,4195129,RAW,0.10375275000114925
51,blocks.2.attn.c_q.weight.buf,1048576,1049401,RAW,0.020071875012945384
51,blocks.2.attn.c_k.weight.buf,1048576,1049401,RAW,0.019483666983433068
51,blocks.2.attn.c_v.weight.buf,1048576,1049401,RAW,0.035967292002169415
51,blocks.2.attn.c_proj.weight.buf,1048576,1049401,RAW,0.020050624996656552
51,blocks.2.mlp.c_fc.weight.buf,4194304,4196389,RAW,0.09552983299363405
51,blocks.2.mlp.c_proj.weight.buf,4194304,4195129,RAW,0.11421249998966232
51,blocks.3.attn.c_q.weight.buf,1048576,1049401,RAW,0.020047250000061467
51,blocks.3.attn.c_k.weight.buf,1048576,1049401,RAW,0.03757858299650252
51,blocks.3.attn.c_v.weight.buf,1048576,1049401,RAW,0.019416291994275525
51,blocks.3.attn.c_proj.weight.buf,1048576,1049401,RAW,0.0196710420132149
51,blocks.3.attn.ve_gate.weight.buf,512,1022,RAW,1.3208977179601789e-05
51,blocks.3.mlp.c_fc.weight.buf,4194304,4196389,RAW,0.0952804590051528
51,blocks.3.mlp.c_proj.weight.buf,4194304,4195129,RAW,0.0989817499939818
51,blocks.4.attn.c_q.weight.buf,1048576,1049401,RAW,0.019651874987175688
51,blocks.4.attn.c_k.weight.buf,1048576,1049401,RAW,0.01970658401842229
51,blocks.4.attn.c_v.weight.buf,1048576,1049401,RAW,0.01926995799294673
51,blocks.4.attn.c_proj.weight.buf,1048576,1049401,RAW,0.02113841602113098
51,blocks.4.mlp.c_fc.weight.buf,4194304,4196389,RAW,0.09604854200733826
51,blocks.4.mlp.c_proj.weight.buf,4194304,4195129,RAW,0.10612495802342892
51,blocks.5.attn.c_q.weight.buf,1048576,1049401,RAW,0.04132770898286253
51,blocks.5.attn.c_k.weight.buf,1048576,1049401,RAW,0.021519958012504503
51,blocks.5.attn.c_v.weight.buf,1048576,1049401,RAW,0.02075900000636466
51,blocks.5.attn.c_proj.weight.buf,1048576,1049401,RAW,0.03985412500333041
51,blocks.5.attn.ve_gate.weight.buf,512,1022,RAW,7.095799082890153e-05
51,blocks.5.mlp.c_fc.weight.buf,4194304,4196389,RAW,0.10490841601858847
51,blocks.5.mlp.c_proj.weight.buf,4194304,4195129,RAW,0.14356787499855272
51,blocks.6.attn.c_q.weight.buf,1048576,1049401,RAW,0.02135541700408794
51,blocks.6.attn.c_k.weight.buf,1048576,1049401,RAW,0.040038084000116214
51,blocks.6.attn.c_v.weight.buf,1048576,1049401,RAW,0.019545874994946644
51,blocks.6.attn.c_proj.weight.buf,1048576,1049401,RAW,0.020083249983144924
51,blocks.6.mlp.c_fc.weight.buf,4194304,4196389,RAW,0.09741145800217055
51,blocks.6.mlp.c_proj.weight.buf,4194304,4195129,RAW,0.10675816697767004
51,blocks.7.attn.c_q.weight.buf,1048576,1049401,RAW,0.0201191249943804
51,blocks.7.attn.c_k.weight.buf,1048576,1049401,RAW,0.019704041013028473
51,blocks.7.attn.c_v.weight.buf,1048576,1049401,RAW,0.03719608302344568
51,blocks.7.attn.c_proj.weight.buf,1048576,1049401,RAW,0.020364750002045184
51,blocks.7.attn.ve_gate.weight.buf,512,1022,RAW,1.3790995581075549e-05
51,blocks.7.mlp.c_fc.weight.buf,4194304,4196389,RAW,0.0984949589765165
51,blocks.7.mlp.c_proj.weight.buf,4194304,4195129,RAW,0.10525979200610891
51,lm_head.weight.m,67108864,67136149,RAW,1.5801609999907669
51,lm_head.weight.v,67108864,67136149,RAW,1.602214249985991
51,resid_lambdas.m,32,32,RAW_VECTOR,7.2499969974160194e-06
51,resid_lambdas.v,32,32,RAW_VECTOR,5.00003807246685e-07
51,x0_lambdas.m,32,32,RAW_VECTOR,2.415996277704835e-06
51,x0_lambdas.v,32,32,RAW_VECTOR,5.420006345957518e-07
51,value_embeds.1.weight.m,67108864,66298493,GRAMMAR,1.2050726669840515
51,value_embeds.1.weight.v,67108864,66298065,GRAMMAR,1.2033321670023724
51,value_embeds.3.weight.m,67108864,66302625,GRAMMAR,1.2241260000155307
51,value_embeds.3.weight.v,67108864,66298217,GRAMMAR,1.1426665000035428
51,value_embeds.5.weight.m,67108864,66298477,GRAMMAR,1.24651637498755
51,value_embeds.5.weight.v,67108864,66298161,GRAMMAR,1.1952546249958687
51,value_embeds.7.weight.m,67108864,66298497,GRAMMAR,1.220227541984059
51,value_embeds.7.weight.v,67108864,66298161,GRAMMAR,1.1990932079788763
52,wte.weight.m,67108864,66534289,GRAMMAR,1.2478925419854932
52,wte.weight.v,67108864,66534101,GRAMMAR,1.2044839170121122
52,blocks.0.attn.c_q.weight.buf,1048576,1049401,RAW,0.021440999989863485
52,blocks.0.attn.c_k.weight.buf,1048576,1049401,RAW,0.020696791005320847
52,blocks.0.attn.c_v.weight.buf,1048576,1049401,RAW,0.019751541985897347
52,blocks.0.attn.c_proj.weight.buf,1048576,1049401,RAW,0.02190783401601948
52,blocks.0.mlp.c_fc.weight.buf,4194304,4196389,RAW,0.1125652079936117
52,blocks.0.mlp.c_proj.weight.buf,4194304,4195129,RAW,0.10536983402562328
52,blocks.1.attn.c_q.weight.buf,1048576,1049401,RAW,0.019431082997471094
52,blocks.1.attn.c_k.weight.buf,1048576,1049401,RAW,0.020916541980113834
52,blocks.1.attn.c_v.weight.buf,1048576,1049401,RAW,0.01954033298534341
52,blocks.1.attn.c_proj.weight.buf,1048576,1049401,RAW,0.01955779199488461
52,blocks.1.attn.ve_gate.weight.buf,512,1022,RAW,9.833980584517121e-06
52,blocks.1.mlp.c_fc.weight.buf,4194304,4196389,RAW,0.09468087501591071
52,blocks.1.mlp.c_proj.weight.buf,4194304,4195129,RAW,0.10163041698979214
52,blocks.2.attn.c_q.weight.buf,1048576,1049401,RAW,0.019699124997714534
52,blocks.2.attn.c_k.weight.buf,1048576,1049401,RAW,0.02012075000675395
52,blocks.2.attn.c_v.weight.buf,1048576,1049401,RAW,0.03807466599391773
52,blocks.2.attn.c_proj.weight.buf,1048576,1049401,RAW,0.01956766701187007
52,blocks.2.mlp.c_fc.weight.buf,4194304,4196389,RAW,0.09753991701290943
52,blocks.2.mlp.c_proj.weight.buf,4194304,4195129,RAW,0.09821312502026558
52,blocks.3.attn.c_q.weight.buf,1048576,1049401,RAW,0.03574079100508243
52,blocks.3.attn.c_k.weight.buf,1048576,1049401,RAW,0.019343124993611127
52,blocks.3.attn.c_v.weight.buf,1048576,1049401,RAW,0.019483124982798472
52,blocks.3.attn.c_proj.weight.buf,1048576,1049401,RAW,0.019556915998691693
52,blocks.3.attn.ve_gate.weight.buf,512,1022,RAW,0.0001366669894196093
52,blocks.3.mlp.c_fc.weight.buf,4194304,4196389,RAW,0.09677000000374392
52,blocks.3.mlp.c_proj.weight.buf,4194304,4195129,RAW,0.1140775409876369
52,blocks.4.attn.c_q.weight.buf,1048576,1049401,RAW,0.02068683397374116
52,blocks.4.attn.c_k.weight.buf,1048576,1049401,RAW,0.02091633397503756
52,blocks.4.attn.c_v.weight.buf,1048576,1049401,RAW,0.022363416996086016
52,blocks.4.attn.c_proj.weight.buf,1048576,1049401,RAW,0.02086570902611129
52,blocks.4.mlp.c_fc.weight.buf,4194304,4196389,RAW,0.1033177089993842
52,blocks.4.mlp.c_proj.weight.buf,4194304,4195129,RAW,0.14406020901515149
52,blocks.5.attn.c_q.weight.buf,1048576,1049401,RAW,0.021043957996880636
52,blocks.5.attn.c_k.weight.buf,1048576,1049401,RAW,0.02122691599652171
52,blocks.5.attn.c_v.weight.buf,1048576,1049401,RAW,0.0410139579907991
52,blocks.5.attn.c_proj.weight.buf,1048576,1049401,RAW,0.02073725001537241
52,blocks.5.attn.ve_gate.weight.buf,512,1022,RAW,1.95419997908175e-05
52,blocks.5.mlp.c_fc.weight.buf,4194304,4196389,RAW,0.0986528749926947
52,blocks.5.mlp.c_proj.weight.buf,4194304,4195129,RAW,0.12394283301546238
52,blocks.6.attn.c_q.weight.buf,1048576,1049401,RAW,0.020702000008895993
52,blocks.6.attn.c_k.weight.buf,1048576,1049401,RAW,0.019842792011331767
52,blocks.6.attn.c_v.weight.buf,1048576,1049401,RAW,0.0367940419819206
52,blocks.6.attn.c_proj.weight.buf,1048576,1049401,RAW,0.02074937502038665
52,blocks.6.mlp.c_fc.weight.buf,4194304,4196389,RAW,0.11357824999140576
52,blocks.6.mlp.c_proj.weight.buf,4194304,4195129,RAW,0.10602154099615291
52,blocks.7.attn.c_q.weight.buf,1048576,1049401,RAW,0.036978374992031604
52,blocks.7.attn.c_k.weight.buf,1048576,1049401,RAW,0.020376750006107613
52,blocks.7.attn.c_v.weight.buf,1048576,1049401,RAW,0.02000983399921097
52,blocks.7.attn.c_proj.weight.buf,1048576,1049401,RAW,0.020170333998976275
52,blocks.7.attn.ve_gate.weight.buf,512,1022,RAW,1.2416014214977622e-05
52,blocks.7.mlp.c_fc.weight.buf,4194304,4196389,RAW,0.10019979201024398
52,blocks.7.mlp.c_proj.weight.buf,4194304,4195129,RAW,0.10555754200322554
52,lm_head.weight.m,67108864,67136149,RAW,1.5569223340135068
52,lm_head.weight.v,67108864,67136149,RAW,1.6148392499890178
52,resid_lambdas.m,32,32,RAW_VECTOR,7.208000170066953e-06
52,resid_lambdas.v,32,32,RAW_VECTOR,6.250047590583563e-07
52,x0_lambdas.m,32,32,RAW_VECTOR,1.00000761449337e-06
52,x0_lambdas.v,32,32,RAW_VECTOR,4.1601015254855156e-07
52,value_embeds.1.weight.m,67108864,66410977,GRAMMAR,1.1873745420016348
52,value_embeds.1.weight.v,67108864,66410637,GRAMMAR,1.20955062500434
52,value_embeds.3.weight.m,67108864,66415125,GRAMMAR,1.2150933329830877
52,value_embeds.3.weight.v,67108864,66410773,GRAMMAR,1.2154547079990152
52,value_embeds.5.weight.m,67108864,66415041,GRAMMAR,1.213247625011718
52,value_embeds.5.weight.v,67108864,66410661,GRAMMAR,1.161293916986324
52,value_embeds.7.weight.m,67108864,66410949,GRAMMAR,1.2411487089993898
52,value_embeds.7.weight.v,67108864,66410693,GRAMMAR,1.1946334170061164
53,wte.weight.m,67108864,66606513,GRAMMAR,1.270294499990996
53,wte.weight.v,67108864,66606309,GRAMMAR,1.2126665000105277
53,blocks.0.attn.c_q.weight.buf,1048576,1049401,RAW,0.035589707986218855
53,blocks.0.attn.c_k.weight.buf,1048576,1049401,RAW,0.019389291992411017
53,blocks.0.attn.c_v.weight.buf,1048576,1049401,RAW,0.019517250009812415
53,blocks.0.attn.c_proj.weight.buf,1048576,1049401,RAW,0.035803374979877844
53,blocks.0.mlp.c_fc.weight.buf,4194304,4196389,RAW,0.09543729099095799
53,blocks.0.mlp.c_proj.weight.buf,4194304,4195129,RAW,0.10000191698782146
53,blocks.1.attn.c_q.weight.buf,1048576,1049401,RAW,0.019576209015212953
53,blocks.1.attn.c_k.weight.buf,1048576,1049401,RAW,0.037408083997434005
53,blocks.1.attn.c_v.weight.buf,1048576,1049401,RAW,0.020022583019454032
53,blocks.1.attn.c_proj.weight.buf,1048576,1049401,RAW,0.02019533299608156
53,blocks.1.attn.ve_gate.weight.buf,512,1022,RAW,1.9917002646252513e-05
53,blocks.1.mlp.c_fc.weight.buf,4194304,4196389,RAW,0.10160237498348579
53,blocks.1.mlp.c_proj.weight.buf,4194304,4195129,RAW,0.09930279201944359
53,blocks.2.attn.c_q.weight.buf,1048576,1049401,RAW,0.019862875022226945
53,blocks.2.attn.c_k.weight.buf,1048576,1049401,RAW,0.019601832987973467
53,blocks.2.attn.c_v.weight.buf,1048576,1049401,RAW,0.03559991699876264
53,blocks.2.attn.c_proj.weight.buf,1048576,1049401,RAW,0.019943457999033853
53,blocks.2.mlp.c_fc.weight.buf,4194304,4196389,RAW,0.09534025000175461
53,blocks.2.mlp.c_proj.weight.buf,4194304,4195129,RAW,0.11191537498962134
53,blocks.3.attn.c_q.weight.buf,1048576,1049401,RAW,0.04061383299995214
53,blocks.3.attn.c_k.weight.buf,1048576,1049401,RAW,0.02148212501197122
53,blocks.3.attn.c_v.weight.buf,1048576,1049401,RAW,0.0210482919937931
53,blocks.3.attn.c_proj.weight.buf,1048576,1049401,RAW,0.02075666599557735
53,blocks.3.attn.ve_gate.weight.buf,512,1022,RAW,0.00015320797683671117
53,blocks.3.mlp.c_fc.weight.buf,4194304,4196389,RAW,0.10469983299844898
53,blocks.3.mlp.c_proj.weight.buf,4194304,4195129,RAW,0.11969266599044204
53,blocks.4.attn.c_q.weight.buf,1048576,1049401,RAW,0.021198500005993992
53,blocks.4.attn.c_k.weight.buf,1048576,1049401,RAW,0.039279165997868404
53,blocks.4.attn.c_v.weight.buf,1048576,1049401,RAW,0.03691687501850538
53,blocks.4.attn.c_proj.weight.buf,1048576,1049401,RAW,0.02016437501879409
53,blocks.4.mlp.c_fc.weight.buf,4194304,4196389,RAW,0.09812024998245761
53,blocks.4.mlp.c_proj.weight.buf,4194304,4195129,RAW,0.10512762502185069
53,blocks.5.attn.c_q.weight.buf,1048576,1049401,RAW,0.020064374984940514
53,blocks.5.attn.c_k.weight.buf,1048576,1049401,RAW,0.020018499984871596
53,blocks.5.attn.c_v.weight.buf,1048576,1049401,RAW,0.03726799998548813
53,blocks.5.attn.c_proj.weight.buf,1048576,1049401,RAW,0.019798791996436194
53,blocks.5.attn.ve_gate.weight.buf,512,1022,RAW,1.158300437964499e-05
53,blocks.5.mlp.c_fc.weight.buf,4194304,4196389,RAW,0.1006809159880504
53,blocks.5.mlp.c_proj.weight.buf,4194304,4195129,RAW,0.10610895798890851
53,blocks.6.attn.c_q.weight.buf,1048576,1049401,RAW,0.03777729099965654
53,blocks.6.attn.c_k.weight.buf,1048576,1049401,RAW,0.020060500013642013
53,blocks.6.attn.c_v.weight.buf,1048576,1049401,RAW,0.02007841700105928
53,blocks.6.attn.c_proj.weight.buf,1048576,1049401,RAW,0.03762891699443571
53,blocks.6.mlp.c_fc.weight.buf,4194304,4196389,RAW,0.09794587499345653
53,blocks.6.mlp.c_proj.weight.buf,4194304,4195129,RAW,0.1054890830127988
53,blocks.7.attn.c_q.weight.buf,1048576,1049401,RAW,0.02005574997747317
53,blocks.7.attn.c_k.weight.buf,1048576,1049401,RAW,0.037007875012932345
53,blocks.7.attn.c_v.weight.buf,1048576,1049401,RAW,0.037004291982157156
53,blocks.7.attn.c_proj.weight.buf,1048576,1049401,RAW,0.02001420801389031
53,blocks.7.attn.ve_gate.weight.buf,512,1022,RAW,1.1167023330926895e-05
53,blocks.7.mlp.c_fc.weight.buf,4194304,4196389,RAW,0.09958520802319981
53,blocks.7.mlp.c_proj.weight.buf,4194304,4195129,RAW,0.10362683300627396
53,lm_head.weight.m,67108864,67136149,RAW,1.545409959013341
53,lm_head.weight.v,67108864,67136149,RAW,1.5674967909872066
53,resid_lambdas.m,32,32,RAW_VECTOR,9.041017619892955e-06
53,resid_lambdas.v,32,32,RAW_VECTOR,4.580069798976183e-07
53,x0_lambdas.m,32,32,RAW_VECTOR,1.1249794624745846e-06
53,x0_lambdas.v,32,32,RAW_VECTOR,4.580069798976183e-07
53,value_embeds.1.weight.m,67108864,66485333,GRAMMAR,1.200576417002594
53,value_embeds.1.weight.v,67108864,66484981,GRAMMAR,1.2313872920058202
53,value_embeds.3.weight.m,67108864,66485361,GRAMMAR,1.2035782919847406
53,value_embeds.3.weight.v,67108864,66485121,GRAMMAR,1.2012654580175877
53,value_embeds.5.weight.m,67108864,66485305,GRAMMAR,1.229959417018108
53,value_embeds.5.weight.v,67108864,66484997,GRAMMAR,1.1726202499994542
53,value_embeds.7.weight.m,67108864,66485289,GRAMMAR,1.252540334011428
53,value_embeds.7.weight.v,67108864,66485057,GRAMMAR,1.1818120419920888
54,wte.weight.m,67108864,66721041,GRAMMAR,1.2874963329813909
54,wte.weight.v,67108864,66720881,GRAMMAR,1.1960165839991532
54,blocks.0.attn.c_q.weight.buf,1048576,1049401,RAW,0.019974625000031665
54,blocks.0.attn.c_k.weight.buf,1048576,1049401,RAW,0.018904041004134342
54,blocks.0.attn.c_v.weight.buf,1048576,1049401,RAW,0.019552916986867785
54,blocks.0.attn.c_proj.weight.buf,1048576,1049401,RAW,0.02112604200374335
54,blocks.0.mlp.c_fc.weight.buf,4194304,4196389,RAW,0.09554929099977016
54,blocks.0.mlp.c_proj.weight.buf,4194304,4195129,RAW,0.10089508298551664
54,blocks.1.attn.c_q.weight.buf,1048576,1049401,RAW,0.019627458998002112
54,blocks.1.attn.c_k.weight.buf,1048576,1049401,RAW,0.03593733400339261
54,blocks.1.attn.c_v.weight.buf,1048576,1049401,RAW,0.019442667020484805
54,blocks.1.attn.c_proj.weight.buf,1048576,1049401,RAW,0.019137499999487773
54,blocks.1.attn.ve_gate.weight.buf,512,1022,RAW,2.241699257865548e-05
54,blocks.1.mlp.c_fc.weight.buf,4194304,4196389,RAW,0.10961812498862855
54,blocks.1.mlp.c_proj.weight.buf,4194304,4195129,RAW,0.1426867500122171
54,blocks.2.attn.c_q.weight.buf,1048576,1049401,RAW,0.02094066599966027
54,blocks.2.attn.c_k.weight.buf,1048576,1049401,RAW,0.020870249980362132
54,blocks.2.attn.c_v.weight.buf,1048576,1049401,RAW,0.04191279201768339
54,blocks.2.attn.c_proj.weight.buf,1048576,1049401,RAW,0.020835333998547867
54,blocks.2.mlp.c_fc.weight.buf,4194304,4196389,RAW,0.10366500000236556
54,blocks.2.mlp.c_proj.weight.buf,4194304,4195129,RAW,0.1177740000130143
54,blocks.3.attn.c_q.weight.buf,1048576,1049401,RAW,0.02126608300022781
54,blocks.3.attn.c_k.weight.buf,1048576,1049401,RAW,0.02049054199596867
54,blocks.3.attn.c_v.weight.buf,1048576,1049401,RAW,0.020060749986441806
54,blocks.3.attn.c_proj.weight.buf,1048576,1049401,RAW,0.036694750015158206
54,blocks.3.attn.ve_gate.weight.buf,512,1022,RAW,1.9208004232496023e-05
54,blocks.3.mlp.c_fc.weight.buf,4194304,4196389,RAW,0.09726929099997506
54,blocks.3.mlp.c_proj.weight.buf,4194304,4195129,RAW,0.10511937501723878
54,blocks.4.attn.c_q.weight.buf,1048576,1049401,RAW,0.03543225000612438
54,blocks.4.attn.c_k.weight.buf,1048576,1049401,RAW,0.021142791985766962
54,blocks.4.attn.c_v.weight.buf,1048576,1049401,RAW,0.020223917003022507
54,blocks.4.attn.c_proj.weight.buf,1048576,1049401,RAW,0.020197292004013434
54,blocks.4.mlp.c_fc.weight.buf,4194304,4196389,RAW,0.13000624999403954
54,blocks.4.mlp.c_proj.weight.buf,4194304,4195129,RAW,0.10652412500348873
54,blocks.5.attn.c_q.weight.buf,1048576,1049401,RAW,0.020364625001093373
54,blocks.5.attn.c_k.weight.buf,1048576,1049401,RAW,0.01989054199657403
54,blocks.5.attn.c_v.weight.buf,1048576,1049401,RAW,0.036736999987624586
54,blocks.5.attn.c_proj.weight.buf,1048576,1049401,RAW,0.020016166992718354
54,blocks.5.attn.ve_gate.weight.buf,512,1022,RAW,1.4833989553153515e-05
54,blocks.5.mlp.c_fc.weight.buf,4194304,4196389,RAW,0.09780854100245051
54,blocks.5.mlp.c_proj.weight.buf,4194304,4195129,RAW,0.12336120899999514
54,blocks.6.attn.c_q.weight.buf,1048576,1049401,RAW,0.020612833002815023
54,blocks.6.attn.c_k.weight.buf,1048576,1049401,RAW,0.02001854099216871
54,blocks.6.attn.c_v.weight.buf,1048576,1049401,RAW,0.03666983300354332
54,blocks.6.attn.c_proj.weight.buf,1048576,1049401,RAW,0.020598167000571266
54,blocks.6.mlp.c_fc.weight.buf,4194304,4196389,RAW,0.09818058300879784
54,blocks.6.mlp.c_proj.weight.buf,4194304,4195129,RAW,0.10305962499114685
54,blocks.7.attn.c_q.weight.buf,1048576,1049401,RAW,0.0378323330078274
54,blocks.7.attn.c_k.weight.buf,1048576,1049401,RAW,0.01979549997486174
54,blocks.7.attn.c_v.weight.buf,1048576,1049401,RAW,0.01982849999330938
54,blocks.7.attn.c_proj.weight.buf,1048576,1049401,RAW,0.03697187500074506
54,blocks.7.attn.ve_gate.weight.buf,512,1022,RAW,3.5250006476417184e-05
54,blocks.7.mlp.c_fc.weight.buf,4194304,4196389,RAW,0.11090095801046118
54,blocks.7.mlp.c_proj.weight.buf,4194304,4195129,RAW,0.10025554199819453
54,lm_head.weight.m,67108864,67136149,RAW,1.6048613330058288
54,lm_head.weight.v,67108864,67136149,RAW,1.5632254170195665
54,resid_lambdas.m,32,32,RAW_VECTOR,8.749979315325618e-06
54,resid_lambdas.v,32,32,RAW_VECTOR,1.500011421740055e-06
54,x0_lambdas.m,32,32,RAW_VECTOR,1.1249794624745846e-06
54,x0_lambdas.v,32,32,RAW_VECTOR,4.5899651013314724e-07
54,value_embeds.1.weight.m,67108864,66624405,GRAMMAR,1.2494555419834796
54,value_embeds.1.weight.v,67108864,66624169,GRAMMAR,1.2190169579989742
54,value_embeds.3.weight.m,67108864,66624493,GRAMMAR,1.208359832991846
54,value_embeds.3.weight.v,67108864,66624277,GRAMMAR,1.2367595830000937
54,value_embeds.5.weight.m,67108864,66624445,GRAMMAR,1.2220037909864914
54,value_embeds.5.weight.v,67108864,66624185,GRAMMAR,1.2255562499922235
54,value_embeds.7.weight.m,67108864,66624397,GRAMMAR,1.2221934169938322
54,value_embeds.7.weight.v,67108864,66624269,GRAMMAR,1.184505832992727
55,wte.weight.m,67108864,66780241,GRAMMAR,1.267543583002407
55,wte.weight.v,67108864,66780109,GRAMMAR,1.180146416008938
55,blocks.0.attn.c_q.weight.buf,1048576,1049401,RAW,0.02025200001662597
55,blocks.0.attn.c_k.weight.buf,1048576,1049401,RAW,0.019665166997583583
55,blocks.0.attn.c_v.weight.buf,1048576,1049401,RAW,0.03639508399646729
55,blocks.0.attn.c_proj.weight.buf,1048576,1049401,RAW,0.0198041659896262
55,blocks.0.mlp.c_fc.weight.buf,4194304,4196389,RAW,0.09667975001502782
55,blocks.0.mlp.c_proj.weight.buf,4194304,4195129,RAW,0.1457368329865858
55,blocks.1.attn.c_q.weight.buf,1048576,1049401,RAW,0.04191704202094115
55,blocks.1.attn.c_k.weight.buf,1048576,1049401,RAW,0.02124525001272559
55,blocks.1.attn.c_v.weight.buf,1048576,1049401,RAW,0.0408919170149602
55,blocks.1.attn.c_proj.weight.buf,1048576,1049401,RAW,0.021212874999037012
55,blocks.1.attn.ve_gate.weight.buf,512,1022,RAW,2.0207982743158937e-05
55,blocks.1.mlp.c_fc.weight.buf,4194304,4196389,RAW,0.10454091700376011
55,blocks.1.mlp.c_proj.weight.buf,4194304,4195129,RAW,0.10841241700109094
55,blocks.2.attn.c_q.weight.buf,1048576,1049401,RAW,0.03793137500179
55,blocks.2.attn.c_k.weight.buf,1048576,1049401,RAW,0.019788541976595297
55,blocks.2.attn.c_v.weight.buf,1048576,1049401,RAW,0.0196353750070557
55,blocks.2.attn.c_proj.weight.buf,1048576,1049401,RAW,0.0372937920037657
55,blocks.2.mlp.c_fc.weight.buf,4194304,4196389,RAW,0.09801883299951442
55,blocks.2.mlp.c_proj.weight.buf,4194304,4195129,RAW,0.10531704197637737
55,blocks.3.attn.c_q.weight.buf,1048576,1049401,RAW,0.03658087499206886
55,blocks.3.attn.c_k.weight.buf,1048576,1049401,RAW,0.02039441600209102
55,blocks.3.attn.c_v.weight.buf,1048576,1049401,RAW,0.019750625011511147
55,blocks.3.attn.c_proj.weight.buf,1048576,1049401,RAW,0.038973874994553626
55,blocks.3.attn.ve_gate.weight.buf,512,1022,RAW,2.4999986635521054e-05
55,blocks.3.mlp.c_fc.weight.buf,4194304,4196389,RAW,0.10379250001278706
55,blocks.3.mlp.c_proj.weight.buf,4194304,4195129,RAW,0.12270533401169814
55,blocks.4.attn.c_q.weight.buf,1048576,1049401,RAW,0.01998645899584517
55,blocks.4.attn.c_k.weight.buf,1048576,1049401,RAW,0.037656083004549146
55,blocks.4.attn.c_v.weight.buf,1048576,1049401,RAW,0.020096082997042686
55,blocks.4.attn.c_proj.weight.buf,1048576,1049401,RAW,0.019950667017837986
55,blocks.4.mlp.c_fc.weight.buf,4194304,4196389,RAW,0.09849283401854336
55,blocks.4.mlp.c_proj.weight.buf,4194304,4195129,RAW,0.1232355409883894
55,blocks.5.attn.c_q.weight.buf,1048576,1049401,RAW,0.020318583003245294
55,blocks.5.attn.c_k.weight.buf,1048576,1049401,RAW,0.01996379200136289
55,blocks.5.attn.c_v.weight.buf,1048576,1049401,RAW,0.037435750011354685
55,blocks.5.attn.c_proj.weight.buf,1048576,1049401,RAW,0.020286208018660545
55,blocks.5.attn.ve_gate.weight.buf,512,1022,RAW,2.2499996703118086e-05
55,blocks.5.mlp.c_fc.weight.buf,4194304,4196389,RAW,0.09850583301158622
55,blocks.5.mlp.c_proj.weight.buf,4194304,4195129,RAW,0.10560329200234264
55,blocks.6.attn.c_q.weight.buf,1048576,1049401,RAW,0.02206987500539981
55,blocks.6.attn.c_k.weight.buf,1048576,1049401,RAW,0.020588790997862816
55,blocks.6.attn.c_v.weight.buf,1048576,1049401,RAW,0.020097875007195398
55,blocks.6.attn.c_proj.weight.buf,1048576,1049401,RAW,0.03647991601610556
55,blocks.6.mlp.c_fc.weight.buf,4194304,4196389,RAW,0.0983722920063883
55,blocks.6.mlp.c_proj.weight.buf,4194304,4195129,RAW,0.11709354200866073
55,blocks.7.attn.c_q.weight.buf,1048576,1049401,RAW,0.019351915980223566
55,blocks.7.attn.c_k.weight.buf,1048576,1049401,RAW,0.036897833982948214
55,blocks.7.attn.c_v.weight.buf,1048576,1049401,RAW,0.019123125006444752
55,blocks.7.attn.c_proj.weight.buf,1048576,1049401,RAW,0.019572416989831254
55,blocks.7.attn.ve_gate.weight.buf,512,1022,RAW,5.137501284480095e-05
55,blocks.7.mlp.c_fc.weight.buf,4194304,4196389,RAW,0.10955383398686536
55,blocks.7.mlp.c_proj.weight.buf,4194304,4195129,RAW,0.09910662501351908
55,lm_head.weight.m,67108864,67136149,RAW,1.6123902919935063
55,lm_head.weight.v,67108864,67136149,RAW,1.5467770829854999
55,resid_lambdas.m,32,32,RAW_VECTOR,5.959009286016226e-06
55,resid_lambdas.v,32,32,RAW_VECTOR,4.580069798976183e-07
55,x0_lambdas.m,32,32,RAW_VECTOR,1.0830117389559746e-06
55,x0_lambdas.v,32,32,RAW_VECTOR,4.5899651013314724e-07
55,value_embeds.1.weight.m,67108864,66704581,GRAMMAR,1.2669853749976028
55,value_embeds.1.weight.v,67108864,66704349,GRAMMAR,1.2184954159893095
55,value_embeds.3.weight.m,67108864,66704629,GRAMMAR,1.2449426249950193
55,value_embeds.3.weight.v,67108864,66704445,GRAMMAR,1.2334023750154302
55,value_embeds.5.weight.m,67108864,66704557,GRAMMAR,1.21595025001443
55,value_embeds.5.weight.v,67108864,66704341,GRAMMAR,1.2322942920145579
55,value_embeds.7.weight.m,67108864,66704553,GRAMMAR,1.2452147910080384
55,value_embeds.7.weight.v,67108864,66704413,GRAMMAR,1.2291002909769304
56,wte.weight.m,67108864,66820341,GRAMMAR,1.264876125002047
56,wte.weight.v,67108864,66820217,GRAMMAR,1.185863375023473
56,blocks.0.attn.c_q.weight.buf,1048576,1049401,RAW,0.02127295802347362
56,blocks.0.attn.c_k.weight.buf,1048576,1049401,RAW,0.020757583988597617
56,blocks.0.attn.c_v.weight.buf,1048576,1049401,RAW,0.042511167004704475
56,blocks.0.attn.c_proj.weight.buf,1048576,1049401,RAW,0.04227454200736247
56,blocks.0.mlp.c_fc.weight.buf,4194304,4196389,RAW,0.10189074999652803
56,blocks.0.mlp.c_proj.weight.buf,4194304,4195129,RAW,0.10678912498406135
56,blocks.1.attn.c_q.weight.buf,1048576,1049401,RAW,0.037976916995830834
56,blocks.1.attn.c_k.weight.buf,1048576,1049401,RAW,0.020097458007512614
56,blocks.1.attn.c_v.weight.buf,1048576,1049401,RAW,0.019810249999864027
56,blocks.1.attn.c_proj.weight.buf,1048576,1049401,RAW,0.03721754200523719
56,blocks.1.attn.ve_gate.weight.buf,512,1022,RAW,1.591601176187396e-05
56,blocks.1.mlp.c_fc.weight.buf,4194304,4196389,RAW,0.09875308402115479
56,blocks.1.mlp.c_proj.weight.buf,4194304,4195129,RAW,0.10428500000853091
56,blocks.2.attn.c_q.weight.buf,1048576,1049401,RAW,0.020055833010701463
56,blocks.2.attn.c_k.weight.buf,1048576,1049401,RAW,0.037435708014527336
56,blocks.2.attn.c_v.weight.buf,1048576,1049401,RAW,0.0203855829895474
56,blocks.2.attn.c_proj.weight.buf,1048576,1049401,RAW,0.019843666988890618
56,blocks.2.mlp.c_fc.weight.buf,4194304,4196389,RAW,0.09806845898856409
56,blocks.2.mlp.c_proj.weight.buf,4194304,4195129,RAW,0.12365358401439153
56,blocks.3.attn.c_q.weight.buf,1048576,1049401,RAW,0.020338333008112386
56,blocks.3.attn.c_k.weight.buf,1048576,1049401,RAW,0.019939041987527162
56,blocks.3.attn.c_v.weight.buf,1048576,1049401,RAW,0.037352582992753014
56,blocks.3.attn.c_proj.weight.buf,1048576,1049401,RAW,0.03721733400016092
56,blocks.3.attn.ve_gate.weight.buf,512,1022,RAW,1.6083999071270227e-05
56,blocks.3.mlp.c_fc.weight.buf,4194304,4196389,RAW,0.09826845797942951
56,blocks.3.mlp.c_proj.weight.buf,4194304,4195129,RAW,0.10487954202108085
56,blocks.4.attn.c_q.weight.buf,1048576,1049401,RAW,0.03742841599159874
56,blocks.4.attn.c_k.weight.buf,1048576,1049401,RAW,0.01973579201148823
56,blocks.4.attn.c_v.weight.buf,1048576,1049401,RAW,0.019924833002733067
56,blocks.4.attn.c_proj.weight.buf,1048576,1049401,RAW,0.03613654102082364
56,blocks.4.mlp.c_fc.weight.buf,4194304,4196389,RAW,0.10041995797655545
56,blocks.4.mlp.c_proj.weight.buf,4194304,4195129,RAW,0.1063282499962952
56,blocks.5.attn.c_q.weight.buf,1048576,1049401,RAW,0.02008000001660548
56,blocks.5.attn.c_k.weight.buf,1048576,1049401,RAW,0.03611583300516941
56,blocks.5.attn.c_v.weight.buf,1048576,1049401,RAW,0.020223833998898044
56,blocks.5.attn.c_proj.weight.buf,1048576,1049401,RAW,0.01968362499610521
56,blocks.5.attn.ve_gate.weight.buf,512,1022,RAW,2.5958026526495814e-05
56,blocks.5.mlp.c_fc.weight.buf,4194304,4196389,RAW,0.09712070800014772
56,blocks.5.mlp.c_proj.weight.buf,4194304,4195129,RAW,0.11674145798315294
56,blocks.6.attn.c_q.weight.buf,1048576,1049401,RAW,0.020017000002553686
56,blocks.6.attn.c_k.weight.buf,1048576,1049401,RAW,0.019285167014459148
56,blocks.6.attn.c_v.weight.buf,1048576,1049401,RAW,0.035859041003277525
56,blocks.6.attn.c_proj.weight.buf,1048576,1049401,RAW,0.03650441698846407
56,blocks.6.mlp.c_fc.weight.buf,4194304,4196389,RAW,0.09574674998293631
56,blocks.6.mlp.c_proj.weight.buf,4194304,4195129,RAW,0.09971670800587162
56,blocks.7.attn.c_q.weight.buf,1048576,1049401,RAW,0.03608570800861344
56,blocks.7.attn.c_k.weight.buf,1048576,1049401,RAW,0.019499167014146224
56,blocks.7.attn.c_v.weight.buf,1048576,1049401,RAW,0.019761708012083545
56,blocks.7.attn.c_proj.weight.buf,1048576,1049401,RAW,0.019888834009179845
56,blocks.7.attn.ve_gate.weight.buf,512,1022,RAW,0.00014408299466595054
56,blocks.7.mlp.c_fc.weight.buf,4194304,4196389,RAW,0.09496366701205261
56,blocks.7.mlp.c_proj.weight.buf,4194304,4195129,RAW,0.09898045798763633
56,lm_head.weight.m,67108864,67136149,RAW,1.637217834009789
56,lm_head.weight.v,67108864,67136149,RAW,1.5692443329899106
56,resid_lambdas.m,32,32,RAW_VECTOR,7.541995728388429e-06
56,resid_lambdas.v,32,32,RAW_VECTOR,6.250047590583563e-07
56,x0_lambdas.m,32,32,RAW_VECTOR,1.7919810488820076e-06
56,x0_lambdas.v,32,32,RAW_VECTOR,4.5899651013314724e-07
56,value_embeds.1.weight.m,67108864,66739909,GRAMMAR,1.272527249995619
56,value_embeds.1.weight.v,67108864,66739713,GRAMMAR,1.2150585829804186
56,value_embeds.3.weight.m,67108864,66739949,GRAMMAR,1.2554574589885306
56,value_embeds.3.weight.v,67108864,66739773,GRAMMAR,1.2351725829939824
56,value_embeds.5.weight.m,67108864,66739885,GRAMMAR,1.22790366600384
56,value_embeds.5.weight.v,67108864,66739689,GRAMMAR,1.2551337920012884
56,value_embeds.7.weight.m,67108864,66744009,GRAMMAR,1.2202333750028629
56,value_embeds.7.weight.v,67108864,66739757,GRAMMAR,1.268977375002578
57,wte.weight.m,67108864,66860025,GRAMMAR,1.2600722079805564
57,wte.weight.v,67108864,66859897,GRAMMAR,1.2364927919988986
57,blocks.0.attn.c_q.weight.buf,1048576,1049401,RAW,0.020472208998398855
57,blocks.0.attn.c_k.weight.buf,1048576,1049401,RAW,0.019784083997365087
57,blocks.0.attn.c_v.weight.buf,1048576,1049401,RAW,0.01978925001458265
57,blocks.0.attn.c_proj.weight.buf,1048576,1049401,RAW,0.021583333000307903
57,blocks.0.mlp.c_fc.weight.buf,4194304,4196389,RAW,0.09686295798746869
57,blocks.0.mlp.c_proj.weight.buf,4194304,4195129,RAW,0.10563787500723265
57,blocks.1.attn.c_q.weight.buf,1048576,1049401,RAW,0.03702400001930073
57,blocks.1.attn.c_k.weight.buf,1048576,1049401,RAW,0.020372999977553263
57,blocks.1.attn.c_v.weight.buf,1048576,1049401,RAW,0.020117333013331518
57,blocks.1.attn.c_proj.weight.buf,1048576,1049401,RAW,0.019851750024827197
57,blocks.1.attn.ve_gate.weight.buf,512,1022,RAW,1.5208002878353e-05
57,blocks.1.mlp.c_fc.weight.buf,4194304,4196389,RAW,0.09915570900193416
57,blocks.1.mlp.c_proj.weight.buf,4194304,4195129,RAW,0.104275541001698
57,blocks.2.attn.c_q.weight.buf,1048576,1049401,RAW,0.02002862500376068
57,blocks.2.attn.c_k.weight.buf,1048576,1049401,RAW,0.01965291699161753
57,blocks.2.attn.c_v.weight.buf,1048576,1049401,RAW,0.051496041007339954
57,blocks.2.attn.c_proj.weight.buf,1048576,1049401,RAW,0.020464333007112145
57,blocks.2.mlp.c_fc.weight.buf,4194304,4196389,RAW,0.09932804200798273
57,blocks.2.mlp.c_proj.weight.buf,4194304,4195129,RAW,0.10728075000224635
57,blocks.3.attn.c_q.weight.buf,1048576,1049401,RAW,0.03719150001415983
57,blocks.3.attn.c_k.weight.buf,1048576,1049401,RAW,0.021034999983385205
57,blocks.3.attn.c_v.weight.buf,1048576,1049401,RAW,0.036972208006773144
57,blocks.3.attn.c_proj.weight.buf,1048576,1049401,RAW,0.02006999999866821
57,blocks.3.attn.ve_gate.weight.buf,512,1022,RAW,3.125000512227416e-05
57,blocks.3.mlp.c_fc.weight.buf,4194304,4196389,RAW,0.09453250002115965
57,blocks.3.mlp.c_proj.weight.buf,4194304,4195129,RAW,0.10101729197776876
57,blocks.4.attn.c_q.weight.buf,1048576,1049401,RAW,0.03558008300024085
57,blocks.4.attn.c_k.weight.buf,1048576,1049401,RAW,0.0200804159976542
57,blocks.4.attn.c_v.weight.buf,1048576,1049401,RAW,0.019633374991826713
57,blocks.4.attn.c_proj.weight.buf,1048576,1049401,RAW,0.019400082994252443
57,blocks.4.mlp.c_fc.weight.buf,4194304,4196389,RAW,0.11035383300622925
57,blocks.4.mlp.c_proj.weight.buf,4194304,4195129,RAW,0.10007795901037753
57,blocks.5.attn.c_q.weight.buf,1048576,1049401,RAW,0.019323124986840412
57,blocks.5.attn.c_k.weight.buf,1048576,1049401,RAW,0.0193343750142958
57,blocks.5.attn.c_v.weight.buf,1048576,1049401,RAW,0.03551637500640936
57,blocks.5.attn.c_proj.weight.buf,1048576,1049401,RAW,0.03489112501847558
57,blocks.5.attn.ve_gate.weight.buf,512,1022,RAW,1.7874990589916706e-05
57,blocks.5.mlp.c_fc.weight.buf,4194304,4196389,RAW,0.09533195898984559
57,blocks.5.mlp.c_proj.weight.buf,4194304,4195129,RAW,0.09986849999404512
57,blocks.6.attn.c_q.weight.buf,1048576,1049401,RAW,0.01944091697805561
57,blocks.6.attn.c_k.weight.buf,1048576,1049401,RAW,0.03615070797968656
57,blocks.6.attn.c_v.weight.buf,1048576,1049401,RAW,0.019572833989514038
57,blocks.6.attn.c_proj.weight.buf,1048576,1049401,RAW,0.020331792009528726
57,blocks.6.mlp.c_fc.weight.buf,4194304,4196389,RAW,0.10307104198727757
57,blocks.6.mlp.c_proj.weight.buf,4194304,4195129,RAW,0.12493045898736455
57,blocks.7.attn.c_q.weight.buf,1048576,1049401,RAW,0.0213929160090629
57,blocks.7.attn.c_k.weight.buf,1048576,1049401,RAW,0.02078420898760669
57,blocks.7.attn.c_v.weight.buf,1048576,1049401,RAW,0.022842499980470166
57,blocks.7.attn.c_proj.weight.buf,1048576,1049401,RAW,0.020898957998724654
57,blocks.7.attn.ve_gate.weight.buf,512,1022,RAW,1.8874998204410076e-05
57,blocks.7.mlp.c_fc.weight.buf,4194304,4196389,RAW,0.1060961660114117
57,blocks.7.mlp.c_proj.weight.buf,4194304,4195129,RAW,0.12462795799365267
57,lm_head.weight.m,67108864,67136149,RAW,1.5901625829865225
57,lm_head.weight.v,67108864,67136149,RAW,1.561218667018693
57,resid_lambdas.m,32,32,RAW_VECTOR,6.916990969330072e-06
57,resid_lambdas.v,32,32,RAW_VECTOR,5.839974619448185e-07
57,x0_lambdas.m,32,32,RAW_VECTOR,1.0420044418424368e-06
57,x0_lambdas.v,32,32,RAW_VECTOR,4.1601015254855156e-07
57,value_embeds.1.weight.m,67108864,66787725,GRAMMAR,1.2690351670025848
57,value_embeds.1.weight.v,67108864,66787549,GRAMMAR,1.188491332984995
57,value_embeds.3.weight.m,67108864,66787785,GRAMMAR,1.2716546670126263
57,value_embeds.3.weight.v,67108864,66787593,GRAMMAR,1.2223762499925215
57,value_embeds.5.weight.m,67108864,66787705,GRAMMAR,1.2673455000040121
57,value_embeds.5.weight.v,67108864,66787525,GRAMMAR,1.2438680409977678
57,value_embeds.7.weight.m,67108864,66787733,GRAMMAR,1.232974667014787
57,value_embeds.7.weight.v,67108864,66787589,GRAMMAR,1.2674801670073066
58,wte.weight.m,67108864,66936509,GRAMMAR,1.2754873340018094
58,wte.weight.v,67108864,66936425,GRAMMAR,1.2612024160043802
58,blocks.0.attn.c_q.weight.buf,1048576,1049401,RAW,0.020417708001332358
58,blocks.0.attn.c_k.weight.buf,1048576,1049401,RAW,0.01946700000553392
58,blocks.0.attn.c_v.weight.buf,1048576,1049401,RAW,0.03724008399876766
58,blocks.0.attn.c_proj.weight.buf,1048576,1049401,RAW,0.020627250021789223
58,blocks.0.mlp.c_fc.weight.buf,4194304,4196389,RAW,0.09820054200827144
58,blocks.0.mlp.c_proj.weight.buf,4194304,4195129,RAW,0.1131988329871092
58,blocks.1.attn.c_q.weight.buf,1048576,1049401,RAW,0.021657917008269578
58,blocks.1.attn.c_k.weight.buf,1048576,1049401,RAW,0.020391583995660767
58,blocks.1.attn.c_v.weight.buf,1048576,1049401,RAW,0.036968041997170076
58,blocks.1.attn.c_proj.weight.buf,1048576,1049401,RAW,0.02063633399666287
58,blocks.1.attn.ve_gate.weight.buf,512,1022,RAW,1.6915990272536874e-05
58,blocks.1.mlp.c_fc.weight.buf,4194304,4196389,RAW,0.09742875001393259
58,blocks.1.mlp.c_proj.weight.buf,4194304,4195129,RAW,0.1052674159873277
58,blocks.2.attn.c_q.weight.buf,1048576,1049401,RAW,0.03592525000567548
58,blocks.2.attn.c_k.weight.buf,1048576,1049401,RAW,0.019815332983853295
58,blocks.2.attn.c_v.weight.buf,1048576,1049401,RAW,0.019546832976629958
58,blocks.2.attn.c_proj.weight.buf,1048576,1049401,RAW,0.019785541982855648
58,blocks.2.mlp.c_fc.weight.buf,4194304,4196389,RAW,0.12107570801163092
58,blocks.2.mlp.c_proj.weight.buf,4194304,4195129,RAW,0.10023820801870897
58,blocks.3.attn.c_q.weight.buf,1048576,1049401,RAW,0.0191835839941632
58,blocks.3.attn.c_k.weight.buf,1048576,1049401,RAW,0.03683374999673106
58,blocks.3.attn.c_v.weight.buf,1048576,1049401,RAW,0.01979329201276414
58,blocks.3.attn.c_proj.weight.buf,1048576,1049401,RAW,0.01952974998857826
58,blocks.3.attn.ve_gate.weight.buf,512,1022,RAW,2.4500011932104826e-05
58,blocks.3.mlp.c_fc.weight.buf,4194304,4196389,RAW,0.09526604099664837
58,blocks.3.mlp.c_proj.weight.buf,4194304,4195129,RAW,0.10211245800019242
58,blocks.4.attn.c_q.weight.buf,1048576,1049401,RAW,0.01988737500505522
58,blocks.4.attn.c_k.weight.buf,1048576,1049401,RAW,0.019312916992930695
58,blocks.4.attn.c_v.weight.buf,1048576,1049401,RAW,0.036327917012386024
58,blocks.4.attn.c_proj.weight.buf,1048576,1049401,RAW,0.019454708002740517
58,blocks.4.mlp.c_fc.weight.buf,4194304,4196389,RAW,0.09681329198065214
58,blocks.4.mlp.c_proj.weight.buf,4194304,4195129,RAW,0.10358041699510068
58,blocks.5.attn.c_q.weight.buf,1048576,1049401,RAW,0.0411959589982871
58,blocks.5.attn.c_k.weight.buf,1048576,1049401,RAW,0.021761833020718768
58,blocks.5.attn.c_v.weight.buf,1048576,1049401,RAW,0.021970875008264557
58,blocks.5.attn.c_proj.weight.buf,1048576,1049401,RAW,0.04345341699081473
58,blocks.5.attn.ve_gate.weight.buf,512,1022,RAW,3.7124991649761796e-05
58,blocks.5.mlp.c_fc.weight.buf,4194304,4196389,RAW,0.124396416998934
58,blocks.5.mlp.c_proj.weight.buf,4194304,4195129,RAW,0.1218262079928536
58,blocks.6.attn.c_q.weight.buf,1048576,1049401,RAW,0.021071750001283363
58,blocks.6.attn.c_k.weight.buf,1048576,1049401,RAW,0.041523833002429456
58,blocks.6.attn.c_v.weight.buf,1048576,1049401,RAW,0.02021866600262001
58,blocks.6.attn.c_proj.weight.buf,1048576,1049401,RAW,0.020077541994396597
58,blocks.6.mlp.c_fc.weight.buf,4194304,4196389,RAW,0.11364991599111818
58,blocks.6.mlp.c_proj.weight.buf,4194304,4195129,RAW,0.1042827499913983
58,blocks.7.attn.c_q.weight.buf,1048576,1049401,RAW,0.020032750006066635
58,blocks.7.attn.c_k.weight.buf,1048576,1049401,RAW,0.019879375002346933
58,blocks.7.attn.c_v.weight.buf,1048576,1049401,RAW,0.03688266599783674
58,blocks.7.attn.c_proj.weight.buf,1048576,1049401,RAW,0.02070629200898111
58,blocks.7.attn.ve_gate.weight.buf,512,1022,RAW,1.691700890660286e-05
58,blocks.7.mlp.c_fc.weight.buf,4194304,4196389,RAW,0.09974941701511852
58,blocks.7.mlp.c_proj.weight.buf,4194304,4195129,RAW,0.10279058400192298
58,lm_head.weight.m,67108864,67136149,RAW,1.5543184579873923
58,lm_head.weight.v,67108864,67136149,RAW,1.5889796249975916
58,resid_lambdas.m,32,32,RAW_VECTOR,5.583016900345683e-06
58,resid_lambdas.v,32,32,RAW_VECTOR,5.839974619448185e-07
58,x0_lambdas.m,32,32,RAW_VECTOR,1.1250085663050413e-06
58,x0_lambdas.v,32,32,RAW_VECTOR,4.580069798976183e-07
58,value_embeds.1.weight.m,67108864,66849053,GRAMMAR,1.267138958995929
58,value_embeds.1.weight.v,67108864,66848889,GRAMMAR,1.2375609170121606
58,value_embeds.3.weight.m,67108864,66849113,GRAMMAR,1.2552538749878295
58,value_embeds.3.weight.v,67108864,66848921,GRAMMAR,1.2085043750121258
58,value_embeds.5.weight.m,67108864,66849061,GRAMMAR,1.2818209159886464
58,value_embeds.5.weight.v,67108864,66848881,GRAMMAR,1.2332206660066731
58,value_embeds.7.weight.m,67108864,66849085,GRAMMAR,1.2656105000060052
58,value_embeds.7.weight.v,67108864,66848957,GRAMMAR,1.2369239580002613
59,wte.weight.m,67108864,66966549,GRAMMAR,1.3054840420081746
59,wte.weight.v,67108864,66966461,GRAMMAR,1.2325162079941947
59,blocks.0.attn.c_q.weight.buf,1048576,1049401,RAW,0.02024283300852403
59,blocks.0.attn.c_k.weight.buf,1048576,1049401,RAW,0.019226624979637563
59,blocks.0.attn.c_v.weight.buf,1048576,1049401,RAW,0.019351958006154746
59,blocks.0.attn.c_proj.weight.buf,1048576,1049401,RAW,0.03608833299949765
59,blocks.0.mlp.c_fc.weight.buf,4194304,4196389,RAW,0.09343308300594799
59,blocks.0.mlp.c_proj.weight.buf,4194304,4195129,RAW,0.10118179197888821
59,blocks.1.attn.c_q.weight.buf,1048576,1049401,RAW,0.019590292009525
59,blocks.1.attn.c_k.weight.buf,1048576,1049401,RAW,0.03676600000471808
59,blocks.1.attn.c_v.weight.buf,1048576,1049401,RAW,0.019815292005660012
59,blocks.1.attn.c_proj.weight.buf,1048576,1049401,RAW,0.019424583995714784
59,blocks.1.attn.ve_gate.weight.buf,512,1022,RAW,2.5667017325758934e-05
59,blocks.1.mlp.c_fc.weight.buf,4194304,4196389,RAW,0.09505070801242255
59,blocks.1.mlp.c_proj.weight.buf,4194304,4195129,RAW,0.1177359170105774
59,blocks.2.attn.c_q.weight.buf,1048576,1049401,RAW,0.019558708008844405
59,blocks.2.attn.c_k.weight.buf,1048576,1049401,RAW,0.019356415985384956
59,blocks.2.attn.c_v.weight.buf,1048576,1049401,RAW,0.03643450001254678
59,blocks.2.attn.c_proj.weight.buf,1048576,1049401,RAW,0.019346959015820175
59,blocks.2.mlp.c_fc.weight.buf,4194304,4196389,RAW,0.09739416700904258
59,blocks.2.mlp.c_proj.weight.buf,4194304,4195129,RAW,0.1437977919995319
59,blocks.3.attn.c_q.weight.buf,1048576,1049401,RAW,0.021413667011074722
59,blocks.3.attn.c_k.weight.buf,1048576,1049401,RAW,0.020794999989448115
59,blocks.3.attn.c_v.weight.buf,1048576,1049401,RAW,0.04121874997508712
59,blocks.3.attn.c_proj.weight.buf,1048576,1049401,RAW,0.021534625004278496
59,blocks.3.attn.ve_gate.weight.buf,512,1022,RAW,3.166700480505824e-05
59,blocks.3.mlp.c_fc.weight.buf,4194304,4196389,RAW,0.10410425000009127
59,blocks.3.mlp.c_proj.weight.buf,4194304,4195129,RAW,0.13230562501121312
59,blocks.4.attn.c_q.weight.buf,1048576,1049401,RAW,0.020909917016979307
59,blocks.4.attn.c_k.weight.buf,1048576,1049401,RAW,0.01963612498366274
59,blocks.4.attn.c_v.weight.buf,1048576,1049401,RAW,0.037034832988865674
59,blocks.4.attn.c_proj.weight.buf,1048576,1049401,RAW,0.020539249991998076
59,blocks.4.mlp.c_fc.weight.buf,4194304,4196389,RAW,0.11374166700989008
59,blocks.4.mlp.c_proj.weight.buf,4194304,4195129,RAW,0.10622549999970943
59,blocks.5.attn.c_q.weight.buf,1048576,1049401,RAW,0.03702029198757373
59,blocks.5.attn.c_k.weight.buf,1048576,1049401,RAW,0.019848500000080094
59,blocks.5.attn.c_v.weight.buf,1048576,1049401,RAW,0.019833416008623317
59,blocks.5.attn.c_proj.weight.buf,1048576,1049401,RAW,0.03727449997677468
59,blocks.5.attn.ve_gate.weight.buf,512,1022,RAW,1.1500000255182385e-05
59,blocks.5.mlp.c_fc.weight.buf,4194304,4196389,RAW,0.0981157080095727
59,blocks.5.mlp.c_proj.weight.buf,4194304,4195129,RAW,0.10607441700994968
59,blocks.6.attn.c_q.weight.buf,1048576,1049401,RAW,0.019997374998638406
59,blocks.6.attn.c_k.weight.buf,1048576,1049401,RAW,0.03747554201981984
59,blocks.6.attn.c_v.weight.buf,1048576,1049401,RAW,0.020066333992872387
59,blocks.6.attn.c_proj.weight.buf,1048576,1049401,RAW,0.020028875005664304
59,blocks.6.mlp.c_fc.weight.buf,4194304,4196389,RAW,0.09851020900532603
59,blocks.6.mlp.c_proj.weight.buf,4194304,4195129,RAW,0.10577158301020972
59,blocks.7.attn.c_q.weight.buf,1048576,1049401,RAW,0.020166125003015622
59,blocks.7.attn.c_k.weight.buf,1048576,1049401,RAW,0.02025216701440513
59,blocks.7.attn.c_v.weight.buf,1048576,1049401,RAW,0.03652625001268461
59,blocks.7.attn.c_proj.weight.buf,1048576,1049401,RAW,0.020678834000136703
59,blocks.7.attn.ve_gate.weight.buf,512,1022,RAW,1.4582998119294643e-05
59,blocks.7.mlp.c_fc.weight.buf,4194304,4196389,RAW,0.11665316700236872
59,blocks.7.mlp.c_proj.weight.buf,4194304,4195129,RAW,0.10535112500656396
59,lm_head.weight.m,67108864,67136149,RAW,1.5550983749853913
59,lm_head.weight.v,67108864,67136149,RAW,1.580624958005501
59,resid_lambdas.m,32,32,RAW_VECTOR,6.999995093792677e-06
59,resid_lambdas.v,32,32,RAW_VECTOR,5.409820005297661e-07
59,x0_lambdas.m,32,32,RAW_VECTOR,1.2500095181167126e-06
59,x0_lambdas.v,32,32,RAW_VECTOR,4.580069798976183e-07
59,value_embeds.1.weight.m,67108864,66913809,GRAMMAR,1.2477898329962045
59,value_embeds.1.weight.v,67108864,66913645,GRAMMAR,1.251734541991027
59,value_embeds.3.weight.m,67108864,66913829,GRAMMAR,1.236936750006862
59,value_embeds.3.weight.v,67108864,66913653,GRAMMAR,1.2520251250243746
59,value_embeds.5.weight.m,67108864,66913789,GRAMMAR,1.2791845000174362
59,value_embeds.5.weight.v,67108864,66913653,GRAMMAR,1.2256289579963777
59,value_embeds.7.weight.m,67108864,66913821,GRAMMAR,1.267056209006114
59,value_embeds.7.weight.v,67108864,66913713,GRAMMAR,1.1921039999870118
60,wte.weight.m,67108864,66983901,GRAMMAR,1.2987356249941513
60,wte.weight.v,67108864,66983813,GRAMMAR,1.1918656250054482
60,blocks.0.attn.c_q.weight.buf,1048576,1049401,RAW,0.01987324998481199
60,blocks.0.attn.c_k.weight.buf,1048576,1049401,RAW,0.019389624998439103
60,blocks.0.attn.c_v.weight.buf,1048576,1049401,RAW,0.035213666007621214
60,blocks.0.attn.c_proj.weight.buf,1048576,1049401,RAW,0.02020808300585486
60,blocks.0.mlp.c_fc.weight.buf,4194304,4196389,RAW,0.09611595800379291
60,blocks.0.mlp.c_proj.weight.buf,4194304,4195129,RAW,0.10702125000534579
60,blocks.1.attn.c_q.weight.buf,1048576,1049401,RAW,0.041260500001953915
60,blocks.1.attn.c_k.weight.buf,1048576,1049401,RAW,0.021517374989343807
60,blocks.1.attn.c_v.weight.buf,1048576,1049401,RAW,0.02142491698032245
60,blocks.1.attn.c_proj.weight.buf,1048576,1049401,RAW,0.04169091701623984
60,blocks.1.attn.ve_gate.weight.buf,512,1022,RAW,3.316698712296784e-05
60,blocks.1.mlp.c_fc.weight.buf,4194304,4196389,RAW,0.10540066700195894
60,blocks.1.mlp.c_proj.weight.buf,4194304,4195129,RAW,0.1208751670201309
60,blocks.2.attn.c_q.weight.buf,1048576,1049401,RAW,0.04140862499480136
60,blocks.2.attn.c_k.weight.buf,1048576,1049401,RAW,0.02031316698412411
60,blocks.2.attn.c_v.weight.buf,1048576,1049401,RAW,0.019875250000040978
60,blocks.2.attn.c_proj.weight.buf,1048576,1049401,RAW,0.03621545800706372
60,blocks.2.mlp.c_fc.weight.buf,4194304,4196389,RAW,0.09893712500343099
60,blocks.2.mlp.c_proj.weight.buf,4194304,4195129,RAW,0.10656675000791438
60,blocks.3.attn.c_q.weight.buf,1048576,1049401,RAW,0.020188832975691184
60,blocks.3.attn.c_k.weight.buf,1048576,1049401,RAW,0.03661187499528751
60,blocks.3.attn.c_v.weight.buf,1048576,1049401,RAW,0.02047299998230301
60,blocks.3.attn.c_proj.weight.buf,1048576,1049401,RAW,0.019993583991890773
60,blocks.3.attn.ve_gate.weight.buf,512,1022,RAW,1.1457974324002862e-05
60,blocks.3.mlp.c_fc.weight.buf,4194304,4196389,RAW,0.09867066601873375
60,blocks.3.mlp.c_proj.weight.buf,4194304,4195129,RAW,0.12065291701583192
60,blocks.4.attn.c_q.weight.buf,1048576,1049401,RAW,0.02087162501993589
60,blocks.4.attn.c_k.weight.buf,1048576,1049401,RAW,0.019891625008312985
60,blocks.4.attn.c_v.weight.buf,1048576,1049401,RAW,0.020039416995132342
60,blocks.4.attn.c_proj.weight.buf,1048576,1049401,RAW,0.03763416700530797
60,blocks.4.mlp.c_fc.weight.buf,4194304,4196389,RAW,0.09818758300389163
60,blocks.4.mlp.c_proj.weight.buf,4194304,4195129,RAW,0.10519704202306457
60,blocks.5.attn.c_q.weight.buf,1048576,1049401,RAW,0.02157187499688007
60,blocks.5.attn.c_k.weight.buf,1048576,1049401,RAW,0.019898625003406778
60,blocks.5.attn.c_v.weight.buf,1048576,1049401,RAW,0.019871916010743007
60,blocks.5.attn.c_proj.weight.buf,1048576,1049401,RAW,0.03695620800135657
60,blocks.5.attn.ve_gate.weight.buf,512,1022,RAW,1.1625001206994057e-05
60,blocks.5.mlp.c_fc.weight.buf,4194304,4196389,RAW,0.09739016700768843
60,blocks.5.mlp.c_proj.weight.buf,4194304,4195129,RAW,0.10440945898881182
60,blocks.6.attn.c_q.weight.buf,1048576,1049401,RAW,0.019909458002075553
60,blocks.6.attn.c_k.weight.buf,1048576,1049401,RAW,0.037159333005547523
60,blocks.6.attn.c_v.weight.buf,1048576,1049401,RAW,0.0200247920001857
60,blocks.6.attn.c_proj.weight.buf,1048576,1049401,RAW,0.020292083005188033
60,blocks.6.mlp.c_fc.weight.buf,4194304,4196389,RAW,0.11541404097806662
60,blocks.6.mlp.c_proj.weight.buf,4194304,4195129,RAW,0.10550150001654401
60,blocks.7.attn.c_q.weight.buf,1048576,1049401,RAW,0.020126832998357713
60,blocks.7.attn.c_k.weight.buf,1048576,1049401,RAW,0.036749042017618194
60,blocks.7.attn.c_v.weight.buf,1048576,1049401,RAW,0.01977120799710974
60,blocks.7.attn.c_proj.weight.buf,1048576,1049401,RAW,0.01959941699169576
60,blocks.7.attn.ve_gate.weight.buf,512,1022,RAW,2.1458021365106106e-05
60,blocks.7.mlp.c_fc.weight.buf,4194304,4196389,RAW,0.11050320797949098
60,blocks.7.mlp.c_proj.weight.buf,4194304,4195129,RAW,0.10049370798515156
60,lm_head.weight.m,67108864,67136149,RAW,1.5791701660200488
60,lm_head.weight.v,67108864,67136149,RAW,1.553445625002496
60,resid_lambdas.m,32,32,RAW_VECTOR,4.792003892362118e-06
60,resid_lambdas.v,32,32,RAW_VECTOR,6.250047590583563e-07
60,x0_lambdas.m,32,32,RAW_VECTOR,1.1249794624745846e-06
60,x0_lambdas.v,32,32,RAW_VECTOR,1.0420044418424368e-06
60,value_embeds.1.weight.m,67108864,66921101,GRAMMAR,1.2705783330020495
60,value_embeds.1.weight.v,67108864,66920941,GRAMMAR,1.2511408750142436
60,value_embeds.3.weight.m,67108864,66921117,GRAMMAR,1.2316966670041438
60,value_embeds.3.weight.v,67108864,66920937,GRAMMAR,1.2796575840038713
60,value_embeds.5.weight.m,67108864,66921081,GRAMMAR,1.2343821249960456
60,value_embeds.5.weight.v,67108864,66920909,GRAMMAR,1.2585519590065815
60,value_embeds.7.weight.m,67108864,66921105,GRAMMAR,1.2948893339780625
60,value_embeds.7.weight.v,67108864,66920997,GRAMMAR,1.228934249986196
61,wte.weight.m,67108864,67037201,GRAMMAR,1.2740226250025444
61,wte.weight.v,67108864,67037105,GRAMMAR,1.2325543749902863
61,blocks.0.attn.c_q.weight.buf,1048576,1049401,RAW,0.020971541001927108
61,blocks.0.attn.c_k.weight.buf,1048576,1049401,RAW,0.041610042011598125
61,blocks.0.attn.c_v.weight.buf,1048576,1049401,RAW,0.020742416993016377
61,blocks.0.attn.c_proj.weight.buf,1048576,1049401,RAW,0.020905374985886738
61,blocks.0.mlp.c_fc.weight.buf,4194304,4196389,RAW,0.10095387499313802
61,blocks.0.mlp.c_proj.weight.buf,4194304,4195129,RAW,0.1238246249849908
61,blocks.1.attn.c_q.weight.buf,1048576,1049401,RAW,0.019881791027728468
61,blocks.1.attn.c_k.weight.buf,1048576,1049401,RAW,0.020190042007016018
61,blocks.1.attn.c_v.weight.buf,1048576,1049401,RAW,0.037580000003799796
61,blocks.1.attn.c_proj.weight.buf,1048576,1049401,RAW,0.020046708988957107
61,blocks.1.attn.ve_gate.weight.buf,512,1022,RAW,1.229200279340148e-05
61,blocks.1.mlp.c_fc.weight.buf,4194304,4196389,RAW,0.09968454201589338
61,blocks.1.mlp.c_proj.weight.buf,4194304,4195129,RAW,0.10478529200190678
61,blocks.2.attn.c_q.weight.buf,1048576,1049401,RAW,0.02078566700220108
61,blocks.2.attn.c_k.weight.buf,1048576,1049401,RAW,0.01957562501775101
61,blocks.2.attn.c_v.weight.buf,1048576,1049401,RAW,0.019950249989051372
61,blocks.2.attn.c_proj.weight.buf,1048576,1049401,RAW,0.02207070801523514
61,blocks.2.mlp.c_fc.weight.buf,4194304,4196389,RAW,0.09726645902264863
61,blocks.2.mlp.c_proj.weight.buf,4194304,4195129,RAW,0.10560479201376438
61,blocks.3.attn.c_q.weight.buf,1048576,1049401,RAW,0.03634495800361037
61,blocks.3.attn.c_k.weight.buf,1048576,1049401,RAW,0.020709667005576193
61,blocks.3.attn.c_v.weight.buf,1048576,1049401,RAW,0.019953499984694645
61,blocks.3.attn.c_proj.weight.buf,1048576,1049401,RAW,0.020305082987761125
61,blocks.3.attn.ve_gate.weight.buf,512,1022,RAW,0.00012099999003112316
61,blocks.3.mlp.c_fc.weight.buf,4194304,4196389,RAW,0.09895833299378864
61,blocks.3.mlp.c_proj.weight.buf,4194304,4195129,RAW,0.10619395799585618
61,blocks.4.attn.c_q.weight.buf,1048576,1049401,RAW,0.01994787500007078
61,blocks.4.attn.c_k.weight.buf,1048576,1049401,RAW,0.019891917007043958
61,blocks.4.attn.c_v.weight.buf,1048576,1049401,RAW,0.020893790991976857
61,blocks.4.attn.c_proj.weight.buf,1048576,1049401,RAW,0.019821582973236218
61,blocks.4.mlp.c_fc.weight.buf,4194304,4196389,RAW,0.09883433301001787
61,blocks.4.mlp.c_proj.weight.buf,4194304,4195129,RAW,0.10634366699378006
61,blocks.5.attn.c_q.weight.buf,1048576,1049401,RAW,0.02038699999684468
61,blocks.5.attn.c_k.weight.buf,1048576,1049401,RAW,0.019433959008892998
61,blocks.5.attn.c_v.weight.buf,1048576,1049401,RAW,0.01969516699318774
61,blocks.5.attn.c_proj.weight.buf,1048576,1049401,RAW,0.03560391700011678
61,blocks.5.attn.ve_gate.weight.buf,512,1022,RAW,1.6417005099356174e-05
61,blocks.5.mlp.c_fc.weight.buf,4194304,4196389,RAW,0.09650683400104754
61,blocks.5.mlp.c_proj.weight.buf,4194304,4195129,RAW,0.10035529200104065
61,blocks.6.attn.c_q.weight.buf,1048576,1049401,RAW,0.020021834003273398
61,blocks.6.attn.c_k.weight.buf,1048576,1049401,RAW,0.03604579099919647
61,blocks.6.attn.c_v.weight.buf,1048576,1049401,RAW,0.019659999990835786
61,blocks.6.attn.c_proj.weight.buf,1048576,1049401,RAW,0.01996074998169206
61,blocks.6.mlp.c_fc.weight.buf,4194304,4196389,RAW,0.09614920799504034
61,blocks.6.mlp.c_proj.weight.buf,4194304,4195129,RAW,0.11790995800402015
61,blocks.7.attn.c_q.weight.buf,1048576,1049401,RAW,0.019583290995797142
61,blocks.7.attn.c_k.weight.buf,1048576,1049401,RAW,0.01933799998369068
61,blocks.7.attn.c_v.weight.buf,1048576,1049401,RAW,0.03583675000118092
61,blocks.7.attn.c_proj.weight.buf,1048576,1049401,RAW,0.020159332983894274
61,blocks.7.attn.ve_gate.weight.buf,512,1022,RAW,5.108298500999808e-05
61,blocks.7.mlp.c_fc.weight.buf,4194304,4196389,RAW,0.10235895798541605
61,blocks.7.mlp.c_proj.weight.buf,4194304,4195129,RAW,0.10055783300776966
61,lm_head.weight.m,67108864,67136149,RAW,1.5945673329988495
61,lm_head.weight.v,67108864,67136149,RAW,1.5307845829811413
61,resid_lambdas.m,32,32,RAW_VECTOR,5.917012458667159e-06
61,resid_lambdas.v,32,32,RAW_VECTOR,2.1249870769679546e-06
61,x0_lambdas.m,32,32,RAW_VECTOR,1.2920063454657793e-06
61,x0_lambdas.v,32,32,RAW_VECTOR,4.580069798976183e-07
61,value_embeds.1.weight.m,67108864,66991209,GRAMMAR,1.289975041989237
61,value_embeds.1.weight.v,67108864,66991065,GRAMMAR,1.2273029999923892
61,value_embeds.3.weight.m,67108864,66991225,GRAMMAR,1.3247268330014776
61,value_embeds.3.weight.v,67108864,66991089,GRAMMAR,1.2460709169972688
61,value_embeds.5.weight.m,67108864,66991161,GRAMMAR,1.253040791983949
61,value_embeds.5.weight.v,67108864,66991053,GRAMMAR,1.2627369579859078
61,value_embeds.7.weight.m,67108864,66991181,GRAMMAR,1.257369083003141
61,value_embeds.7.weight.v,67108864,66991109,GRAMMAR,1.2800574169959873
62,wte.weight.m,67108864,67040845,GRAMMAR,1.2576886669849046
62,wte.weight.v,67108864,67040753,GRAMMAR,1.2834457500139251
62,blocks.0.attn.c_q.weight.buf,1048576,1049401,RAW,0.02135579098830931
62,blocks.0.attn.c_k.weight.buf,1048576,1049401,RAW,0.019600125000579283
62,blocks.0.attn.c_v.weight.buf,1048576,1049401,RAW,0.019779750000452623
62,blocks.0.attn.c_proj.weight.buf,1048576,1049401,RAW,0.03746820898959413
62,blocks.0.mlp.c_fc.weight.buf,4194304,4196389,RAW,0.09773612499702722
62,blocks.0.mlp.c_proj.weight.buf,4194304,4195129,RAW,0.10710649998509325
62,blocks.1.attn.c_q.weight.buf,1048576,1049401,RAW,0.03688962498563342
62,blocks.1.attn.c_k.weight.buf,1048576,1049401,RAW,0.019930208014557138
62,blocks.1.attn.c_v.weight.buf,1048576,1049401,RAW,0.019990375003544614
62,blocks.1.attn.c_proj.weight.buf,1048576,1049401,RAW,0.03650504199322313
62,blocks.1.attn.ve_gate.weight.buf,512,1022,RAW,1.3082986697554588e-05
62,blocks.1.mlp.c_fc.weight.buf,4194304,4196389,RAW,0.0990876670111902
62,blocks.1.mlp.c_proj.weight.buf,4194304,4195129,RAW,0.1063988330133725
62,blocks.2.attn.c_q.weight.buf,1048576,1049401,RAW,0.019844875001581386
62,blocks.2.attn.c_k.weight.buf,1048576,1049401,RAW,0.03713466602494009
62,blocks.2.attn.c_v.weight.buf,1048576,1049401,RAW,0.020332832995336503
62,blocks.2.attn.c_proj.weight.buf,1048576,1049401,RAW,0.019991125009255484
62,blocks.2.mlp.c_fc.weight.buf,4194304,4196389,RAW,0.11213662498630583
62,blocks.2.mlp.c_proj.weight.buf,4194304,4195129,RAW,0.12036620799335651
62,blocks.3.attn.c_q.weight.buf,1048576,1049401,RAW,0.020612457999959588
62,blocks.3.attn.c_k.weight.buf,1048576,1049401,RAW,0.0197701659926679
62,blocks.3.attn.c_v.weight.buf,1048576,1049401,RAW,0.019857458013575524
62,blocks.3.attn.c_proj.weight.buf,1048576,1049401,RAW,0.03625037500751205
62,blocks.3.attn.ve_gate.weight.buf,512,1022,RAW,4.624997382052243e-05
62,blocks.3.mlp.c_fc.weight.buf,4194304,4196389,RAW,0.09460095901158638
62,blocks.3.mlp.c_proj.weight.buf,4194304,4195129,RAW,0.10007512499578297
62,blocks.4.attn.c_q.weight.buf,1048576,1049401,RAW,0.019540582987247035
62,blocks.4.attn.c_k.weight.buf,1048576,1049401,RAW,0.037256708019413054
62,blocks.4.attn.c_v.weight.buf,1048576,1049401,RAW,0.01937945798272267
62,blocks.4.attn.c_proj.weight.buf,1048576,1049401,RAW,0.020035292021930218
62,blocks.4.mlp.c_fc.weight.buf,4194304,4196389,RAW,0.09683054100605659
62,blocks.4.mlp.c_proj.weight.buf,4194304,4195129,RAW,0.10015487502096221
62,blocks.5.attn.c_q.weight.buf,1048576,1049401,RAW,0.019603666005423293
62,blocks.5.attn.c_k.weight.buf,1048576,1049401,RAW,0.019433041015872732
62,blocks.5.attn.c_v.weight.buf,1048576,1049401,RAW,0.036205415992299095
62,blocks.5.attn.c_proj.weight.buf,1048576,1049401,RAW,0.019578040984924883
62,blocks.5.attn.ve_gate.weight.buf,512,1022,RAW,3.370799822732806e-05
62,blocks.5.mlp.c_fc.weight.buf,4194304,4196389,RAW,0.109473499993328
62,blocks.5.mlp.c_proj.weight.buf,4194304,4195129,RAW,0.10027487500337884
62,blocks.6.attn.c_q.weight.buf,1048576,1049401,RAW,0.0353972910088487
62,blocks.6.attn.c_k.weight.buf,1048576,1049401,RAW,0.019776792003540322
62,blocks.6.attn.c_v.weight.buf,1048576,1049401,RAW,0.019870417017955333
62,blocks.6.attn.c_proj.weight.buf,1048576,1049401,RAW,0.04100579200894572
62,blocks.6.mlp.c_fc.weight.buf,4194304,4196389,RAW,0.10558891698019579
62,blocks.6.mlp.c_proj.weight.buf,4194304,4195129,RAW,0.12032225000439212
62,blocks.7.attn.c_q.weight.buf,1048576,1049401,RAW,0.021555708983214572
62,blocks.7.attn.c_k.weight.buf,1048576,1049401,RAW,0.022364499978721142
62,blocks.7.attn.c_v.weight.buf,1048576,1049401,RAW,0.02065908399526961
62,blocks.7.attn.c_proj.weight.buf,1048576,1049401,RAW,0.021336291974876076
62,blocks.7.attn.ve_gate.weight.buf,512,1022,RAW,2.7292000595480204e-05
62,blocks.7.mlp.c_fc.weight.buf,4194304,4196389,RAW,0.11921616698964499
62,blocks.7.mlp.c_proj.weight.buf,4194304,4195129,RAW,0.10455054201884195
62,lm_head.weight.m,67108864,67136149,RAW,1.5931525829946622
62,lm_head.weight.v,67108864,67136149,RAW,1.5669413330033422
62,resid_lambdas.m,32,32,RAW_VECTOR,6.499991286545992e-06
62,resid_lambdas.v,32,32,RAW_VECTOR,6.659829523414373e-07
62,x0_lambdas.m,32,32,RAW_VECTOR,1.0829826351255178e-06
62,x0_lambdas.v,32,32,RAW_VECTOR,5.00003807246685e-07
62,value_embeds.1.weight.m,67108864,67012661,GRAMMAR,1.2903280419996008
62,value_embeds.1.weight.v,67108864,67012573,GRAMMAR,1.234005791018717
62,value_embeds.3.weight.m,67108864,67012673,GRAMMAR,1.2880674580228515
62,value_embeds.3.weight.v,67108864,67012601,GRAMMAR,1.2279887089971453
62,value_embeds.5.weight.m,67108864,67012629,GRAMMAR,1.3084555840177927
62,value_embeds.5.weight.v,67108864,67012521,GRAMMAR,1.2529521250107791
62,value_embeds.7.weight.m,67108864,67012637,GRAMMAR,1.2873156669957098
62,value_embeds.7.weight.v,67108864,67012581,GRAMMAR,1.2336069169978146
63,wte.weight.m,67108864,67061761,GRAMMAR,1.3622533330053557
63,wte.weight.v,67108864,67061697,GRAMMAR,1.2561612080025952
63,blocks.0.attn.c_q.weight.buf,1048576,1049401,RAW,0.02124641599948518
63,blocks.0.attn.c_k.weight.buf,1048576,1049401,RAW,0.020260916993720457
63,blocks.0.attn.c_v.weight.buf,1048576,1049401,RAW,0.019901332998415455
63,blocks.0.attn.c_proj.weight.buf,1048576,1049401,RAW,0.0375017499900423
63,blocks.0.mlp.c_fc.weight.buf,4194304,4196389,RAW,0.09728554199682549
63,blocks.0.mlp.c_proj.weight.buf,4194304,4195129,RAW,0.10056141699897125
63,blocks.1.attn.c_q.weight.buf,1048576,1049401,RAW,0.019475167006021366
63,blocks.1.attn.c_k.weight.buf,1048576,1049401,RAW,0.036742292024428025
63,blocks.1.attn.c_v.weight.buf,1048576,1049401,RAW,0.01947908298461698
63,blocks.1.attn.c_proj.weight.buf,1048576,1049401,RAW,0.01957141701132059
63,blocks.1.attn.ve_gate.weight.buf,512,1022,RAW,1.824999344535172e-05
63,blocks.1.mlp.c_fc.weight.buf,4194304,4196389,RAW,0.11074550001649186
63,blocks.1.mlp.c_proj.weight.buf,4194304,4195129,RAW,0.09950066599412821
63,blocks.2.attn.c_q.weight.buf,1048576,1049401,RAW,0.019675749994348735
63,blocks.2.attn.c_k.weight.buf,1048576,1049401,RAW,0.01932600000873208
63,blocks.2.attn.c_v.weight.buf,1048576,1049401,RAW,0.03593408298911527
63,blocks.2.attn.c_proj.weight.buf,1048576,1049401,RAW,0.019881790998624638
63,blocks.2.mlp.c_fc.weight.buf,4194304,4196389,RAW,0.0956311670015566
63,blocks.2.mlp.c_proj.weight.buf,4194304,4195129,RAW,0.09928637501434423
63,blocks.3.attn.c_q.weight.buf,1048576,1049401,RAW,0.03630279202479869
63,blocks.3.attn.c_k.weight.buf,1048576,1049401,RAW,0.019727041013538837
63,blocks.3.attn.c_v.weight.buf,1048576,1049401,RAW,0.019287916977191344
63,blocks.3.attn.c_proj.weight.buf,1048576,1049401,RAW,0.0358882499858737
63,blocks.3.attn.ve_gate.weight.buf,512,1022,RAW,1.9041995983570814e-05
63,blocks.3.mlp.c_fc.weight.buf,4194304,4196389,RAW,0.09866870800033212
63,blocks.3.mlp.c_proj.weight.buf,4194304,4195129,RAW,0.12259883299702778
63,blocks.4.attn.c_q.weight.buf,1048576,1049401,RAW,0.021019834006438032
63,blocks.4.attn.c_k.weight.buf,1048576,1049401,RAW,0.041139582986943424
63,blocks.4.attn.c_v.weight.buf,1048576,1049401,RAW,0.020582124998327345
63,blocks.4.attn.c_proj.weight.buf,1048576,1049401,RAW,0.021025207999628037
63,blocks.4.mlp.c_fc.weight.buf,4194304,4196389,RAW,0.14286404199083336
63,blocks.4.mlp.c_proj.weight.buf,4194304,4195129,RAW,0.11222324997652322
63,blocks.5.attn.c_q.weight.buf,1048576,1049401,RAW,0.019701417011674494
63,blocks.5.attn.c_k.weight.buf,1048576,1049401,RAW,0.019696375005878508
63,blocks.5.attn.c_v.weight.buf,1048576,1049401,RAW,0.021157832990866154
63,blocks.5.attn.c_proj.weight.buf,1048576,1049401,RAW,0.020177541999146342
63,blocks.5.attn.ve_gate.weight.buf,512,1022,RAW,1.4582998119294643e-05
63,blocks.5.mlp.c_fc.weight.buf,4194304,4196389,RAW,0.09687154201674275
63,blocks.5.mlp.c_proj.weight.buf,4194304,4195129,RAW,0.10674937500152737
63,blocks.6.attn.c_q.weight.buf,1048576,1049401,RAW,0.020233041985193267
63,blocks.6.attn.c_k.weight.buf,1048576,1049401,RAW,0.019782959017902613
63,blocks.6.attn.c_v.weight.buf,1048576,1049401,RAW,0.03720270801568404
63,blocks.6.attn.c_proj.weight.buf,1048576,1049401,RAW,0.020273416012059897
63,blocks.6.mlp.c_fc.weight.buf,4194304,4196389,RAW,0.098542166990228
63,blocks.6.mlp.c_proj.weight.buf,4194304,4195129,RAW,0.10498491697944701
63,blocks.7.attn.c_q.weight.buf,1048576,1049401,RAW,0.03749866699217819
63,blocks.7.attn.c_k.weight.buf,1048576,1049401,RAW,0.019900582992704585
63,blocks.7.attn.c_v.weight.buf,1048576,1049401,RAW,0.020195874996716157
63,blocks.7.attn.c_proj.weight.buf,1048576,1049401,RAW,0.03707916699931957
63,blocks.7.attn.ve_gate.weight.buf,512,1022,RAW,1.287501072511077e-05
63,blocks.7.mlp.c_fc.weight.buf,4194304,4196389,RAW,0.11288229099591263
63,blocks.7.mlp.c_proj.weight.buf,4194304,4195129,RAW,0.10598604200640693
63,lm_head.weight.m,67108864,67136149,RAW,1.548473250004463
63,lm_head.weight.v,67108864,67136149,RAW,1.6135937910003122
63,resid_lambdas.m,32,32,RAW_VECTOR,7.0420210249722e-06
63,resid_lambdas.v,32,32,RAW_VECTOR,6.250047590583563e-07
63,x0_lambdas.m,32,32,RAW_VECTOR,9.999785106629133e-07
63,x0_lambdas.v,32,32,RAW_VECTOR,5.00003807246685e-07
63,value_embeds.1.weight.m,67108864,67037241,GRAMMAR,1.236026458995184
63,value_embeds.1.weight.v,67108864,67037181,GRAMMAR,1.2911686250008643
63,value_embeds.3.weight.m,67108864,67037241,GRAMMAR,1.274062790995231
63,value_embeds.3.weight.v,67108864,67037177,GRAMMAR,1.2903585830063093
63,value_embeds.5.weight.m,67108864,67037197,GRAMMAR,1.2893268329789862
63,value_embeds.5.weight.v,67108864,67037117,GRAMMAR,1.2231083330116235
63,value_embeds.7.weight.m,67108864,67037221,GRAMMAR,1.2999570830143057
63,value_embeds.7.weight.v,67108864,67037193,GRAMMAR,1.2637679160106927
64,wte.weight.m,67108864,67080453,GRAMMAR,1.3470482910051942
64,wte.weight.v,67108864,67080397,GRAMMAR,1.2411749580060132
64,blocks.0.attn.c_q.weight.buf,1048576,1049401,RAW,0.019567749986890703
64,blocks.0.attn.c_k.weight.buf,1048576,1049401,RAW,0.02060720798908733
64,blocks.0.attn.c_v.weight.buf,1048576,1049401,RAW,0.01936812500935048
64,blocks.0.attn.c_proj.weight.buf,1048576,1049401,RAW,0.01923687499947846
64,blocks.0.mlp.c_fc.weight.buf,4194304,4196389,RAW,0.10794891699333675
64,blocks.0.mlp.c_proj.weight.buf,4194304,4195129,RAW,0.10136854101438075
64,blocks.1.attn.c_q.weight.buf,1048576,1049401,RAW,0.019854332989780232
64,blocks.1.attn.c_k.weight.buf,1048576,1049401,RAW,0.019379082979867235
64,blocks.1.attn.c_v.weight.buf,1048576,1049401,RAW,0.03975250001531094
64,blocks.1.attn.c_proj.weight.buf,1048576,1049401,RAW,0.021186500001931563
64,blocks.1.attn.ve_gate.weight.buf,512,1022,RAW,2.4958979338407516e-05
64,blocks.1.mlp.c_fc.weight.buf,4194304,4196389,RAW,0.10561716699157842
64,blocks.1.mlp.c_proj.weight.buf,4194304,4195129,RAW,0.14303854200989008
64,blocks.2.attn.c_q.weight.buf,1048576,1049401,RAW,0.021324875007849187
64,blocks.2.attn.c_k.weight.buf,1048576,1049401,RAW,0.020524250023299828
64,blocks.2.attn.c_v.weight.buf,1048576,1049401,RAW,0.040779000002657995
64,blocks.2.attn.c_proj.weight.buf,1048576,1049401,RAW,0.021417291020043194
64,blocks.2.mlp.c_fc.weight.buf,4194304,4196389,RAW,0.10196170801646076
64,blocks.2.mlp.c_proj.weight.buf,4194304,4195129,RAW,0.10504287498770282
64,blocks.3.attn.c_q.weight.buf,1048576,1049401,RAW,0.03929420898202807
64,blocks.3.attn.c_k.weight.buf,1048576,1049401,RAW,0.02083687498816289
64,blocks.3.attn.c_v.weight.buf,1048576,1049401,RAW,0.01988224999513477
64,blocks.3.attn.c_proj.weight.buf,1048576,1049401,RAW,0.037941374990623444
64,blocks.3.attn.ve_gate.weight.buf,512,1022,RAW,1.5833007637411356e-05
64,blocks.3.mlp.c_fc.weight.buf,4194304,4196389,RAW,0.11581991601269692
64,blocks.3.mlp.c_proj.weight.buf,4194304,4195129,RAW,0.1060564590152353
64,blocks.4.attn.c_q.weight.buf,1048576,1049401,RAW,0.019871374999638647
64,blocks.4.attn.c_k.weight.buf,1048576,1049401,RAW,0.03709587501361966
64,blocks.4.attn.c_v.weight.buf,1048576,1049401,RAW,0.020463624998228624
64,blocks.4.attn.c_proj.weight.buf,1048576,1049401,RAW,0.020020333002321422
64,blocks.4.mlp.c_fc.weight.buf,4194304,4196389,RAW,0.09947820901288651
64,blocks.4.mlp.c_proj.weight.buf,4194304,4195129,RAW,0.10512195900082588
64,blocks.5.attn.c_q.weight.buf,1048576,1049401,RAW,0.020168541988823563
64,blocks.5.attn.c_k.weight.buf,1048576,1049401,RAW,0.02035450001130812
64,blocks.5.attn.c_v.weight.buf,1048576,1049401,RAW,0.03752774998429231
64,blocks.5.attn.c_proj.weight.buf,1048576,1049401,RAW,0.02018099999986589
64,blocks.5.attn.ve_gate.weight.buf,512,1022,RAW,9.957992006093264e-06
64,blocks.5.mlp.c_fc.weight.buf,4194304,4196389,RAW,0.10019062497303821
64,blocks.5.mlp.c_proj.weight.buf,4194304,4195129,RAW,0.12243316700914875
64,blocks.6.attn.c_q.weight.buf,1048576,1049401,RAW,0.020729292009491473
64,blocks.6.attn.c_k.weight.buf,1048576,1049401,RAW,0.020549290988128632
64,blocks.6.attn.c_v.weight.buf,1048576,1049401,RAW,0.03716762500698678
64,blocks.6.attn.c_proj.weight.buf,1048576,1049401,RAW,0.03712441699462943
64,blocks.6.mlp.c_fc.weight.buf,4194304,4196389,RAW,0.09974733300623484
64,blocks.6.mlp.c_proj.weight.buf,4194304,4195129,RAW,0.10551824999856763
64,blocks.7.attn.c_q.weight.buf,1048576,1049401,RAW,0.03600370799540542
64,blocks.7.attn.c_k.weight.buf,1048576,1049401,RAW,0.019868750008754432
64,blocks.7.attn.c_v.weight.buf,1048576,1049401,RAW,0.0197420839976985
64,blocks.7.attn.c_proj.weight.buf,1048576,1049401,RAW,0.03658770801848732
64,blocks.7.attn.ve_gate.weight.buf,512,1022,RAW,1.7417012713849545e-05
64,blocks.7.mlp.c_fc.weight.buf,4194304,4196389,RAW,0.09652058401843533
64,blocks.7.mlp.c_proj.weight.buf,4194304,4195129,RAW,0.10105529197608121
64,lm_head.weight.m,67108864,67136149,RAW,1.612577958003385
64,lm_head.weight.v,67108864,67136149,RAW,1.5666933750035241
64,resid_lambdas.m,32,32,RAW_VECTOR,1.0707997716963291e-05
64,resid_lambdas.v,32,32,RAW_VECTOR,1.4999823179095984e-06
64,x0_lambdas.m,32,32,RAW_VECTOR,6.660120561718941e-07
64,x0_lambdas.v,32,32,RAW_VECTOR,3.7500285543501377e-07
64,value_embeds.1.weight.m,67108864,67055817,GRAMMAR,1.3078489589970559
64,value_embeds.1.weight.v,67108864,67055753,GRAMMAR,1.2857921250106301
64,value_embeds.3.weight.m,67108864,67055809,GRAMMAR,1.2813657910155598
64,value_embeds.3.weight.v,67108864,67055737,GRAMMAR,1.285789042012766
64,value_embeds.5.weight.m,67108864,67055773,GRAMMAR,1.2746745419863146
64,value_embeds.5.weight.v,67108864,67055681,GRAMMAR,1.2856597919890191
64,value_embeds.7.weight.m,67108864,67055793,GRAMMAR,1.2954534169984981
64,value_embeds.7.weight.v,67108864,67055757,GRAMMAR,1.2558759590028785
65,wte.weight.m,67108864,67105089,GRAMMAR,1.306387040996924
65,wte.weight.v,67108864,67105053,GRAMMAR,1.2819742080173455
65,blocks.0.attn.c_q.weight.buf,1048576,1049401,RAW,0.019997875002445653
65,blocks.0.attn.c_k.weight.buf,1048576,1049401,RAW,0.03801770799327642
65,blocks.0.attn.c_v.weight.buf,1048576,1049401,RAW,0.019797708984697238
65,blocks.0.attn.c_proj.weight.buf,1048576,1049401,RAW,0.01966716701281257
65,blocks.0.mlp.c_fc.weight.buf,4194304,4196389,RAW,0.097588792006718
65,blocks.0.mlp.c_proj.weight.buf,4194304,4195129,RAW,0.10609395898063667
65,blocks.1.attn.c_q.weight.buf,1048576,1049401,RAW,0.019916582998121157
65,blocks.1.attn.c_k.weight.buf,1048576,1049401,RAW,0.019971833971794695
65,blocks.1.attn.c_v.weight.buf,1048576,1049401,RAW,0.021395499992650002
65,blocks.1.attn.c_proj.weight.buf,1048576,1049401,RAW,0.01963183397310786
65,blocks.1.attn.ve_gate.weight.buf,512,1022,RAW,1.4541001291945577e-05
65,blocks.1.mlp.c_fc.weight.buf,4194304,4196389,RAW,0.11309866700321436
65,blocks.1.mlp.c_proj.weight.buf,4194304,4195129,RAW,0.12262633399222977
65,blocks.2.attn.c_q.weight.buf,1048576,1049401,RAW,0.02041029100655578
65,blocks.2.attn.c_k.weight.buf,1048576,1049401,RAW,0.019930292008211836
65,blocks.2.attn.c_v.weight.buf,1048576,1049401,RAW,0.03745066697592847
65,blocks.2.attn.c_proj.weight.buf,1048576,1049401,RAW,0.020122290996368974
65,blocks.2.mlp.c_fc.weight.buf,4194304,4196389,RAW,0.09775129202171229
65,blocks.2.mlp.c_proj.weight.buf,4194304,4195129,RAW,0.10699341699364595
65,blocks.3.attn.c_q.weight.buf,1048576,1049401,RAW,0.021898999984841794
65,blocks.3.attn.c_k.weight.buf,1048576,1049401,RAW,0.01996283300104551
65,blocks.3.attn.c_v.weight.buf,1048576,1049401,RAW,0.019755041983444244
65,blocks.3.attn.c_proj.weight.buf,1048576,1049401,RAW,0.03781308399629779
65,blocks.3.attn.ve_gate.weight.buf,512,1022,RAW,1.812499249354005e-05
65,blocks.3.mlp.c_fc.weight.buf,4194304,4196389,RAW,0.09771333300159313
65,blocks.3.mlp.c_proj.weight.buf,4194304,4195129,RAW,0.10546145899570547
65,blocks.4.attn.c_q.weight.buf,1048576,1049401,RAW,0.03693975001806393
65,blocks.4.attn.c_k.weight.buf,1048576,1049401,RAW,0.020518625009572133
65,blocks.4.attn.c_v.weight.buf,1048576,1049401,RAW,0.020014333014842123
65,blocks.4.attn.c_proj.weight.buf,1048576,1049401,RAW,0.020860750024439767
65,blocks.4.mlp.c_fc.weight.buf,4194304,4196389,RAW,0.10981500000343658
65,blocks.4.mlp.c_proj.weight.buf,4194304,4195129,RAW,0.10108454199507833
65,blocks.5.attn.c_q.weight.buf,1048576,1049401,RAW,0.01951762501266785
65,blocks.5.attn.c_k.weight.buf,1048576,1049401,RAW,0.019238957989728078
65,blocks.5.attn.c_v.weight.buf,1048576,1049401,RAW,0.0362171659944579
65,blocks.5.attn.c_proj.weight.buf,1048576,1049401,RAW,0.01951745801488869
65,blocks.5.attn.ve_gate.weight.buf,512,1022,RAW,4.416599404066801e-05
65,blocks.5.mlp.c_fc.weight.buf,4194304,4196389,RAW,0.09586604099604301
65,blocks.5.mlp.c_proj.weight.buf,4194304,4195129,RAW,0.11620516699622385
65,blocks.6.attn.c_q.weight.buf,1048576,1049401,RAW,0.020434540987480432
65,blocks.6.attn.c_k.weight.buf,1048576,1049401,RAW,0.019166082987794653
65,blocks.6.attn.c_v.weight.buf,1048576,1049401,RAW,0.019177875015884638
65,blocks.6.attn.c_proj.weight.buf,1048576,1049401,RAW,0.020620666997274384
65,blocks.6.mlp.c_fc.weight.buf,4194304,4196389,RAW,0.09474320799927227
65,blocks.6.mlp.c_proj.weight.buf,4194304,4195129,RAW,0.09961304199532606
65,blocks.7.attn.c_q.weight.buf,1048576,1049401,RAW,0.019386917003430426
65,blocks.7.attn.c_k.weight.buf,1048576,1049401,RAW,0.03595483300159685
65,blocks.7.attn.c_v.weight.buf,1048576,1049401,RAW,0.019389624998439103
65,blocks.7.attn.c_proj.weight.buf,1048576,1049401,RAW,0.01917033302015625
65,blocks.7.attn.ve_gate.weight.buf,512,1022,RAW,9.915995178744197e-06
65,blocks.7.mlp.c_fc.weight.buf,4194304,4196389,RAW,0.10083608399145305
65,blocks.7.mlp.c_proj.weight.buf,4194304,4195129,RAW,0.14520545798586681
65,lm_head.weight.m,67108864,67136149,RAW,1.586110208008904
65,lm_head.weight.v,67108864,67136149,RAW,1.5706654170062393
65,resid_lambdas.m,32,32,RAW_VECTOR,9.29099041968584e-06
65,resid_lambdas.v,32,32,RAW_VECTOR,5.420006345957518e-07
65,x0_lambdas.m,32,32,RAW_VECTOR,1.5420082490891218e-06
65,x0_lambdas.v,32,32,RAW_VECTOR,4.159810487180948e-07
65,value_embeds.1.weight.m,67108864,67080461,GRAMMAR,1.2963146249821875
65,value_embeds.1.weight.v,67108864,67080401,GRAMMAR,1.2271775830013212
65,value_embeds.3.weight.m,67108864,67080457,GRAMMAR,1.3166798750171438
65,value_embeds.3.weight.v,67108864,67080401,GRAMMAR,1.2649375000037253
65,value_embeds.5.weight.m,67108864,67080433,GRAMMAR,1.3089639169920702
65,value_embeds.5.weight.v,67108864,67080321,GRAMMAR,1.255532667011721
65,value_embeds.7.weight.m,67108864,67080457,GRAMMAR,1.2889776669908315
65,value_embeds.7.weight.v,67108864,67080425,GRAMMAR,1.3191504999995232
66,wte.weight.m,67108864,67105085,GRAMMAR,1.305481334013166
66,wte.weight.v,67108864,67105053,GRAMMAR,1.314535125013208
66,blocks.0.attn.c_q.weight.buf,1048576,1049401,RAW,0.01986841598409228
66,blocks.0.attn.c_k.weight.buf,1048576,1049401,RAW,0.03708845900837332
66,blocks.0.attn.c_v.weight.buf,1048576,1049401,RAW,0.020141583983786404
66,blocks.0.attn.c_proj.weight.buf,1048576,1049401,RAW,0.019680334022268653
66,blocks.0.mlp.c_fc.weight.buf,4194304,4196389,RAW,0.09673550000297837
66,blocks.0.mlp.c_proj.weight.buf,4194304,4195129,RAW,0.12605787499342114
66,blocks.1.attn.c_q.weight.buf,1048576,1049401,RAW,0.020274125010473654
66,blocks.1.attn.c_k.weight.buf,1048576,1049401,RAW,0.019488791993353516
66,blocks.1.attn.c_v.weight.buf,1048576,1049401,RAW,0.03555262502050027
66,blocks.1.attn.c_proj.weight.buf,1048576,1049401,RAW,0.019902540982002392
66,blocks.1.attn.ve_gate.weight.buf,512,1022,RAW,3.616602043621242e-05
66,blocks.1.mlp.c_fc.weight.buf,4194304,4196389,RAW,0.09396416699746624
66,blocks.1.mlp.c_proj.weight.buf,4194304,4195129,RAW,0.10014166697510518
66,blocks.2.attn.c_q.weight.buf,1048576,1049401,RAW,0.035830457985866815
66,blocks.2.attn.c_k.weight.buf,1048576,1049401,RAW,0.019092667003860697
66,blocks.2.attn.c_v.weight.buf,1048576,1049401,RAW,0.019242457987274975
66,blocks.2.attn.c_proj.weight.buf,1048576,1049401,RAW,0.03571020800154656
66,blocks.2.mlp.c_fc.weight.buf,4194304,4196389,RAW,0.09532162500545382
66,blocks.2.mlp.c_proj.weight.buf,4194304,4195129,RAW,0.11621050001122057
66,blocks.3.attn.c_q.weight.buf,1048576,1049401,RAW,0.019488542020553723
66,blocks.3.attn.c_k.weight.buf,1048576,1049401,RAW,0.036158083006739616
66,blocks.3.attn.c_v.weight.buf,1048576,1049401,RAW,0.01984670798992738
66,blocks.3.attn.c_proj.weight.buf,1048576,1049401,RAW,0.019369957997696474
66,blocks.3.attn.ve_gate.weight.buf,512,1022,RAW,2.4124979972839355e-05
66,blocks.3.mlp.c_fc.weight.buf,4194304,4196389,RAW,0.095356375008123
66,blocks.3.mlp.c_proj.weight.buf,4194304,4195129,RAW,0.09881008299998939
66,blocks.4.attn.c_q.weight.buf,1048576,1049401,RAW,0.020743457978824154
66,blocks.4.attn.c_k.weight.buf,1048576,1049401,RAW,0.01919670798815787
66,blocks.4.attn.c_v.weight.buf,1048576,1049401,RAW,0.020646290999138728
66,blocks.4.attn.c_proj.weight.buf,1048576,1049401,RAW,0.04115816598641686
66,blocks.4.mlp.c_fc.weight.buf,4194304,4196389,RAW,0.10352804200374521
66,blocks.4.mlp.c_proj.weight.buf,4194304,4195129,RAW,0.12163937499281019
66,blocks.5.attn.c_q.weight.buf,1048576,1049401,RAW,0.04103675001533702
66,blocks.5.attn.c_k.weight.buf,1048576,1049401,RAW,0.02152104099513963
66,blocks.5.attn.c_v.weight.buf,1048576,1049401,RAW,0.0211894589883741
66,blocks.5.attn.c_proj.weight.buf,1048576,1049401,RAW,0.02106637498945929
66,blocks.5.attn.ve_gate.weight.buf,512,1022,RAW,1.9333005184307694e-05
66,blocks.5.mlp.c_fc.weight.buf,4194304,4196389,RAW,0.10204933298518881
66,blocks.5.mlp.c_proj.weight.buf,4194304,4195129,RAW,0.1246435419889167
66,blocks.6.attn.c_q.weight.buf,1048576,1049401,RAW,0.01994566697976552
66,blocks.6.attn.c_k.weight.buf,1048576,1049401,RAW,0.02006549999350682
66,blocks.6.attn.c_v.weight.buf,1048576,1049401,RAW,0.02126908299396746
66,blocks.6.attn.c_proj.weight.buf,1048576,1049401,RAW,0.01984508300665766
66,blocks.6.mlp.c_fc.weight.buf,4194304,4196389,RAW,0.09703262499533594
66,blocks.6.mlp.c_proj.weight.buf,4194304,4195129,RAW,0.10384358401643112
66,blocks.7.attn.c_q.weight.buf,1048576,1049401,RAW,0.021490040991920978
66,blocks.7.attn.c_k.weight.buf,1048576,1049401,RAW,0.019995292008388788
66,blocks.7.attn.c_v.weight.buf,1048576,1049401,RAW,0.02029258297989145
66,blocks.7.attn.c_proj.weight.buf,1048576,1049401,RAW,0.03732512501301244
66,blocks.7.attn.ve_gate.weight.buf,512,1022,RAW,1.3540993677452207e-05
66,blocks.7.mlp.c_fc.weight.buf,4194304,4196389,RAW,0.09986741698230617
66,blocks.7.mlp.c_proj.weight.buf,4194304,4195129,RAW,0.10528929199790582
66,lm_head.weight.m,67108864,67136149,RAW,1.5670790410076734
66,lm_head.weight.v,67108864,67136149,RAW,1.5869737500033807
66,resid_lambdas.m,32,32,RAW_VECTOR,5.207984941080213e-06
66,resid_lambdas.v,32,32,RAW_VECTOR,5.830079317092896e-07
66,x0_lambdas.m,32,32,RAW_VECTOR,1.2909877113997936e-06
66,x0_lambdas.v,32,32,RAW_VECTOR,4.580069798976183e-07
66,value_embeds.1.weight.m,67108864,67094161,GRAMMAR,1.279358208004851
66,value_embeds.1.weight.v,67108864,67094121,GRAMMAR,1.3037489170092158
66,value_embeds.3.weight.m,67108864,67094165,GRAMMAR,1.2829683749878313
66,value_embeds.3.weight.v,67108864,67094129,GRAMMAR,1.2595803329895716
66,value_embeds.5.weight.m,67108864,67094133,GRAMMAR,1.318195083993487
66,value_embeds.5.weight.v,67108864,67094061,GRAMMAR,1.2369484170048963
66,value_embeds.7.weight.m,67108864,67094161,GRAMMAR,1.3437150410027243
66,value_embeds.7.weight.v,67108864,67094129,GRAMMAR,1.2578561249829363
67,wte.weight.m,67108864,67118789,GRAMMAR,1.3443756249907892
67,wte.weight.v,67108864,67118789,GRAMMAR,1.274334000016097
67,blocks.0.attn.c_q.weight.buf,1048576,1049401,RAW,0.03591825001058169
67,blocks.0.attn.c_k.weight.buf,1048576,1049401,RAW,0.019368833018234
67,blocks.0.attn.c_v.weight.buf,1048576,1049401,RAW,0.019313541997689754
67,blocks.0.attn.c_proj.weight.buf,1048576,1049401,RAW,0.0358580420142971
67,blocks.0.mlp.c_fc.weight.buf,4194304,4196389,RAW,0.09348829201189801
67,blocks.0.mlp.c_proj.weight.buf,4194304,4195129,RAW,0.0995696249883622
67,blocks.1.attn.c_q.weight.buf,1048576,1049401,RAW,0.019588166003813967
67,blocks.1.attn.c_k.weight.buf,1048576,1049401,RAW,0.04112608399009332
67,blocks.1.attn.c_v.weight.buf,1048576,1049401,RAW,0.04236274998402223
67,blocks.1.attn.c_proj.weight.buf,1048576,1049401,RAW,0.021079958009067923
67,blocks.1.attn.ve_gate.weight.buf,512,1022,RAW,2.0957988454028964e-05
67,blocks.1.mlp.c_fc.weight.buf,4194304,4196389,RAW,0.10376974998507649
67,blocks.1.mlp.c_proj.weight.buf,4194304,4195129,RAW,0.12733062499319203
67,blocks.2.attn.c_q.weight.buf,1048576,1049401,RAW,0.02146624997840263
67,blocks.2.attn.c_k.weight.buf,1048576,1049401,RAW,0.04256187498685904
67,blocks.2.attn.c_v.weight.buf,1048576,1049401,RAW,0.021716207993449643
67,blocks.2.attn.c_proj.weight.buf,1048576,1049401,RAW,0.02029108299757354
67,blocks.2.mlp.c_fc.weight.buf,4194304,4196389,RAW,0.0982270420063287
67,blocks.2.mlp.c_proj.weight.buf,4194304,4195129,RAW,0.12652545899618417
67,blocks.3.attn.c_q.weight.buf,1048576,1049401,RAW,0.020250292000127956
67,blocks.3.attn.c_k.weight.buf,1048576,1049401,RAW,0.02001270800246857
67,blocks.3.attn.c_v.weight.buf,1048576,1049401,RAW,0.03747954100253992
67,blocks.3.attn.c_proj.weight.buf,1048576,1049401,RAW,0.020369249978102744
67,blocks.3.attn.ve_gate.weight.buf,512,1022,RAW,1.4707999071106315e-05
67,blocks.3.mlp.c_fc.weight.buf,4194304,4196389,RAW,0.0979746250086464
67,blocks.3.mlp.c_proj.weight.buf,4194304,4195129,RAW,0.10549824999179691
67,blocks.4.attn.c_q.weight.buf,1048576,1049401,RAW,0.03718966699671
67,blocks.4.attn.c_k.weight.buf,1048576,1049401,RAW,0.020733999990625307
67,blocks.4.attn.c_v.weight.buf,1048576,1049401,RAW,0.01977933300076984
67,blocks.4.attn.c_proj.weight.buf,1048576,1049401,RAW,0.036288584000431
67,blocks.4.mlp.c_fc.weight.buf,4194304,4196389,RAW,0.09832141699735075
67,blocks.4.mlp.c_proj.weight.buf,4194304,4195129,RAW,0.10614012498990633
67,blocks.5.attn.c_q.weight.buf,1048576,1049401,RAW,0.019731375010451302
67,blocks.5.attn.c_k.weight.buf,1048576,1049401,RAW,0.03701441700104624
67,blocks.5.attn.c_v.weight.buf,1048576,1049401,RAW,0.020106582989683375
67,blocks.5.attn.c_proj.weight.buf,1048576,1049401,RAW,0.02014020801289007
67,blocks.5.attn.ve_gate.weight.buf,512,1022,RAW,1.3291981304064393e-05
67,blocks.5.mlp.c_fc.weight.buf,4194304,4196389,RAW,0.11512208401109092
67,blocks.5.mlp.c_proj.weight.buf,4194304,4195129,RAW,0.10400633301469497
67,blocks.6.attn.c_q.weight.buf,1048576,1049401,RAW,0.02024829198489897
67,blocks.6.attn.c_k.weight.buf,1048576,1049401,RAW,0.037444334011524916
67,blocks.6.attn.c_v.weight.buf,1048576,1049401,RAW,0.01985587499802932
67,blocks.6.attn.c_proj.weight.buf,1048576,1049401,RAW,0.02005737498984672
67,blocks.6.mlp.c_fc.weight.buf,4194304,4196389,RAW,0.11521749998792075
67,blocks.6.mlp.c_proj.weight.buf,4194304,4195129,RAW,0.11052704197936691
67,blocks.7.attn.c_q.weight.buf,1048576,1049401,RAW,0.019642708997707814
67,blocks.7.attn.c_k.weight.buf,1048576,1049401,RAW,0.03679404201102443
67,blocks.7.attn.c_v.weight.buf,1048576,1049401,RAW,0.03570487498654984
67,blocks.7.attn.c_proj.weight.buf,1048576,1049401,RAW,0.01962024997919798
67,blocks.7.attn.ve_gate.weight.buf,512,1022,RAW,2.9874994652345777e-05
67,blocks.7.mlp.c_fc.weight.buf,4194304,4196389,RAW,0.09647341602249071
67,blocks.7.mlp.c_proj.weight.buf,4194304,4195129,RAW,0.10149116700631566
67,lm_head.weight.m,67108864,67136149,RAW,1.5848613329872023
67,lm_head.weight.v,67108864,67136149,RAW,1.5583316670090426
67,resid_lambdas.m,32,32,RAW_VECTOR,6.665999535471201e-06
67,resid_lambdas.v,32,32,RAW_VECTOR,6.250047590583563e-07
67,x0_lambdas.m,32,32,RAW_VECTOR,1.0829826351255178e-06
67,x0_lambdas.v,32,32,RAW_VECTOR,4.5899651013314724e-07
67,value_embeds.1.weight.m,67108864,67111513,GRAMMAR,1.3140062909806147
67,value_embeds.1.weight.v,67108864,67111485,GRAMMAR,1.2743711250077467
67,value_embeds.3.weight.m,67108864,67111513,GRAMMAR,1.2789441669883672
67,value_embeds.3.weight.v,67108864,67111485,GRAMMAR,1.2955701669852715
67,value_embeds.5.weight.m,67108864,67111497,GRAMMAR,1.2947357080120128
67,value_embeds.5.weight.v,67108864,67111457,GRAMMAR,1.2942871249979362
67,value_embeds.7.weight.m,67108864,67111513,GRAMMAR,1.3052957079780754
67,value_embeds.7.weight.v,67108864,67111485,GRAMMAR,1.3159180829825345
68,wte.weight.m,67108864,67122437,GRAMMAR,1.3273567910073325
68,wte.weight.v,67108864,67122441,GRAMMAR,1.3026478340034373
68,blocks.0.attn.c_q.weight.buf,1048576,1049401,RAW,0.020800541009521112
68,blocks.0.attn.c_k.weight.buf,1048576,1049401,RAW,0.019858207990182564
68,blocks.0.attn.c_v.weight.buf,1048576,1049401,RAW,0.038489332975586876
68,blocks.0.attn.c_proj.weight.buf,1048576,1049401,RAW,0.020190166978864
68,blocks.0.mlp.c_fc.weight.buf,4194304,4196389,RAW,0.0973549590271432
68,blocks.0.mlp.c_proj.weight.buf,4194304,4195129,RAW,0.10468433299683966
68,blocks.1.attn.c_q.weight.buf,1048576,1049401,RAW,0.03791258399724029
68,blocks.1.attn.c_k.weight.buf,1048576,1049401,RAW,0.019754250010009855
68,blocks.1.attn.c_v.weight.buf,1048576,1049401,RAW,0.01985554097336717
68,blocks.1.attn.c_proj.weight.buf,1048576,1049401,RAW,0.03717916598543525
68,blocks.1.attn.ve_gate.weight.buf,512,1022,RAW,1.4332996215671301e-05
68,blocks.1.mlp.c_fc.weight.buf,4194304,4196389,RAW,0.09723729200777598
68,blocks.1.mlp.c_proj.weight.buf,4194304,4195129,RAW,0.1073285830207169
68,blocks.2.attn.c_q.weight.buf,1048576,1049401,RAW,0.037184667016845196
68,blocks.2.attn.c_k.weight.buf,1048576,1049401,RAW,0.020454499986954033
68,blocks.2.attn.c_v.weight.buf,1048576,1049401,RAW,0.019923666986869648
68,blocks.2.attn.c_proj.weight.buf,1048576,1049401,RAW,0.019913165975594893
68,blocks.2.mlp.c_fc.weight.buf,4194304,4196389,RAW,0.09761029199580662
68,blocks.2.mlp.c_proj.weight.buf,4194304,4195129,RAW,0.1219448340125382
68,blocks.3.attn.c_q.weight.buf,1048576,1049401,RAW,0.019996958028059453
68,blocks.3.attn.c_k.weight.buf,1048576,1049401,RAW,0.020029083010740578
68,blocks.3.attn.c_v.weight.buf,1048576,1049401,RAW,0.037909791979473084
68,blocks.3.attn.c_proj.weight.buf,1048576,1049401,RAW,0.020446459006052464
68,blocks.3.attn.ve_gate.weight.buf,512,1022,RAW,1.1582975275814533e-05
68,blocks.3.mlp.c_fc.weight.buf,4194304,4196389,RAW,0.09483524999814108
68,blocks.3.mlp.c_proj.weight.buf,4194304,4195129,RAW,0.10022029199171811
68,blocks.4.attn.c_q.weight.buf,1048576,1049401,RAW,0.03586649999488145
68,blocks.4.attn.c_k.weight.buf,1048576,1049401,RAW,0.01923024997813627
68,blocks.4.attn.c_v.weight.buf,1048576,1049401,RAW,0.019498416018905118
68,blocks.4.attn.c_proj.weight.buf,1048576,1049401,RAW,0.03524450000259094
68,blocks.4.mlp.c_fc.weight.buf,4194304,4196389,RAW,0.09597583301365376
68,blocks.4.mlp.c_proj.weight.buf,4194304,4195129,RAW,0.099760334007442
68,blocks.5.attn.c_q.weight.buf,1048576,1049401,RAW,0.019737124996026978
68,blocks.5.attn.c_k.weight.buf,1048576,1049401,RAW,0.019835749990306795
68,blocks.5.attn.c_v.weight.buf,1048576,1049401,RAW,0.03618683299282566
68,blocks.5.attn.c_proj.weight.buf,1048576,1049401,RAW,0.019407167012104765
68,blocks.5.attn.ve_gate.weight.buf,512,1022,RAW,2.3708009393885732e-05
68,blocks.5.mlp.c_fc.weight.buf,4194304,4196389,RAW,0.09819312501349486
68,blocks.5.mlp.c_proj.weight.buf,4194304,4195129,RAW,0.12848679200396873
68,blocks.6.attn.c_q.weight.buf,1048576,1049401,RAW,0.019510207988787442
68,blocks.6.attn.c_k.weight.buf,1048576,1049401,RAW,0.019690875022206455
68,blocks.6.attn.c_v.weight.buf,1048576,1049401,RAW,0.03608254197752103
68,blocks.6.attn.c_proj.weight.buf,1048576,1049401,RAW,0.019774749991483986
68,blocks.6.mlp.c_fc.weight.buf,4194304,4196389,RAW,0.10507504199631512
68,blocks.6.mlp.c_proj.weight.buf,4194304,4195129,RAW,0.12075495801400393
68,blocks.7.attn.c_q.weight.buf,1048576,1049401,RAW,0.02211304198135622
68,blocks.7.attn.c_k.weight.buf,1048576,1049401,RAW,0.020662416995037347
68,blocks.7.attn.c_v.weight.buf,1048576,1049401,RAW,0.021164125006180257
68,blocks.7.attn.c_proj.weight.buf,1048576,1049401,RAW,0.04175733300508
68,blocks.7.attn.ve_gate.weight.buf,512,1022,RAW,2.5707995519042015e-05
68,blocks.7.mlp.c_fc.weight.buf,4194304,4196389,RAW,0.10421187500469387
68,blocks.7.mlp.c_proj.weight.buf,4194304,4195129,RAW,0.10752912500174716
68,lm_head.weight.m,67108864,67136149,RAW,1.5942341669870075
68,lm_head.weight.v,67108864,67136149,RAW,1.5486202090105508
68,resid_lambdas.m,32,32,RAW_VECTOR,6.667018169537187e-06
68,resid_lambdas.v,32,32,RAW_VECTOR,5.830079317092896e-07
68,x0_lambdas.m,32,32,RAW_VECTOR,9.589712135493755e-07
68,x0_lambdas.v,32,32,RAW_VECTOR,4.580069798976183e-07
68,value_embeds.1.weight.m,67108864,67118809,GRAMMAR,1.3145824170205742
68,value_embeds.1.weight.v,67108864,67118769,GRAMMAR,1.2488227499998175
68,value_embeds.3.weight.m,67108864,67118809,GRAMMAR,1.3285831669927575
68,value_embeds.3.weight.v,67108864,67118777,GRAMMAR,1.2462805830000434
68,value_embeds.5.weight.m,67108864,67118793,GRAMMAR,1.3622494579758495
68,value_embeds.5.weight.v,67108864,67118753,GRAMMAR,1.281384791014716
68,value_embeds.7.weight.m,67108864,67118809,GRAMMAR,1.3365336660062894
68,value_embeds.7.weight.v,67108864,67118773,GRAMMAR,1.2955232500098646
69,wte.weight.m,67108864,67136149,RAW,1.3590532910020556
69,wte.weight.v,67108864,67136149,RAW,1.2754792500054464
69,blocks.0.attn.c_q.weight.buf,1048576,1049401,RAW,0.03592445800313726
69,blocks.0.attn.c_k.weight.buf,1048576,1049401,RAW,0.019564707996323705
69,blocks.0.attn.c_v.weight.buf,1048576,1049401,RAW,0.01945570798125118
69,blocks.0.attn.c_proj.weight.buf,1048576,1049401,RAW,0.05022970898426138
69,blocks.0.mlp.c_fc.weight.buf,4194304,4196389,RAW,0.09515954100061208
69,blocks.0.mlp.c_proj.weight.buf,4194304,4195129,RAW,0.10020508299930952
69,blocks.1.attn.c_q.weight.buf,1048576,1049401,RAW,0.03616366599453613
69,blocks.1.attn.c_k.weight.buf,1048576,1049401,RAW,0.019766125013120472
69,blocks.1.attn.c_v.weight.buf,1048576,1049401,RAW,0.02080508301150985
69,blocks.1.attn.c_proj.weight.buf,1048576,1049401,RAW,0.037020625022705644
69,blocks.1.attn.ve_gate.weight.buf,512,1022,RAW,1.2750009773299098e-05
69,blocks.1.mlp.c_fc.weight.buf,4194304,4196389,RAW,0.09569266601465642
69,blocks.1.mlp.c_proj.weight.buf,4194304,4195129,RAW,0.09915891700075008
69,blocks.2.attn.c_q.weight.buf,1048576,1049401,RAW,0.0194985409907531
69,blocks.2.attn.c_k.weight.buf,1048576,1049401,RAW,0.036608624999644235
69,blocks.2.attn.c_v.weight.buf,1048576,1049401,RAW,0.019993666996015236
69,blocks.2.attn.c_proj.weight.buf,1048576,1049401,RAW,0.019582417007768527
69,blocks.2.mlp.c_fc.weight.buf,4194304,4196389,RAW,0.09525554199353792
69,blocks.2.mlp.c_proj.weight.buf,4194304,4195129,RAW,0.14433137499145232
69,blocks.3.attn.c_q.weight.buf,1048576,1049401,RAW,0.020960916997864842
69,blocks.3.attn.c_k.weight.buf,1048576,1049401,RAW,0.02117620801436715
69,blocks.3.attn.c_v.weight.buf,1048576,1049401,RAW,0.0413692090078257
69,blocks.3.attn.c_proj.weight.buf,1048576,1049401,RAW,0.04126191700925119
69,blocks.3.attn.ve_gate.weight.buf,512,1022,RAW,3.287498839199543e-05
69,blocks.3.mlp.c_fc.weight.buf,4194304,4196389,RAW,0.10510512499604374
69,blocks.3.mlp.c_proj.weight.buf,4194304,4195129,RAW,0.11419795799884014
69,blocks.4.attn.c_q.weight.buf,1048576,1049401,RAW,0.021629666007356718
69,blocks.4.attn.c_k.weight.buf,1048576,1049401,RAW,0.020168084010947496
69,blocks.4.attn.c_v.weight.buf,1048576,1049401,RAW,0.019796958018559963
69,blocks.4.attn.c_proj.weight.buf,1048576,1049401,RAW,0.03786316700279713
69,blocks.4.mlp.c_fc.weight.buf,4194304,4196389,RAW,0.09913724998477846
69,blocks.4.mlp.c_proj.weight.buf,4194304,4195129,RAW,0.1066466250049416
69,blocks.5.attn.c_q.weight.buf,1048576,1049401,RAW,0.02008983399719
69,blocks.5.attn.c_k.weight.buf,1048576,1049401,RAW,0.03761949998443015
69,blocks.5.attn.c_v.weight.buf,1048576,1049401,RAW,0.020007167011499405
69,blocks.5.attn.c_proj.weight.buf,1048576,1049401,RAW,0.01979316701181233
69,blocks.5.attn.ve_gate.weight.buf,512,1022,RAW,1.1957978131249547e-05
69,blocks.5.mlp.c_fc.weight.buf,4194304,4196389,RAW,0.09742616699077189
69,blocks.5.mlp.c_proj.weight.buf,4194304,4195129,RAW,0.1051860419975128
69,blocks.6.attn.c_q.weight.buf,1048576,1049401,RAW,0.02002566700684838
69,blocks.6.attn.c_k.weight.buf,1048576,1049401,RAW,0.020090167003218085
69,blocks.6.attn.c_v.weight.buf,1048576,1049401,RAW,0.05279904100461863
69,blocks.6.attn.c_proj.weight.buf,1048576,1049401,RAW,0.020375499996589497
69,blocks.6.mlp.c_fc.weight.buf,4194304,4196389,RAW,0.09837500000139698
69,blocks.6.mlp.c_proj.weight.buf,4194304,4195129,RAW,0.10762370799784549
69,blocks.7.attn.c_q.weight.buf,1048576,1049401,RAW,0.03723208300652914
69,blocks.7.attn.c_k.weight.buf,1048576,1049401,RAW,0.019889333023456857
69,blocks.7.attn.c_v.weight.buf,1048576,1049401,RAW,0.01983329202630557
69,blocks.7.attn.c_proj.weight.buf,1048576,1049401,RAW,0.037511083006393164
69,blocks.7.attn.ve_gate.weight.buf,512,1022,RAW,9.584007784724236e-06
69,blocks.7.mlp.c_fc.weight.buf,4194304,4196389,RAW,0.09834745901753195
69,blocks.7.mlp.c_proj.weight.buf,4194304,4195129,RAW,0.10477520799031481
69,lm_head.weight.m,67108864,67136149,RAW,1.5813424999942072
69,lm_head.weight.v,67108864,67136149,RAW,1.5787550839886535
69,resid_lambdas.m,32,32,RAW_VECTOR,6.750022293999791e-06
69,resid_lambdas.v,32,32,RAW_VECTOR,5.410111043602228e-07
69,x0_lambdas.m,32,32,RAW_VECTOR,1.2499804142862558e-06
69,x0_lambdas.v,32,32,RAW_VECTOR,4.5899651013314724e-07
69,value_embeds.1.weight.m,67108864,67136149,RAW,1.2828425419866107
69,value_embeds.1.weight.v,67108864,67136149,RAW,1.3445023749954998
69,value_embeds.3.weight.m,67108864,67136149,RAW,1.27838508298737
69,value_embeds.3.weight.v,67108864,67136149,RAW,1.2884741660091095
69,value_embeds.5.weight.m,67108864,67136149,RAW,1.3324902500025928
69,value_embeds.5.weight.v,67108864,67136149,RAW,1.3407459589943755
69,value_embeds.7.weight.m,67108864,67136149,RAW,1.3484645420103334
69,value_embeds.7.weight.v,67108864,67136149,RAW,1.276518541999394
70,wte.weight.m,67108864,67136149,RAW,1.346802458021557
70,wte.weight.v,67108864,67136149,RAW,1.288121958001284
70,blocks.0.attn.c_q.weight.buf,1048576,1049401,RAW,0.022596291993977502
70,blocks.0.attn.c_k.weight.buf,1048576,1049401,RAW,0.020896125002764165
70,blocks.0.attn.c_v.weight.buf,1048576,1049401,RAW,0.02097637500264682
70,blocks.0.attn.c_proj.weight.buf,1048576,1049401,RAW,0.0414857919968199
70,blocks.0.mlp.c_fc.weight.buf,4194304,4196389,RAW,0.12374712497694418
70,blocks.0.mlp.c_proj.weight.buf,4194304,4195129,RAW,0.10589312500087544
70,blocks.1.attn.c_q.weight.buf,1048576,1049401,RAW,0.019790999998804182
70,blocks.1.attn.c_k.weight.buf,1048576,1049401,RAW,0.02132062500459142
70,blocks.1.attn.c_v.weight.buf,1048576,1049401,RAW,0.019912415998987854
70,blocks.1.attn.c_proj.weight.buf,1048576,1049401,RAW,0.020142208988545462
70,blocks.1.attn.ve_gate.weight.buf,512,1022,RAW,1.2375006917864084e-05
70,blocks.1.mlp.c_fc.weight.buf,4194304,4196389,RAW,0.10037825000472367
70,blocks.1.mlp.c_proj.weight.buf,4194304,4195129,RAW,0.10535212498507462
70,blocks.2.attn.c_q.weight.buf,1048576,1049401,RAW,0.01978804200189188
70,blocks.2.attn.c_k.weight.buf,1048576,1049401,RAW,0.037177541002165526
70,blocks.2.attn.c_v.weight.buf,1048576,1049401,RAW,0.01992545899702236
70,blocks.2.attn.c_proj.weight.buf,1048576,1049401,RAW,0.02019837498664856
70,blocks.2.mlp.c_fc.weight.buf,4194304,4196389,RAW,0.09927095801685937
70,blocks.2.mlp.c_proj.weight.buf,4194304,4195129,RAW,0.10553633299423382
70,blocks.3.attn.c_q.weight.buf,1048576,1049401,RAW,0.019915457989554852
70,blocks.3.attn.c_k.weight.buf,1048576,1049401,RAW,0.019797124987235293
70,blocks.3.attn.c_v.weight.buf,1048576,1049401,RAW,0.021353999996790662
70,blocks.3.attn.c_proj.weight.buf,1048576,1049401,RAW,0.020192124997265637
70,blocks.3.attn.ve_gate.weight.buf,512,1022,RAW,1.5416997484862804e-05
70,blocks.3.mlp.c_fc.weight.buf,4194304,4196389,RAW,0.10038175000227056
70,blocks.3.mlp.c_proj.weight.buf,4194304,4195129,RAW,0.12346954201348126
70,blocks.4.attn.c_q.weight.buf,1048576,1049401,RAW,0.021417542011477053
70,blocks.4.attn.c_k.weight.buf,1048576,1049401,RAW,0.01974783299374394
70,blocks.4.attn.c_v.weight.buf,1048576,1049401,RAW,0.02018774999305606
70,blocks.4.attn.c_proj.weight.buf,1048576,1049401,RAW,0.03700808298890479
70,blocks.4.mlp.c_fc.weight.buf,4194304,4196389,RAW,0.09809866698924452
70,blocks.4.mlp.c_proj.weight.buf,4194304,4195129,RAW,0.10576200002105907
70,blocks.5.attn.c_q.weight.buf,1048576,1049401,RAW,0.01995220800745301
70,blocks.5.attn.c_k.weight.buf,1048576,1049401,RAW,0.03745808301027864
70,blocks.5.attn.c_v.weight.buf,1048576,1049401,RAW,0.02005812499555759
70,blocks.5.attn.c_proj.weight.buf,1048576,1049401,RAW,0.01979837499675341
70,blocks.5.attn.ve_gate.weight.buf,512,1022,RAW,3.987498348578811e-05
70,blocks.5.mlp.c_fc.weight.buf,4194304,4196389,RAW,0.09830545901786536
70,blocks.5.mlp.c_proj.weight.buf,4194304,4195129,RAW,0.0987651250034105
70,blocks.6.attn.c_q.weight.buf,1048576,1049401,RAW,0.020457917009480298
70,blocks.6.attn.c_k.weight.buf,1048576,1049401,RAW,0.019236207997892052
70,blocks.6.attn.c_v.weight.buf,1048576,1049401,RAW,0.01938325000810437
70,blocks.6.attn.c_proj.weight.buf,1048576,1049401,RAW,0.035963208007160574
70,blocks.6.mlp.c_fc.weight.buf,4194304,4196389,RAW,0.09607595801935531
70,blocks.6.mlp.c_proj.weight.buf,4194304,4195129,RAW,0.11412108299555257
70,blocks.7.attn.c_q.weight.buf,1048576,1049401,RAW,0.019496916007483378
70,blocks.7.attn.c_k.weight.buf,1048576,1049401,RAW,0.01913066700217314
70,blocks.7.attn.c_v.weight.buf,1048576,1049401,RAW,0.03632733298582025
70,blocks.7.attn.c_proj.weight.buf,1048576,1049401,RAW,0.019839582993881777
70,blocks.7.attn.ve_gate.weight.buf,512,1022,RAW,1.2333999620750546e-05
70,blocks.7.mlp.c_fc.weight.buf,4194304,4196389,RAW,0.09583404200384393
70,blocks.7.mlp.c_proj.weight.buf,4194304,4195129,RAW,0.10148458398180082
70,lm_head.weight.m,67108864,67136149,RAW,1.6195336660020985
70,lm_head.weight.v,67108864,67136149,RAW,1.529680624982575
70,resid_lambdas.m,32,32,RAW_VECTOR,8.208997314795852e-06
70,resid_lambdas.v,32,32,RAW_VECTOR,5.00003807246685e-07
70,x0_lambdas.m,32,32,RAW_VECTOR,1.333013642579317e-06
70,x0_lambdas.v,32,32,RAW_VECTOR,4.999747034162283e-07
70,value_embeds.1.weight.m,67108864,67136149,RAW,1.3641949170269072
70,value_embeds.1.weight.v,67108864,67136149,RAW,1.2787059999827761
70,value_embeds.3.weight.m,67108864,67136149,RAW,1.3528202919987962
70,value_embeds.3.weight.v,67108864,67136149,RAW,1.26815479202196
70,value_embeds.5.weight.m,67108864,67136149,RAW,1.3237464580161031
70,value_embeds.5.weight.v,67108864,67136149,RAW,1.3064414580003358
70,value_embeds.7.weight.m,67108864,67136149,RAW,1.3119415830005892
70,value_embeds.7.weight.v,67108864,67136149,RAW,1.3203076670179144
71,wte.weight.m,67108864,67136149,RAW,1.3269625829998404
71,wte.weight.v,67108864,67136149,RAW,1.3191330000117887
71,blocks.0.attn.c_q.weight.buf,1048576,1049401,RAW,0.020343707990832627
71,blocks.0.attn.c_k.weight.buf,1048576,1049401,RAW,0.03782995798974298
71,blocks.0.attn.c_v.weight.buf,1048576,1049401,RAW,0.02001708300667815
71,blocks.0.attn.c_proj.weight.buf,1048576,1049401,RAW,0.020096166990697384
71,blocks.0.mlp.c_fc.weight.buf,4194304,4196389,RAW,0.11132399999769405
71,blocks.0.mlp.c_proj.weight.buf,4194304,4195129,RAW,0.10648383299121633
71,blocks.1.attn.c_q.weight.buf,1048576,1049401,RAW,0.020048500009579584
71,blocks.1.attn.c_k.weight.buf,1048576,1049401,RAW,0.020238458004314452
71,blocks.1.attn.c_v.weight.buf,1048576,1049401,RAW,0.03813483301200904
71,blocks.1.attn.c_proj.weight.buf,1048576,1049401,RAW,0.01985479099676013
71,blocks.1.attn.ve_gate.weight.buf,512,1022,RAW,1.720900763757527e-05
71,blocks.1.mlp.c_fc.weight.buf,4194304,4196389,RAW,0.11386300000594929
71,blocks.1.mlp.c_proj.weight.buf,4194304,4195129,RAW,0.10238424999988638
71,blocks.2.attn.c_q.weight.buf,1048576,1049401,RAW,0.036701375007396564
71,blocks.2.attn.c_k.weight.buf,1048576,1049401,RAW,0.01963083300506696
71,blocks.2.attn.c_v.weight.buf,1048576,1049401,RAW,0.01933420801651664
71,blocks.2.attn.c_proj.weight.buf,1048576,1049401,RAW,0.03716858400730416
71,blocks.2.mlp.c_fc.weight.buf,4194304,4196389,RAW,0.09673270798521116
71,blocks.2.mlp.c_proj.weight.buf,4194304,4195129,RAW,0.09916808299021795
71,blocks.3.attn.c_q.weight.buf,1048576,1049401,RAW,0.02007841700105928
71,blocks.3.attn.c_k.weight.buf,1048576,1049401,RAW,0.03653500002110377
71,blocks.3.attn.c_v.weight.buf,1048576,1049401,RAW,0.019321208994369954
71,blocks.3.attn.c_proj.weight.buf,1048576,1049401,RAW,0.019745249999687076
71,blocks.3.attn.ve_gate.weight.buf,512,1022,RAW,3.2499985536560416e-05
71,blocks.3.mlp.c_fc.weight.buf,4194304,4196389,RAW,0.09591820900095627
71,blocks.3.mlp.c_proj.weight.buf,4194304,4195129,RAW,0.10137183399638161
71,blocks.4.attn.c_q.weight.buf,1048576,1049401,RAW,0.020416250015841797
71,blocks.4.attn.c_k.weight.buf,1048576,1049401,RAW,0.019472665997454897
71,blocks.4.attn.c_v.weight.buf,1048576,1049401,RAW,0.036062958010006696
71,blocks.4.attn.c_proj.weight.buf,1048576,1049401,RAW,0.01994045899482444
71,blocks.4.mlp.c_fc.weight.buf,4194304,4196389,RAW,0.11071666600764729
71,blocks.4.mlp.c_proj.weight.buf,4194304,4195129,RAW,0.1166290839901194
71,blocks.5.attn.c_q.weight.buf,1048576,1049401,RAW,0.04142783299903385
71,blocks.5.attn.c_k.weight.buf,1048576,1049401,RAW,0.021419458993477747
71,blocks.5.attn.c_v.weight.buf,1048576,1049401,RAW,0.020808332978049293
71,blocks.5.attn.c_proj.weight.buf,1048576,1049401,RAW,0.04185545799555257
71,blocks.5.attn.ve_gate.weight.buf,512,1022,RAW,2.9290997190400958e-05
71,blocks.5.mlp.c_fc.weight.buf,4194304,4196389,RAW,0.10457945900270715
71,blocks.5.mlp.c_proj.weight.buf,4194304,4195129,RAW,0.12166266702115536
71,blocks.6.attn.c_q.weight.buf,1048576,1049401,RAW,0.0203299589920789
71,blocks.6.attn.c_k.weight.buf,1048576,1049401,RAW,0.02169424999738112
71,blocks.6.attn.c_v.weight.buf,1048576,1049401,RAW,0.019869874988216907
71,blocks.6.attn.c_proj.weight.buf,1048576,1049401,RAW,0.01982941699679941
71,blocks.6.mlp.c_fc.weight.buf,4194304,4196389,RAW,0.09863479097839445
71,blocks.6.mlp.c_proj.weight.buf,4194304,4195129,RAW,0.10506383399479091
71,blocks.7.attn.c_q.weight.buf,1048576,1049401,RAW,0.02004391700029373
71,blocks.7.attn.c_k.weight.buf,1048576,1049401,RAW,0.0197922500083223
71,blocks.7.attn.c_v.weight.buf,1048576,1049401,RAW,0.03703058301471174
71,blocks.7.attn.c_proj.weight.buf,1048576,1049401,RAW,0.02086358400993049
71,blocks.7.attn.ve_gate.weight.buf,512,1022,RAW,2.0415987819433212e-05
71,blocks.7.mlp.c_fc.weight.buf,4194304,4196389,RAW,0.1143250830064062
71,blocks.7.mlp.c_proj.weight.buf,4194304,4195129,RAW,0.10401504099718295
71,lm_head.weight.m,67108864,67136149,RAW,1.5737551250203978
71,lm_head.weight.v,67108864,67136149,RAW,1.5879208330006804
71,resid_lambdas.m,32,32,RAW_VECTOR,8.584000170230865e-06
71,resid_lambdas.v,32,32,RAW_VECTOR,5.830079317092896e-07
71,x0_lambdas.m,32,32,RAW_VECTOR,1.3750104699283838e-06
71,x0_lambdas.v,32,32,RAW_VECTOR,4.159810487180948e-07
71,value_embeds.1.weight.m,67108864,67136149,RAW,1.310433542006649
71,value_embeds.1.weight.v,67108864,67136149,RAW,1.3160528330190573
71,value_embeds.3.weight.m,67108864,67136149,RAW,1.3250027500034776
71,value_embeds.3.weight.v,67108864,67136149,RAW,1.2956205419905018
71,value_embeds.5.weight.m,67108864,67136149,RAW,1.3675575419911183
71,value_embeds.5.weight.v,67108864,67136149,RAW,1.2702845410094596
71,value_embeds.7.weight.m,67108864,67136149,RAW,1.3800000410119537
71,value_embeds.7.weight.v,67108864,67136149,RAW,1.2663566670089494
72,wte.weight.m,67108864,67136149,RAW,1.4051058329932857
72,wte.weight.v,67108864,67136149,RAW,1.2763963750039693
72,blocks.0.attn.c_q.weight.buf,1048576,1049401,RAW,0.03542604198446497
72,blocks.0.attn.c_k.weight.buf,1048576,1049401,RAW,0.01974879199406132
72,blocks.0.attn.c_v.weight.buf,1048576,1049401,RAW,0.01962325000204146
72,blocks.0.attn.c_proj.weight.buf,1048576,1049401,RAW,0.03486795900971629
72,blocks.0.mlp.c_fc.weight.buf,4194304,4196389,RAW,0.09460583300096914
72,blocks.0.mlp.c_proj.weight.buf,4194304,4195129,RAW,0.10426391701912507
72,blocks.1.attn.c_q.weight.buf,1048576,1049401,RAW,0.021274791011819616
72,blocks.1.attn.c_k.weight.buf,1048576,1049401,RAW,0.04138537499238737
72,blocks.1.attn.c_v.weight.buf,1048576,1049401,RAW,0.02217208399088122
72,blocks.1.attn.c_proj.weight.buf,1048576,1049401,RAW,0.02151141598005779
72,blocks.1.attn.ve_gate.weight.buf,512,1022,RAW,4.8084009904414415e-05
72,blocks.1.mlp.c_fc.weight.buf,4194304,4196389,RAW,0.10421041699009947
72,blocks.1.mlp.c_proj.weight.buf,4194304,4195129,RAW,0.1465228750021197
72,blocks.2.attn.c_q.weight.buf,1048576,1049401,RAW,0.022266332991421223
72,blocks.2.attn.c_k.weight.buf,1048576,1049401,RAW,0.020913332991767675
72,blocks.2.attn.c_v.weight.buf,1048576,1049401,RAW,0.020869708008831367
72,blocks.2.attn.c_proj.weight.buf,1048576,1049401,RAW,0.01990254200063646
72,blocks.2.mlp.c_fc.weight.buf,4194304,4196389,RAW,0.09914987499359995
72,blocks.2.mlp.c_proj.weight.buf,4194304,4195129,RAW,0.12134637500275858
72,blocks.3.attn.c_q.weight.buf,1048576,1049401,RAW,0.020534457988105714
72,blocks.3.attn.c_k.weight.buf,1048576,1049401,RAW,0.019901833002222702
72,blocks.3.attn.c_v.weight.buf,1048576,1049401,RAW,0.019852583995088935
72,blocks.3.attn.c_proj.weight.buf,1048576,1049401,RAW,0.02141966699855402
72,blocks.3.attn.ve_gate.weight.buf,512,1022,RAW,1.8874998204410076e-05
72,blocks.3.mlp.c_fc.weight.buf,4194304,4196389,RAW,0.09939658301300369
72,blocks.3.mlp.c_proj.weight.buf,4194304,4195129,RAW,0.10403954202774912
72,blocks.4.attn.c_q.weight.buf,1048576,1049401,RAW,0.03728070799843408
72,blocks.4.attn.c_k.weight.buf,1048576,1049401,RAW,0.019939458987209946
72,blocks.4.attn.c_v.weight.buf,1048576,1049401,RAW,0.02018849999876693
72,blocks.4.attn.c_proj.weight.buf,1048576,1049401,RAW,0.01995854199049063
72,blocks.4.mlp.c_fc.weight.buf,4194304,4196389,RAW,0.09910820901859552
72,blocks.4.mlp.c_proj.weight.buf,4194304,4195129,RAW,0.1222588749951683
72,blocks.5.attn.c_q.weight.buf,1048576,1049401,RAW,0.020557209005346522
72,blocks.5.attn.c_k.weight.buf,1048576,1049401,RAW,0.037771041999803856
72,blocks.5.attn.c_v.weight.buf,1048576,1049401,RAW,0.020382874994538724
72,blocks.5.attn.c_proj.weight.buf,1048576,1049401,RAW,0.019921750004868954
72,blocks.5.attn.ve_gate.weight.buf,512,1022,RAW,1.620801049284637e-05
72,blocks.5.mlp.c_fc.weight.buf,4194304,4196389,RAW,0.09817500002100132
72,blocks.5.mlp.c_proj.weight.buf,4194304,4195129,RAW,0.10511383300763555
72,blocks.6.attn.c_q.weight.buf,1048576,1049401,RAW,0.021707542007789016
72,blocks.6.attn.c_k.weight.buf,1048576,1049401,RAW,0.020003666984848678
72,blocks.6.attn.c_v.weight.buf,1048576,1049401,RAW,0.020028665981953964
72,blocks.6.attn.c_proj.weight.buf,1048576,1049401,RAW,0.03750779200345278
72,blocks.6.mlp.c_fc.weight.buf,4194304,4196389,RAW,0.09795712499180809
72,blocks.6.mlp.c_proj.weight.buf,4194304,4195129,RAW,0.10364245902746916
72,blocks.7.attn.c_q.weight.buf,1048576,1049401,RAW,0.019636499986518174
72,blocks.7.attn.c_k.weight.buf,1048576,1049401,RAW,0.03618716698838398
72,blocks.7.attn.c_v.weight.buf,1048576,1049401,RAW,0.0194551250024233
72,blocks.7.attn.c_proj.weight.buf,1048576,1049401,RAW,0.01993833397864364
72,blocks.7.attn.ve_gate.weight.buf,512,1022,RAW,1.2374977814033628e-05
72,blocks.7.mlp.c_fc.weight.buf,4194304,4196389,RAW,0.09640516698709689
72,blocks.7.mlp.c_proj.weight.buf,4194304,4195129,RAW,0.0998840419924818
72,lm_head.weight.m,67108864,67136149,RAW,1.6113630420004483
72,lm_head.weight.v,67108864,67136149,RAW,1.5635882909991778
72,resid_lambdas.m,32,32,RAW_VECTOR,1.1124997399747372e-05
72,resid_lambdas.v,32,32,RAW_VECTOR,1.2500095181167126e-06
72,x0_lambdas.m,32,32,RAW_VECTOR,1.0420044418424368e-06
72,x0_lambdas.v,32,32,RAW_VECTOR,4.580069798976183e-07
72,value_embeds.1.weight.m,67108864,67136149,RAW,1.340922125003999
72,value_embeds.1.weight.v,67108864,67136149,RAW,1.285955291998107
72,value_embeds.3.weight.m,67108864,67136149,RAW,1.3219944160082377
72,value_embeds.3.weight.v,67108864,67136149,RAW,1.3132347500068136
72,value_embeds.5.weight.m,67108864,67136149,RAW,1.2738297499890905
72,value_embeds.5.weight.v,67108864,67136149,RAW,1.3229883750027511
72,value_embeds.7.weight.m,67108864,67136149,RAW,1.3310216249956284
72,value_embeds.7.weight.v,67108864,67136149,RAW,1.3189402080024593
73,wte.weight.m,67108864,67136149,RAW,1.3338399160129484
73,wte.weight.v,67108864,67136149,RAW,1.3463553749897983
73,blocks.0.attn.c_q.weight.buf,1048576,1049401,RAW,0.02130854199640453
73,blocks.0.attn.c_k.weight.buf,1048576,1049401,RAW,0.0198185830086004
73,blocks.0.attn.c_v.weight.buf,1048576,1049401,RAW,0.0373436659865547
73,blocks.0.attn.c_proj.weight.buf,1048576,1049401,RAW,0.020889082981739193
73,blocks.0.mlp.c_fc.weight.buf,4194304,4196389,RAW,0.09667112500756048
73,blocks.0.mlp.c_proj.weight.buf,4194304,4195129,RAW,0.10487695902702399
73,blocks.1.attn.c_q.weight.buf,1048576,1049401,RAW,0.036991833010688424
73,blocks.1.attn.c_k.weight.buf,1048576,1049401,RAW,0.020567333995131776
73,blocks.1.attn.c_v.weight.buf,1048576,1049401,RAW,0.019993624999187887
73,blocks.1.attn.c_proj.weight.buf,1048576,1049401,RAW,0.020134833001066
73,blocks.1.attn.ve_gate.weight.buf,512,1022,RAW,1.6875012079253793e-05
73,blocks.1.mlp.c_fc.weight.buf,4194304,4196389,RAW,0.11363929201615974
73,blocks.1.mlp.c_proj.weight.buf,4194304,4195129,RAW,0.10545854200609028
73,blocks.2.attn.c_q.weight.buf,1048576,1049401,RAW,0.019582832988817245
73,blocks.2.attn.c_k.weight.buf,1048576,1049401,RAW,0.03694641700712964
73,blocks.2.attn.c_v.weight.buf,1048576,1049401,RAW,0.02018433401826769
73,blocks.2.attn.c_proj.weight.buf,1048576,1049401,RAW,0.019832457997836173
73,blocks.2.mlp.c_fc.weight.buf,4194304,4196389,RAW,0.09973266601446085
73,blocks.2.mlp.c_proj.weight.buf,4194304,4195129,RAW,0.10098999997717328
73,blocks.3.attn.c_q.weight.buf,1048576,1049401,RAW,0.020196416007820517
73,blocks.3.attn.c_k.weight.buf,1048576,1049401,RAW,0.01922412501880899
73,blocks.3.attn.c_v.weight.buf,1048576,1049401,RAW,0.019252041005529463
73,blocks.3.attn.c_proj.weight.buf,1048576,1049401,RAW,0.02105129198753275
73,blocks.3.attn.ve_gate.weight.buf,512,1022,RAW,1.333298860117793e-05
73,blocks.3.mlp.c_fc.weight.buf,4194304,4196389,RAW,0.09859504198539071
73,blocks.3.mlp.c_proj.weight.buf,4194304,4195129,RAW,0.09921770900837146
73,blocks.4.attn.c_q.weight.buf,1048576,1049401,RAW,0.01996299999882467
73,blocks.4.attn.c_k.weight.buf,1048576,1049401,RAW,0.02101441699778661
73,blocks.4.attn.c_v.weight.buf,1048576,1049401,RAW,0.019245834002504125
73,blocks.4.attn.c_proj.weight.buf,1048576,1049401,RAW,0.01938033298938535
73,blocks.4.mlp.c_fc.weight.buf,4194304,4196389,RAW,0.10841099999379367
73,blocks.4.mlp.c_proj.weight.buf,4194304,4195129,RAW,0.10033612500410527
73,blocks.5.attn.c_q.weight.buf,1048576,1049401,RAW,0.019336291996296495
73,blocks.5.attn.c_k.weight.buf,1048576,1049401,RAW,0.019466083002043888
73,blocks.5.attn.c_v.weight.buf,1048576,1049401,RAW,0.035828207997838035
73,blocks.5.attn.c_proj.weight.buf,1048576,1049401,RAW,0.019568374991649762
73,blocks.5.attn.ve_gate.weight.buf,512,1022,RAW,3.316698712296784e-05
73,blocks.5.mlp.c_fc.weight.buf,4194304,4196389,RAW,0.09588133401121013
73,blocks.5.mlp.c_proj.weight.buf,4194304,4195129,RAW,0.11480916698928922
73,blocks.6.attn.c_q.weight.buf,1048576,1049401,RAW,0.04132349998690188
73,blocks.6.attn.c_k.weight.buf,1048576,1049401,RAW,0.02110462501877919
73,blocks.6.attn.c_v.weight.buf,1048576,1049401,RAW,0.021190083993133157
73,blocks.6.attn.c_proj.weight.buf,1048576,1049401,RAW,0.040613166987895966
73,blocks.6.mlp.c_fc.weight.buf,4194304,4196389,RAW,0.10294591600541025
73,blocks.6.mlp.c_proj.weight.buf,4194304,4195129,RAW,0.12317070798599161
73,blocks.7.attn.c_q.weight.buf,1048576,1049401,RAW,0.03741116699529812
73,blocks.7.attn.c_k.weight.buf,1048576,1049401,RAW,0.020843292004428804
73,blocks.7.attn.c_v.weight.buf,1048576,1049401,RAW,0.019985540973721072
73,blocks.7.attn.c_proj.weight.buf,1048576,1049401,RAW,0.019944457977544516
73,blocks.7.attn.ve_gate.weight.buf,512,1022,RAW,1.0916002793237567e-05
73,blocks.7.mlp.c_fc.weight.buf,4194304,4196389,RAW,0.11259237499325536
73,blocks.7.mlp.c_proj.weight.buf,4194304,4195129,RAW,0.10806608301936649
73,lm_head.weight.m,67108864,67136149,RAW,1.5837280419946183
73,lm_head.weight.v,67108864,67136149,RAW,1.5853627500182483
73,resid_lambdas.m,32,32,RAW_VECTOR,6.291986210271716e-06
73,resid_lambdas.v,32,32,RAW_VECTOR,6.250047590583563e-07
73,x0_lambdas.m,32,32,RAW_VECTOR,1.1250085663050413e-06
73,x0_lambdas.v,32,32,RAW_VECTOR,4.999747034162283e-07
73,value_embeds.1.weight.m,67108864,67136149,RAW,1.3430143749865238
73,value_embeds.1.weight.v,67108864,67136149,RAW,1.2853030830156058
73,value_embeds.3.weight.m,67108864,67136149,RAW,1.3753993330174126
73,value_embeds.3.weight.v,67108864,67136149,RAW,1.2685287079948466
73,value_embeds.5.weight.m,67108864,67136149,RAW,1.3766891669947654
73,value_embeds.5.weight.v,67108864,67136149,RAW,1.2946554579830263
73,value_embeds.7.weight.m,67108864,67136149,RAW,1.3712165420001838
73,value_embeds.7.weight.v,67108864,67136149,RAW,1.317168915993534
74,wte.weight.m,67108864,67136149,RAW,1.3779320000030566
74,wte.weight.v,67108864,67136149,RAW,1.318073916976573
74,blocks.0.attn.c_q.weight.buf,1048576,1049401,RAW,0.019533249986125156
74,blocks.0.attn.c_k.weight.buf,1048576,1049401,RAW,0.03640912499395199
74,blocks.0.attn.c_v.weight.buf,1048576,1049401,RAW,0.019568457995774224
74,blocks.0.attn.c_proj.weight.buf,1048576,1049401,RAW,0.019730959000298753
74,blocks.0.mlp.c_fc.weight.buf,4194304,4196389,RAW,0.09509008299210109
74,blocks.0.mlp.c_proj.weight.buf,4194304,4195129,RAW,0.09974687499925494
74,blocks.1.attn.c_q.weight.buf,1048576,1049401,RAW,0.03597724999417551
74,blocks.1.attn.c_k.weight.buf,1048576,1049401,RAW,0.020083041017642245
74,blocks.1.attn.c_v.weight.buf,1048576,1049401,RAW,0.01960300002247095
74,blocks.1.attn.c_proj.weight.buf,1048576,1049401,RAW,0.03592012499575503
74,blocks.1.attn.ve_gate.weight.buf,512,1022,RAW,1.6292004147544503e-05
74,blocks.1.mlp.c_fc.weight.buf,4194304,4196389,RAW,0.09553491699625738
74,blocks.1.mlp.c_proj.weight.buf,4194304,4195129,RAW,0.10885479100397788
74,blocks.2.attn.c_q.weight.buf,1048576,1049401,RAW,0.021348167007090524
74,blocks.2.attn.c_k.weight.buf,1048576,1049401,RAW,0.04129704198567197
74,blocks.2.attn.c_v.weight.buf,1048576,1049401,RAW,0.020864624995738268
74,blocks.2.attn.c_proj.weight.buf,1048576,1049401,RAW,0.021151749999262393
74,blocks.2.mlp.c_fc.weight.buf,4194304,4196389,RAW,0.1033680000109598
74,blocks.2.mlp.c_proj.weight.buf,4194304,4195129,RAW,0.12414662499213591
74,blocks.3.attn.c_q.weight.buf,1048576,1049401,RAW,0.02112816699082032
74,blocks.3.attn.c_k.weight.buf,1048576,1049401,RAW,0.02119374999892898
74,blocks.3.attn.c_v.weight.buf,1048576,1049401,RAW,0.03920933397603221
74,blocks.3.attn.c_proj.weight.buf,1048576,1049401,RAW,0.019849457981763408
74,blocks.3.attn.ve_gate.weight.buf,512,1022,RAW,1.6458012396469712e-05
74,blocks.3.mlp.c_fc.weight.buf,4194304,4196389,RAW,0.09860812500119209
74,blocks.3.mlp.c_proj.weight.buf,4194304,4195129,RAW,0.10442099999636412
74,blocks.4.attn.c_q.weight.buf,1048576,1049401,RAW,0.03730100000393577
74,blocks.4.attn.c_k.weight.buf,1048576,1049401,RAW,0.019859207997797057
74,blocks.4.attn.c_v.weight.buf,1048576,1049401,RAW,0.020219291996909305
74,blocks.4.attn.c_proj.weight.buf,1048576,1049401,RAW,0.03646987501997501
74,blocks.4.mlp.c_fc.weight.buf,4194304,4196389,RAW,0.11449599999468774
74,blocks.4.mlp.c_proj.weight.buf,4194304,4195129,RAW,0.10481829100172035
74,blocks.5.attn.c_q.weight.buf,1048576,1049401,RAW,0.01975670800311491
74,blocks.5.attn.c_k.weight.buf,1048576,1049401,RAW,0.019946499989600852
74,blocks.5.attn.c_v.weight.buf,1048576,1049401,RAW,0.020996041013859212
74,blocks.5.attn.c_proj.weight.buf,1048576,1049401,RAW,0.019770957995206118
74,blocks.5.attn.ve_gate.weight.buf,512,1022,RAW,1.8916995031759143e-05
74,blocks.5.mlp.c_fc.weight.buf,4194304,4196389,RAW,0.09964116700575687
74,blocks.5.mlp.c_proj.weight.buf,4194304,4195129,RAW,0.10702362499432638
74,blocks.6.attn.c_q.weight.buf,1048576,1049401,RAW,0.0372662500012666
74,blocks.6.attn.c_k.weight.buf,1048576,1049401,RAW,0.019690707995323464
74,blocks.6.attn.c_v.weight.buf,1048576,1049401,RAW,0.020054458000231534
74,blocks.6.attn.c_proj.weight.buf,1048576,1049401,RAW,0.036336292017949745
74,blocks.6.mlp.c_fc.weight.buf,4194304,4196389,RAW,0.09759975000633858
74,blocks.6.mlp.c_proj.weight.buf,4194304,4195129,RAW,0.10559241700684652
74,blocks.7.attn.c_q.weight.buf,1048576,1049401,RAW,0.019864208006765693
74,blocks.7.attn.c_k.weight.buf,1048576,1049401,RAW,0.01972300000488758
74,blocks.7.attn.c_v.weight.buf,1048576,1049401,RAW,0.021496875007869676
74,blocks.7.attn.c_proj.weight.buf,1048576,1049401,RAW,0.0208127920050174
74,blocks.7.attn.ve_gate.weight.buf,512,1022,RAW,1.2457981938496232e-05
74,blocks.7.mlp.c_fc.weight.buf,4194304,4196389,RAW,0.11298008399899118
74,blocks.7.mlp.c_proj.weight.buf,4194304,4195129,RAW,0.12245729201822542
74,lm_head.weight.m,67108864,67136149,RAW,1.5915623329929076
74,lm_head.weight.v,67108864,67136149,RAW,1.5826516250090208
74,resid_lambdas.m,32,32,RAW_VECTOR,1.129199517890811e-05
74,resid_lambdas.v,32,32,RAW_VECTOR,1.333013642579317e-06
74,x0_lambdas.m,32,32,RAW_VECTOR,1.00000761449337e-06
74,x0_lambdas.v,32,32,RAW_VECTOR,4.169996827840805e-07
74,value_embeds.1.weight.m,67108864,67136149,RAW,1.340810167021118
74,value_embeds.1.weight.v,67108864,67136149,RAW,1.3260947079979815
74,value_embeds.3.weight.m,67108864,67136149,RAW,1.3319484580133576
74,value_embeds.3.weight.v,67108864,67136149,RAW,1.3489832500054035
74,value_embeds.5.weight.m,67108864,67136149,RAW,1.3288307919865474
74,value_embeds.5.weight.v,67108864,67136149,RAW,1.3425700410152785
74,value_embeds.7.weight.m,67108864,67136149,RAW,1.3462659169745166
74,value_embeds.7.weight.v,67108864,67136149,RAW,1.326417083007982
75,wte.weight.m,67108864,67136149,RAW,1.377193874999648
75,wte.weight.v,67108864,67136149,RAW,1.3237939170212485
75,blocks.0.attn.c_q.weight.buf,1048576,1049401,RAW,0.020005458005471155
75,blocks.0.attn.c_k.weight.buf,1048576,1049401,RAW,0.03769358299905434
75,blocks.0.attn.c_v.weight.buf,1048576,1049401,RAW,0.01998558299965225
75,blocks.0.attn.c_proj.weight.buf,1048576,1049401,RAW,0.020020583004225045
75,blocks.0.mlp.c_fc.weight.buf,4194304,4196389,RAW,0.11342350000631995
75,blocks.0.mlp.c_proj.weight.buf,4194304,4195129,RAW,0.10622887499630451
75,blocks.1.attn.c_q.weight.buf,1048576,1049401,RAW,0.01990783301880583
75,blocks.1.attn.c_k.weight.buf,1048576,1049401,RAW,0.019993333000456914
75,blocks.1.attn.c_v.weight.buf,1048576,1049401,RAW,0.052011874999152496
75,blocks.1.attn.c_proj.weight.buf,1048576,1049401,RAW,0.019913374999305233
75,blocks.1.attn.ve_gate.weight.buf,512,1022,RAW,1.6667007002979517e-05
75,blocks.1.mlp.c_fc.weight.buf,4194304,4196389,RAW,0.09926341701066121
75,blocks.1.mlp.c_proj.weight.buf,4194304,4195129,RAW,0.11966774999746121
75,blocks.2.attn.c_q.weight.buf,1048576,1049401,RAW,0.021763750002719462
75,blocks.2.attn.c_k.weight.buf,1048576,1049401,RAW,0.020146499999100342
75,blocks.2.attn.c_v.weight.buf,1048576,1049401,RAW,0.02057125000283122
75,blocks.2.attn.c_proj.weight.buf,1048576,1049401,RAW,0.02171583301969804
75,blocks.2.mlp.c_fc.weight.buf,4194304,4196389,RAW,0.09816850000061095
75,blocks.2.mlp.c_proj.weight.buf,4194304,4195129,RAW,0.10435204199166037
75,blocks.3.attn.c_q.weight.buf,1048576,1049401,RAW,0.03729820900480263
75,blocks.3.attn.c_k.weight.buf,1048576,1049401,RAW,0.01987841699155979
75,blocks.3.attn.c_v.weight.buf,1048576,1049401,RAW,0.02022604100056924
75,blocks.3.attn.c_proj.weight.buf,1048576,1049401,RAW,0.03664366700104438
75,blocks.3.attn.ve_gate.weight.buf,512,1022,RAW,1.3375014532357454e-05
75,blocks.3.mlp.c_fc.weight.buf,4194304,4196389,RAW,0.0977192500140518
75,blocks.3.mlp.c_proj.weight.buf,4194304,4195129,RAW,0.1035365000134334
75,blocks.4.attn.c_q.weight.buf,1048576,1049401,RAW,0.01908062500297092
75,blocks.4.attn.c_k.weight.buf,1048576,1049401,RAW,0.036489583988441154
75,blocks.4.attn.c_v.weight.buf,1048576,1049401,RAW,0.020608417020412162
75,blocks.4.attn.c_proj.weight.buf,1048576,1049401,RAW,0.019838749984046444
75,blocks.4.mlp.c_fc.weight.buf,4194304,4196389,RAW,0.09567275000154041
75,blocks.4.mlp.c_proj.weight.buf,4194304,4195129,RAW,0.11515791699639522
75,blocks.5.attn.c_q.weight.buf,1048576,1049401,RAW,0.020537167001748458
75,blocks.5.attn.c_k.weight.buf,1048576,1049401,RAW,0.019530082994606346
75,blocks.5.attn.c_v.weight.buf,1048576,1049401,RAW,0.03554008301580325
75,blocks.5.attn.c_proj.weight.buf,1048576,1049401,RAW,0.02036041597602889
75,blocks.5.attn.ve_gate.weight.buf,512,1022,RAW,1.1958996765315533e-05
75,blocks.5.mlp.c_fc.weight.buf,4194304,4196389,RAW,0.09635287499986589
75,blocks.5.mlp.c_proj.weight.buf,4194304,4195129,RAW,0.09963358400273137
75,blocks.6.attn.c_q.weight.buf,1048576,1049401,RAW,0.0360386669926811
75,blocks.6.attn.c_k.weight.buf,1048576,1049401,RAW,0.019639750011265278
75,blocks.6.attn.c_v.weight.buf,1048576,1049401,RAW,0.019531458005076274
75,blocks.6.attn.c_proj.weight.buf,1048576,1049401,RAW,0.019518582994351164
75,blocks.6.mlp.c_fc.weight.buf,4194304,4196389,RAW,0.09589220900670625
75,blocks.6.mlp.c_proj.weight.buf,4194304,4195129,RAW,0.10673674999270588
75,blocks.7.attn.c_q.weight.buf,1048576,1049401,RAW,0.02144116599811241
75,blocks.7.attn.c_k.weight.buf,1048576,1049401,RAW,0.021189166989643127
75,blocks.7.attn.c_v.weight.buf,1048576,1049401,RAW,0.0598273329960648
75,blocks.7.attn.c_proj.weight.buf,1048576,1049401,RAW,0.021578457992291078
75,blocks.7.attn.ve_gate.weight.buf,512,1022,RAW,3.9583013858646154e-05
75,blocks.7.mlp.c_fc.weight.buf,4194304,4196389,RAW,0.10313149998546578
75,blocks.7.mlp.c_proj.weight.buf,4194304,4195129,RAW,0.14436670899158344
75,lm_head.weight.m,67108864,67136149,RAW,1.6004660420003347
75,lm_head.weight.v,67108864,67136149,RAW,1.5782318749988917
75,resid_lambdas.m,32,32,RAW_VECTOR,7.2499969974160194e-06
75,resid_lambdas.v,32,32,RAW_VECTOR,7.080088835209608e-07
75,x0_lambdas.m,32,32,RAW_VECTOR,8.749775588512421e-07
75,x0_lambdas.v,32,32,RAW_VECTOR,4.580069798976183e-07
75,value_embeds.1.weight.m,67108864,67136149,RAW,1.3889199580007698
75,value_embeds.1.weight.v,67108864,67136149,RAW,1.3081811659794766
75,value_embeds.3.weight.m,67108864,67136149,RAW,1.3843586659932043
75,value_embeds.3.weight.v,67108864,67136149,RAW,1.2689570829970762
75,value_embeds.5.weight.m,67108864,67136149,RAW,1.3723739580018446
75,value_embeds.5.weight.v,67108864,67136149,RAW,1.3201794160122517
75,value_embeds.7.weight.m,67108864,67136149,RAW,1.379931832983857
75,value_embeds.7.weight.v,67108864,67136149,RAW,1.3177622919902205
76,wte.weight.m,67108864,67136149,RAW,1.410514334012987
76,wte.weight.v,67108864,67136149,RAW,1.4078997499891557
76,blocks.0.attn.c_q.weight.buf,1048576,1049401,RAW,0.021144541999092326
76,blocks.0.attn.c_k.weight.buf,1048576,1049401,RAW,0.020240374986315146
76,blocks.0.attn.c_v.weight.buf,1048576,1049401,RAW,0.03706041700206697
76,blocks.0.attn.c_proj.weight.buf,1048576,1049401,RAW,0.020537500007776543
76,blocks.0.mlp.c_fc.weight.buf,4194304,4196389,RAW,0.09908783397986554
76,blocks.0.mlp.c_proj.weight.buf,4194304,4195129,RAW,0.10926654198556207
76,blocks.1.attn.c_q.weight.buf,1048576,1049401,RAW,0.03774629201507196
76,blocks.1.attn.c_k.weight.buf,1048576,1049401,RAW,0.02027850001468323
76,blocks.1.attn.c_v.weight.buf,1048576,1049401,RAW,0.019868542003678158
76,blocks.1.attn.c_proj.weight.buf,1048576,1049401,RAW,0.0368735829833895
76,blocks.1.attn.ve_gate.weight.buf,512,1022,RAW,1.6833015251904726e-05
76,blocks.1.mlp.c_fc.weight.buf,4194304,4196389,RAW,0.09733662501093931
76,blocks.1.mlp.c_proj.weight.buf,4194304,4195129,RAW,0.12108316601370461
76,blocks.2.attn.c_q.weight.buf,1048576,1049401,RAW,0.044224250013940036
76,blocks.2.attn.c_k.weight.buf,1048576,1049401,RAW,0.021275540988426656
76,blocks.2.attn.c_v.weight.buf,1048576,1049401,RAW,0.021208499994827434
76,blocks.2.attn.c_proj.weight.buf,1048576,1049401,RAW,0.02327887501451187
76,blocks.2.mlp.c_fc.weight.buf,4194304,4196389,RAW,0.10551899997517467
76,blocks.2.mlp.c_proj.weight.buf,4194304,4195129,RAW,0.15033991701784544
76,blocks.3.attn.c_q.weight.buf,1048576,1049401,RAW,0.020982334011932835
76,blocks.3.attn.c_k.weight.buf,1048576,1049401,RAW,0.02006845799041912
76,blocks.3.attn.c_v.weight.buf,1048576,1049401,RAW,0.03716104099294171
76,blocks.3.attn.c_proj.weight.buf,1048576,1049401,RAW,0.020266749983420596
76,blocks.3.attn.ve_gate.weight.buf,512,1022,RAW,1.2417003745213151e-05
76,blocks.3.mlp.c_fc.weight.buf,4194304,4196389,RAW,0.09905091699329205
76,blocks.3.mlp.c_proj.weight.buf,4194304,4195129,RAW,0.14057108300039545
76,blocks.4.attn.c_q.weight.buf,1048576,1049401,RAW,0.021021416992880404
76,blocks.4.attn.c_k.weight.buf,1048576,1049401,RAW,0.02029108299757354
76,blocks.4.attn.c_v.weight.buf,1048576,1049401,RAW,0.03691154098487459
76,blocks.4.attn.c_proj.weight.buf,1048576,1049401,RAW,0.02015091700013727
76,blocks.4.mlp.c_fc.weight.buf,4194304,4196389,RAW,0.09939662500983104
76,blocks.4.mlp.c_proj.weight.buf,4194304,4195129,RAW,0.12182749999919906
76,blocks.5.attn.c_q.weight.buf,1048576,1049401,RAW,0.02114637498743832
76,blocks.5.attn.c_k.weight.buf,1048576,1049401,RAW,0.02017887501278892
76,blocks.5.attn.c_v.weight.buf,1048576,1049401,RAW,0.03693658299744129
76,blocks.5.attn.c_proj.weight.buf,1048576,1049401,RAW,0.020676040992839262
76,blocks.5.attn.ve_gate.weight.buf,512,1022,RAW,1.3040989870205522e-05
76,blocks.5.mlp.c_fc.weight.buf,4194304,4196389,RAW,0.09901262499624863
76,blocks.5.mlp.c_proj.weight.buf,4194304,4195129,RAW,0.13755033299094066
76,blocks.6.attn.c_q.weight.buf,1048576,1049401,RAW,0.021450041997013614
76,blocks.6.attn.c_k.weight.buf,1048576,1049401,RAW,0.020125958020798862
76,blocks.6.attn.c_v.weight.buf,1048576,1049401,RAW,0.03749429201707244
76,blocks.6.attn.c_proj.weight.buf,1048576,1049401,RAW,0.020600957999704406
76,blocks.6.mlp.c_fc.weight.buf,4194304,4196389,RAW,0.09903149999445304
76,blocks.6.mlp.c_proj.weight.buf,4194304,4195129,RAW,0.13110025000059977
76,blocks.7.attn.c_q.weight.buf,1048576,1049401,RAW,0.021813917002873495
76,blocks.7.attn.c_k.weight.buf,1048576,1049401,RAW,0.019643875013571233
76,blocks.7.attn.c_v.weight.buf,1048576,1049401,RAW,0.019929458008846268
76,blocks.7.attn.c_proj.weight.buf,1048576,1049401,RAW,0.03812866599764675
76,blocks.7.attn.ve_gate.weight.buf,512,1022,RAW,2.6583991711959243e-05
76,blocks.7.mlp.c_fc.weight.buf,4194304,4196389,RAW,0.09657908300869167
76,blocks.7.mlp.c_proj.weight.buf,4194304,4195129,RAW,0.1014994999859482
76,lm_head.weight.m,67108864,67136149,RAW,1.6222042919835076
76,lm_head.weight.v,67108864,67136149,RAW,1.6335119169962127
76,resid_lambdas.m,32,32,RAW_VECTOR,7.33401975594461e-06
76,resid_lambdas.v,32,32,RAW_VECTOR,5.839974619448185e-07
76,x0_lambdas.m,32,32,RAW_VECTOR,9.170034900307655e-07
76,x0_lambdas.v,32,32,RAW_VECTOR,1.4580145943909883e-06
76,value_embeds.1.weight.m,67108864,67136149,RAW,1.4037792080198415
76,value_embeds.1.weight.v,67108864,67136149,RAW,1.3622393750119954
76,value_embeds.3.weight.m,67108864,67136149,RAW,1.356576958001824
76,value_embeds.3.weight.v,67108864,67136149,RAW,1.340012749977177
76,value_embeds.5.weight.m,67108864,67136149,RAW,1.3379903750028461
76,value_embeds.5.weight.v,67108864,67136149,RAW,1.4017453329870477
76,value_embeds.7.weight.m,67108864,67136149,RAW,1.4025543330062646
76,value_embeds.7.weight.v,67108864,67136149,RAW,1.3760699589911383
77,wte.weight.m,67108864,67136149,RAW,1.3677655830106232
77,wte.weight.v,67108864,67136149,RAW,1.371704832999967
77,blocks.0.attn.c_q.weight.buf,1048576,1049401,RAW,0.02061725000385195
77,blocks.0.attn.c_k.weight.buf,1048576,1049401,RAW,0.0370953340025153
77,blocks.0.attn.c_v.weight.buf,1048576,1049401,RAW,0.020437416998902336
77,blocks.0.attn.c_proj.weight.buf,1048576,1049401,RAW,0.020157374994596466
77,blocks.0.mlp.c_fc.weight.buf,4194304,4196389,RAW,0.11470937498961575
77,blocks.0.mlp.c_proj.weight.buf,4194304,4195129,RAW,0.10872595800901763
77,blocks.1.attn.c_q.weight.buf,1048576,1049401,RAW,0.020070250000571832
77,blocks.1.attn.c_k.weight.buf,1048576,1049401,RAW,0.020080082991626114
77,blocks.1.attn.c_v.weight.buf,1048576,1049401,RAW,0.037221709004370496
77,blocks.1.attn.c_proj.weight.buf,1048576,1049401,RAW,0.019934457988711074
77,blocks.1.attn.ve_gate.weight.buf,512,1022,RAW,2.3708009393885732e-05
77,blocks.1.mlp.c_fc.weight.buf,4194304,4196389,RAW,0.09887333301594481
77,blocks.1.mlp.c_proj.weight.buf,4194304,4195129,RAW,0.12460712500615045
77,blocks.2.attn.c_q.weight.buf,1048576,1049401,RAW,0.020589749998180196
77,blocks.2.attn.c_k.weight.buf,1048576,1049401,RAW,0.020278292009606957
77,blocks.2.attn.c_v.weight.buf,1048576,1049401,RAW,0.03700454201316461
77,blocks.2.attn.c_proj.weight.buf,1048576,1049401,RAW,0.01966099999845028
77,blocks.2.mlp.c_fc.weight.buf,4194304,4196389,RAW,0.09596254100324586
77,blocks.2.mlp.c_proj.weight.buf,4194304,4195129,RAW,0.10010591699392535
77,blocks.3.attn.c_q.weight.buf,1048576,1049401,RAW,0.021061666018795222
77,blocks.3.attn.c_k.weight.buf,1048576,1049401,RAW,0.01968595798825845
77,blocks.3.attn.c_v.weight.buf,1048576,1049401,RAW,0.019678625016240403
77,blocks.3.attn.c_proj.weight.buf,1048576,1049401,RAW,0.0381486669939477
77,blocks.3.attn.ve_gate.weight.buf,512,1022,RAW,4.158299998380244e-05
77,blocks.3.mlp.c_fc.weight.buf,4194304,4196389,RAW,0.11139800000819378
77,blocks.3.mlp.c_proj.weight.buf,4194304,4195129,RAW,0.10038654200616293
77,blocks.4.attn.c_q.weight.buf,1048576,1049401,RAW,0.03618229099083692
77,blocks.4.attn.c_k.weight.buf,1048576,1049401,RAW,0.01950774999568239
77,blocks.4.attn.c_v.weight.buf,1048576,1049401,RAW,0.019807582983048633
77,blocks.4.attn.c_proj.weight.buf,1048576,1049401,RAW,0.03574704198399559
77,blocks.4.mlp.c_fc.weight.buf,4194304,4196389,RAW,0.09601062498404644
77,blocks.4.mlp.c_proj.weight.buf,4194304,4195129,RAW,0.10212854100973345
77,blocks.5.attn.c_q.weight.buf,1048576,1049401,RAW,0.019733582972548902
77,blocks.5.attn.c_k.weight.buf,1048576,1049401,RAW,0.03789049998158589
77,blocks.5.attn.c_v.weight.buf,1048576,1049401,RAW,0.021612291020574048
77,blocks.5.attn.c_proj.weight.buf,1048576,1049401,RAW,0.022061957977712154
77,blocks.5.attn.ve_gate.weight.buf,512,1022,RAW,2.4917011614888906e-05
77,blocks.5.mlp.c_fc.weight.buf,4194304,4196389,RAW,0.10526662497431971
77,blocks.5.mlp.c_proj.weight.buf,4194304,4195129,RAW,0.12441600000602193
77,blocks.6.attn.c_q.weight.buf,1048576,1049401,RAW,0.040171833999920636
77,blocks.6.attn.c_k.weight.buf,1048576,1049401,RAW,0.022339582996210083
77,blocks.6.attn.c_v.weight.buf,1048576,1049401,RAW,0.021383541985414922
77,blocks.6.attn.c_proj.weight.buf,1048576,1049401,RAW,0.021070041984785348
77,blocks.6.mlp.c_fc.weight.buf,4194304,4196389,RAW,0.100391749991104
77,blocks.6.mlp.c_proj.weight.buf,4194304,4195129,RAW,0.10677287500584498
77,blocks.7.attn.c_q.weight.buf,1048576,1049401,RAW,0.020057791989529505
77,blocks.7.attn.c_k.weight.buf,1048576,1049401,RAW,0.03728629101533443
77,blocks.7.attn.c_v.weight.buf,1048576,1049401,RAW,0.020080250018509105
77,blocks.7.attn.c_proj.weight.buf,1048576,1049401,RAW,0.02015299999038689
77,blocks.7.attn.ve_gate.weight.buf,512,1022,RAW,1.287501072511077e-05
77,blocks.7.mlp.c_fc.weight.buf,4194304,4196389,RAW,0.0981983749952633
77,blocks.7.mlp.c_proj.weight.buf,4194304,4195129,RAW,0.1098552499897778
77,lm_head.weight.m,67108864,67136149,RAW,1.5965814999944996
77,lm_head.weight.v,67108864,67136149,RAW,1.623417166993022
77,resid_lambdas.m,32,32,RAW_VECTOR,8.750008419156075e-06
77,resid_lambdas.v,32,32,RAW_VECTOR,5.410111043602228e-07
77,x0_lambdas.m,32,32,RAW_VECTOR,1.334003172814846e-06
77,x0_lambdas.v,32,32,RAW_VECTOR,5.00003807246685e-07
77,value_embeds.1.weight.m,67108864,67136149,RAW,1.3600802079890855
77,value_embeds.1.weight.v,67108864,67136149,RAW,1.3660362090158742
77,value_embeds.3.weight.m,67108864,67136149,RAW,1.380503458000021
77,value_embeds.3.weight.v,67108864,67136149,RAW,1.3352364999882411
77,value_embeds.5.weight.m,67108864,67136149,RAW,1.3776054580230266
77,value_embeds.5.weight.v,67108864,67136149,RAW,1.3395613330067135
77,value_embeds.7.weight.m,67108864,67136149,RAW,1.4108040829887614
77,value_embeds.7.weight.v,67108864,67136149,RAW,1.3111327909864485
78,wte.weight.m,67108864,67136149,RAW,1.3949507920187898
78,wte.weight.v,67108864,67136149,RAW,1.3438544170057867
78,blocks.0.attn.c_q.weight.buf,1048576,1049401,RAW,0.020325666991993785
78,blocks.0.attn.c_k.weight.buf,1048576,1049401,RAW,0.019519749999744818
78,blocks.0.attn.c_v.weight.buf,1048576,1049401,RAW,0.04066204102127813
78,blocks.0.attn.c_proj.weight.buf,1048576,1049401,RAW,0.021131415996933356
78,blocks.0.mlp.c_fc.weight.buf,4194304,4196389,RAW,0.1226917079766281
78,blocks.0.mlp.c_proj.weight.buf,4194304,4195129,RAW,0.14649541702237912
78,blocks.1.attn.c_q.weight.buf,1048576,1049401,RAW,0.021585041016805917
78,blocks.1.attn.c_k.weight.buf,1048576,1049401,RAW,0.021262750000460073
78,blocks.1.attn.c_v.weight.buf,1048576,1049401,RAW,0.04142041702289134
78,blocks.1.attn.c_proj.weight.buf,1048576,1049401,RAW,0.021310624986654148
78,blocks.1.attn.ve_gate.weight.buf,512,1022,RAW,3.820800338871777e-05
78,blocks.1.mlp.c_fc.weight.buf,4194304,4196389,RAW,0.09872149999137037
78,blocks.1.mlp.c_proj.weight.buf,4194304,4195129,RAW,0.12324449999141507
78,blocks.2.attn.c_q.weight.buf,1048576,1049401,RAW,0.020666666998295113
78,blocks.2.attn.c_k.weight.buf,1048576,1049401,RAW,0.01981504200375639
78,blocks.2.attn.c_v.weight.buf,1048576,1049401,RAW,0.03694795799674466
78,blocks.2.attn.c_proj.weight.buf,1048576,1049401,RAW,0.020233957999153063
78,blocks.2.mlp.c_fc.weight.buf,4194304,4196389,RAW,0.09896787500474602
78,blocks.2.mlp.c_proj.weight.buf,4194304,4195129,RAW,0.10574345898930915
78,blocks.3.attn.c_q.weight.buf,1048576,1049401,RAW,0.021703042002627626
78,blocks.3.attn.c_k.weight.buf,1048576,1049401,RAW,0.020177124999463558
78,blocks.3.attn.c_v.weight.buf,1048576,1049401,RAW,0.019827957992674783
78,blocks.3.attn.c_proj.weight.buf,1048576,1049401,RAW,0.03770775001612492
78,blocks.3.attn.ve_gate.weight.buf,512,1022,RAW,1.4042016118764877e-05
78,blocks.3.mlp.c_fc.weight.buf,4194304,4196389,RAW,0.11381675000302494
78,blocks.3.mlp.c_proj.weight.buf,4194304,4195129,RAW,0.1066836669924669
78,blocks.4.attn.c_q.weight.buf,1048576,1049401,RAW,0.036665082996478304
78,blocks.4.attn.c_k.weight.buf,1048576,1049401,RAW,0.020126249990426004
78,blocks.4.attn.c_v.weight.buf,1048576,1049401,RAW,0.02052449999609962
78,blocks.4.attn.c_proj.weight.buf,1048576,1049401,RAW,0.03913699998520315
78,blocks.4.mlp.c_fc.weight.buf,4194304,4196389,RAW,0.09831766699790023
78,blocks.4.mlp.c_proj.weight.buf,4194304,4195129,RAW,0.10674879100406542
78,blocks.5.attn.c_q.weight.buf,1048576,1049401,RAW,0.020289499982027337
78,blocks.5.attn.c_k.weight.buf,1048576,1049401,RAW,0.021672125003533438
78,blocks.5.attn.c_v.weight.buf,1048576,1049401,RAW,0.019948708009906113
78,blocks.5.attn.c_proj.weight.buf,1048576,1049401,RAW,0.02063458299380727
78,blocks.5.attn.ve_gate.weight.buf,512,1022,RAW,1.5291996533051133e-05
78,blocks.5.mlp.c_fc.weight.buf,4194304,4196389,RAW,0.10101933300029486
78,blocks.5.mlp.c_proj.weight.buf,4194304,4195129,RAW,0.10915745800593868
78,blocks.6.attn.c_q.weight.buf,1048576,1049401,RAW,0.01983870900585316
78,blocks.6.attn.c_k.weight.buf,1048576,1049401,RAW,0.036680791003163904
78,blocks.6.attn.c_v.weight.buf,1048576,1049401,RAW,0.020014500012621284
78,blocks.6.attn.c_proj.weight.buf,1048576,1049401,RAW,0.020085000025574118
78,blocks.6.mlp.c_fc.weight.buf,4194304,4196389,RAW,0.11627258401131257
78,blocks.6.mlp.c_proj.weight.buf,4194304,4195129,RAW,0.11664066600496881
78,blocks.7.attn.c_q.weight.buf,1048576,1049401,RAW,0.01961758398101665
78,blocks.7.attn.c_k.weight.buf,1048576,1049401,RAW,0.035899083013646305
78,blocks.7.attn.c_v.weight.buf,1048576,1049401,RAW,0.020360833004815504
78,blocks.7.attn.c_proj.weight.buf,1048576,1049401,RAW,0.01954883401049301
78,blocks.7.attn.ve_gate.weight.buf,512,1022,RAW,2.7542002499103546e-05
78,blocks.7.mlp.c_fc.weight.buf,4194304,4196389,RAW,0.09556566699757241
78,blocks.7.mlp.c_proj.weight.buf,4194304,4195129,RAW,0.1175491250178311
78,lm_head.weight.m,67108864,67136149,RAW,1.6724029590259306
78,lm_head.weight.v,67108864,67136149,RAW,1.5947277499944903
78,resid_lambdas.m,32,32,RAW_VECTOR,8.66700429469347e-06
78,resid_lambdas.v,32,32,RAW_VECTOR,1.2920063454657793e-06
78,x0_lambdas.m,32,32,RAW_VECTOR,7.920025382190943e-07
78,x0_lambdas.v,32,32,RAW_VECTOR,4.5899651013314724e-07
78,value_embeds.1.weight.m,67108864,67136149,RAW,1.4144913330092095
78,value_embeds.1.weight.v,67108864,67136149,RAW,1.360418958007358
78,value_embeds.3.weight.m,67108864,67136149,RAW,1.3962631670001429
78,value_embeds.3.weight.v,67108864,67136149,RAW,1.3472220419789664
78,value_embeds.5.weight.m,67108864,67136149,RAW,1.4105338340159506
78,value_embeds.5.weight.v,67108864,67136149,RAW,1.3678594999946654
78,value_embeds.7.weight.m,67108864,67136149,RAW,1.4131234170054086
78,value_embeds.7.weight.v,67108864,67136149,RAW,1.3503788340021856
79,wte.weight.m,67108864,67136149,RAW,1.418558250006754
79,wte.weight.v,67108864,67136149,RAW,1.3437203749781474
79,blocks.0.attn.c_q.weight.buf,1048576,1049401,RAW,0.020872624998446554
79,blocks.0.attn.c_k.weight.buf,1048576,1049401,RAW,0.019970583001850173
79,blocks.0.attn.c_v.weight.buf,1048576,1049401,RAW,0.03594366699689999
79,blocks.0.attn.c_proj.weight.buf,1048576,1049401,RAW,0.019661500002257526
79,blocks.0.mlp.c_fc.weight.buf,4194304,4196389,RAW,0.11035754199838266
79,blocks.0.mlp.c_proj.weight.buf,4194304,4195129,RAW,0.1023322920082137
79,blocks.1.attn.c_q.weight.buf,1048576,1049401,RAW,0.036132499983068556
79,blocks.1.attn.c_k.weight.buf,1048576,1049401,RAW,0.019296166021376848
79,blocks.1.attn.c_v.weight.buf,1048576,1049401,RAW,0.01943000001483597
79,blocks.1.attn.c_proj.weight.buf,1048576,1049401,RAW,0.03619024998624809
79,blocks.1.attn.ve_gate.weight.buf,512,1022,RAW,2.2916996385902166e-05
79,blocks.1.mlp.c_fc.weight.buf,4194304,4196389,RAW,0.09615541700622998
79,blocks.1.mlp.c_proj.weight.buf,4194304,4195129,RAW,0.09915329102659598
79,blocks.2.attn.c_q.weight.buf,1048576,1049401,RAW,0.035646375006763265
79,blocks.2.attn.c_k.weight.buf,1048576,1049401,RAW,0.019963458995334804
79,blocks.2.attn.c_v.weight.buf,1048576,1049401,RAW,0.019843374990159646
79,blocks.2.attn.c_proj.weight.buf,1048576,1049401,RAW,0.01995104202069342
79,blocks.2.mlp.c_fc.weight.buf,4194304,4196389,RAW,0.09834137500729412
79,blocks.2.mlp.c_proj.weight.buf,4194304,4195129,RAW,0.09985758300172165
79,blocks.3.attn.c_q.weight.buf,1048576,1049401,RAW,0.01956812501884997
79,blocks.3.attn.c_k.weight.buf,1048576,1049401,RAW,0.04097666600137018
79,blocks.3.attn.c_v.weight.buf,1048576,1049401,RAW,0.02132904197787866
79,blocks.3.attn.c_proj.weight.buf,1048576,1049401,RAW,0.021600917010800913
79,blocks.3.attn.ve_gate.weight.buf,512,1022,RAW,2.5957997422665358e-05
79,blocks.3.mlp.c_fc.weight.buf,4194304,4196389,RAW,0.12510712500079535
79,blocks.3.mlp.c_proj.weight.buf,4194304,4195129,RAW,0.1455299169756472
79,blocks.4.attn.c_q.weight.buf,1048576,1049401,RAW,0.041477083024801686
79,blocks.4.attn.c_k.weight.buf,1048576,1049401,RAW,0.0214427080063615
79,blocks.4.attn.c_v.weight.buf,1048576,1049401,RAW,0.021256874984828755
79,blocks.4.attn.c_proj.weight.buf,1048576,1049401,RAW,0.03875308300484903
79,blocks.4.mlp.c_fc.weight.buf,4194304,4196389,RAW,0.09776379200047813
79,blocks.4.mlp.c_proj.weight.buf,4194304,4195129,RAW,0.11260954197496176
79,blocks.5.attn.c_q.weight.buf,1048576,1049401,RAW,0.039226624998264015
79,blocks.5.attn.c_k.weight.buf,1048576,1049401,RAW,0.020319457980804145
79,blocks.5.attn.c_v.weight.buf,1048576,1049401,RAW,0.019738542003324255
79,blocks.5.attn.c_proj.weight.buf,1048576,1049401,RAW,0.03801437502261251
79,blocks.5.attn.ve_gate.weight.buf,512,1022,RAW,2.6833004085347056e-05
79,blocks.5.mlp.c_fc.weight.buf,4194304,4196389,RAW,0.09915433300193399
79,blocks.5.mlp.c_proj.weight.buf,4194304,4195129,RAW,0.10663295799167827
79,blocks.6.attn.c_q.weight.buf,1048576,1049401,RAW,0.03773650000221096
79,blocks.6.attn.c_k.weight.buf,1048576,1049401,RAW,0.02095391700277105
79,blocks.6.attn.c_v.weight.buf,1048576,1049401,RAW,0.020459749997826293
79,blocks.6.attn.c_proj.weight.buf,1048576,1049401,RAW,0.037547541985986754
79,blocks.6.mlp.c_fc.weight.buf,4194304,4196389,RAW,0.117478416999802
79,blocks.6.mlp.c_proj.weight.buf,4194304,4195129,RAW,0.10617920898948796
79,blocks.7.attn.c_q.weight.buf,1048576,1049401,RAW,0.020186582987662405
79,blocks.7.attn.c_k.weight.buf,1048576,1049401,RAW,0.03947716701077297
79,blocks.7.attn.c_v.weight.buf,1048576,1049401,RAW,0.020045582990860566
79,blocks.7.attn.c_proj.weight.buf,1048576,1049401,RAW,0.03641512501053512
79,blocks.7.attn.ve_gate.weight.buf,512,1022,RAW,5.079101538285613e-05
79,blocks.7.mlp.c_fc.weight.buf,4194304,4196389,RAW,0.09963816698291339
79,blocks.7.mlp.c_proj.weight.buf,4194304,4195129,RAW,0.10654087498551235
79,lm_head.weight.m,67108864,67136149,RAW,1.608467500016559
79,lm_head.weight.v,67108864,67136149,RAW,1.6600574579788372
79,resid_lambdas.m,32,32,RAW_VECTOR,5.66698145121336e-06
79,resid_lambdas.v,32,32,RAW_VECTOR,4.999747034162283e-07
79,x0_lambdas.m,32,32,RAW_VECTOR,1.2499804142862558e-06
79,x0_lambdas.v,32,32,RAW_VECTOR,5.420006345957518e-07
79,value_embeds.1.weight.m,67108864,67136149,RAW,1.39564450000762
79,value_embeds.1.weight.v,67108864,67136149,RAW,1.3699664159794338
79,value_embeds.3.weight.m,67108864,67136149,RAW,1.3608439590025228
79,value_embeds.3.weight.v,67108864,67136149,RAW,1.3829352920001838
79,value_embeds.5.weight.m,67108864,67136149,RAW,1.3572683329985011
79,value_embeds.5.weight.v,67108864,67136149,RAW,1.3804923330026213
79,value_embeds.7.weight.m,67108864,67136149,RAW,1.3880999169778079
79,value_embeds.7.weight.v,67108864,67136149,RAW,1.3453479160089046
80,wte.weight.m,67108864,67136149,RAW,1.3772510419948958
80,wte.weight.v,67108864,67136149,RAW,1.3914513750059996
80,blocks.0.attn.c_q.weight.buf,1048576,1049401,RAW,0.019727082981262356
80,blocks.0.attn.c_k.weight.buf,1048576,1049401,RAW,0.0213585419987794
80,blocks.0.attn.c_v.weight.buf,1048576,1049401,RAW,0.01971074999892153
80,blocks.0.attn.c_proj.weight.buf,1048576,1049401,RAW,0.03610399999888614
80,blocks.0.mlp.c_fc.weight.buf,4194304,4196389,RAW,0.1138513750047423
80,blocks.0.mlp.c_proj.weight.buf,4194304,4195129,RAW,0.1061690839997027
80,blocks.1.attn.c_q.weight.buf,1048576,1049401,RAW,0.020086416974663734
80,blocks.1.attn.c_k.weight.buf,1048576,1049401,RAW,0.021517000015592203
80,blocks.1.attn.c_v.weight.buf,1048576,1049401,RAW,0.019832874997518957
80,blocks.1.attn.c_proj.weight.buf,1048576,1049401,RAW,0.02034170800470747
80,blocks.1.attn.ve_gate.weight.buf,512,1022,RAW,0.00010637499508447945
80,blocks.1.mlp.c_fc.weight.buf,4194304,4196389,RAW,0.1003740000014659
80,blocks.1.mlp.c_proj.weight.buf,4194304,4195129,RAW,0.10613270799512975
80,blocks.2.attn.c_q.weight.buf,1048576,1049401,RAW,0.02003912499640137
80,blocks.2.attn.c_k.weight.buf,1048576,1049401,RAW,0.038241000002017245
80,blocks.2.attn.c_v.weight.buf,1048576,1049401,RAW,0.019912707997718826
80,blocks.2.attn.c_proj.weight.buf,1048576,1049401,RAW,0.020707708987174556
80,blocks.2.mlp.c_fc.weight.buf,4194304,4196389,RAW,0.09923570899991319
80,blocks.2.mlp.c_proj.weight.buf,4194304,4195129,RAW,0.10682933399220929
80,blocks.3.attn.c_q.weight.buf,1048576,1049401,RAW,0.019689207983901724
80,blocks.3.attn.c_k.weight.buf,1048576,1049401,RAW,0.03599729100824334
80,blocks.3.attn.c_v.weight.buf,1048576,1049401,RAW,0.02094775001751259
80,blocks.3.attn.c_proj.weight.buf,1048576,1049401,RAW,0.02155833298456855
80,blocks.3.attn.ve_gate.weight.buf,512,1022,RAW,1.937500201165676e-05
80,blocks.3.mlp.c_fc.weight.buf,4194304,4196389,RAW,0.11002783299773
80,blocks.3.mlp.c_proj.weight.buf,4194304,4195129,RAW,0.10023762501077726
80,blocks.4.attn.c_q.weight.buf,1048576,1049401,RAW,0.019417750008869916
80,blocks.4.attn.c_k.weight.buf,1048576,1049401,RAW,0.03706025000428781
80,blocks.4.attn.c_v.weight.buf,1048576,1049401,RAW,0.0200429999968037
80,blocks.4.attn.c_proj.weight.buf,1048576,1049401,RAW,0.019455915986327454
80,blocks.4.mlp.c_fc.weight.buf,4194304,4196389,RAW,0.0973085839941632
80,blocks.4.mlp.c_proj.weight.buf,4194304,4195129,RAW,0.10201175001566298
80,blocks.5.attn.c_q.weight.buf,1048576,1049401,RAW,0.019961625017458573
80,blocks.5.attn.c_k.weight.buf,1048576,1049401,RAW,0.01940887499949895
80,blocks.5.attn.c_v.weight.buf,1048576,1049401,RAW,0.03657191601814702
80,blocks.5.attn.c_proj.weight.buf,1048576,1049401,RAW,0.019785957993008196
80,blocks.5.attn.ve_gate.weight.buf,512,1022,RAW,3.066600766032934e-05
80,blocks.5.mlp.c_fc.weight.buf,4194304,4196389,RAW,0.0956311670015566
80,blocks.5.mlp.c_proj.weight.buf,4194304,4195129,RAW,0.12833191599929705
80,blocks.6.attn.c_q.weight.buf,1048576,1049401,RAW,0.021117416996276006
80,blocks.6.attn.c_k.weight.buf,1048576,1049401,RAW,0.020868833002168685
80,blocks.6.attn.c_v.weight.buf,1048576,1049401,RAW,0.04091137502109632
80,blocks.6.attn.c_proj.weight.buf,1048576,1049401,RAW,0.021373208990553394
80,blocks.6.mlp.c_fc.weight.buf,4194304,4196389,RAW,0.12554308300605044
80,blocks.6.mlp.c_proj.weight.buf,4194304,4195129,RAW,0.1448427499854006
80,blocks.7.attn.c_q.weight.buf,1048576,1049401,RAW,0.021101083984831348
80,blocks.7.attn.c_k.weight.buf,1048576,1049401,RAW,0.01995774998795241
80,blocks.7.attn.c_v.weight.buf,1048576,1049401,RAW,0.03808724999544211
80,blocks.7.attn.c_proj.weight.buf,1048576,1049401,RAW,0.020210540998959914
80,blocks.7.attn.ve_gate.weight.buf,512,1022,RAW,1.2167001841589808e-05
80,blocks.7.mlp.c_fc.weight.buf,4194304,4196389,RAW,0.0992950829968322
80,blocks.7.mlp.c_proj.weight.buf,4194304,4195129,RAW,0.10608783399220556
80,lm_head.weight.m,67108864,67136149,RAW,1.6107408340030815
80,lm_head.weight.v,67108864,67136149,RAW,1.6086400839849375
80,resid_lambdas.m,32,32,RAW_VECTOR,6.33401214145124e-06
80,resid_lambdas.v,32,32,RAW_VECTOR,5.00003807246685e-07
80,x0_lambdas.m,32,32,RAW_VECTOR,1.3329845387488604e-06
80,x0_lambdas.v,32,32,RAW_VECTOR,4.5797787606716156e-07
80,value_embeds.1.weight.m,67108864,67136149,RAW,1.3660027500009164
80,value_embeds.1.weight.v,67108864,67136149,RAW,1.3551579170161858
80,value_embeds.3.weight.m,67108864,67136149,RAW,1.394761166011449
80,value_embeds.3.weight.v,67108864,67136149,RAW,1.345774999994319
80,value_embeds.5.weight.m,67108864,67136149,RAW,1.4090665419935249
80,value_embeds.5.weight.v,67108864,67136149,RAW,1.3893587079946883
80,value_embeds.7.weight.m,67108864,67136149,RAW,1.417979457997717
80,value_embeds.7.weight.v,67108864,67136149,RAW,1.3272270419984125
81,wte.weight.m,67108864,67136149,RAW,1.41544845799217
81,wte.weight.v,67108864,67136149,RAW,1.3558104170078877
81,blocks.0.attn.c_q.weight.buf,1048576,1049401,RAW,0.02258537500165403
81,blocks.0.attn.c_k.weight.buf,1048576,1049401,RAW,0.01944820798235014
81,blocks.0.attn.c_v.weight.buf,1048576,1049401,RAW,0.019602165994001552
81,blocks.0.attn.c_proj.weight.buf,1048576,1049401,RAW,0.03608066600281745
81,blocks.0.mlp.c_fc.weight.buf,4194304,4196389,RAW,0.10334491598769091
81,blocks.0.mlp.c_proj.weight.buf,4194304,4195129,RAW,0.15551508299540728
81,blocks.1.attn.c_q.weight.buf,1048576,1049401,RAW,0.02188833398395218
81,blocks.1.attn.c_k.weight.buf,1048576,1049401,RAW,0.02165799998329021
81,blocks.1.attn.c_v.weight.buf,1048576,1049401,RAW,0.042111707996809855
81,blocks.1.attn.c_proj.weight.buf,1048576,1049401,RAW,0.02257954201195389
81,blocks.1.attn.ve_gate.weight.buf,512,1022,RAW,2.291597775183618e-05
81,blocks.1.mlp.c_fc.weight.buf,4194304,4196389,RAW,0.10620825001387857
81,blocks.1.mlp.c_proj.weight.buf,4194304,4195129,RAW,0.12525200002710335
81,blocks.2.attn.c_q.weight.buf,1048576,1049401,RAW,0.019853124977089465
81,blocks.2.attn.c_k.weight.buf,1048576,1049401,RAW,0.01964449998922646
81,blocks.2.attn.c_v.weight.buf,1048576,1049401,RAW,0.037346166995121166
81,blocks.2.attn.c_proj.weight.buf,1048576,1049401,RAW,0.020030790998134762
81,blocks.2.mlp.c_fc.weight.buf,4194304,4196389,RAW,0.11328970899921842
81,blocks.2.mlp.c_proj.weight.buf,4194304,4195129,RAW,0.12370095800724812
81,blocks.3.attn.c_q.weight.buf,1048576,1049401,RAW,0.02037779102101922
81,blocks.3.attn.c_k.weight.buf,1048576,1049401,RAW,0.020014750014524907
81,blocks.3.attn.c_v.weight.buf,1048576,1049401,RAW,0.037447209004312754
81,blocks.3.attn.c_proj.weight.buf,1048576,1049401,RAW,0.020567958999890834
81,blocks.3.attn.ve_gate.weight.buf,512,1022,RAW,1.5666999388486147e-05
81,blocks.3.mlp.c_fc.weight.buf,4194304,4196389,RAW,0.1001501250138972
81,blocks.3.mlp.c_proj.weight.buf,4194304,4195129,RAW,0.10333908299799077
81,blocks.4.attn.c_q.weight.buf,1048576,1049401,RAW,0.03785904200049117
81,blocks.4.attn.c_k.weight.buf,1048576,1049401,RAW,0.02008654098608531
81,blocks.4.attn.c_v.weight.buf,1048576,1049401,RAW,0.02001516698510386
81,blocks.4.attn.c_proj.weight.buf,1048576,1049401,RAW,0.03737441700650379
81,blocks.4.mlp.c_fc.weight.buf,4194304,4196389,RAW,0.0995374170015566
81,blocks.4.mlp.c_proj.weight.buf,4194304,4195129,RAW,0.10561520900228061
81,blocks.5.attn.c_q.weight.buf,1048576,1049401,RAW,0.0374255409988109
81,blocks.5.attn.c_k.weight.buf,1048576,1049401,RAW,0.020183333021122962
81,blocks.5.attn.c_v.weight.buf,1048576,1049401,RAW,0.020295333000831306
81,blocks.5.attn.c_proj.weight.buf,1048576,1049401,RAW,0.03693795800791122
81,blocks.5.attn.ve_gate.weight.buf,512,1022,RAW,1.9166996935382485e-05
81,blocks.5.mlp.c_fc.weight.buf,4194304,4196389,RAW,0.11355983300018124
81,blocks.5.mlp.c_proj.weight.buf,4194304,4195129,RAW,0.10552995800389908
81,blocks.6.attn.c_q.weight.buf,1048576,1049401,RAW,0.02008604200091213
81,blocks.6.attn.c_k.weight.buf,1048576,1049401,RAW,0.037421584012918174
81,blocks.6.attn.c_v.weight.buf,1048576,1049401,RAW,0.02034554199781269
81,blocks.6.attn.c_proj.weight.buf,1048576,1049401,RAW,0.021150457992916927
81,blocks.6.mlp.c_fc.weight.buf,4194304,4196389,RAW,0.10299449999001808
81,blocks.6.mlp.c_proj.weight.buf,4194304,4195129,RAW,0.10097441700054333
81,blocks.7.attn.c_q.weight.buf,1048576,1049401,RAW,0.020267083018552512
81,blocks.7.attn.c_k.weight.buf,1048576,1049401,RAW,0.03605704102665186
81,blocks.7.attn.c_v.weight.buf,1048576,1049401,RAW,0.020261833997210488
81,blocks.7.attn.c_proj.weight.buf,1048576,1049401,RAW,0.01988062501186505
81,blocks.7.attn.ve_gate.weight.buf,512,1022,RAW,1.1750002158805728e-05
81,blocks.7.mlp.c_fc.weight.buf,4194304,4196389,RAW,0.09860970900626853
81,blocks.7.mlp.c_proj.weight.buf,4194304,4195129,RAW,0.11815220801508985
81,lm_head.weight.m,67108864,67136149,RAW,1.7033815409813542
81,lm_head.weight.v,67108864,67136149,RAW,1.5997280839947052
81,resid_lambdas.m,32,32,RAW_VECTOR,6.292015314102173e-06
81,resid_lambdas.v,32,32,RAW_VECTOR,5.839974619448185e-07
81,x0_lambdas.m,32,32,RAW_VECTOR,1.4159886632114649e-06
81,x0_lambdas.v,32,32,RAW_VECTOR,5.00003807246685e-07
81,value_embeds.1.weight.m,67108864,67136149,RAW,1.4467246670101304
81,value_embeds.1.weight.v,67108864,67136149,RAW,1.370715625002049
81,value_embeds.3.weight.m,67108864,67136149,RAW,1.4701374169962946
81,value_embeds.3.weight.v,67108864,67136149,RAW,1.4274549580004532
81,value_embeds.5.weight.m,67108864,67136149,RAW,1.4471818750025705
81,value_embeds.5.weight.v,67108864,67136149,RAW,1.3827150410215836
81,value_embeds.7.weight.m,67108864,67136149,RAW,1.4793032919988036
81,value_embeds.7.weight.v,67108864,67136149,RAW,1.421118041005684
82,wte.weight.m,67108864,67136149,RAW,1.4425736670091283
82,wte.weight.v,67108864,67136149,RAW,1.3733151250053197
82,blocks.0.attn.c_q.weight.buf,1048576,1049401,RAW,0.020210125017911196
82,blocks.0.attn.c_k.weight.buf,1048576,1049401,RAW,0.019616417004726827
82,blocks.0.attn.c_v.weight.buf,1048576,1049401,RAW,0.03689575000316836
82,blocks.0.attn.c_proj.weight.buf,1048576,1049401,RAW,0.0197785830241628
82,blocks.0.mlp.c_fc.weight.buf,4194304,4196389,RAW,0.0963144589914009
82,blocks.0.mlp.c_proj.weight.buf,4194304,4195129,RAW,0.11986816700664349
82,blocks.1.attn.c_q.weight.buf,1048576,1049401,RAW,0.020220542006427422
82,blocks.1.attn.c_k.weight.buf,1048576,1049401,RAW,0.019924791995435953
82,blocks.1.attn.c_v.weight.buf,1048576,1049401,RAW,0.036754417000338435
82,blocks.1.attn.c_proj.weight.buf,1048576,1049401,RAW,0.036932957998942584
82,blocks.1.attn.ve_gate.weight.buf,512,1022,RAW,1.5708006685599685e-05
82,blocks.1.mlp.c_fc.weight.buf,4194304,4196389,RAW,0.09737850000965409
82,blocks.1.mlp.c_proj.weight.buf,4194304,4195129,RAW,0.10203704101149924
82,blocks.2.attn.c_q.weight.buf,1048576,1049401,RAW,0.03697729198029265
82,blocks.2.attn.c_k.weight.buf,1048576,1049401,RAW,0.019657500000903383
82,blocks.2.attn.c_v.weight.buf,1048576,1049401,RAW,0.01962395801092498
82,blocks.2.attn.c_proj.weight.buf,1048576,1049401,RAW,0.03707987500820309
82,blocks.2.mlp.c_fc.weight.buf,4194304,4196389,RAW,0.10140591600793414
82,blocks.2.mlp.c_proj.weight.buf,4194304,4195129,RAW,0.15381591700133868
82,blocks.3.attn.c_q.weight.buf,1048576,1049401,RAW,0.0215273329813499
82,blocks.3.attn.c_k.weight.buf,1048576,1049401,RAW,0.02108120798948221
82,blocks.3.attn.c_v.weight.buf,1048576,1049401,RAW,0.042940915998769924
82,blocks.3.attn.c_proj.weight.buf,1048576,1049401,RAW,0.02205779100768268
82,blocks.3.attn.ve_gate.weight.buf,512,1022,RAW,2.9582995921373367e-05
82,blocks.3.mlp.c_fc.weight.buf,4194304,4196389,RAW,0.10515704200952314
82,blocks.3.mlp.c_proj.weight.buf,4194304,4195129,RAW,0.1335414169880096
82,blocks.4.attn.c_q.weight.buf,1048576,1049401,RAW,0.020168084010947496
82,blocks.4.attn.c_k.weight.buf,1048576,1049401,RAW,0.01978341699577868
82,blocks.4.attn.c_v.weight.buf,1048576,1049401,RAW,0.03815162499086
82,blocks.4.attn.c_proj.weight.buf,1048576,1049401,RAW,0.021457166003528982
82,blocks.4.mlp.c_fc.weight.buf,4194304,4196389,RAW,0.09895229098037817
82,blocks.4.mlp.c_proj.weight.buf,4194304,4195129,RAW,0.1266212080081459
82,blocks.5.attn.c_q.weight.buf,1048576,1049401,RAW,0.020802042010473087
82,blocks.5.attn.c_k.weight.buf,1048576,1049401,RAW,0.019905332999769598
82,blocks.5.attn.c_v.weight.buf,1048576,1049401,RAW,0.03816008399007842
82,blocks.5.attn.c_proj.weight.buf,1048576,1049401,RAW,0.02066766598727554
82,blocks.5.attn.ve_gate.weight.buf,512,1022,RAW,1.6332982340827584e-05
82,blocks.5.mlp.c_fc.weight.buf,4194304,4196389,RAW,0.09909429197432473
82,blocks.5.mlp.c_proj.weight.buf,4194304,4195129,RAW,0.10872525000013411
82,blocks.6.attn.c_q.weight.buf,1048576,1049401,RAW,0.02027670800453052
82,blocks.6.attn.c_k.weight.buf,1048576,1049401,RAW,0.019897707999916747
82,blocks.6.attn.c_v.weight.buf,1048576,1049401,RAW,0.03797499998472631
82,blocks.6.attn.c_proj.weight.buf,1048576,1049401,RAW,0.020189582981402054
82,blocks.6.mlp.c_fc.weight.buf,4194304,4196389,RAW,0.09955649997573346
82,blocks.6.mlp.c_proj.weight.buf,4194304,4195129,RAW,0.12398637499427423
82,blocks.7.attn.c_q.weight.buf,1048576,1049401,RAW,0.02084887499222532
82,blocks.7.attn.c_k.weight.buf,1048576,1049401,RAW,0.020178458013106138
82,blocks.7.attn.c_v.weight.buf,1048576,1049401,RAW,0.03751454199664295
82,blocks.7.attn.c_proj.weight.buf,1048576,1049401,RAW,0.03737137498683296
82,blocks.7.attn.ve_gate.weight.buf,512,1022,RAW,1.4666991773992777e-05
82,blocks.7.mlp.c_fc.weight.buf,4194304,4196389,RAW,0.10305075001087971
82,blocks.7.mlp.c_proj.weight.buf,4194304,4195129,RAW,0.12641920798341744
82,lm_head.weight.m,67108864,67136149,RAW,1.6211884999938775
82,lm_head.weight.v,67108864,67136149,RAW,1.62955908299773
82,resid_lambdas.m,32,32,RAW_VECTOR,7.4169947765767574e-06
82,resid_lambdas.v,32,32,RAW_VECTOR,7.089984137564898e-07
82,x0_lambdas.m,32,32,RAW_VECTOR,9.170034900307655e-07
82,x0_lambdas.v,32,32,RAW_VECTOR,4.580069798976183e-07
82,value_embeds.1.weight.m,67108864,67136149,RAW,1.3997966250171885
82,value_embeds.1.weight.v,67108864,67136149,RAW,1.3861985830008052
82,value_embeds.3.weight.m,67108864,67136149,RAW,1.4254897499922663
82,value_embeds.3.weight.v,67108864,67136149,RAW,1.3825996670057066
82,value_embeds.5.weight.m,67108864,67136149,RAW,1.3951311669952702
82,value_embeds.5.weight.v,67108864,67136149,RAW,1.4291433750186116
82,value_embeds.7.weight.m,67108864,67136149,RAW,1.3974602090020198
82,value_embeds.7.weight.v,67108864,67136149,RAW,1.408150499977637
83,wte.weight.m,67108864,67136149,RAW,1.3944809589884244
83,wte.weight.v,67108864,67136149,RAW,1.397236624994548
83,blocks.0.attn.c_q.weight.buf,1048576,1049401,RAW,0.02075779199367389
83,blocks.0.attn.c_k.weight.buf,1048576,1049401,RAW,0.020097333996091038
83,blocks.0.attn.c_v.weight.buf,1048576,1049401,RAW,0.037605874997098
83,blocks.0.attn.c_proj.weight.buf,1048576,1049401,RAW,0.037496083008591086
83,blocks.0.mlp.c_fc.weight.buf,4194304,4196389,RAW,0.09933316698879935
83,blocks.0.mlp.c_proj.weight.buf,4194304,4195129,RAW,0.1269785000185948
83,blocks.1.attn.c_q.weight.buf,1048576,1049401,RAW,0.020811916998354718
83,blocks.1.attn.c_k.weight.buf,1048576,1049401,RAW,0.019927540997741744
83,blocks.1.attn.c_v.weight.buf,1048576,1049401,RAW,0.03714845798094757
83,blocks.1.attn.c_proj.weight.buf,1048576,1049401,RAW,0.020917207992170006
83,blocks.1.attn.ve_gate.weight.buf,512,1022,RAW,2.3957982193678617e-05
83,blocks.1.mlp.c_fc.weight.buf,4194304,4196389,RAW,0.09821829199790955
83,blocks.1.mlp.c_proj.weight.buf,4194304,4195129,RAW,0.1076940420025494
83,blocks.2.attn.c_q.weight.buf,1048576,1049401,RAW,0.02176124998368323
83,blocks.2.attn.c_k.weight.buf,1048576,1049401,RAW,0.019953250011894852
83,blocks.2.attn.c_v.weight.buf,1048576,1049401,RAW,0.020466166984988376
83,blocks.2.attn.c_proj.weight.buf,1048576,1049401,RAW,0.040906291018472984
83,blocks.2.mlp.c_fc.weight.buf,4194304,4196389,RAW,0.1011916670249775
83,blocks.2.mlp.c_proj.weight.buf,4194304,4195129,RAW,0.10661941600847058
83,blocks.3.attn.c_q.weight.buf,1048576,1049401,RAW,0.020957083004759625
83,blocks.3.attn.c_k.weight.buf,1048576,1049401,RAW,0.01975541698629968
83,blocks.3.attn.c_v.weight.buf,1048576,1049401,RAW,0.019620667007984594
83,blocks.3.attn.c_proj.weight.buf,1048576,1049401,RAW,0.05121516698272899
83,blocks.3.attn.ve_gate.weight.buf,512,1022,RAW,2.2709020413458347e-05
83,blocks.3.mlp.c_fc.weight.buf,4194304,4196389,RAW,0.09719858298194595
83,blocks.3.mlp.c_proj.weight.buf,4194304,4195129,RAW,0.1020645419775974
83,blocks.4.attn.c_q.weight.buf,1048576,1049401,RAW,0.037123250018339604
83,blocks.4.attn.c_k.weight.buf,1048576,1049401,RAW,0.019795457978034392
83,blocks.4.attn.c_v.weight.buf,1048576,1049401,RAW,0.020076624990906566
83,blocks.4.attn.c_proj.weight.buf,1048576,1049401,RAW,0.036483375006355345
83,blocks.4.mlp.c_fc.weight.buf,4194304,4196389,RAW,0.09727637498872355
83,blocks.4.mlp.c_proj.weight.buf,4194304,4195129,RAW,0.09980137497768737
83,blocks.5.attn.c_q.weight.buf,1048576,1049401,RAW,0.019535166007699445
83,blocks.5.attn.c_k.weight.buf,1048576,1049401,RAW,0.03631329201743938
83,blocks.5.attn.c_v.weight.buf,1048576,1049401,RAW,0.019884957990143448
83,blocks.5.attn.c_proj.weight.buf,1048576,1049401,RAW,0.01968358299927786
83,blocks.5.attn.ve_gate.weight.buf,512,1022,RAW,2.970799687318504e-05
83,blocks.5.mlp.c_fc.weight.buf,4194304,4196389,RAW,0.11269420897588134
83,blocks.5.mlp.c_proj.weight.buf,4194304,4195129,RAW,0.12407370802247897
83,blocks.6.attn.c_q.weight.buf,1048576,1049401,RAW,0.02105275000212714
83,blocks.6.attn.c_k.weight.buf,1048576,1049401,RAW,0.04219641600502655
83,blocks.6.attn.c_v.weight.buf,1048576,1049401,RAW,0.02130775002297014
83,blocks.6.attn.c_proj.weight.buf,1048576,1049401,RAW,0.02151133300503716
83,blocks.6.mlp.c_fc.weight.buf,4194304,4196389,RAW,0.1473921670112759
83,blocks.6.mlp.c_proj.weight.buf,4194304,4195129,RAW,0.13180387500324287
83,blocks.7.attn.c_q.weight.buf,1048576,1049401,RAW,0.02009499998530373
83,blocks.7.attn.c_k.weight.buf,1048576,1049401,RAW,0.022021333017619327
83,blocks.7.attn.c_v.weight.buf,1048576,1049401,RAW,0.02018733401200734
83,blocks.7.attn.c_proj.weight.buf,1048576,1049401,RAW,0.020548958011204377
83,blocks.7.attn.ve_gate.weight.buf,512,1022,RAW,1.300001167692244e-05
83,blocks.7.mlp.c_fc.weight.buf,4194304,4196389,RAW,0.09964299999410287
83,blocks.7.mlp.c_proj.weight.buf,4194304,4195129,RAW,0.10675391700351611
83,lm_head.weight.m,67108864,67136149,RAW,1.6470029169868212
83,lm_head.weight.v,67108864,67136149,RAW,1.6188152919930872
83,resid_lambdas.m,32,32,RAW_VECTOR,9.583978680893779e-06
83,resid_lambdas.v,32,32,RAW_VECTOR,6.249756552278996e-07
83,x0_lambdas.m,32,32,RAW_VECTOR,1.2080126907676458e-06
83,x0_lambdas.v,32,32,RAW_VECTOR,4.169996827840805e-07
83,value_embeds.1.weight.m,67108864,67136149,RAW,1.4167879580054432
83,value_embeds.1.weight.v,67108864,67136149,RAW,1.4031025000149384
83,value_embeds.3.weight.m,67108864,67136149,RAW,1.415809124999214
83,value_embeds.3.weight.v,67108864,67136149,RAW,1.3860482500167564
83,value_embeds.5.weight.m,67108864,67136149,RAW,1.4394254590151832
83,value_embeds.5.weight.v,67108864,67136149,RAW,1.3660802079830319
83,value_embeds.7.weight.m,67108864,67136149,RAW,1.4359809169836808
83,value_embeds.7.weight.v,67108864,67136149,RAW,1.3723263330175541
84,wte.weight.m,67108864,67136149,RAW,1.4231290000025183
84,wte.weight.v,67108864,67136149,RAW,1.3580381670035422
84,blocks.0.attn.c_q.weight.buf,1048576,1049401,RAW,0.022609332983847708
84,blocks.0.attn.c_k.weight.buf,1048576,1049401,RAW,0.020891499996650964
84,blocks.0.attn.c_v.weight.buf,1048576,1049401,RAW,0.04176883399486542
84,blocks.0.attn.c_proj.weight.buf,1048576,1049401,RAW,0.021433584013720974
84,blocks.0.mlp.c_fc.weight.buf,4194304,4196389,RAW,0.1053777499764692
84,blocks.0.mlp.c_proj.weight.buf,4194304,4195129,RAW,0.15392533299745992
84,blocks.1.attn.c_q.weight.buf,1048576,1049401,RAW,0.02135129098314792
84,blocks.1.attn.c_k.weight.buf,1048576,1049401,RAW,0.03834391699638218
84,blocks.1.attn.c_v.weight.buf,1048576,1049401,RAW,0.02043924998724833
84,blocks.1.attn.c_proj.weight.buf,1048576,1049401,RAW,0.020314915978815407
84,blocks.1.attn.ve_gate.weight.buf,512,1022,RAW,1.2500007869675756e-05
84,blocks.1.mlp.c_fc.weight.buf,4194304,4196389,RAW,0.09922025000560097
84,blocks.1.mlp.c_proj.weight.buf,4194304,4195129,RAW,0.1068475829961244
84,blocks.2.attn.c_q.weight.buf,1048576,1049401,RAW,0.020127833005972207
84,blocks.2.attn.c_k.weight.buf,1048576,1049401,RAW,0.020117958018090576
84,blocks.2.attn.c_v.weight.buf,1048576,1049401,RAW,0.05439979099901393
84,blocks.2.attn.c_proj.weight.buf,1048576,1049401,RAW,0.020337084017228335
84,blocks.2.mlp.c_fc.weight.buf,4194304,4196389,RAW,0.0995682500069961
84,blocks.2.mlp.c_proj.weight.buf,4194304,4195129,RAW,0.1242362079792656
84,blocks.3.attn.c_q.weight.buf,1048576,1049401,RAW,0.020306709018768743
84,blocks.3.attn.c_k.weight.buf,1048576,1049401,RAW,0.020120208006119356
84,blocks.3.attn.c_v.weight.buf,1048576,1049401,RAW,0.037117041007149965
84,blocks.3.attn.c_proj.weight.buf,1048576,1049401,RAW,0.019808749988442287
84,blocks.3.attn.ve_gate.weight.buf,512,1022,RAW,2.3708009393885732e-05
84,blocks.3.mlp.c_fc.weight.buf,4194304,4196389,RAW,0.09868041600566357
84,blocks.3.mlp.c_proj.weight.buf,4194304,4195129,RAW,0.12513787500211038
84,blocks.4.attn.c_q.weight.buf,1048576,1049401,RAW,0.02092737500788644
84,blocks.4.attn.c_k.weight.buf,1048576,1049401,RAW,0.01984383398666978
84,blocks.4.attn.c_v.weight.buf,1048576,1049401,RAW,0.03674495898303576
84,blocks.4.attn.c_proj.weight.buf,1048576,1049401,RAW,0.02091458300128579
84,blocks.4.mlp.c_fc.weight.buf,4194304,4196389,RAW,0.0982024580007419
84,blocks.4.mlp.c_proj.weight.buf,4194304,4195129,RAW,0.10565691601368599
84,blocks.5.attn.c_q.weight.buf,1048576,1049401,RAW,0.02137133400538005
84,blocks.5.attn.c_k.weight.buf,1048576,1049401,RAW,0.02001587499398738
84,blocks.5.attn.c_v.weight.buf,1048576,1049401,RAW,0.020223457977408543
84,blocks.5.attn.c_proj.weight.buf,1048576,1049401,RAW,0.03784729100880213
84,blocks.5.attn.ve_gate.weight.buf,512,1022,RAW,3.1208008294925094e-05
84,blocks.5.mlp.c_fc.weight.buf,4194304,4196389,RAW,0.09806954098166898
84,blocks.5.mlp.c_proj.weight.buf,4194304,4195129,RAW,0.10124887499841861
84,blocks.6.attn.c_q.weight.buf,1048576,1049401,RAW,0.03785512500326149
84,blocks.6.attn.c_k.weight.buf,1048576,1049401,RAW,0.019805332995019853
84,blocks.6.attn.c_v.weight.buf,1048576,1049401,RAW,0.01967858400894329
84,blocks.6.attn.c_proj.weight.buf,1048576,1049401,RAW,0.03747695800848305
84,blocks.6.mlp.c_fc.weight.buf,4194304,4196389,RAW,0.09599891700781882
84,blocks.6.mlp.c_proj.weight.buf,4194304,4195129,RAW,0.10402820899616927
84,blocks.7.attn.c_q.weight.buf,1048576,1049401,RAW,0.019949583016568795
84,blocks.7.attn.c_k.weight.buf,1048576,1049401,RAW,0.03688125000917353
84,blocks.7.attn.c_v.weight.buf,1048576,1049401,RAW,0.019921582977985963
84,blocks.7.attn.c_proj.weight.buf,1048576,1049401,RAW,0.019613874988863245
84,blocks.7.attn.ve_gate.weight.buf,512,1022,RAW,2.7834001230075955e-05
84,blocks.7.mlp.c_fc.weight.buf,4194304,4196389,RAW,0.11836758398567326
84,blocks.7.mlp.c_proj.weight.buf,4194304,4195129,RAW,0.10389875000691973
84,lm_head.weight.m,67108864,67136149,RAW,1.6802316670073196
84,lm_head.weight.v,67108864,67136149,RAW,1.6005007079802454
84,resid_lambdas.m,32,32,RAW_VECTOR,7.750000804662704e-06
84,resid_lambdas.v,32,32,RAW_VECTOR,5.00003807246685e-07
84,x0_lambdas.m,32,32,RAW_VECTOR,1.2919772416353226e-06
84,x0_lambdas.v,32,32,RAW_VECTOR,3.7500285543501377e-07
84,value_embeds.1.weight.m,67108864,67136149,RAW,1.4768528340209741
84,value_embeds.1.weight.v,67108864,67136149,RAW,1.362985124986153
84,value_embeds.3.weight.m,67108864,67136149,RAW,1.4386321670026518
84,value_embeds.3.weight.v,67108864,67136149,RAW,1.3869937080016825
84,value_embeds.5.weight.m,67108864,67136149,RAW,1.456204665999394
84,value_embeds.5.weight.v,67108864,67136149,RAW,1.3864025420043617
84,value_embeds.7.weight.m,67108864,67136149,RAW,1.4588277910079341
84,value_embeds.7.weight.v,67108864,67136149,RAW,1.3934010840021074
85,wte.weight.m,67108864,67136149,RAW,1.428424540994456
85,wte.weight.v,67108864,67136149,RAW,1.377699417003896
85,blocks.0.attn.c_q.weight.buf,1048576,1049401,RAW,0.019728584011318162
85,blocks.0.attn.c_k.weight.buf,1048576,1049401,RAW,0.03689787501934916
85,blocks.0.attn.c_v.weight.buf,1048576,1049401,RAW,0.019719499978236854
85,blocks.0.attn.c_proj.weight.buf,1048576,1049401,RAW,0.019379417004529387
85,blocks.0.mlp.c_fc.weight.buf,4194304,4196389,RAW,0.11324087501270697
85,blocks.0.mlp.c_proj.weight.buf,4194304,4195129,RAW,0.11951341602252796
85,blocks.1.attn.c_q.weight.buf,1048576,1049401,RAW,0.019776582979829982
85,blocks.1.attn.c_k.weight.buf,1048576,1049401,RAW,0.03565454200725071
85,blocks.1.attn.c_v.weight.buf,1048576,1049401,RAW,0.020209999987855554
85,blocks.1.attn.c_proj.weight.buf,1048576,1049401,RAW,0.019493125000735745
85,blocks.1.attn.ve_gate.weight.buf,512,1022,RAW,2.4540990125387907e-05
85,blocks.1.mlp.c_fc.weight.buf,4194304,4196389,RAW,0.09633683299762197
85,blocks.1.mlp.c_proj.weight.buf,4194304,4195129,RAW,0.12424250002368353
85,blocks.2.attn.c_q.weight.buf,1048576,1049401,RAW,0.0201411250163801
85,blocks.2.attn.c_k.weight.buf,1048576,1049401,RAW,0.019545584014849737
85,blocks.2.attn.c_v.weight.buf,1048576,1049401,RAW,0.038738417002605274
85,blocks.2.attn.c_proj.weight.buf,1048576,1049401,RAW,0.021613791992422193
85,blocks.2.mlp.c_fc.weight.buf,4194304,4196389,RAW,0.10642554200603627
85,blocks.2.mlp.c_proj.weight.buf,4194304,4195129,RAW,0.15260054200189188
85,blocks.3.attn.c_q.weight.buf,1048576,1049401,RAW,0.02122083300491795
85,blocks.3.attn.c_k.weight.buf,1048576,1049401,RAW,0.021445374994073063
85,blocks.3.attn.c_v.weight.buf,1048576,1049401,RAW,0.041464790992904454
85,blocks.3.attn.c_proj.weight.buf,1048576,1049401,RAW,0.022001582983648404
85,blocks.3.attn.ve_gate.weight.buf,512,1022,RAW,2.4040986318141222e-05
85,blocks.3.mlp.c_fc.weight.buf,4194304,4196389,RAW,0.1044488750048913
85,blocks.3.mlp.c_proj.weight.buf,4194304,4195129,RAW,0.14309779199538752
85,blocks.4.attn.c_q.weight.buf,1048576,1049401,RAW,0.020408750016940758
85,blocks.4.attn.c_k.weight.buf,1048576,1049401,RAW,0.020050416002050042
85,blocks.4.attn.c_v.weight.buf,1048576,1049401,RAW,0.03762441698927432
85,blocks.4.attn.c_proj.weight.buf,1048576,1049401,RAW,0.020343707990832627
85,blocks.4.mlp.c_fc.weight.buf,4194304,4196389,RAW,0.1019017500220798
85,blocks.4.mlp.c_proj.weight.buf,4194304,4195129,RAW,0.1198691249883268
85,blocks.5.attn.c_q.weight.buf,1048576,1049401,RAW,0.021173125016503036
85,blocks.5.attn.c_k.weight.buf,1048576,1049401,RAW,0.019896042009349912
85,blocks.5.attn.c_v.weight.buf,1048576,1049401,RAW,0.03643579100025818
85,blocks.5.attn.c_proj.weight.buf,1048576,1049401,RAW,0.021280999993905425
85,blocks.5.attn.ve_gate.weight.buf,512,1022,RAW,1.462499494664371e-05
85,blocks.5.mlp.c_fc.weight.buf,4194304,4196389,RAW,0.09913137499825098
85,blocks.5.mlp.c_proj.weight.buf,4194304,4195129,RAW,0.10621966599137522
85,blocks.6.attn.c_q.weight.buf,1048576,1049401,RAW,0.03733875000034459
85,blocks.6.attn.c_k.weight.buf,1048576,1049401,RAW,0.020268915977794677
85,blocks.6.attn.c_v.weight.buf,1048576,1049401,RAW,0.020304083009250462
85,blocks.6.attn.c_proj.weight.buf,1048576,1049401,RAW,0.036999667005147785
85,blocks.6.mlp.c_fc.weight.buf,4194304,4196389,RAW,0.09968637497513555
85,blocks.6.mlp.c_proj.weight.buf,4194304,4195129,RAW,0.12471637499402277
85,blocks.7.attn.c_q.weight.buf,1048576,1049401,RAW,0.03672379199997522
85,blocks.7.attn.c_k.weight.buf,1048576,1049401,RAW,0.02091779198963195
85,blocks.7.attn.c_v.weight.buf,1048576,1049401,RAW,0.020057749992702156
85,blocks.7.attn.c_proj.weight.buf,1048576,1049401,RAW,0.020499792008195072
85,blocks.7.attn.ve_gate.weight.buf,512,1022,RAW,1.3542012311518192e-05
85,blocks.7.mlp.c_fc.weight.buf,4194304,4196389,RAW,0.10100225001224317
85,blocks.7.mlp.c_proj.weight.buf,4194304,4195129,RAW,0.10845266698743217
85,lm_head.weight.m,67108864,67136149,RAW,1.6318575000041164
85,lm_head.weight.v,67108864,67136149,RAW,1.626737124985084
85,resid_lambdas.m,32,32,RAW_VECTOR,7.750000804662704e-06
85,resid_lambdas.v,32,32,RAW_VECTOR,6.669724825769663e-07
85,x0_lambdas.m,32,32,RAW_VECTOR,1.2080126907676458e-06
85,x0_lambdas.v,32,32,RAW_VECTOR,4.580069798976183e-07
85,value_embeds.1.weight.m,67108864,67136149,RAW,1.438067583978409
85,value_embeds.1.weight.v,67108864,67136149,RAW,1.4029044169874396
85,value_embeds.3.weight.m,67108864,67136149,RAW,1.413636667013634
85,value_embeds.3.weight.v,67108864,67136149,RAW,1.3965007499791682
85,value_embeds.5.weight.m,67108864,67136149,RAW,1.4247835419955663
85,value_embeds.5.weight.v,67108864,67136149,RAW,1.4152221659896895
85,value_embeds.7.weight.m,67108864,67136149,RAW,1.4018220419820864
85,value_embeds.7.weight.v,67108864,67136149,RAW,1.4252757920185104
86,wte.weight.m,67108864,67136149,RAW,1.4117219170148019
86,wte.weight.v,67108864,67136149,RAW,1.4214928750006948
86,blocks.0.attn.c_q.weight.buf,1048576,1049401,RAW,0.03619079099735245
86,blocks.0.attn.c_k.weight.buf,1048576,1049401,RAW,0.0215583749813959
86,blocks.0.attn.c_v.weight.buf,1048576,1049401,RAW,0.020104666997212917
86,blocks.0.attn.c_proj.weight.buf,1048576,1049401,RAW,0.036787332996027544
86,blocks.0.mlp.c_fc.weight.buf,4194304,4196389,RAW,0.09923762499238364
86,blocks.0.mlp.c_proj.weight.buf,4194304,4195129,RAW,0.10630695801228285
86,blocks.1.attn.c_q.weight.buf,1048576,1049401,RAW,0.020235083007719368
86,blocks.1.attn.c_k.weight.buf,1048576,1049401,RAW,0.03817733301548287
86,blocks.1.attn.c_v.weight.buf,1048576,1049401,RAW,0.01976645801914856
86,blocks.1.attn.c_proj.weight.buf,1048576,1049401,RAW,0.019840416993247345
86,blocks.1.attn.ve_gate.weight.buf,512,1022,RAW,5.229198723100126e-05
86,blocks.1.mlp.c_fc.weight.buf,4194304,4196389,RAW,0.11740112499683164
86,blocks.1.mlp.c_proj.weight.buf,4194304,4195129,RAW,0.10578183300094679
86,blocks.2.attn.c_q.weight.buf,1048576,1049401,RAW,0.020993332989746705
86,blocks.2.attn.c_k.weight.buf,1048576,1049401,RAW,0.036990666994825006
86,blocks.2.attn.c_v.weight.buf,1048576,1049401,RAW,0.020254917006241158
86,blocks.2.attn.c_proj.weight.buf,1048576,1049401,RAW,0.019992832996649668
86,blocks.2.mlp.c_fc.weight.buf,4194304,4196389,RAW,0.111583125020843
86,blocks.2.mlp.c_proj.weight.buf,4194304,4195129,RAW,0.12292879199958406
86,blocks.3.attn.c_q.weight.buf,1048576,1049401,RAW,0.019518749992130324
86,blocks.3.attn.c_k.weight.buf,1048576,1049401,RAW,0.01974354198318906
86,blocks.3.attn.c_v.weight.buf,1048576,1049401,RAW,0.036536833009449765
86,blocks.3.attn.c_proj.weight.buf,1048576,1049401,RAW,0.019926665991079062
86,blocks.3.attn.ve_gate.weight.buf,512,1022,RAW,1.550000160932541e-05
86,blocks.3.mlp.c_fc.weight.buf,4194304,4196389,RAW,0.09748433399363421
86,blocks.3.mlp.c_proj.weight.buf,4194304,4195129,RAW,0.11648604099173099
86,blocks.4.attn.c_q.weight.buf,1048576,1049401,RAW,0.02058404200943187
86,blocks.4.attn.c_k.weight.buf,1048576,1049401,RAW,0.019350833987118676
86,blocks.4.attn.c_v.weight.buf,1048576,1049401,RAW,0.019560500018997118
86,blocks.4.attn.c_proj.weight.buf,1048576,1049401,RAW,0.02138795898645185
86,blocks.4.mlp.c_fc.weight.buf,4194304,4196389,RAW,0.10025520800263621
86,blocks.4.mlp.c_proj.weight.buf,4194304,4195129,RAW,0.14891449999413453
86,blocks.5.attn.c_q.weight.buf,1048576,1049401,RAW,0.021616124984575436
86,blocks.5.attn.c_k.weight.buf,1048576,1049401,RAW,0.02127629198366776
86,blocks.5.attn.c_v.weight.buf,1048576,1049401,RAW,0.041705749987158924
86,blocks.5.attn.c_proj.weight.buf,1048576,1049401,RAW,0.021604875015327707
86,blocks.5.attn.ve_gate.weight.buf,512,1022,RAW,2.2791005903854966e-05
86,blocks.5.mlp.c_fc.weight.buf,4194304,4196389,RAW,0.10510745801730081
86,blocks.5.mlp.c_proj.weight.buf,4194304,4195129,RAW,0.1529020410089288
86,blocks.6.attn.c_q.weight.buf,1048576,1049401,RAW,0.02098545798799023
86,blocks.6.attn.c_k.weight.buf,1048576,1049401,RAW,0.019872458011377603
86,blocks.6.attn.c_v.weight.buf,1048576,1049401,RAW,0.03738158298074268
86,blocks.6.attn.c_proj.weight.buf,1048576,1049401,RAW,0.0205552080005873
86,blocks.6.mlp.c_fc.weight.buf,4194304,4196389,RAW,0.09867587499320507
86,blocks.6.mlp.c_proj.weight.buf,4194304,4195129,RAW,0.10662329199840315
86,blocks.7.attn.c_q.weight.buf,1048576,1049401,RAW,0.03828800001065247
86,blocks.7.attn.c_k.weight.buf,1048576,1049401,RAW,0.02003912499640137
86,blocks.7.attn.c_v.weight.buf,1048576,1049401,RAW,0.01989804199547507
86,blocks.7.attn.c_proj.weight.buf,1048576,1049401,RAW,0.037852292007301
86,blocks.7.attn.ve_gate.weight.buf,512,1022,RAW,1.4999997802078724e-05
86,blocks.7.mlp.c_fc.weight.buf,4194304,4196389,RAW,0.0991652500233613
86,blocks.7.mlp.c_proj.weight.buf,4194304,4195129,RAW,0.10740795900346711
86,lm_head.weight.m,67108864,67136149,RAW,1.6097570419951808
86,lm_head.weight.v,67108864,67136149,RAW,1.6261749580153264
86,resid_lambdas.m,32,32,RAW_VECTOR,9.833980584517121e-06
86,resid_lambdas.v,32,32,RAW_VECTOR,5.00003807246685e-07
86,x0_lambdas.m,32,32,RAW_VECTOR,1.2920063454657793e-06
86,x0_lambdas.v,32,32,RAW_VECTOR,4.169996827840805e-07
86,value_embeds.1.weight.m,67108864,67136149,RAW,1.4076865419920068
86,value_embeds.1.weight.v,67108864,67136149,RAW,1.4035858330025803
86,value_embeds.3.weight.m,67108864,67136149,RAW,1.4246163339994382
86,value_embeds.3.weight.v,67108864,67136149,RAW,1.400263791991165
86,value_embeds.5.weight.m,67108864,67136149,RAW,1.4327670419879723
86,value_embeds.5.weight.v,67108864,67136149,RAW,1.3768339999951422
86,value_embeds.7.weight.m,67108864,67136149,RAW,1.4677396250190213
86,value_embeds.7.weight.v,67108864,67136149,RAW,1.3639154589909595
87,wte.weight.m,67108864,67136149,RAW,1.4386630830122158
87,wte.weight.v,67108864,67136149,RAW,1.3778340409917291
87,blocks.0.attn.c_q.weight.buf,1048576,1049401,RAW,0.021877541003050283
87,blocks.0.attn.c_k.weight.buf,1048576,1049401,RAW,0.0423533330031205
87,blocks.0.attn.c_v.weight.buf,1048576,1049401,RAW,0.021133625006768852
87,blocks.0.attn.c_proj.weight.buf,1048576,1049401,RAW,0.02155916701303795
87,blocks.0.mlp.c_fc.weight.buf,4194304,4196389,RAW,0.09823166698333807
87,blocks.0.mlp.c_proj.weight.buf,4194304,4195129,RAW,0.11017458298010752
87,blocks.1.attn.c_q.weight.buf,1048576,1049401,RAW,0.01979987500817515
87,blocks.1.attn.c_k.weight.buf,1048576,1049401,RAW,0.03722366600413807
87,blocks.1.attn.c_v.weight.buf,1048576,1049401,RAW,0.020923125004628673
87,blocks.1.attn.c_proj.weight.buf,1048576,1049401,RAW,0.020095832995139062
87,blocks.1.attn.ve_gate.weight.buf,512,1022,RAW,1.3957993360236287e-05
87,blocks.1.mlp.c_fc.weight.buf,4194304,4196389,RAW,0.11570320901228115
87,blocks.1.mlp.c_proj.weight.buf,4194304,4195129,RAW,0.10885183399659581
87,blocks.2.attn.c_q.weight.buf,1048576,1049401,RAW,0.020273250003810972
87,blocks.2.attn.c_k.weight.buf,1048576,1049401,RAW,0.03742329200031236
87,blocks.2.attn.c_v.weight.buf,1048576,1049401,RAW,0.020301083015510812
87,blocks.2.attn.c_proj.weight.buf,1048576,1049401,RAW,0.020622207986889407
87,blocks.2.mlp.c_fc.weight.buf,4194304,4196389,RAW,0.1165766249760054
87,blocks.2.mlp.c_proj.weight.buf,4194304,4195129,RAW,0.10747241700300947
87,blocks.3.attn.c_q.weight.buf,1048576,1049401,RAW,0.020338458998594433
87,blocks.3.attn.c_k.weight.buf,1048576,1049401,RAW,0.03792070801137015
87,blocks.3.attn.c_v.weight.buf,1048576,1049401,RAW,0.020517166994977742
87,blocks.3.attn.c_proj.weight.buf,1048576,1049401,RAW,0.020100582973100245
87,blocks.3.attn.ve_gate.weight.buf,512,1022,RAW,1.2124975910410285e-05
87,blocks.3.mlp.c_fc.weight.buf,4194304,4196389,RAW,0.09940608299802989
87,blocks.3.mlp.c_proj.weight.buf,4194304,4195129,RAW,0.10740791700663976
87,blocks.4.attn.c_q.weight.buf,1048576,1049401,RAW,0.02002862500376068
87,blocks.4.attn.c_k.weight.buf,1048576,1049401,RAW,0.020188249996863306
87,blocks.4.attn.c_v.weight.buf,1048576,1049401,RAW,0.05417429198860191
87,blocks.4.attn.c_proj.weight.buf,1048576,1049401,RAW,0.020335499983048066
87,blocks.4.mlp.c_fc.weight.buf,4194304,4196389,RAW,0.09871233301237226
87,blocks.4.mlp.c_proj.weight.buf,4194304,4195129,RAW,0.12294549998478033
87,blocks.5.attn.c_q.weight.buf,1048576,1049401,RAW,0.020201625011395663
87,blocks.5.attn.c_k.weight.buf,1048576,1049401,RAW,0.019751874991925433
87,blocks.5.attn.c_v.weight.buf,1048576,1049401,RAW,0.03674187499564141
87,blocks.5.attn.c_proj.weight.buf,1048576,1049401,RAW,0.019822708010906354
87,blocks.5.attn.ve_gate.weight.buf,512,1022,RAW,1.0374991688877344e-05
87,blocks.5.mlp.c_fc.weight.buf,4194304,4196389,RAW,0.09761879197321832
87,blocks.5.mlp.c_proj.weight.buf,4194304,4195129,RAW,0.11982758302474394
87,blocks.6.attn.c_q.weight.buf,1048576,1049401,RAW,0.020696040999609977
87,blocks.6.attn.c_k.weight.buf,1048576,1049401,RAW,0.020324084005551413
87,blocks.6.attn.c_v.weight.buf,1048576,1049401,RAW,0.019578417006414384
87,blocks.6.attn.c_proj.weight.buf,1048576,1049401,RAW,0.02116425000713207
87,blocks.6.mlp.c_fc.weight.buf,4194304,4196389,RAW,0.0960695410030894
87,blocks.6.mlp.c_proj.weight.buf,4194304,4195129,RAW,0.10174895799718797
87,blocks.7.attn.c_q.weight.buf,1048576,1049401,RAW,0.03603129100520164
87,blocks.7.attn.c_k.weight.buf,1048576,1049401,RAW,0.020348707999801263
87,blocks.7.attn.c_v.weight.buf,1048576,1049401,RAW,0.019748165999772027
87,blocks.7.attn.c_proj.weight.buf,1048576,1049401,RAW,0.03664837501128204
87,blocks.7.attn.ve_gate.weight.buf,512,1022,RAW,1.3083015801385045e-05
87,blocks.7.mlp.c_fc.weight.buf,4194304,4196389,RAW,0.11107825001818128
87,blocks.7.mlp.c_proj.weight.buf,4194304,4195129,RAW,0.11443099999451078
87,lm_head.weight.m,67108864,67136149,RAW,1.6546222499746364
87,lm_head.weight.v,67108864,67136149,RAW,1.6190819579933304
87,resid_lambdas.m,32,32,RAW_VECTOR,7.708003977313638e-06
87,resid_lambdas.v,32,32,RAW_VECTOR,5.829788278788328e-07
87,x0_lambdas.m,32,32,RAW_VECTOR,2.042012056335807e-06
87,x0_lambdas.v,32,32,RAW_VECTOR,3.3300602808594704e-07
87,value_embeds.1.weight.m,67108864,67136149,RAW,1.427018958987901
87,value_embeds.1.weight.v,67108864,67136149,RAW,1.3656527909915894
87,value_embeds.3.weight.m,67108864,67136149,RAW,1.5005401659873314
87,value_embeds.3.weight.v,67108864,67136149,RAW,1.3752746660029516
87,value_embeds.5.weight.m,67108864,67136149,RAW,1.4587692500208504
87,value_embeds.5.weight.v,67108864,67136149,RAW,1.3854835000238381
87,value_embeds.7.weight.m,67108864,67136149,RAW,1.4698752080148552
87,value_embeds.7.weight.v,67108864,67136149,RAW,1.387521917000413
88,wte.weight.m,67108864,67136149,RAW,1.4729323750070762
88,wte.weight.v,67108864,67136149,RAW,1.392139458010206
88,blocks.0.attn.c_q.weight.buf,1048576,1049401,RAW,0.02001329101040028
88,blocks.0.attn.c_k.weight.buf,1048576,1049401,RAW,0.02007324999431148
88,blocks.0.attn.c_v.weight.buf,1048576,1049401,RAW,0.036823209025897086
88,blocks.0.attn.c_proj.weight.buf,1048576,1049401,RAW,0.020098083012271672
88,blocks.0.mlp.c_fc.weight.buf,4194304,4196389,RAW,0.09588062501279637
88,blocks.0.mlp.c_proj.weight.buf,4194304,4195129,RAW,0.15825229199253954
88,blocks.1.attn.c_q.weight.buf,1048576,1049401,RAW,0.021099625009810552
88,blocks.1.attn.c_k.weight.buf,1048576,1049401,RAW,0.02137349999975413
88,blocks.1.attn.c_v.weight.buf,1048576,1049401,RAW,0.04240016598487273
88,blocks.1.attn.c_proj.weight.buf,1048576,1049401,RAW,0.021424375008791685
88,blocks.1.attn.ve_gate.weight.buf,512,1022,RAW,2.5165994884446263e-05
88,blocks.1.mlp.c_fc.weight.buf,4194304,4196389,RAW,0.1051767079916317
88,blocks.1.mlp.c_proj.weight.buf,4194304,4195129,RAW,0.14402545898337848
88,blocks.2.attn.c_q.weight.buf,1048576,1049401,RAW,0.020413874997757375
88,blocks.2.attn.c_k.weight.buf,1048576,1049401,RAW,0.03767158399568871
88,blocks.2.attn.c_v.weight.buf,1048576,1049401,RAW,0.02102937499876134
88,blocks.2.attn.c_proj.weight.buf,1048576,1049401,RAW,0.02052979200379923
88,blocks.2.mlp.c_fc.weight.buf,4194304,4196389,RAW,0.1151102909934707
88,blocks.2.mlp.c_proj.weight.buf,4194304,4195129,RAW,0.10632829199312255
88,blocks.3.attn.c_q.weight.buf,1048576,1049401,RAW,0.020512749993940815
88,blocks.3.attn.c_k.weight.buf,1048576,1049401,RAW,0.020318166993092746
88,blocks.3.attn.c_v.weight.buf,1048576,1049401,RAW,0.03814458299893886
88,blocks.3.attn.c_proj.weight.buf,1048576,1049401,RAW,0.019875750003848225
88,blocks.3.attn.ve_gate.weight.buf,512,1022,RAW,1.4958000974729657e-05
88,blocks.3.mlp.c_fc.weight.buf,4194304,4196389,RAW,0.09895916600362398
88,blocks.3.mlp.c_proj.weight.buf,4194304,4195129,RAW,0.12476770801004022
88,blocks.4.attn.c_q.weight.buf,1048576,1049401,RAW,0.020189500006381422
88,blocks.4.attn.c_k.weight.buf,1048576,1049401,RAW,0.020151167002040893
88,blocks.4.attn.c_v.weight.buf,1048576,1049401,RAW,0.03755087501485832
88,blocks.4.attn.c_proj.weight.buf,1048576,1049401,RAW,0.020522374979918823
88,blocks.4.mlp.c_fc.weight.buf,4194304,4196389,RAW,0.09859662500093691
88,blocks.4.mlp.c_proj.weight.buf,4194304,4195129,RAW,0.12975483300397173
88,blocks.5.attn.c_q.weight.buf,1048576,1049401,RAW,0.020683374983491376
88,blocks.5.attn.c_k.weight.buf,1048576,1049401,RAW,0.02030633299727924
88,blocks.5.attn.c_v.weight.buf,1048576,1049401,RAW,0.03769345799810253
88,blocks.5.attn.c_proj.weight.buf,1048576,1049401,RAW,0.02060433299629949
88,blocks.5.attn.ve_gate.weight.buf,512,1022,RAW,2.5957997422665358e-05
88,blocks.5.mlp.c_fc.weight.buf,4194304,4196389,RAW,0.11524337498121895
88,blocks.5.mlp.c_proj.weight.buf,4194304,4195129,RAW,0.1232590830186382
88,blocks.6.attn.c_q.weight.buf,1048576,1049401,RAW,0.020716582977911457
88,blocks.6.attn.c_k.weight.buf,1048576,1049401,RAW,0.020369417004985735
88,blocks.6.attn.c_v.weight.buf,1048576,1049401,RAW,0.0201781670039054
88,blocks.6.attn.c_proj.weight.buf,1048576,1049401,RAW,0.021758875023806468
88,blocks.6.mlp.c_fc.weight.buf,4194304,4196389,RAW,0.0962107919913251
88,blocks.6.mlp.c_proj.weight.buf,4194304,4195129,RAW,0.09965254200506024
88,blocks.7.attn.c_q.weight.buf,1048576,1049401,RAW,0.037158167018787935
88,blocks.7.attn.c_k.weight.buf,1048576,1049401,RAW,0.020239750010659918
88,blocks.7.attn.c_v.weight.buf,1048576,1049401,RAW,0.01966408299631439
88,blocks.7.attn.c_proj.weight.buf,1048576,1049401,RAW,0.03790762499556877
88,blocks.7.attn.ve_gate.weight.buf,512,1022,RAW,1.8333987100049853e-05
88,blocks.7.mlp.c_fc.weight.buf,4194304,4196389,RAW,0.09679058400797658
88,blocks.7.mlp.c_proj.weight.buf,4194304,4195129,RAW,0.10071774999960326
88,lm_head.weight.m,67108864,67136149,RAW,1.6708785420050845
88,lm_head.weight.v,67108864,67136149,RAW,1.5845358329825103
88,resid_lambdas.m,32,32,RAW_VECTOR,7.041991921141744e-06
88,resid_lambdas.v,32,32,RAW_VECTOR,5.420006345957518e-07
88,x0_lambdas.m,32,32,RAW_VECTOR,1.167005393654108e-06
88,x0_lambdas.v,32,32,RAW_VECTOR,4.169996827840805e-07
88,value_embeds.1.weight.m,67108864,67136149,RAW,1.4750943330000155
88,value_embeds.1.weight.v,67108864,67136149,RAW,1.380255208001472
88,value_embeds.3.weight.m,67108864,67136149,RAW,1.449468416016316
88,value_embeds.3.weight.v,67108864,67136149,RAW,1.4177042500232346
88,value_embeds.5.weight.m,67108864,67136149,RAW,1.4224196249851957
88,value_embeds.5.weight.v,67108864,67136149,RAW,1.392064042011043
88,value_embeds.7.weight.m,67108864,67136149,RAW,1.4582724589854479
88,value_embeds.7.weight.v,67108864,67136149,RAW,1.4028450420009904
89,wte.weight.m,67108864,67136149,RAW,1.460200082976371
89,wte.weight.v,67108864,67136149,RAW,1.4079609170148615
89,blocks.0.attn.c_q.weight.buf,1048576,1049401,RAW,0.03757449999102391
89,blocks.0.attn.c_k.weight.buf,1048576,1049401,RAW,0.021054042008472607
89,blocks.0.attn.c_v.weight.buf,1048576,1049401,RAW,0.020315875008236617
89,blocks.0.attn.c_proj.weight.buf,1048576,1049401,RAW,0.036275124992243946
89,blocks.0.mlp.c_fc.weight.buf,4194304,4196389,RAW,0.09546870799385943
89,blocks.0.mlp.c_proj.weight.buf,4194304,4195129,RAW,0.11913983299746178
89,blocks.1.attn.c_q.weight.buf,1048576,1049401,RAW,0.019797292014118284
89,blocks.1.attn.c_k.weight.buf,1048576,1049401,RAW,0.037003208009991795
89,blocks.1.attn.c_v.weight.buf,1048576,1049401,RAW,0.01972395900520496
89,blocks.1.attn.c_proj.weight.buf,1048576,1049401,RAW,0.02008000001660548
89,blocks.1.attn.ve_gate.weight.buf,512,1022,RAW,1.016599708236754e-05
89,blocks.1.mlp.c_fc.weight.buf,4194304,4196389,RAW,0.09881166700506583
89,blocks.1.mlp.c_proj.weight.buf,4194304,4195129,RAW,0.10104083298938349
89,blocks.2.attn.c_q.weight.buf,1048576,1049401,RAW,0.019927042012568563
89,blocks.2.attn.c_k.weight.buf,1048576,1049401,RAW,0.0362822919851169
89,blocks.2.attn.c_v.weight.buf,1048576,1049401,RAW,0.019963207974797115
89,blocks.2.attn.c_proj.weight.buf,1048576,1049401,RAW,0.019404833990847692
89,blocks.2.mlp.c_fc.weight.buf,4194304,4196389,RAW,0.09521804199903272
89,blocks.2.mlp.c_proj.weight.buf,4194304,4195129,RAW,0.13298474997282028
89,blocks.3.attn.c_q.weight.buf,1048576,1049401,RAW,0.02002954200725071
89,blocks.3.attn.c_k.weight.buf,1048576,1049401,RAW,0.020022832992253825
89,blocks.3.attn.c_v.weight.buf,1048576,1049401,RAW,0.02294387499568984
89,blocks.3.attn.c_proj.weight.buf,1048576,1049401,RAW,0.02097187499748543
89,blocks.3.attn.ve_gate.weight.buf,512,1022,RAW,2.2916996385902166e-05
89,blocks.3.mlp.c_fc.weight.buf,4194304,4196389,RAW,0.10651079201488756
89,blocks.3.mlp.c_proj.weight.buf,4194304,4195129,RAW,0.1718375409836881
89,blocks.4.attn.c_q.weight.buf,1048576,1049401,RAW,0.021261207992210984
89,blocks.4.attn.c_k.weight.buf,1048576,1049401,RAW,0.04546829100581817
89,blocks.4.attn.c_v.weight.buf,1048576,1049401,RAW,0.021431041997857392
89,blocks.4.attn.c_proj.weight.buf,1048576,1049401,RAW,0.021908374998020008
89,blocks.4.mlp.c_fc.weight.buf,4194304,4196389,RAW,0.11734816600801423
89,blocks.4.mlp.c_proj.weight.buf,4194304,4195129,RAW,0.10783195801195689
89,blocks.5.attn.c_q.weight.buf,1048576,1049401,RAW,0.019861374981701374
89,blocks.5.attn.c_k.weight.buf,1048576,1049401,RAW,0.03753804098232649
89,blocks.5.attn.c_v.weight.buf,1048576,1049401,RAW,0.02012916698004119
89,blocks.5.attn.c_proj.weight.buf,1048576,1049401,RAW,0.021089291985845193
89,blocks.5.attn.ve_gate.weight.buf,512,1022,RAW,1.5291996533051133e-05
89,blocks.5.mlp.c_fc.weight.buf,4194304,4196389,RAW,0.09991449999506585
89,blocks.5.mlp.c_proj.weight.buf,4194304,4195129,RAW,0.10746491700410843
89,blocks.6.attn.c_q.weight.buf,1048576,1049401,RAW,0.020224667008733377
89,blocks.6.attn.c_k.weight.buf,1048576,1049401,RAW,0.020207249996019527
89,blocks.6.attn.c_v.weight.buf,1048576,1049401,RAW,0.03830045901122503
89,blocks.6.attn.c_proj.weight.buf,1048576,1049401,RAW,0.020654499996453524
89,blocks.6.mlp.c_fc.weight.buf,4194304,4196389,RAW,0.09826591701130383
89,blocks.6.mlp.c_proj.weight.buf,4194304,4195129,RAW,0.12553900000057183
89,blocks.7.attn.c_q.weight.buf,1048576,1049401,RAW,0.03728058299748227
89,blocks.7.attn.c_k.weight.buf,1048576,1049401,RAW,0.020475792000070214
89,blocks.7.attn.c_v.weight.buf,1048576,1049401,RAW,0.03788445901591331
89,blocks.7.attn.c_proj.weight.buf,1048576,1049401,RAW,0.021594916994217783
89,blocks.7.attn.ve_gate.weight.buf,512,1022,RAW,2.3667002096772194e-05
89,blocks.7.mlp.c_fc.weight.buf,4194304,4196389,RAW,0.10214779200032353
89,blocks.7.mlp.c_proj.weight.buf,4194304,4195129,RAW,0.12654329198994674
89,lm_head.weight.m,67108864,67136149,RAW,1.6098122090043034
89,lm_head.weight.v,67108864,67136149,RAW,1.6570784159994218
89,resid_lambdas.m,32,32,RAW_VECTOR,2.7875008527189493e-05
89,resid_lambdas.v,32,32,RAW_VECTOR,9.590003173798323e-07
89,x0_lambdas.m,32,32,RAW_VECTOR,2.3339816834777594e-06
89,x0_lambdas.v,32,32,RAW_VECTOR,5.420006345957518e-07
89,value_embeds.1.weight.m,67108864,67136149,RAW,1.389865541976178
89,value_embeds.1.weight.v,67108864,67136149,RAW,1.4153859590005595
89,value_embeds.3.weight.m,67108864,67136149,RAW,1.4215053750085644
89,value_embeds.3.weight.v,67108864,67136149,RAW,1.4290176250215154
89,value_embeds.5.weight.m,67108864,67136149,RAW,1.4344301670207642
89,value_embeds.5.weight.v,67108864,67136149,RAW,1.421236541995313
89,value_embeds.7.weight.m,67108864,67136149,RAW,1.4572635410004295
89,value_embeds.7.weight.v,67108864,67136149,RAW,1.4212465830205474
90,wte.weight.m,67108864,67136149,RAW,1.4219157499901485
90,wte.weight.v,67108864,67136149,RAW,1.415848000004189
90,blocks.0.attn.c_q.weight.buf,1048576,1049401,RAW,0.020494208991294727
90,blocks.0.attn.c_k.weight.buf,1048576,1049401,RAW,0.020031541993375868
90,blocks.0.attn.c_v.weight.buf,1048576,1049401,RAW,0.03973220899933949
90,blocks.0.attn.c_proj.weight.buf,1048576,1049401,RAW,0.020311083004344255
90,blocks.0.mlp.c_fc.weight.buf,4194304,4196389,RAW,0.09919520901166834
90,blocks.0.mlp.c_proj.weight.buf,4194304,4195129,RAW,0.12401108400081284
90,blocks.1.attn.c_q.weight.buf,1048576,1049401,RAW,0.020865917002083734
90,blocks.1.attn.c_k.weight.buf,1048576,1049401,RAW,0.020240167010342702
90,blocks.1.attn.c_v.weight.buf,1048576,1049401,RAW,0.037877958005992696
90,blocks.1.attn.c_proj.weight.buf,1048576,1049401,RAW,0.02060300001176074
90,blocks.1.attn.ve_gate.weight.buf,512,1022,RAW,2.3083994165062904e-05
90,blocks.1.mlp.c_fc.weight.buf,4194304,4196389,RAW,0.0985416249895934
90,blocks.1.mlp.c_proj.weight.buf,4194304,4195129,RAW,0.12307945900829509
90,blocks.2.attn.c_q.weight.buf,1048576,1049401,RAW,0.02041129200370051
90,blocks.2.attn.c_k.weight.buf,1048576,1049401,RAW,0.02009033301146701
90,blocks.2.attn.c_v.weight.buf,1048576,1049401,RAW,0.038459167000837624
90,blocks.2.attn.c_proj.weight.buf,1048576,1049401,RAW,0.03756379199330695
90,blocks.2.mlp.c_fc.weight.buf,4194304,4196389,RAW,0.09961758300778456
90,blocks.2.mlp.c_proj.weight.buf,4194304,4195129,RAW,0.12008483399404213
90,blocks.3.attn.c_q.weight.buf,1048576,1049401,RAW,0.021273791993735358
90,blocks.3.attn.c_k.weight.buf,1048576,1049401,RAW,0.01987445802660659
90,blocks.3.attn.c_v.weight.buf,1048576,1049401,RAW,0.019866499991621822
90,blocks.3.attn.c_proj.weight.buf,1048576,1049401,RAW,0.02293916599592194
90,blocks.3.attn.ve_gate.weight.buf,512,1022,RAW,2.316699828952551e-05
90,blocks.3.mlp.c_fc.weight.buf,4194304,4196389,RAW,0.0977102089964319
90,blocks.3.mlp.c_proj.weight.buf,4194304,4195129,RAW,0.09964500000933185
90,blocks.4.attn.c_q.weight.buf,1048576,1049401,RAW,0.03661595800076611
90,blocks.4.attn.c_k.weight.buf,1048576,1049401,RAW,0.01987404198735021
90,blocks.4.attn.c_v.weight.buf,1048576,1049401,RAW,0.019872625009156764
90,blocks.4.attn.c_proj.weight.buf,1048576,1049401,RAW,0.03830358400591649
90,blocks.4.mlp.c_fc.weight.buf,4194304,4196389,RAW,0.09950895799556747
90,blocks.4.mlp.c_proj.weight.buf,4194304,4195129,RAW,0.10152941700653173
90,blocks.5.attn.c_q.weight.buf,1048576,1049401,RAW,0.01987179199932143
90,blocks.5.attn.c_k.weight.buf,1048576,1049401,RAW,0.021107542008394375
90,blocks.5.attn.c_v.weight.buf,1048576,1049401,RAW,0.01991354100755416
90,blocks.5.attn.c_proj.weight.buf,1048576,1049401,RAW,0.019807208998827264
90,blocks.5.attn.ve_gate.weight.buf,512,1022,RAW,3.100000321865082e-05
90,blocks.5.mlp.c_fc.weight.buf,4194304,4196389,RAW,0.11102170898811892
90,blocks.5.mlp.c_proj.weight.buf,4194304,4195129,RAW,0.10363370800041594
90,blocks.6.attn.c_q.weight.buf,1048576,1049401,RAW,0.02070254200953059
90,blocks.6.attn.c_k.weight.buf,1048576,1049401,RAW,0.04108125000493601
90,blocks.6.attn.c_v.weight.buf,1048576,1049401,RAW,0.021511333994567394
90,blocks.6.attn.c_proj.weight.buf,1048576,1049401,RAW,0.021724624995840713
90,blocks.6.mlp.c_fc.weight.buf,4194304,4196389,RAW,0.12367195900878869
90,blocks.6.mlp.c_proj.weight.buf,4194304,4195129,RAW,0.1384972910163924
90,blocks.7.attn.c_q.weight.buf,1048576,1049401,RAW,0.0416302910016384
90,blocks.7.attn.c_k.weight.buf,1048576,1049401,RAW,0.021354083000915125
90,blocks.7.attn.c_v.weight.buf,1048576,1049401,RAW,0.021218875015620142
90,blocks.7.attn.c_proj.weight.buf,1048576,1049401,RAW,0.038109042012365535
90,blocks.7.attn.ve_gate.weight.buf,512,1022,RAW,1.4374993043020368e-05
90,blocks.7.mlp.c_fc.weight.buf,4194304,4196389,RAW,0.09884929200052284
90,blocks.7.mlp.c_proj.weight.buf,4194304,4195129,RAW,0.1072672909940593
90,lm_head.weight.m,67108864,67136149,RAW,1.6233860409993213
90,lm_head.weight.v,67108864,67136149,RAW,1.603742625011364
90,resid_lambdas.m,32,32,RAW_VECTOR,7.041991921141744e-06
90,resid_lambdas.v,32,32,RAW_VECTOR,6.250047590583563e-07
90,x0_lambdas.m,32,32,RAW_VECTOR,1.1250085663050413e-06
90,x0_lambdas.v,32,32,RAW_VECTOR,4.169996827840805e-07
90,value_embeds.1.weight.m,67108864,67136149,RAW,1.4401042919780593
90,value_embeds.1.weight.v,67108864,67136149,RAW,1.4022861669945996
90,value_embeds.3.weight.m,67108864,67136149,RAW,1.4531694169854745
90,value_embeds.3.weight.v,67108864,67136149,RAW,1.4197165410150774
90,value_embeds.5.weight.m,67108864,67136149,RAW,1.44313008399331
90,value_embeds.5.weight.v,67108864,67136149,RAW,1.3765530829841737
90,value_embeds.7.weight.m,67108864,67136149,RAW,1.5050007920071948
90,value_embeds.7.weight.v,67108864,67136149,RAW,1.387864707998233
91,wte.weight.m,67108864,67136149,RAW,1.4610195420100354
91,wte.weight.v,67108864,67136149,RAW,1.3595585830044001
91,blocks.0.attn.c_q.weight.buf,1048576,1049401,RAW,0.02030862498213537
91,blocks.0.attn.c_k.weight.buf,1048576,1049401,RAW,0.019681292003951967
91,blocks.0.attn.c_v.weight.buf,1048576,1049401,RAW,0.041702540998812765
91,blocks.0.attn.c_proj.weight.buf,1048576,1049401,RAW,0.021279457985656336
91,blocks.0.mlp.c_fc.weight.buf,4194304,4196389,RAW,0.10481241598608904
91,blocks.0.mlp.c_proj.weight.buf,4194304,4195129,RAW,0.17370250000385568
91,blocks.1.attn.c_q.weight.buf,1048576,1049401,RAW,0.021696458017686382
91,blocks.1.attn.c_k.weight.buf,1048576,1049401,RAW,0.04317954200087115
91,blocks.1.attn.c_v.weight.buf,1048576,1049401,RAW,0.02280437498120591
91,blocks.1.attn.c_proj.weight.buf,1048576,1049401,RAW,0.0220292080193758
91,blocks.1.attn.ve_gate.weight.buf,512,1022,RAW,4.2917003156617284e-05
91,blocks.1.mlp.c_fc.weight.buf,4194304,4196389,RAW,0.11801375000504777
91,blocks.1.mlp.c_proj.weight.buf,4194304,4195129,RAW,0.11234424999565817
91,blocks.2.attn.c_q.weight.buf,1048576,1049401,RAW,0.020074166997801512
91,blocks.2.attn.c_k.weight.buf,1048576,1049401,RAW,0.036966250016121194
91,blocks.2.attn.c_v.weight.buf,1048576,1049401,RAW,0.020291374996304512
91,blocks.2.attn.c_proj.weight.buf,1048576,1049401,RAW,0.020651458005886525
91,blocks.2.mlp.c_fc.weight.buf,4194304,4196389,RAW,0.09881612501339987
91,blocks.2.mlp.c_proj.weight.buf,4194304,4195129,RAW,0.10620358301093802
91,blocks.3.attn.c_q.weight.buf,1048576,1049401,RAW,0.02023529098369181
91,blocks.3.attn.c_k.weight.buf,1048576,1049401,RAW,0.020232749986462295
91,blocks.3.attn.c_v.weight.buf,1048576,1049401,RAW,0.03804583300370723
91,blocks.3.attn.c_proj.weight.buf,1048576,1049401,RAW,0.0200600829848554
91,blocks.3.attn.ve_gate.weight.buf,512,1022,RAW,1.4499993994832039e-05
91,blocks.3.mlp.c_fc.weight.buf,4194304,4196389,RAW,0.09976858299341984
91,blocks.3.mlp.c_proj.weight.buf,4194304,4195129,RAW,0.1257311670051422
91,blocks.4.attn.c_q.weight.buf,1048576,1049401,RAW,0.02104433299973607
91,blocks.4.attn.c_k.weight.buf,1048576,1049401,RAW,0.020338291011285037
91,blocks.4.attn.c_v.weight.buf,1048576,1049401,RAW,0.03863549997913651
91,blocks.4.attn.c_proj.weight.buf,1048576,1049401,RAW,0.02002999998512678
91,blocks.4.mlp.c_fc.weight.buf,4194304,4196389,RAW,0.09871650001150556
91,blocks.4.mlp.c_proj.weight.buf,4194304,4195129,RAW,0.1249021670082584
91,blocks.5.attn.c_q.weight.buf,1048576,1049401,RAW,0.020930792001308873
91,blocks.5.attn.c_k.weight.buf,1048576,1049401,RAW,0.02013350001652725
91,blocks.5.attn.c_v.weight.buf,1048576,1049401,RAW,0.03752358298515901
91,blocks.5.attn.c_proj.weight.buf,1048576,1049401,RAW,0.02029070898424834
91,blocks.5.attn.ve_gate.weight.buf,512,1022,RAW,1.4042016118764877e-05
91,blocks.5.mlp.c_fc.weight.buf,4194304,4196389,RAW,0.09840712498407811
91,blocks.5.mlp.c_proj.weight.buf,4194304,4195129,RAW,0.10731329099508002
91,blocks.6.attn.c_q.weight.buf,1048576,1049401,RAW,0.03705275000538677
91,blocks.6.attn.c_k.weight.buf,1048576,1049401,RAW,0.019440291012870148
91,blocks.6.attn.c_v.weight.buf,1048576,1049401,RAW,0.019571000011637807
91,blocks.6.attn.c_proj.weight.buf,1048576,1049401,RAW,0.03716329199960455
91,blocks.6.mlp.c_fc.weight.buf,4194304,4196389,RAW,0.09749616699991748
91,blocks.6.mlp.c_proj.weight.buf,4194304,4195129,RAW,0.10176570800831541
91,blocks.7.attn.c_q.weight.buf,1048576,1049401,RAW,0.03641820800839923
91,blocks.7.attn.c_k.weight.buf,1048576,1049401,RAW,0.036936874996172264
91,blocks.7.attn.c_v.weight.buf,1048576,1049401,RAW,0.019423084013396874
91,blocks.7.attn.c_proj.weight.buf,1048576,1049401,RAW,0.03886054098256864
91,blocks.7.attn.ve_gate.weight.buf,512,1022,RAW,1.6999983927235007e-05
91,blocks.7.mlp.c_fc.weight.buf,4194304,4196389,RAW,0.09586404199944809
91,blocks.7.mlp.c_proj.weight.buf,4194304,4195129,RAW,0.10201912501361221
91,lm_head.weight.m,67108864,67136149,RAW,1.6495708750153426
91,lm_head.weight.v,67108864,67136149,RAW,1.6031559589901008
91,resid_lambdas.m,32,32,RAW_VECTOR,6.332993507385254e-06
91,resid_lambdas.v,32,32,RAW_VECTOR,1.916982000693679e-06
91,x0_lambdas.m,32,32,RAW_VECTOR,1.167005393654108e-06
91,x0_lambdas.v,32,32,RAW_VECTOR,4.5902561396360397e-07
91,value_embeds.1.weight.m,67108864,67136149,RAW,1.467736166989198
91,value_embeds.1.weight.v,67108864,67136149,RAW,1.3804280000040308
91,value_embeds.3.weight.m,67108864,67136149,RAW,1.47676487499848
91,value_embeds.3.weight.v,67108864,67136149,RAW,1.3972939170198515
91,value_embeds.5.weight.m,67108864,67136149,RAW,1.4792692909832112
91,value_embeds.5.weight.v,67108864,67136149,RAW,1.3887473749928176
91,value_embeds.7.weight.m,67108864,67136149,RAW,1.4616877920052502
91,value_embeds.7.weight.v,67108864,67136149,RAW,1.4097067499824334
92,wte.weight.m,67108864,67136149,RAW,1.4792707919841632
92,wte.weight.v,67108864,67136149,RAW,1.41146375000244
92,blocks.0.attn.c_q.weight.buf,1048576,1049401,RAW,0.019577541999751702
92,blocks.0.attn.c_k.weight.buf,1048576,1049401,RAW,0.03674429201055318
92,blocks.0.attn.c_v.weight.buf,1048576,1049401,RAW,0.020015083020552993
92,blocks.0.attn.c_proj.weight.buf,1048576,1049401,RAW,0.01977412501582876
92,blocks.0.mlp.c_fc.weight.buf,4194304,4196389,RAW,0.09740025000064634
92,blocks.0.mlp.c_proj.weight.buf,4194304,4195129,RAW,0.10419670899864286
92,blocks.1.attn.c_q.weight.buf,1048576,1049401,RAW,0.01960245901136659
92,blocks.1.attn.c_k.weight.buf,1048576,1049401,RAW,0.019424625003011897
92,blocks.1.attn.c_v.weight.buf,1048576,1049401,RAW,0.036865417001536116
92,blocks.1.attn.c_proj.weight.buf,1048576,1049401,RAW,0.019603332999395207
92,blocks.1.attn.ve_gate.weight.buf,512,1022,RAW,5.879098898731172e-05
92,blocks.1.mlp.c_fc.weight.buf,4194304,4196389,RAW,0.09954762499546632
92,blocks.1.mlp.c_proj.weight.buf,4194304,4195129,RAW,0.14809450000757352
92,blocks.2.attn.c_q.weight.buf,1048576,1049401,RAW,0.021532541984925047
92,blocks.2.attn.c_k.weight.buf,1048576,1049401,RAW,0.02107291598804295
92,blocks.2.attn.c_v.weight.buf,1048576,1049401,RAW,0.0430062499945052
92,blocks.2.attn.c_proj.weight.buf,1048576,1049401,RAW,0.021729999978560954
92,blocks.2.mlp.c_fc.weight.buf,4194304,4196389,RAW,0.10531458299374208
92,blocks.2.mlp.c_proj.weight.buf,4194304,4195129,RAW,0.12705104201450013
92,blocks.3.attn.c_q.weight.buf,1048576,1049401,RAW,0.020147500006714836
92,blocks.3.attn.c_k.weight.buf,1048576,1049401,RAW,0.020065874996362254
92,blocks.3.attn.c_v.weight.buf,1048576,1049401,RAW,0.03740762500092387
92,blocks.3.attn.c_proj.weight.buf,1048576,1049401,RAW,0.019887000002199784
92,blocks.3.attn.ve_gate.weight.buf,512,1022,RAW,1.7084006685763597e-05
92,blocks.3.mlp.c_fc.weight.buf,4194304,4196389,RAW,0.09923125000204891
92,blocks.3.mlp.c_proj.weight.buf,4194304,4195129,RAW,0.1250100410252344
92,blocks.4.attn.c_q.weight.buf,1048576,1049401,RAW,0.020923208008753136
92,blocks.4.attn.c_k.weight.buf,1048576,1049401,RAW,0.020519332989351824
92,blocks.4.attn.c_v.weight.buf,1048576,1049401,RAW,0.04009183298330754
92,blocks.4.attn.c_proj.weight.buf,1048576,1049401,RAW,0.021568915981333703
92,blocks.4.mlp.c_fc.weight.buf,4194304,4196389,RAW,0.10767991599277593
92,blocks.4.mlp.c_proj.weight.buf,4194304,4195129,RAW,0.12396399999852292
92,blocks.5.attn.c_q.weight.buf,1048576,1049401,RAW,0.02080270799342543
92,blocks.5.attn.c_k.weight.buf,1048576,1049401,RAW,0.020075790991540998
92,blocks.5.attn.c_v.weight.buf,1048576,1049401,RAW,0.0375607080059126
92,blocks.5.attn.c_proj.weight.buf,1048576,1049401,RAW,0.03822495901840739
92,blocks.5.attn.ve_gate.weight.buf,512,1022,RAW,2.4957989808171988e-05
92,blocks.5.mlp.c_fc.weight.buf,4194304,4196389,RAW,0.09977120801340789
92,blocks.5.mlp.c_proj.weight.buf,4194304,4195129,RAW,0.10639100000844337
92,blocks.6.attn.c_q.weight.buf,1048576,1049401,RAW,0.0378647499892395
92,blocks.6.attn.c_k.weight.buf,1048576,1049401,RAW,0.020361458999104798
92,blocks.6.attn.c_v.weight.buf,1048576,1049401,RAW,0.02037512499373406
92,blocks.6.attn.c_proj.weight.buf,1048576,1049401,RAW,0.038312707998557016
92,blocks.6.mlp.c_fc.weight.buf,4194304,4196389,RAW,0.09959316698950715
92,blocks.6.mlp.c_proj.weight.buf,4194304,4195129,RAW,0.10731537500396371
92,blocks.7.attn.c_q.weight.buf,1048576,1049401,RAW,0.03776304199709557
92,blocks.7.attn.c_k.weight.buf,1048576,1049401,RAW,0.020187625021208078
92,blocks.7.attn.c_v.weight.buf,1048576,1049401,RAW,0.01976520800963044
92,blocks.7.attn.c_proj.weight.buf,1048576,1049401,RAW,0.0370702079962939
92,blocks.7.attn.ve_gate.weight.buf,512,1022,RAW,1.2999982573091984e-05
92,blocks.7.mlp.c_fc.weight.buf,4194304,4196389,RAW,0.09657575000892393
92,blocks.7.mlp.c_proj.weight.buf,4194304,4195129,RAW,0.10161866698763333
92,lm_head.weight.m,67108864,67136149,RAW,1.6739805830002297
92,lm_head.weight.v,67108864,67136149,RAW,1.6076519160124008
92,resid_lambdas.m,32,32,RAW_VECTOR,5.832989700138569e-06
92,resid_lambdas.v,32,32,RAW_VECTOR,5.830079317092896e-07
92,x0_lambdas.m,32,32,RAW_VECTOR,8.749775588512421e-07
92,x0_lambdas.v,32,32,RAW_VECTOR,5.00003807246685e-07
92,value_embeds.1.weight.m,67108864,67136149,RAW,1.466596957994625
92,value_embeds.1.weight.v,67108864,67136149,RAW,1.382101708004484
92,value_embeds.3.weight.m,67108864,67136149,RAW,1.471107542020036
92,value_embeds.3.weight.v,67108864,67136149,RAW,1.4080934999801684
92,value_embeds.5.weight.m,67108864,67136149,RAW,1.4563165419967845
92,value_embeds.5.weight.v,67108864,67136149,RAW,1.3977319160185289
92,value_embeds.7.weight.m,67108864,67136149,RAW,1.4482470829971135
92,value_embeds.7.weight.v,67108864,67136149,RAW,1.4215067079931032
93,wte.weight.m,67108864,67136149,RAW,1.4553854999830946
93,wte.weight.v,67108864,67136149,RAW,1.4011769170174375
93,blocks.0.attn.c_q.weight.buf,1048576,1049401,RAW,0.020913459011353552
93,blocks.0.attn.c_k.weight.buf,1048576,1049401,RAW,0.020517958007985726
93,blocks.0.attn.c_v.weight.buf,1048576,1049401,RAW,0.03745875001186505
93,blocks.0.attn.c_proj.weight.buf,1048576,1049401,RAW,0.020175957994069904
93,blocks.0.mlp.c_fc.weight.buf,4194304,4196389,RAW,0.1222031670040451
93,blocks.0.mlp.c_proj.weight.buf,4194304,4195129,RAW,0.12685733300168067
93,blocks.1.attn.c_q.weight.buf,1048576,1049401,RAW,0.020721875014714897
93,blocks.1.attn.c_k.weight.buf,1048576,1049401,RAW,0.019949334004195407
93,blocks.1.attn.c_v.weight.buf,1048576,1049401,RAW,0.03672608299530111
93,blocks.1.attn.c_proj.weight.buf,1048576,1049401,RAW,0.02030054197530262
93,blocks.1.attn.ve_gate.weight.buf,512,1022,RAW,2.2499996703118086e-05
93,blocks.1.mlp.c_fc.weight.buf,4194304,4196389,RAW,0.09769429199513979
93,blocks.1.mlp.c_proj.weight.buf,4194304,4195129,RAW,0.10898304200964049
93,blocks.2.attn.c_q.weight.buf,1048576,1049401,RAW,0.02238966600270942
93,blocks.2.attn.c_k.weight.buf,1048576,1049401,RAW,0.020688749995315447
93,blocks.2.attn.c_v.weight.buf,1048576,1049401,RAW,0.020765749999554828
93,blocks.2.attn.c_proj.weight.buf,1048576,1049401,RAW,0.023828166973544285
93,blocks.2.mlp.c_fc.weight.buf,4194304,4196389,RAW,0.10091566701885313
93,blocks.2.mlp.c_proj.weight.buf,4194304,4195129,RAW,0.10473062499659136
93,blocks.3.attn.c_q.weight.buf,1048576,1049401,RAW,0.03773787501268089
93,blocks.3.attn.c_k.weight.buf,1048576,1049401,RAW,0.020343625015811995
93,blocks.3.attn.c_v.weight.buf,1048576,1049401,RAW,0.01992420799797401
93,blocks.3.attn.c_proj.weight.buf,1048576,1049401,RAW,0.03724966599838808
93,blocks.3.attn.ve_gate.weight.buf,512,1022,RAW,2.1124986233189702e-05
93,blocks.3.mlp.c_fc.weight.buf,4194304,4196389,RAW,0.11169045898714103
93,blocks.3.mlp.c_proj.weight.buf,4194304,4195129,RAW,0.15986262500518933
93,blocks.4.attn.c_q.weight.buf,1048576,1049401,RAW,0.022754791018087417
93,blocks.4.attn.c_k.weight.buf,1048576,1049401,RAW,0.021768542006611824
93,blocks.4.attn.c_v.weight.buf,1048576,1049401,RAW,0.042025167000247166
93,blocks.4.attn.c_proj.weight.buf,1048576,1049401,RAW,0.022408958000596613
93,blocks.4.mlp.c_fc.weight.buf,4194304,4196389,RAW,0.10533862499869429
93,blocks.4.mlp.c_proj.weight.buf,4194304,4195129,RAW,0.1409571669937577
93,blocks.5.attn.c_q.weight.buf,1048576,1049401,RAW,0.020221499988110736
93,blocks.5.attn.c_k.weight.buf,1048576,1049401,RAW,0.019791790982708335
93,blocks.5.attn.c_v.weight.buf,1048576,1049401,RAW,0.03724741699988954
93,blocks.5.attn.c_proj.weight.buf,1048576,1049401,RAW,0.0206142500101123
93,blocks.5.attn.ve_gate.weight.buf,512,1022,RAW,2.1624990040436387e-05
93,blocks.5.mlp.c_fc.weight.buf,4194304,4196389,RAW,0.09937770798569545
93,blocks.5.mlp.c_proj.weight.buf,4194304,4195129,RAW,0.12470520799979568
93,blocks.6.attn.c_q.weight.buf,1048576,1049401,RAW,0.020487250003498048
93,blocks.6.attn.c_k.weight.buf,1048576,1049401,RAW,0.01995979101047851
93,blocks.6.attn.c_v.weight.buf,1048576,1049401,RAW,0.01991683300002478
93,blocks.6.attn.c_proj.weight.buf,1048576,1049401,RAW,0.037956542015308514
93,blocks.6.mlp.c_fc.weight.buf,4194304,4196389,RAW,0.09862508400692604
93,blocks.6.mlp.c_proj.weight.buf,4194304,4195129,RAW,0.10893462502281182
93,blocks.7.attn.c_q.weight.buf,1048576,1049401,RAW,0.03887887499877252
93,blocks.7.attn.c_k.weight.buf,1048576,1049401,RAW,0.019995540991658345
93,blocks.7.attn.c_v.weight.buf,1048576,1049401,RAW,0.020058499998413026
93,blocks.7.attn.c_proj.weight.buf,1048576,1049401,RAW,0.03768270800355822
93,blocks.7.attn.ve_gate.weight.buf,512,1022,RAW,1.7749989638105035e-05
93,blocks.7.mlp.c_fc.weight.buf,4194304,4196389,RAW,0.09938012500060722
93,blocks.7.mlp.c_proj.weight.buf,4194304,4195129,RAW,0.10665787500329316
93,lm_head.weight.m,67108864,67136149,RAW,1.635327166004572
93,lm_head.weight.v,67108864,67136149,RAW,1.639336624997668
93,resid_lambdas.m,32,32,RAW_VECTOR,7.875001756474376e-06
93,resid_lambdas.v,32,32,RAW_VECTOR,6.250047590583563e-07
93,x0_lambdas.m,32,32,RAW_VECTOR,1.2910168152302504e-06
93,x0_lambdas.v,32,32,RAW_VECTOR,4.5797787606716156e-07
93,value_embeds.1.weight.m,67108864,67136149,RAW,1.4014704579894897
93,value_embeds.1.weight.v,67108864,67136149,RAW,1.4409365829778835
93,value_embeds.3.weight.m,67108864,67136149,RAW,1.4303002090018708
93,value_embeds.3.weight.v,67108864,67136149,RAW,1.4545011250011157
93,value_embeds.5.weight.m,67108864,67136149,RAW,1.4383694579883013
93,value_embeds.5.weight.v,67108864,67136149,RAW,1.4400688330060802
93,value_embeds.7.weight.m,67108864,67136149,RAW,1.4781541659904178
93,value_embeds.7.weight.v,67108864,67136149,RAW,1.4312063329853117
94,wte.weight.m,67108864,67136149,RAW,1.437757291016169
94,wte.weight.v,67108864,67136149,RAW,1.4227037079981528
94,blocks.0.attn.c_q.weight.buf,1048576,1049401,RAW,0.020239666977431625
94,blocks.0.attn.c_k.weight.buf,1048576,1049401,RAW,0.03810904099373147
94,blocks.0.attn.c_v.weight.buf,1048576,1049401,RAW,0.020199749997118488
94,blocks.0.attn.c_proj.weight.buf,1048576,1049401,RAW,0.01995474999421276
94,blocks.0.mlp.c_fc.weight.buf,4194304,4196389,RAW,0.10011579102138057
94,blocks.0.mlp.c_proj.weight.buf,4194304,4195129,RAW,0.11103633398306556
94,blocks.1.attn.c_q.weight.buf,1048576,1049401,RAW,0.01997724999091588
94,blocks.1.attn.c_k.weight.buf,1048576,1049401,RAW,0.037289416999556124
94,blocks.1.attn.c_v.weight.buf,1048576,1049401,RAW,0.02082566698663868
94,blocks.1.attn.c_proj.weight.buf,1048576,1049401,RAW,0.02019291598116979
94,blocks.1.attn.ve_gate.weight.buf,512,1022,RAW,2.041601692326367e-05
94,blocks.1.mlp.c_fc.weight.buf,4194304,4196389,RAW,0.11417945800349116
94,blocks.1.mlp.c_proj.weight.buf,4194304,4195129,RAW,0.10729499999433756
94,blocks.2.attn.c_q.weight.buf,1048576,1049401,RAW,0.020369041012600064
94,blocks.2.attn.c_k.weight.buf,1048576,1049401,RAW,0.036813999991863966
94,blocks.2.attn.c_v.weight.buf,1048576,1049401,RAW,0.020529375004116446
94,blocks.2.attn.c_proj.weight.buf,1048576,1049401,RAW,0.02049045800231397
94,blocks.2.mlp.c_fc.weight.buf,4194304,4196389,RAW,0.11418900001444854
94,blocks.2.mlp.c_proj.weight.buf,4194304,4195129,RAW,0.10771795801701955
94,blocks.3.attn.c_q.weight.buf,1048576,1049401,RAW,0.019816582993371412
94,blocks.3.attn.c_k.weight.buf,1048576,1049401,RAW,0.01964616699842736
94,blocks.3.attn.c_v.weight.buf,1048576,1049401,RAW,0.020944082993082702
94,blocks.3.attn.c_proj.weight.buf,1048576,1049401,RAW,0.019524708011886105
94,blocks.3.attn.ve_gate.weight.buf,512,1022,RAW,3.554098657332361e-05
94,blocks.3.mlp.c_fc.weight.buf,4194304,4196389,RAW,0.09722020800109021
94,blocks.3.mlp.c_proj.weight.buf,4194304,4195129,RAW,0.11949383301544003
94,blocks.4.attn.c_q.weight.buf,1048576,1049401,RAW,0.020381958020152524
94,blocks.4.attn.c_k.weight.buf,1048576,1049401,RAW,0.01969383400864899
94,blocks.4.attn.c_v.weight.buf,1048576,1049401,RAW,0.03602720898925327
94,blocks.4.attn.c_proj.weight.buf,1048576,1049401,RAW,0.036960375000489876
94,blocks.4.mlp.c_fc.weight.buf,4194304,4196389,RAW,0.09670900000492111
94,blocks.4.mlp.c_proj.weight.buf,4194304,4195129,RAW,0.1003963339899201
94,blocks.5.attn.c_q.weight.buf,1048576,1049401,RAW,0.03627037498517893
94,blocks.5.attn.c_k.weight.buf,1048576,1049401,RAW,0.01969045799341984
94,blocks.5.attn.c_v.weight.buf,1048576,1049401,RAW,0.019942082988563925
94,blocks.5.attn.c_proj.weight.buf,1048576,1049401,RAW,0.03953079102211632
94,blocks.5.attn.ve_gate.weight.buf,512,1022,RAW,4.170899046584964e-05
94,blocks.5.mlp.c_fc.weight.buf,4194304,4196389,RAW,0.09644200000911951
94,blocks.5.mlp.c_proj.weight.buf,4194304,4195129,RAW,0.1095377909950912
94,blocks.6.attn.c_q.weight.buf,1048576,1049401,RAW,0.04188766601146199
94,blocks.6.attn.c_k.weight.buf,1048576,1049401,RAW,0.021778207999886945
94,blocks.6.attn.c_v.weight.buf,1048576,1049401,RAW,0.021427625004434958
94,blocks.6.attn.c_proj.weight.buf,1048576,1049401,RAW,0.04165054199984297
94,blocks.6.mlp.c_fc.weight.buf,4194304,4196389,RAW,0.10669600000255741
94,blocks.6.mlp.c_proj.weight.buf,4194304,4195129,RAW,0.1299390000058338
94,blocks.7.attn.c_q.weight.buf,1048576,1049401,RAW,0.0427239999989979
94,blocks.7.attn.c_k.weight.buf,1048576,1049401,RAW,0.02104566601337865
94,blocks.7.attn.c_v.weight.buf,1048576,1049401,RAW,0.020301332988310605
94,blocks.7.attn.c_proj.weight.buf,1048576,1049401,RAW,0.03815916701569222
94,blocks.7.attn.ve_gate.weight.buf,512,1022,RAW,1.3042008504271507e-05
94,blocks.7.mlp.c_fc.weight.buf,4194304,4196389,RAW,0.10082537500420585
94,blocks.7.mlp.c_proj.weight.buf,4194304,4195129,RAW,0.10685199999716133
94,lm_head.weight.m,67108864,67136149,RAW,1.6083166250027716
94,lm_head.weight.v,67108864,67136149,RAW,1.6402649170195218
94,resid_lambdas.m,32,32,RAW_VECTOR,6.874994141981006e-06
94,resid_lambdas.v,32,32,RAW_VECTOR,1.9999861251562834e-06
94,x0_lambdas.m,32,32,RAW_VECTOR,1.3329845387488604e-06
94,x0_lambdas.v,32,32,RAW_VECTOR,4.169996827840805e-07
94,value_embeds.1.weight.m,67108864,67136149,RAW,1.4611807910259813
94,value_embeds.1.weight.v,67108864,67136149,RAW,1.4338085829804186
94,value_embeds.3.weight.m,67108864,67136149,RAW,1.4848341250035446
94,value_embeds.3.weight.v,67108864,67136149,RAW,1.4113708329969086
94,value_embeds.5.weight.m,67108864,67136149,RAW,1.495176625001477
94,value_embeds.5.weight.v,67108864,67136149,RAW,1.3819292089901865
94,value_embeds.7.weight.m,67108864,67136149,RAW,1.5024362500116695
94,value_embeds.7.weight.v,67108864,67136149,RAW,1.4290914579760283
95,wte.weight.m,67108864,67136149,RAW,1.4852830419840757
95,wte.weight.v,67108864,67136149,RAW,1.4349027919815853
95,blocks.0.attn.c_q.weight.buf,1048576,1049401,RAW,0.04478795800241642
95,blocks.0.attn.c_k.weight.buf,1048576,1049401,RAW,0.021474165987456217
95,blocks.0.attn.c_v.weight.buf,1048576,1049401,RAW,0.021374584001023322
95,blocks.0.attn.c_proj.weight.buf,1048576,1049401,RAW,0.03708524999092333
95,blocks.0.mlp.c_fc.weight.buf,4194304,4196389,RAW,0.09916162502486259
95,blocks.0.mlp.c_proj.weight.buf,4194304,4195129,RAW,0.10700541699770838
95,blocks.1.attn.c_q.weight.buf,1048576,1049401,RAW,0.01978262499324046
95,blocks.1.attn.c_k.weight.buf,1048576,1049401,RAW,0.022634041000856087
95,blocks.1.attn.c_v.weight.buf,1048576,1049401,RAW,0.02096429100492969
95,blocks.1.attn.c_proj.weight.buf,1048576,1049401,RAW,0.01995324998279102
95,blocks.1.attn.ve_gate.weight.buf,512,1022,RAW,1.4416000340133905e-05
95,blocks.1.mlp.c_fc.weight.buf,4194304,4196389,RAW,0.11665920799714513
95,blocks.1.mlp.c_proj.weight.buf,4194304,4195129,RAW,0.10794066698872484
95,blocks.2.attn.c_q.weight.buf,1048576,1049401,RAW,0.020216541015543044
95,blocks.2.attn.c_k.weight.buf,1048576,1049401,RAW,0.03737645799992606
95,blocks.2.attn.c_v.weight.buf,1048576,1049401,RAW,0.020377667009597644
95,blocks.2.attn.c_proj.weight.buf,1048576,1049401,RAW,0.020009332976769656
95,blocks.2.mlp.c_fc.weight.buf,4194304,4196389,RAW,0.11505379099980928
95,blocks.2.mlp.c_proj.weight.buf,4194304,4195129,RAW,0.10651908299769275
95,blocks.3.attn.c_q.weight.buf,1048576,1049401,RAW,0.020068000012543052
95,blocks.3.attn.c_k.weight.buf,1048576,1049401,RAW,0.02055675000883639
95,blocks.3.attn.c_v.weight.buf,1048576,1049401,RAW,0.021376458986196667
95,blocks.3.attn.c_proj.weight.buf,1048576,1049401,RAW,0.02027683300548233
95,blocks.3.attn.ve_gate.weight.buf,512,1022,RAW,2.9791990527883172e-05
95,blocks.3.mlp.c_fc.weight.buf,4194304,4196389,RAW,0.10004933399613947
95,blocks.3.mlp.c_proj.weight.buf,4194304,4195129,RAW,0.1269337919948157
95,blocks.4.attn.c_q.weight.buf,1048576,1049401,RAW,0.02035833298577927
95,blocks.4.attn.c_k.weight.buf,1048576,1049401,RAW,0.020024083001771942
95,blocks.4.attn.c_v.weight.buf,1048576,1049401,RAW,0.0376738749910146
95,blocks.4.attn.c_proj.weight.buf,1048576,1049401,RAW,0.02098475000821054
95,blocks.4.mlp.c_fc.weight.buf,4194304,4196389,RAW,0.11608341700048186
95,blocks.4.mlp.c_proj.weight.buf,4194304,4195129,RAW,0.12208800000371411
95,blocks.5.attn.c_q.weight.buf,1048576,1049401,RAW,0.02039829097338952
95,blocks.5.attn.c_k.weight.buf,1048576,1049401,RAW,0.01986991602461785
95,blocks.5.attn.c_v.weight.buf,1048576,1049401,RAW,0.036327999987406656
95,blocks.5.attn.c_proj.weight.buf,1048576,1049401,RAW,0.019865124981151894
95,blocks.5.attn.ve_gate.weight.buf,512,1022,RAW,2.8749986086040735e-05
95,blocks.5.mlp.c_fc.weight.buf,4194304,4196389,RAW,0.09755499998573214
95,blocks.5.mlp.c_proj.weight.buf,4194304,4195129,RAW,0.10281391700846143
95,blocks.6.attn.c_q.weight.buf,1048576,1049401,RAW,0.037464915978489444
95,blocks.6.attn.c_k.weight.buf,1048576,1049401,RAW,0.01950858300551772
95,blocks.6.attn.c_v.weight.buf,1048576,1049401,RAW,0.019514207990141585
95,blocks.6.attn.c_proj.weight.buf,1048576,1049401,RAW,0.021357124991482124
95,blocks.6.mlp.c_fc.weight.buf,4194304,4196389,RAW,0.09706345899030566
95,blocks.6.mlp.c_proj.weight.buf,4194304,4195129,RAW,0.1022651249950286
95,blocks.7.attn.c_q.weight.buf,1048576,1049401,RAW,0.03681691602105275
95,blocks.7.attn.c_k.weight.buf,1048576,1049401,RAW,0.019451333006145433
95,blocks.7.attn.c_v.weight.buf,1048576,1049401,RAW,0.019914874981623143
95,blocks.7.attn.c_proj.weight.buf,1048576,1049401,RAW,0.03689129202393815
95,blocks.7.attn.ve_gate.weight.buf,512,1022,RAW,1.291697844862938e-05
95,blocks.7.mlp.c_fc.weight.buf,4194304,4196389,RAW,0.11228029199992307
95,blocks.7.mlp.c_proj.weight.buf,4194304,4195129,RAW,0.1286027500173077
95,lm_head.weight.m,67108864,67136149,RAW,1.6519352079776581
95,lm_head.weight.v,67108864,67136149,RAW,1.632426124997437
95,resid_lambdas.m,32,32,RAW_VECTOR,7.374997949227691e-06
95,resid_lambdas.v,32,32,RAW_VECTOR,5.420006345957518e-07
95,x0_lambdas.m,32,32,RAW_VECTOR,1.8329883459955454e-06
95,x0_lambdas.v,32,32,RAW_VECTOR,4.5899651013314724e-07
95,value_embeds.1.weight.m,67108864,67136149,RAW,1.473927665996598
95,value_embeds.1.weight.v,67108864,67136149,RAW,1.3853357089974452
95,value_embeds.3.weight.m,67108864,67136149,RAW,1.5181259580131155
95,value_embeds.3.weight.v,67108864,67136149,RAW,1.39590908298851
95,value_embeds.5.weight.m,67108864,67136149,RAW,1.5168312920141034
95,value_embeds.5.weight.v,67108864,67136149,RAW,1.383454625000013
95,value_embeds.7.weight.m,67108864,67136149,RAW,1.528099832998123
95,value_embeds.7.weight.v,67108864,67136149,RAW,1.4318063330138102
96,wte.weight.m,67108864,67136149,RAW,1.4965887499856763
96,wte.weight.v,67108864,67136149,RAW,1.4023297909880057
96,blocks.0.attn.c_q.weight.buf,1048576,1049401,RAW,0.019971000001532957
96,blocks.0.attn.c_k.weight.buf,1048576,1049401,RAW,0.020134916994720697
96,blocks.0.attn.c_v.weight.buf,1048576,1049401,RAW,0.03616150000016205
96,blocks.0.attn.c_proj.weight.buf,1048576,1049401,RAW,0.019858625018969178
96,blocks.0.mlp.c_fc.weight.buf,4194304,4196389,RAW,0.10321641698828898
96,blocks.0.mlp.c_proj.weight.buf,4194304,4195129,RAW,0.1739405000116676
96,blocks.1.attn.c_q.weight.buf,1048576,1049401,RAW,0.021127707994310185
96,blocks.1.attn.c_k.weight.buf,1048576,1049401,RAW,0.04199016699567437
96,blocks.1.attn.c_v.weight.buf,1048576,1049401,RAW,0.021582540997769684
96,blocks.1.attn.c_proj.weight.buf,1048576,1049401,RAW,0.0212178330111783
96,blocks.1.attn.ve_gate.weight.buf,512,1022,RAW,2.449998282827437e-05
96,blocks.1.mlp.c_fc.weight.buf,4194304,4196389,RAW,0.10254770901519805
96,blocks.1.mlp.c_proj.weight.buf,4194304,4195129,RAW,0.12432812500628643
96,blocks.2.attn.c_q.weight.buf,1048576,1049401,RAW,0.019860542000969872
96,blocks.2.attn.c_k.weight.buf,1048576,1049401,RAW,0.038002625020453706
96,blocks.2.attn.c_v.weight.buf,1048576,1049401,RAW,0.02128812501905486
96,blocks.2.attn.c_proj.weight.buf,1048576,1049401,RAW,0.020913249987643212
96,blocks.2.mlp.c_fc.weight.buf,4194304,4196389,RAW,0.09945695800706744
96,blocks.2.mlp.c_proj.weight.buf,4194304,4195129,RAW,0.10665766597958282
96,blocks.3.attn.c_q.weight.buf,1048576,1049401,RAW,0.02035983299720101
96,blocks.3.attn.c_k.weight.buf,1048576,1049401,RAW,0.02027675000135787
96,blocks.3.attn.c_v.weight.buf,1048576,1049401,RAW,0.037917250010650605
96,blocks.3.attn.c_proj.weight.buf,1048576,1049401,RAW,0.01966483297292143
96,blocks.3.attn.ve_gate.weight.buf,512,1022,RAW,1.6999983927235007e-05
96,blocks.3.mlp.c_fc.weight.buf,4194304,4196389,RAW,0.09855258400784805
96,blocks.3.mlp.c_proj.weight.buf,4194304,4195129,RAW,0.12311437501921318
96,blocks.4.attn.c_q.weight.buf,1048576,1049401,RAW,0.020785917004104704
96,blocks.4.attn.c_k.weight.buf,1048576,1049401,RAW,0.019882541993865743
96,blocks.4.attn.c_v.weight.buf,1048576,1049401,RAW,0.037348957994254306
96,blocks.4.attn.c_proj.weight.buf,1048576,1049401,RAW,0.020496417011599988
96,blocks.4.mlp.c_fc.weight.buf,4194304,4196389,RAW,0.10020558300311677
96,blocks.4.mlp.c_proj.weight.buf,4194304,4195129,RAW,0.1396822500100825
96,blocks.5.attn.c_q.weight.buf,1048576,1049401,RAW,0.02101349999429658
96,blocks.5.attn.c_k.weight.buf,1048576,1049401,RAW,0.0199652919836808
96,blocks.5.attn.c_v.weight.buf,1048576,1049401,RAW,0.019888625014573336
96,blocks.5.attn.c_proj.weight.buf,1048576,1049401,RAW,0.037681042012991384
96,blocks.5.attn.ve_gate.weight.buf,512,1022,RAW,2.13750172406435e-05
96,blocks.5.mlp.c_fc.weight.buf,4194304,4196389,RAW,0.10075470799347386
96,blocks.5.mlp.c_proj.weight.buf,4194304,4195129,RAW,0.10779154099873267
96,blocks.6.attn.c_q.weight.buf,1048576,1049401,RAW,0.03775058398605324
96,blocks.6.attn.c_k.weight.buf,1048576,1049401,RAW,0.020304709003539756
96,blocks.6.attn.c_v.weight.buf,1048576,1049401,RAW,0.020288209023419768
96,blocks.6.attn.c_proj.weight.buf,1048576,1049401,RAW,0.037213999981759116
96,blocks.6.mlp.c_fc.weight.buf,4194304,4196389,RAW,0.09848104201955721
96,blocks.6.mlp.c_proj.weight.buf,4194304,4195129,RAW,0.10278958300477825
96,blocks.7.attn.c_q.weight.buf,1048576,1049401,RAW,0.03563429199857637
96,blocks.7.attn.c_k.weight.buf,1048576,1049401,RAW,0.02025858301203698
96,blocks.7.attn.c_v.weight.buf,1048576,1049401,RAW,0.019586042006267235
96,blocks.7.attn.c_proj.weight.buf,1048576,1049401,RAW,0.020051542000146583
96,blocks.7.attn.ve_gate.weight.buf,512,1022,RAW,2.5957997422665358e-05
96,blocks.7.mlp.c_fc.weight.buf,4194304,4196389,RAW,0.09791787498397753
96,blocks.7.mlp.c_proj.weight.buf,4194304,4195129,RAW,0.1183032910048496
96,lm_head.weight.m,67108864,67136149,RAW,1.68517625000095
96,lm_head.weight.v,67108864,67136149,RAW,1.6313349169795401
96,resid_lambdas.m,32,32,RAW_VECTOR,7.499998901039362e-06
96,resid_lambdas.v,32,32,RAW_VECTOR,6.67001586407423e-07
96,x0_lambdas.m,32,32,RAW_VECTOR,1.2080126907676458e-06
96,x0_lambdas.v,32,32,RAW_VECTOR,4.5902561396360397e-07
96,value_embeds.1.weight.m,67108864,67136149,RAW,1.5139948749856558
96,value_embeds.1.weight.v,67108864,67136149,RAW,1.4215764580003452
96,value_embeds.3.weight.m,67108864,67136149,RAW,1.5151246250024997
96,value_embeds.3.weight.v,67108864,67136149,RAW,1.4250734579982236
96,value_embeds.5.weight.m,67108864,67136149,RAW,1.5075071250030305
96,value_embeds.5.weight.v,67108864,67136149,RAW,1.4383602080051787
96,value_embeds.7.weight.m,67108864,67136149,RAW,1.5122473340015858
96,value_embeds.7.weight.v,67108864,67136149,RAW,1.4314520840125624
97,wte.weight.m,67108864,67136149,RAW,1.5015128749946598
97,wte.weight.v,67108864,67136149,RAW,1.3993488749838434
97,blocks.0.attn.c_q.weight.buf,1048576,1049401,RAW,0.03602058399701491
97,blocks.0.attn.c_k.weight.buf,1048576,1049401,RAW,0.02007383300224319
97,blocks.0.attn.c_v.weight.buf,1048576,1049401,RAW,0.019735249981749803
97,blocks.0.attn.c_proj.weight.buf,1048576,1049401,RAW,0.02002712502144277
97,blocks.0.mlp.c_fc.weight.buf,4194304,4196389,RAW,0.09596954099833965
97,blocks.0.mlp.c_proj.weight.buf,4194304,4195129,RAW,0.10166983300587162
97,blocks.1.attn.c_q.weight.buf,1048576,1049401,RAW,0.019714082998689264
97,blocks.1.attn.c_k.weight.buf,1048576,1049401,RAW,0.035813458991469815
97,blocks.1.attn.c_v.weight.buf,1048576,1049401,RAW,0.020192041993141174
97,blocks.1.attn.c_proj.weight.buf,1048576,1049401,RAW,0.019911332987248898
97,blocks.1.attn.ve_gate.weight.buf,512,1022,RAW,2.0916020730510354e-05
97,blocks.1.mlp.c_fc.weight.buf,4194304,4196389,RAW,0.10595875000581145
97,blocks.1.mlp.c_proj.weight.buf,4194304,4195129,RAW,0.15419324999675155
97,blocks.2.attn.c_q.weight.buf,1048576,1049401,RAW,0.02146266697673127
97,blocks.2.attn.c_k.weight.buf,1048576,1049401,RAW,0.04235229198820889
97,blocks.2.attn.c_v.weight.buf,1048576,1049401,RAW,0.021497959009138867
97,blocks.2.attn.c_proj.weight.buf,1048576,1049401,RAW,0.021768374979728833
97,blocks.2.mlp.c_fc.weight.buf,4194304,4196389,RAW,0.12258591598947532
97,blocks.2.mlp.c_proj.weight.buf,4194304,4195129,RAW,0.10603187498054467
97,blocks.3.attn.c_q.weight.buf,1048576,1049401,RAW,0.020106042007682845
97,blocks.3.attn.c_k.weight.buf,1048576,1049401,RAW,0.03747300000395626
97,blocks.3.attn.c_v.weight.buf,1048576,1049401,RAW,0.020475833996897563
97,blocks.3.attn.c_proj.weight.buf,1048576,1049401,RAW,0.02032916701864451
97,blocks.3.attn.ve_gate.weight.buf,512,1022,RAW,1.3417011359706521e-05
97,blocks.3.mlp.c_fc.weight.buf,4194304,4196389,RAW,0.11484404100337997
97,blocks.3.mlp.c_proj.weight.buf,4194304,4195129,RAW,0.10674554097931832
97,blocks.4.attn.c_q.weight.buf,1048576,1049401,RAW,0.02030845798435621
97,blocks.4.attn.c_k.weight.buf,1048576,1049401,RAW,0.020040083007188514
97,blocks.4.attn.c_v.weight.buf,1048576,1049401,RAW,0.038241917005507275
97,blocks.4.attn.c_proj.weight.buf,1048576,1049401,RAW,0.020209417009027675
97,blocks.4.mlp.c_fc.weight.buf,4194304,4196389,RAW,0.09858183297910728
97,blocks.4.mlp.c_proj.weight.buf,4194304,4195129,RAW,0.14183904198580422
97,blocks.5.attn.c_q.weight.buf,1048576,1049401,RAW,0.020719499996630475
97,blocks.5.attn.c_k.weight.buf,1048576,1049401,RAW,0.0198602500022389
97,blocks.5.attn.c_v.weight.buf,1048576,1049401,RAW,0.03753920801682398
97,blocks.5.attn.c_proj.weight.buf,1048576,1049401,RAW,0.020429832977242768
97,blocks.5.attn.ve_gate.weight.buf,512,1022,RAW,1.5291007002815604e-05
97,blocks.5.mlp.c_fc.weight.buf,4194304,4196389,RAW,0.10055487501085736
97,blocks.5.mlp.c_proj.weight.buf,4194304,4195129,RAW,0.12675945801311173
97,blocks.6.attn.c_q.weight.buf,1048576,1049401,RAW,0.02024895799695514
97,blocks.6.attn.c_k.weight.buf,1048576,1049401,RAW,0.0199138329771813
97,blocks.6.attn.c_v.weight.buf,1048576,1049401,RAW,0.02002999998512678
97,blocks.6.attn.c_proj.weight.buf,1048576,1049401,RAW,0.02178829099284485
97,blocks.6.mlp.c_fc.weight.buf,4194304,4196389,RAW,0.09892849999596365
97,blocks.6.mlp.c_proj.weight.buf,4194304,4195129,RAW,0.10717641600058414
97,blocks.7.attn.c_q.weight.buf,1048576,1049401,RAW,0.0401536250137724
97,blocks.7.attn.c_k.weight.buf,1048576,1049401,RAW,0.020766665984410793
97,blocks.7.attn.c_v.weight.buf,1048576,1049401,RAW,0.0195184999902267
97,blocks.7.attn.c_proj.weight.buf,1048576,1049401,RAW,0.037371500016888604
97,blocks.7.attn.ve_gate.weight.buf,512,1022,RAW,1.8708000425249338e-05
97,blocks.7.mlp.c_fc.weight.buf,4194304,4196389,RAW,0.09599987498950213
97,blocks.7.mlp.c_proj.weight.buf,4194304,4195129,RAW,0.11835441700532101
97,lm_head.weight.m,67108864,67136149,RAW,1.669015749997925
97,lm_head.weight.v,67108864,67136149,RAW,1.6027132919989526
97,resid_lambdas.m,32,32,RAW_VECTOR,2.320797648280859e-05
97,resid_lambdas.v,32,32,RAW_VECTOR,4.6670029405504465e-06
97,x0_lambdas.m,32,32,RAW_VECTOR,1.167005393654108e-06
97,x0_lambdas.v,32,32,RAW_VECTOR,2.9199873097240925e-07
97,value_embeds.1.weight.m,67108864,67136149,RAW,1.504770625004312
97,value_embeds.1.weight.v,67108864,67136149,RAW,1.419615958002396
97,value_embeds.3.weight.m,67108864,67136149,RAW,1.5637336249928921
97,value_embeds.3.weight.v,67108864,67136149,RAW,1.4198654160136357
97,value_embeds.5.weight.m,67108864,67136149,RAW,1.5034400840231683
97,value_embeds.5.weight.v,67108864,67136149,RAW,1.42348487500567
97,value_embeds.7.weight.m,67108864,67136149,RAW,1.5112695840070955
97,value_embeds.7.weight.v,67108864,67136149,RAW,1.4957448749919422
98,wte.weight.m,67108864,67136149,RAW,1.5268719579908065
98,wte.weight.v,67108864,67136149,RAW,1.422558416990796
98,blocks.0.attn.c_q.weight.buf,1048576,1049401,RAW,0.02029275000677444
98,blocks.0.attn.c_k.weight.buf,1048576,1049401,RAW,0.03846079099457711
98,blocks.0.attn.c_v.weight.buf,1048576,1049401,RAW,0.02027149999048561
98,blocks.0.attn.c_proj.weight.buf,1048576,1049401,RAW,0.020671707985457033
98,blocks.0.mlp.c_fc.weight.buf,4194304,4196389,RAW,0.10258420900208876
98,blocks.0.mlp.c_proj.weight.buf,4194304,4195129,RAW,0.11491633299738169
98,blocks.1.attn.c_q.weight.buf,1048576,1049401,RAW,0.020659583009546623
98,blocks.1.attn.c_k.weight.buf,1048576,1049401,RAW,0.03673733299365267
98,blocks.1.attn.c_v.weight.buf,1048576,1049401,RAW,0.01996166698518209
98,blocks.1.attn.c_proj.weight.buf,1048576,1049401,RAW,0.019764166994718835
98,blocks.1.attn.ve_gate.weight.buf,512,1022,RAW,9.874987881630659e-06
98,blocks.1.mlp.c_fc.weight.buf,4194304,4196389,RAW,0.11086916699423455
98,blocks.1.mlp.c_proj.weight.buf,4194304,4195129,RAW,0.10269995802082121
98,blocks.2.attn.c_q.weight.buf,1048576,1049401,RAW,0.02000287498231046
98,blocks.2.attn.c_k.weight.buf,1048576,1049401,RAW,0.01947475000633858
98,blocks.2.attn.c_v.weight.buf,1048576,1049401,RAW,0.036324707994936034
98,blocks.2.attn.c_proj.weight.buf,1048576,1049401,RAW,0.02165124999010004
98,blocks.2.mlp.c_fc.weight.buf,4194304,4196389,RAW,0.10595616599312052
98,blocks.2.mlp.c_proj.weight.buf,4194304,4195129,RAW,0.15678000001935288
98,blocks.3.attn.c_q.weight.buf,1048576,1049401,RAW,0.02131708399974741
98,blocks.3.attn.c_k.weight.buf,1048576,1049401,RAW,0.040620333020342514
98,blocks.3.attn.c_v.weight.buf,1048576,1049401,RAW,0.021901250001974404
98,blocks.3.attn.c_proj.weight.buf,1048576,1049401,RAW,0.021794917003717273
98,blocks.3.attn.ve_gate.weight.buf,512,1022,RAW,6.066699279472232e-05
98,blocks.3.mlp.c_fc.weight.buf,4194304,4196389,RAW,0.11934737500268966
98,blocks.3.mlp.c_proj.weight.buf,4194304,4195129,RAW,0.10643141702166758
98,blocks.4.attn.c_q.weight.buf,1048576,1049401,RAW,0.020661332993768156
98,blocks.4.attn.c_k.weight.buf,1048576,1049401,RAW,0.019827957992674783
98,blocks.4.attn.c_v.weight.buf,1048576,1049401,RAW,0.037308416998712346
98,blocks.4.attn.c_proj.weight.buf,1048576,1049401,RAW,0.02012674999423325
98,blocks.4.mlp.c_fc.weight.buf,4194304,4196389,RAW,0.11435324998456053
98,blocks.4.mlp.c_proj.weight.buf,4194304,4195129,RAW,0.12671295800828375
98,blocks.5.attn.c_q.weight.buf,1048576,1049401,RAW,0.020166875008726493
98,blocks.5.attn.c_k.weight.buf,1048576,1049401,RAW,0.019948458997532725
98,blocks.5.attn.c_v.weight.buf,1048576,1049401,RAW,0.03807787498226389
98,blocks.5.attn.c_proj.weight.buf,1048576,1049401,RAW,0.02025258299545385
98,blocks.5.attn.ve_gate.weight.buf,512,1022,RAW,1.750001683831215e-05
98,blocks.5.mlp.c_fc.weight.buf,4194304,4196389,RAW,0.09926445898599923
98,blocks.5.mlp.c_proj.weight.buf,4194304,4195129,RAW,0.1317803330020979
98,blocks.6.attn.c_q.weight.buf,1048576,1049401,RAW,0.021161000011488795
98,blocks.6.attn.c_k.weight.buf,1048576,1049401,RAW,0.02017637502285652
98,blocks.6.attn.c_v.weight.buf,1048576,1049401,RAW,0.037930334015982226
98,blocks.6.attn.c_proj.weight.buf,1048576,1049401,RAW,0.021020791988121346
98,blocks.6.mlp.c_fc.weight.buf,4194304,4196389,RAW,0.09894845800590701
98,blocks.6.mlp.c_proj.weight.buf,4194304,4195129,RAW,0.10562650000792928
98,blocks.7.attn.c_q.weight.buf,1048576,1049401,RAW,0.03757791599491611
98,blocks.7.attn.c_k.weight.buf,1048576,1049401,RAW,0.02021499999682419
98,blocks.7.attn.c_v.weight.buf,1048576,1049401,RAW,0.020434250007383525
98,blocks.7.attn.c_proj.weight.buf,1048576,1049401,RAW,0.03765458401176147
98,blocks.7.attn.ve_gate.weight.buf,512,1022,RAW,1.9750004867091775e-05
98,blocks.7.mlp.c_fc.weight.buf,4194304,4196389,RAW,0.11582779200398363
98,blocks.7.mlp.c_proj.weight.buf,4194304,4195129,RAW,0.10910425000474788
98,lm_head.weight.m,67108864,67136149,RAW,1.622237417002907
98,lm_head.weight.v,67108864,67136149,RAW,1.6332863330026157
98,resid_lambdas.m,32,32,RAW_VECTOR,8.707982487976551e-06
98,resid_lambdas.v,32,32,RAW_VECTOR,5.00003807246685e-07
98,x0_lambdas.m,32,32,RAW_VECTOR,1.1250085663050413e-06
98,x0_lambdas.v,32,32,RAW_VECTOR,4.999747034162283e-07
98,value_embeds.1.weight.m,67108864,67136149,RAW,1.503654666012153
98,value_embeds.1.weight.v,67108864,67136149,RAW,1.406917540996801
98,value_embeds.3.weight.m,67108864,67136149,RAW,1.5159864590095822
98,value_embeds.3.weight.v,67108864,67136149,RAW,1.437828208989231
98,value_embeds.5.weight.m,67108864,67136149,RAW,1.4714053330244496
98,value_embeds.5.weight.v,67108864,67136149,RAW,1.4644799159723334
98,value_embeds.7.weight.m,67108864,67136149,RAW,1.5047148330195341
98,value_embeds.7.weight.v,67108864,67136149,RAW,1.476015082997037
99,wte.weight.m,67108864,67136149,RAW,1.4952609169995412
99,wte.weight.v,67108864,67136149,RAW,1.4348579159996007
99,blocks.0.attn.c_q.weight.buf,1048576,1049401,RAW,0.021490667015314102
99,blocks.0.attn.c_k.weight.buf,1048576,1049401,RAW,0.019967208994785324
99,blocks.0.attn.c_v.weight.buf,1048576,1049401,RAW,0.020030957995913923
99,blocks.0.attn.c_proj.weight.buf,1048576,1049401,RAW,0.03752179199364036
99,blocks.0.mlp.c_fc.weight.buf,4194304,4196389,RAW,0.09788958300487138
99,blocks.0.mlp.c_proj.weight.buf,4194304,4195129,RAW,0.10799237500759773
99,blocks.1.attn.c_q.weight.buf,1048576,1049401,RAW,0.03775233399937861
99,blocks.1.attn.c_k.weight.buf,1048576,1049401,RAW,0.020049125014338642
99,blocks.1.attn.c_v.weight.buf,1048576,1049401,RAW,0.01964587499969639
99,blocks.1.attn.c_proj.weight.buf,1048576,1049401,RAW,0.03648666699882597
99,blocks.1.attn.ve_gate.weight.buf,512,1022,RAW,1.6250007320195436e-05
99,blocks.1.mlp.c_fc.weight.buf,4194304,4196389,RAW,0.09788933300296776
99,blocks.1.mlp.c_proj.weight.buf,4194304,4195129,RAW,0.10208987499936484
99,blocks.2.attn.c_q.weight.buf,1048576,1049401,RAW,0.019760791008593515
99,blocks.2.attn.c_k.weight.buf,1048576,1049401,RAW,0.03629470898886211
99,blocks.2.attn.c_v.weight.buf,1048576,1049401,RAW,0.019920374994399026
99,blocks.2.attn.c_proj.weight.buf,1048576,1049401,RAW,0.020281749981222674
99,blocks.2.mlp.c_fc.weight.buf,4194304,4196389,RAW,0.11305854201782495
99,blocks.2.mlp.c_proj.weight.buf,4194304,4195129,RAW,0.10238774999743327
99,blocks.3.attn.c_q.weight.buf,1048576,1049401,RAW,0.019751417014049366
99,blocks.3.attn.c_k.weight.buf,1048576,1049401,RAW,0.036498708999715745
99,blocks.3.attn.c_v.weight.buf,1048576,1049401,RAW,0.019963375001680106
99,blocks.3.attn.c_proj.weight.buf,1048576,1049401,RAW,0.02024074998917058
99,blocks.3.attn.ve_gate.weight.buf,512,1022,RAW,2.4083012249320745e-05
99,blocks.3.mlp.c_fc.weight.buf,4194304,4196389,RAW,0.10199549997923896
99,blocks.3.mlp.c_proj.weight.buf,4194304,4195129,RAW,0.13300425000488758
99,blocks.4.attn.c_q.weight.buf,1048576,1049401,RAW,0.02161258299020119
99,blocks.4.attn.c_k.weight.buf,1048576,1049401,RAW,0.042328708979766816
99,blocks.4.attn.c_v.weight.buf,1048576,1049401,RAW,0.021231833001365885
99,blocks.4.attn.c_proj.weight.buf,1048576,1049401,RAW,0.021228416997473687
99,blocks.4.mlp.c_fc.weight.buf,4194304,4196389,RAW,0.1289553749957122
99,blocks.4.mlp.c_proj.weight.buf,4194304,4195129,RAW,0.12617241599946283
99,blocks.5.attn.c_q.weight.buf,1048576,1049401,RAW,0.020559916010824963
99,blocks.5.attn.c_k.weight.buf,1048576,1049401,RAW,0.038264332979451865
99,blocks.5.attn.c_v.weight.buf,1048576,1049401,RAW,0.020259750017430633
99,blocks.5.attn.c_proj.weight.buf,1048576,1049401,RAW,0.020259167009498924
99,blocks.5.attn.ve_gate.weight.buf,512,1022,RAW,1.5833997167646885e-05
99,blocks.5.mlp.c_fc.weight.buf,4194304,4196389,RAW,0.11586029201862402
99,blocks.5.mlp.c_proj.weight.buf,4194304,4195129,RAW,0.11002550000557676
99,blocks.6.attn.c_q.weight.buf,1048576,1049401,RAW,0.019878209015587345
99,blocks.6.attn.c_k.weight.buf,1048576,1049401,RAW,0.03749337498447858
99,blocks.6.attn.c_v.weight.buf,1048576,1049401,RAW,0.021138667012564838
99,blocks.6.attn.c_proj.weight.buf,1048576,1049401,RAW,0.020182959007797763
99,blocks.6.mlp.c_fc.weight.buf,4194304,4196389,RAW,0.10057808400597423
99,blocks.6.mlp.c_proj.weight.buf,4194304,4195129,RAW,0.12857020797673613
99,blocks.7.attn.c_q.weight.buf,1048576,1049401,RAW,0.020854165981290862
99,blocks.7.attn.c_k.weight.buf,1048576,1049401,RAW,0.022783166990848258
99,blocks.7.attn.c_v.weight.buf,1048576,1049401,RAW,0.024193874996853992
99,blocks.7.attn.c_proj.weight.buf,1048576,1049401,RAW,0.02115320900338702
99,blocks.7.attn.ve_gate.weight.buf,512,1022,RAW,3.5833014408126473e-05
99,blocks.7.mlp.c_fc.weight.buf,4194304,4196389,RAW,0.10140716700698249
99,blocks.7.mlp.c_proj.weight.buf,4194304,4195129,RAW,0.1337839170009829
99,lm_head.weight.m,67108864,67136149,RAW,1.6211192090122495
99,lm_head.weight.v,67108864,67136149,RAW,1.6751196669938508
99,resid_lambdas.m,32,32,RAW_VECTOR,8.540984708815813e-06
99,resid_lambdas.v,32,32,RAW_VECTOR,6.250047590583563e-07
99,x0_lambdas.m,32,32,RAW_VECTOR,9.999785106629133e-07
99,x0_lambdas.v,32,32,RAW_VECTOR,4.5899651013314724e-07
99,value_embeds.1.weight.m,67108864,67136149,RAW,1.4718820420093834
99,value_embeds.1.weight.v,67108864,67136149,RAW,1.4694051249825861
99,value_embeds.3.weight.m,67108864,67136149,RAW,1.5012708750145976
99,value_embeds.3.weight.v,67108864,67136149,RAW,1.4567507910251152
99,value_embeds.5.weight.m,67108864,67136149,RAW,1.4876325000077486
99,value_embeds.5.weight.v,67108864,67136149,RAW,1.4721218750055414
99,value_embeds.7.weight.m,67108864,67136149,RAW,1.503515124990372
99,value_embeds.7.weight.v,67108864,67136149,RAW,1.4701582080160733
