step,path,raw_bytes,resident_bytes,mode,encode_seconds
0,wte.weight.m,67108864,67136149,RAW,0.04262645900598727
0,wte.weight.v,67108864,67136149,RAW,0.038942083017900586
0,blocks.0.attn.c_q.weight.buf,1048576,1049401,RAW,0.0008612079836893827
0,blocks.0.attn.c_k.weight.buf,1048576,1049401,RAW,0.0007629170140717179
0,blocks.0.attn.c_v.weight.buf,1048576,1049401,RAW,0.000681250006891787
0,blocks.0.attn.c_proj.weight.buf,1048576,1049401,RAW,0.0006880410073790699
0,blocks.0.mlp.c_fc.weight.buf,4194304,4196389,RAW,0.00279612498707138
0,blocks.0.mlp.c_proj.weight.buf,4194304,4195129,RAW,0.0023351660056505352
0,blocks.1.attn.c_q.weight.buf,1048576,1049401,RAW,0.0007166669820435345
0,blocks.1.attn.c_k.weight.buf,1048576,1049401,RAW,0.0006400829879567027
0,blocks.1.attn.c_v.weight.buf,1048576,1049401,RAW,0.0006560829933732748
0,blocks.1.attn.c_proj.weight.buf,1048576,1049401,RAW,0.0006619589985348284
0,blocks.1.attn.ve_gate.weight.buf,512,1022,RAW,1.333298860117793e-05
0,blocks.1.mlp.c_fc.weight.buf,4194304,4196389,RAW,0.0024114580010063946
0,blocks.1.mlp.c_proj.weight.buf,4194304,4195129,RAW,0.0023488329898100346
0,blocks.2.attn.c_q.weight.buf,1048576,1049401,RAW,0.0006916669954080135
0,blocks.2.attn.c_k.weight.buf,1048576,1049401,RAW,0.000621082988800481
0,blocks.2.attn.c_v.weight.buf,1048576,1049401,RAW,0.0006604160007555038
0,blocks.2.attn.c_proj.weight.buf,1048576,1049401,RAW,0.0006360419793054461
0,blocks.2.mlp.c_fc.weight.buf,4194304,4196389,RAW,0.002400833007413894
0,blocks.2.mlp.c_proj.weight.buf,4194304,4195129,RAW,0.002348416979657486
0,blocks.3.attn.c_q.weight.buf,1048576,1049401,RAW,0.00068374999682419
0,blocks.3.attn.c_k.weight.buf,1048576,1049401,RAW,0.0006485419871751219
0,blocks.3.attn.c_v.weight.buf,1048576,1049401,RAW,0.0006588330143131316
0,blocks.3.attn.c_proj.weight.buf,1048576,1049401,RAW,0.0006364589789882302
0,blocks.3.attn.ve_gate.weight.buf,512,1022,RAW,7.6669966802001e-06
0,blocks.3.mlp.c_fc.weight.buf,4194304,4196389,RAW,0.003481916995951906
0,blocks.3.mlp.c_proj.weight.buf,4194304,4195129,RAW,0.0023134590010158718
0,blocks.4.attn.c_q.weight.buf,1048576,1049401,RAW,0.0006774159846827388
0,blocks.4.attn.c_k.weight.buf,1048576,1049401,RAW,0.0006202500080689788
0,blocks.4.attn.c_v.weight.buf,1048576,1049401,RAW,0.0006421669968403876
0,blocks.4.attn.c_proj.weight.buf,1048576,1049401,RAW,0.0006401249847840518
0,blocks.4.mlp.c_fc.weight.buf,4194304,4196389,RAW,0.0023495420173276216
0,blocks.4.mlp.c_proj.weight.buf,4194304,4195129,RAW,0.0022754169767722487
0,blocks.5.attn.c_q.weight.buf,1048576,1049401,RAW,0.0006525829958263785
0,blocks.5.attn.c_k.weight.buf,1048576,1049401,RAW,0.0005937499809078872
0,blocks.5.attn.c_v.weight.buf,1048576,1049401,RAW,0.0005745829839725047
0,blocks.5.attn.c_proj.weight.buf,1048576,1049401,RAW,0.0005747090035583824
0,blocks.5.attn.ve_gate.weight.buf,512,1022,RAW,1.60830095410347e-05
0,blocks.5.mlp.c_fc.weight.buf,4194304,4196389,RAW,0.0023697500000707805
0,blocks.5.mlp.c_proj.weight.buf,4194304,4195129,RAW,0.002232957980595529
0,blocks.6.attn.c_q.weight.buf,1048576,1049401,RAW,0.0006524999917019159
0,blocks.6.attn.c_k.weight.buf,1048576,1049401,RAW,0.0006360830157063901
0,blocks.6.attn.c_v.weight.buf,1048576,1049401,RAW,0.0005926250014454126
0,blocks.6.attn.c_proj.weight.buf,1048576,1049401,RAW,0.0005891670007258654
0,blocks.6.mlp.c_fc.weight.buf,4194304,4196389,RAW,0.0023456249909941107
0,blocks.6.mlp.c_proj.weight.buf,4194304,4195129,RAW,0.002244875009637326
0,blocks.7.attn.c_q.weight.buf,1048576,1049401,RAW,0.000653708993922919
0,blocks.7.attn.c_k.weight.buf,1048576,1049401,RAW,0.0005804169923067093
0,blocks.7.attn.c_v.weight.buf,1048576,1049401,RAW,0.0005688749952241778
0,blocks.7.attn.c_proj.weight.buf,1048576,1049401,RAW,0.0005761669890489429
0,blocks.7.attn.ve_gate.weight.buf,512,1022,RAW,7.624999852851033e-06
0,blocks.7.mlp.c_fc.weight.buf,4194304,4196389,RAW,0.0023000829969532788
0,blocks.7.mlp.c_proj.weight.buf,4194304,4195129,RAW,0.003399750014068559
0,lm_head.weight.m,67108864,67136149,RAW,0.04109033299027942
0,lm_head.weight.v,67108864,67136149,RAW,0.03659999999217689
0,resid_lambdas.m,32,32,RAW_VECTOR,5.333014996722341e-06
0,resid_lambdas.v,32,32,RAW_VECTOR,5.830079317092896e-07
0,x0_lambdas.m,32,32,RAW_VECTOR,1.0839721653610468e-06
0,x0_lambdas.v,32,32,RAW_VECTOR,3.7500285543501377e-07
0,value_embeds.1.weight.m,67108864,67136149,RAW,0.041636250010924414
0,value_embeds.1.weight.v,67108864,67136149,RAW,0.03678649998619221
0,value_embeds.3.weight.m,67108864,67136149,RAW,0.0494992499880027
0,value_embeds.3.weight.v,67108864,67136149,RAW,0.04137220801203512
0,value_embeds.5.weight.m,67108864,67136149,RAW,0.04215854199719615
0,value_embeds.5.weight.v,67108864,67136149,RAW,0.032668915984686464
0,value_embeds.7.weight.m,67108864,67136149,RAW,0.04280362499412149
0,value_embeds.7.weight.v,67108864,67136149,RAW,0.035559833981096745
1,wte.weight.m,67108864,67136149,RAW,0.04127404201426543
1,wte.weight.v,67108864,67136149,RAW,0.051047957997070625
1,blocks.0.attn.c_q.weight.buf,1048576,1049401,RAW,0.0007103749958332628
1,blocks.0.attn.c_k.weight.buf,1048576,1049401,RAW,0.0006101670151110739
1,blocks.0.attn.c_v.weight.buf,1048576,1049401,RAW,0.0006310829776339233
1,blocks.0.attn.c_proj.weight.buf,1048576,1049401,RAW,0.0006330839823931456
1,blocks.0.mlp.c_fc.weight.buf,4194304,4196389,RAW,0.0024394579813815653
1,blocks.0.mlp.c_proj.weight.buf,4194304,4195129,RAW,0.0022065000084694475
1,blocks.1.attn.c_q.weight.buf,1048576,1049401,RAW,0.0006617080071009696
1,blocks.1.attn.c_k.weight.buf,1048576,1049401,RAW,0.0006119589961599559
1,blocks.1.attn.c_v.weight.buf,1048576,1049401,RAW,0.000664916995447129
1,blocks.1.attn.c_proj.weight.buf,1048576,1049401,RAW,0.0006310829776339233
1,blocks.1.attn.ve_gate.weight.buf,512,1022,RAW,1.812499249354005e-05
1,blocks.1.mlp.c_fc.weight.buf,4194304,4196389,RAW,0.0021756670030299574
1,blocks.1.mlp.c_proj.weight.buf,4194304,4195129,RAW,0.002203957992605865
1,blocks.2.attn.c_q.weight.buf,1048576,1049401,RAW,0.0006680829974357039
1,blocks.2.attn.c_k.weight.buf,1048576,1049401,RAW,0.0006273330072872341
1,blocks.2.attn.c_v.weight.buf,1048576,1049401,RAW,0.0006366250163409859
1,blocks.2.attn.c_proj.weight.buf,1048576,1049401,RAW,0.0006165419763419777
1,blocks.2.mlp.c_fc.weight.buf,4194304,4196389,RAW,0.0022324169985949993
1,blocks.2.mlp.c_proj.weight.buf,4194304,4195129,RAW,0.0036639159952756017
1,blocks.3.attn.c_q.weight.buf,1048576,1049401,RAW,0.0007025419909041375
1,blocks.3.attn.c_k.weight.buf,1048576,1049401,RAW,0.0006132920098025352
1,blocks.3.attn.c_v.weight.buf,1048576,1049401,RAW,0.0006349169998429716
1,blocks.3.attn.c_proj.weight.buf,1048576,1049401,RAW,0.0006137079908512533
1,blocks.3.attn.ve_gate.weight.buf,512,1022,RAW,2.1041982108727098e-05
1,blocks.3.mlp.c_fc.weight.buf,4194304,4196389,RAW,0.0037113330035936087
1,blocks.3.mlp.c_proj.weight.buf,4194304,4195129,RAW,0.0023013750032987446
1,blocks.4.attn.c_q.weight.buf,1048576,1049401,RAW,0.000756458000978455
1,blocks.4.attn.c_k.weight.buf,1048576,1049401,RAW,0.0006705409905407578
1,blocks.4.attn.c_v.weight.buf,1048576,1049401,RAW,0.000704332982422784
1,blocks.4.attn.c_proj.weight.buf,1048576,1049401,RAW,0.0006642920197919011
1,blocks.4.mlp.c_fc.weight.buf,4194304,4196389,RAW,0.002322165993973613
1,blocks.4.mlp.c_proj.weight.buf,4194304,4195129,RAW,0.002388541994150728
1,blocks.5.attn.c_q.weight.buf,1048576,1049401,RAW,0.0006911249947734177
1,blocks.5.attn.c_k.weight.buf,1048576,1049401,RAW,0.0006642910011578351
1,blocks.5.attn.c_v.weight.buf,1048576,1049401,RAW,0.0007040839991532266
1,blocks.5.attn.c_proj.weight.buf,1048576,1049401,RAW,0.0007095829932950437
1,blocks.5.attn.ve_gate.weight.buf,512,1022,RAW,2.4667009711265564e-05
1,blocks.5.mlp.c_fc.weight.buf,4194304,4196389,RAW,0.002224915981059894
1,blocks.5.mlp.c_proj.weight.buf,4194304,4195129,RAW,0.02033862500684336
1,blocks.6.attn.c_q.weight.buf,1048576,1049401,RAW,0.0008314590086229146
1,blocks.6.attn.c_k.weight.buf,1048576,1049401,RAW,0.0006563339848071337
1,blocks.6.attn.c_v.weight.buf,1048576,1049401,RAW,0.0006220419891178608
1,blocks.6.attn.c_proj.weight.buf,1048576,1049401,RAW,0.0006410419882740825
1,blocks.6.mlp.c_fc.weight.buf,4194304,4196389,RAW,0.002466792007908225
1,blocks.6.mlp.c_proj.weight.buf,4194304,4195129,RAW,0.002191792009398341
1,blocks.7.attn.c_q.weight.buf,1048576,1049401,RAW,0.0006925839988980442
1,blocks.7.attn.c_k.weight.buf,1048576,1049401,RAW,0.0006148340180516243
1,blocks.7.attn.c_v.weight.buf,1048576,1049401,RAW,0.0006160420016385615
1,blocks.7.attn.c_proj.weight.buf,1048576,1049401,RAW,0.0006360830157063901
1,blocks.7.attn.ve_gate.weight.buf,512,1022,RAW,1.883300137706101e-05
1,blocks.7.mlp.c_fc.weight.buf,4194304,4196389,RAW,0.0021661250211764127
1,blocks.7.mlp.c_proj.weight.buf,4194304,4195129,RAW,0.002219374990090728
1,lm_head.weight.m,67108864,67136149,RAW,0.059511541010579094
1,lm_head.weight.v,67108864,67136149,RAW,0.03692741601844318
1,resid_lambdas.m,32,32,RAW_VECTOR,5.375011824071407e-06
1,resid_lambdas.v,32,32,RAW_VECTOR,4.5899651013314724e-07
1,x0_lambdas.m,32,32,RAW_VECTOR,1.167005393654108e-06
1,x0_lambdas.v,32,32,RAW_VECTOR,1.2909877113997936e-06
1,value_embeds.1.weight.m,67108864,67136149,RAW,0.03734837501542643
1,value_embeds.1.weight.v,67108864,67136149,RAW,0.039980792003916577
1,value_embeds.3.weight.m,67108864,67136149,RAW,0.03776533299242146
1,value_embeds.3.weight.v,67108864,67136149,RAW,0.035794208000879735
1,value_embeds.5.weight.m,67108864,67136149,RAW,0.03616054099984467
1,value_embeds.5.weight.v,67108864,67136149,RAW,0.039416209008777514
1,value_embeds.7.weight.m,67108864,67136149,RAW,0.03629933300544508
1,value_embeds.7.weight.v,67108864,67136149,RAW,0.03863591601839289
2,wte.weight.m,67108864,67136149,RAW,0.037401875015348196
2,wte.weight.v,67108864,67136149,RAW,0.03748516598716378
2,blocks.0.attn.c_q.weight.buf,1048576,1049401,RAW,0.0006874999962747097
2,blocks.0.attn.c_k.weight.buf,1048576,1049401,RAW,0.0005747500108554959
2,blocks.0.attn.c_v.weight.buf,1048576,1049401,RAW,0.0006197500042617321
2,blocks.0.attn.c_proj.weight.buf,1048576,1049401,RAW,0.0005930000043008476
2,blocks.0.mlp.c_fc.weight.buf,4194304,4196389,RAW,0.002976000017952174
2,blocks.0.mlp.c_proj.weight.buf,4194304,4195129,RAW,0.0020120420085731894
2,blocks.1.attn.c_q.weight.buf,1048576,1049401,RAW,0.0006174589798320085
2,blocks.1.attn.c_k.weight.buf,1048576,1049401,RAW,0.0005702080088667572
2,blocks.1.attn.c_v.weight.buf,1048576,1049401,RAW,0.0005647910002153367
2,blocks.1.attn.c_proj.weight.buf,1048576,1049401,RAW,0.0006047499773558229
2,blocks.1.attn.ve_gate.weight.buf,512,1022,RAW,1.2792006600648165e-05
2,blocks.1.mlp.c_fc.weight.buf,4194304,4196389,RAW,0.00208208299591206
2,blocks.1.mlp.c_proj.weight.buf,4194304,4195129,RAW,0.002013833000091836
2,blocks.2.attn.c_q.weight.buf,1048576,1049401,RAW,0.0005995829997118562
2,blocks.2.attn.c_k.weight.buf,1048576,1049401,RAW,0.0005822500097565353
2,blocks.2.attn.c_v.weight.buf,1048576,1049401,RAW,0.000570417003473267
2,blocks.2.attn.c_proj.weight.buf,1048576,1049401,RAW,0.0005552500078920275
2,blocks.2.mlp.c_fc.weight.buf,4194304,4196389,RAW,0.002062832994852215
2,blocks.2.mlp.c_proj.weight.buf,4194304,4195129,RAW,0.002039375016465783
2,blocks.3.attn.c_q.weight.buf,1048576,1049401,RAW,0.0006307090225163847
2,blocks.3.attn.c_k.weight.buf,1048576,1049401,RAW,0.023629542003618553
2,blocks.3.attn.c_v.weight.buf,1048576,1049401,RAW,0.0007214999932330102
2,blocks.3.attn.c_proj.weight.buf,1048576,1049401,RAW,0.0006277089996729046
2,blocks.3.attn.ve_gate.weight.buf,512,1022,RAW,1.029099803417921e-05
2,blocks.3.mlp.c_fc.weight.buf,4194304,4196389,RAW,0.0023264999908860773
2,blocks.3.mlp.c_proj.weight.buf,4194304,4195129,RAW,0.00205350000760518
2,blocks.4.attn.c_q.weight.buf,1048576,1049401,RAW,0.0006069590162951499
2,blocks.4.attn.c_k.weight.buf,1048576,1049401,RAW,0.0006002919981256127
2,blocks.4.attn.c_v.weight.buf,1048576,1049401,RAW,0.0005640000163111836
2,blocks.4.attn.c_proj.weight.buf,1048576,1049401,RAW,0.000559582986170426
2,blocks.4.mlp.c_fc.weight.buf,4194304,4196389,RAW,0.002067749999696389
2,blocks.4.mlp.c_proj.weight.buf,4194304,4195129,RAW,0.002036416990449652
2,blocks.5.attn.c_q.weight.buf,1048576,1049401,RAW,0.0005994579987600446
2,blocks.5.attn.c_k.weight.buf,1048576,1049401,RAW,0.0005625839985441417
2,blocks.5.attn.c_v.weight.buf,1048576,1049401,RAW,0.0005580419965554029
2,blocks.5.attn.c_proj.weight.buf,1048576,1049401,RAW,0.0005522090068552643
2,blocks.5.attn.ve_gate.weight.buf,512,1022,RAW,7.624999852851033e-06
2,blocks.5.mlp.c_fc.weight.buf,4194304,4196389,RAW,0.0021036670077592134
2,blocks.5.mlp.c_proj.weight.buf,4194304,4195129,RAW,0.002050375012913719
2,blocks.6.attn.c_q.weight.buf,1048576,1049401,RAW,0.0006434579845517874
2,blocks.6.attn.c_k.weight.buf,1048576,1049401,RAW,0.000564667017897591
2,blocks.6.attn.c_v.weight.buf,1048576,1049401,RAW,0.0005573749949689955
2,blocks.6.attn.c_proj.weight.buf,1048576,1049401,RAW,0.0005536249955184758
2,blocks.6.mlp.c_fc.weight.buf,4194304,4196389,RAW,0.002084125007968396
2,blocks.6.mlp.c_proj.weight.buf,4194304,4195129,RAW,0.002075541007798165
2,blocks.7.attn.c_q.weight.buf,1048576,1049401,RAW,0.0012862499861512333
2,blocks.7.attn.c_k.weight.buf,1048576,1049401,RAW,0.000588916998822242
2,blocks.7.attn.c_v.weight.buf,1048576,1049401,RAW,0.0006179580232128501
2,blocks.7.attn.c_proj.weight.buf,1048576,1049401,RAW,0.000598999991780147
2,blocks.7.attn.ve_gate.weight.buf,512,1022,RAW,8.208997314795852e-06
2,blocks.7.mlp.c_fc.weight.buf,4194304,4196389,RAW,0.0023283750051632524
2,blocks.7.mlp.c_proj.weight.buf,4194304,4195129,RAW,0.002044041990302503
2,lm_head.weight.m,67108864,67136149,RAW,0.05350195898790844
2,lm_head.weight.v,67108864,67136149,RAW,0.03964712499873713
2,resid_lambdas.m,32,32,RAW_VECTOR,5.04200579598546e-06
2,resid_lambdas.v,32,32,RAW_VECTOR,4.999747034162283e-07
2,x0_lambdas.m,32,32,RAW_VECTOR,7.920025382190943e-07
2,x0_lambdas.v,32,32,RAW_VECTOR,5.00003807246685e-07
2,value_embeds.1.weight.m,67108864,67136149,RAW,0.03494245797628537
2,value_embeds.1.weight.v,67108864,67136149,RAW,0.04047375000664033
2,value_embeds.3.weight.m,67108864,67136149,RAW,0.03749545899336226
2,value_embeds.3.weight.v,67108864,67136149,RAW,0.04129783299867995
2,value_embeds.5.weight.m,67108864,67136149,RAW,0.03670624998630956
2,value_embeds.5.weight.v,67108864,67136149,RAW,0.03911591597716324
2,value_embeds.7.weight.m,67108864,67136149,RAW,0.03915041597792879
2,value_embeds.7.weight.v,67108864,67136149,RAW,0.04055904201231897
3,wte.weight.m,67108864,67136149,RAW,0.034370374982245266
3,wte.weight.v,67108864,67136149,RAW,0.059233957988908514
3,blocks.0.attn.c_q.weight.buf,1048576,1049401,RAW,0.0006522499897982925
3,blocks.0.attn.c_k.weight.buf,1048576,1049401,RAW,0.0006126250082161278
3,blocks.0.attn.c_v.weight.buf,1048576,1049401,RAW,0.0005696250009350479
3,blocks.0.attn.c_proj.weight.buf,1048576,1049401,RAW,0.0005463749985210598
3,blocks.0.mlp.c_fc.weight.buf,4194304,4196389,RAW,0.0022604579862672836
3,blocks.0.mlp.c_proj.weight.buf,4194304,4195129,RAW,0.002038334001554176
3,blocks.1.attn.c_q.weight.buf,1048576,1049401,RAW,0.0005788750131614506
3,blocks.1.attn.c_k.weight.buf,1048576,1049401,RAW,0.0005417500215116888
3,blocks.1.attn.c_v.weight.buf,1048576,1049401,RAW,0.0005254999850876629
3,blocks.1.attn.c_proj.weight.buf,1048576,1049401,RAW,0.0005488749884534627
3,blocks.1.attn.ve_gate.weight.buf,512,1022,RAW,8.082977728918195e-06
3,blocks.1.mlp.c_fc.weight.buf,4194304,4196389,RAW,0.0033077500120270997
3,blocks.1.mlp.c_proj.weight.buf,4194304,4195129,RAW,0.002131791989086196
3,blocks.2.attn.c_q.weight.buf,1048576,1049401,RAW,0.0006238339992705733
3,blocks.2.attn.c_k.weight.buf,1048576,1049401,RAW,0.0005677089793607593
3,blocks.2.attn.c_v.weight.buf,1048576,1049401,RAW,0.0005710830155294389
3,blocks.2.attn.c_proj.weight.buf,1048576,1049401,RAW,0.0005509170005097985
3,blocks.2.mlp.c_fc.weight.buf,4194304,4196389,RAW,0.0020927080186083913
3,blocks.2.mlp.c_proj.weight.buf,4194304,4195129,RAW,0.002017082995735109
3,blocks.3.attn.c_q.weight.buf,1048576,1049401,RAW,0.0005872500187251717
3,blocks.3.attn.c_k.weight.buf,1048576,1049401,RAW,0.0005644590128213167
3,blocks.3.attn.c_v.weight.buf,1048576,1049401,RAW,0.0005410000158008188
3,blocks.3.attn.c_proj.weight.buf,1048576,1049401,RAW,0.0006015000108163804
3,blocks.3.attn.ve_gate.weight.buf,512,1022,RAW,9.083014447242022e-06
3,blocks.3.mlp.c_fc.weight.buf,4194304,4196389,RAW,0.002060500002698973
3,blocks.3.mlp.c_proj.weight.buf,4194304,4195129,RAW,0.0019860830216202885
3,blocks.4.attn.c_q.weight.buf,1048576,1049401,RAW,0.0005686249933205545
3,blocks.4.attn.c_k.weight.buf,1048576,1049401,RAW,0.0005597910203505307
3,blocks.4.attn.c_v.weight.buf,1048576,1049401,RAW,0.0005499580001924187
3,blocks.4.attn.c_proj.weight.buf,1048576,1049401,RAW,0.0005426249990705401
3,blocks.4.mlp.c_fc.weight.buf,4194304,4196389,RAW,0.002049125003395602
3,blocks.4.mlp.c_proj.weight.buf,4194304,4195129,RAW,0.02468937501544133
3,blocks.5.attn.c_q.weight.buf,1048576,1049401,RAW,0.0007236669771373272
3,blocks.5.attn.c_k.weight.buf,1048576,1049401,RAW,0.0006088750087656081
3,blocks.5.attn.c_v.weight.buf,1048576,1049401,RAW,0.0005396250053308904
3,blocks.5.attn.c_proj.weight.buf,1048576,1049401,RAW,0.0005850410088896751
3,blocks.5.attn.ve_gate.weight.buf,512,1022,RAW,1.850002445280552e-05
3,blocks.5.mlp.c_fc.weight.buf,4194304,4196389,RAW,0.00314174999948591
3,blocks.5.mlp.c_proj.weight.buf,4194304,4195129,RAW,0.0021985420025885105
3,blocks.6.attn.c_q.weight.buf,1048576,1049401,RAW,0.0006572089914698154
3,blocks.6.attn.c_k.weight.buf,1048576,1049401,RAW,0.0005788749840576202
3,blocks.6.attn.c_v.weight.buf,1048576,1049401,RAW,0.0006535410066135228
3,blocks.6.attn.c_proj.weight.buf,1048576,1049401,RAW,0.0006248329882510006
3,blocks.6.mlp.c_fc.weight.buf,4194304,4196389,RAW,0.002166291989851743
3,blocks.6.mlp.c_proj.weight.buf,4194304,4195129,RAW,0.0022169170260895044
3,blocks.7.attn.c_q.weight.buf,1048576,1049401,RAW,0.0006650419963989407
3,blocks.7.attn.c_k.weight.buf,1048576,1049401,RAW,0.0006076249992474914
3,blocks.7.attn.c_v.weight.buf,1048576,1049401,RAW,0.0006042500026524067
3,blocks.7.attn.c_proj.weight.buf,1048576,1049401,RAW,0.0005699580069631338
3,blocks.7.attn.ve_gate.weight.buf,512,1022,RAW,1.5208002878353e-05
3,blocks.7.mlp.c_fc.weight.buf,4194304,4196389,RAW,0.0022556250041816384
3,blocks.7.mlp.c_proj.weight.buf,4194304,4195129,RAW,0.002179584000259638
3,lm_head.weight.m,67108864,67136149,RAW,0.03641358399181627
3,lm_head.weight.v,67108864,67136149,RAW,0.042305792012484744
3,resid_lambdas.m,32,32,RAW_VECTOR,7.95899541117251e-06
3,resid_lambdas.v,32,32,RAW_VECTOR,5.420006345957518e-07
3,x0_lambdas.m,32,32,RAW_VECTOR,1.9170111045241356e-06
3,x0_lambdas.v,32,32,RAW_VECTOR,3.3300602808594704e-07
3,value_embeds.1.weight.m,67108864,67136149,RAW,0.03715250000823289
3,value_embeds.1.weight.v,67108864,67136149,RAW,0.06837900000391528
3,value_embeds.3.weight.m,67108864,67136149,RAW,0.0488017919997219
3,value_embeds.3.weight.v,67108864,67136149,RAW,0.04873987499740906
3,value_embeds.5.weight.m,67108864,67136149,RAW,0.05879166699014604
3,value_embeds.5.weight.v,67108864,67136149,RAW,0.04038245900301263
3,value_embeds.7.weight.m,67108864,67136149,RAW,0.0362528330006171
3,value_embeds.7.weight.v,67108864,67136149,RAW,0.040288500022143126
4,wte.weight.m,67108864,67136149,RAW,0.04008120798971504
4,wte.weight.v,67108864,67136149,RAW,0.052077542000915855
4,blocks.0.attn.c_q.weight.buf,1048576,1049401,RAW,0.0006898330175317824
4,blocks.0.attn.c_k.weight.buf,1048576,1049401,RAW,0.0005958749970886856
4,blocks.0.attn.c_v.weight.buf,1048576,1049401,RAW,0.000625457993010059
4,blocks.0.attn.c_proj.weight.buf,1048576,1049401,RAW,0.0005917090165894479
4,blocks.0.mlp.c_fc.weight.buf,4194304,4196389,RAW,0.002335083991056308
4,blocks.0.mlp.c_proj.weight.buf,4194304,4195129,RAW,0.0020423329842742532
4,blocks.1.attn.c_q.weight.buf,1048576,1049401,RAW,0.0006513750122394413
4,blocks.1.attn.c_k.weight.buf,1048576,1049401,RAW,0.0005634579865727574
4,blocks.1.attn.c_v.weight.buf,1048576,1049401,RAW,0.0005651670217048377
4,blocks.1.attn.c_proj.weight.buf,1048576,1049401,RAW,0.0005716250161640346
4,blocks.1.attn.ve_gate.weight.buf,512,1022,RAW,8.29098280519247e-06
4,blocks.1.mlp.c_fc.weight.buf,4194304,4196389,RAW,0.002082207996863872
4,blocks.1.mlp.c_proj.weight.buf,4194304,4195129,RAW,0.002068166999379173
4,blocks.2.attn.c_q.weight.buf,1048576,1049401,RAW,0.0006078339938540012
4,blocks.2.attn.c_k.weight.buf,1048576,1049401,RAW,0.0005702920025214553
4,blocks.2.attn.c_v.weight.buf,1048576,1049401,RAW,0.0005890839966014028
4,blocks.2.attn.c_proj.weight.buf,1048576,1049401,RAW,0.0005663330084644258
4,blocks.2.mlp.c_fc.weight.buf,4194304,4196389,RAW,0.0021167500235605985
4,blocks.2.mlp.c_proj.weight.buf,4194304,4195129,RAW,0.002168500010157004
4,blocks.3.attn.c_q.weight.buf,1048576,1049401,RAW,0.023602291010320187
4,blocks.3.attn.c_k.weight.buf,1048576,1049401,RAW,0.0007269589987117797
4,blocks.3.attn.c_v.weight.buf,1048576,1049401,RAW,0.0006040839944034815
4,blocks.3.attn.c_proj.weight.buf,1048576,1049401,RAW,0.0006262919923756272
4,blocks.3.attn.ve_gate.weight.buf,512,1022,RAW,1.3165990822017193e-05
4,blocks.3.mlp.c_fc.weight.buf,4194304,4196389,RAW,0.002305250003701076
4,blocks.3.mlp.c_proj.weight.buf,4194304,4195129,RAW,0.025952374999178573
4,blocks.4.attn.c_q.weight.buf,1048576,1049401,RAW,0.0006542920018546283
4,blocks.4.attn.c_k.weight.buf,1048576,1049401,RAW,0.0005894159839954227
4,blocks.4.attn.c_v.weight.buf,1048576,1049401,RAW,0.0005677079898305237
4,blocks.4.attn.c_proj.weight.buf,1048576,1049401,RAW,0.0005653749976772815
4,blocks.4.mlp.c_fc.weight.buf,4194304,4196389,RAW,0.0021155830181669444
4,blocks.4.mlp.c_proj.weight.buf,4194304,4195129,RAW,0.002053458010777831
4,blocks.5.attn.c_q.weight.buf,1048576,1049401,RAW,0.0006034590187482536
4,blocks.5.attn.c_k.weight.buf,1048576,1049401,RAW,0.0005640840099658817
4,blocks.5.attn.c_v.weight.buf,1048576,1049401,RAW,0.0006097500154282898
4,blocks.5.attn.c_proj.weight.buf,1048576,1049401,RAW,0.0005752079887315631
4,blocks.5.attn.ve_gate.weight.buf,512,1022,RAW,9.416020475327969e-06
4,blocks.5.mlp.c_fc.weight.buf,4194304,4196389,RAW,0.002074457996059209
4,blocks.5.mlp.c_proj.weight.buf,4194304,4195129,RAW,0.0020501670078374445
4,blocks.6.attn.c_q.weight.buf,1048576,1049401,RAW,0.000632707990007475
4,blocks.6.attn.c_k.weight.buf,1048576,1049401,RAW,0.0007470829878002405
4,blocks.6.attn.c_v.weight.buf,1048576,1049401,RAW,0.0007102919917088002
4,blocks.6.attn.c_proj.weight.buf,1048576,1049401,RAW,0.001120541972341016
4,blocks.6.mlp.c_fc.weight.buf,4194304,4196389,RAW,0.002322915999684483
4,blocks.6.mlp.c_proj.weight.buf,4194304,4195129,RAW,0.002150249987607822
4,blocks.7.attn.c_q.weight.buf,1048576,1049401,RAW,0.0006833339866716415
4,blocks.7.attn.c_k.weight.buf,1048576,1049401,RAW,0.0006508750084321946
4,blocks.7.attn.c_v.weight.buf,1048576,1049401,RAW,0.0005883330013602972
4,blocks.7.attn.c_proj.weight.buf,1048576,1049401,RAW,0.0006168329855427146
4,blocks.7.attn.ve_gate.weight.buf,512,1022,RAW,2.041697734966874e-05
4,blocks.7.mlp.c_fc.weight.buf,4194304,4196389,RAW,0.002281707973452285
4,blocks.7.mlp.c_proj.weight.buf,4194304,4195129,RAW,0.0021989579836372286
4,lm_head.weight.m,67108864,67136149,RAW,0.04240095801651478
4,lm_head.weight.v,67108864,67136149,RAW,0.04090158300823532
4,resid_lambdas.m,32,32,RAW_VECTOR,3.5410048440098763e-06
4,resid_lambdas.v,32,32,RAW_VECTOR,4.580069798976183e-07
4,x0_lambdas.m,32,32,RAW_VECTOR,8.749775588512421e-07
4,x0_lambdas.v,32,32,RAW_VECTOR,5.00003807246685e-07
4,value_embeds.1.weight.m,67108864,67136149,RAW,0.03468841698486358
4,value_embeds.1.weight.v,67108864,67136149,RAW,0.03960329102119431
4,value_embeds.3.weight.m,67108864,67136149,RAW,0.038192000007256866
4,value_embeds.3.weight.v,67108864,67136149,RAW,0.041013000009115785
4,value_embeds.5.weight.m,67108864,67136149,RAW,0.037583750003250316
4,value_embeds.5.weight.v,67108864,67136149,RAW,0.03993712499504909
4,value_embeds.7.weight.m,67108864,67136149,RAW,0.038305833004415035
4,value_embeds.7.weight.v,67108864,67136149,RAW,0.04087066699867137
5,wte.weight.m,67108864,67136149,RAW,0.043391582992626354
5,wte.weight.v,67108864,67136149,RAW,0.03879658301593736
5,blocks.0.attn.c_q.weight.buf,1048576,1049401,RAW,0.0006215419853106141
5,blocks.0.attn.c_k.weight.buf,1048576,1049401,RAW,0.0005668750090990216
5,blocks.0.attn.c_v.weight.buf,1048576,1049401,RAW,0.0005813329771626741
5,blocks.0.attn.c_proj.weight.buf,1048576,1049401,RAW,0.0005845420237164944
5,blocks.0.mlp.c_fc.weight.buf,4194304,4196389,RAW,0.002149874984752387
5,blocks.0.mlp.c_proj.weight.buf,4194304,4195129,RAW,0.001970792014617473
5,blocks.1.attn.c_q.weight.buf,1048576,1049401,RAW,0.000590375013416633
5,blocks.1.attn.c_k.weight.buf,1048576,1049401,RAW,0.0005495839868672192
5,blocks.1.attn.c_v.weight.buf,1048576,1049401,RAW,0.0005234579730313271
5,blocks.1.attn.c_proj.weight.buf,1048576,1049401,RAW,0.0011094580113422126
5,blocks.1.attn.ve_gate.weight.buf,512,1022,RAW,1.5583005733788013e-05
5,blocks.1.mlp.c_fc.weight.buf,4194304,4196389,RAW,0.002252167003462091
5,blocks.1.mlp.c_proj.weight.buf,4194304,4195129,RAW,0.0020363339863251895
5,blocks.2.attn.c_q.weight.buf,1048576,1049401,RAW,0.0013058749900665134
5,blocks.2.attn.c_k.weight.buf,1048576,1049401,RAW,0.0005821250088047236
5,blocks.2.attn.c_v.weight.buf,1048576,1049401,RAW,0.0005663750052917749
5,blocks.2.attn.c_proj.weight.buf,1048576,1049401,RAW,0.000588166993111372
5,blocks.2.mlp.c_fc.weight.buf,4194304,4196389,RAW,0.0020122920104768127
5,blocks.2.mlp.c_proj.weight.buf,4194304,4195129,RAW,0.0019895829900633544
5,blocks.3.attn.c_q.weight.buf,1048576,1049401,RAW,0.0006061250169295818
5,blocks.3.attn.c_k.weight.buf,1048576,1049401,RAW,0.0005328750121407211
5,blocks.3.attn.c_v.weight.buf,1048576,1049401,RAW,0.0005593340029008687
5,blocks.3.attn.c_proj.weight.buf,1048576,1049401,RAW,0.0005242500046733767
5,blocks.3.attn.ve_gate.weight.buf,512,1022,RAW,7.6669966802001e-06
5,blocks.3.mlp.c_fc.weight.buf,4194304,4196389,RAW,0.001998624997213483
5,blocks.3.mlp.c_proj.weight.buf,4194304,4195129,RAW,0.0019882500055246055
5,blocks.4.attn.c_q.weight.buf,1048576,1049401,RAW,0.0006253329920582473
5,blocks.4.attn.c_k.weight.buf,1048576,1049401,RAW,0.0005465419963002205
5,blocks.4.attn.c_v.weight.buf,1048576,1049401,RAW,0.000555582984816283
5,blocks.4.attn.c_proj.weight.buf,1048576,1049401,RAW,0.000584166991757229
5,blocks.4.mlp.c_fc.weight.buf,4194304,4196389,RAW,0.0033075829851441085
5,blocks.4.mlp.c_proj.weight.buf,4194304,4195129,RAW,0.0020465829875320196
5,blocks.5.attn.c_q.weight.buf,1048576,1049401,RAW,0.000611374998698011
5,blocks.5.attn.c_k.weight.buf,1048576,1049401,RAW,0.0005562919832300395
5,blocks.5.attn.c_v.weight.buf,1048576,1049401,RAW,0.0005730420234613121
5,blocks.5.attn.c_proj.weight.buf,1048576,1049401,RAW,0.000562832981813699
5,blocks.5.attn.ve_gate.weight.buf,512,1022,RAW,1.6040983609855175e-05
5,blocks.5.mlp.c_fc.weight.buf,4194304,4196389,RAW,0.002104500017594546
5,blocks.5.mlp.c_proj.weight.buf,4194304,4195129,RAW,0.002002708992222324
5,blocks.6.attn.c_q.weight.buf,1048576,1049401,RAW,0.0005786250112578273
5,blocks.6.attn.c_k.weight.buf,1048576,1049401,RAW,0.000559957989025861
5,blocks.6.attn.c_v.weight.buf,1048576,1049401,RAW,0.0005517920071724802
5,blocks.6.attn.c_proj.weight.buf,1048576,1049401,RAW,0.0005612919921986759
5,blocks.6.mlp.c_fc.weight.buf,4194304,4196389,RAW,0.0020023749966640025
5,blocks.6.mlp.c_proj.weight.buf,4194304,4195129,RAW,0.0019805410120170563
5,blocks.7.attn.c_q.weight.buf,1048576,1049401,RAW,0.0006107089866418391
5,blocks.7.attn.c_k.weight.buf,1048576,1049401,RAW,0.0005612090171780437
5,blocks.7.attn.c_v.weight.buf,1048576,1049401,RAW,0.0005769999988842756
5,blocks.7.attn.c_proj.weight.buf,1048576,1049401,RAW,0.0005370420112740248
5,blocks.7.attn.ve_gate.weight.buf,512,1022,RAW,7.750000804662704e-06
5,blocks.7.mlp.c_fc.weight.buf,4194304,4196389,RAW,0.0019906660018023103
5,blocks.7.mlp.c_proj.weight.buf,4194304,4195129,RAW,0.02616408298490569
5,lm_head.weight.m,67108864,67136149,RAW,0.034569457988254726
5,lm_head.weight.v,67108864,67136149,RAW,0.05902779201278463
5,resid_lambdas.m,32,32,RAW_VECTOR,5.66698145121336e-06
5,resid_lambdas.v,32,32,RAW_VECTOR,6.250047590583563e-07
5,x0_lambdas.m,32,32,RAW_VECTOR,3.4589902497828007e-06
5,x0_lambdas.v,32,32,RAW_VECTOR,1.1250085663050413e-06
5,value_embeds.1.weight.m,67108864,67136149,RAW,0.040840666013536975
5,value_embeds.1.weight.v,67108864,67136149,RAW,0.04037129200878553
5,value_embeds.3.weight.m,67108864,67136149,RAW,0.03929604199947789
5,value_embeds.3.weight.v,67108864,67136149,RAW,0.04235087501001544
5,value_embeds.5.weight.m,67108864,67136149,RAW,0.06891433298005722
5,value_embeds.5.weight.v,67108864,67136149,RAW,0.036681124998722225
5,value_embeds.7.weight.m,67108864,67136149,RAW,0.036983833997510374
5,value_embeds.7.weight.v,67108864,67136149,RAW,0.048121208004886284
6,wte.weight.m,67108864,67136149,RAW,0.03573179099475965
6,wte.weight.v,67108864,67136149,RAW,0.03342983400216326
6,blocks.0.attn.c_q.weight.buf,1048576,1049401,RAW,0.0006750420143362135
6,blocks.0.attn.c_k.weight.buf,1048576,1049401,RAW,0.0005920419935137033
6,blocks.0.attn.c_v.weight.buf,1048576,1049401,RAW,0.0005924160068389028
6,blocks.0.attn.c_proj.weight.buf,1048576,1049401,RAW,0.0005987079930491745
6,blocks.0.mlp.c_fc.weight.buf,4194304,4196389,RAW,0.0029702500032726675
6,blocks.0.mlp.c_proj.weight.buf,4194304,4195129,RAW,0.002064500004053116
6,blocks.1.attn.c_q.weight.buf,1048576,1049401,RAW,0.0006117089942563325
6,blocks.1.attn.c_k.weight.buf,1048576,1049401,RAW,0.0005719999899156392
6,blocks.1.attn.c_v.weight.buf,1048576,1049401,RAW,0.0005777920014224946
6,blocks.1.attn.c_proj.weight.buf,1048576,1049401,RAW,0.0005723329959437251
6,blocks.1.attn.ve_gate.weight.buf,512,1022,RAW,1.7041980754584074e-05
6,blocks.1.mlp.c_fc.weight.buf,4194304,4196389,RAW,0.0020944580028299242
6,blocks.1.mlp.c_proj.weight.buf,4194304,4195129,RAW,0.0020379580091685057
6,blocks.2.attn.c_q.weight.buf,1048576,1049401,RAW,0.0006128750101197511
6,blocks.2.attn.c_k.weight.buf,1048576,1049401,RAW,0.0005950409977231175
6,blocks.2.attn.c_v.weight.buf,1048576,1049401,RAW,0.0006137089803814888
6,blocks.2.attn.c_proj.weight.buf,1048576,1049401,RAW,0.0005690830003004521
6,blocks.2.mlp.c_fc.weight.buf,4194304,4196389,RAW,0.002058457990642637
6,blocks.2.mlp.c_proj.weight.buf,4194304,4195129,RAW,0.024398167006438598
6,blocks.3.attn.c_q.weight.buf,1048576,1049401,RAW,0.0007449580007232726
6,blocks.3.attn.c_k.weight.buf,1048576,1049401,RAW,0.0006054170080460608
6,blocks.3.attn.c_v.weight.buf,1048576,1049401,RAW,0.0006009999779053032
6,blocks.3.attn.c_proj.weight.buf,1048576,1049401,RAW,0.0006010000070091337
6,blocks.3.attn.ve_gate.weight.buf,512,1022,RAW,7.499998901039362e-06
6,blocks.3.mlp.c_fc.weight.buf,4194304,4196389,RAW,0.002314832992851734
6,blocks.3.mlp.c_proj.weight.buf,4194304,4195129,RAW,0.0020596250251401216
6,blocks.4.attn.c_q.weight.buf,1048576,1049401,RAW,0.000651167007163167
6,blocks.4.attn.c_k.weight.buf,1048576,1049401,RAW,0.0005767919938080013
6,blocks.4.attn.c_v.weight.buf,1048576,1049401,RAW,0.0005609999934677035
6,blocks.4.attn.c_proj.weight.buf,1048576,1049401,RAW,0.0005794999888166785
6,blocks.4.mlp.c_fc.weight.buf,4194304,4196389,RAW,0.002053665986750275
6,blocks.4.mlp.c_proj.weight.buf,4194304,4195129,RAW,0.0021182089985813946
6,blocks.5.attn.c_q.weight.buf,1048576,1049401,RAW,0.0006085419736336917
6,blocks.5.attn.c_k.weight.buf,1048576,1049401,RAW,0.0005783330125268549
6,blocks.5.attn.c_v.weight.buf,1048576,1049401,RAW,0.000563917012186721
6,blocks.5.attn.c_proj.weight.buf,1048576,1049401,RAW,0.0005702920025214553
6,blocks.5.attn.ve_gate.weight.buf,512,1022,RAW,1.8749997252598405e-05
6,blocks.5.mlp.c_fc.weight.buf,4194304,4196389,RAW,0.00213725000503473
6,blocks.5.mlp.c_proj.weight.buf,4194304,4195129,RAW,0.0020441249944269657
6,blocks.6.attn.c_q.weight.buf,1048576,1049401,RAW,0.0006154580041766167
6,blocks.6.attn.c_k.weight.buf,1048576,1049401,RAW,0.0005774169985670596
6,blocks.6.attn.c_v.weight.buf,1048576,1049401,RAW,0.001077832974260673
6,blocks.6.attn.c_proj.weight.buf,1048576,1049401,RAW,0.0005904580175410956
6,blocks.6.mlp.c_fc.weight.buf,4194304,4196389,RAW,0.00230641700909473
6,blocks.6.mlp.c_proj.weight.buf,4194304,4195129,RAW,0.002133374975528568
6,blocks.7.attn.c_q.weight.buf,1048576,1049401,RAW,0.0010380840103607625
6,blocks.7.attn.c_k.weight.buf,1048576,1049401,RAW,0.0005677909939549863
6,blocks.7.attn.c_v.weight.buf,1048576,1049401,RAW,0.0005684170173481107
6,blocks.7.attn.c_proj.weight.buf,1048576,1049401,RAW,0.0005823329847771674
6,blocks.7.attn.ve_gate.weight.buf,512,1022,RAW,1.0082992957904935e-05
6,blocks.7.mlp.c_fc.weight.buf,4194304,4196389,RAW,0.0020647920027840883
6,blocks.7.mlp.c_proj.weight.buf,4194304,4195129,RAW,0.0020556660019792616
6,lm_head.weight.m,67108864,67136149,RAW,0.060452041012467816
6,lm_head.weight.v,67108864,67136149,RAW,0.035244875005446374
6,resid_lambdas.m,32,32,RAW_VECTOR,6.95799826644361e-06
6,resid_lambdas.v,32,32,RAW_VECTOR,6.67001586407423e-07
6,x0_lambdas.m,32,32,RAW_VECTOR,1.0420044418424368e-06
6,x0_lambdas.v,32,32,RAW_VECTOR,4.5797787606716156e-07
6,value_embeds.1.weight.m,67108864,67136149,RAW,0.03819154200027697
6,value_embeds.1.weight.v,67108864,67136149,RAW,0.04160583400516771
6,value_embeds.3.weight.m,67108864,67136149,RAW,0.0364232909923885
6,value_embeds.3.weight.v,67108864,67136149,RAW,0.06142491698847152
6,value_embeds.5.weight.m,67108864,67136149,RAW,0.04408487500040792
6,value_embeds.5.weight.v,67108864,67136149,RAW,0.03947608300950378
6,value_embeds.7.weight.m,67108864,67136149,RAW,0.035776666016317904
6,value_embeds.7.weight.v,67108864,67136149,RAW,0.04000712500419468
7,wte.weight.m,67108864,67136149,RAW,0.03948187499190681
7,wte.weight.v,67108864,67136149,RAW,0.03745412497664802
7,blocks.0.attn.c_q.weight.buf,1048576,1049401,RAW,0.0006231669976841658
7,blocks.0.attn.c_k.weight.buf,1048576,1049401,RAW,0.000570459000300616
7,blocks.0.attn.c_v.weight.buf,1048576,1049401,RAW,0.0005472080083563924
7,blocks.0.attn.c_proj.weight.buf,1048576,1049401,RAW,0.0005412499886006117
7,blocks.0.mlp.c_fc.weight.buf,4194304,4196389,RAW,0.0021524170006159693
7,blocks.0.mlp.c_proj.weight.buf,4194304,4195129,RAW,0.0033854159992188215
7,blocks.1.attn.c_q.weight.buf,1048576,1049401,RAW,0.0006139999895822257
7,blocks.1.attn.c_k.weight.buf,1048576,1049401,RAW,0.000572290999116376
7,blocks.1.attn.c_v.weight.buf,1048576,1049401,RAW,0.0005855420022271574
7,blocks.1.attn.c_proj.weight.buf,1048576,1049401,RAW,0.0006060829909984022
7,blocks.1.attn.ve_gate.weight.buf,512,1022,RAW,1.1750002158805728e-05
7,blocks.1.mlp.c_fc.weight.buf,4194304,4196389,RAW,0.0019942920189350843
7,blocks.1.mlp.c_proj.weight.buf,4194304,4195129,RAW,0.0020240409940015525
7,blocks.2.attn.c_q.weight.buf,1048576,1049401,RAW,0.0006219159986358136
7,blocks.2.attn.c_k.weight.buf,1048576,1049401,RAW,0.0005777500045951456
7,blocks.2.attn.c_v.weight.buf,1048576,1049401,RAW,0.0005340419884305447
7,blocks.2.attn.c_proj.weight.buf,1048576,1049401,RAW,0.000564334011869505
7,blocks.2.mlp.c_fc.weight.buf,4194304,4196389,RAW,0.002089667017571628
7,blocks.2.mlp.c_proj.weight.buf,4194304,4195129,RAW,0.002094042021781206
7,blocks.3.attn.c_q.weight.buf,1048576,1049401,RAW,0.000605166977038607
7,blocks.3.attn.c_k.weight.buf,1048576,1049401,RAW,0.0005311669956427068
7,blocks.3.attn.c_v.weight.buf,1048576,1049401,RAW,0.0005330829881131649
7,blocks.3.attn.c_proj.weight.buf,1048576,1049401,RAW,0.0005308330000843853
7,blocks.3.attn.ve_gate.weight.buf,512,1022,RAW,2.4791021132841706e-05
7,blocks.3.mlp.c_fc.weight.buf,4194304,4196389,RAW,0.0020460000087041408
7,blocks.3.mlp.c_proj.weight.buf,4194304,4195129,RAW,0.0019783340103458613
7,blocks.4.attn.c_q.weight.buf,1048576,1049401,RAW,0.00105870800325647
7,blocks.4.attn.c_k.weight.buf,1048576,1049401,RAW,0.0006025409966241568
7,blocks.4.attn.c_v.weight.buf,1048576,1049401,RAW,0.0005711250123567879
7,blocks.4.attn.c_proj.weight.buf,1048576,1049401,RAW,0.0005670000100508332
7,blocks.4.mlp.c_fc.weight.buf,4194304,4196389,RAW,0.0022399589943233877
7,blocks.4.mlp.c_proj.weight.buf,4194304,4195129,RAW,0.0027601670008152723
7,blocks.5.attn.c_q.weight.buf,1048576,1049401,RAW,0.0005875419883523136
7,blocks.5.attn.c_k.weight.buf,1048576,1049401,RAW,0.0005350830033421516
7,blocks.5.attn.c_v.weight.buf,1048576,1049401,RAW,0.0005437500076368451
7,blocks.5.attn.c_proj.weight.buf,1048576,1049401,RAW,0.000547999981790781
7,blocks.5.attn.ve_gate.weight.buf,512,1022,RAW,8.37500556372106e-06
7,blocks.5.mlp.c_fc.weight.buf,4194304,4196389,RAW,0.0020682500035036355
7,blocks.5.mlp.c_proj.weight.buf,4194304,4195129,RAW,0.001992917008465156
7,blocks.6.attn.c_q.weight.buf,1048576,1049401,RAW,0.0005882499972358346
7,blocks.6.attn.c_k.weight.buf,1048576,1049401,RAW,0.000543333007954061
7,blocks.6.attn.c_v.weight.buf,1048576,1049401,RAW,0.000593958015087992
7,blocks.6.attn.c_proj.weight.buf,1048576,1049401,RAW,0.000545124989002943
7,blocks.6.mlp.c_fc.weight.buf,4194304,4196389,RAW,0.0019887910166289657
7,blocks.6.mlp.c_proj.weight.buf,4194304,4195129,RAW,0.0019476670131552964
7,blocks.7.attn.c_q.weight.buf,1048576,1049401,RAW,0.0005809590220451355
7,blocks.7.attn.c_k.weight.buf,1048576,1049401,RAW,0.0005222079926170409
7,blocks.7.attn.c_v.weight.buf,1048576,1049401,RAW,0.0005569169879890978
7,blocks.7.attn.c_proj.weight.buf,1048576,1049401,RAW,0.0005424589908216149
7,blocks.7.attn.ve_gate.weight.buf,512,1022,RAW,7.875001756474376e-06
7,blocks.7.mlp.c_fc.weight.buf,4194304,4196389,RAW,0.025045957998372614
7,blocks.7.mlp.c_proj.weight.buf,4194304,4195129,RAW,0.0023415409959852695
7,lm_head.weight.m,67108864,67136149,RAW,0.03455837501678616
7,lm_head.weight.v,67108864,67136149,RAW,0.03323266701772809
7,resid_lambdas.m,32,32,RAW_VECTOR,4.417001036927104e-06
7,resid_lambdas.v,32,32,RAW_VECTOR,4.5797787606716156e-07
7,x0_lambdas.m,32,32,RAW_VECTOR,8.750066626816988e-07
7,x0_lambdas.v,32,32,RAW_VECTOR,5.00003807246685e-07
7,value_embeds.1.weight.m,67108864,67136149,RAW,0.03485004199319519
7,value_embeds.1.weight.v,67108864,67136149,RAW,0.036569290998158976
7,value_embeds.3.weight.m,67108864,67136149,RAW,0.03511724999407306
7,value_embeds.3.weight.v,67108864,67136149,RAW,0.040246249991469085
7,value_embeds.5.weight.m,67108864,67136149,RAW,0.0353348329954315
7,value_embeds.5.weight.v,67108864,67136149,RAW,0.03769741702126339
7,value_embeds.7.weight.m,67108864,67136149,RAW,0.03581737499916926
7,value_embeds.7.weight.v,67108864,67136149,RAW,0.04452116700122133
8,wte.weight.m,67108864,67136149,RAW,0.03698666600394063
8,wte.weight.v,67108864,67136149,RAW,0.06481304200133309
8,blocks.0.attn.c_q.weight.buf,1048576,1049401,RAW,0.0006542080081999302
8,blocks.0.attn.c_k.weight.buf,1048576,1049401,RAW,0.0005812910094391555
8,blocks.0.attn.c_v.weight.buf,1048576,1049401,RAW,0.0005722079949919134
8,blocks.0.attn.c_proj.weight.buf,1048576,1049401,RAW,0.0005742499779444188
8,blocks.0.mlp.c_fc.weight.buf,4194304,4196389,RAW,0.0022763330198358744
8,blocks.0.mlp.c_proj.weight.buf,4194304,4195129,RAW,0.0021324590197764337
8,blocks.1.attn.c_q.weight.buf,1048576,1049401,RAW,0.0006312920013442636
8,blocks.1.attn.c_k.weight.buf,1048576,1049401,RAW,0.0005903749843128026
8,blocks.1.attn.c_v.weight.buf,1048576,1049401,RAW,0.0005696669977623969
8,blocks.1.attn.c_proj.weight.buf,1048576,1049401,RAW,0.0005884590209461749
8,blocks.1.attn.ve_gate.weight.buf,512,1022,RAW,8.750008419156075e-06
8,blocks.1.mlp.c_fc.weight.buf,4194304,4196389,RAW,0.002059791993815452
8,blocks.1.mlp.c_proj.weight.buf,4194304,4195129,RAW,0.025538749992847443
8,blocks.2.attn.c_q.weight.buf,1048576,1049401,RAW,0.0006950000242795795
8,blocks.2.attn.c_k.weight.buf,1048576,1049401,RAW,0.0005849580047652125
8,blocks.2.attn.c_v.weight.buf,1048576,1049401,RAW,0.0005793339805677533
8,blocks.2.attn.c_proj.weight.buf,1048576,1049401,RAW,0.000588916998822242
8,blocks.2.mlp.c_fc.weight.buf,4194304,4196389,RAW,0.0023336249869316816
8,blocks.2.mlp.c_proj.weight.buf,4194304,4195129,RAW,0.002836250001564622
8,blocks.3.attn.c_q.weight.buf,1048576,1049401,RAW,0.0006274160114116967
8,blocks.3.attn.c_k.weight.buf,1048576,1049401,RAW,0.0005685419891960919
8,blocks.3.attn.c_v.weight.buf,1048576,1049401,RAW,0.0005590829823631793
8,blocks.3.attn.c_proj.weight.buf,1048576,1049401,RAW,0.0005640829913318157
8,blocks.3.attn.ve_gate.weight.buf,512,1022,RAW,8.292001439258456e-06
8,blocks.3.mlp.c_fc.weight.buf,4194304,4196389,RAW,0.0020471669849939644
8,blocks.3.mlp.c_proj.weight.buf,4194304,4195129,RAW,0.0020216249977238476
8,blocks.4.attn.c_q.weight.buf,1048576,1049401,RAW,0.0005909579922445118
8,blocks.4.attn.c_k.weight.buf,1048576,1049401,RAW,0.0005659169983118773
8,blocks.4.attn.c_v.weight.buf,1048576,1049401,RAW,0.0005952079955022782
8,blocks.4.attn.c_proj.weight.buf,1048576,1049401,RAW,0.0005902920092921704
8,blocks.4.mlp.c_fc.weight.buf,4194304,4196389,RAW,0.002084917010506615
8,blocks.4.mlp.c_proj.weight.buf,4194304,4195129,RAW,0.00215612500323914
8,blocks.5.attn.c_q.weight.buf,1048576,1049401,RAW,0.0006057079881429672
8,blocks.5.attn.c_k.weight.buf,1048576,1049401,RAW,0.0005593330133706331
8,blocks.5.attn.c_v.weight.buf,1048576,1049401,RAW,0.0005584169994108379
8,blocks.5.attn.c_proj.weight.buf,1048576,1049401,RAW,0.0005692499980796129
8,blocks.5.attn.ve_gate.weight.buf,512,1022,RAW,1.1582975275814533e-05
8,blocks.5.mlp.c_fc.weight.buf,4194304,4196389,RAW,0.0020586659957189113
8,blocks.5.mlp.c_proj.weight.buf,4194304,4195129,RAW,0.0034094170259777457
8,blocks.6.attn.c_q.weight.buf,1048576,1049401,RAW,0.0006473750108852983
8,blocks.6.attn.c_k.weight.buf,1048576,1049401,RAW,0.0005887080042157322
8,blocks.6.attn.c_v.weight.buf,1048576,1049401,RAW,0.0005766659742221236
8,blocks.6.attn.c_proj.weight.buf,1048576,1049401,RAW,0.0005742920038755983
8,blocks.6.mlp.c_fc.weight.buf,4194304,4196389,RAW,0.0021004999871365726
8,blocks.6.mlp.c_proj.weight.buf,4194304,4195129,RAW,0.0020570839988067746
8,blocks.7.attn.c_q.weight.buf,1048576,1049401,RAW,0.0005967500037513673
8,blocks.7.attn.c_k.weight.buf,1048576,1049401,RAW,0.0005731660057790577
8,blocks.7.attn.c_v.weight.buf,1048576,1049401,RAW,0.0005629579827655107
8,blocks.7.attn.c_proj.weight.buf,1048576,1049401,RAW,0.0005530839844141155
8,blocks.7.attn.ve_gate.weight.buf,512,1022,RAW,8.125003660097718e-06
8,blocks.7.mlp.c_fc.weight.buf,4194304,4196389,RAW,0.002037083002505824
8,blocks.7.mlp.c_proj.weight.buf,4194304,4195129,RAW,0.0020535829826258123
8,lm_head.weight.m,67108864,67136149,RAW,0.06155970899271779
8,lm_head.weight.v,67108864,67136149,RAW,0.035210665984777734
8,resid_lambdas.m,32,32,RAW_VECTOR,2.6249908842146397e-06
8,resid_lambdas.v,32,32,RAW_VECTOR,5.00003807246685e-07
8,x0_lambdas.m,32,32,RAW_VECTOR,7.499766070395708e-07
8,x0_lambdas.v,32,32,RAW_VECTOR,4.169996827840805e-07
8,value_embeds.1.weight.m,67108864,67136149,RAW,0.03876587498234585
8,value_embeds.1.weight.v,67108864,67136149,RAW,0.055956500000320375
8,value_embeds.3.weight.m,67108864,67136149,RAW,0.03571337499306537
8,value_embeds.3.weight.v,67108864,67136149,RAW,0.038395707990275696
8,value_embeds.5.weight.m,67108864,67136149,RAW,0.038665291998768225
8,value_embeds.5.weight.v,67108864,67136149,RAW,0.03963399998610839
8,value_embeds.7.weight.m,67108864,67136149,RAW,0.03608520800480619
8,value_embeds.7.weight.v,67108864,67136149,RAW,0.062477708008373156
9,wte.weight.m,67108864,67136149,RAW,0.04003745800582692
9,wte.weight.v,67108864,67136149,RAW,0.033037916000466794
9,blocks.0.attn.c_q.weight.buf,1048576,1049401,RAW,0.0008595419931225479
9,blocks.0.attn.c_k.weight.buf,1048576,1049401,RAW,0.0006494580011349171
9,blocks.0.attn.c_v.weight.buf,1048576,1049401,RAW,0.0005901250115130097
9,blocks.0.attn.c_proj.weight.buf,1048576,1049401,RAW,0.000572290999116376
9,blocks.0.mlp.c_fc.weight.buf,4194304,4196389,RAW,0.0022523750085383654
9,blocks.0.mlp.c_proj.weight.buf,4194304,4195129,RAW,0.0020105419971514493
9,blocks.1.attn.c_q.weight.buf,1048576,1049401,RAW,0.0006011670047882944
9,blocks.1.attn.c_k.weight.buf,1048576,1049401,RAW,0.0005591670051217079
9,blocks.1.attn.c_v.weight.buf,1048576,1049401,RAW,0.0005721249908674508
9,blocks.1.attn.c_proj.weight.buf,1048576,1049401,RAW,0.0005380419897846878
9,blocks.1.attn.ve_gate.weight.buf,512,1022,RAW,2.629202208481729e-05
9,blocks.1.mlp.c_fc.weight.buf,4194304,4196389,RAW,0.0020269579836167395
9,blocks.1.mlp.c_proj.weight.buf,4194304,4195129,RAW,0.0020415830076672137
9,blocks.2.attn.c_q.weight.buf,1048576,1049401,RAW,0.000588541995966807
9,blocks.2.attn.c_k.weight.buf,1048576,1049401,RAW,0.0005582499725278467
9,blocks.2.attn.c_v.weight.buf,1048576,1049401,RAW,0.0005306669918354601
9,blocks.2.attn.c_proj.weight.buf,1048576,1049401,RAW,0.0005322079814504832
9,blocks.2.mlp.c_fc.weight.buf,4194304,4196389,RAW,0.00200433301506564
9,blocks.2.mlp.c_proj.weight.buf,4194304,4195129,RAW,0.001971165998838842
9,blocks.3.attn.c_q.weight.buf,1048576,1049401,RAW,0.0005965419986750931
9,blocks.3.attn.c_k.weight.buf,1048576,1049401,RAW,0.0013362499885261059
9,blocks.3.attn.c_v.weight.buf,1048576,1049401,RAW,0.0005912079941481352
9,blocks.3.attn.c_proj.weight.buf,1048576,1049401,RAW,0.0005580419965554029
9,blocks.3.attn.ve_gate.weight.buf,512,1022,RAW,9.458017302677035e-06
9,blocks.3.mlp.c_fc.weight.buf,4194304,4196389,RAW,0.0023000000219326466
9,blocks.3.mlp.c_proj.weight.buf,4194304,4195129,RAW,0.02401787499547936
9,blocks.4.attn.c_q.weight.buf,1048576,1049401,RAW,0.0008867080032359809
9,blocks.4.attn.c_k.weight.buf,1048576,1049401,RAW,0.0005634579865727574
9,blocks.4.attn.c_v.weight.buf,1048576,1049401,RAW,0.0005499999970197678
9,blocks.4.attn.c_proj.weight.buf,1048576,1049401,RAW,0.0005792499869130552
9,blocks.4.mlp.c_fc.weight.buf,4194304,4196389,RAW,0.002206000004662201
9,blocks.4.mlp.c_proj.weight.buf,4194304,4195129,RAW,0.0020134169899392873
9,blocks.5.attn.c_q.weight.buf,1048576,1049401,RAW,0.0005689999961759895
9,blocks.5.attn.c_k.weight.buf,1048576,1049401,RAW,0.0005345839890651405
9,blocks.5.attn.c_v.weight.buf,1048576,1049401,RAW,0.0005276669980958104
9,blocks.5.attn.c_proj.weight.buf,1048576,1049401,RAW,0.0005421249952632934
9,blocks.5.attn.ve_gate.weight.buf,512,1022,RAW,8.333008736371994e-06
9,blocks.5.mlp.c_fc.weight.buf,4194304,4196389,RAW,0.002074874995741993
9,blocks.5.mlp.c_proj.weight.buf,4194304,4195129,RAW,0.0019792910024989396
9,blocks.6.attn.c_q.weight.buf,1048576,1049401,RAW,0.0005804589891340584
9,blocks.6.attn.c_k.weight.buf,1048576,1049401,RAW,0.0005453750200103968
9,blocks.6.attn.c_v.weight.buf,1048576,1049401,RAW,0.0005442500114440918
9,blocks.6.attn.c_proj.weight.buf,1048576,1049401,RAW,0.000524458009749651
9,blocks.6.mlp.c_fc.weight.buf,4194304,4196389,RAW,0.002004915993893519
9,blocks.6.mlp.c_proj.weight.buf,4194304,4195129,RAW,0.003342707990668714
9,blocks.7.attn.c_q.weight.buf,1048576,1049401,RAW,0.0006323330162558705
9,blocks.7.attn.c_k.weight.buf,1048576,1049401,RAW,0.0005509999755304307
9,blocks.7.attn.c_v.weight.buf,1048576,1049401,RAW,0.000580916996113956
9,blocks.7.attn.c_proj.weight.buf,1048576,1049401,RAW,0.0005564170132856816
9,blocks.7.attn.ve_gate.weight.buf,512,1022,RAW,7.791997632011771e-06
9,blocks.7.mlp.c_fc.weight.buf,4194304,4196389,RAW,0.0020695409912150353
9,blocks.7.mlp.c_proj.weight.buf,4194304,4195129,RAW,0.0020064169948454946
9,lm_head.weight.m,67108864,67136149,RAW,0.05374354199739173
9,lm_head.weight.v,67108864,67136149,RAW,0.03936337499180809
9,resid_lambdas.m,32,32,RAW_VECTOR,8.37500556372106e-06
9,resid_lambdas.v,32,32,RAW_VECTOR,1.166015863418579e-06
9,x0_lambdas.m,32,32,RAW_VECTOR,8.750066626816988e-07
9,x0_lambdas.v,32,32,RAW_VECTOR,4.580069798976183e-07
9,value_embeds.1.weight.m,67108864,67136149,RAW,0.0352838340040762
9,value_embeds.1.weight.v,67108864,67136149,RAW,0.03854462498566136
9,value_embeds.3.weight.m,67108864,67136149,RAW,0.03684720801538788
9,value_embeds.3.weight.v,67108864,67136149,RAW,0.03863612498389557
9,value_embeds.5.weight.m,67108864,67136149,RAW,0.039681833994109184
9,value_embeds.5.weight.v,67108864,67136149,RAW,0.03900150000117719
9,value_embeds.7.weight.m,67108864,67136149,RAW,0.033749292022548616
9,value_embeds.7.weight.v,67108864,67136149,RAW,0.03858204200514592
10,wte.weight.m,67108864,67136149,RAW,0.0421568329911679
10,wte.weight.v,67108864,67136149,RAW,0.039513584022643045
10,blocks.0.attn.c_q.weight.buf,1048576,1049401,RAW,0.0006262919923756272
10,blocks.0.attn.c_k.weight.buf,1048576,1049401,RAW,0.0005785830144304782
10,blocks.0.attn.c_v.weight.buf,1048576,1049401,RAW,0.0005701660120394081
10,blocks.0.attn.c_proj.weight.buf,1048576,1049401,RAW,0.0005836249911226332
10,blocks.0.mlp.c_fc.weight.buf,4194304,4196389,RAW,0.00213479099329561
10,blocks.0.mlp.c_proj.weight.buf,4194304,4195129,RAW,0.0020193329837638885
10,blocks.1.attn.c_q.weight.buf,1048576,1049401,RAW,0.0006002080044709146
10,blocks.1.attn.c_k.weight.buf,1048576,1049401,RAW,0.000576958991587162
10,blocks.1.attn.c_v.weight.buf,1048576,1049401,RAW,0.0007520409999415278
10,blocks.1.attn.c_proj.weight.buf,1048576,1049401,RAW,0.0005764160014223307
10,blocks.1.attn.ve_gate.weight.buf,512,1022,RAW,9.125011274591088e-06
10,blocks.1.mlp.c_fc.weight.buf,4194304,4196389,RAW,0.002230417012469843
10,blocks.1.mlp.c_proj.weight.buf,4194304,4195129,RAW,0.0023922919936012477
10,blocks.2.attn.c_q.weight.buf,1048576,1049401,RAW,0.0006028749921824783
10,blocks.2.attn.c_k.weight.buf,1048576,1049401,RAW,0.0005604169855359942
10,blocks.2.attn.c_v.weight.buf,1048576,1049401,RAW,0.0005622080061584711
10,blocks.2.attn.c_proj.weight.buf,1048576,1049401,RAW,0.0005401670059654862
10,blocks.2.mlp.c_fc.weight.buf,4194304,4196389,RAW,0.002094625000609085
10,blocks.2.mlp.c_proj.weight.buf,4194304,4195129,RAW,0.0020148330077063292
10,blocks.3.attn.c_q.weight.buf,1048576,1049401,RAW,0.0006150419940240681
10,blocks.3.attn.c_k.weight.buf,1048576,1049401,RAW,0.0005534159718081355
10,blocks.3.attn.c_v.weight.buf,1048576,1049401,RAW,0.0005651249957736582
10,blocks.3.attn.c_proj.weight.buf,1048576,1049401,RAW,0.0005535840173251927
10,blocks.3.attn.ve_gate.weight.buf,512,1022,RAW,7.624999852851033e-06
10,blocks.3.mlp.c_fc.weight.buf,4194304,4196389,RAW,0.0020179590210318565
10,blocks.3.mlp.c_proj.weight.buf,4194304,4195129,RAW,0.0019853750127367675
10,blocks.4.attn.c_q.weight.buf,1048576,1049401,RAW,0.000654792005661875
10,blocks.4.attn.c_k.weight.buf,1048576,1049401,RAW,0.000555666018044576
10,blocks.4.attn.c_v.weight.buf,1048576,1049401,RAW,0.0005389169964473695
10,blocks.4.attn.c_proj.weight.buf,1048576,1049401,RAW,0.0005428330041468143
10,blocks.4.mlp.c_fc.weight.buf,4194304,4196389,RAW,0.0031921250047162175
10,blocks.4.mlp.c_proj.weight.buf,4194304,4195129,RAW,0.0020890419837087393
10,blocks.5.attn.c_q.weight.buf,1048576,1049401,RAW,0.0006370829942170531
10,blocks.5.attn.c_k.weight.buf,1048576,1049401,RAW,0.0005933330103289336
10,blocks.5.attn.c_v.weight.buf,1048576,1049401,RAW,0.0006072090181987733
10,blocks.5.attn.c_proj.weight.buf,1048576,1049401,RAW,0.0006274160114116967
10,blocks.5.attn.ve_gate.weight.buf,512,1022,RAW,1.2167001841589808e-05
10,blocks.5.mlp.c_fc.weight.buf,4194304,4196389,RAW,0.0021238329936750233
10,blocks.5.mlp.c_proj.weight.buf,4194304,4195129,RAW,0.002034958015428856
10,blocks.6.attn.c_q.weight.buf,1048576,1049401,RAW,0.0006451249937526882
10,blocks.6.attn.c_k.weight.buf,1048576,1049401,RAW,0.0006376249948516488
10,blocks.6.attn.c_v.weight.buf,1048576,1049401,RAW,0.000733333989046514
10,blocks.6.attn.c_proj.weight.buf,1048576,1049401,RAW,0.0006389159825630486
10,blocks.6.mlp.c_fc.weight.buf,4194304,4196389,RAW,0.0021574579877778888
10,blocks.6.mlp.c_proj.weight.buf,4194304,4195129,RAW,0.00216133298818022
10,blocks.7.attn.c_q.weight.buf,1048576,1049401,RAW,0.0007081250078044832
10,blocks.7.attn.c_k.weight.buf,1048576,1049401,RAW,0.0005663329793605953
10,blocks.7.attn.c_v.weight.buf,1048576,1049401,RAW,0.0005662080075126141
10,blocks.7.attn.c_proj.weight.buf,1048576,1049401,RAW,0.0005621250020340085
10,blocks.7.attn.ve_gate.weight.buf,512,1022,RAW,8.249975508078933e-06
10,blocks.7.mlp.c_fc.weight.buf,4194304,4196389,RAW,0.002129500004230067
10,blocks.7.mlp.c_proj.weight.buf,4194304,4195129,RAW,0.024380708986427635
10,lm_head.weight.m,67108864,67136149,RAW,0.03588275000220165
10,lm_head.weight.v,67108864,67136149,RAW,0.03874637500848621
10,resid_lambdas.m,32,32,RAW_VECTOR,4.292000085115433e-06
10,resid_lambdas.v,32,32,RAW_VECTOR,1.2500095181167126e-06
10,x0_lambdas.m,32,32,RAW_VECTOR,9.579816833138466e-07
10,x0_lambdas.v,32,32,RAW_VECTOR,4.1601015254855156e-07
10,value_embeds.1.weight.m,67108864,67136149,RAW,0.038342249987181276
10,value_embeds.1.weight.v,67108864,67136149,RAW,0.06863908399827778
10,value_embeds.3.weight.m,67108864,67136149,RAW,0.03860408300533891
10,value_embeds.3.weight.v,67108864,67136149,RAW,0.04380658399895765
10,value_embeds.5.weight.m,67108864,67136149,RAW,0.07015008298913017
10,value_embeds.5.weight.v,67108864,67136149,RAW,0.037342833005823195
10,value_embeds.7.weight.m,67108864,67136149,RAW,0.04759570801979862
10,value_embeds.7.weight.v,67108864,67136149,RAW,0.04146825001225807
11,wte.weight.m,67108864,67136149,RAW,0.03636954099056311
11,wte.weight.v,67108864,67136149,RAW,0.06366466701729223
11,blocks.0.attn.c_q.weight.buf,1048576,1049401,RAW,0.0006585830124095082
11,blocks.0.attn.c_k.weight.buf,1048576,1049401,RAW,0.0006017499836161733
11,blocks.0.attn.c_v.weight.buf,1048576,1049401,RAW,0.0005699169996660203
11,blocks.0.attn.c_proj.weight.buf,1048576,1049401,RAW,0.0005853750044479966
11,blocks.0.mlp.c_fc.weight.buf,4194304,4196389,RAW,0.0022656249930150807
11,blocks.0.mlp.c_proj.weight.buf,4194304,4195129,RAW,0.0021563750051427633
11,blocks.1.attn.c_q.weight.buf,1048576,1049401,RAW,0.0006141249905340374
11,blocks.1.attn.c_k.weight.buf,1048576,1049401,RAW,0.0005822920065838844
11,blocks.1.attn.c_v.weight.buf,1048576,1049401,RAW,0.0005636250134557486
11,blocks.1.attn.c_proj.weight.buf,1048576,1049401,RAW,0.0005560839781537652
11,blocks.1.attn.ve_gate.weight.buf,512,1022,RAW,7.916998583823442e-06
11,blocks.1.mlp.c_fc.weight.buf,4194304,4196389,RAW,0.002065833017695695
11,blocks.1.mlp.c_proj.weight.buf,4194304,4195129,RAW,0.0020796250028070062
11,blocks.2.attn.c_q.weight.buf,1048576,1049401,RAW,0.0006534169951919466
11,blocks.2.attn.c_k.weight.buf,1048576,1049401,RAW,0.0005693340208381414
11,blocks.2.attn.c_v.weight.buf,1048576,1049401,RAW,0.02373845799593255
11,blocks.2.attn.c_proj.weight.buf,1048576,1049401,RAW,0.000684124999679625
11,blocks.2.mlp.c_fc.weight.buf,4194304,4196389,RAW,0.0023460420197807252
11,blocks.2.mlp.c_proj.weight.buf,4194304,4195129,RAW,0.0021667919936589897
11,blocks.3.attn.c_q.weight.buf,1048576,1049401,RAW,0.0006446249899454415
11,blocks.3.attn.c_k.weight.buf,1048576,1049401,RAW,0.0005811250011902303
11,blocks.3.attn.c_v.weight.buf,1048576,1049401,RAW,0.0005760829953942448
11,blocks.3.attn.c_proj.weight.buf,1048576,1049401,RAW,0.0005743750080000609
11,blocks.3.attn.ve_gate.weight.buf,512,1022,RAW,7.791997632011771e-06
11,blocks.3.mlp.c_fc.weight.buf,4194304,4196389,RAW,0.002086624997900799
11,blocks.3.mlp.c_proj.weight.buf,4194304,4195129,RAW,0.0020452080061659217
11,blocks.4.attn.c_q.weight.buf,1048576,1049401,RAW,0.0006099590100347996
11,blocks.4.attn.c_k.weight.buf,1048576,1049401,RAW,0.0006558749882970005
11,blocks.4.attn.c_v.weight.buf,1048576,1049401,RAW,0.0005781670042779297
11,blocks.4.attn.c_proj.weight.buf,1048576,1049401,RAW,0.0005660830065608025
11,blocks.4.mlp.c_fc.weight.buf,4194304,4196389,RAW,0.0020850830187555403
11,blocks.4.mlp.c_proj.weight.buf,4194304,4195129,RAW,0.002011624979786575
11,blocks.5.attn.c_q.weight.buf,1048576,1049401,RAW,0.0006191669963300228
11,blocks.5.attn.c_k.weight.buf,1048576,1049401,RAW,0.0005720420158468187
11,blocks.5.attn.c_v.weight.buf,1048576,1049401,RAW,0.00057516701053828
11,blocks.5.attn.c_proj.weight.buf,1048576,1049401,RAW,0.0005653749976772815
11,blocks.5.attn.ve_gate.weight.buf,512,1022,RAW,9.29197994992137e-06
11,blocks.5.mlp.c_fc.weight.buf,4194304,4196389,RAW,0.002102250000461936
11,blocks.5.mlp.c_proj.weight.buf,4194304,4195129,RAW,0.0020184589957352728
11,blocks.6.attn.c_q.weight.buf,1048576,1049401,RAW,0.0006267919961828738
11,blocks.6.attn.c_k.weight.buf,1048576,1049401,RAW,0.0005734169972129166
11,blocks.6.attn.c_v.weight.buf,1048576,1049401,RAW,0.001309167011640966
11,blocks.6.attn.c_proj.weight.buf,1048576,1049401,RAW,0.0005633750115521252
11,blocks.6.mlp.c_fc.weight.buf,4194304,4196389,RAW,0.0023040839878376573
11,blocks.6.mlp.c_proj.weight.buf,4194304,4195129,RAW,0.0021269579883664846
11,blocks.7.attn.c_q.weight.buf,1048576,1049401,RAW,0.0006373330252245069
11,blocks.7.attn.c_k.weight.buf,1048576,1049401,RAW,0.0005762919900007546
11,blocks.7.attn.c_v.weight.buf,1048576,1049401,RAW,0.0005712079873774201
11,blocks.7.attn.c_proj.weight.buf,1048576,1049401,RAW,0.0005575830000452697
11,blocks.7.attn.ve_gate.weight.buf,512,1022,RAW,9.958981536328793e-06
11,blocks.7.mlp.c_fc.weight.buf,4194304,4196389,RAW,0.0021027090260758996
11,blocks.7.mlp.c_proj.weight.buf,4194304,4195129,RAW,0.002187624981161207
11,lm_head.weight.m,67108864,67136149,RAW,0.040828000026522204
11,lm_head.weight.v,67108864,67136149,RAW,0.04231445799814537
11,resid_lambdas.m,32,32,RAW_VECTOR,4.750007065013051e-06
11,resid_lambdas.v,32,32,RAW_VECTOR,3.7500285543501377e-07
11,x0_lambdas.m,32,32,RAW_VECTOR,8.750066626816988e-07
11,x0_lambdas.v,32,32,RAW_VECTOR,4.5899651013314724e-07
11,value_embeds.1.weight.m,67108864,67136149,RAW,0.05495804100064561
11,value_embeds.1.weight.v,67108864,67136149,RAW,0.04104470799211413
11,value_embeds.3.weight.m,67108864,67136149,RAW,0.04040820797672495
11,value_embeds.3.weight.v,67108864,67136149,RAW,0.0405922920035664
11,value_embeds.5.weight.m,67108864,67136149,RAW,0.04631379101192579
11,value_embeds.5.weight.v,67108864,67136149,RAW,0.04195941600482911
11,value_embeds.7.weight.m,67108864,67136149,RAW,0.040711916983127594
11,value_embeds.7.weight.v,67108864,67136149,RAW,0.04130025001359172
12,wte.weight.m,67108864,67136149,RAW,0.041660709015559405
12,wte.weight.v,67108864,67136149,RAW,0.03859145799651742
12,blocks.0.attn.c_q.weight.buf,1048576,1049401,RAW,0.0006944160268176347
12,blocks.0.attn.c_k.weight.buf,1048576,1049401,RAW,0.0006854579842183739
12,blocks.0.attn.c_v.weight.buf,1048576,1049401,RAW,0.0006523330230265856
12,blocks.0.attn.c_proj.weight.buf,1048576,1049401,RAW,0.0006226669938769192
12,blocks.0.mlp.c_fc.weight.buf,4194304,4196389,RAW,0.02730512502603233
12,blocks.0.mlp.c_proj.weight.buf,4194304,4195129,RAW,0.002493208012310788
12,blocks.1.attn.c_q.weight.buf,1048576,1049401,RAW,0.0006669579888693988
12,blocks.1.attn.c_k.weight.buf,1048576,1049401,RAW,0.0006212499865796417
12,blocks.1.attn.c_v.weight.buf,1048576,1049401,RAW,0.0006469999789260328
12,blocks.1.attn.c_proj.weight.buf,1048576,1049401,RAW,0.0006060420128051192
12,blocks.1.attn.ve_gate.weight.buf,512,1022,RAW,3.4374999813735485e-05
12,blocks.1.mlp.c_fc.weight.buf,4194304,4196389,RAW,0.002262249996419996
12,blocks.1.mlp.c_proj.weight.buf,4194304,4195129,RAW,0.002165457990486175
12,blocks.2.attn.c_q.weight.buf,1048576,1049401,RAW,0.0006579589971806854
12,blocks.2.attn.c_k.weight.buf,1048576,1049401,RAW,0.0006284579867497087
12,blocks.2.attn.c_v.weight.buf,1048576,1049401,RAW,0.0005967500037513673
12,blocks.2.attn.c_proj.weight.buf,1048576,1049401,RAW,0.0005920829717069864
12,blocks.2.mlp.c_fc.weight.buf,4194304,4196389,RAW,0.002103792008711025
12,blocks.2.mlp.c_proj.weight.buf,4194304,4195129,RAW,0.0021777919901069254
12,blocks.3.attn.c_q.weight.buf,1048576,1049401,RAW,0.0005909579922445118
12,blocks.3.attn.c_k.weight.buf,1048576,1049401,RAW,0.0005642499891109765
12,blocks.3.attn.c_v.weight.buf,1048576,1049401,RAW,0.0005953340150881559
12,blocks.3.attn.c_proj.weight.buf,1048576,1049401,RAW,0.0005839999939780682
12,blocks.3.attn.ve_gate.weight.buf,512,1022,RAW,2.1625019144266844e-05
12,blocks.3.mlp.c_fc.weight.buf,4194304,4196389,RAW,0.024013665999518707
12,blocks.3.mlp.c_proj.weight.buf,4194304,4195129,RAW,0.002319749997695908
12,blocks.4.attn.c_q.weight.buf,1048576,1049401,RAW,0.0006325410213321447
12,blocks.4.attn.c_k.weight.buf,1048576,1049401,RAW,0.0005631250096485019
12,blocks.4.attn.c_v.weight.buf,1048576,1049401,RAW,0.0005832079914398491
12,blocks.4.attn.c_proj.weight.buf,1048576,1049401,RAW,0.0005992500227876008
12,blocks.4.mlp.c_fc.weight.buf,4194304,4196389,RAW,0.0020055420172866434
12,blocks.4.mlp.c_proj.weight.buf,4194304,4195129,RAW,0.002038665988948196
12,blocks.5.attn.c_q.weight.buf,1048576,1049401,RAW,0.000618207996012643
12,blocks.5.attn.c_k.weight.buf,1048576,1049401,RAW,0.0005484999855980277
12,blocks.5.attn.c_v.weight.buf,1048576,1049401,RAW,0.0005703330098185688
12,blocks.5.attn.c_proj.weight.buf,1048576,1049401,RAW,0.0005351660074666142
12,blocks.5.attn.ve_gate.weight.buf,512,1022,RAW,9.25001222640276e-06
12,blocks.5.mlp.c_fc.weight.buf,4194304,4196389,RAW,0.002386582986218855
12,blocks.5.mlp.c_proj.weight.buf,4194304,4195129,RAW,0.0021726659906562418
12,blocks.6.attn.c_q.weight.buf,1048576,1049401,RAW,0.0006094170094002038
12,blocks.6.attn.c_k.weight.buf,1048576,1049401,RAW,0.0005576249968726188
12,blocks.6.attn.c_v.weight.buf,1048576,1049401,RAW,0.0005437090003397316
12,blocks.6.attn.c_proj.weight.buf,1048576,1049401,RAW,0.0005791249859612435
12,blocks.6.mlp.c_fc.weight.buf,4194304,4196389,RAW,0.0020337080059107393
12,blocks.6.mlp.c_proj.weight.buf,4194304,4195129,RAW,0.00217349999002181
12,blocks.7.attn.c_q.weight.buf,1048576,1049401,RAW,0.0006051670061424375
12,blocks.7.attn.c_k.weight.buf,1048576,1049401,RAW,0.0005352500011213124
12,blocks.7.attn.c_v.weight.buf,1048576,1049401,RAW,0.0006335840153042227
12,blocks.7.attn.c_proj.weight.buf,1048576,1049401,RAW,0.0013245830195955932
12,blocks.7.attn.ve_gate.weight.buf,512,1022,RAW,1.2874981621280313e-05
12,blocks.7.mlp.c_fc.weight.buf,4194304,4196389,RAW,0.0022445830109063536
12,blocks.7.mlp.c_proj.weight.buf,4194304,4195129,RAW,0.002034334000200033
12,lm_head.weight.m,67108864,67136149,RAW,0.03607470900169574
12,lm_head.weight.v,67108864,67136149,RAW,0.060928417020477355
12,resid_lambdas.m,32,32,RAW_VECTOR,8.54101381264627e-06
12,resid_lambdas.v,32,32,RAW_VECTOR,1.4159886632114649e-06
12,x0_lambdas.m,32,32,RAW_VECTOR,1.9999861251562834e-06
12,x0_lambdas.v,32,32,RAW_VECTOR,9.170034900307655e-07
12,value_embeds.1.weight.m,67108864,67136149,RAW,0.04028970902436413
12,value_embeds.1.weight.v,67108864,67136149,RAW,0.03942533300141804
12,value_embeds.3.weight.m,67108864,67136149,RAW,0.03812533401651308
12,value_embeds.3.weight.v,67108864,67136149,RAW,0.04014879200258292
12,value_embeds.5.weight.m,67108864,67136149,RAW,0.03748954099137336
12,value_embeds.5.weight.v,67108864,67136149,RAW,0.040283292008098215
12,value_embeds.7.weight.m,67108864,67136149,RAW,0.0372408339753747
12,value_embeds.7.weight.v,67108864,67136149,RAW,0.04033270801301114
13,wte.weight.m,67108864,67136149,RAW,0.03709212501416914
13,wte.weight.v,67108864,67136149,RAW,0.06825454198406078
13,blocks.0.attn.c_q.weight.buf,1048576,1049401,RAW,0.0006563749921042472
13,blocks.0.attn.c_k.weight.buf,1048576,1049401,RAW,0.000592875003349036
13,blocks.0.attn.c_v.weight.buf,1048576,1049401,RAW,0.0006144579965621233
13,blocks.0.attn.c_proj.weight.buf,1048576,1049401,RAW,0.000614249991485849
13,blocks.0.mlp.c_fc.weight.buf,4194304,4196389,RAW,0.0024575410061515868
13,blocks.0.mlp.c_proj.weight.buf,4194304,4195129,RAW,0.002107999986037612
13,blocks.1.attn.c_q.weight.buf,1048576,1049401,RAW,0.000643167004454881
13,blocks.1.attn.c_k.weight.buf,1048576,1049401,RAW,0.0005950000195298344
13,blocks.1.attn.c_v.weight.buf,1048576,1049401,RAW,0.0005904170102439821
13,blocks.1.attn.c_proj.weight.buf,1048576,1049401,RAW,0.0006052499811630696
13,blocks.1.attn.ve_gate.weight.buf,512,1022,RAW,1.7041980754584074e-05
13,blocks.1.mlp.c_fc.weight.buf,4194304,4196389,RAW,0.0021478749986272305
13,blocks.1.mlp.c_proj.weight.buf,4194304,4195129,RAW,0.02536729199346155
13,blocks.2.attn.c_q.weight.buf,1048576,1049401,RAW,0.0006702500104438514
13,blocks.2.attn.c_k.weight.buf,1048576,1049401,RAW,0.000580541993258521
13,blocks.2.attn.c_v.weight.buf,1048576,1049401,RAW,0.0005977500113658607
13,blocks.2.attn.c_proj.weight.buf,1048576,1049401,RAW,0.000587083981372416
13,blocks.2.mlp.c_fc.weight.buf,4194304,4196389,RAW,0.0023272499965969473
13,blocks.2.mlp.c_proj.weight.buf,4194304,4195129,RAW,0.0020935420179739594
13,blocks.3.attn.c_q.weight.buf,1048576,1049401,RAW,0.0006409999914467335
13,blocks.3.attn.c_k.weight.buf,1048576,1049401,RAW,0.0005869169835932553
13,blocks.3.attn.c_v.weight.buf,1048576,1049401,RAW,0.000618249992839992
13,blocks.3.attn.c_proj.weight.buf,1048576,1049401,RAW,0.0005814169999212027
13,blocks.3.attn.ve_gate.weight.buf,512,1022,RAW,7.6669966802001e-06
13,blocks.3.mlp.c_fc.weight.buf,4194304,4196389,RAW,0.002068875008262694
13,blocks.3.mlp.c_proj.weight.buf,4194304,4195129,RAW,0.0020638749992940575
13,blocks.4.attn.c_q.weight.buf,1048576,1049401,RAW,0.0006043750036042184
13,blocks.4.attn.c_k.weight.buf,1048576,1049401,RAW,0.0005562920123338699
13,blocks.4.attn.c_v.weight.buf,1048576,1049401,RAW,0.0005526669847313315
13,blocks.4.attn.c_proj.weight.buf,1048576,1049401,RAW,0.0005558749835472554
13,blocks.4.mlp.c_fc.weight.buf,4194304,4196389,RAW,0.002086584019707516
13,blocks.4.mlp.c_proj.weight.buf,4194304,4195129,RAW,0.002138499985449016
13,blocks.5.attn.c_q.weight.buf,1048576,1049401,RAW,0.0006255829939618707
13,blocks.5.attn.c_k.weight.buf,1048576,1049401,RAW,0.0005808340210933238
13,blocks.5.attn.c_v.weight.buf,1048576,1049401,RAW,0.0005532079958356917
13,blocks.5.attn.c_proj.weight.buf,1048576,1049401,RAW,0.0005614580004476011
13,blocks.5.attn.ve_gate.weight.buf,512,1022,RAW,7.166992872953415e-06
13,blocks.5.mlp.c_fc.weight.buf,4194304,4196389,RAW,0.0020369999983813614
13,blocks.5.mlp.c_proj.weight.buf,4194304,4195129,RAW,0.0021296660124789923
13,blocks.6.attn.c_q.weight.buf,1048576,1049401,RAW,0.001291458000196144
13,blocks.6.attn.c_k.weight.buf,1048576,1049401,RAW,0.0005940840055700392
13,blocks.6.attn.c_v.weight.buf,1048576,1049401,RAW,0.0005754170124419034
13,blocks.6.attn.c_proj.weight.buf,1048576,1049401,RAW,0.0005746670067310333
13,blocks.6.mlp.c_fc.weight.buf,4194304,4196389,RAW,0.002310082985786721
13,blocks.6.mlp.c_proj.weight.buf,4194304,4195129,RAW,0.0028389589861035347
13,blocks.7.attn.c_q.weight.buf,1048576,1049401,RAW,0.0006187079998198897
13,blocks.7.attn.c_k.weight.buf,1048576,1049401,RAW,0.0005646669887937605
13,blocks.7.attn.c_v.weight.buf,1048576,1049401,RAW,0.0005661670002155006
13,blocks.7.attn.c_proj.weight.buf,1048576,1049401,RAW,0.0005804169923067093
13,blocks.7.attn.ve_gate.weight.buf,512,1022,RAW,8.625007467344403e-06
13,blocks.7.mlp.c_fc.weight.buf,4194304,4196389,RAW,0.002054832992143929
13,blocks.7.mlp.c_proj.weight.buf,4194304,4195129,RAW,0.0020369999983813614
13,lm_head.weight.m,67108864,67136149,RAW,0.03895020901109092
13,lm_head.weight.v,67108864,67136149,RAW,0.04051329198409803
13,resid_lambdas.m,32,32,RAW_VECTOR,5.125009920448065e-06
13,resid_lambdas.v,32,32,RAW_VECTOR,2.6669877115637064e-06
13,x0_lambdas.m,32,32,RAW_VECTOR,1.0420044418424368e-06
13,x0_lambdas.v,32,32,RAW_VECTOR,4.159810487180948e-07
13,value_embeds.1.weight.m,67108864,67136149,RAW,0.04042579198721796
13,value_embeds.1.weight.v,67108864,67136149,RAW,0.04231595899909735
13,value_embeds.3.weight.m,67108864,67136149,RAW,0.04023495802539401
13,value_embeds.3.weight.v,67108864,67136149,RAW,0.04074283401132561
13,value_embeds.5.weight.m,67108864,67136149,RAW,0.042035624996060506
13,value_embeds.5.weight.v,67108864,67136149,RAW,0.041524000000208616
13,value_embeds.7.weight.m,67108864,67136149,RAW,0.03546566699515097
13,value_embeds.7.weight.v,67108864,67136149,RAW,0.06086766699445434
14,wte.weight.m,67108864,67136149,RAW,0.04019462497672066
14,wte.weight.v,67108864,67136149,RAW,0.0562647909973748
14,blocks.0.attn.c_q.weight.buf,1048576,1049401,RAW,0.000692833011271432
14,blocks.0.attn.c_k.weight.buf,1048576,1049401,RAW,0.0006035830010659993
14,blocks.0.attn.c_v.weight.buf,1048576,1049401,RAW,0.0006289999873843044
14,blocks.0.attn.c_proj.weight.buf,1048576,1049401,RAW,0.0006267089920584112
14,blocks.0.mlp.c_fc.weight.buf,4194304,4196389,RAW,0.0022342089796438813
14,blocks.0.mlp.c_proj.weight.buf,4194304,4195129,RAW,0.0020732079865410924
14,blocks.1.attn.c_q.weight.buf,1048576,1049401,RAW,0.0006376250239554793
14,blocks.1.attn.c_k.weight.buf,1048576,1049401,RAW,0.0005876250215806067
14,blocks.1.attn.c_v.weight.buf,1048576,1049401,RAW,0.0005756670143455267
14,blocks.1.attn.c_proj.weight.buf,1048576,1049401,RAW,0.0006058750150259584
14,blocks.1.attn.ve_gate.weight.buf,512,1022,RAW,8.500006515532732e-06
14,blocks.1.mlp.c_fc.weight.buf,4194304,4196389,RAW,0.002077292010653764
14,blocks.1.mlp.c_proj.weight.buf,4194304,4195129,RAW,0.002114417002303526
14,blocks.2.attn.c_q.weight.buf,1048576,1049401,RAW,0.0006309580057859421
14,blocks.2.attn.c_k.weight.buf,1048576,1049401,RAW,0.0005696250009350479
14,blocks.2.attn.c_v.weight.buf,1048576,1049401,RAW,0.0005814169999212027
14,blocks.2.attn.c_proj.weight.buf,1048576,1049401,RAW,0.000577290978981182
14,blocks.2.mlp.c_fc.weight.buf,4194304,4196389,RAW,0.002110916015226394
14,blocks.2.mlp.c_proj.weight.buf,4194304,4195129,RAW,0.0020610420033335686
14,blocks.3.attn.c_q.weight.buf,1048576,1049401,RAW,0.0006104579952079803
14,blocks.3.attn.c_k.weight.buf,1048576,1049401,RAW,0.0010780830052681267
14,blocks.3.attn.c_v.weight.buf,1048576,1049401,RAW,0.0005977919790893793
14,blocks.3.attn.c_proj.weight.buf,1048576,1049401,RAW,0.0006249170110095292
14,blocks.3.attn.ve_gate.weight.buf,512,1022,RAW,7.957976777106524e-06
14,blocks.3.mlp.c_fc.weight.buf,4194304,4196389,RAW,0.00237033300800249
14,blocks.3.mlp.c_proj.weight.buf,4194304,4195129,RAW,0.0021770839812234044
14,blocks.4.attn.c_q.weight.buf,1048576,1049401,RAW,0.0006205420067999512
14,blocks.4.attn.c_k.weight.buf,1048576,1049401,RAW,0.0005713329883292317
14,blocks.4.attn.c_v.weight.buf,1048576,1049401,RAW,0.0005612919921986759
14,blocks.4.attn.c_proj.weight.buf,1048576,1049401,RAW,0.0005761670181527734
14,blocks.4.mlp.c_fc.weight.buf,4194304,4196389,RAW,0.0020982920250389725
14,blocks.4.mlp.c_proj.weight.buf,4194304,4195129,RAW,0.0020598749979399145
14,blocks.5.attn.c_q.weight.buf,1048576,1049401,RAW,0.0006194580055307597
14,blocks.5.attn.c_k.weight.buf,1048576,1049401,RAW,0.0005726659728679806
14,blocks.5.attn.c_v.weight.buf,1048576,1049401,RAW,0.0006040840235073119
14,blocks.5.attn.c_proj.weight.buf,1048576,1049401,RAW,0.0005920000257901847
14,blocks.5.attn.ve_gate.weight.buf,512,1022,RAW,8.584000170230865e-06
14,blocks.5.mlp.c_fc.weight.buf,4194304,4196389,RAW,0.002053165982943028
14,blocks.5.mlp.c_proj.weight.buf,4194304,4195129,RAW,0.0020484999986365438
14,blocks.6.attn.c_q.weight.buf,1048576,1049401,RAW,0.000612749980064109
14,blocks.6.attn.c_k.weight.buf,1048576,1049401,RAW,0.0005910420150030404
14,blocks.6.attn.c_v.weight.buf,1048576,1049401,RAW,0.0005532500217668712
14,blocks.6.attn.c_proj.weight.buf,1048576,1049401,RAW,0.0005692499980796129
14,blocks.6.mlp.c_fc.weight.buf,4194304,4196389,RAW,0.02415375001146458
14,blocks.6.mlp.c_proj.weight.buf,4194304,4195129,RAW,0.002567374991485849
14,blocks.7.attn.c_q.weight.buf,1048576,1049401,RAW,0.0006706659914925694
14,blocks.7.attn.c_k.weight.buf,1048576,1049401,RAW,0.0005982920120004565
14,blocks.7.attn.c_v.weight.buf,1048576,1049401,RAW,0.0005857499781996012
14,blocks.7.attn.c_proj.weight.buf,1048576,1049401,RAW,0.0005903749843128026
14,blocks.7.attn.ve_gate.weight.buf,512,1022,RAW,7.2499969974160194e-06
14,blocks.7.mlp.c_fc.weight.buf,4194304,4196389,RAW,0.024967500008642673
14,blocks.7.mlp.c_proj.weight.buf,4194304,4195129,RAW,0.002378249977482483
14,lm_head.weight.m,67108864,67136149,RAW,0.05179624998709187
14,lm_head.weight.v,67108864,67136149,RAW,0.03977649999433197
14,resid_lambdas.m,32,32,RAW_VECTOR,1.0791991371661425e-05
14,resid_lambdas.v,32,32,RAW_VECTOR,1.3750104699283838e-06
14,x0_lambdas.m,32,32,RAW_VECTOR,7.079797796905041e-07
14,x0_lambdas.v,32,32,RAW_VECTOR,4.169996827840805e-07
14,value_embeds.1.weight.m,67108864,67136149,RAW,0.034434208006132394
14,value_embeds.1.weight.v,67108864,67136149,RAW,0.039162542001577094
14,value_embeds.3.weight.m,67108864,67136149,RAW,0.0390421669872012
14,value_embeds.3.weight.v,67108864,67136149,RAW,0.03898574999766424
14,value_embeds.5.weight.m,67108864,67136149,RAW,0.03820537499268539
14,value_embeds.5.weight.v,67108864,67136149,RAW,0.03956204099813476
14,value_embeds.7.weight.m,67108864,67136149,RAW,0.03769437500159256
14,value_embeds.7.weight.v,67108864,67136149,RAW,0.03927437501261011
15,wte.weight.m,67108864,67136149,RAW,0.04868470798828639
15,wte.weight.v,67108864,67136149,RAW,0.04056966697680764
15,blocks.0.attn.c_q.weight.buf,1048576,1049401,RAW,0.0007067920232657343
15,blocks.0.attn.c_k.weight.buf,1048576,1049401,RAW,0.0006316659855656326
15,blocks.0.attn.c_v.weight.buf,1048576,1049401,RAW,0.0006281250098254532
15,blocks.0.attn.c_proj.weight.buf,1048576,1049401,RAW,0.0013970420113764703
15,blocks.0.mlp.c_fc.weight.buf,4194304,4196389,RAW,0.0024430410121567547
15,blocks.0.mlp.c_proj.weight.buf,4194304,4195129,RAW,0.002215582993812859
15,blocks.1.attn.c_q.weight.buf,1048576,1049401,RAW,0.0006794159999117255
15,blocks.1.attn.c_k.weight.buf,1048576,1049401,RAW,0.0006039169966243207
15,blocks.1.attn.c_v.weight.buf,1048576,1049401,RAW,0.000594000011915341
15,blocks.1.attn.c_proj.weight.buf,1048576,1049401,RAW,0.0006058329890947789
15,blocks.1.attn.ve_gate.weight.buf,512,1022,RAW,2.116599353030324e-05
15,blocks.1.mlp.c_fc.weight.buf,4194304,4196389,RAW,0.002179417002480477
15,blocks.1.mlp.c_proj.weight.buf,4194304,4195129,RAW,0.0021141670003999025
15,blocks.2.attn.c_q.weight.buf,1048576,1049401,RAW,0.000643582985503599
15,blocks.2.attn.c_k.weight.buf,1048576,1049401,RAW,0.0005940830160398036
15,blocks.2.attn.c_v.weight.buf,1048576,1049401,RAW,0.0006198750052135438
15,blocks.2.attn.c_proj.weight.buf,1048576,1049401,RAW,0.0005908340099267662
15,blocks.2.mlp.c_fc.weight.buf,4194304,4196389,RAW,0.0021216250024735928
15,blocks.2.mlp.c_proj.weight.buf,4194304,4195129,RAW,0.0021425829909276217
15,blocks.3.attn.c_q.weight.buf,1048576,1049401,RAW,0.0007010420085862279
15,blocks.3.attn.c_k.weight.buf,1048576,1049401,RAW,0.0006092499825172126
15,blocks.3.attn.c_v.weight.buf,1048576,1049401,RAW,0.0006057919817976654
15,blocks.3.attn.c_proj.weight.buf,1048576,1049401,RAW,0.0006011250079609454
15,blocks.3.attn.ve_gate.weight.buf,512,1022,RAW,1.5166995581239462e-05
15,blocks.3.mlp.c_fc.weight.buf,4194304,4196389,RAW,0.003411250014323741
15,blocks.3.mlp.c_proj.weight.buf,4194304,4195129,RAW,0.0022012499975971878
15,blocks.4.attn.c_q.weight.buf,1048576,1049401,RAW,0.0007365420169662684
15,blocks.4.attn.c_k.weight.buf,1048576,1049401,RAW,0.0006891670054756105
15,blocks.4.attn.c_v.weight.buf,1048576,1049401,RAW,0.0006241250084713101
15,blocks.4.attn.c_proj.weight.buf,1048576,1049401,RAW,0.0006036669947206974
15,blocks.4.mlp.c_fc.weight.buf,4194304,4196389,RAW,0.002193791005993262
15,blocks.4.mlp.c_proj.weight.buf,4194304,4195129,RAW,0.002123624988598749
15,blocks.5.attn.c_q.weight.buf,1048576,1049401,RAW,0.0006463750032708049
15,blocks.5.attn.c_k.weight.buf,1048576,1049401,RAW,0.0005992919905111194
15,blocks.5.attn.c_v.weight.buf,1048576,1049401,RAW,0.0006007080082781613
15,blocks.5.attn.c_proj.weight.buf,1048576,1049401,RAW,0.0005994999955873936
15,blocks.5.attn.ve_gate.weight.buf,512,1022,RAW,1.479100319556892e-05
15,blocks.5.mlp.c_fc.weight.buf,4194304,4196389,RAW,0.002140958997188136
15,blocks.5.mlp.c_proj.weight.buf,4194304,4195129,RAW,0.0021204999939072877
15,blocks.6.attn.c_q.weight.buf,1048576,1049401,RAW,0.0006777500093448907
15,blocks.6.attn.c_k.weight.buf,1048576,1049401,RAW,0.0006534169951919466
15,blocks.6.attn.c_v.weight.buf,1048576,1049401,RAW,0.0006214159948285669
15,blocks.6.attn.c_proj.weight.buf,1048576,1049401,RAW,0.000607708003371954
15,blocks.6.mlp.c_fc.weight.buf,4194304,4196389,RAW,0.0021507499914150685
15,blocks.6.mlp.c_proj.weight.buf,4194304,4195129,RAW,0.029542000003857538
15,blocks.7.attn.c_q.weight.buf,1048576,1049401,RAW,0.0008174590184353292
15,blocks.7.attn.c_k.weight.buf,1048576,1049401,RAW,0.000738041999284178
15,blocks.7.attn.c_v.weight.buf,1048576,1049401,RAW,0.0008149999775923789
15,blocks.7.attn.c_proj.weight.buf,1048576,1049401,RAW,0.0006385830056387931
15,blocks.7.attn.ve_gate.weight.buf,512,1022,RAW,1.9750004867091775e-05
15,blocks.7.mlp.c_fc.weight.buf,4194304,4196389,RAW,0.0024287500127684325
15,blocks.7.mlp.c_proj.weight.buf,4194304,4195129,RAW,0.002301042026374489
15,lm_head.weight.m,67108864,67136149,RAW,0.05839083300088532
15,lm_head.weight.v,67108864,67136149,RAW,0.041950374987209216
15,resid_lambdas.m,32,32,RAW_VECTOR,5.833979230374098e-06
15,resid_lambdas.v,32,32,RAW_VECTOR,4.159810487180948e-07
15,x0_lambdas.m,32,32,RAW_VECTOR,1.00000761449337e-06
15,x0_lambdas.v,32,32,RAW_VECTOR,4.5899651013314724e-07
15,value_embeds.1.weight.m,67108864,67136149,RAW,0.0617952499887906
15,value_embeds.1.weight.v,67108864,67136149,RAW,0.03517766698496416
15,value_embeds.3.weight.m,67108864,67136149,RAW,0.03767095797229558
15,value_embeds.3.weight.v,67108864,67136149,RAW,0.04765195900108665
15,value_embeds.5.weight.m,67108864,67136149,RAW,0.03926129100727849
15,value_embeds.5.weight.v,67108864,67136149,RAW,0.037357416993472725
15,value_embeds.7.weight.m,67108864,67136149,RAW,0.037016707996372133
15,value_embeds.7.weight.v,67108864,67136149,RAW,0.03744841698789969
16,wte.weight.m,67108864,67136149,RAW,0.03884983400348574
16,wte.weight.v,67108864,67136149,RAW,0.04306762499618344
16,blocks.0.attn.c_q.weight.buf,1048576,1049401,RAW,0.00068299999111332
16,blocks.0.attn.c_k.weight.buf,1048576,1049401,RAW,0.0006092919793445617
16,blocks.0.attn.c_v.weight.buf,1048576,1049401,RAW,0.000645000021904707
16,blocks.0.attn.c_proj.weight.buf,1048576,1049401,RAW,0.0005674159910995513
16,blocks.0.mlp.c_fc.weight.buf,4194304,4196389,RAW,0.0030052500078454614
16,blocks.0.mlp.c_proj.weight.buf,4194304,4195129,RAW,0.0021507499914150685
16,blocks.1.attn.c_q.weight.buf,1048576,1049401,RAW,0.0005731669953092933
16,blocks.1.attn.c_k.weight.buf,1048576,1049401,RAW,0.0005788340058643371
16,blocks.1.attn.c_v.weight.buf,1048576,1049401,RAW,0.0005769999988842756
16,blocks.1.attn.c_proj.weight.buf,1048576,1049401,RAW,0.0005645840137731284
16,blocks.1.attn.ve_gate.weight.buf,512,1022,RAW,9.37501317821443e-06
16,blocks.1.mlp.c_fc.weight.buf,4194304,4196389,RAW,0.0021787919977214187
16,blocks.1.mlp.c_proj.weight.buf,4194304,4195129,RAW,0.0020628750207833946
16,blocks.2.attn.c_q.weight.buf,1048576,1049401,RAW,0.0006010420038364828
16,blocks.2.attn.c_k.weight.buf,1048576,1049401,RAW,0.0005678749876096845
16,blocks.2.attn.c_v.weight.buf,1048576,1049401,RAW,0.0006100839818827808
16,blocks.2.attn.c_proj.weight.buf,1048576,1049401,RAW,0.0005793749878648669
16,blocks.2.mlp.c_fc.weight.buf,4194304,4196389,RAW,0.00217070899088867
16,blocks.2.mlp.c_proj.weight.buf,4194304,4195129,RAW,0.0020745830261148512
16,blocks.3.attn.c_q.weight.buf,1048576,1049401,RAW,0.0012819159892387688
16,blocks.3.attn.c_k.weight.buf,1048576,1049401,RAW,0.0006057499849703163
16,blocks.3.attn.c_v.weight.buf,1048576,1049401,RAW,0.0006371659983415157
16,blocks.3.attn.c_proj.weight.buf,1048576,1049401,RAW,0.0006233750027604401
16,blocks.3.attn.ve_gate.weight.buf,512,1022,RAW,1.4582998119294643e-05
16,blocks.3.mlp.c_fc.weight.buf,4194304,4196389,RAW,0.0023282500042114407
16,blocks.3.mlp.c_proj.weight.buf,4194304,4195129,RAW,0.0020262080070097
16,blocks.4.attn.c_q.weight.buf,1048576,1049401,RAW,0.0006068749935366213
16,blocks.4.attn.c_k.weight.buf,1048576,1049401,RAW,0.0005779580096714199
16,blocks.4.attn.c_v.weight.buf,1048576,1049401,RAW,0.0005432909820228815
16,blocks.4.attn.c_proj.weight.buf,1048576,1049401,RAW,0.0005286669766064733
16,blocks.4.mlp.c_fc.weight.buf,4194304,4196389,RAW,0.0020917079818900675
16,blocks.4.mlp.c_proj.weight.buf,4194304,4195129,RAW,0.0020904169941786677
16,blocks.5.attn.c_q.weight.buf,1048576,1049401,RAW,0.0005591249791905284
16,blocks.5.attn.c_k.weight.buf,1048576,1049401,RAW,0.000600500003201887
16,blocks.5.attn.c_v.weight.buf,1048576,1049401,RAW,0.0005501669947989285
16,blocks.5.attn.c_proj.weight.buf,1048576,1049401,RAW,0.0006052079843357205
16,blocks.5.attn.ve_gate.weight.buf,512,1022,RAW,8.25000461190939e-06
16,blocks.5.mlp.c_fc.weight.buf,4194304,4196389,RAW,0.0020678750006482005
16,blocks.5.mlp.c_proj.weight.buf,4194304,4195129,RAW,0.002084917010506615
16,blocks.6.attn.c_q.weight.buf,1048576,1049401,RAW,0.0005878329975530505
16,blocks.6.attn.c_k.weight.buf,1048576,1049401,RAW,0.0005499580001924187
16,blocks.6.attn.c_v.weight.buf,1048576,1049401,RAW,0.0005794169846922159
16,blocks.6.attn.c_proj.weight.buf,1048576,1049401,RAW,0.0005676670116372406
16,blocks.6.mlp.c_fc.weight.buf,4194304,4196389,RAW,0.003479541977867484
16,blocks.6.mlp.c_proj.weight.buf,4194304,4195129,RAW,0.002153208974050358
16,blocks.7.attn.c_q.weight.buf,1048576,1049401,RAW,0.0006843330047558993
16,blocks.7.attn.c_k.weight.buf,1048576,1049401,RAW,0.0006174159934744239
16,blocks.7.attn.c_v.weight.buf,1048576,1049401,RAW,0.0005692910053767264
16,blocks.7.attn.c_proj.weight.buf,1048576,1049401,RAW,0.0005865420098416507
16,blocks.7.attn.ve_gate.weight.buf,512,1022,RAW,8.083006832748652e-06
16,blocks.7.mlp.c_fc.weight.buf,4194304,4196389,RAW,0.00209104098030366
16,blocks.7.mlp.c_proj.weight.buf,4194304,4195129,RAW,0.002059542021015659
16,lm_head.weight.m,67108864,67136149,RAW,0.040670250018592924
16,lm_head.weight.v,67108864,67136149,RAW,0.04072299998369999
16,resid_lambdas.m,32,32,RAW_VECTOR,7.08398874849081e-06
16,resid_lambdas.v,32,32,RAW_VECTOR,3.249995643272996e-06
16,x0_lambdas.m,32,32,RAW_VECTOR,1.2080126907676458e-06
16,x0_lambdas.v,32,32,RAW_VECTOR,4.5902561396360397e-07
16,value_embeds.1.weight.m,67108864,67136149,RAW,0.06264233399997465
16,value_embeds.1.weight.v,67108864,67136149,RAW,0.03737599999294616
16,value_embeds.3.weight.m,67108864,67136149,RAW,0.037385833013104275
16,value_embeds.3.weight.v,67108864,67136149,RAW,0.043290625006193295
16,value_embeds.5.weight.m,67108864,67136149,RAW,0.03516083399881609
16,value_embeds.5.weight.v,67108864,67136149,RAW,0.037112749996595085
16,value_embeds.7.weight.m,67108864,67136149,RAW,0.03514829199411906
16,value_embeds.7.weight.v,67108864,67136149,RAW,0.03720512500149198
17,wte.weight.m,67108864,67136149,RAW,0.04467262502294034
17,wte.weight.v,67108864,67136149,RAW,0.04184137500124052
17,blocks.0.attn.c_q.weight.buf,1048576,1049401,RAW,0.0006587080133613199
17,blocks.0.attn.c_k.weight.buf,1048576,1049401,RAW,0.0005919579998590052
17,blocks.0.attn.c_v.weight.buf,1048576,1049401,RAW,0.0005685420182999223
17,blocks.0.attn.c_proj.weight.buf,1048576,1049401,RAW,0.0005504589935299009
17,blocks.0.mlp.c_fc.weight.buf,4194304,4196389,RAW,0.002288874995429069
17,blocks.0.mlp.c_proj.weight.buf,4194304,4195129,RAW,0.0019871669937856495
17,blocks.1.attn.c_q.weight.buf,1048576,1049401,RAW,0.0006000419962219894
17,blocks.1.attn.c_k.weight.buf,1048576,1049401,RAW,0.0005362499796319753
17,blocks.1.attn.c_v.weight.buf,1048576,1049401,RAW,0.0013848330127075315
17,blocks.1.attn.c_proj.weight.buf,1048576,1049401,RAW,0.000695333001203835
17,blocks.1.attn.ve_gate.weight.buf,512,1022,RAW,2.4083012249320745e-05
17,blocks.1.mlp.c_fc.weight.buf,4194304,4196389,RAW,0.002824958006385714
17,blocks.1.mlp.c_proj.weight.buf,4194304,4195129,RAW,0.002213625004515052
17,blocks.2.attn.c_q.weight.buf,1048576,1049401,RAW,0.0014288749953266233
17,blocks.2.attn.c_k.weight.buf,1048576,1049401,RAW,0.0006169999833218753
17,blocks.2.attn.c_v.weight.buf,1048576,1049401,RAW,0.0006045420013833791
17,blocks.2.attn.c_proj.weight.buf,1048576,1049401,RAW,0.0006577919994015247
17,blocks.2.mlp.c_fc.weight.buf,4194304,4196389,RAW,0.0023207089980132878
17,blocks.2.mlp.c_proj.weight.buf,4194304,4195129,RAW,0.0021511249942705035
17,blocks.3.attn.c_q.weight.buf,1048576,1049401,RAW,0.0007059999916236848
17,blocks.3.attn.c_k.weight.buf,1048576,1049401,RAW,0.0006924170011188835
17,blocks.3.attn.c_v.weight.buf,1048576,1049401,RAW,0.0006311670003924519
17,blocks.3.attn.c_proj.weight.buf,1048576,1049401,RAW,0.0006321249820757657
17,blocks.3.attn.ve_gate.weight.buf,512,1022,RAW,1.6958016203716397e-05
17,blocks.3.mlp.c_fc.weight.buf,4194304,4196389,RAW,0.002158082992536947
17,blocks.3.mlp.c_proj.weight.buf,4194304,4195129,RAW,0.002173457993194461
17,blocks.4.attn.c_q.weight.buf,1048576,1049401,RAW,0.0006522499897982925
17,blocks.4.attn.c_k.weight.buf,1048576,1049401,RAW,0.0006189999985508621
17,blocks.4.attn.c_v.weight.buf,1048576,1049401,RAW,0.0013625419815070927
17,blocks.4.attn.c_proj.weight.buf,1048576,1049401,RAW,0.0006724170234519988
17,blocks.4.mlp.c_fc.weight.buf,4194304,4196389,RAW,0.002458624978316948
17,blocks.4.mlp.c_proj.weight.buf,4194304,4195129,RAW,0.0022520000056829304
17,blocks.5.attn.c_q.weight.buf,1048576,1049401,RAW,0.0006864160241093487
17,blocks.5.attn.c_k.weight.buf,1048576,1049401,RAW,0.0006087910151109099
17,blocks.5.attn.c_v.weight.buf,1048576,1049401,RAW,0.0006465000042226166
17,blocks.5.attn.c_proj.weight.buf,1048576,1049401,RAW,0.0006322919798549265
17,blocks.5.attn.ve_gate.weight.buf,512,1022,RAW,1.7333979485556483e-05
17,blocks.5.mlp.c_fc.weight.buf,4194304,4196389,RAW,0.0021455000096466392
17,blocks.5.mlp.c_proj.weight.buf,4194304,4195129,RAW,0.002169832994695753
17,blocks.6.attn.c_q.weight.buf,1048576,1049401,RAW,0.0007676669920329005
17,blocks.6.attn.c_k.weight.buf,1048576,1049401,RAW,0.000624707987299189
17,blocks.6.attn.c_v.weight.buf,1048576,1049401,RAW,0.0006142079946585
17,blocks.6.attn.c_proj.weight.buf,1048576,1049401,RAW,0.0006148749962449074
17,blocks.6.mlp.c_fc.weight.buf,4194304,4196389,RAW,0.002164540986996144
17,blocks.6.mlp.c_proj.weight.buf,4194304,4195129,RAW,0.002166207996197045
17,blocks.7.attn.c_q.weight.buf,1048576,1049401,RAW,0.0006732080073561519
17,blocks.7.attn.c_k.weight.buf,1048576,1049401,RAW,0.0006627499824389815
17,blocks.7.attn.c_v.weight.buf,1048576,1049401,RAW,0.0015290410083252937
17,blocks.7.attn.c_proj.weight.buf,1048576,1049401,RAW,0.0006271250022109598
17,blocks.7.attn.ve_gate.weight.buf,512,1022,RAW,1.6749982023611665e-05
17,blocks.7.mlp.c_fc.weight.buf,4194304,4196389,RAW,0.0025651250034570694
17,blocks.7.mlp.c_proj.weight.buf,4194304,4195129,RAW,0.002419415977783501
17,lm_head.weight.m,67108864,67136149,RAW,0.05668454201077111
17,lm_head.weight.v,67108864,67136149,RAW,0.04276654199929908
17,resid_lambdas.m,32,32,RAW_VECTOR,1.8332997569814324e-05
17,resid_lambdas.v,32,32,RAW_VECTOR,4.580069798976183e-07
17,x0_lambdas.m,32,32,RAW_VECTOR,1.916982000693679e-06
17,x0_lambdas.v,32,32,RAW_VECTOR,5.00003807246685e-07
17,value_embeds.1.weight.m,67108864,67136149,RAW,0.06849316699663177
17,value_embeds.1.weight.v,67108864,67136149,RAW,0.036314249999122694
17,value_embeds.3.weight.m,67108864,67136149,RAW,0.03599004101124592
17,value_embeds.3.weight.v,67108864,67136149,RAW,0.03886187498574145
17,value_embeds.5.weight.m,67108864,67136149,RAW,0.0367493329977151
17,value_embeds.5.weight.v,67108864,67136149,RAW,0.034732667001662776
17,value_embeds.7.weight.m,67108864,67136149,RAW,0.0364794589986559
17,value_embeds.7.weight.v,67108864,67136149,RAW,0.03478866600198671
18,wte.weight.m,67108864,67136149,RAW,0.04064895899500698
18,wte.weight.v,67108864,67136149,RAW,0.05698820800171234
18,blocks.0.attn.c_q.weight.buf,1048576,1049401,RAW,0.0007931659929454327
18,blocks.0.attn.c_k.weight.buf,1048576,1049401,RAW,0.0007567499997094274
18,blocks.0.attn.c_v.weight.buf,1048576,1049401,RAW,0.0006136669835541397
18,blocks.0.attn.c_proj.weight.buf,1048576,1049401,RAW,0.0005948749894741923
18,blocks.0.mlp.c_fc.weight.buf,4194304,4196389,RAW,0.003111625002929941
18,blocks.0.mlp.c_proj.weight.buf,4194304,4195129,RAW,0.0020694999839179218
18,blocks.1.attn.c_q.weight.buf,1048576,1049401,RAW,0.0007026660023257136
18,blocks.1.attn.c_k.weight.buf,1048576,1049401,RAW,0.0007242919818963856
18,blocks.1.attn.c_v.weight.buf,1048576,1049401,RAW,0.0006771670014131814
18,blocks.1.attn.c_proj.weight.buf,1048576,1049401,RAW,0.0005908330203965306
18,blocks.1.attn.ve_gate.weight.buf,512,1022,RAW,3.0291994335129857e-05
18,blocks.1.mlp.c_fc.weight.buf,4194304,4196389,RAW,0.0022457920131273568
18,blocks.1.mlp.c_proj.weight.buf,4194304,4195129,RAW,0.0020360420166980475
18,blocks.2.attn.c_q.weight.buf,1048576,1049401,RAW,0.0007823329942766577
18,blocks.2.attn.c_k.weight.buf,1048576,1049401,RAW,0.0005910829931963235
18,blocks.2.attn.c_v.weight.buf,1048576,1049401,RAW,0.0005933330103289336
18,blocks.2.attn.c_proj.weight.buf,1048576,1049401,RAW,0.0005813330062665045
18,blocks.2.mlp.c_fc.weight.buf,4194304,4196389,RAW,0.002136292023351416
18,blocks.2.mlp.c_proj.weight.buf,4194304,4195129,RAW,0.0034587919944897294
18,blocks.3.attn.c_q.weight.buf,1048576,1049401,RAW,0.0006715839845128357
18,blocks.3.attn.c_k.weight.buf,1048576,1049401,RAW,0.0006086250068619847
18,blocks.3.attn.c_v.weight.buf,1048576,1049401,RAW,0.0005825000116601586
18,blocks.3.attn.c_proj.weight.buf,1048576,1049401,RAW,0.0006684169929940253
18,blocks.3.attn.ve_gate.weight.buf,512,1022,RAW,1.0249990737065673e-05
18,blocks.3.mlp.c_fc.weight.buf,4194304,4196389,RAW,0.0021597079758066684
18,blocks.3.mlp.c_proj.weight.buf,4194304,4195129,RAW,0.002089832996716723
18,blocks.4.attn.c_q.weight.buf,1048576,1049401,RAW,0.0006270000012591481
18,blocks.4.attn.c_k.weight.buf,1048576,1049401,RAW,0.000551584002096206
18,blocks.4.attn.c_v.weight.buf,1048576,1049401,RAW,0.0005790409923065454
18,blocks.4.attn.c_proj.weight.buf,1048576,1049401,RAW,0.0005568749911617488
18,blocks.4.mlp.c_fc.weight.buf,4194304,4196389,RAW,0.0020880000083707273
18,blocks.4.mlp.c_proj.weight.buf,4194304,4195129,RAW,0.0020886659913230687
18,blocks.5.attn.c_q.weight.buf,1048576,1049401,RAW,0.0006186250247992575
18,blocks.5.attn.c_k.weight.buf,1048576,1049401,RAW,0.0005719999899156392
18,blocks.5.attn.c_v.weight.buf,1048576,1049401,RAW,0.0005918749957345426
18,blocks.5.attn.c_proj.weight.buf,1048576,1049401,RAW,0.0005933749780524522
18,blocks.5.attn.ve_gate.weight.buf,512,1022,RAW,9.792012860998511e-06
18,blocks.5.mlp.c_fc.weight.buf,4194304,4196389,RAW,0.0020769160182680935
18,blocks.5.mlp.c_proj.weight.buf,4194304,4195129,RAW,0.0020794160082004964
18,blocks.6.attn.c_q.weight.buf,1048576,1049401,RAW,0.0006377499958034605
18,blocks.6.attn.c_k.weight.buf,1048576,1049401,RAW,0.0005709579854737967
18,blocks.6.attn.c_v.weight.buf,1048576,1049401,RAW,0.0012869999918621033
18,blocks.6.attn.c_proj.weight.buf,1048576,1049401,RAW,0.0005900409887544811
18,blocks.6.mlp.c_fc.weight.buf,4194304,4196389,RAW,0.0022907079837750643
18,blocks.6.mlp.c_proj.weight.buf,4194304,4195129,RAW,0.0021149170061107725
18,blocks.7.attn.c_q.weight.buf,1048576,1049401,RAW,0.0006776670052204281
18,blocks.7.attn.c_k.weight.buf,1048576,1049401,RAW,0.001145165995694697
18,blocks.7.attn.c_v.weight.buf,1048576,1049401,RAW,0.0005633340042550117
18,blocks.7.attn.c_proj.weight.buf,1048576,1049401,RAW,0.0005748750118073076
18,blocks.7.attn.ve_gate.weight.buf,512,1022,RAW,8.08399636298418e-06
18,blocks.7.mlp.c_fc.weight.buf,4194304,4196389,RAW,0.0020504160202108324
18,blocks.7.mlp.c_proj.weight.buf,4194304,4195129,RAW,0.002080749982269481
18,lm_head.weight.m,67108864,67136149,RAW,0.04262324998853728
18,lm_head.weight.v,67108864,67136149,RAW,0.040873207995900884
18,resid_lambdas.m,32,32,RAW_VECTOR,3.541994374245405e-06
18,resid_lambdas.v,32,32,RAW_VECTOR,5.829788278788328e-07
18,x0_lambdas.m,32,32,RAW_VECTOR,1.1669762898236513e-06
18,x0_lambdas.v,32,32,RAW_VECTOR,4.169996827840805e-07
18,value_embeds.1.weight.m,67108864,67136149,RAW,0.035032125015277416
18,value_embeds.1.weight.v,67108864,67136149,RAW,0.040345832996536046
18,value_embeds.3.weight.m,67108864,67136149,RAW,0.03907670799526386
18,value_embeds.3.weight.v,67108864,67136149,RAW,0.041059042006963864
18,value_embeds.5.weight.m,67108864,67136149,RAW,0.03763487498508766
18,value_embeds.5.weight.v,67108864,67136149,RAW,0.04281016698223539
18,value_embeds.7.weight.m,67108864,67136149,RAW,0.057673417002661154
18,value_embeds.7.weight.v,67108864,67136149,RAW,0.039787333022104576
19,wte.weight.m,67108864,67136149,RAW,0.038107500004116446
19,wte.weight.v,67108864,67136149,RAW,0.05562837500474416
19,blocks.0.attn.c_q.weight.buf,1048576,1049401,RAW,0.000682291021803394
19,blocks.0.attn.c_k.weight.buf,1048576,1049401,RAW,0.0005776250036433339
19,blocks.0.attn.c_v.weight.buf,1048576,1049401,RAW,0.0005891250038985163
19,blocks.0.attn.c_proj.weight.buf,1048576,1049401,RAW,0.0006209159910213202
19,blocks.0.mlp.c_fc.weight.buf,4194304,4196389,RAW,0.002250207995530218
19,blocks.0.mlp.c_proj.weight.buf,4194304,4195129,RAW,0.0020019170187879354
19,blocks.1.attn.c_q.weight.buf,1048576,1049401,RAW,0.00060374999884516
19,blocks.1.attn.c_k.weight.buf,1048576,1049401,RAW,0.0005546249740291387
19,blocks.1.attn.c_v.weight.buf,1048576,1049401,RAW,0.0005607089842669666
19,blocks.1.attn.c_proj.weight.buf,1048576,1049401,RAW,0.0005388330027926713
19,blocks.1.attn.ve_gate.weight.buf,512,1022,RAW,1.94160093087703e-05
19,blocks.1.mlp.c_fc.weight.buf,4194304,4196389,RAW,0.0020129580225329846
19,blocks.1.mlp.c_proj.weight.buf,4194304,4195129,RAW,0.0020557500247377902
19,blocks.2.attn.c_q.weight.buf,1048576,1049401,RAW,0.000668540975311771
19,blocks.2.attn.c_k.weight.buf,1048576,1049401,RAW,0.0005635830166283995
19,blocks.2.attn.c_v.weight.buf,1048576,1049401,RAW,0.0005562089791055769
19,blocks.2.attn.c_proj.weight.buf,1048576,1049401,RAW,0.0005368749843910336
19,blocks.2.mlp.c_fc.weight.buf,4194304,4196389,RAW,0.0020139580010436475
19,blocks.2.mlp.c_proj.weight.buf,4194304,4195129,RAW,0.0020725840004161
19,blocks.3.attn.c_q.weight.buf,1048576,1049401,RAW,0.0005905409925617278
19,blocks.3.attn.c_k.weight.buf,1048576,1049401,RAW,0.0005603749887086451
19,blocks.3.attn.c_v.weight.buf,1048576,1049401,RAW,0.0013835830031894147
19,blocks.3.attn.c_proj.weight.buf,1048576,1049401,RAW,0.0005972090002615005
19,blocks.3.attn.ve_gate.weight.buf,512,1022,RAW,1.0666990419849753e-05
19,blocks.3.mlp.c_fc.weight.buf,4194304,4196389,RAW,0.0022540419886354357
19,blocks.3.mlp.c_proj.weight.buf,4194304,4195129,RAW,0.002087708009639755
19,blocks.4.attn.c_q.weight.buf,1048576,1049401,RAW,0.0006282079848460853
19,blocks.4.attn.c_k.weight.buf,1048576,1049401,RAW,0.0006168750114738941
19,blocks.4.attn.c_v.weight.buf,1048576,1049401,RAW,0.0005526249879039824
19,blocks.4.attn.c_proj.weight.buf,1048576,1049401,RAW,0.0005725420196540654
19,blocks.4.mlp.c_fc.weight.buf,4194304,4196389,RAW,0.002051582996500656
19,blocks.4.mlp.c_proj.weight.buf,4194304,4195129,RAW,0.00203854197752662
19,blocks.5.attn.c_q.weight.buf,1048576,1049401,RAW,0.0006062909960746765
19,blocks.5.attn.c_k.weight.buf,1048576,1049401,RAW,0.0005609170184470713
19,blocks.5.attn.c_v.weight.buf,1048576,1049401,RAW,0.0005400829832069576
19,blocks.5.attn.c_proj.weight.buf,1048576,1049401,RAW,0.0005351250001695007
19,blocks.5.attn.ve_gate.weight.buf,512,1022,RAW,1.9082974176853895e-05
19,blocks.5.mlp.c_fc.weight.buf,4194304,4196389,RAW,0.0020084999850951135
19,blocks.5.mlp.c_proj.weight.buf,4194304,4195129,RAW,0.002045500004896894
19,blocks.6.attn.c_q.weight.buf,1048576,1049401,RAW,0.000589625007705763
19,blocks.6.attn.c_k.weight.buf,1048576,1049401,RAW,0.000534624996362254
19,blocks.6.attn.c_v.weight.buf,1048576,1049401,RAW,0.0005302909994497895
19,blocks.6.attn.c_proj.weight.buf,1048576,1049401,RAW,0.0005183329922147095
19,blocks.6.mlp.c_fc.weight.buf,4194304,4196389,RAW,0.0020173749944660813
19,blocks.6.mlp.c_proj.weight.buf,4194304,4195129,RAW,0.0020202920131850988
19,blocks.7.attn.c_q.weight.buf,1048576,1049401,RAW,0.0005949579935986549
19,blocks.7.attn.c_k.weight.buf,1048576,1049401,RAW,0.0005322090000845492
19,blocks.7.attn.c_v.weight.buf,1048576,1049401,RAW,0.0005255000141914934
19,blocks.7.attn.c_proj.weight.buf,1048576,1049401,RAW,0.0013259999977890402
19,blocks.7.attn.ve_gate.weight.buf,512,1022,RAW,1.1208991054445505e-05
19,blocks.7.mlp.c_fc.weight.buf,4194304,4196389,RAW,0.002259417000459507
19,blocks.7.mlp.c_proj.weight.buf,4194304,4195129,RAW,0.002065625012619421
19,lm_head.weight.m,67108864,67136149,RAW,0.03718124999431893
19,lm_head.weight.v,67108864,67136149,RAW,0.06671820898191072
19,resid_lambdas.m,32,32,RAW_VECTOR,7.6669966802001e-06
19,resid_lambdas.v,32,32,RAW_VECTOR,1.9170111045241356e-06
19,x0_lambdas.m,32,32,RAW_VECTOR,2.583983587101102e-06
19,x0_lambdas.v,32,32,RAW_VECTOR,5.420006345957518e-07
19,value_embeds.1.weight.m,67108864,67136149,RAW,0.040846249990863726
19,value_embeds.1.weight.v,67108864,67136149,RAW,0.04161629200098105
19,value_embeds.3.weight.m,67108864,67136149,RAW,0.0399622920085676
19,value_embeds.3.weight.v,67108864,67136149,RAW,0.04197266700793989
19,value_embeds.5.weight.m,67108864,67136149,RAW,0.04845816601300612
19,value_embeds.5.weight.v,67108864,67136149,RAW,0.042272457998478785
19,value_embeds.7.weight.m,67108864,67136149,RAW,0.040532041020924225
19,value_embeds.7.weight.v,67108864,67136149,RAW,0.04175958299310878
20,wte.weight.m,67108864,67136149,RAW,0.03651795900077559
20,wte.weight.v,67108864,67136149,RAW,0.040428124979371205
20,blocks.0.attn.c_q.weight.buf,1048576,1049401,RAW,0.0006593750149477273
20,blocks.0.attn.c_k.weight.buf,1048576,1049401,RAW,0.0005642919859383255
20,blocks.0.attn.c_v.weight.buf,1048576,1049401,RAW,0.0005677909939549863
20,blocks.0.attn.c_proj.weight.buf,1048576,1049401,RAW,0.0005649999948218465
20,blocks.0.mlp.c_fc.weight.buf,4194304,4196389,RAW,0.002222124981926754
20,blocks.0.mlp.c_proj.weight.buf,4194304,4195129,RAW,0.002068875008262694
20,blocks.1.attn.c_q.weight.buf,1048576,1049401,RAW,0.0006373750220518559
20,blocks.1.attn.c_k.weight.buf,1048576,1049401,RAW,0.0005743329820688814
20,blocks.1.attn.c_v.weight.buf,1048576,1049401,RAW,0.0241779170173686
20,blocks.1.attn.c_proj.weight.buf,1048576,1049401,RAW,0.0007669580227229744
20,blocks.1.attn.ve_gate.weight.buf,512,1022,RAW,1.462499494664371e-05
20,blocks.1.mlp.c_fc.weight.buf,4194304,4196389,RAW,0.002265541988890618
20,blocks.1.mlp.c_proj.weight.buf,4194304,4195129,RAW,0.002116416988428682
20,blocks.2.attn.c_q.weight.buf,1048576,1049401,RAW,0.000981249992037192
20,blocks.2.attn.c_k.weight.buf,1048576,1049401,RAW,0.0005677910230588168
20,blocks.2.attn.c_v.weight.buf,1048576,1049401,RAW,0.0005777500045951456
20,blocks.2.attn.c_proj.weight.buf,1048576,1049401,RAW,0.0005616249982267618
20,blocks.2.mlp.c_fc.weight.buf,4194304,4196389,RAW,0.0023644159955438226
20,blocks.2.mlp.c_proj.weight.buf,4194304,4195129,RAW,0.002194041997427121
20,blocks.3.attn.c_q.weight.buf,1048576,1049401,RAW,0.0006281670066528022
20,blocks.3.attn.c_k.weight.buf,1048576,1049401,RAW,0.0006542909832205623
20,blocks.3.attn.c_v.weight.buf,1048576,1049401,RAW,0.0006086250068619847
20,blocks.3.attn.c_proj.weight.buf,1048576,1049401,RAW,0.0006236670014914125
20,blocks.3.attn.ve_gate.weight.buf,512,1022,RAW,1.09999964479357e-05
20,blocks.3.mlp.c_fc.weight.buf,4194304,4196389,RAW,0.0022691250196658075
20,blocks.3.mlp.c_proj.weight.buf,4194304,4195129,RAW,0.002170084015233442
20,blocks.4.attn.c_q.weight.buf,1048576,1049401,RAW,0.0006529999955091625
20,blocks.4.attn.c_k.weight.buf,1048576,1049401,RAW,0.0005926660087425262
20,blocks.4.attn.c_v.weight.buf,1048576,1049401,RAW,0.0006244170072022825
20,blocks.4.attn.c_proj.weight.buf,1048576,1049401,RAW,0.000580958992941305
20,blocks.4.mlp.c_fc.weight.buf,4194304,4196389,RAW,0.0022166249982547015
20,blocks.4.mlp.c_proj.weight.buf,4194304,4195129,RAW,0.002187582984333858
20,blocks.5.attn.c_q.weight.buf,1048576,1049401,RAW,0.0012980840110685676
20,blocks.5.attn.c_k.weight.buf,1048576,1049401,RAW,0.0006309580057859421
20,blocks.5.attn.c_v.weight.buf,1048576,1049401,RAW,0.000580625026486814
20,blocks.5.attn.c_proj.weight.buf,1048576,1049401,RAW,0.0005782920052297413
20,blocks.5.attn.ve_gate.weight.buf,512,1022,RAW,8.416012860834599e-06
20,blocks.5.mlp.c_fc.weight.buf,4194304,4196389,RAW,0.002306084003066644
20,blocks.5.mlp.c_proj.weight.buf,4194304,4195129,RAW,0.0021063750027678907
20,blocks.6.attn.c_q.weight.buf,1048576,1049401,RAW,0.0006117500015534461
20,blocks.6.attn.c_k.weight.buf,1048576,1049401,RAW,0.0005532079958356917
20,blocks.6.attn.c_v.weight.buf,1048576,1049401,RAW,0.0005650839884765446
20,blocks.6.attn.c_proj.weight.buf,1048576,1049401,RAW,0.0005745000089518726
20,blocks.6.mlp.c_fc.weight.buf,4194304,4196389,RAW,0.002054874988971278
20,blocks.6.mlp.c_proj.weight.buf,4194304,4195129,RAW,0.0022078329930081964
20,blocks.7.attn.c_q.weight.buf,1048576,1049401,RAW,0.0006085000059101731
20,blocks.7.attn.c_k.weight.buf,1048576,1049401,RAW,0.0005768330011051148
20,blocks.7.attn.c_v.weight.buf,1048576,1049401,RAW,0.0005783750093542039
20,blocks.7.attn.c_proj.weight.buf,1048576,1049401,RAW,0.0005769580020569265
20,blocks.7.attn.ve_gate.weight.buf,512,1022,RAW,7.5410061981529e-06
20,blocks.7.mlp.c_fc.weight.buf,4194304,4196389,RAW,0.0020723329798784107
20,blocks.7.mlp.c_proj.weight.buf,4194304,4195129,RAW,0.0020875000045634806
20,lm_head.weight.m,67108864,67136149,RAW,0.04078470799140632
20,lm_head.weight.v,67108864,67136149,RAW,0.05614345899084583
20,resid_lambdas.m,32,32,RAW_VECTOR,8.665985660627484e-06
20,resid_lambdas.v,32,32,RAW_VECTOR,6.250047590583563e-07
20,x0_lambdas.m,32,32,RAW_VECTOR,1.2080126907676458e-06
20,x0_lambdas.v,32,32,RAW_VECTOR,4.5899651013314724e-07
20,value_embeds.1.weight.m,67108864,67136149,RAW,0.0363077080110088
20,value_embeds.1.weight.v,67108864,67136149,RAW,0.035983124980702996
20,value_embeds.3.weight.m,67108864,67136149,RAW,0.035285041987663135
20,value_embeds.3.weight.v,67108864,67136149,RAW,0.04416158300591633
20,value_embeds.5.weight.m,67108864,67136149,RAW,0.03573454200522974
20,value_embeds.5.weight.v,67108864,67136149,RAW,0.04120241600321606
20,value_embeds.7.weight.m,67108864,67136149,RAW,0.03594737499952316
20,value_embeds.7.weight.v,67108864,67136149,RAW,0.039750333002302796
21,wte.weight.m,67108864,67136149,RAW,0.037818499986315146
21,wte.weight.v,67108864,67136149,RAW,0.05266554100671783
21,blocks.0.attn.c_q.weight.buf,1048576,1049401,RAW,0.0006996250012889504
21,blocks.0.attn.c_k.weight.buf,1048576,1049401,RAW,0.0005890000029467046
21,blocks.0.attn.c_v.weight.buf,1048576,1049401,RAW,0.0005978329863864928
21,blocks.0.attn.c_proj.weight.buf,1048576,1049401,RAW,0.000575833983020857
21,blocks.0.mlp.c_fc.weight.buf,4194304,4196389,RAW,0.0023217499838210642
21,blocks.0.mlp.c_proj.weight.buf,4194304,4195129,RAW,0.001991249999264255
21,blocks.1.attn.c_q.weight.buf,1048576,1049401,RAW,0.0005807919951621443
21,blocks.1.attn.c_k.weight.buf,1048576,1049401,RAW,0.0005449579912237823
21,blocks.1.attn.c_v.weight.buf,1048576,1049401,RAW,0.0005412080208770931
21,blocks.1.attn.c_proj.weight.buf,1048576,1049401,RAW,0.0005712499842047691
21,blocks.1.attn.ve_gate.weight.buf,512,1022,RAW,7.5830030255019665e-06
21,blocks.1.mlp.c_fc.weight.buf,4194304,4196389,RAW,0.001986832998227328
21,blocks.1.mlp.c_proj.weight.buf,4194304,4195129,RAW,0.0019758749986067414
21,blocks.2.attn.c_q.weight.buf,1048576,1049401,RAW,0.0005847080028615892
21,blocks.2.attn.c_k.weight.buf,1048576,1049401,RAW,0.0005992910009808838
21,blocks.2.attn.c_v.weight.buf,1048576,1049401,RAW,0.0005562499864026904
21,blocks.2.attn.c_proj.weight.buf,1048576,1049401,RAW,0.0005507500027306378
21,blocks.2.mlp.c_fc.weight.buf,4194304,4196389,RAW,0.0019981250225100666
21,blocks.2.mlp.c_proj.weight.buf,4194304,4195129,RAW,0.0020515830256044865
21,blocks.3.attn.c_q.weight.buf,1048576,1049401,RAW,0.0006493749970104545
21,blocks.3.attn.c_k.weight.buf,1048576,1049401,RAW,0.0005633750115521252
21,blocks.3.attn.c_v.weight.buf,1048576,1049401,RAW,0.0010918330226559192
21,blocks.3.attn.c_proj.weight.buf,1048576,1049401,RAW,0.0006059159932192415
21,blocks.3.attn.ve_gate.weight.buf,512,1022,RAW,1.983300899155438e-05
21,blocks.3.mlp.c_fc.weight.buf,4194304,4196389,RAW,0.0022390829981304705
21,blocks.3.mlp.c_proj.weight.buf,4194304,4195129,RAW,0.002151916007278487
21,blocks.4.attn.c_q.weight.buf,1048576,1049401,RAW,0.001225542015163228
21,blocks.4.attn.c_k.weight.buf,1048576,1049401,RAW,0.0005580410070251673
21,blocks.4.attn.c_v.weight.buf,1048576,1049401,RAW,0.0006089160160627216
21,blocks.4.attn.c_proj.weight.buf,1048576,1049401,RAW,0.0005347080004867166
21,blocks.4.mlp.c_fc.weight.buf,4194304,4196389,RAW,0.0021314159967005253
21,blocks.4.mlp.c_proj.weight.buf,4194304,4195129,RAW,0.00206545801484026
21,blocks.5.attn.c_q.weight.buf,1048576,1049401,RAW,0.0006095829885452986
21,blocks.5.attn.c_k.weight.buf,1048576,1049401,RAW,0.00055233298917301
21,blocks.5.attn.c_v.weight.buf,1048576,1049401,RAW,0.0005636659916490316
21,blocks.5.attn.c_proj.weight.buf,1048576,1049401,RAW,0.0005630840023513883
21,blocks.5.attn.ve_gate.weight.buf,512,1022,RAW,3.1750008929520845e-05
21,blocks.5.mlp.c_fc.weight.buf,4194304,4196389,RAW,0.002082124992739409
21,blocks.5.mlp.c_proj.weight.buf,4194304,4195129,RAW,0.002015957987168804
21,blocks.6.attn.c_q.weight.buf,1048576,1049401,RAW,0.0005874579946976155
21,blocks.6.attn.c_k.weight.buf,1048576,1049401,RAW,0.0005452909972518682
21,blocks.6.attn.c_v.weight.buf,1048576,1049401,RAW,0.000526249990798533
21,blocks.6.attn.c_proj.weight.buf,1048576,1049401,RAW,0.0005886250000912696
21,blocks.6.mlp.c_fc.weight.buf,4194304,4196389,RAW,0.0021589169919025153
21,blocks.6.mlp.c_proj.weight.buf,4194304,4195129,RAW,0.003462791006313637
21,blocks.7.attn.c_q.weight.buf,1048576,1049401,RAW,0.0006517499859910458
21,blocks.7.attn.c_k.weight.buf,1048576,1049401,RAW,0.0005890830070711672
21,blocks.7.attn.c_v.weight.buf,1048576,1049401,RAW,0.0005808749992866069
21,blocks.7.attn.c_proj.weight.buf,1048576,1049401,RAW,0.0005715419829357415
21,blocks.7.attn.ve_gate.weight.buf,512,1022,RAW,8.625007467344403e-06
21,blocks.7.mlp.c_fc.weight.buf,4194304,4196389,RAW,0.0020737080194521695
21,blocks.7.mlp.c_proj.weight.buf,4194304,4195129,RAW,0.0020293749985285103
21,lm_head.weight.m,67108864,67136149,RAW,0.052552333974745125
21,lm_head.weight.v,67108864,67136149,RAW,0.04050283299875446
21,resid_lambdas.m,32,32,RAW_VECTOR,4.290981451049447e-06
21,resid_lambdas.v,32,32,RAW_VECTOR,4.169996827840805e-07
21,x0_lambdas.m,32,32,RAW_VECTOR,9.580107871443033e-07
21,x0_lambdas.v,32,32,RAW_VECTOR,4.5797787606716156e-07
21,value_embeds.1.weight.m,67108864,67136149,RAW,0.03460991699830629
21,value_embeds.1.weight.v,67108864,67136149,RAW,0.04005045801750384
21,value_embeds.3.weight.m,67108864,67136149,RAW,0.03738637498463504
21,value_embeds.3.weight.v,67108864,67136149,RAW,0.03866516600828618
21,value_embeds.5.weight.m,67108864,67136149,RAW,0.038320249994285405
21,value_embeds.5.weight.v,67108864,67136149,RAW,0.04556683398550376
21,value_embeds.7.weight.m,67108864,67136149,RAW,0.057576291990699247
21,value_embeds.7.weight.v,67108864,67136149,RAW,0.04235525001422502
22,wte.weight.m,67108864,67136149,RAW,0.0409212080121506
22,wte.weight.v,67108864,67136149,RAW,0.051297291996888816
22,blocks.0.attn.c_q.weight.buf,1048576,1049401,RAW,0.0006970830145291984
22,blocks.0.attn.c_k.weight.buf,1048576,1049401,RAW,0.0006588750111404806
22,blocks.0.attn.c_v.weight.buf,1048576,1049401,RAW,0.000538207998033613
22,blocks.0.attn.c_proj.weight.buf,1048576,1049401,RAW,0.0006434580136556178
22,blocks.0.mlp.c_fc.weight.buf,4194304,4196389,RAW,0.003017042006831616
22,blocks.0.mlp.c_proj.weight.buf,4194304,4195129,RAW,0.0021013329969719052
22,blocks.1.attn.c_q.weight.buf,1048576,1049401,RAW,0.0006057500140741467
22,blocks.1.attn.c_k.weight.buf,1048576,1049401,RAW,0.0005688329983968288
22,blocks.1.attn.c_v.weight.buf,1048576,1049401,RAW,0.0005975000094622374
22,blocks.1.attn.c_proj.weight.buf,1048576,1049401,RAW,0.0005773330049123615
22,blocks.1.attn.ve_gate.weight.buf,512,1022,RAW,8.208997314795852e-06
22,blocks.1.mlp.c_fc.weight.buf,4194304,4196389,RAW,0.002061250008409843
22,blocks.1.mlp.c_proj.weight.buf,4194304,4195129,RAW,0.0021178339957259595
22,blocks.2.attn.c_q.weight.buf,1048576,1049401,RAW,0.0006105420179665089
22,blocks.2.attn.c_k.weight.buf,1048576,1049401,RAW,0.0005588750063907355
22,blocks.2.attn.c_v.weight.buf,1048576,1049401,RAW,0.000561041000764817
22,blocks.2.attn.c_proj.weight.buf,1048576,1049401,RAW,0.0005630000086966902
22,blocks.2.mlp.c_fc.weight.buf,4194304,4196389,RAW,0.0021294170001056045
22,blocks.2.mlp.c_proj.weight.buf,4194304,4195129,RAW,0.0020372919971123338
22,blocks.3.attn.c_q.weight.buf,1048576,1049401,RAW,0.0006045839982107282
22,blocks.3.attn.c_k.weight.buf,1048576,1049401,RAW,0.0011873750190716237
22,blocks.3.attn.c_v.weight.buf,1048576,1049401,RAW,0.000600125000346452
22,blocks.3.attn.c_proj.weight.buf,1048576,1049401,RAW,0.0005857079813722521
22,blocks.3.attn.ve_gate.weight.buf,512,1022,RAW,8.040980901569128e-06
22,blocks.3.mlp.c_fc.weight.buf,4194304,4196389,RAW,0.002335708006285131
22,blocks.3.mlp.c_proj.weight.buf,4194304,4195129,RAW,0.0022217909863684326
22,blocks.4.attn.c_q.weight.buf,1048576,1049401,RAW,0.0006404999876394868
22,blocks.4.attn.c_k.weight.buf,1048576,1049401,RAW,0.0006523750198539346
22,blocks.4.attn.c_v.weight.buf,1048576,1049401,RAW,0.0005779999773949385
22,blocks.4.attn.c_proj.weight.buf,1048576,1049401,RAW,0.0005775830068159848
22,blocks.4.mlp.c_fc.weight.buf,4194304,4196389,RAW,0.0020490829774644226
22,blocks.4.mlp.c_proj.weight.buf,4194304,4195129,RAW,0.0021032500080764294
22,blocks.5.attn.c_q.weight.buf,1048576,1049401,RAW,0.0006087920046411455
22,blocks.5.attn.c_k.weight.buf,1048576,1049401,RAW,0.0005590410146396607
22,blocks.5.attn.c_v.weight.buf,1048576,1049401,RAW,0.0005628750077448785
22,blocks.5.attn.c_proj.weight.buf,1048576,1049401,RAW,0.0005630000086966902
22,blocks.5.attn.ve_gate.weight.buf,512,1022,RAW,8.083006832748652e-06
22,blocks.5.mlp.c_fc.weight.buf,4194304,4196389,RAW,0.0020840000070165843
22,blocks.5.mlp.c_proj.weight.buf,4194304,4195129,RAW,0.0020347919780761003
22,blocks.6.attn.c_q.weight.buf,1048576,1049401,RAW,0.0006189170235302299
22,blocks.6.attn.c_k.weight.buf,1048576,1049401,RAW,0.0005579580029007047
22,blocks.6.attn.c_v.weight.buf,1048576,1049401,RAW,0.0005859160155523568
22,blocks.6.attn.c_proj.weight.buf,1048576,1049401,RAW,0.00057366699911654
22,blocks.6.mlp.c_fc.weight.buf,4194304,4196389,RAW,0.025581207999493927
22,blocks.6.mlp.c_proj.weight.buf,4194304,4195129,RAW,0.002611624979181215
22,blocks.7.attn.c_q.weight.buf,1048576,1049401,RAW,0.0006417499971576035
22,blocks.7.attn.c_k.weight.buf,1048576,1049401,RAW,0.0005738750041928142
22,blocks.7.attn.c_v.weight.buf,1048576,1049401,RAW,0.0005878749943803996
22,blocks.7.attn.c_proj.weight.buf,1048576,1049401,RAW,0.0006314170022960752
22,blocks.7.attn.ve_gate.weight.buf,512,1022,RAW,2.016598591580987e-05
22,blocks.7.mlp.c_fc.weight.buf,4194304,4196389,RAW,0.024023583013331518
22,blocks.7.mlp.c_proj.weight.buf,4194304,4195129,RAW,0.002416292001726106
22,lm_head.weight.m,67108864,67136149,RAW,0.05162708298303187
22,lm_head.weight.v,67108864,67136149,RAW,0.040752291009994224
22,resid_lambdas.m,32,32,RAW_VECTOR,3.6249984987080097e-06
22,resid_lambdas.v,32,32,RAW_VECTOR,2.374988980591297e-06
22,x0_lambdas.m,32,32,RAW_VECTOR,1.00000761449337e-06
22,x0_lambdas.v,32,32,RAW_VECTOR,4.1601015254855156e-07
22,value_embeds.1.weight.m,67108864,67136149,RAW,0.06235129199922085
22,value_embeds.1.weight.v,67108864,67136149,RAW,0.03592616700916551
22,value_embeds.3.weight.m,67108864,67136149,RAW,0.035683499998413026
22,value_embeds.3.weight.v,67108864,67136149,RAW,0.04283170899725519
22,value_embeds.5.weight.m,67108864,67136149,RAW,0.03719304202240892
22,value_embeds.5.weight.v,67108864,67136149,RAW,0.03467112500220537
22,value_embeds.7.weight.m,67108864,67136149,RAW,0.03699100000085309
22,value_embeds.7.weight.v,67108864,67136149,RAW,0.03813320799963549
23,wte.weight.m,67108864,67136149,RAW,0.036479583010077477
23,wte.weight.v,67108864,67136149,RAW,0.037947542004985735
23,blocks.0.attn.c_q.weight.buf,1048576,1049401,RAW,0.000720292009646073
23,blocks.0.attn.c_k.weight.buf,1048576,1049401,RAW,0.000618249992839992
23,blocks.0.attn.c_v.weight.buf,1048576,1049401,RAW,0.0005715829902328551
23,blocks.0.attn.c_proj.weight.buf,1048576,1049401,RAW,0.000594666984397918
23,blocks.0.mlp.c_fc.weight.buf,4194304,4196389,RAW,0.002283125009853393
23,blocks.0.mlp.c_proj.weight.buf,4194304,4195129,RAW,0.0019844170019496232
23,blocks.1.attn.c_q.weight.buf,1048576,1049401,RAW,0.0006010420038364828
23,blocks.1.attn.c_k.weight.buf,1048576,1049401,RAW,0.0005597920098807663
23,blocks.1.attn.c_v.weight.buf,1048576,1049401,RAW,0.000545459013665095
23,blocks.1.attn.c_proj.weight.buf,1048576,1049401,RAW,0.0005466669972520322
23,blocks.1.attn.ve_gate.weight.buf,512,1022,RAW,7.708003977313638e-06
23,blocks.1.mlp.c_fc.weight.buf,4194304,4196389,RAW,0.002031915995758027
23,blocks.1.mlp.c_proj.weight.buf,4194304,4195129,RAW,0.002074499992886558
23,blocks.2.attn.c_q.weight.buf,1048576,1049401,RAW,0.00060374999884516
23,blocks.2.attn.c_k.weight.buf,1048576,1049401,RAW,0.0005806249973829836
23,blocks.2.attn.c_v.weight.buf,1048576,1049401,RAW,0.0005477919767145067
23,blocks.2.attn.c_proj.weight.buf,1048576,1049401,RAW,0.00055704201804474
23,blocks.2.mlp.c_fc.weight.buf,4194304,4196389,RAW,0.0020209999929647893
23,blocks.2.mlp.c_proj.weight.buf,4194304,4195129,RAW,0.0019329589849803597
23,blocks.3.attn.c_q.weight.buf,1048576,1049401,RAW,0.0006540000031236559
23,blocks.3.attn.c_k.weight.buf,1048576,1049401,RAW,0.023637834005057812
23,blocks.3.attn.c_v.weight.buf,1048576,1049401,RAW,0.0006596250168513507
23,blocks.3.attn.c_proj.weight.buf,1048576,1049401,RAW,0.0005789999850094318
23,blocks.3.attn.ve_gate.weight.buf,512,1022,RAW,8.66700429469347e-06
23,blocks.3.mlp.c_fc.weight.buf,4194304,4196389,RAW,0.0022732079960405827
23,blocks.3.mlp.c_proj.weight.buf,4194304,4195129,RAW,0.002050292008789256
23,blocks.4.attn.c_q.weight.buf,1048576,1049401,RAW,0.0006102919869590551
23,blocks.4.attn.c_k.weight.buf,1048576,1049401,RAW,0.0005280000041238964
23,blocks.4.attn.c_v.weight.buf,1048576,1049401,RAW,0.0005327080143615603
23,blocks.4.attn.c_proj.weight.buf,1048576,1049401,RAW,0.0005280000041238964
23,blocks.4.mlp.c_fc.weight.buf,4194304,4196389,RAW,0.0020336660090833902
23,blocks.4.mlp.c_proj.weight.buf,4194304,4195129,RAW,0.0019079170015174896
23,blocks.5.attn.c_q.weight.buf,1048576,1049401,RAW,0.0006307089934125543
23,blocks.5.attn.c_k.weight.buf,1048576,1049401,RAW,0.0005452919867821038
23,blocks.5.attn.c_v.weight.buf,1048576,1049401,RAW,0.000586417008889839
23,blocks.5.attn.c_proj.weight.buf,1048576,1049401,RAW,0.000581291998969391
23,blocks.5.attn.ve_gate.weight.buf,512,1022,RAW,7.208000170066953e-06
23,blocks.5.mlp.c_fc.weight.buf,4194304,4196389,RAW,0.0020069999736733735
23,blocks.5.mlp.c_proj.weight.buf,4194304,4195129,RAW,0.0020141250279266387
23,blocks.6.attn.c_q.weight.buf,1048576,1049401,RAW,0.0005877910007257015
23,blocks.6.attn.c_k.weight.buf,1048576,1049401,RAW,0.0005782090011052787
23,blocks.6.attn.c_v.weight.buf,1048576,1049401,RAW,0.0005834579933434725
23,blocks.6.attn.c_proj.weight.buf,1048576,1049401,RAW,0.0006298750231508166
23,blocks.6.mlp.c_fc.weight.buf,4194304,4196389,RAW,0.02570075000403449
23,blocks.6.mlp.c_proj.weight.buf,4194304,4195129,RAW,0.0024242910149041563
23,blocks.7.attn.c_q.weight.buf,1048576,1049401,RAW,0.0006675840122625232
23,blocks.7.attn.c_k.weight.buf,1048576,1049401,RAW,0.0006471250089816749
23,blocks.7.attn.c_v.weight.buf,1048576,1049401,RAW,0.0005657500005327165
23,blocks.7.attn.c_proj.weight.buf,1048576,1049401,RAW,0.0005855409835930914
23,blocks.7.attn.ve_gate.weight.buf,512,1022,RAW,8.832983439788222e-06
23,blocks.7.mlp.c_fc.weight.buf,4194304,4196389,RAW,0.0021722500096075237
23,blocks.7.mlp.c_proj.weight.buf,4194304,4195129,RAW,0.0023662919993512332
23,lm_head.weight.m,67108864,67136149,RAW,0.049423249991377816
23,lm_head.weight.v,67108864,67136149,RAW,0.03883658300037496
23,resid_lambdas.m,32,32,RAW_VECTOR,9.957992006093264e-06
23,resid_lambdas.v,32,32,RAW_VECTOR,1.4170072972774506e-06
23,x0_lambdas.m,32,32,RAW_VECTOR,2.1659943740814924e-06
23,x0_lambdas.v,32,32,RAW_VECTOR,9.579816833138466e-07
23,value_embeds.1.weight.m,67108864,67136149,RAW,0.03593108299537562
23,value_embeds.1.weight.v,67108864,67136149,RAW,0.038961916987318546
23,value_embeds.3.weight.m,67108864,67136149,RAW,0.035834208014421165
23,value_embeds.3.weight.v,67108864,67136149,RAW,0.03988691599806771
23,value_embeds.5.weight.m,67108864,67136149,RAW,0.03807358298217878
23,value_embeds.5.weight.v,67108864,67136149,RAW,0.0390294169774279
23,value_embeds.7.weight.m,67108864,67136149,RAW,0.038296124985208735
23,value_embeds.7.weight.v,67108864,67136149,RAW,0.03941958301584236
24,wte.weight.m,67108864,67136149,RAW,0.06445475001237355
24,wte.weight.v,67108864,67136149,RAW,0.04199820800567977
24,blocks.0.attn.c_q.weight.buf,1048576,1049401,RAW,0.0006708749860990793
24,blocks.0.attn.c_k.weight.buf,1048576,1049401,RAW,0.0006149169930722564
24,blocks.0.attn.c_v.weight.buf,1048576,1049401,RAW,0.0006132499838713557
24,blocks.0.attn.c_proj.weight.buf,1048576,1049401,RAW,0.0006103750201873481
24,blocks.0.mlp.c_fc.weight.buf,4194304,4196389,RAW,0.0023990000190678984
24,blocks.0.mlp.c_proj.weight.buf,4194304,4195129,RAW,0.0021672919974662364
24,blocks.1.attn.c_q.weight.buf,1048576,1049401,RAW,0.0006795000226702541
24,blocks.1.attn.c_k.weight.buf,1048576,1049401,RAW,0.0014553749933838844
24,blocks.1.attn.c_v.weight.buf,1048576,1049401,RAW,0.000662750011542812
24,blocks.1.attn.c_proj.weight.buf,1048576,1049401,RAW,0.0006435000104829669
24,blocks.1.attn.ve_gate.weight.buf,512,1022,RAW,2.5707995519042015e-05
24,blocks.1.mlp.c_fc.weight.buf,4194304,4196389,RAW,0.002396458003204316
24,blocks.1.mlp.c_proj.weight.buf,4194304,4195129,RAW,0.0029097910155542195
24,blocks.2.attn.c_q.weight.buf,1048576,1049401,RAW,0.0006915419944562018
24,blocks.2.attn.c_k.weight.buf,1048576,1049401,RAW,0.0006204999808687717
24,blocks.2.attn.c_v.weight.buf,1048576,1049401,RAW,0.0006082500040065497
24,blocks.2.attn.c_proj.weight.buf,1048576,1049401,RAW,0.0006359580147545785
24,blocks.2.mlp.c_fc.weight.buf,4194304,4196389,RAW,0.002149667008779943
24,blocks.2.mlp.c_proj.weight.buf,4194304,4195129,RAW,0.0021640000049956143
24,blocks.3.attn.c_q.weight.buf,1048576,1049401,RAW,0.0006716669886372983
24,blocks.3.attn.c_k.weight.buf,1048576,1049401,RAW,0.0006046250055078417
24,blocks.3.attn.c_v.weight.buf,1048576,1049401,RAW,0.0006245840049814433
24,blocks.3.attn.c_proj.weight.buf,1048576,1049401,RAW,0.0006215420144144446
24,blocks.3.attn.ve_gate.weight.buf,512,1022,RAW,1.491699367761612e-05
24,blocks.3.mlp.c_fc.weight.buf,4194304,4196389,RAW,0.0021430409979075193
24,blocks.3.mlp.c_proj.weight.buf,4194304,4195129,RAW,0.0023346670204773545
24,blocks.4.attn.c_q.weight.buf,1048576,1049401,RAW,0.028295083990087733
24,blocks.4.attn.c_k.weight.buf,1048576,1049401,RAW,0.0007884160149842501
24,blocks.4.attn.c_v.weight.buf,1048576,1049401,RAW,0.0006097919831518084
24,blocks.4.attn.c_proj.weight.buf,1048576,1049401,RAW,0.0006121670012362301
24,blocks.4.mlp.c_fc.weight.buf,4194304,4196389,RAW,0.0023151660279836506
24,blocks.4.mlp.c_proj.weight.buf,4194304,4195129,RAW,0.0020833339949604124
24,blocks.5.attn.c_q.weight.buf,1048576,1049401,RAW,0.0006089999806135893
24,blocks.5.attn.c_k.weight.buf,1048576,1049401,RAW,0.0005748749827034771
24,blocks.5.attn.c_v.weight.buf,1048576,1049401,RAW,0.0005760840140283108
24,blocks.5.attn.c_proj.weight.buf,1048576,1049401,RAW,0.0006007080082781613
24,blocks.5.attn.ve_gate.weight.buf,512,1022,RAW,9.374984074383974e-06
24,blocks.5.mlp.c_fc.weight.buf,4194304,4196389,RAW,0.002151749999029562
24,blocks.5.mlp.c_proj.weight.buf,4194304,4195129,RAW,0.0020470840099733323
24,blocks.6.attn.c_q.weight.buf,1048576,1049401,RAW,0.0006139999895822257
24,blocks.6.attn.c_k.weight.buf,1048576,1049401,RAW,0.0005984580202493817
24,blocks.6.attn.c_v.weight.buf,1048576,1049401,RAW,0.000576625025132671
24,blocks.6.attn.c_proj.weight.buf,1048576,1049401,RAW,0.0006015000108163804
24,blocks.6.mlp.c_fc.weight.buf,4194304,4196389,RAW,0.002055958000710234
24,blocks.6.mlp.c_proj.weight.buf,4194304,4195129,RAW,0.002069334004772827
24,blocks.7.attn.c_q.weight.buf,1048576,1049401,RAW,0.0006422909791581333
24,blocks.7.attn.c_k.weight.buf,1048576,1049401,RAW,0.0005742089997511357
24,blocks.7.attn.c_v.weight.buf,1048576,1049401,RAW,0.0006097909936215729
24,blocks.7.attn.c_proj.weight.buf,1048576,1049401,RAW,0.023418374999891967
24,blocks.7.attn.ve_gate.weight.buf,512,1022,RAW,6.545899668708444e-05
24,blocks.7.mlp.c_fc.weight.buf,4194304,4196389,RAW,0.0024160839966498315
24,blocks.7.mlp.c_proj.weight.buf,4194304,4195129,RAW,0.002101874997606501
24,lm_head.weight.m,67108864,67136149,RAW,0.035421332984697074
24,lm_head.weight.v,67108864,67136149,RAW,0.061157917021773756
24,resid_lambdas.m,32,32,RAW_VECTOR,5.95799065195024e-06
24,resid_lambdas.v,32,32,RAW_VECTOR,5.420006345957518e-07
24,x0_lambdas.m,32,32,RAW_VECTOR,1.2909877113997936e-06
24,x0_lambdas.v,32,32,RAW_VECTOR,4.1601015254855156e-07
24,value_embeds.1.weight.m,67108864,67136149,RAW,0.03489212499698624
24,value_embeds.1.weight.v,67108864,67136149,RAW,0.03998775000218302
24,value_embeds.3.weight.m,67108864,67136149,RAW,0.035832334018778056
24,value_embeds.3.weight.v,67108864,67136149,RAW,0.04205466702114791
24,value_embeds.5.weight.m,67108864,67136149,RAW,0.055775375018129125
24,value_embeds.5.weight.v,67108864,67136149,RAW,0.04000445798737928
24,value_embeds.7.weight.m,67108864,67136149,RAW,0.03595279200817458
24,value_embeds.7.weight.v,67108864,67136149,RAW,0.04136949998792261
25,wte.weight.m,67108864,67136149,RAW,0.03889145900029689
25,wte.weight.v,67108864,67136149,RAW,0.05530645902035758
25,blocks.0.attn.c_q.weight.buf,1048576,1049401,RAW,0.000693499983754009
25,blocks.0.attn.c_k.weight.buf,1048576,1049401,RAW,0.0006169590051285923
25,blocks.0.attn.c_v.weight.buf,1048576,1049401,RAW,0.000590666983043775
25,blocks.0.attn.c_proj.weight.buf,1048576,1049401,RAW,0.000591416988754645
25,blocks.0.mlp.c_fc.weight.buf,4194304,4196389,RAW,0.0029592910141218454
25,blocks.0.mlp.c_proj.weight.buf,4194304,4195129,RAW,0.00204754201695323
25,blocks.1.attn.c_q.weight.buf,1048576,1049401,RAW,0.0006379589904099703
25,blocks.1.attn.c_k.weight.buf,1048576,1049401,RAW,0.0005745419766753912
25,blocks.1.attn.c_v.weight.buf,1048576,1049401,RAW,0.0005578330019488931
25,blocks.1.attn.c_proj.weight.buf,1048576,1049401,RAW,0.0005611669912468642
25,blocks.1.attn.ve_gate.weight.buf,512,1022,RAW,8.915987564250827e-06
25,blocks.1.mlp.c_fc.weight.buf,4194304,4196389,RAW,0.0021319169900380075
25,blocks.1.mlp.c_proj.weight.buf,4194304,4195129,RAW,0.0020020419906359166
25,blocks.2.attn.c_q.weight.buf,1048576,1049401,RAW,0.0006124579813331366
25,blocks.2.attn.c_k.weight.buf,1048576,1049401,RAW,0.0006379590195138007
25,blocks.2.attn.c_v.weight.buf,1048576,1049401,RAW,0.0006159580079838634
25,blocks.2.attn.c_proj.weight.buf,1048576,1049401,RAW,0.000562834000447765
25,blocks.2.mlp.c_fc.weight.buf,4194304,4196389,RAW,0.002081250015180558
25,blocks.2.mlp.c_proj.weight.buf,4194304,4195129,RAW,0.0020282500190660357
25,blocks.3.attn.c_q.weight.buf,1048576,1049401,RAW,0.0006644169916398823
25,blocks.3.attn.c_k.weight.buf,1048576,1049401,RAW,0.0007968340069055557
25,blocks.3.attn.c_v.weight.buf,1048576,1049401,RAW,0.0005951670173089951
25,blocks.3.attn.c_proj.weight.buf,1048576,1049401,RAW,0.0005713750142604113
25,blocks.3.attn.ve_gate.weight.buf,512,1022,RAW,1.0249990737065673e-05
25,blocks.3.mlp.c_fc.weight.buf,4194304,4196389,RAW,0.002371291979216039
25,blocks.3.mlp.c_proj.weight.buf,4194304,4195129,RAW,0.0023645420151297003
25,blocks.4.attn.c_q.weight.buf,1048576,1049401,RAW,0.0009657920163590461
25,blocks.4.attn.c_k.weight.buf,1048576,1049401,RAW,0.0005930000043008476
25,blocks.4.attn.c_v.weight.buf,1048576,1049401,RAW,0.0005573749949689955
25,blocks.4.attn.c_proj.weight.buf,1048576,1049401,RAW,0.0005651670217048377
25,blocks.4.mlp.c_fc.weight.buf,4194304,4196389,RAW,0.0022617090144194663
25,blocks.4.mlp.c_proj.weight.buf,4194304,4195129,RAW,0.0021214169973973185
25,blocks.5.attn.c_q.weight.buf,1048576,1049401,RAW,0.0006547500088345259
25,blocks.5.attn.c_k.weight.buf,1048576,1049401,RAW,0.0005732090212404728
25,blocks.5.attn.c_v.weight.buf,1048576,1049401,RAW,0.000551959004951641
25,blocks.5.attn.c_proj.weight.buf,1048576,1049401,RAW,0.0005691670230589807
25,blocks.5.attn.ve_gate.weight.buf,512,1022,RAW,7.916009053587914e-06
25,blocks.5.mlp.c_fc.weight.buf,4194304,4196389,RAW,0.002192749991081655
25,blocks.5.mlp.c_proj.weight.buf,4194304,4195129,RAW,0.002041125000687316
25,blocks.6.attn.c_q.weight.buf,1048576,1049401,RAW,0.0006002919981256127
25,blocks.6.attn.c_k.weight.buf,1048576,1049401,RAW,0.0005802499945275486
25,blocks.6.attn.c_v.weight.buf,1048576,1049401,RAW,0.0005723750218749046
25,blocks.6.attn.c_proj.weight.buf,1048576,1049401,RAW,0.000595374993281439
25,blocks.6.mlp.c_fc.weight.buf,4194304,4196389,RAW,0.0020803340012207627
25,blocks.6.mlp.c_proj.weight.buf,4194304,4195129,RAW,0.024086749996058643
25,blocks.7.attn.c_q.weight.buf,1048576,1049401,RAW,0.000682624988257885
25,blocks.7.attn.c_k.weight.buf,1048576,1049401,RAW,0.0005872089823242277
25,blocks.7.attn.c_v.weight.buf,1048576,1049401,RAW,0.0006042500026524067
25,blocks.7.attn.c_proj.weight.buf,1048576,1049401,RAW,0.0005812910094391555
25,blocks.7.attn.ve_gate.weight.buf,512,1022,RAW,7.875001756474376e-06
25,blocks.7.mlp.c_fc.weight.buf,4194304,4196389,RAW,0.0023199999995995313
25,blocks.7.mlp.c_proj.weight.buf,4194304,4195129,RAW,0.0020981249981559813
25,lm_head.weight.m,67108864,67136149,RAW,0.0540919580089394
25,lm_head.weight.v,67108864,67136149,RAW,0.039943582989508286
25,resid_lambdas.m,32,32,RAW_VECTOR,7.499998901039362e-06
25,resid_lambdas.v,32,32,RAW_VECTOR,2.582994056865573e-06
25,x0_lambdas.m,32,32,RAW_VECTOR,2.166023477911949e-06
25,x0_lambdas.v,32,32,RAW_VECTOR,9.580107871443033e-07
25,value_embeds.1.weight.m,67108864,67136149,RAW,0.034956749994307756
25,value_embeds.1.weight.v,67108864,67136149,RAW,0.039031082997098565
25,value_embeds.3.weight.m,67108864,67136149,RAW,0.03924754200852476
25,value_embeds.3.weight.v,67108864,67136149,RAW,0.03864316700492054
25,value_embeds.5.weight.m,67108864,67136149,RAW,0.03763400000752881
25,value_embeds.5.weight.v,67108864,67136149,RAW,0.03892666700994596
25,value_embeds.7.weight.m,67108864,67136149,RAW,0.04484229098306969
25,value_embeds.7.weight.v,67108864,67136149,RAW,0.038860084023326635
26,wte.weight.m,67108864,67136149,RAW,0.04921404202468693
26,wte.weight.v,67108864,67136149,RAW,0.042818249989068136
26,blocks.0.attn.c_q.weight.buf,1048576,1049401,RAW,0.000680124998325482
26,blocks.0.attn.c_k.weight.buf,1048576,1049401,RAW,0.0006111660040915012
26,blocks.0.attn.c_v.weight.buf,1048576,1049401,RAW,0.0006118330056779087
26,blocks.0.attn.c_proj.weight.buf,1048576,1049401,RAW,0.0006150410044938326
26,blocks.0.mlp.c_fc.weight.buf,4194304,4196389,RAW,0.0024014170048758388
26,blocks.0.mlp.c_proj.weight.buf,4194304,4195129,RAW,0.0023713329865131527
26,blocks.1.attn.c_q.weight.buf,1048576,1049401,RAW,0.0006729579763486981
26,blocks.1.attn.c_k.weight.buf,1048576,1049401,RAW,0.029935667000245303
26,blocks.1.attn.c_v.weight.buf,1048576,1049401,RAW,0.0006521249888464808
26,blocks.1.attn.c_proj.weight.buf,1048576,1049401,RAW,0.0007122500101104379
26,blocks.1.attn.ve_gate.weight.buf,512,1022,RAW,2.1500018192455173e-05
26,blocks.1.mlp.c_fc.weight.buf,4194304,4196389,RAW,0.0024155419960152358
26,blocks.1.mlp.c_proj.weight.buf,4194304,4195129,RAW,0.002254209015518427
26,blocks.2.attn.c_q.weight.buf,1048576,1049401,RAW,0.0006731670000590384
26,blocks.2.attn.c_k.weight.buf,1048576,1049401,RAW,0.000629457994364202
26,blocks.2.attn.c_v.weight.buf,1048576,1049401,RAW,0.0006332910270430148
26,blocks.2.attn.c_proj.weight.buf,1048576,1049401,RAW,0.0006184160010889173
26,blocks.2.mlp.c_fc.weight.buf,4194304,4196389,RAW,0.0021342920081224293
26,blocks.2.mlp.c_proj.weight.buf,4194304,4195129,RAW,0.002146084007108584
26,blocks.3.attn.c_q.weight.buf,1048576,1049401,RAW,0.0007056669855955988
26,blocks.3.attn.c_k.weight.buf,1048576,1049401,RAW,0.0006446249899454415
26,blocks.3.attn.c_v.weight.buf,1048576,1049401,RAW,0.0006181249918881804
26,blocks.3.attn.c_proj.weight.buf,1048576,1049401,RAW,0.0006040410080458969
26,blocks.3.attn.ve_gate.weight.buf,512,1022,RAW,1.791701652109623e-05
26,blocks.3.mlp.c_fc.weight.buf,4194304,4196389,RAW,0.0021563329792115837
26,blocks.3.mlp.c_proj.weight.buf,4194304,4195129,RAW,0.002166082995245233
26,blocks.4.attn.c_q.weight.buf,1048576,1049401,RAW,0.0006532499974127859
26,blocks.4.attn.c_k.weight.buf,1048576,1049401,RAW,0.0006068749935366213
26,blocks.4.attn.c_v.weight.buf,1048576,1049401,RAW,0.0014687499788124114
26,blocks.4.attn.c_proj.weight.buf,1048576,1049401,RAW,0.0006400830170605332
26,blocks.4.mlp.c_fc.weight.buf,4194304,4196389,RAW,0.002448166982503608
26,blocks.4.mlp.c_proj.weight.buf,4194304,4195129,RAW,0.0022374590043909848
26,blocks.5.attn.c_q.weight.buf,1048576,1049401,RAW,0.0007247080211527646
26,blocks.5.attn.c_k.weight.buf,1048576,1049401,RAW,0.0007562919927295297
26,blocks.5.attn.c_v.weight.buf,1048576,1049401,RAW,0.0006230830040294677
26,blocks.5.attn.c_proj.weight.buf,1048576,1049401,RAW,0.0006278749788179994
26,blocks.5.attn.ve_gate.weight.buf,512,1022,RAW,1.983399852178991e-05
26,blocks.5.mlp.c_fc.weight.buf,4194304,4196389,RAW,0.0021622920176014304
26,blocks.5.mlp.c_proj.weight.buf,4194304,4195129,RAW,0.0021626660018227994
26,blocks.6.attn.c_q.weight.buf,1048576,1049401,RAW,0.0006530410028062761
26,blocks.6.attn.c_k.weight.buf,1048576,1049401,RAW,0.000610957999015227
26,blocks.6.attn.c_v.weight.buf,1048576,1049401,RAW,0.0006336660007946193
26,blocks.6.attn.c_proj.weight.buf,1048576,1049401,RAW,0.000647542008664459
26,blocks.6.mlp.c_fc.weight.buf,4194304,4196389,RAW,0.0021556670253630728
26,blocks.6.mlp.c_proj.weight.buf,4194304,4195129,RAW,0.002146624989109114
26,blocks.7.attn.c_q.weight.buf,1048576,1049401,RAW,0.0006585420051123947
26,blocks.7.attn.c_k.weight.buf,1048576,1049401,RAW,0.0006421669968403876
26,blocks.7.attn.c_v.weight.buf,1048576,1049401,RAW,0.0005951669882051647
26,blocks.7.attn.c_proj.weight.buf,1048576,1049401,RAW,0.0006009170028846711
26,blocks.7.attn.ve_gate.weight.buf,512,1022,RAW,1.2750009773299098e-05
26,blocks.7.mlp.c_fc.weight.buf,4194304,4196389,RAW,0.002114958013407886
26,blocks.7.mlp.c_proj.weight.buf,4194304,4195129,RAW,0.003675249987281859
26,lm_head.weight.m,67108864,67136149,RAW,0.03917637499398552
26,lm_head.weight.v,67108864,67136149,RAW,0.06800537501112558
26,resid_lambdas.m,32,32,RAW_VECTOR,9.66701190918684e-06
26,resid_lambdas.v,32,32,RAW_VECTOR,7.089984137564898e-07
26,x0_lambdas.m,32,32,RAW_VECTOR,1.8330174498260021e-06
26,x0_lambdas.v,32,32,RAW_VECTOR,3.340246621519327e-07
26,value_embeds.1.weight.m,67108864,67136149,RAW,0.04136637499323115
26,value_embeds.1.weight.v,67108864,67136149,RAW,0.04059345801942982
26,value_embeds.3.weight.m,67108864,67136149,RAW,0.038167874998180196
26,value_embeds.3.weight.v,67108864,67136149,RAW,0.039976792002562433
26,value_embeds.5.weight.m,67108864,67136149,RAW,0.03696316698915325
26,value_embeds.5.weight.v,67108864,67136149,RAW,0.04004120797617361
26,value_embeds.7.weight.m,67108864,67136149,RAW,0.03831704199546948
26,value_embeds.7.weight.v,67108864,67136149,RAW,0.04059870899072848
27,wte.weight.m,67108864,67136149,RAW,0.04608937501325272
27,wte.weight.v,67108864,67136149,RAW,0.044311583013040945
27,blocks.0.attn.c_q.weight.buf,1048576,1049401,RAW,0.0007742919842712581
27,blocks.0.attn.c_k.weight.buf,1048576,1049401,RAW,0.0005915839865338057
27,blocks.0.attn.c_v.weight.buf,1048576,1049401,RAW,0.0006234169995877892
27,blocks.0.attn.c_proj.weight.buf,1048576,1049401,RAW,0.0006015829858370125
27,blocks.0.mlp.c_fc.weight.buf,4194304,4196389,RAW,0.0030949999927543104
27,blocks.0.mlp.c_proj.weight.buf,4194304,4195129,RAW,0.002150249987607822
27,blocks.1.attn.c_q.weight.buf,1048576,1049401,RAW,0.0005825000116601586
27,blocks.1.attn.c_k.weight.buf,1048576,1049401,RAW,0.0005782080115750432
27,blocks.1.attn.c_v.weight.buf,1048576,1049401,RAW,0.0005645839846692979
27,blocks.1.attn.c_proj.weight.buf,1048576,1049401,RAW,0.0005657919973600656
27,blocks.1.attn.ve_gate.weight.buf,512,1022,RAW,9.124982170760632e-06
27,blocks.1.mlp.c_fc.weight.buf,4194304,4196389,RAW,0.0021765419805888087
27,blocks.1.mlp.c_proj.weight.buf,4194304,4195129,RAW,0.0021114580158609897
27,blocks.2.attn.c_q.weight.buf,1048576,1049401,RAW,0.0005671660182997584
27,blocks.2.attn.c_k.weight.buf,1048576,1049401,RAW,0.0005660000024363399
27,blocks.2.attn.c_v.weight.buf,1048576,1049401,RAW,0.0006086249777581543
27,blocks.2.attn.c_proj.weight.buf,1048576,1049401,RAW,0.0005676249857060611
27,blocks.2.mlp.c_fc.weight.buf,4194304,4196389,RAW,0.002079792000586167
27,blocks.2.mlp.c_proj.weight.buf,4194304,4195129,RAW,0.0035689589858520776
27,blocks.3.attn.c_q.weight.buf,1048576,1049401,RAW,0.0006529590173158795
27,blocks.3.attn.c_k.weight.buf,1048576,1049401,RAW,0.000594750017626211
27,blocks.3.attn.c_v.weight.buf,1048576,1049401,RAW,0.0005750829877797514
27,blocks.3.attn.c_proj.weight.buf,1048576,1049401,RAW,0.0005822500097565353
27,blocks.3.attn.ve_gate.weight.buf,512,1022,RAW,8.25000461190939e-06
27,blocks.3.mlp.c_fc.weight.buf,4194304,4196389,RAW,0.0021294170001056045
27,blocks.3.mlp.c_proj.weight.buf,4194304,4195129,RAW,0.0020756669982802123
27,blocks.4.attn.c_q.weight.buf,1048576,1049401,RAW,0.0005735000013373792
27,blocks.4.attn.c_k.weight.buf,1048576,1049401,RAW,0.0006132920098025352
27,blocks.4.attn.c_v.weight.buf,1048576,1049401,RAW,0.0005694169958587736
27,blocks.4.attn.c_proj.weight.buf,1048576,1049401,RAW,0.0005567499902099371
27,blocks.4.mlp.c_fc.weight.buf,4194304,4196389,RAW,0.0020875829795841128
27,blocks.4.mlp.c_proj.weight.buf,4194304,4195129,RAW,0.002077292010653764
27,blocks.5.attn.c_q.weight.buf,1048576,1049401,RAW,0.0005832500173710287
27,blocks.5.attn.c_k.weight.buf,1048576,1049401,RAW,0.000565042020753026
27,blocks.5.attn.c_v.weight.buf,1048576,1049401,RAW,0.0005554579838644713
27,blocks.5.attn.c_proj.weight.buf,1048576,1049401,RAW,0.0005625420017167926
27,blocks.5.attn.ve_gate.weight.buf,512,1022,RAW,7.875001756474376e-06
27,blocks.5.mlp.c_fc.weight.buf,4194304,4196389,RAW,0.0021671249996870756
27,blocks.5.mlp.c_proj.weight.buf,4194304,4195129,RAW,0.0020355419837869704
27,blocks.6.attn.c_q.weight.buf,1048576,1049401,RAW,0.0005610829975921661
27,blocks.6.attn.c_k.weight.buf,1048576,1049401,RAW,0.001406582974595949
27,blocks.6.attn.c_v.weight.buf,1048576,1049401,RAW,0.0005934580112807453
27,blocks.6.attn.c_proj.weight.buf,1048576,1049401,RAW,0.0005817080091219395
27,blocks.6.mlp.c_fc.weight.buf,4194304,4196389,RAW,0.002358750003622845
27,blocks.6.mlp.c_proj.weight.buf,4194304,4195129,RAW,0.002161416021408513
27,blocks.7.attn.c_q.weight.buf,1048576,1049401,RAW,0.0005727499956265092
27,blocks.7.attn.c_k.weight.buf,1048576,1049401,RAW,0.0005725000228267163
27,blocks.7.attn.c_v.weight.buf,1048576,1049401,RAW,0.0005692910053767264
27,blocks.7.attn.c_proj.weight.buf,1048576,1049401,RAW,0.0005726249946746975
27,blocks.7.attn.ve_gate.weight.buf,512,1022,RAW,8.542003342881799e-06
27,blocks.7.mlp.c_fc.weight.buf,4194304,4196389,RAW,0.0021704999962821603
27,blocks.7.mlp.c_proj.weight.buf,4194304,4195129,RAW,0.002043915999820456
27,lm_head.weight.m,67108864,67136149,RAW,0.036341541999718174
27,lm_head.weight.v,67108864,67136149,RAW,0.04038750001927838
27,resid_lambdas.m,32,32,RAW_VECTOR,4.5000051613897085e-06
27,resid_lambdas.v,32,32,RAW_VECTOR,3.7500285543501377e-07
27,x0_lambdas.m,32,32,RAW_VECTOR,1.04197533801198e-06
27,x0_lambdas.v,32,32,RAW_VECTOR,4.580069798976183e-07
27,value_embeds.1.weight.m,67108864,67136149,RAW,0.07180045798304491
27,value_embeds.1.weight.v,67108864,67136149,RAW,0.03985850000753999
27,value_embeds.3.weight.m,67108864,67136149,RAW,0.03983100000186823
27,value_embeds.3.weight.v,67108864,67136149,RAW,0.03240008300053887
27,value_embeds.5.weight.m,67108864,67136149,RAW,0.035256833012681454
27,value_embeds.5.weight.v,67108864,67136149,RAW,0.03742862501530908
27,value_embeds.7.weight.m,67108864,67136149,RAW,0.03460495901526883
27,value_embeds.7.weight.v,67108864,67136149,RAW,0.03783391599426977
28,wte.weight.m,67108864,67136149,RAW,0.03464608400827274
28,wte.weight.v,67108864,67136149,RAW,0.06680770899401978
28,blocks.0.attn.c_q.weight.buf,1048576,1049401,RAW,0.0006388330075424165
28,blocks.0.attn.c_k.weight.buf,1048576,1049401,RAW,0.0005937920068390667
28,blocks.0.attn.c_v.weight.buf,1048576,1049401,RAW,0.0005348749982658774
28,blocks.0.attn.c_proj.weight.buf,1048576,1049401,RAW,0.0005488340102601796
28,blocks.0.mlp.c_fc.weight.buf,4194304,4196389,RAW,0.0022885420185048133
28,blocks.0.mlp.c_proj.weight.buf,4194304,4195129,RAW,0.0019714579975698143
28,blocks.1.attn.c_q.weight.buf,1048576,1049401,RAW,0.0005479159881360829
28,blocks.1.attn.c_k.weight.buf,1048576,1049401,RAW,0.0005497079982887954
28,blocks.1.attn.c_v.weight.buf,1048576,1049401,RAW,0.0005647089856211096
28,blocks.1.attn.c_proj.weight.buf,1048576,1049401,RAW,0.0005365830147638917
28,blocks.1.attn.ve_gate.weight.buf,512,1022,RAW,1.8125021597370505e-05
28,blocks.1.mlp.c_fc.weight.buf,4194304,4196389,RAW,0.0021069170034024864
28,blocks.1.mlp.c_proj.weight.buf,4194304,4195129,RAW,0.002008416980970651
28,blocks.2.attn.c_q.weight.buf,1048576,1049401,RAW,0.000629791000392288
28,blocks.2.attn.c_k.weight.buf,1048576,1049401,RAW,0.0008590839861426502
28,blocks.2.attn.c_v.weight.buf,1048576,1049401,RAW,0.0014107080060057342
28,blocks.2.attn.c_proj.weight.buf,1048576,1049401,RAW,0.0006132499838713557
28,blocks.2.mlp.c_fc.weight.buf,4194304,4196389,RAW,0.0025116250035353005
28,blocks.2.mlp.c_proj.weight.buf,4194304,4195129,RAW,0.002273916994454339
28,blocks.3.attn.c_q.weight.buf,1048576,1049401,RAW,0.0014755419979337603
28,blocks.3.attn.c_k.weight.buf,1048576,1049401,RAW,0.000620041013462469
28,blocks.3.attn.c_v.weight.buf,1048576,1049401,RAW,0.0006107499939389527
28,blocks.3.attn.c_proj.weight.buf,1048576,1049401,RAW,0.000610999995842576
28,blocks.3.attn.ve_gate.weight.buf,512,1022,RAW,1.5124998753890395e-05
28,blocks.3.mlp.c_fc.weight.buf,4194304,4196389,RAW,0.0021387910237535834
28,blocks.3.mlp.c_proj.weight.buf,4194304,4195129,RAW,0.002168500010157004
28,blocks.4.attn.c_q.weight.buf,1048576,1049401,RAW,0.0006678749923594296
28,blocks.4.attn.c_k.weight.buf,1048576,1049401,RAW,0.0006693329778499901
28,blocks.4.attn.c_v.weight.buf,1048576,1049401,RAW,0.0006262919923756272
28,blocks.4.attn.c_proj.weight.buf,1048576,1049401,RAW,0.0006449159991461784
28,blocks.4.mlp.c_fc.weight.buf,4194304,4196389,RAW,0.0021900410065427423
28,blocks.4.mlp.c_proj.weight.buf,4194304,4195129,RAW,0.0021967909997329116
28,blocks.5.attn.c_q.weight.buf,1048576,1049401,RAW,0.0006589590047951788
28,blocks.5.attn.c_k.weight.buf,1048576,1049401,RAW,0.001403667003614828
28,blocks.5.attn.c_v.weight.buf,1048576,1049401,RAW,0.0006782910204492509
28,blocks.5.attn.c_proj.weight.buf,1048576,1049401,RAW,0.0006202500080689788
28,blocks.5.attn.ve_gate.weight.buf,512,1022,RAW,1.7624988686293364e-05
28,blocks.5.mlp.c_fc.weight.buf,4194304,4196389,RAW,0.002396500000031665
28,blocks.5.mlp.c_proj.weight.buf,4194304,4195129,RAW,0.00226716700126417
28,blocks.6.attn.c_q.weight.buf,1048576,1049401,RAW,0.0007394590065814555
28,blocks.6.attn.c_k.weight.buf,1048576,1049401,RAW,0.0006312909827101976
28,blocks.6.attn.c_v.weight.buf,1048576,1049401,RAW,0.0006197500042617321
28,blocks.6.attn.c_proj.weight.buf,1048576,1049401,RAW,0.000636665994534269
28,blocks.6.mlp.c_fc.weight.buf,4194304,4196389,RAW,0.0021909170027356595
28,blocks.6.mlp.c_proj.weight.buf,4194304,4195129,RAW,0.0021642500068992376
28,blocks.7.attn.c_q.weight.buf,1048576,1049401,RAW,0.0007164170092437416
28,blocks.7.attn.c_k.weight.buf,1048576,1049401,RAW,0.0006162909849081188
28,blocks.7.attn.c_v.weight.buf,1048576,1049401,RAW,0.0006186660029925406
28,blocks.7.attn.c_proj.weight.buf,1048576,1049401,RAW,0.0006272500031627715
28,blocks.7.attn.ve_gate.weight.buf,512,1022,RAW,2.0750012481585145e-05
28,blocks.7.mlp.c_fc.weight.buf,4194304,4196389,RAW,0.002136875002179295
28,blocks.7.mlp.c_proj.weight.buf,4194304,4195129,RAW,0.0022064160148147494
28,lm_head.weight.m,67108864,67136149,RAW,0.0380835410032887
28,lm_head.weight.v,67108864,67136149,RAW,0.04554029199061915
28,resid_lambdas.m,32,32,RAW_VECTOR,5.125009920448065e-06
28,resid_lambdas.v,32,32,RAW_VECTOR,1.7080164980143309e-06
28,x0_lambdas.m,32,32,RAW_VECTOR,1.834006980061531e-06
28,x0_lambdas.v,32,32,RAW_VECTOR,4.5899651013314724e-07
28,value_embeds.1.weight.m,67108864,67136149,RAW,0.0382259170000907
28,value_embeds.1.weight.v,67108864,67136149,RAW,0.06993295799475163
28,value_embeds.3.weight.m,67108864,67136149,RAW,0.041370208986336365
28,value_embeds.3.weight.v,67108864,67136149,RAW,0.04272270799265243
28,value_embeds.5.weight.m,67108864,67136149,RAW,0.06314766700961627
28,value_embeds.5.weight.v,67108864,67136149,RAW,0.03548849999788217
28,value_embeds.7.weight.m,67108864,67136149,RAW,0.038691083987941965
28,value_embeds.7.weight.v,67108864,67136149,RAW,0.05564125001546927
29,wte.weight.m,67108864,67136149,RAW,0.039250875008292496
29,wte.weight.v,67108864,67136149,RAW,0.05163274999358691
29,blocks.0.attn.c_q.weight.buf,1048576,1049401,RAW,0.000723165983799845
29,blocks.0.attn.c_k.weight.buf,1048576,1049401,RAW,0.0006191249995026737
29,blocks.0.attn.c_v.weight.buf,1048576,1049401,RAW,0.0005915830261074007
29,blocks.0.attn.c_proj.weight.buf,1048576,1049401,RAW,0.0005977909895591438
29,blocks.0.mlp.c_fc.weight.buf,4194304,4196389,RAW,0.0030063750164117664
29,blocks.0.mlp.c_proj.weight.buf,4194304,4195129,RAW,0.0021028330083936453
29,blocks.1.attn.c_q.weight.buf,1048576,1049401,RAW,0.0006248750141821802
29,blocks.1.attn.c_k.weight.buf,1048576,1049401,RAW,0.0005674999847542495
29,blocks.1.attn.c_v.weight.buf,1048576,1049401,RAW,0.0005963330040685833
29,blocks.1.attn.c_proj.weight.buf,1048576,1049401,RAW,0.0005705000075977296
29,blocks.1.attn.ve_gate.weight.buf,512,1022,RAW,7.95800588093698e-06
29,blocks.1.mlp.c_fc.weight.buf,4194304,4196389,RAW,0.002063917025225237
29,blocks.1.mlp.c_proj.weight.buf,4194304,4195129,RAW,0.002066291985101998
29,blocks.2.attn.c_q.weight.buf,1048576,1049401,RAW,0.0006053340039215982
29,blocks.2.attn.c_k.weight.buf,1048576,1049401,RAW,0.0005734169972129166
29,blocks.2.attn.c_v.weight.buf,1048576,1049401,RAW,0.0005812910094391555
29,blocks.2.attn.c_proj.weight.buf,1048576,1049401,RAW,0.0005616670241579413
29,blocks.2.mlp.c_fc.weight.buf,4194304,4196389,RAW,0.002091959002427757
29,blocks.2.mlp.c_proj.weight.buf,4194304,4195129,RAW,0.0020918330119457096
29,blocks.3.attn.c_q.weight.buf,1048576,1049401,RAW,0.0006206249818205833
29,blocks.3.attn.c_k.weight.buf,1048576,1049401,RAW,0.02424662502016872
29,blocks.3.attn.c_v.weight.buf,1048576,1049401,RAW,0.0007001249759923667
29,blocks.3.attn.c_proj.weight.buf,1048576,1049401,RAW,0.0005906250153202564
29,blocks.3.attn.ve_gate.weight.buf,512,1022,RAW,5.7958008255809546e-05
29,blocks.3.mlp.c_fc.weight.buf,4194304,4196389,RAW,0.0022997500200290233
29,blocks.3.mlp.c_proj.weight.buf,4194304,4195129,RAW,0.002057667006738484
29,blocks.4.attn.c_q.weight.buf,1048576,1049401,RAW,0.0015324580017477274
29,blocks.4.attn.c_k.weight.buf,1048576,1049401,RAW,0.0005812080053146929
29,blocks.4.attn.c_v.weight.buf,1048576,1049401,RAW,0.0005604159960057586
29,blocks.4.attn.c_proj.weight.buf,1048576,1049401,RAW,0.0005657080037053674
29,blocks.4.mlp.c_fc.weight.buf,4194304,4196389,RAW,0.0020379160123411566
29,blocks.4.mlp.c_proj.weight.buf,4194304,4195129,RAW,0.002015249978285283
29,blocks.5.attn.c_q.weight.buf,1048576,1049401,RAW,0.0006199159834068269
29,blocks.5.attn.c_k.weight.buf,1048576,1049401,RAW,0.0005585420003626496
29,blocks.5.attn.c_v.weight.buf,1048576,1049401,RAW,0.0005485419824253768
29,blocks.5.attn.c_proj.weight.buf,1048576,1049401,RAW,0.0005810000002384186
29,blocks.5.attn.ve_gate.weight.buf,512,1022,RAW,1.0499992640689015e-05
29,blocks.5.mlp.c_fc.weight.buf,4194304,4196389,RAW,0.002035209006862715
29,blocks.5.mlp.c_proj.weight.buf,4194304,4195129,RAW,0.0020779999904334545
29,blocks.6.attn.c_q.weight.buf,1048576,1049401,RAW,0.0005983749870210886
29,blocks.6.attn.c_k.weight.buf,1048576,1049401,RAW,0.0005567089829128236
29,blocks.6.attn.c_v.weight.buf,1048576,1049401,RAW,0.0005714589788112789
29,blocks.6.attn.c_proj.weight.buf,1048576,1049401,RAW,0.000592500000493601
29,blocks.6.mlp.c_fc.weight.buf,4194304,4196389,RAW,0.0020420419750735164
29,blocks.6.mlp.c_proj.weight.buf,4194304,4195129,RAW,0.002074791002087295
29,blocks.7.attn.c_q.weight.buf,1048576,1049401,RAW,0.000605208013439551
29,blocks.7.attn.c_k.weight.buf,1048576,1049401,RAW,0.0005557090044021606
29,blocks.7.attn.c_v.weight.buf,1048576,1049401,RAW,0.0012650830030906945
29,blocks.7.attn.c_proj.weight.buf,1048576,1049401,RAW,0.0006304580019786954
29,blocks.7.attn.ve_gate.weight.buf,512,1022,RAW,1.0540999937802553e-05
29,blocks.7.mlp.c_fc.weight.buf,4194304,4196389,RAW,0.002295957994647324
29,blocks.7.mlp.c_proj.weight.buf,4194304,4195129,RAW,0.002075333002721891
29,lm_head.weight.m,67108864,67136149,RAW,0.05710979099967517
29,lm_head.weight.v,67108864,67136149,RAW,0.04006837497581728
29,resid_lambdas.m,32,32,RAW_VECTOR,8.125003660097718e-06
29,resid_lambdas.v,32,32,RAW_VECTOR,5.829788278788328e-07
29,x0_lambdas.m,32,32,RAW_VECTOR,9.170034900307655e-07
29,x0_lambdas.v,32,32,RAW_VECTOR,3.3300602808594704e-07
29,value_embeds.1.weight.m,67108864,67136149,RAW,0.06185633401037194
29,value_embeds.1.weight.v,67108864,67136149,RAW,0.03628154200850986
29,value_embeds.3.weight.m,67108864,67136149,RAW,0.061433416994987056
29,value_embeds.3.weight.v,67108864,67136149,RAW,0.04536529097822495
29,value_embeds.5.weight.m,67108864,67136149,RAW,0.036683916026959196
29,value_embeds.5.weight.v,67108864,67136149,RAW,0.03795304201776162
29,value_embeds.7.weight.m,67108864,67136149,RAW,0.03516299999319017
29,value_embeds.7.weight.v,67108864,67136149,RAW,0.038537041982635856
30,wte.weight.m,67108864,67136149,RAW,0.035588207974797115
30,wte.weight.v,67108864,67136149,RAW,0.06011879100697115
30,blocks.0.attn.c_q.weight.buf,1048576,1049401,RAW,0.000643167004454881
30,blocks.0.attn.c_k.weight.buf,1048576,1049401,RAW,0.0005772500007878989
30,blocks.0.attn.c_v.weight.buf,1048576,1049401,RAW,0.000587083981372416
30,blocks.0.attn.c_proj.weight.buf,1048576,1049401,RAW,0.0005470830074045807
30,blocks.0.mlp.c_fc.weight.buf,4194304,4196389,RAW,0.0022077079920563847
30,blocks.0.mlp.c_proj.weight.buf,4194304,4195129,RAW,0.0019921249768231064
30,blocks.1.attn.c_q.weight.buf,1048576,1049401,RAW,0.0005942080169916153
30,blocks.1.attn.c_k.weight.buf,1048576,1049401,RAW,0.0005645419878419489
30,blocks.1.attn.c_v.weight.buf,1048576,1049401,RAW,0.0006096659926697612
30,blocks.1.attn.c_proj.weight.buf,1048576,1049401,RAW,0.0005472079792525619
30,blocks.1.attn.ve_gate.weight.buf,512,1022,RAW,8.99998121894896e-06
30,blocks.1.mlp.c_fc.weight.buf,4194304,4196389,RAW,0.024466415983624756
30,blocks.1.mlp.c_proj.weight.buf,4194304,4195129,RAW,0.002274667000165209
30,blocks.2.attn.c_q.weight.buf,1048576,1049401,RAW,0.0006232080049812794
30,blocks.2.attn.c_k.weight.buf,1048576,1049401,RAW,0.0005934169748798013
30,blocks.2.attn.c_v.weight.buf,1048576,1049401,RAW,0.0005843330000061542
30,blocks.2.attn.c_proj.weight.buf,1048576,1049401,RAW,0.0005627500067930669
30,blocks.2.mlp.c_fc.weight.buf,4194304,4196389,RAW,0.024052916996879503
30,blocks.2.mlp.c_proj.weight.buf,4194304,4195129,RAW,0.0022832920076325536
30,blocks.3.attn.c_q.weight.buf,1048576,1049401,RAW,0.0006042080058250576
30,blocks.3.attn.c_k.weight.buf,1048576,1049401,RAW,0.0005611670203506947
30,blocks.3.attn.c_v.weight.buf,1048576,1049401,RAW,0.0005564170132856816
30,blocks.3.attn.c_proj.weight.buf,1048576,1049401,RAW,0.0005304170190356672
30,blocks.3.attn.ve_gate.weight.buf,512,1022,RAW,2.0500010577961802e-05
30,blocks.3.mlp.c_fc.weight.buf,4194304,4196389,RAW,0.0020121660199947655
30,blocks.3.mlp.c_proj.weight.buf,4194304,4195129,RAW,0.0019159579824190587
30,blocks.4.attn.c_q.weight.buf,1048576,1049401,RAW,0.000612458010436967
30,blocks.4.attn.c_k.weight.buf,1048576,1049401,RAW,0.0005815420008730143
30,blocks.4.attn.c_v.weight.buf,1048576,1049401,RAW,0.0005209580122027546
30,blocks.4.attn.c_proj.weight.buf,1048576,1049401,RAW,0.0005074579967185855
30,blocks.4.mlp.c_fc.weight.buf,4194304,4196389,RAW,0.001985665992833674
30,blocks.4.mlp.c_proj.weight.buf,4194304,4195129,RAW,0.001948083023307845
30,blocks.5.attn.c_q.weight.buf,1048576,1049401,RAW,0.0005953329964540899
30,blocks.5.attn.c_k.weight.buf,1048576,1049401,RAW,0.000514000013936311
30,blocks.5.attn.c_v.weight.buf,1048576,1049401,RAW,0.0005269590183161199
30,blocks.5.attn.c_proj.weight.buf,1048576,1049401,RAW,0.0005542919971048832
30,blocks.5.attn.ve_gate.weight.buf,512,1022,RAW,3.804199513979256e-05
30,blocks.5.mlp.c_fc.weight.buf,4194304,4196389,RAW,0.003278749994933605
30,blocks.5.mlp.c_proj.weight.buf,4194304,4195129,RAW,0.0020904589910060167
30,blocks.6.attn.c_q.weight.buf,1048576,1049401,RAW,0.0006763339915778488
30,blocks.6.attn.c_k.weight.buf,1048576,1049401,RAW,0.000717417016858235
30,blocks.6.attn.c_v.weight.buf,1048576,1049401,RAW,0.0006286670104600489
30,blocks.6.attn.c_proj.weight.buf,1048576,1049401,RAW,0.0006034160032868385
30,blocks.6.mlp.c_fc.weight.buf,4194304,4196389,RAW,0.00204358299379237
30,blocks.6.mlp.c_proj.weight.buf,4194304,4195129,RAW,0.002222832990810275
30,blocks.7.attn.c_q.weight.buf,1048576,1049401,RAW,0.0006685420230496675
30,blocks.7.attn.c_k.weight.buf,1048576,1049401,RAW,0.0007075419998727739
30,blocks.7.attn.c_v.weight.buf,1048576,1049401,RAW,0.0006417080003302544
30,blocks.7.attn.c_proj.weight.buf,1048576,1049401,RAW,0.0006141249905340374
30,blocks.7.attn.ve_gate.weight.buf,512,1022,RAW,9.957992006093264e-06
30,blocks.7.mlp.c_fc.weight.buf,4194304,4196389,RAW,0.0022694589861202985
30,blocks.7.mlp.c_proj.weight.buf,4194304,4195129,RAW,0.0023356669989880174
30,lm_head.weight.m,67108864,67136149,RAW,0.04374079199624248
30,lm_head.weight.v,67108864,67136149,RAW,0.0566067089966964
30,resid_lambdas.m,32,32,RAW_VECTOR,6.709014996886253e-06
30,resid_lambdas.v,32,32,RAW_VECTOR,5.00003807246685e-07
30,x0_lambdas.m,32,32,RAW_VECTOR,1.9579892978072166e-06
30,x0_lambdas.v,32,32,RAW_VECTOR,2.500019036233425e-07
30,value_embeds.1.weight.m,67108864,67136149,RAW,0.039625249977689236
30,value_embeds.1.weight.v,67108864,67136149,RAW,0.04601545800687745
30,value_embeds.3.weight.m,67108864,67136149,RAW,0.04009029199369252
30,value_embeds.3.weight.v,67108864,67136149,RAW,0.044850500009488314
30,value_embeds.5.weight.m,67108864,67136149,RAW,0.03996591697796248
30,value_embeds.5.weight.v,67108864,67136149,RAW,0.045122417010134086
30,value_embeds.7.weight.m,67108864,67136149,RAW,0.03746612498071045
30,value_embeds.7.weight.v,67108864,67136149,RAW,0.04163408401655033
31,wte.weight.m,67108864,67136149,RAW,0.03564391701365821
31,wte.weight.v,67108864,67136149,RAW,0.03830391698284075
31,blocks.0.attn.c_q.weight.buf,1048576,1049401,RAW,0.0006742920086253434
31,blocks.0.attn.c_k.weight.buf,1048576,1049401,RAW,0.000580916996113956
31,blocks.0.attn.c_v.weight.buf,1048576,1049401,RAW,0.0007096659974195063
31,blocks.0.attn.c_proj.weight.buf,1048576,1049401,RAW,0.0005992920196149498
31,blocks.0.mlp.c_fc.weight.buf,4194304,4196389,RAW,0.002533999999286607
31,blocks.0.mlp.c_proj.weight.buf,4194304,4195129,RAW,0.0020920840033795685
31,blocks.1.attn.c_q.weight.buf,1048576,1049401,RAW,0.0006216669862624258
31,blocks.1.attn.c_k.weight.buf,1048576,1049401,RAW,0.0005920839903410524
31,blocks.1.attn.c_v.weight.buf,1048576,1049401,RAW,0.0006067499925848097
31,blocks.1.attn.c_proj.weight.buf,1048576,1049401,RAW,0.0005779170023743063
31,blocks.1.attn.ve_gate.weight.buf,512,1022,RAW,8.332979632541537e-06
31,blocks.1.mlp.c_fc.weight.buf,4194304,4196389,RAW,0.0020795419986825436
31,blocks.1.mlp.c_proj.weight.buf,4194304,4195129,RAW,0.002124083024682477
31,blocks.2.attn.c_q.weight.buf,1048576,1049401,RAW,0.0006448750209528953
31,blocks.2.attn.c_k.weight.buf,1048576,1049401,RAW,0.0006686249980702996
31,blocks.2.attn.c_v.weight.buf,1048576,1049401,RAW,0.0006162080098874867
31,blocks.2.attn.c_proj.weight.buf,1048576,1049401,RAW,0.0005930830084253103
31,blocks.2.mlp.c_fc.weight.buf,4194304,4196389,RAW,0.0021678330085705966
31,blocks.2.mlp.c_proj.weight.buf,4194304,4195129,RAW,0.002206000004662201
31,blocks.3.attn.c_q.weight.buf,1048576,1049401,RAW,0.0006686249980702996
31,blocks.3.attn.c_k.weight.buf,1048576,1049401,RAW,0.0006100839818827808
31,blocks.3.attn.c_v.weight.buf,1048576,1049401,RAW,0.0006634590099565685
31,blocks.3.attn.c_proj.weight.buf,1048576,1049401,RAW,0.0006177500181365758
31,blocks.3.attn.ve_gate.weight.buf,512,1022,RAW,2.187499194405973e-05
31,blocks.3.mlp.c_fc.weight.buf,4194304,4196389,RAW,0.003487000009045005
31,blocks.3.mlp.c_proj.weight.buf,4194304,4195129,RAW,0.002224334020866081
31,blocks.4.attn.c_q.weight.buf,1048576,1049401,RAW,0.000742042000638321
31,blocks.4.attn.c_k.weight.buf,1048576,1049401,RAW,0.0006098750163801014
31,blocks.4.attn.c_v.weight.buf,1048576,1049401,RAW,0.0006169580155983567
31,blocks.4.attn.c_proj.weight.buf,1048576,1049401,RAW,0.0006510420062113553
31,blocks.4.mlp.c_fc.weight.buf,4194304,4196389,RAW,0.0022107919794507325
31,blocks.4.mlp.c_proj.weight.buf,4194304,4195129,RAW,0.002276749990414828
31,blocks.5.attn.c_q.weight.buf,1048576,1049401,RAW,0.0006577500025741756
31,blocks.5.attn.c_k.weight.buf,1048576,1049401,RAW,0.0006376249948516488
31,blocks.5.attn.c_v.weight.buf,1048576,1049401,RAW,0.0005847919965162873
31,blocks.5.attn.c_proj.weight.buf,1048576,1049401,RAW,0.0007210829935502261
31,blocks.5.attn.ve_gate.weight.buf,512,1022,RAW,2.7417001547291875e-05
31,blocks.5.mlp.c_fc.weight.buf,4194304,4196389,RAW,0.002124292019288987
31,blocks.5.mlp.c_proj.weight.buf,4194304,4195129,RAW,0.0022302920115180314
31,blocks.6.attn.c_q.weight.buf,1048576,1049401,RAW,0.0006552920094691217
31,blocks.6.attn.c_k.weight.buf,1048576,1049401,RAW,0.0005982499860692769
31,blocks.6.attn.c_v.weight.buf,1048576,1049401,RAW,0.0006127090018708259
31,blocks.6.attn.c_proj.weight.buf,1048576,1049401,RAW,0.0006637920159846544
31,blocks.6.mlp.c_fc.weight.buf,4194304,4196389,RAW,0.002162042015697807
31,blocks.6.mlp.c_proj.weight.buf,4194304,4195129,RAW,0.0022416249848902225
31,blocks.7.attn.c_q.weight.buf,1048576,1049401,RAW,0.0006408749904949218
31,blocks.7.attn.c_k.weight.buf,1048576,1049401,RAW,0.0006110829999670386
31,blocks.7.attn.c_v.weight.buf,1048576,1049401,RAW,0.0005895000067539513
31,blocks.7.attn.c_proj.weight.buf,1048576,1049401,RAW,0.0005674999847542495
31,blocks.7.attn.ve_gate.weight.buf,512,1022,RAW,6.66698906570673e-06
31,blocks.7.mlp.c_fc.weight.buf,4194304,4196389,RAW,0.003410458011785522
31,blocks.7.mlp.c_proj.weight.buf,4194304,4195129,RAW,0.0021006669849157333
31,lm_head.weight.m,67108864,67136149,RAW,0.03576566698029637
31,lm_head.weight.v,67108864,67136149,RAW,0.06463233300019056
31,resid_lambdas.m,32,32,RAW_VECTOR,4.292000085115433e-06
31,resid_lambdas.v,32,32,RAW_VECTOR,2.374988980591297e-06
31,x0_lambdas.m,32,32,RAW_VECTOR,9.169743862003088e-07
31,x0_lambdas.v,32,32,RAW_VECTOR,5.00003807246685e-07
31,value_embeds.1.weight.m,67108864,67136149,RAW,0.03805666699190624
31,value_embeds.1.weight.v,67108864,67136149,RAW,0.04073945901473053
31,value_embeds.3.weight.m,67108864,67136149,RAW,0.06251562500256114
31,value_embeds.3.weight.v,67108864,67136149,RAW,0.03537695901468396
31,value_embeds.5.weight.m,67108864,67136149,RAW,0.039591292006662115
31,value_embeds.5.weight.v,67108864,67136149,RAW,0.053231249999953434
31,value_embeds.7.weight.m,67108864,67136149,RAW,0.03825337497983128
31,value_embeds.7.weight.v,67108864,67136149,RAW,0.04428616599761881
32,wte.weight.m,67108864,67136149,RAW,0.03565966701717116
32,wte.weight.v,67108864,67136149,RAW,0.05996124999364838
32,blocks.0.attn.c_q.weight.buf,1048576,1049401,RAW,0.0006634590099565685
32,blocks.0.attn.c_k.weight.buf,1048576,1049401,RAW,0.0005493329954333603
32,blocks.0.attn.c_v.weight.buf,1048576,1049401,RAW,0.0005448750162031502
32,blocks.0.attn.c_proj.weight.buf,1048576,1049401,RAW,0.0005501250270754099
32,blocks.0.mlp.c_fc.weight.buf,4194304,4196389,RAW,0.002158624993171543
32,blocks.0.mlp.c_proj.weight.buf,4194304,4195129,RAW,0.001964291004696861
32,blocks.1.attn.c_q.weight.buf,1048576,1049401,RAW,0.000550959026440978
32,blocks.1.attn.c_k.weight.buf,1048576,1049401,RAW,0.0005344999954104424
32,blocks.1.attn.c_v.weight.buf,1048576,1049401,RAW,0.0005433750047814101
32,blocks.1.attn.c_proj.weight.buf,1048576,1049401,RAW,0.0005206249770708382
32,blocks.1.attn.ve_gate.weight.buf,512,1022,RAW,7.374997949227691e-06
32,blocks.1.mlp.c_fc.weight.buf,4194304,4196389,RAW,0.0025547079858370125
32,blocks.1.mlp.c_proj.weight.buf,4194304,4195129,RAW,0.0021032080112490803
32,blocks.2.attn.c_q.weight.buf,1048576,1049401,RAW,0.000624041014816612
32,blocks.2.attn.c_k.weight.buf,1048576,1049401,RAW,0.0005769580020569265
32,blocks.2.attn.c_v.weight.buf,1048576,1049401,RAW,0.0005557910189963877
32,blocks.2.attn.c_proj.weight.buf,1048576,1049401,RAW,0.0005455420177895576
32,blocks.2.mlp.c_fc.weight.buf,4194304,4196389,RAW,0.0020365419914014637
32,blocks.2.mlp.c_proj.weight.buf,4194304,4195129,RAW,0.001974832994164899
32,blocks.3.attn.c_q.weight.buf,1048576,1049401,RAW,0.0005486250156536698
32,blocks.3.attn.c_k.weight.buf,1048576,1049401,RAW,0.000540791021194309
32,blocks.3.attn.c_v.weight.buf,1048576,1049401,RAW,0.000526666990481317
32,blocks.3.attn.c_proj.weight.buf,1048576,1049401,RAW,0.0006076669960748404
32,blocks.3.attn.ve_gate.weight.buf,512,1022,RAW,1.966700074262917e-05
32,blocks.3.mlp.c_fc.weight.buf,4194304,4196389,RAW,0.002028167014941573
32,blocks.3.mlp.c_proj.weight.buf,4194304,4195129,RAW,0.0019937500183004886
32,blocks.4.attn.c_q.weight.buf,1048576,1049401,RAW,0.0005807919951621443
32,blocks.4.attn.c_k.weight.buf,1048576,1049401,RAW,0.0005394160107243806
32,blocks.4.attn.c_v.weight.buf,1048576,1049401,RAW,0.0005893749766983092
32,blocks.4.attn.c_proj.weight.buf,1048576,1049401,RAW,0.0005317910108715296
32,blocks.4.mlp.c_fc.weight.buf,4194304,4196389,RAW,0.0020181669970043004
32,blocks.4.mlp.c_proj.weight.buf,4194304,4195129,RAW,0.026344874990172684
32,blocks.5.attn.c_q.weight.buf,1048576,1049401,RAW,0.0006461669981945306
32,blocks.5.attn.c_k.weight.buf,1048576,1049401,RAW,0.0005647499929182231
32,blocks.5.attn.c_v.weight.buf,1048576,1049401,RAW,0.0005561670113820583
32,blocks.5.attn.c_proj.weight.buf,1048576,1049401,RAW,0.0005648339865729213
32,blocks.5.attn.ve_gate.weight.buf,512,1022,RAW,8.458999218419194e-06
32,blocks.5.mlp.c_fc.weight.buf,4194304,4196389,RAW,0.0027329589938744903
32,blocks.5.mlp.c_proj.weight.buf,4194304,4195129,RAW,0.002092707989504561
32,blocks.6.attn.c_q.weight.buf,1048576,1049401,RAW,0.0005660830065608025
32,blocks.6.attn.c_k.weight.buf,1048576,1049401,RAW,0.0005271660047583282
32,blocks.6.attn.c_v.weight.buf,1048576,1049401,RAW,0.0005101250135339797
32,blocks.6.attn.c_proj.weight.buf,1048576,1049401,RAW,0.0005058329843450338
32,blocks.6.mlp.c_fc.weight.buf,4194304,4196389,RAW,0.0020264170016162097
32,blocks.6.mlp.c_proj.weight.buf,4194304,4195129,RAW,0.0020095000218134373
32,blocks.7.attn.c_q.weight.buf,1048576,1049401,RAW,0.0005432080070022494
32,blocks.7.attn.c_k.weight.buf,1048576,1049401,RAW,0.0005151669902261347
32,blocks.7.attn.c_v.weight.buf,1048576,1049401,RAW,0.0005021250108256936
32,blocks.7.attn.c_proj.weight.buf,1048576,1049401,RAW,0.0005492919881362468
32,blocks.7.attn.ve_gate.weight.buf,512,1022,RAW,7.833004929125309e-06
32,blocks.7.mlp.c_fc.weight.buf,4194304,4196389,RAW,0.0020055829954799265
32,blocks.7.mlp.c_proj.weight.buf,4194304,4195129,RAW,0.001961500005563721
32,lm_head.weight.m,67108864,67136149,RAW,0.0402270829945337
32,lm_head.weight.v,67108864,67136149,RAW,0.03733562500565313
32,resid_lambdas.m,32,32,RAW_VECTOR,7.3750270530581474e-06
32,resid_lambdas.v,32,32,RAW_VECTOR,1.0829826351255178e-06
32,x0_lambdas.m,32,32,RAW_VECTOR,8.330098353326321e-07
32,x0_lambdas.v,32,32,RAW_VECTOR,5.00003807246685e-07
32,value_embeds.1.weight.m,67108864,67136149,RAW,0.038158791983732954
32,value_embeds.1.weight.v,67108864,67136149,RAW,0.06029441699502058
32,value_embeds.3.weight.m,67108864,67136149,RAW,0.04078120898338966
32,value_embeds.3.weight.v,67108864,67136149,RAW,0.07238945798599161
32,value_embeds.5.weight.m,67108864,67136149,RAW,0.04631025000708178
32,value_embeds.5.weight.v,67108864,67136149,RAW,0.044455750001361594
32,value_embeds.7.weight.m,67108864,67136149,RAW,0.06995812497916631
32,value_embeds.7.weight.v,67108864,67136149,RAW,0.03785933298058808
33,wte.weight.m,67108864,67136149,RAW,0.035778541991021484
33,wte.weight.v,67108864,67136149,RAW,0.0352149999816902
33,blocks.0.attn.c_q.weight.buf,1048576,1049401,RAW,0.0006884169997647405
33,blocks.0.attn.c_k.weight.buf,1048576,1049401,RAW,0.0006137079908512533
33,blocks.0.attn.c_v.weight.buf,1048576,1049401,RAW,0.0006042910099495202
33,blocks.0.attn.c_proj.weight.buf,1048576,1049401,RAW,0.0005913339846301824
33,blocks.0.mlp.c_fc.weight.buf,4194304,4196389,RAW,0.002359000005526468
33,blocks.0.mlp.c_proj.weight.buf,4194304,4195129,RAW,0.0022632500040344894
33,blocks.1.attn.c_q.weight.buf,1048576,1049401,RAW,0.0006579580076504499
33,blocks.1.attn.c_k.weight.buf,1048576,1049401,RAW,0.0006181669887155294
33,blocks.1.attn.c_v.weight.buf,1048576,1049401,RAW,0.0005731670244131237
33,blocks.1.attn.c_proj.weight.buf,1048576,1049401,RAW,0.0005779170023743063
33,blocks.1.attn.ve_gate.weight.buf,512,1022,RAW,8.917006198316813e-06
33,blocks.1.mlp.c_fc.weight.buf,4194304,4196389,RAW,0.0021020830026827753
33,blocks.1.mlp.c_proj.weight.buf,4194304,4195129,RAW,0.0020770829869434237
33,blocks.2.attn.c_q.weight.buf,1048576,1049401,RAW,0.0006103339837864041
33,blocks.2.attn.c_k.weight.buf,1048576,1049401,RAW,0.0005660419992636889
33,blocks.2.attn.c_v.weight.buf,1048576,1049401,RAW,0.0005699999746866524
33,blocks.2.attn.c_proj.weight.buf,1048576,1049401,RAW,0.0005694999999832362
33,blocks.2.mlp.c_fc.weight.buf,4194304,4196389,RAW,0.0021430000197142363
33,blocks.2.mlp.c_proj.weight.buf,4194304,4195129,RAW,0.002142583020031452
33,blocks.3.attn.c_q.weight.buf,1048576,1049401,RAW,0.0006074169941712171
33,blocks.3.attn.c_k.weight.buf,1048576,1049401,RAW,0.001301333017181605
33,blocks.3.attn.c_v.weight.buf,1048576,1049401,RAW,0.0006358749815262854
33,blocks.3.attn.c_proj.weight.buf,1048576,1049401,RAW,0.0005942499847151339
33,blocks.3.attn.ve_gate.weight.buf,512,1022,RAW,8.666975190863013e-06
33,blocks.3.mlp.c_fc.weight.buf,4194304,4196389,RAW,0.002321124979062006
33,blocks.3.mlp.c_proj.weight.buf,4194304,4195129,RAW,0.0021024169982410967
33,blocks.4.attn.c_q.weight.buf,1048576,1049401,RAW,0.0006287909927777946
33,blocks.4.attn.c_k.weight.buf,1048576,1049401,RAW,0.0005655410059262067
33,blocks.4.attn.c_v.weight.buf,1048576,1049401,RAW,0.0005679999885614961
33,blocks.4.attn.c_proj.weight.buf,1048576,1049401,RAW,0.0005710830155294389
33,blocks.4.mlp.c_fc.weight.buf,4194304,4196389,RAW,0.0020492080075200647
33,blocks.4.mlp.c_proj.weight.buf,4194304,4195129,RAW,0.0021105000050738454
33,blocks.5.attn.c_q.weight.buf,1048576,1049401,RAW,0.0006180829950608313
33,blocks.5.attn.c_k.weight.buf,1048576,1049401,RAW,0.0005652500258293003
33,blocks.5.attn.c_v.weight.buf,1048576,1049401,RAW,0.0005671250110026449
33,blocks.5.attn.c_proj.weight.buf,1048576,1049401,RAW,0.0005565839819610119
33,blocks.5.attn.ve_gate.weight.buf,512,1022,RAW,7.499998901039362e-06
33,blocks.5.mlp.c_fc.weight.buf,4194304,4196389,RAW,0.002086082997266203
33,blocks.5.mlp.c_proj.weight.buf,4194304,4195129,RAW,0.0020659159927163273
33,blocks.6.attn.c_q.weight.buf,1048576,1049401,RAW,0.0006043330067768693
33,blocks.6.attn.c_k.weight.buf,1048576,1049401,RAW,0.0005721670167986304
33,blocks.6.attn.c_v.weight.buf,1048576,1049401,RAW,0.000559209001949057
33,blocks.6.attn.c_proj.weight.buf,1048576,1049401,RAW,0.0005644580232910812
33,blocks.6.mlp.c_fc.weight.buf,4194304,4196389,RAW,0.026546625012997538
33,blocks.6.mlp.c_proj.weight.buf,4194304,4195129,RAW,0.0021922079904470593
33,blocks.7.attn.c_q.weight.buf,1048576,1049401,RAW,0.0006439999851863831
33,blocks.7.attn.c_k.weight.buf,1048576,1049401,RAW,0.0005932920030318201
33,blocks.7.attn.c_v.weight.buf,1048576,1049401,RAW,0.0006047499773558229
33,blocks.7.attn.c_proj.weight.buf,1048576,1049401,RAW,0.0005850419984199107
33,blocks.7.attn.ve_gate.weight.buf,512,1022,RAW,2.2916996385902166e-05
33,blocks.7.mlp.c_fc.weight.buf,4194304,4196389,RAW,0.002068750007310882
33,blocks.7.mlp.c_proj.weight.buf,4194304,4195129,RAW,0.002080374979414046
33,lm_head.weight.m,67108864,67136149,RAW,0.04519375000381842
33,lm_head.weight.v,67108864,67136149,RAW,0.0412175829987973
33,resid_lambdas.m,32,32,RAW_VECTOR,6.207992555573583e-06
33,resid_lambdas.v,32,32,RAW_VECTOR,4.159810487180948e-07
33,x0_lambdas.m,32,32,RAW_VECTOR,3.958994057029486e-06
33,x0_lambdas.v,32,32,RAW_VECTOR,5.410111043602228e-07
33,value_embeds.1.weight.m,67108864,67136149,RAW,0.06682637499761768
33,value_embeds.1.weight.v,67108864,67136149,RAW,0.035774541000137106
33,value_embeds.3.weight.m,67108864,67136149,RAW,0.03616229200270027
33,value_embeds.3.weight.v,67108864,67136149,RAW,0.04419287500786595
33,value_embeds.5.weight.m,67108864,67136149,RAW,0.03581895798561163
33,value_embeds.5.weight.v,67108864,67136149,RAW,0.03884420800022781
33,value_embeds.7.weight.m,67108864,67136149,RAW,0.035856417001923546
33,value_embeds.7.weight.v,67108864,67136149,RAW,0.03985429200110957
34,wte.weight.m,67108864,67136149,RAW,0.03752362501109019
34,wte.weight.v,67108864,67136149,RAW,0.05398116700234823
34,blocks.0.attn.c_q.weight.buf,1048576,1049401,RAW,0.0006783340068068355
34,blocks.0.attn.c_k.weight.buf,1048576,1049401,RAW,0.0005671250110026449
34,blocks.0.attn.c_v.weight.buf,1048576,1049401,RAW,0.0005839160003233701
34,blocks.0.attn.c_proj.weight.buf,1048576,1049401,RAW,0.0005531250208150595
34,blocks.0.mlp.c_fc.weight.buf,4194304,4196389,RAW,0.0023785420053172857
34,blocks.0.mlp.c_proj.weight.buf,4194304,4195129,RAW,0.0019777080160565674
34,blocks.1.attn.c_q.weight.buf,1048576,1049401,RAW,0.0006043330067768693
34,blocks.1.attn.c_k.weight.buf,1048576,1049401,RAW,0.0005789159913547337
34,blocks.1.attn.c_v.weight.buf,1048576,1049401,RAW,0.0005561250145547092
34,blocks.1.attn.c_proj.weight.buf,1048576,1049401,RAW,0.0005647079960908741
34,blocks.1.attn.ve_gate.weight.buf,512,1022,RAW,7.833994459360838e-06
34,blocks.1.mlp.c_fc.weight.buf,4194304,4196389,RAW,0.0020435839833226055
34,blocks.1.mlp.c_proj.weight.buf,4194304,4195129,RAW,0.0019615830096881837
34,blocks.2.attn.c_q.weight.buf,1048576,1049401,RAW,0.0006127079832367599
34,blocks.2.attn.c_k.weight.buf,1048576,1049401,RAW,0.0005887910083401948
34,blocks.2.attn.c_v.weight.buf,1048576,1049401,RAW,0.0005459579988382757
34,blocks.2.attn.c_proj.weight.buf,1048576,1049401,RAW,0.0005306670209392905
34,blocks.2.mlp.c_fc.weight.buf,4194304,4196389,RAW,0.0020350829872768372
34,blocks.2.mlp.c_proj.weight.buf,4194304,4195129,RAW,0.00197425001533702
34,blocks.3.attn.c_q.weight.buf,1048576,1049401,RAW,0.0005886669969186187
34,blocks.3.attn.c_k.weight.buf,1048576,1049401,RAW,0.0010922079964075238
34,blocks.3.attn.c_v.weight.buf,1048576,1049401,RAW,0.0005626660131383687
34,blocks.3.attn.c_proj.weight.buf,1048576,1049401,RAW,0.0005919579998590052
34,blocks.3.attn.ve_gate.weight.buf,512,1022,RAW,9.790994226932526e-06
34,blocks.3.mlp.c_fc.weight.buf,4194304,4196389,RAW,0.0022678339737467468
34,blocks.3.mlp.c_proj.weight.buf,4194304,4195129,RAW,0.0020511249895207584
34,blocks.4.attn.c_q.weight.buf,1048576,1049401,RAW,0.0006368340109474957
34,blocks.4.attn.c_k.weight.buf,1048576,1049401,RAW,0.0005621669988613576
34,blocks.4.attn.c_v.weight.buf,1048576,1049401,RAW,0.0005400000081863254
34,blocks.4.attn.c_proj.weight.buf,1048576,1049401,RAW,0.0005514590011443943
34,blocks.4.mlp.c_fc.weight.buf,4194304,4196389,RAW,0.002041291998466477
34,blocks.4.mlp.c_proj.weight.buf,4194304,4195129,RAW,0.0020021670206915587
34,blocks.5.attn.c_q.weight.buf,1048576,1049401,RAW,0.0006202500080689788
34,blocks.5.attn.c_k.weight.buf,1048576,1049401,RAW,0.0005431659810710698
34,blocks.5.attn.c_v.weight.buf,1048576,1049401,RAW,0.0005431669997051358
34,blocks.5.attn.c_proj.weight.buf,1048576,1049401,RAW,0.0005307499959599227
34,blocks.5.attn.ve_gate.weight.buf,512,1022,RAW,7.624999852851033e-06
34,blocks.5.mlp.c_fc.weight.buf,4194304,4196389,RAW,0.002080500009469688
34,blocks.5.mlp.c_proj.weight.buf,4194304,4195129,RAW,0.0019877920276485384
34,blocks.6.attn.c_q.weight.buf,1048576,1049401,RAW,0.0005455409991554916
34,blocks.6.attn.c_k.weight.buf,1048576,1049401,RAW,0.0005509589973371476
34,blocks.6.attn.c_v.weight.buf,1048576,1049401,RAW,0.0005373330204747617
34,blocks.6.attn.c_proj.weight.buf,1048576,1049401,RAW,0.0005181659944355488
34,blocks.6.mlp.c_fc.weight.buf,4194304,4196389,RAW,0.02417995801079087
34,blocks.6.mlp.c_proj.weight.buf,4194304,4195129,RAW,0.002324959001271054
34,blocks.7.attn.c_q.weight.buf,1048576,1049401,RAW,0.0006221250223461539
34,blocks.7.attn.c_k.weight.buf,1048576,1049401,RAW,0.0005674999847542495
34,blocks.7.attn.c_v.weight.buf,1048576,1049401,RAW,0.0005739580083172768
34,blocks.7.attn.c_proj.weight.buf,1048576,1049401,RAW,0.0005615409754682332
34,blocks.7.attn.ve_gate.weight.buf,512,1022,RAW,9.500014130026102e-06
34,blocks.7.mlp.c_fc.weight.buf,4194304,4196389,RAW,0.0021501669834833592
34,blocks.7.mlp.c_proj.weight.buf,4194304,4195129,RAW,0.0021042499865870923
34,lm_head.weight.m,67108864,67136149,RAW,0.04693987499922514
34,lm_head.weight.v,67108864,67136149,RAW,0.038982541009318084
34,resid_lambdas.m,32,32,RAW_VECTOR,7.6669966802001e-06
34,resid_lambdas.v,32,32,RAW_VECTOR,2.249988028779626e-06
34,x0_lambdas.m,32,32,RAW_VECTOR,1.0840012691915035e-06
34,x0_lambdas.v,32,32,RAW_VECTOR,5.00003807246685e-07
34,value_embeds.1.weight.m,67108864,67136149,RAW,0.06014145800145343
34,value_embeds.1.weight.v,67108864,67136149,RAW,0.03494070898159407
34,value_embeds.3.weight.m,67108864,67136149,RAW,0.040235833992483094
34,value_embeds.3.weight.v,67108864,67136149,RAW,0.038205457996809855
34,value_embeds.5.weight.m,67108864,67136149,RAW,0.038204209005925804
34,value_embeds.5.weight.v,67108864,67136149,RAW,0.031934083002852276
34,value_embeds.7.weight.m,67108864,67136149,RAW,0.03733066699351184
34,value_embeds.7.weight.v,67108864,67136149,RAW,0.04265350001514889
35,wte.weight.m,67108864,67136149,RAW,0.06002295797225088
35,wte.weight.v,67108864,67136149,RAW,0.04087224998511374
35,blocks.0.attn.c_q.weight.buf,1048576,1049401,RAW,0.0006383339932654053
35,blocks.0.attn.c_k.weight.buf,1048576,1049401,RAW,0.0005863329861313105
35,blocks.0.attn.c_v.weight.buf,1048576,1049401,RAW,0.0005908329912927002
35,blocks.0.attn.c_proj.weight.buf,1048576,1049401,RAW,0.0005748340045101941
35,blocks.0.mlp.c_fc.weight.buf,4194304,4196389,RAW,0.0023269589873962104
35,blocks.0.mlp.c_proj.weight.buf,4194304,4195129,RAW,0.0020477499929256737
35,blocks.1.attn.c_q.weight.buf,1048576,1049401,RAW,0.0006042089953552932
35,blocks.1.attn.c_k.weight.buf,1048576,1049401,RAW,0.0005878749943803996
35,blocks.1.attn.c_v.weight.buf,1048576,1049401,RAW,0.0005739159823860973
35,blocks.1.attn.c_proj.weight.buf,1048576,1049401,RAW,0.024030082975514233
35,blocks.1.attn.ve_gate.weight.buf,512,1022,RAW,5.7124998420476913e-05
35,blocks.1.mlp.c_fc.weight.buf,4194304,4196389,RAW,0.0023959999962244183
35,blocks.1.mlp.c_proj.weight.buf,4194304,4195129,RAW,0.002089832996716723
35,blocks.2.attn.c_q.weight.buf,1048576,1049401,RAW,0.0006024579924996942
35,blocks.2.attn.c_k.weight.buf,1048576,1049401,RAW,0.0005787919799331576
35,blocks.2.attn.c_v.weight.buf,1048576,1049401,RAW,0.024800832994515076
35,blocks.2.attn.c_proj.weight.buf,1048576,1049401,RAW,0.000570083997445181
35,blocks.2.mlp.c_fc.weight.buf,4194304,4196389,RAW,0.0022745829774066806
35,blocks.2.mlp.c_proj.weight.buf,4194304,4195129,RAW,0.0021221659844741225
35,blocks.3.attn.c_q.weight.buf,1048576,1049401,RAW,0.0006076249992474914
35,blocks.3.attn.c_k.weight.buf,1048576,1049401,RAW,0.0006040419975761324
35,blocks.3.attn.c_v.weight.buf,1048576,1049401,RAW,0.000571917014895007
35,blocks.3.attn.c_proj.weight.buf,1048576,1049401,RAW,0.0005750830168835819
35,blocks.3.attn.ve_gate.weight.buf,512,1022,RAW,7.208000170066953e-06
35,blocks.3.mlp.c_fc.weight.buf,4194304,4196389,RAW,0.002032041986240074
35,blocks.3.mlp.c_proj.weight.buf,4194304,4195129,RAW,0.002033541997661814
35,blocks.4.attn.c_q.weight.buf,1048576,1049401,RAW,0.0006074580014683306
35,blocks.4.attn.c_k.weight.buf,1048576,1049401,RAW,0.0005656669964082539
35,blocks.4.attn.c_v.weight.buf,1048576,1049401,RAW,0.0005546659813262522
35,blocks.4.attn.c_proj.weight.buf,1048576,1049401,RAW,0.0005566669860854745
35,blocks.4.mlp.c_fc.weight.buf,4194304,4196389,RAW,0.0020714580023195595
35,blocks.4.mlp.c_proj.weight.buf,4194304,4195129,RAW,0.002053416013950482
35,blocks.5.attn.c_q.weight.buf,1048576,1049401,RAW,0.0006317080114968121
35,blocks.5.attn.c_k.weight.buf,1048576,1049401,RAW,0.0005698749737348408
35,blocks.5.attn.c_v.weight.buf,1048576,1049401,RAW,0.0005810839938931167
35,blocks.5.attn.c_proj.weight.buf,1048576,1049401,RAW,0.0013286670146044344
35,blocks.5.attn.ve_gate.weight.buf,512,1022,RAW,2.300000051036477e-05
35,blocks.5.mlp.c_fc.weight.buf,4194304,4196389,RAW,0.002297208004165441
35,blocks.5.mlp.c_proj.weight.buf,4194304,4195129,RAW,0.0020988750038668513
35,blocks.6.attn.c_q.weight.buf,1048576,1049401,RAW,0.0006209579878486693
35,blocks.6.attn.c_k.weight.buf,1048576,1049401,RAW,0.0005898750096093863
35,blocks.6.attn.c_v.weight.buf,1048576,1049401,RAW,0.0005699580069631338
35,blocks.6.attn.c_proj.weight.buf,1048576,1049401,RAW,0.0005606669874396175
35,blocks.6.mlp.c_fc.weight.buf,4194304,4196389,RAW,0.0020517499942798167
35,blocks.6.mlp.c_proj.weight.buf,4194304,4195129,RAW,0.0020088329911231995
35,blocks.7.attn.c_q.weight.buf,1048576,1049401,RAW,0.0005913340137340128
35,blocks.7.attn.c_k.weight.buf,1048576,1049401,RAW,0.0005572499940171838
35,blocks.7.attn.c_v.weight.buf,1048576,1049401,RAW,0.0005932080093771219
35,blocks.7.attn.c_proj.weight.buf,1048576,1049401,RAW,0.0005739170010201633
35,blocks.7.attn.ve_gate.weight.buf,512,1022,RAW,7.95800588093698e-06
35,blocks.7.mlp.c_fc.weight.buf,4194304,4196389,RAW,0.002051624993328005
35,blocks.7.mlp.c_proj.weight.buf,4194304,4195129,RAW,0.0020303330093156546
35,lm_head.weight.m,67108864,67136149,RAW,0.03933558301650919
35,lm_head.weight.v,67108864,67136149,RAW,0.055941208003787324
35,resid_lambdas.m,32,32,RAW_VECTOR,4.3339969124644995e-06
35,resid_lambdas.v,32,32,RAW_VECTOR,3.7500285543501377e-07
35,x0_lambdas.m,32,32,RAW_VECTOR,1.2909877113997936e-06
35,x0_lambdas.v,32,32,RAW_VECTOR,4.1601015254855156e-07
35,value_embeds.1.weight.m,67108864,67136149,RAW,0.03529662499204278
35,value_embeds.1.weight.v,67108864,67136149,RAW,0.04085645897430368
35,value_embeds.3.weight.m,67108864,67136149,RAW,0.0355178750178311
35,value_embeds.3.weight.v,67108864,67136149,RAW,0.04303129101754166
35,value_embeds.5.weight.m,67108864,67136149,RAW,0.03606695801136084
35,value_embeds.5.weight.v,67108864,67136149,RAW,0.04010879201814532
35,value_embeds.7.weight.m,67108864,67136149,RAW,0.03561316698323935
35,value_embeds.7.weight.v,67108864,67136149,RAW,0.04316995802219026
36,wte.weight.m,67108864,67136149,RAW,0.03656549999141134
36,wte.weight.v,67108864,67136149,RAW,0.06254208399332128
36,blocks.0.attn.c_q.weight.buf,1048576,1049401,RAW,0.0006419999990612268
36,blocks.0.attn.c_k.weight.buf,1048576,1049401,RAW,0.000568667019251734
36,blocks.0.attn.c_v.weight.buf,1048576,1049401,RAW,0.000567584007512778
36,blocks.0.attn.c_proj.weight.buf,1048576,1049401,RAW,0.0005788750131614506
36,blocks.0.mlp.c_fc.weight.buf,4194304,4196389,RAW,0.002311582997208461
36,blocks.0.mlp.c_proj.weight.buf,4194304,4195129,RAW,0.002093707997119054
36,blocks.1.attn.c_q.weight.buf,1048576,1049401,RAW,0.000575875019421801
36,blocks.1.attn.c_k.weight.buf,1048576,1049401,RAW,0.0005770839925389737
36,blocks.1.attn.c_v.weight.buf,1048576,1049401,RAW,0.0005625409830827266
36,blocks.1.attn.c_proj.weight.buf,1048576,1049401,RAW,0.0005830840091221035
36,blocks.1.attn.ve_gate.weight.buf,512,1022,RAW,7.08398874849081e-06
36,blocks.1.mlp.c_fc.weight.buf,4194304,4196389,RAW,0.024590665998402983
36,blocks.1.mlp.c_proj.weight.buf,4194304,4195129,RAW,0.002477832982549444
36,blocks.2.attn.c_q.weight.buf,1048576,1049401,RAW,0.0007040420023258775
36,blocks.2.attn.c_k.weight.buf,1048576,1049401,RAW,0.000556667015189305
36,blocks.2.attn.c_v.weight.buf,1048576,1049401,RAW,0.0006031670200172812
36,blocks.2.attn.c_proj.weight.buf,1048576,1049401,RAW,0.0005502500280272216
36,blocks.2.mlp.c_fc.weight.buf,4194304,4196389,RAW,0.002067249995889142
36,blocks.2.mlp.c_proj.weight.buf,4194304,4195129,RAW,0.00197500002104789
36,blocks.3.attn.c_q.weight.buf,1048576,1049401,RAW,0.0005663330084644258
36,blocks.3.attn.c_k.weight.buf,1048576,1049401,RAW,0.0005337920156307518
36,blocks.3.attn.c_v.weight.buf,1048576,1049401,RAW,0.0006071660027373582
36,blocks.3.attn.c_proj.weight.buf,1048576,1049401,RAW,0.0005364579847082496
36,blocks.3.attn.ve_gate.weight.buf,512,1022,RAW,2.4500011932104826e-05
36,blocks.3.mlp.c_fc.weight.buf,4194304,4196389,RAW,0.0019988339918199927
36,blocks.3.mlp.c_proj.weight.buf,4194304,4195129,RAW,0.0019685830047819763
36,blocks.4.attn.c_q.weight.buf,1048576,1049401,RAW,0.0006241250084713101
36,blocks.4.attn.c_k.weight.buf,1048576,1049401,RAW,0.0005457499937620014
36,blocks.4.attn.c_v.weight.buf,1048576,1049401,RAW,0.0005553749797400087
36,blocks.4.attn.c_proj.weight.buf,1048576,1049401,RAW,0.0005372499872464687
36,blocks.4.mlp.c_fc.weight.buf,4194304,4196389,RAW,0.002033500000834465
36,blocks.4.mlp.c_proj.weight.buf,4194304,4195129,RAW,0.001990249991649762
36,blocks.5.attn.c_q.weight.buf,1048576,1049401,RAW,0.0006079159793443978
36,blocks.5.attn.c_k.weight.buf,1048576,1049401,RAW,0.0005402920069172978
36,blocks.5.attn.c_v.weight.buf,1048576,1049401,RAW,0.0005435420025605708
36,blocks.5.attn.c_proj.weight.buf,1048576,1049401,RAW,0.0012783340062014759
36,blocks.5.attn.ve_gate.weight.buf,512,1022,RAW,1.116600469686091e-05
36,blocks.5.mlp.c_fc.weight.buf,4194304,4196389,RAW,0.0023481249809265137
36,blocks.5.mlp.c_proj.weight.buf,4194304,4195129,RAW,0.002056416997220367
36,blocks.6.attn.c_q.weight.buf,1048576,1049401,RAW,0.0005905420111957937
36,blocks.6.attn.c_k.weight.buf,1048576,1049401,RAW,0.0005638749862555414
36,blocks.6.attn.c_v.weight.buf,1048576,1049401,RAW,0.0012632499856408685
36,blocks.6.attn.c_proj.weight.buf,1048576,1049401,RAW,0.0005495419900398701
36,blocks.6.mlp.c_fc.weight.buf,4194304,4196389,RAW,0.0020188750058878213
36,blocks.6.mlp.c_proj.weight.buf,4194304,4195129,RAW,0.0019705420127138495
36,blocks.7.attn.c_q.weight.buf,1048576,1049401,RAW,0.0005998749984428287
36,blocks.7.attn.c_k.weight.buf,1048576,1049401,RAW,0.0005258340097498149
36,blocks.7.attn.c_v.weight.buf,1048576,1049401,RAW,0.0005436670035123825
36,blocks.7.attn.c_proj.weight.buf,1048576,1049401,RAW,0.0005234999989625067
36,blocks.7.attn.ve_gate.weight.buf,512,1022,RAW,2.4333014152944088e-05
36,blocks.7.mlp.c_fc.weight.buf,4194304,4196389,RAW,0.0019981660007033497
36,blocks.7.mlp.c_proj.weight.buf,4194304,4195129,RAW,0.0019507500110194087
36,lm_head.weight.m,67108864,67136149,RAW,0.05950750000192784
36,lm_head.weight.v,67108864,67136149,RAW,0.034877166006481275
36,resid_lambdas.m,32,32,RAW_VECTOR,5.1670067477971315e-06
36,resid_lambdas.v,32,32,RAW_VECTOR,1.1659867595881224e-06
36,x0_lambdas.m,32,32,RAW_VECTOR,1.5792000340297818e-05
36,x0_lambdas.v,32,32,RAW_VECTOR,9.170034900307655e-07
36,value_embeds.1.weight.m,67108864,67136149,RAW,0.034856040991144255
36,value_embeds.1.weight.v,67108864,67136149,RAW,0.037709791999077424
36,value_embeds.3.weight.m,67108864,67136149,RAW,0.03503520900267176
36,value_embeds.3.weight.v,67108864,67136149,RAW,0.03657124997698702
36,value_embeds.5.weight.m,67108864,67136149,RAW,0.035650292003992945
36,value_embeds.5.weight.v,67108864,67136149,RAW,0.040189625025959685
36,value_embeds.7.weight.m,67108864,67136149,RAW,0.035329584003193304
36,value_embeds.7.weight.v,67108864,67136149,RAW,0.03872012498322874
37,wte.weight.m,67108864,67136149,RAW,0.04002295801183209
37,wte.weight.v,67108864,67136149,RAW,0.060410624981159344
37,blocks.0.attn.c_q.weight.buf,1048576,1049401,RAW,0.0007771250093355775
37,blocks.0.attn.c_k.weight.buf,1048576,1049401,RAW,0.0006188339903019369
37,blocks.0.attn.c_v.weight.buf,1048576,1049401,RAW,0.0006167080136947334
37,blocks.0.attn.c_proj.weight.buf,1048576,1049401,RAW,0.0006252909952308983
37,blocks.0.mlp.c_fc.weight.buf,4194304,4196389,RAW,0.003218500001821667
37,blocks.0.mlp.c_proj.weight.buf,4194304,4195129,RAW,0.002213833009591326
37,blocks.1.attn.c_q.weight.buf,1048576,1049401,RAW,0.0006018330168444663
37,blocks.1.attn.c_k.weight.buf,1048576,1049401,RAW,0.0006201249780133367
37,blocks.1.attn.c_v.weight.buf,1048576,1049401,RAW,0.0006580410117749125
37,blocks.1.attn.c_proj.weight.buf,1048576,1049401,RAW,0.0006018329877406359
37,blocks.1.attn.ve_gate.weight.buf,512,1022,RAW,1.9917002646252513e-05
37,blocks.1.mlp.c_fc.weight.buf,4194304,4196389,RAW,0.002326249988982454
37,blocks.1.mlp.c_proj.weight.buf,4194304,4195129,RAW,0.0028265830187592655
37,blocks.2.attn.c_q.weight.buf,1048576,1049401,RAW,0.0007321660232264549
37,blocks.2.attn.c_k.weight.buf,1048576,1049401,RAW,0.0006750000175088644
37,blocks.2.attn.c_v.weight.buf,1048576,1049401,RAW,0.0006567920208908617
37,blocks.2.attn.c_proj.weight.buf,1048576,1049401,RAW,0.000666042004013434
37,blocks.2.mlp.c_fc.weight.buf,4194304,4196389,RAW,0.0022772920201532543
37,blocks.2.mlp.c_proj.weight.buf,4194304,4195129,RAW,0.002212499995948747
37,blocks.3.attn.c_q.weight.buf,1048576,1049401,RAW,0.0007228750037029386
37,blocks.3.attn.c_k.weight.buf,1048576,1049401,RAW,0.0006505000055767596
37,blocks.3.attn.c_v.weight.buf,1048576,1049401,RAW,0.001433333003660664
37,blocks.3.attn.c_proj.weight.buf,1048576,1049401,RAW,0.0006472919776570052
37,blocks.3.attn.ve_gate.weight.buf,512,1022,RAW,3.583298530429602e-05
37,blocks.3.mlp.c_fc.weight.buf,4194304,4196389,RAW,0.0026266670029144734
37,blocks.3.mlp.c_proj.weight.buf,4194304,4195129,RAW,0.0021597089944407344
37,blocks.4.attn.c_q.weight.buf,1048576,1049401,RAW,0.000651542010018602
37,blocks.4.attn.c_k.weight.buf,1048576,1049401,RAW,0.0006307919975370169
37,blocks.4.attn.c_v.weight.buf,1048576,1049401,RAW,0.001331665989710018
37,blocks.4.attn.c_proj.weight.buf,1048576,1049401,RAW,0.0006355419754981995
37,blocks.4.mlp.c_fc.weight.buf,4194304,4196389,RAW,0.0021780419920105487
37,blocks.4.mlp.c_proj.weight.buf,4194304,4195129,RAW,0.0021192920103203505
37,blocks.5.attn.c_q.weight.buf,1048576,1049401,RAW,0.0006824580195825547
37,blocks.5.attn.c_k.weight.buf,1048576,1049401,RAW,0.0006422919977921993
37,blocks.5.attn.c_v.weight.buf,1048576,1049401,RAW,0.0006413329974748194
37,blocks.5.attn.c_proj.weight.buf,1048576,1049401,RAW,0.0005967910110484809
37,blocks.5.attn.ve_gate.weight.buf,512,1022,RAW,2.5957997422665358e-05
37,blocks.5.mlp.c_fc.weight.buf,4194304,4196389,RAW,0.0022139579814393073
37,blocks.5.mlp.c_proj.weight.buf,4194304,4195129,RAW,0.0021825839939992875
37,blocks.6.attn.c_q.weight.buf,1048576,1049401,RAW,0.0006401250138878822
37,blocks.6.attn.c_k.weight.buf,1048576,1049401,RAW,0.0005988339835312217
37,blocks.6.attn.c_v.weight.buf,1048576,1049401,RAW,0.000600875006057322
37,blocks.6.attn.c_proj.weight.buf,1048576,1049401,RAW,0.0005993340164422989
37,blocks.6.mlp.c_fc.weight.buf,4194304,4196389,RAW,0.0021755830093752593
37,blocks.6.mlp.c_proj.weight.buf,4194304,4195129,RAW,0.002206250006565824
37,blocks.7.attn.c_q.weight.buf,1048576,1049401,RAW,0.0006322500121314079
37,blocks.7.attn.c_k.weight.buf,1048576,1049401,RAW,0.001324834011029452
37,blocks.7.attn.c_v.weight.buf,1048576,1049401,RAW,0.0006329579919110984
37,blocks.7.attn.c_proj.weight.buf,1048576,1049401,RAW,0.0006394170050043613
37,blocks.7.attn.ve_gate.weight.buf,512,1022,RAW,3.1042000045999885e-05
37,blocks.7.mlp.c_fc.weight.buf,4194304,4196389,RAW,0.002647749992320314
37,blocks.7.mlp.c_proj.weight.buf,4194304,4195129,RAW,0.0021703749953303486
37,lm_head.weight.m,67108864,67136149,RAW,0.055371833994286135
37,lm_head.weight.v,67108864,67136149,RAW,0.03976220797630958
37,resid_lambdas.m,32,32,RAW_VECTOR,3.2079988159239292e-06
37,resid_lambdas.v,32,32,RAW_VECTOR,2.4579931050539017e-06
37,x0_lambdas.m,32,32,RAW_VECTOR,9.999785106629133e-07
37,x0_lambdas.v,32,32,RAW_VECTOR,5.00003807246685e-07
37,value_embeds.1.weight.m,67108864,67136149,RAW,0.07514779097982682
37,value_embeds.1.weight.v,67108864,67136149,RAW,0.03981283400207758
37,value_embeds.3.weight.m,67108864,67136149,RAW,0.040055499994196
37,value_embeds.3.weight.v,67108864,67136149,RAW,0.05679091697675176
37,value_embeds.5.weight.m,67108864,67136149,RAW,0.03575833301874809
37,value_embeds.5.weight.v,67108864,67136149,RAW,0.039762166008586064
37,value_embeds.7.weight.m,67108864,67136149,RAW,0.036065207998035476
37,value_embeds.7.weight.v,67108864,67136149,RAW,0.039713584003038704
38,wte.weight.m,67108864,67136149,RAW,0.03552812500856817
38,wte.weight.v,67108864,67136149,RAW,0.03390416700858623
38,blocks.0.attn.c_q.weight.buf,1048576,1049401,RAW,0.0006857080152258277
38,blocks.0.attn.c_k.weight.buf,1048576,1049401,RAW,0.0005972090002615005
38,blocks.0.attn.c_v.weight.buf,1048576,1049401,RAW,0.0006053750112187117
38,blocks.0.attn.c_proj.weight.buf,1048576,1049401,RAW,0.0005908749881200492
38,blocks.0.mlp.c_fc.weight.buf,4194304,4196389,RAW,0.025914875004673377
38,blocks.0.mlp.c_proj.weight.buf,4194304,4195129,RAW,0.0023073750198818743
38,blocks.1.attn.c_q.weight.buf,1048576,1049401,RAW,0.0006193749723024666
38,blocks.1.attn.c_k.weight.buf,1048576,1049401,RAW,0.0005990420177113265
38,blocks.1.attn.c_v.weight.buf,1048576,1049401,RAW,0.0005672920087818056
38,blocks.1.attn.c_proj.weight.buf,1048576,1049401,RAW,0.0005589170032180846
38,blocks.1.attn.ve_gate.weight.buf,512,1022,RAW,9.040988516062498e-06
38,blocks.1.mlp.c_fc.weight.buf,4194304,4196389,RAW,0.0020624169846996665
38,blocks.1.mlp.c_proj.weight.buf,4194304,4195129,RAW,0.0020147500035818666
38,blocks.2.attn.c_q.weight.buf,1048576,1049401,RAW,0.0006223750242497772
38,blocks.2.attn.c_k.weight.buf,1048576,1049401,RAW,0.0005907909944653511
38,blocks.2.attn.c_v.weight.buf,1048576,1049401,RAW,0.0005611249944195151
38,blocks.2.attn.c_proj.weight.buf,1048576,1049401,RAW,0.0005830420122947544
38,blocks.2.mlp.c_fc.weight.buf,4194304,4196389,RAW,0.00209500000346452
38,blocks.2.mlp.c_proj.weight.buf,4194304,4195129,RAW,0.0020185000030323863
38,blocks.3.attn.c_q.weight.buf,1048576,1049401,RAW,0.000599041988607496
38,blocks.3.attn.c_k.weight.buf,1048576,1049401,RAW,0.0005659589951392263
38,blocks.3.attn.c_v.weight.buf,1048576,1049401,RAW,0.0006252909952308983
38,blocks.3.attn.c_proj.weight.buf,1048576,1049401,RAW,0.0005812500021420419
38,blocks.3.attn.ve_gate.weight.buf,512,1022,RAW,8.500006515532732e-06
38,blocks.3.mlp.c_fc.weight.buf,4194304,4196389,RAW,0.02411883298191242
38,blocks.3.mlp.c_proj.weight.buf,4194304,4195129,RAW,0.0024246660177595913
38,blocks.4.attn.c_q.weight.buf,1048576,1049401,RAW,0.000634166004601866
38,blocks.4.attn.c_k.weight.buf,1048576,1049401,RAW,0.0005823329847771674
38,blocks.4.attn.c_v.weight.buf,1048576,1049401,RAW,0.0005842910031788051
38,blocks.4.attn.c_proj.weight.buf,1048576,1049401,RAW,0.0005737920000683516
38,blocks.4.mlp.c_fc.weight.buf,4194304,4196389,RAW,0.0029217910196166486
38,blocks.4.mlp.c_proj.weight.buf,4194304,4195129,RAW,0.0021162079938221723
38,blocks.5.attn.c_q.weight.buf,1048576,1049401,RAW,0.0006521250179503113
38,blocks.5.attn.c_k.weight.buf,1048576,1049401,RAW,0.0005542500002775341
38,blocks.5.attn.c_v.weight.buf,1048576,1049401,RAW,0.0005651669926010072
38,blocks.5.attn.c_proj.weight.buf,1048576,1049401,RAW,0.0005578330019488931
38,blocks.5.attn.ve_gate.weight.buf,512,1022,RAW,7.833004929125309e-06
38,blocks.5.mlp.c_fc.weight.buf,4194304,4196389,RAW,0.002070832997560501
38,blocks.5.mlp.c_proj.weight.buf,4194304,4195129,RAW,0.0020230830123182386
38,blocks.6.attn.c_q.weight.buf,1048576,1049401,RAW,0.0006395420059561729
38,blocks.6.attn.c_k.weight.buf,1048576,1049401,RAW,0.0005784999812021852
38,blocks.6.attn.c_v.weight.buf,1048576,1049401,RAW,0.0005677080189343542
38,blocks.6.attn.c_proj.weight.buf,1048576,1049401,RAW,0.0005896249786019325
38,blocks.6.mlp.c_fc.weight.buf,4194304,4196389,RAW,0.002030250005191192
38,blocks.6.mlp.c_proj.weight.buf,4194304,4195129,RAW,0.0020076250075362623
38,blocks.7.attn.c_q.weight.buf,1048576,1049401,RAW,0.0006365409935824573
38,blocks.7.attn.c_k.weight.buf,1048576,1049401,RAW,0.0005714170110877603
38,blocks.7.attn.c_v.weight.buf,1048576,1049401,RAW,0.0005785000103060156
38,blocks.7.attn.c_proj.weight.buf,1048576,1049401,RAW,0.0005947919853497297
38,blocks.7.attn.ve_gate.weight.buf,512,1022,RAW,1.0666990419849753e-05
38,blocks.7.mlp.c_fc.weight.buf,4194304,4196389,RAW,0.0033567089994903654
38,blocks.7.mlp.c_proj.weight.buf,4194304,4195129,RAW,0.0021111250098329037
38,lm_head.weight.m,67108864,67136149,RAW,0.03569854100351222
38,lm_head.weight.v,67108864,67136149,RAW,0.06091812500380911
38,resid_lambdas.m,32,32,RAW_VECTOR,7.208000170066953e-06
38,resid_lambdas.v,32,32,RAW_VECTOR,5.00003807246685e-07
38,x0_lambdas.m,32,32,RAW_VECTOR,8.750066626816988e-07
38,x0_lambdas.v,32,32,RAW_VECTOR,5.00003807246685e-07
38,value_embeds.1.weight.m,67108864,67136149,RAW,0.04027999998652376
38,value_embeds.1.weight.v,67108864,67136149,RAW,0.03971999997156672
38,value_embeds.3.weight.m,67108864,67136149,RAW,0.0405544999812264
38,value_embeds.3.weight.v,67108864,67136149,RAW,0.03926020898506977
38,value_embeds.5.weight.m,67108864,67136149,RAW,0.03579295799136162
38,value_embeds.5.weight.v,67108864,67136149,RAW,0.03880529198795557
38,value_embeds.7.weight.m,67108864,67136149,RAW,0.04062300000805408
38,value_embeds.7.weight.v,67108864,67136149,RAW,0.03917545799049549
39,wte.weight.m,67108864,67136149,RAW,0.04369162500370294
39,wte.weight.v,67108864,67136149,RAW,0.03901866701198742
39,blocks.0.attn.c_q.weight.buf,1048576,1049401,RAW,0.0006240000075194985
39,blocks.0.attn.c_k.weight.buf,1048576,1049401,RAW,0.0005631250096485019
39,blocks.0.attn.c_v.weight.buf,1048576,1049401,RAW,0.0005563330196309835
39,blocks.0.attn.c_proj.weight.buf,1048576,1049401,RAW,0.0005789999850094318
39,blocks.0.mlp.c_fc.weight.buf,4194304,4196389,RAW,0.0021802500123158097
39,blocks.0.mlp.c_proj.weight.buf,4194304,4195129,RAW,0.0019875829748343676
39,blocks.1.attn.c_q.weight.buf,1048576,1049401,RAW,0.0005495829973369837
39,blocks.1.attn.c_k.weight.buf,1048576,1049401,RAW,0.0005428339936770499
39,blocks.1.attn.c_v.weight.buf,1048576,1049401,RAW,0.0013616250071208924
39,blocks.1.attn.c_proj.weight.buf,1048576,1049401,RAW,0.0006740830140188336
39,blocks.1.attn.ve_gate.weight.buf,512,1022,RAW,3.191697760485113e-05
39,blocks.1.mlp.c_fc.weight.buf,4194304,4196389,RAW,0.0024215420125983655
39,blocks.1.mlp.c_proj.weight.buf,4194304,4195129,RAW,0.002202042000135407
39,blocks.2.attn.c_q.weight.buf,1048576,1049401,RAW,0.0006066250207368284
39,blocks.2.attn.c_k.weight.buf,1048576,1049401,RAW,0.0005977499822620302
39,blocks.2.attn.c_v.weight.buf,1048576,1049401,RAW,0.0006177920149639249
39,blocks.2.attn.c_proj.weight.buf,1048576,1049401,RAW,0.0006037920247763395
39,blocks.2.mlp.c_fc.weight.buf,4194304,4196389,RAW,0.0022859169985167682
39,blocks.2.mlp.c_proj.weight.buf,4194304,4195129,RAW,0.0021309999865479767
39,blocks.3.attn.c_q.weight.buf,1048576,1049401,RAW,0.0005906670121476054
39,blocks.3.attn.c_k.weight.buf,1048576,1049401,RAW,0.000597250007558614
39,blocks.3.attn.c_v.weight.buf,1048576,1049401,RAW,0.0005848339933436364
39,blocks.3.attn.c_proj.weight.buf,1048576,1049401,RAW,0.000611334020504728
39,blocks.3.attn.ve_gate.weight.buf,512,1022,RAW,1.5833007637411356e-05
39,blocks.3.mlp.c_fc.weight.buf,4194304,4196389,RAW,0.002168915991205722
39,blocks.3.mlp.c_proj.weight.buf,4194304,4195129,RAW,0.0021590830001514405
39,blocks.4.attn.c_q.weight.buf,1048576,1049401,RAW,0.0005884169950149953
39,blocks.4.attn.c_k.weight.buf,1048576,1049401,RAW,0.000606999994488433
39,blocks.4.attn.c_v.weight.buf,1048576,1049401,RAW,0.0006220419891178608
39,blocks.4.attn.c_proj.weight.buf,1048576,1049401,RAW,0.0005882080004084855
39,blocks.4.mlp.c_fc.weight.buf,4194304,4196389,RAW,0.002180959010729566
39,blocks.4.mlp.c_proj.weight.buf,4194304,4195129,RAW,0.0036588750081136823
39,blocks.5.attn.c_q.weight.buf,1048576,1049401,RAW,0.0006882919988129288
39,blocks.5.attn.c_k.weight.buf,1048576,1049401,RAW,0.0006118750025052577
39,blocks.5.attn.c_v.weight.buf,1048576,1049401,RAW,0.0006346669979393482
39,blocks.5.attn.c_proj.weight.buf,1048576,1049401,RAW,0.0006108329980634153
39,blocks.5.attn.ve_gate.weight.buf,512,1022,RAW,1.8292019376531243e-05
39,blocks.5.mlp.c_fc.weight.buf,4194304,4196389,RAW,0.002203125011874363
39,blocks.5.mlp.c_proj.weight.buf,4194304,4195129,RAW,0.002152458007913083
39,blocks.6.attn.c_q.weight.buf,1048576,1049401,RAW,0.0006112910050433129
39,blocks.6.attn.c_k.weight.buf,1048576,1049401,RAW,0.0006024999893270433
39,blocks.6.attn.c_v.weight.buf,1048576,1049401,RAW,0.0006005420000292361
39,blocks.6.attn.c_proj.weight.buf,1048576,1049401,RAW,0.000615624972851947
39,blocks.6.mlp.c_fc.weight.buf,4194304,4196389,RAW,0.002190625004004687
39,blocks.6.mlp.c_proj.weight.buf,4194304,4195129,RAW,0.002160125004593283
39,blocks.7.attn.c_q.weight.buf,1048576,1049401,RAW,0.0005998330016154796
39,blocks.7.attn.c_k.weight.buf,1048576,1049401,RAW,0.0006042080058250576
39,blocks.7.attn.c_v.weight.buf,1048576,1049401,RAW,0.0005876249924767762
39,blocks.7.attn.c_proj.weight.buf,1048576,1049401,RAW,0.0005952920182608068
39,blocks.7.attn.ve_gate.weight.buf,512,1022,RAW,1.1999974958598614e-05
39,blocks.7.mlp.c_fc.weight.buf,4194304,4196389,RAW,0.002186792000429705
39,blocks.7.mlp.c_proj.weight.buf,4194304,4195129,RAW,0.0022383329924196005
39,lm_head.weight.m,67108864,67136149,RAW,0.04104629100766033
39,lm_head.weight.v,67108864,67136149,RAW,0.06110987497959286
39,resid_lambdas.m,32,32,RAW_VECTOR,7.833994459360838e-06
39,resid_lambdas.v,32,32,RAW_VECTOR,5.420006345957518e-07
39,x0_lambdas.m,32,32,RAW_VECTOR,1.7090060282498598e-06
39,x0_lambdas.v,32,32,RAW_VECTOR,3.3300602808594704e-07
39,value_embeds.1.weight.m,67108864,67136149,RAW,0.03689149999991059
39,value_embeds.1.weight.v,67108864,67136149,RAW,0.0413471249921713
39,value_embeds.3.weight.m,67108864,67136149,RAW,0.036684833001345396
39,value_embeds.3.weight.v,67108864,67136149,RAW,0.04098954200162552
39,value_embeds.5.weight.m,67108864,67136149,RAW,0.03576925001107156
39,value_embeds.5.weight.v,67108864,67136149,RAW,0.04355933301849291
39,value_embeds.7.weight.m,67108864,67136149,RAW,0.03527320799184963
39,value_embeds.7.weight.v,67108864,67136149,RAW,0.04355895798653364
40,wte.weight.m,67108864,67136149,RAW,0.035781457991106436
40,wte.weight.v,67108864,67136149,RAW,0.06083274999400601
40,blocks.0.attn.c_q.weight.buf,1048576,1049401,RAW,0.00066637501004152
40,blocks.0.attn.c_k.weight.buf,1048576,1049401,RAW,0.0005855420022271574
40,blocks.0.attn.c_v.weight.buf,1048576,1049401,RAW,0.0005768749979324639
40,blocks.0.attn.c_proj.weight.buf,1048576,1049401,RAW,0.000570834003156051
40,blocks.0.mlp.c_fc.weight.buf,4194304,4196389,RAW,0.0022941250063013285
40,blocks.0.mlp.c_proj.weight.buf,4194304,4195129,RAW,0.0020481660030782223
40,blocks.1.attn.c_q.weight.buf,1048576,1049401,RAW,0.0006094580166973174
40,blocks.1.attn.c_k.weight.buf,1048576,1049401,RAW,0.0005735419981647283
40,blocks.1.attn.c_v.weight.buf,1048576,1049401,RAW,0.0005962090217508376
40,blocks.1.attn.c_proj.weight.buf,1048576,1049401,RAW,0.0005788749840576202
40,blocks.1.attn.ve_gate.weight.buf,512,1022,RAW,8.917006198316813e-06
40,blocks.1.mlp.c_fc.weight.buf,4194304,4196389,RAW,0.00318100000731647
40,blocks.1.mlp.c_proj.weight.buf,4194304,4195129,RAW,0.002173415996367112
40,blocks.2.attn.c_q.weight.buf,1048576,1049401,RAW,0.0006269589939620346
40,blocks.2.attn.c_k.weight.buf,1048576,1049401,RAW,0.0005797079938929528
40,blocks.2.attn.c_v.weight.buf,1048576,1049401,RAW,0.0005868749867659062
40,blocks.2.attn.c_proj.weight.buf,1048576,1049401,RAW,0.0005735419981647283
40,blocks.2.mlp.c_fc.weight.buf,4194304,4196389,RAW,0.002105874998960644
40,blocks.2.mlp.c_proj.weight.buf,4194304,4195129,RAW,0.0024834579962771386
40,blocks.3.attn.c_q.weight.buf,1048576,1049401,RAW,0.0006347500020638108
40,blocks.3.attn.c_k.weight.buf,1048576,1049401,RAW,0.0006019999855197966
40,blocks.3.attn.c_v.weight.buf,1048576,1049401,RAW,0.0005966659809928387
40,blocks.3.attn.c_proj.weight.buf,1048576,1049401,RAW,0.0005806660046800971
40,blocks.3.attn.ve_gate.weight.buf,512,1022,RAW,9.500014130026102e-06
40,blocks.3.mlp.c_fc.weight.buf,4194304,4196389,RAW,0.002065958979073912
40,blocks.3.mlp.c_proj.weight.buf,4194304,4195129,RAW,0.002035042009083554
40,blocks.4.attn.c_q.weight.buf,1048576,1049401,RAW,0.0006569580000359565
40,blocks.4.attn.c_k.weight.buf,1048576,1049401,RAW,0.0005937910173088312
40,blocks.4.attn.c_v.weight.buf,1048576,1049401,RAW,0.0005994579987600446
40,blocks.4.attn.c_proj.weight.buf,1048576,1049401,RAW,0.000596124998992309
40,blocks.4.mlp.c_fc.weight.buf,4194304,4196389,RAW,0.0021184160141274333
40,blocks.4.mlp.c_proj.weight.buf,4194304,4195129,RAW,0.002724040998145938
40,blocks.5.attn.c_q.weight.buf,1048576,1049401,RAW,0.0006592499848920852
40,blocks.5.attn.c_k.weight.buf,1048576,1049401,RAW,0.0006012920057401061
40,blocks.5.attn.c_v.weight.buf,1048576,1049401,RAW,0.0006262910028453916
40,blocks.5.attn.c_proj.weight.buf,1048576,1049401,RAW,0.0006878749991301447
40,blocks.5.attn.ve_gate.weight.buf,512,1022,RAW,1.7584010493010283e-05
40,blocks.5.mlp.c_fc.weight.buf,4194304,4196389,RAW,0.002151458989828825
40,blocks.5.mlp.c_proj.weight.buf,4194304,4195129,RAW,0.002131875022314489
40,blocks.6.attn.c_q.weight.buf,1048576,1049401,RAW,0.0006697500066366047
40,blocks.6.attn.c_k.weight.buf,1048576,1049401,RAW,0.0005934590008109808
40,blocks.6.attn.c_v.weight.buf,1048576,1049401,RAW,0.0005828330176882446
40,blocks.6.attn.c_proj.weight.buf,1048576,1049401,RAW,0.0005832909955643117
40,blocks.6.mlp.c_fc.weight.buf,4194304,4196389,RAW,0.0020937499939464033
40,blocks.6.mlp.c_proj.weight.buf,4194304,4195129,RAW,0.0020653330138884485
40,blocks.7.attn.c_q.weight.buf,1048576,1049401,RAW,0.0006257499917410314
40,blocks.7.attn.c_k.weight.buf,1048576,1049401,RAW,0.0005687079974450171
40,blocks.7.attn.c_v.weight.buf,1048576,1049401,RAW,0.0005608750216197222
40,blocks.7.attn.c_proj.weight.buf,1048576,1049401,RAW,0.0005720000190194696
40,blocks.7.attn.ve_gate.weight.buf,512,1022,RAW,7.957976777106524e-06
40,blocks.7.mlp.c_fc.weight.buf,4194304,4196389,RAW,0.0020971670164726675
40,blocks.7.mlp.c_proj.weight.buf,4194304,4195129,RAW,0.002061541978036985
40,lm_head.weight.m,67108864,67136149,RAW,0.03719224999076687
40,lm_head.weight.v,67108864,67136149,RAW,0.04422333399998024
40,resid_lambdas.m,32,32,RAW_VECTOR,4.583998816087842e-06
40,resid_lambdas.v,32,32,RAW_VECTOR,1.6250123735517263e-06
40,x0_lambdas.m,32,32,RAW_VECTOR,1.0420044418424368e-06
40,x0_lambdas.v,32,32,RAW_VECTOR,5.00003807246685e-07
40,value_embeds.1.weight.m,67108864,67136149,RAW,0.03745170801994391
40,value_embeds.1.weight.v,67108864,67136149,RAW,0.03579770802753046
40,value_embeds.3.weight.m,67108864,67136149,RAW,0.03593179100425914
40,value_embeds.3.weight.v,67108864,67136149,RAW,0.037991207995219156
40,value_embeds.5.weight.m,67108864,67136149,RAW,0.03679791698232293
40,value_embeds.5.weight.v,67108864,67136149,RAW,0.036554459016770124
40,value_embeds.7.weight.m,67108864,67136149,RAW,0.040019959007622674
40,value_embeds.7.weight.v,67108864,67136149,RAW,0.06286112498492002
41,wte.weight.m,67108864,67136149,RAW,0.04066166598931886
41,wte.weight.v,67108864,67136149,RAW,0.03763233299832791
41,blocks.0.attn.c_q.weight.buf,1048576,1049401,RAW,0.0006186249956954271
41,blocks.0.attn.c_k.weight.buf,1048576,1049401,RAW,0.0005579999997280538
41,blocks.0.attn.c_v.weight.buf,1048576,1049401,RAW,0.000554832979105413
41,blocks.0.attn.c_proj.weight.buf,1048576,1049401,RAW,0.0005735839949920774
41,blocks.0.mlp.c_fc.weight.buf,4194304,4196389,RAW,0.0021985000057611614
41,blocks.0.mlp.c_proj.weight.buf,4194304,4195129,RAW,0.002988624997669831
41,blocks.1.attn.c_q.weight.buf,1048576,1049401,RAW,0.0006344160065054893
41,blocks.1.attn.c_k.weight.buf,1048576,1049401,RAW,0.000556707993382588
41,blocks.1.attn.c_v.weight.buf,1048576,1049401,RAW,0.0005664170021191239
41,blocks.1.attn.c_proj.weight.buf,1048576,1049401,RAW,0.0005782090011052787
41,blocks.1.attn.ve_gate.weight.buf,512,1022,RAW,6.917020073160529e-06
41,blocks.1.mlp.c_fc.weight.buf,4194304,4196389,RAW,0.002051624993328005
41,blocks.1.mlp.c_proj.weight.buf,4194304,4195129,RAW,0.001960374996997416
41,blocks.2.attn.c_q.weight.buf,1048576,1049401,RAW,0.0005610829975921661
41,blocks.2.attn.c_k.weight.buf,1048576,1049401,RAW,0.0005327909893821925
41,blocks.2.attn.c_v.weight.buf,1048576,1049401,RAW,0.0005192499957047403
41,blocks.2.attn.c_proj.weight.buf,1048576,1049401,RAW,0.0005718330212403089
41,blocks.2.mlp.c_fc.weight.buf,4194304,4196389,RAW,0.0020239170116838068
41,blocks.2.mlp.c_proj.weight.buf,4194304,4195129,RAW,0.0019497500034049153
41,blocks.3.attn.c_q.weight.buf,1048576,1049401,RAW,0.0005428330041468143
41,blocks.3.attn.c_k.weight.buf,1048576,1049401,RAW,0.0005647499929182231
41,blocks.3.attn.c_v.weight.buf,1048576,1049401,RAW,0.0005769580020569265
41,blocks.3.attn.c_proj.weight.buf,1048576,1049401,RAW,0.0005303329962771386
41,blocks.3.attn.ve_gate.weight.buf,512,1022,RAW,7.291993824765086e-06
41,blocks.3.mlp.c_fc.weight.buf,4194304,4196389,RAW,0.0019760830036830157
41,blocks.3.mlp.c_proj.weight.buf,4194304,4195129,RAW,0.0019491660059429705
41,blocks.4.attn.c_q.weight.buf,1048576,1049401,RAW,0.023382625018712133
41,blocks.4.attn.c_k.weight.buf,1048576,1049401,RAW,0.0006637500191573054
41,blocks.4.attn.c_v.weight.buf,1048576,1049401,RAW,0.0005637080175802112
41,blocks.4.attn.c_proj.weight.buf,1048576,1049401,RAW,0.0005655419954564422
41,blocks.4.mlp.c_fc.weight.buf,4194304,4196389,RAW,0.0022747500042896718
41,blocks.4.mlp.c_proj.weight.buf,4194304,4195129,RAW,0.001986999996006489
41,blocks.5.attn.c_q.weight.buf,1048576,1049401,RAW,0.0005434580089058727
41,blocks.5.attn.c_k.weight.buf,1048576,1049401,RAW,0.0005380829970818013
41,blocks.5.attn.c_v.weight.buf,1048576,1049401,RAW,0.000568625022424385
41,blocks.5.attn.c_proj.weight.buf,1048576,1049401,RAW,0.0005320000054780394
41,blocks.5.attn.ve_gate.weight.buf,512,1022,RAW,2.6749999960884452e-05
41,blocks.5.mlp.c_fc.weight.buf,4194304,4196389,RAW,0.0020141669956501573
41,blocks.5.mlp.c_proj.weight.buf,4194304,4195129,RAW,0.001966166979400441
41,blocks.6.attn.c_q.weight.buf,1048576,1049401,RAW,0.0005419999943114817
41,blocks.6.attn.c_k.weight.buf,1048576,1049401,RAW,0.0005656669964082539
41,blocks.6.attn.c_v.weight.buf,1048576,1049401,RAW,0.0005557910189963877
41,blocks.6.attn.c_proj.weight.buf,1048576,1049401,RAW,0.0005496670200955123
41,blocks.6.mlp.c_fc.weight.buf,4194304,4196389,RAW,0.0020912500040140003
41,blocks.6.mlp.c_proj.weight.buf,4194304,4195129,RAW,0.002008500014198944
41,blocks.7.attn.c_q.weight.buf,1048576,1049401,RAW,0.0006372909992933273
41,blocks.7.attn.c_k.weight.buf,1048576,1049401,RAW,0.0005409169825725257
41,blocks.7.attn.c_v.weight.buf,1048576,1049401,RAW,0.0005439169763121754
41,blocks.7.attn.c_proj.weight.buf,1048576,1049401,RAW,0.0005669580132234842
41,blocks.7.attn.ve_gate.weight.buf,512,1022,RAW,7.333001121878624e-06
41,blocks.7.mlp.c_fc.weight.buf,4194304,4196389,RAW,0.02458066598046571
41,blocks.7.mlp.c_proj.weight.buf,4194304,4195129,RAW,0.0023344999935943633
41,lm_head.weight.m,67108864,67136149,RAW,0.03619541699299589
41,lm_head.weight.v,67108864,67136149,RAW,0.06715545800398104
41,resid_lambdas.m,32,32,RAW_VECTOR,6.082991603761911e-06
41,resid_lambdas.v,32,32,RAW_VECTOR,4.5899651013314724e-07
41,x0_lambdas.m,32,32,RAW_VECTOR,1.667009200900793e-06
41,x0_lambdas.v,32,32,RAW_VECTOR,3.7500285543501377e-07
41,value_embeds.1.weight.m,67108864,67136149,RAW,0.04725045801023953
41,value_embeds.1.weight.v,67108864,67136149,RAW,0.043077125010313466
41,value_embeds.3.weight.m,67108864,67136149,RAW,0.06907050000154413
41,value_embeds.3.weight.v,67108864,67136149,RAW,0.03844962501898408
41,value_embeds.5.weight.m,67108864,67136149,RAW,0.037542082980507985
41,value_embeds.5.weight.v,67108864,67136149,RAW,0.049158584006363526
41,value_embeds.7.weight.m,67108864,67136149,RAW,0.03601562499534339
41,value_embeds.7.weight.v,67108864,67136149,RAW,0.03821649999008514
42,wte.weight.m,67108864,67136149,RAW,0.03576974998577498
42,wte.weight.v,67108864,67136149,RAW,0.06155016701086424
42,blocks.0.attn.c_q.weight.buf,1048576,1049401,RAW,0.000649333989713341
42,blocks.0.attn.c_k.weight.buf,1048576,1049401,RAW,0.0006132910202722996
42,blocks.0.attn.c_v.weight.buf,1048576,1049401,RAW,0.0005990829959046096
42,blocks.0.attn.c_proj.weight.buf,1048576,1049401,RAW,0.0005801660008728504
42,blocks.0.mlp.c_fc.weight.buf,4194304,4196389,RAW,0.0022648329904768616
42,blocks.0.mlp.c_proj.weight.buf,4194304,4195129,RAW,0.00199237500783056
42,blocks.1.attn.c_q.weight.buf,1048576,1049401,RAW,0.0006165410159155726
42,blocks.1.attn.c_k.weight.buf,1048576,1049401,RAW,0.0005693749990314245
42,blocks.1.attn.c_v.weight.buf,1048576,1049401,RAW,0.000558833999093622
42,blocks.1.attn.c_proj.weight.buf,1048576,1049401,RAW,0.0015010829956736416
42,blocks.1.attn.ve_gate.weight.buf,512,1022,RAW,3.500000457279384e-05
42,blocks.1.mlp.c_fc.weight.buf,4194304,4196389,RAW,0.0023345419904217124
42,blocks.1.mlp.c_proj.weight.buf,4194304,4195129,RAW,0.00218416700954549
42,blocks.2.attn.c_q.weight.buf,1048576,1049401,RAW,0.0006588330143131316
42,blocks.2.attn.c_k.weight.buf,1048576,1049401,RAW,0.0006139159959275275
42,blocks.2.attn.c_v.weight.buf,1048576,1049401,RAW,0.0005833340110257268
42,blocks.2.attn.c_proj.weight.buf,1048576,1049401,RAW,0.0005780000064987689
42,blocks.2.mlp.c_fc.weight.buf,4194304,4196389,RAW,0.0021018339903093874
42,blocks.2.mlp.c_proj.weight.buf,4194304,4195129,RAW,0.002075708005577326
42,blocks.3.attn.c_q.weight.buf,1048576,1049401,RAW,0.0006190419953782111
42,blocks.3.attn.c_k.weight.buf,1048576,1049401,RAW,0.0005703339993488044
42,blocks.3.attn.c_v.weight.buf,1048576,1049401,RAW,0.0005794579919893295
42,blocks.3.attn.c_proj.weight.buf,1048576,1049401,RAW,0.0005872079927939922
42,blocks.3.attn.ve_gate.weight.buf,512,1022,RAW,1.0499992640689015e-05
42,blocks.3.mlp.c_fc.weight.buf,4194304,4196389,RAW,0.0020694999839179218
42,blocks.3.mlp.c_proj.weight.buf,4194304,4195129,RAW,0.002034667006228119
42,blocks.4.attn.c_q.weight.buf,1048576,1049401,RAW,0.0006117919983807951
42,blocks.4.attn.c_k.weight.buf,1048576,1049401,RAW,0.0005903749843128026
42,blocks.4.attn.c_v.weight.buf,1048576,1049401,RAW,0.000585667003178969
42,blocks.4.attn.c_proj.weight.buf,1048576,1049401,RAW,0.0005853330076206475
42,blocks.4.mlp.c_fc.weight.buf,4194304,4196389,RAW,0.0034371249785181135
42,blocks.4.mlp.c_proj.weight.buf,4194304,4195129,RAW,0.002130084001692012
42,blocks.5.attn.c_q.weight.buf,1048576,1049401,RAW,0.000632334005786106
42,blocks.5.attn.c_k.weight.buf,1048576,1049401,RAW,0.0005868749867659062
42,blocks.5.attn.c_v.weight.buf,1048576,1049401,RAW,0.000599416991462931
42,blocks.5.attn.c_proj.weight.buf,1048576,1049401,RAW,0.0005830420122947544
42,blocks.5.attn.ve_gate.weight.buf,512,1022,RAW,1.0499992640689015e-05
42,blocks.5.mlp.c_fc.weight.buf,4194304,4196389,RAW,0.0020564160076901317
42,blocks.5.mlp.c_proj.weight.buf,4194304,4195129,RAW,0.002081457991153002
42,blocks.6.attn.c_q.weight.buf,1048576,1049401,RAW,0.0006622080109082162
42,blocks.6.attn.c_k.weight.buf,1048576,1049401,RAW,0.0005677500157617033
42,blocks.6.attn.c_v.weight.buf,1048576,1049401,RAW,0.0005684160278178751
42,blocks.6.attn.c_proj.weight.buf,1048576,1049401,RAW,0.0005750410200562328
42,blocks.6.mlp.c_fc.weight.buf,4194304,4196389,RAW,0.0020390830177348107
42,blocks.6.mlp.c_proj.weight.buf,4194304,4195129,RAW,0.002187792008044198
42,blocks.7.attn.c_q.weight.buf,1048576,1049401,RAW,0.0006523329939227551
42,blocks.7.attn.c_k.weight.buf,1048576,1049401,RAW,0.0005579580029007047
42,blocks.7.attn.c_v.weight.buf,1048576,1049401,RAW,0.0005684999923687428
42,blocks.7.attn.c_proj.weight.buf,1048576,1049401,RAW,0.0005797919875476509
42,blocks.7.attn.ve_gate.weight.buf,512,1022,RAW,8.709001122042537e-06
42,blocks.7.mlp.c_fc.weight.buf,4194304,4196389,RAW,0.0020684999763034284
42,blocks.7.mlp.c_proj.weight.buf,4194304,4195129,RAW,0.02752416700241156
42,lm_head.weight.m,67108864,67136149,RAW,0.03558787499787286
42,lm_head.weight.v,67108864,67136149,RAW,0.03720662501291372
42,resid_lambdas.m,32,32,RAW_VECTOR,5.083013093098998e-06
42,resid_lambdas.v,32,32,RAW_VECTOR,4.169996827840805e-07
42,x0_lambdas.m,32,32,RAW_VECTOR,1.6250123735517263e-06
42,x0_lambdas.v,32,32,RAW_VECTOR,3.7500285543501377e-07
42,value_embeds.1.weight.m,67108864,67136149,RAW,0.0372725420165807
42,value_embeds.1.weight.v,67108864,67136149,RAW,0.06361845799256116
42,value_embeds.3.weight.m,67108864,67136149,RAW,0.040438666997943074
42,value_embeds.3.weight.v,67108864,67136149,RAW,0.04177862501819618
42,value_embeds.5.weight.m,67108864,67136149,RAW,0.056371500017121434
42,value_embeds.5.weight.v,67108864,67136149,RAW,0.0397917500231415
42,value_embeds.7.weight.m,67108864,67136149,RAW,0.037081374990521
42,value_embeds.7.weight.v,67108864,67136149,RAW,0.039954334002686664
43,wte.weight.m,67108864,67136149,RAW,0.03841545802424662
43,wte.weight.v,67108864,67136149,RAW,0.032254167017526925
43,blocks.0.attn.c_q.weight.buf,1048576,1049401,RAW,0.0011547920003067702
43,blocks.0.attn.c_k.weight.buf,1048576,1049401,RAW,0.0005897090013604611
43,blocks.0.attn.c_v.weight.buf,1048576,1049401,RAW,0.0005636249843519181
43,blocks.0.attn.c_proj.weight.buf,1048576,1049401,RAW,0.0005785409884992987
43,blocks.0.mlp.c_fc.weight.buf,4194304,4196389,RAW,0.002283833018736914
43,blocks.0.mlp.c_proj.weight.buf,4194304,4195129,RAW,0.0019817500142380595
43,blocks.1.attn.c_q.weight.buf,1048576,1049401,RAW,0.0005922499985899776
43,blocks.1.attn.c_k.weight.buf,1048576,1049401,RAW,0.0005517920071724802
43,blocks.1.attn.c_v.weight.buf,1048576,1049401,RAW,0.0005390000005718321
43,blocks.1.attn.c_proj.weight.buf,1048576,1049401,RAW,0.0005424580012913793
43,blocks.1.attn.ve_gate.weight.buf,512,1022,RAW,7.624999852851033e-06
43,blocks.1.mlp.c_fc.weight.buf,4194304,4196389,RAW,0.002022625005338341
43,blocks.1.mlp.c_proj.weight.buf,4194304,4195129,RAW,0.001974583021365106
43,blocks.2.attn.c_q.weight.buf,1048576,1049401,RAW,0.0005808330024592578
43,blocks.2.attn.c_k.weight.buf,1048576,1049401,RAW,0.0005764160014223307
43,blocks.2.attn.c_v.weight.buf,1048576,1049401,RAW,0.0005409160221461207
43,blocks.2.attn.c_proj.weight.buf,1048576,1049401,RAW,0.0005488750175572932
43,blocks.2.mlp.c_fc.weight.buf,4194304,4196389,RAW,0.00205425001331605
43,blocks.2.mlp.c_proj.weight.buf,4194304,4195129,RAW,0.0019818329892586917
43,blocks.3.attn.c_q.weight.buf,1048576,1049401,RAW,0.0005624580080620944
43,blocks.3.attn.c_k.weight.buf,1048576,1049401,RAW,0.0005492499913088977
43,blocks.3.attn.c_v.weight.buf,1048576,1049401,RAW,0.023339708015555516
43,blocks.3.attn.c_proj.weight.buf,1048576,1049401,RAW,0.0006877500272821635
43,blocks.3.attn.ve_gate.weight.buf,512,1022,RAW,2.9791990527883172e-05
43,blocks.3.mlp.c_fc.weight.buf,4194304,4196389,RAW,0.002268625015858561
43,blocks.3.mlp.c_proj.weight.buf,4194304,4195129,RAW,0.0020464580156840384
43,blocks.4.attn.c_q.weight.buf,1048576,1049401,RAW,0.0005874170165043324
43,blocks.4.attn.c_k.weight.buf,1048576,1049401,RAW,0.001133000012487173
43,blocks.4.attn.c_v.weight.buf,1048576,1049401,RAW,0.000553792022401467
43,blocks.4.attn.c_proj.weight.buf,1048576,1049401,RAW,0.0005594999820459634
43,blocks.4.mlp.c_fc.weight.buf,4194304,4196389,RAW,0.0022657079971395433
43,blocks.4.mlp.c_proj.weight.buf,4194304,4195129,RAW,0.0019720830023288727
43,blocks.5.attn.c_q.weight.buf,1048576,1049401,RAW,0.0005625409830827266
43,blocks.5.attn.c_k.weight.buf,1048576,1049401,RAW,0.000548374984646216
43,blocks.5.attn.c_v.weight.buf,1048576,1049401,RAW,0.0005377080233301967
43,blocks.5.attn.c_proj.weight.buf,1048576,1049401,RAW,0.000531708006747067
43,blocks.5.attn.ve_gate.weight.buf,512,1022,RAW,7.875001756474376e-06
43,blocks.5.mlp.c_fc.weight.buf,4194304,4196389,RAW,0.0020302910124883056
43,blocks.5.mlp.c_proj.weight.buf,4194304,4195129,RAW,0.001957707980182022
43,blocks.6.attn.c_q.weight.buf,1048576,1049401,RAW,0.0005591250082943588
43,blocks.6.attn.c_k.weight.buf,1048576,1049401,RAW,0.0005563749873545021
43,blocks.6.attn.c_v.weight.buf,1048576,1049401,RAW,0.0005580840224865824
43,blocks.6.attn.c_proj.weight.buf,1048576,1049401,RAW,0.0005522920109797269
43,blocks.6.mlp.c_fc.weight.buf,4194304,4196389,RAW,0.0020543749851640314
43,blocks.6.mlp.c_proj.weight.buf,4194304,4195129,RAW,0.001960583991603926
43,blocks.7.attn.c_q.weight.buf,1048576,1049401,RAW,0.0013687919999938458
43,blocks.7.attn.c_k.weight.buf,1048576,1049401,RAW,0.0005970000056549907
43,blocks.7.attn.c_v.weight.buf,1048576,1049401,RAW,0.0005527909961529076
43,blocks.7.attn.c_proj.weight.buf,1048576,1049401,RAW,0.0005613749963231385
43,blocks.7.attn.ve_gate.weight.buf,512,1022,RAW,8.417002391070127e-06
43,blocks.7.mlp.c_fc.weight.buf,4194304,4196389,RAW,0.0023081660037860274
43,blocks.7.mlp.c_proj.weight.buf,4194304,4195129,RAW,0.0020473749900702387
43,lm_head.weight.m,67108864,67136149,RAW,0.05712124999263324
43,lm_head.weight.v,67108864,67136149,RAW,0.03948300000047311
43,resid_lambdas.m,32,32,RAW_VECTOR,8.665985660627484e-06
43,resid_lambdas.v,32,32,RAW_VECTOR,3.7910067476332188e-06
43,x0_lambdas.m,32,32,RAW_VECTOR,2.2909953258931637e-06
43,x0_lambdas.v,32,32,RAW_VECTOR,8.749775588512421e-07
43,value_embeds.1.weight.m,67108864,67136149,RAW,0.040878667001379654
43,value_embeds.1.weight.v,67108864,67136149,RAW,0.04163120800512843
43,value_embeds.3.weight.m,67108864,67136149,RAW,0.04295141701004468
43,value_embeds.3.weight.v,67108864,67136149,RAW,0.0421572909981478
43,value_embeds.5.weight.m,67108864,67136149,RAW,0.042318833991885185
43,value_embeds.5.weight.v,67108864,67136149,RAW,0.04381279199151322
43,value_embeds.7.weight.m,67108864,67136149,RAW,0.040314999991096556
43,value_embeds.7.weight.v,67108864,67136149,RAW,0.04349054099293426
44,wte.weight.m,67108864,67136149,RAW,0.03710570800467394
44,wte.weight.v,67108864,67136149,RAW,0.04021112498594448
44,blocks.0.attn.c_q.weight.buf,1048576,1049401,RAW,0.000695333001203835
44,blocks.0.attn.c_k.weight.buf,1048576,1049401,RAW,0.0005907499871682376
44,blocks.0.attn.c_v.weight.buf,1048576,1049401,RAW,0.000589250004850328
44,blocks.0.attn.c_proj.weight.buf,1048576,1049401,RAW,0.0005637919821310788
44,blocks.0.mlp.c_fc.weight.buf,4194304,4196389,RAW,0.0022503749933093786
44,blocks.0.mlp.c_proj.weight.buf,4194304,4195129,RAW,0.002053667005384341
44,blocks.1.attn.c_q.weight.buf,1048576,1049401,RAW,0.0006016659899614751
44,blocks.1.attn.c_k.weight.buf,1048576,1049401,RAW,0.0005756670143455267
44,blocks.1.attn.c_v.weight.buf,1048576,1049401,RAW,0.0011618749995250255
44,blocks.1.attn.c_proj.weight.buf,1048576,1049401,RAW,0.0005920419935137033
44,blocks.1.attn.ve_gate.weight.buf,512,1022,RAW,9.292009053751826e-06
44,blocks.1.mlp.c_fc.weight.buf,4194304,4196389,RAW,0.0023417090123984963
44,blocks.1.mlp.c_proj.weight.buf,4194304,4195129,RAW,0.0026978749956469983
44,blocks.2.attn.c_q.weight.buf,1048576,1049401,RAW,0.0005729160038754344
44,blocks.2.attn.c_k.weight.buf,1048576,1049401,RAW,0.0005675829888787121
44,blocks.2.attn.c_v.weight.buf,1048576,1049401,RAW,0.0005395829793997109
44,blocks.2.attn.c_proj.weight.buf,1048576,1049401,RAW,0.0005719999899156392
44,blocks.2.mlp.c_fc.weight.buf,4194304,4196389,RAW,0.0021205420198384672
44,blocks.2.mlp.c_proj.weight.buf,4194304,4195129,RAW,0.0019985420221928507
44,blocks.3.attn.c_q.weight.buf,1048576,1049401,RAW,0.0006347089947666973
44,blocks.3.attn.c_k.weight.buf,1048576,1049401,RAW,0.000562083994736895
44,blocks.3.attn.c_v.weight.buf,1048576,1049401,RAW,0.0005924580036662519
44,blocks.3.attn.c_proj.weight.buf,1048576,1049401,RAW,0.0005804170214105397
44,blocks.3.attn.ve_gate.weight.buf,512,1022,RAW,1.066701952368021e-05
44,blocks.3.mlp.c_fc.weight.buf,4194304,4196389,RAW,0.002093958988552913
44,blocks.3.mlp.c_proj.weight.buf,4194304,4195129,RAW,0.0020179580023977906
44,blocks.4.attn.c_q.weight.buf,1048576,1049401,RAW,0.0005615419941022992
44,blocks.4.attn.c_k.weight.buf,1048576,1049401,RAW,0.0005675830179825425
44,blocks.4.attn.c_v.weight.buf,1048576,1049401,RAW,0.0006147079984657466
44,blocks.4.attn.c_proj.weight.buf,1048576,1049401,RAW,0.0012731250026263297
44,blocks.4.mlp.c_fc.weight.buf,4194304,4196389,RAW,0.0023323330096900463
44,blocks.4.mlp.c_proj.weight.buf,4194304,4195129,RAW,0.002105417021084577
44,blocks.5.attn.c_q.weight.buf,1048576,1049401,RAW,0.0006477080169133842
44,blocks.5.attn.c_k.weight.buf,1048576,1049401,RAW,0.0014327919925563037
44,blocks.5.attn.c_v.weight.buf,1048576,1049401,RAW,0.000567167007829994
44,blocks.5.attn.c_proj.weight.buf,1048576,1049401,RAW,0.0005576660041697323
44,blocks.5.attn.ve_gate.weight.buf,512,1022,RAW,1.8916995031759143e-05
44,blocks.5.mlp.c_fc.weight.buf,4194304,4196389,RAW,0.0020947919983882457
44,blocks.5.mlp.c_proj.weight.buf,4194304,4195129,RAW,0.002037917001871392
44,blocks.6.attn.c_q.weight.buf,1048576,1049401,RAW,0.0005982920120004565
44,blocks.6.attn.c_k.weight.buf,1048576,1049401,RAW,0.0006414999952539802
44,blocks.6.attn.c_v.weight.buf,1048576,1049401,RAW,0.0008387500129174441
44,blocks.6.attn.c_proj.weight.buf,1048576,1049401,RAW,0.0006521249888464808
44,blocks.6.mlp.c_fc.weight.buf,4194304,4196389,RAW,0.002137500006938353
44,blocks.6.mlp.c_proj.weight.buf,4194304,4195129,RAW,0.0020099999965168536
44,blocks.7.attn.c_q.weight.buf,1048576,1049401,RAW,0.0005984579911455512
44,blocks.7.attn.c_k.weight.buf,1048576,1049401,RAW,0.0005637079884763807
44,blocks.7.attn.c_v.weight.buf,1048576,1049401,RAW,0.0005586659826803952
44,blocks.7.attn.c_proj.weight.buf,1048576,1049401,RAW,0.0005466250004246831
44,blocks.7.attn.ve_gate.weight.buf,512,1022,RAW,8.625007467344403e-06
44,blocks.7.mlp.c_fc.weight.buf,4194304,4196389,RAW,0.025677083001937717
44,blocks.7.mlp.c_proj.weight.buf,4194304,4195129,RAW,0.0023939170059747994
44,lm_head.weight.m,67108864,67136149,RAW,0.03510829200968146
44,lm_head.weight.v,67108864,67136149,RAW,0.03376004099845886
44,resid_lambdas.m,32,32,RAW_VECTOR,6.125017534941435e-06
44,resid_lambdas.v,32,32,RAW_VECTOR,4.580069798976183e-07
44,x0_lambdas.m,32,32,RAW_VECTOR,9.590003173798323e-07
44,x0_lambdas.v,32,32,RAW_VECTOR,3.7500285543501377e-07
44,value_embeds.1.weight.m,67108864,67136149,RAW,0.03628075000597164
44,value_embeds.1.weight.v,67108864,67136149,RAW,0.033971042023040354
44,value_embeds.3.weight.m,67108864,67136149,RAW,0.03639004199067131
44,value_embeds.3.weight.v,67108864,67136149,RAW,0.0365661249961704
44,value_embeds.5.weight.m,67108864,67136149,RAW,0.03650766599457711
44,value_embeds.5.weight.v,67108864,67136149,RAW,0.03548695798963308
44,value_embeds.7.weight.m,67108864,67136149,RAW,0.03636012499919161
44,value_embeds.7.weight.v,67108864,67136149,RAW,0.06420925000566058
45,wte.weight.m,67108864,67136149,RAW,0.03791524999542162
45,wte.weight.v,67108864,67136149,RAW,0.056166207999922335
45,blocks.0.attn.c_q.weight.buf,1048576,1049401,RAW,0.0006930829840712249
45,blocks.0.attn.c_k.weight.buf,1048576,1049401,RAW,0.0006001669971738011
45,blocks.0.attn.c_v.weight.buf,1048576,1049401,RAW,0.0005844160041306168
45,blocks.0.attn.c_proj.weight.buf,1048576,1049401,RAW,0.0005983329901937395
45,blocks.0.mlp.c_fc.weight.buf,4194304,4196389,RAW,0.0022793749812990427
45,blocks.0.mlp.c_proj.weight.buf,4194304,4195129,RAW,0.0020972499914932996
45,blocks.1.attn.c_q.weight.buf,1048576,1049401,RAW,0.0008502500131726265
45,blocks.1.attn.c_k.weight.buf,1048576,1049401,RAW,0.0007005000079516321
45,blocks.1.attn.c_v.weight.buf,1048576,1049401,RAW,0.0005693749990314245
45,blocks.1.attn.c_proj.weight.buf,1048576,1049401,RAW,0.0005570000212173909
45,blocks.1.attn.ve_gate.weight.buf,512,1022,RAW,2.4999986635521054e-05
45,blocks.1.mlp.c_fc.weight.buf,4194304,4196389,RAW,0.0020315000147093087
45,blocks.1.mlp.c_proj.weight.buf,4194304,4195129,RAW,0.001980875007575378
45,blocks.2.attn.c_q.weight.buf,1048576,1049401,RAW,0.0005790000141132623
45,blocks.2.attn.c_k.weight.buf,1048576,1049401,RAW,0.0005644579941872507
45,blocks.2.attn.c_v.weight.buf,1048576,1049401,RAW,0.0005524580192286521
45,blocks.2.attn.c_proj.weight.buf,1048576,1049401,RAW,0.0005861250101588666
45,blocks.2.mlp.c_fc.weight.buf,4194304,4196389,RAW,0.0020277919829823077
45,blocks.2.mlp.c_proj.weight.buf,4194304,4195129,RAW,0.024906375008868054
45,blocks.3.attn.c_q.weight.buf,1048576,1049401,RAW,0.0007049580162856728
45,blocks.3.attn.c_k.weight.buf,1048576,1049401,RAW,0.0005799579957965761
45,blocks.3.attn.c_v.weight.buf,1048576,1049401,RAW,0.0005800420185551047
45,blocks.3.attn.c_proj.weight.buf,1048576,1049401,RAW,0.0005716659943573177
45,blocks.3.attn.ve_gate.weight.buf,512,1022,RAW,8.707982487976551e-06
45,blocks.3.mlp.c_fc.weight.buf,4194304,4196389,RAW,0.002746333018876612
45,blocks.3.mlp.c_proj.weight.buf,4194304,4195129,RAW,0.002012207987718284
45,blocks.4.attn.c_q.weight.buf,1048576,1049401,RAW,0.0005842499958816916
45,blocks.4.attn.c_k.weight.buf,1048576,1049401,RAW,0.0005592080124188215
45,blocks.4.attn.c_v.weight.buf,1048576,1049401,RAW,0.0005597920098807663
45,blocks.4.attn.c_proj.weight.buf,1048576,1049401,RAW,0.0005577499978244305
45,blocks.4.mlp.c_fc.weight.buf,4194304,4196389,RAW,0.002022708998993039
45,blocks.4.mlp.c_proj.weight.buf,4194304,4195129,RAW,0.0019775840046349913
45,blocks.5.attn.c_q.weight.buf,1048576,1049401,RAW,0.0005924170254729688
45,blocks.5.attn.c_k.weight.buf,1048576,1049401,RAW,0.0005379169888328761
45,blocks.5.attn.c_v.weight.buf,1048576,1049401,RAW,0.0005537499964702874
45,blocks.5.attn.c_proj.weight.buf,1048576,1049401,RAW,0.0005371670122258365
45,blocks.5.attn.ve_gate.weight.buf,512,1022,RAW,7.624999852851033e-06
45,blocks.5.mlp.c_fc.weight.buf,4194304,4196389,RAW,0.002061709004919976
45,blocks.5.mlp.c_proj.weight.buf,4194304,4195129,RAW,0.002126250008586794
45,blocks.6.attn.c_q.weight.buf,1048576,1049401,RAW,0.0006472080131061375
45,blocks.6.attn.c_k.weight.buf,1048576,1049401,RAW,0.0005529999907594174
45,blocks.6.attn.c_v.weight.buf,1048576,1049401,RAW,0.0005376249901019037
45,blocks.6.attn.c_proj.weight.buf,1048576,1049401,RAW,0.0013313750096131116
45,blocks.6.mlp.c_fc.weight.buf,4194304,4196389,RAW,0.002290832984726876
45,blocks.6.mlp.c_proj.weight.buf,4194304,4195129,RAW,0.0020412500016391277
45,blocks.7.attn.c_q.weight.buf,1048576,1049401,RAW,0.0006037080020178109
45,blocks.7.attn.c_k.weight.buf,1048576,1049401,RAW,0.000567584007512778
45,blocks.7.attn.c_v.weight.buf,1048576,1049401,RAW,0.0005488750175572932
45,blocks.7.attn.c_proj.weight.buf,1048576,1049401,RAW,0.0005916249938309193
45,blocks.7.attn.ve_gate.weight.buf,512,1022,RAW,7.499998901039362e-06
45,blocks.7.mlp.c_fc.weight.buf,4194304,4196389,RAW,0.002023249980993569
45,blocks.7.mlp.c_proj.weight.buf,4194304,4195129,RAW,0.001961959002073854
45,lm_head.weight.m,67108864,67136149,RAW,0.04270412499317899
45,lm_head.weight.v,67108864,67136149,RAW,0.03914858298958279
45,resid_lambdas.m,32,32,RAW_VECTOR,3.1660019885748625e-06
45,resid_lambdas.v,32,32,RAW_VECTOR,5.00003807246685e-07
45,x0_lambdas.m,32,32,RAW_VECTOR,2.166023477911949e-06
45,x0_lambdas.v,32,32,RAW_VECTOR,1.00000761449337e-06
45,value_embeds.1.weight.m,67108864,67136149,RAW,0.03367470798548311
45,value_embeds.1.weight.v,67108864,67136149,RAW,0.03869154199492186
45,value_embeds.3.weight.m,67108864,67136149,RAW,0.037873166002100334
45,value_embeds.3.weight.v,67108864,67136149,RAW,0.03972966599394567
45,value_embeds.5.weight.m,67108864,67136149,RAW,0.05754112501745112
45,value_embeds.5.weight.v,67108864,67136149,RAW,0.03900729099404998
45,value_embeds.7.weight.m,67108864,67136149,RAW,0.03919375000987202
45,value_embeds.7.weight.v,67108864,67136149,RAW,0.04250983300153166
46,wte.weight.m,67108864,67136149,RAW,0.038182334013981745
46,wte.weight.v,67108864,67136149,RAW,0.05614029199932702
46,blocks.0.attn.c_q.weight.buf,1048576,1049401,RAW,0.0007117920031305403
46,blocks.0.attn.c_k.weight.buf,1048576,1049401,RAW,0.0005898330127820373
46,blocks.0.attn.c_v.weight.buf,1048576,1049401,RAW,0.0005800419894512743
46,blocks.0.attn.c_proj.weight.buf,1048576,1049401,RAW,0.0006207919795997441
46,blocks.0.mlp.c_fc.weight.buf,4194304,4196389,RAW,0.0023312499979510903
46,blocks.0.mlp.c_proj.weight.buf,4194304,4195129,RAW,0.0021173749992158264
46,blocks.1.attn.c_q.weight.buf,1048576,1049401,RAW,0.0006364169821608812
46,blocks.1.attn.c_k.weight.buf,1048576,1049401,RAW,0.0005858330114278942
46,blocks.1.attn.c_v.weight.buf,1048576,1049401,RAW,0.0006066670175641775
46,blocks.1.attn.c_proj.weight.buf,1048576,1049401,RAW,0.0005700420006178319
46,blocks.1.attn.ve_gate.weight.buf,512,1022,RAW,1.633301144465804e-05
46,blocks.1.mlp.c_fc.weight.buf,4194304,4196389,RAW,0.002121875004377216
46,blocks.1.mlp.c_proj.weight.buf,4194304,4195129,RAW,0.0021299159852787852
46,blocks.2.attn.c_q.weight.buf,1048576,1049401,RAW,0.000627624976914376
46,blocks.2.attn.c_k.weight.buf,1048576,1049401,RAW,0.0005629170045722276
46,blocks.2.attn.c_v.weight.buf,1048576,1049401,RAW,0.0005602499877568334
46,blocks.2.attn.c_proj.weight.buf,1048576,1049401,RAW,0.0005676250148098916
46,blocks.2.mlp.c_fc.weight.buf,4194304,4196389,RAW,0.0021644999796990305
46,blocks.2.mlp.c_proj.weight.buf,4194304,4195129,RAW,0.002125166996847838
46,blocks.3.attn.c_q.weight.buf,1048576,1049401,RAW,0.0006996669981162995
46,blocks.3.attn.c_k.weight.buf,1048576,1049401,RAW,0.0012202920042909682
46,blocks.3.attn.c_v.weight.buf,1048576,1049401,RAW,0.0005984590097796172
46,blocks.3.attn.c_proj.weight.buf,1048576,1049401,RAW,0.0006118340243119746
46,blocks.3.attn.ve_gate.weight.buf,512,1022,RAW,1.2707983842119575e-05
46,blocks.3.mlp.c_fc.weight.buf,4194304,4196389,RAW,0.0023562080168630928
46,blocks.3.mlp.c_proj.weight.buf,4194304,4195129,RAW,0.025635792000684887
46,blocks.4.attn.c_q.weight.buf,1048576,1049401,RAW,0.0009158329921774566
46,blocks.4.attn.c_k.weight.buf,1048576,1049401,RAW,0.0005807089910376817
46,blocks.4.attn.c_v.weight.buf,1048576,1049401,RAW,0.0005806249973829836
46,blocks.4.attn.c_proj.weight.buf,1048576,1049401,RAW,0.0005558330158237368
46,blocks.4.mlp.c_fc.weight.buf,4194304,4196389,RAW,0.0023431250010617077
46,blocks.4.mlp.c_proj.weight.buf,4194304,4195129,RAW,0.0020079170062672347
46,blocks.5.attn.c_q.weight.buf,1048576,1049401,RAW,0.0006187079998198897
46,blocks.5.attn.c_k.weight.buf,1048576,1049401,RAW,0.0005685409996658564
46,blocks.5.attn.c_v.weight.buf,1048576,1049401,RAW,0.000558166007976979
46,blocks.5.attn.c_proj.weight.buf,1048576,1049401,RAW,0.0005587500054389238
46,blocks.5.attn.ve_gate.weight.buf,512,1022,RAW,8.333998266607523e-06
46,blocks.5.mlp.c_fc.weight.buf,4194304,4196389,RAW,0.002052541996818036
46,blocks.5.mlp.c_proj.weight.buf,4194304,4195129,RAW,0.0020404160022735596
46,blocks.6.attn.c_q.weight.buf,1048576,1049401,RAW,0.0005965840246062726
46,blocks.6.attn.c_k.weight.buf,1048576,1049401,RAW,0.0006178750190883875
46,blocks.6.attn.c_v.weight.buf,1048576,1049401,RAW,0.0005790420109406114
46,blocks.6.attn.c_proj.weight.buf,1048576,1049401,RAW,0.0005758340121246874
46,blocks.6.mlp.c_fc.weight.buf,4194304,4196389,RAW,0.024792208016151562
46,blocks.6.mlp.c_proj.weight.buf,4194304,4195129,RAW,0.0023850839934311807
46,blocks.7.attn.c_q.weight.buf,1048576,1049401,RAW,0.0006514590058941394
46,blocks.7.attn.c_k.weight.buf,1048576,1049401,RAW,0.0005793330201413482
46,blocks.7.attn.c_v.weight.buf,1048576,1049401,RAW,0.0005788329872302711
46,blocks.7.attn.c_proj.weight.buf,1048576,1049401,RAW,0.0005722499918192625
46,blocks.7.attn.ve_gate.weight.buf,512,1022,RAW,7.624999852851033e-06
46,blocks.7.mlp.c_fc.weight.buf,4194304,4196389,RAW,0.0021412079804576933
46,blocks.7.mlp.c_proj.weight.buf,4194304,4195129,RAW,0.00215983297675848
46,lm_head.weight.m,67108864,67136149,RAW,0.04699212498962879
46,lm_head.weight.v,67108864,67136149,RAW,0.04049237500294112
46,resid_lambdas.m,32,32,RAW_VECTOR,3.2079988159239292e-06
46,resid_lambdas.v,32,32,RAW_VECTOR,2.249988028779626e-06
46,x0_lambdas.m,32,32,RAW_VECTOR,1.00000761449337e-06
46,x0_lambdas.v,32,32,RAW_VECTOR,5.00003807246685e-07
46,value_embeds.1.weight.m,67108864,67136149,RAW,0.034104457998182625
46,value_embeds.1.weight.v,67108864,67136149,RAW,0.040527000004658476
46,value_embeds.3.weight.m,67108864,67136149,RAW,0.03735150001011789
46,value_embeds.3.weight.v,67108864,67136149,RAW,0.04078712500631809
46,value_embeds.5.weight.m,67108864,67136149,RAW,0.03650333301629871
46,value_embeds.5.weight.v,67108864,67136149,RAW,0.040632500022184104
46,value_embeds.7.weight.m,67108864,67136149,RAW,0.03458549999049865
46,value_embeds.7.weight.v,67108864,67136149,RAW,0.039679500012425706
47,wte.weight.m,67108864,67136149,RAW,0.04163595798308961
47,wte.weight.v,67108864,67136149,RAW,0.040755583002464846
47,blocks.0.attn.c_q.weight.buf,1048576,1049401,RAW,0.0006938339793123305
47,blocks.0.attn.c_k.weight.buf,1048576,1049401,RAW,0.0005847919965162873
47,blocks.0.attn.c_v.weight.buf,1048576,1049401,RAW,0.0005752089782617986
47,blocks.0.attn.c_proj.weight.buf,1048576,1049401,RAW,0.0005962919967714697
47,blocks.0.mlp.c_fc.weight.buf,4194304,4196389,RAW,0.002226999989943579
47,blocks.0.mlp.c_proj.weight.buf,4194304,4195129,RAW,0.0020686250063590705
47,blocks.1.attn.c_q.weight.buf,1048576,1049401,RAW,0.0006169169791974127
47,blocks.1.attn.c_k.weight.buf,1048576,1049401,RAW,0.025900458014803007
47,blocks.1.attn.c_v.weight.buf,1048576,1049401,RAW,0.000620707985945046
47,blocks.1.attn.c_proj.weight.buf,1048576,1049401,RAW,0.0006007079791743308
47,blocks.1.attn.ve_gate.weight.buf,512,1022,RAW,8.958973921835423e-06
47,blocks.1.mlp.c_fc.weight.buf,4194304,4196389,RAW,0.0023327500093728304
47,blocks.1.mlp.c_proj.weight.buf,4194304,4195129,RAW,0.002203999989433214
47,blocks.2.attn.c_q.weight.buf,1048576,1049401,RAW,0.0006266669952310622
47,blocks.2.attn.c_k.weight.buf,1048576,1049401,RAW,0.0006087090005166829
47,blocks.2.attn.c_v.weight.buf,1048576,1049401,RAW,0.0006152499991003424
47,blocks.2.attn.c_proj.weight.buf,1048576,1049401,RAW,0.0005817079800181091
47,blocks.2.mlp.c_fc.weight.buf,4194304,4196389,RAW,0.002119624987244606
47,blocks.2.mlp.c_proj.weight.buf,4194304,4195129,RAW,0.0021023330045863986
47,blocks.3.attn.c_q.weight.buf,1048576,1049401,RAW,0.0006147919921204448
47,blocks.3.attn.c_k.weight.buf,1048576,1049401,RAW,0.0006087080109864473
47,blocks.3.attn.c_v.weight.buf,1048576,1049401,RAW,0.0005598750140052289
47,blocks.3.attn.c_proj.weight.buf,1048576,1049401,RAW,0.0005352500011213124
47,blocks.3.attn.ve_gate.weight.buf,512,1022,RAW,8.041010005399585e-06
47,blocks.3.mlp.c_fc.weight.buf,4194304,4196389,RAW,0.002043000014964491
47,blocks.3.mlp.c_proj.weight.buf,4194304,4195129,RAW,0.0021100000012665987
47,blocks.4.attn.c_q.weight.buf,1048576,1049401,RAW,0.0005846249987371266
47,blocks.4.attn.c_k.weight.buf,1048576,1049401,RAW,0.0005510420014616102
47,blocks.4.attn.c_v.weight.buf,1048576,1049401,RAW,0.0005532920185942203
47,blocks.4.attn.c_proj.weight.buf,1048576,1049401,RAW,0.001403709000442177
47,blocks.4.mlp.c_fc.weight.buf,4194304,4196389,RAW,0.0022525830136146396
47,blocks.4.mlp.c_proj.weight.buf,4194304,4195129,RAW,0.0020760000043082982
47,blocks.5.attn.c_q.weight.buf,1048576,1049401,RAW,0.000634166004601866
47,blocks.5.attn.c_k.weight.buf,1048576,1049401,RAW,0.0010451670095790178
47,blocks.5.attn.c_v.weight.buf,1048576,1049401,RAW,0.0005660419992636889
47,blocks.5.attn.c_proj.weight.buf,1048576,1049401,RAW,0.0005522500141523778
47,blocks.5.attn.ve_gate.weight.buf,512,1022,RAW,8.333998266607523e-06
47,blocks.5.mlp.c_fc.weight.buf,4194304,4196389,RAW,0.001997290994040668
47,blocks.5.mlp.c_proj.weight.buf,4194304,4195129,RAW,0.0021176660084165633
47,blocks.6.attn.c_q.weight.buf,1048576,1049401,RAW,0.0005834580224473029
47,blocks.6.attn.c_k.weight.buf,1048576,1049401,RAW,0.0005443329864647239
47,blocks.6.attn.c_v.weight.buf,1048576,1049401,RAW,0.0005485420115292072
47,blocks.6.attn.c_proj.weight.buf,1048576,1049401,RAW,0.0005387499986682087
47,blocks.6.mlp.c_fc.weight.buf,4194304,4196389,RAW,0.0020016249909531325
47,blocks.6.mlp.c_proj.weight.buf,4194304,4195129,RAW,0.0019687910098582506
47,blocks.7.attn.c_q.weight.buf,1048576,1049401,RAW,0.0006126670050434768
47,blocks.7.attn.c_k.weight.buf,1048576,1049401,RAW,0.000563957990380004
47,blocks.7.attn.c_v.weight.buf,1048576,1049401,RAW,0.000555207981960848
47,blocks.7.attn.c_proj.weight.buf,1048576,1049401,RAW,0.0005557079857680947
47,blocks.7.attn.ve_gate.weight.buf,512,1022,RAW,7.458002073690295e-06
47,blocks.7.mlp.c_fc.weight.buf,4194304,4196389,RAW,0.002005334012210369
47,blocks.7.mlp.c_proj.weight.buf,4194304,4195129,RAW,0.003440708009293303
47,lm_head.weight.m,67108864,67136149,RAW,0.03503670898498967
47,lm_head.weight.v,67108864,67136149,RAW,0.06127962499158457
47,resid_lambdas.m,32,32,RAW_VECTOR,1.2625008821487427e-05
47,resid_lambdas.v,32,32,RAW_VECTOR,1.3750104699283838e-06
47,x0_lambdas.m,32,32,RAW_VECTOR,1.00000761449337e-06
47,x0_lambdas.v,32,32,RAW_VECTOR,2.9199873097240925e-07
47,value_embeds.1.weight.m,67108864,67136149,RAW,0.040667249995749444
47,value_embeds.1.weight.v,67108864,67136149,RAW,0.04000058298697695
47,value_embeds.3.weight.m,67108864,67136149,RAW,0.03495029199984856
47,value_embeds.3.weight.v,67108864,67136149,RAW,0.03888441697927192
47,value_embeds.5.weight.m,67108864,67136149,RAW,0.03304412501165643
47,value_embeds.5.weight.v,67108864,67136149,RAW,0.03870270898914896
47,value_embeds.7.weight.m,67108864,67136149,RAW,0.03681783302454278
47,value_embeds.7.weight.v,67108864,67136149,RAW,0.039227583998581395
48,wte.weight.m,67108864,67136149,RAW,0.042788665974512696
48,wte.weight.v,67108864,67136149,RAW,0.061308583011850715
48,blocks.0.attn.c_q.weight.buf,1048576,1049401,RAW,0.000762333016609773
48,blocks.0.attn.c_k.weight.buf,1048576,1049401,RAW,0.0006517499859910458
48,blocks.0.attn.c_v.weight.buf,1048576,1049401,RAW,0.0006277919746935368
48,blocks.0.attn.c_proj.weight.buf,1048576,1049401,RAW,0.0006222920201253146
48,blocks.0.mlp.c_fc.weight.buf,4194304,4196389,RAW,0.0030445000156760216
48,blocks.0.mlp.c_proj.weight.buf,4194304,4195129,RAW,0.0021717499766964465
48,blocks.1.attn.c_q.weight.buf,1048576,1049401,RAW,0.0006710420129820704
48,blocks.1.attn.c_k.weight.buf,1048576,1049401,RAW,0.0006109170208219439
48,blocks.1.attn.c_v.weight.buf,1048576,1049401,RAW,0.0006434170063585043
48,blocks.1.attn.c_proj.weight.buf,1048576,1049401,RAW,0.0006277920037973672
48,blocks.1.attn.ve_gate.weight.buf,512,1022,RAW,2.0415987819433212e-05
48,blocks.1.mlp.c_fc.weight.buf,4194304,4196389,RAW,0.0021731670130975544
48,blocks.1.mlp.c_proj.weight.buf,4194304,4195129,RAW,0.002140709024388343
48,blocks.2.attn.c_q.weight.buf,1048576,1049401,RAW,0.0006487500213552266
48,blocks.2.attn.c_k.weight.buf,1048576,1049401,RAW,0.0006298749940469861
48,blocks.2.attn.c_v.weight.buf,1048576,1049401,RAW,0.0005884580023121089
48,blocks.2.attn.c_proj.weight.buf,1048576,1049401,RAW,0.0005933749780524522
48,blocks.2.mlp.c_fc.weight.buf,4194304,4196389,RAW,0.002183375007007271
48,blocks.2.mlp.c_proj.weight.buf,4194304,4195129,RAW,0.0021913749806117266
48,blocks.3.attn.c_q.weight.buf,1048576,1049401,RAW,0.0006540000031236559
48,blocks.3.attn.c_k.weight.buf,1048576,1049401,RAW,0.0006464580073952675
48,blocks.3.attn.c_v.weight.buf,1048576,1049401,RAW,0.028499333013314754
48,blocks.3.attn.c_proj.weight.buf,1048576,1049401,RAW,0.0007794580014888197
48,blocks.3.attn.ve_gate.weight.buf,512,1022,RAW,2.141698496416211e-05
48,blocks.3.mlp.c_fc.weight.buf,4194304,4196389,RAW,0.002455875015584752
48,blocks.3.mlp.c_proj.weight.buf,4194304,4195129,RAW,0.002148125000530854
48,blocks.4.attn.c_q.weight.buf,1048576,1049401,RAW,0.0006581250054296106
48,blocks.4.attn.c_k.weight.buf,1048576,1049401,RAW,0.0005989579949527979
48,blocks.4.attn.c_v.weight.buf,1048576,1049401,RAW,0.0006009580101817846
48,blocks.4.attn.c_proj.weight.buf,1048576,1049401,RAW,0.0005982500151731074
48,blocks.4.mlp.c_fc.weight.buf,4194304,4196389,RAW,0.0022623330005444586
48,blocks.4.mlp.c_proj.weight.buf,4194304,4195129,RAW,0.002135917020495981
48,blocks.5.attn.c_q.weight.buf,1048576,1049401,RAW,0.0006448329950217158
48,blocks.5.attn.c_k.weight.buf,1048576,1049401,RAW,0.0005924159777350724
48,blocks.5.attn.c_v.weight.buf,1048576,1049401,RAW,0.0005851249734405428
48,blocks.5.attn.c_proj.weight.buf,1048576,1049401,RAW,0.0006219169881660491
48,blocks.5.attn.ve_gate.weight.buf,512,1022,RAW,2.8333975933492184e-05
48,blocks.5.mlp.c_fc.weight.buf,4194304,4196389,RAW,0.0021701669902540743
48,blocks.5.mlp.c_proj.weight.buf,4194304,4195129,RAW,0.002163375000236556
48,blocks.6.attn.c_q.weight.buf,1048576,1049401,RAW,0.0006472080131061375
48,blocks.6.attn.c_k.weight.buf,1048576,1049401,RAW,0.0005957090179435909
48,blocks.6.attn.c_v.weight.buf,1048576,1049401,RAW,0.0006442079902626574
48,blocks.6.attn.c_proj.weight.buf,1048576,1049401,RAW,0.0006272089958656579
48,blocks.6.mlp.c_fc.weight.buf,4194304,4196389,RAW,0.0021899170242249966
48,blocks.6.mlp.c_proj.weight.buf,4194304,4195129,RAW,0.0020878330105915666
48,blocks.7.attn.c_q.weight.buf,1048576,1049401,RAW,0.000647917011519894
48,blocks.7.attn.c_k.weight.buf,1048576,1049401,RAW,0.0013975419860798866
48,blocks.7.attn.c_v.weight.buf,1048576,1049401,RAW,0.0005850830057170242
48,blocks.7.attn.c_proj.weight.buf,1048576,1049401,RAW,0.0005750000127591193
48,blocks.7.attn.ve_gate.weight.buf,512,1022,RAW,9.125011274591088e-06
48,blocks.7.mlp.c_fc.weight.buf,4194304,4196389,RAW,0.0023252919781953096
48,blocks.7.mlp.c_proj.weight.buf,4194304,4195129,RAW,0.0021107080101501197
48,lm_head.weight.m,67108864,67136149,RAW,0.05517608401714824
48,lm_head.weight.v,67108864,67136149,RAW,0.040354249998927116
48,resid_lambdas.m,32,32,RAW_VECTOR,5.62501372769475e-06
48,resid_lambdas.v,32,32,RAW_VECTOR,5.830079317092896e-07
48,x0_lambdas.m,32,32,RAW_VECTOR,1.7499842215329409e-06
48,x0_lambdas.v,32,32,RAW_VECTOR,4.580069798976183e-07
48,value_embeds.1.weight.m,67108864,67136149,RAW,0.03470570800709538
48,value_embeds.1.weight.v,67108864,67136149,RAW,0.04141083298600279
48,value_embeds.3.weight.m,67108864,67136149,RAW,0.05636725001386367
48,value_embeds.3.weight.v,67108864,67136149,RAW,0.04026154201710597
48,value_embeds.5.weight.m,67108864,67136149,RAW,0.03778708400204778
48,value_embeds.5.weight.v,67108864,67136149,RAW,0.04034358300850727
48,value_embeds.7.weight.m,67108864,67136149,RAW,0.035690416989382356
48,value_embeds.7.weight.v,67108864,67136149,RAW,0.04003604099852964
49,wte.weight.m,67108864,67136149,RAW,0.03906729200389236
49,wte.weight.v,67108864,67136149,RAW,0.033317542023723945
49,blocks.0.attn.c_q.weight.buf,1048576,1049401,RAW,0.0007608749729115516
49,blocks.0.attn.c_k.weight.buf,1048576,1049401,RAW,0.00059254199732095
49,blocks.0.attn.c_v.weight.buf,1048576,1049401,RAW,0.0005873329937458038
49,blocks.0.attn.c_proj.weight.buf,1048576,1049401,RAW,0.0005746670067310333
49,blocks.0.mlp.c_fc.weight.buf,4194304,4196389,RAW,0.025948042020900175
49,blocks.0.mlp.c_proj.weight.buf,4194304,4195129,RAW,0.0023196249967440963
49,blocks.1.attn.c_q.weight.buf,1048576,1049401,RAW,0.0006248329882510006
49,blocks.1.attn.c_k.weight.buf,1048576,1049401,RAW,0.0005569999921135604
49,blocks.1.attn.c_v.weight.buf,1048576,1049401,RAW,0.0005842499958816916
49,blocks.1.attn.c_proj.weight.buf,1048576,1049401,RAW,0.0005701250047422945
49,blocks.1.attn.ve_gate.weight.buf,512,1022,RAW,9.415991371497512e-06
49,blocks.1.mlp.c_fc.weight.buf,4194304,4196389,RAW,0.0020860419899690896
49,blocks.1.mlp.c_proj.weight.buf,4194304,4195129,RAW,0.002020167012233287
49,blocks.2.attn.c_q.weight.buf,1048576,1049401,RAW,0.0006845830066595227
49,blocks.2.attn.c_k.weight.buf,1048576,1049401,RAW,0.0006093329866416752
49,blocks.2.attn.c_v.weight.buf,1048576,1049401,RAW,0.0005566249892581254
49,blocks.2.attn.c_proj.weight.buf,1048576,1049401,RAW,0.0006027089839335531
49,blocks.2.mlp.c_fc.weight.buf,4194304,4196389,RAW,0.0020576249808073044
49,blocks.2.mlp.c_proj.weight.buf,4194304,4195129,RAW,0.0021012499928474426
49,blocks.3.attn.c_q.weight.buf,1048576,1049401,RAW,0.0006281249807216227
49,blocks.3.attn.c_k.weight.buf,1048576,1049401,RAW,0.0008197079878300428
49,blocks.3.attn.c_v.weight.buf,1048576,1049401,RAW,0.0006125829822849482
49,blocks.3.attn.c_proj.weight.buf,1048576,1049401,RAW,0.0005784999812021852
49,blocks.3.attn.ve_gate.weight.buf,512,1022,RAW,8.167000487446785e-06
49,blocks.3.mlp.c_fc.weight.buf,4194304,4196389,RAW,0.0023087500012479722
49,blocks.3.mlp.c_proj.weight.buf,4194304,4195129,RAW,0.0021625419904012233
49,blocks.4.attn.c_q.weight.buf,1048576,1049401,RAW,0.0006044170004315674
49,blocks.4.attn.c_k.weight.buf,1048576,1049401,RAW,0.0005874159978702664
49,blocks.4.attn.c_v.weight.buf,1048576,1049401,RAW,0.0005576669936999679
49,blocks.4.attn.c_proj.weight.buf,1048576,1049401,RAW,0.000589250004850328
49,blocks.4.mlp.c_fc.weight.buf,4194304,4196389,RAW,0.0020398329943418503
49,blocks.4.mlp.c_proj.weight.buf,4194304,4195129,RAW,0.002144915983080864
49,blocks.5.attn.c_q.weight.buf,1048576,1049401,RAW,0.0006355000077746809
49,blocks.5.attn.c_k.weight.buf,1048576,1049401,RAW,0.0005631250096485019
49,blocks.5.attn.c_v.weight.buf,1048576,1049401,RAW,0.0005712499842047691
49,blocks.5.attn.c_proj.weight.buf,1048576,1049401,RAW,0.000590375013416633
49,blocks.5.attn.ve_gate.weight.buf,512,1022,RAW,9.625015081837773e-06
49,blocks.5.mlp.c_fc.weight.buf,4194304,4196389,RAW,0.0020486249995883554
49,blocks.5.mlp.c_proj.weight.buf,4194304,4195129,RAW,0.002045708999503404
49,blocks.6.attn.c_q.weight.buf,1048576,1049401,RAW,0.0006230830040294677
49,blocks.6.attn.c_k.weight.buf,1048576,1049401,RAW,0.0005846249987371266
49,blocks.6.attn.c_v.weight.buf,1048576,1049401,RAW,0.0006035000260453671
49,blocks.6.attn.c_proj.weight.buf,1048576,1049401,RAW,0.0005711250123567879
49,blocks.6.mlp.c_fc.weight.buf,4194304,4196389,RAW,0.02786595799261704
49,blocks.6.mlp.c_proj.weight.buf,4194304,4195129,RAW,0.002138708980055526
49,blocks.7.attn.c_q.weight.buf,1048576,1049401,RAW,0.0006209579878486693
49,blocks.7.attn.c_k.weight.buf,1048576,1049401,RAW,0.0005790409923065454
49,blocks.7.attn.c_v.weight.buf,1048576,1049401,RAW,0.0005913749919272959
49,blocks.7.attn.c_proj.weight.buf,1048576,1049401,RAW,0.0005735830054618418
49,blocks.7.attn.ve_gate.weight.buf,512,1022,RAW,7.5830030255019665e-06
49,blocks.7.mlp.c_fc.weight.buf,4194304,4196389,RAW,0.0020743749919347465
49,blocks.7.mlp.c_proj.weight.buf,4194304,4195129,RAW,0.0020694999839179218
49,lm_head.weight.m,67108864,67136149,RAW,0.049045541003579274
49,lm_head.weight.v,67108864,67136149,RAW,0.04191204201197252
49,resid_lambdas.m,32,32,RAW_VECTOR,5.374982720240951e-06
49,resid_lambdas.v,32,32,RAW_VECTOR,1.7499842215329409e-06
49,x0_lambdas.m,32,32,RAW_VECTOR,9.170034900307655e-07
49,x0_lambdas.v,32,32,RAW_VECTOR,4.580069798976183e-07
49,value_embeds.1.weight.m,67108864,67136149,RAW,0.03482400000211783
49,value_embeds.1.weight.v,67108864,67136149,RAW,0.03955854201922193
49,value_embeds.3.weight.m,67108864,67136149,RAW,0.036611458024708554
49,value_embeds.3.weight.v,67108864,67136149,RAW,0.03841658300370909
49,value_embeds.5.weight.m,67108864,67136149,RAW,0.03813724999781698
49,value_embeds.5.weight.v,67108864,67136149,RAW,0.03942912499769591
49,value_embeds.7.weight.m,67108864,67136149,RAW,0.03961854102090001
49,value_embeds.7.weight.v,67108864,67136149,RAW,0.039262125006644055
50,wte.weight.m,67108864,67136149,RAW,0.043023709004046395
50,wte.weight.v,67108864,67136149,RAW,0.03956008399836719
50,blocks.0.attn.c_q.weight.buf,1048576,1049401,RAW,0.0006756249931640923
50,blocks.0.attn.c_k.weight.buf,1048576,1049401,RAW,0.0006202499789651483
50,blocks.0.attn.c_v.weight.buf,1048576,1049401,RAW,0.0006469170039054006
50,blocks.0.attn.c_proj.weight.buf,1048576,1049401,RAW,0.0006349159812089056
50,blocks.0.mlp.c_fc.weight.buf,4194304,4196389,RAW,0.0023575829982291907
50,blocks.0.mlp.c_proj.weight.buf,4194304,4195129,RAW,0.002148291008779779
50,blocks.1.attn.c_q.weight.buf,1048576,1049401,RAW,0.0007213749922811985
50,blocks.1.attn.c_k.weight.buf,1048576,1049401,RAW,0.0012328750162851065
50,blocks.1.attn.c_v.weight.buf,1048576,1049401,RAW,0.0006522499897982925
50,blocks.1.attn.c_proj.weight.buf,1048576,1049401,RAW,0.000684459024341777
50,blocks.1.attn.ve_gate.weight.buf,512,1022,RAW,2.416700590401888e-05
50,blocks.1.mlp.c_fc.weight.buf,4194304,4196389,RAW,0.0024220420164056122
50,blocks.1.mlp.c_proj.weight.buf,4194304,4195129,RAW,0.0024205419758800417
50,blocks.2.attn.c_q.weight.buf,1048576,1049401,RAW,0.0006888339994475245
50,blocks.2.attn.c_k.weight.buf,1048576,1049401,RAW,0.0006195419991854578
50,blocks.2.attn.c_v.weight.buf,1048576,1049401,RAW,0.0006264580006245524
50,blocks.2.attn.c_proj.weight.buf,1048576,1049401,RAW,0.0006217909976840019
50,blocks.2.mlp.c_fc.weight.buf,4194304,4196389,RAW,0.0021478749986272305
50,blocks.2.mlp.c_proj.weight.buf,4194304,4195129,RAW,0.002154124988010153
50,blocks.3.attn.c_q.weight.buf,1048576,1049401,RAW,0.0006604999944102019
50,blocks.3.attn.c_k.weight.buf,1048576,1049401,RAW,0.0006546250078827143
50,blocks.3.attn.c_v.weight.buf,1048576,1049401,RAW,0.0006199580093380064
50,blocks.3.attn.c_proj.weight.buf,1048576,1049401,RAW,0.0006248330173548311
50,blocks.3.attn.ve_gate.weight.buf,512,1022,RAW,1.7167010810226202e-05
50,blocks.3.mlp.c_fc.weight.buf,4194304,4196389,RAW,0.002146249986253679
50,blocks.3.mlp.c_proj.weight.buf,4194304,4195129,RAW,0.02995799999916926
50,blocks.4.attn.c_q.weight.buf,1048576,1049401,RAW,0.0008068339957389981
50,blocks.4.attn.c_k.weight.buf,1048576,1049401,RAW,0.0006354169745463878
50,blocks.4.attn.c_v.weight.buf,1048576,1049401,RAW,0.0006310830067377537
50,blocks.4.attn.c_proj.weight.buf,1048576,1049401,RAW,0.0006574169965460896
50,blocks.4.mlp.c_fc.weight.buf,4194304,4196389,RAW,0.00251816600211896
50,blocks.4.mlp.c_proj.weight.buf,4194304,4195129,RAW,0.0022790830116719007
50,blocks.5.attn.c_q.weight.buf,1048576,1049401,RAW,0.0006705420091748238
50,blocks.5.attn.c_k.weight.buf,1048576,1049401,RAW,0.0006040839944034815
50,blocks.5.attn.c_v.weight.buf,1048576,1049401,RAW,0.0006253330211620778
50,blocks.5.attn.c_proj.weight.buf,1048576,1049401,RAW,0.0005993329978082329
50,blocks.5.attn.ve_gate.weight.buf,512,1022,RAW,1.7084006685763597e-05
50,blocks.5.mlp.c_fc.weight.buf,4194304,4196389,RAW,0.0021889579948037863
50,blocks.5.mlp.c_proj.weight.buf,4194304,4195129,RAW,0.002195207984186709
50,blocks.6.attn.c_q.weight.buf,1048576,1049401,RAW,0.0006238750065676868
50,blocks.6.attn.c_k.weight.buf,1048576,1049401,RAW,0.0006043339963071048
50,blocks.6.attn.c_v.weight.buf,1048576,1049401,RAW,0.0006301249959506094
50,blocks.6.attn.c_proj.weight.buf,1048576,1049401,RAW,0.0006080829771235585
50,blocks.6.mlp.c_fc.weight.buf,4194304,4196389,RAW,0.002150459011318162
50,blocks.6.mlp.c_proj.weight.buf,4194304,4195129,RAW,0.002213083003880456
50,blocks.7.attn.c_q.weight.buf,1048576,1049401,RAW,0.0009138750028796494
50,blocks.7.attn.c_k.weight.buf,1048576,1049401,RAW,0.0006244170072022825
50,blocks.7.attn.c_v.weight.buf,1048576,1049401,RAW,0.0006429999775718898
50,blocks.7.attn.c_proj.weight.buf,1048576,1049401,RAW,0.0006212079897522926
50,blocks.7.attn.ve_gate.weight.buf,512,1022,RAW,1.9750004867091775e-05
50,blocks.7.mlp.c_fc.weight.buf,4194304,4196389,RAW,0.0028001670143567026
50,blocks.7.mlp.c_proj.weight.buf,4194304,4195129,RAW,0.002135165996151045
50,lm_head.weight.m,67108864,67136149,RAW,0.05363020801451057
50,lm_head.weight.v,67108864,67136149,RAW,0.04477624999708496
50,resid_lambdas.m,32,32,RAW_VECTOR,6.084010237827897e-06
50,resid_lambdas.v,32,32,RAW_VECTOR,6.660120561718941e-07
50,x0_lambdas.m,32,32,RAW_VECTOR,2.4589826352894306e-06
50,x0_lambdas.v,32,32,RAW_VECTOR,4.580069798976183e-07
50,value_embeds.1.weight.m,67108864,67136149,RAW,0.07080625000526197
50,value_embeds.1.weight.v,67108864,67136149,RAW,0.035076792002655566
50,value_embeds.3.weight.m,67108864,67136149,RAW,0.035331749997567385
50,value_embeds.3.weight.v,67108864,67136149,RAW,0.04322070800117217
50,value_embeds.5.weight.m,67108864,67136149,RAW,0.03568033399642445
50,value_embeds.5.weight.v,67108864,67136149,RAW,0.03760991699527949
50,value_embeds.7.weight.m,67108864,67136149,RAW,0.03886466598487459
50,value_embeds.7.weight.v,67108864,67136149,RAW,0.0429657920030877
51,wte.weight.m,67108864,67136149,RAW,0.03566195900202729
51,wte.weight.v,67108864,67136149,RAW,0.06086104200221598
51,blocks.0.attn.c_q.weight.buf,1048576,1049401,RAW,0.0006417499971576035
51,blocks.0.attn.c_k.weight.buf,1048576,1049401,RAW,0.0006102909974288195
51,blocks.0.attn.c_v.weight.buf,1048576,1049401,RAW,0.0005806669942103326
51,blocks.0.attn.c_proj.weight.buf,1048576,1049401,RAW,0.0005932089989073575
51,blocks.0.mlp.c_fc.weight.buf,4194304,4196389,RAW,0.0022463329951278865
51,blocks.0.mlp.c_proj.weight.buf,4194304,4195129,RAW,0.0021657920151483268
51,blocks.1.attn.c_q.weight.buf,1048576,1049401,RAW,0.0006299579981714487
51,blocks.1.attn.c_k.weight.buf,1048576,1049401,RAW,0.0005616669950541109
51,blocks.1.attn.c_v.weight.buf,1048576,1049401,RAW,0.0005741250060964376
51,blocks.1.attn.c_proj.weight.buf,1048576,1049401,RAW,0.0005667500081472099
51,blocks.1.attn.ve_gate.weight.buf,512,1022,RAW,8.833012543618679e-06
51,blocks.1.mlp.c_fc.weight.buf,4194304,4196389,RAW,0.0032576250087004155
51,blocks.1.mlp.c_proj.weight.buf,4194304,4195129,RAW,0.0020924170094076544
51,blocks.2.attn.c_q.weight.buf,1048576,1049401,RAW,0.0006270830053836107
51,blocks.2.attn.c_k.weight.buf,1048576,1049401,RAW,0.0006050829833839089
51,blocks.2.attn.c_v.weight.buf,1048576,1049401,RAW,0.0013175839849282056
51,blocks.2.attn.c_proj.weight.buf,1048576,1049401,RAW,0.0005737920000683516
51,blocks.2.mlp.c_fc.weight.buf,4194304,4196389,RAW,0.002155416994355619
51,blocks.2.mlp.c_proj.weight.buf,4194304,4195129,RAW,0.0020240420126356184
51,blocks.3.attn.c_q.weight.buf,1048576,1049401,RAW,0.0005746249807998538
51,blocks.3.attn.c_k.weight.buf,1048576,1049401,RAW,0.0005690419930033386
51,blocks.3.attn.c_v.weight.buf,1048576,1049401,RAW,0.0005596670089289546
51,blocks.3.attn.c_proj.weight.buf,1048576,1049401,RAW,0.0005625000048894435
51,blocks.3.attn.ve_gate.weight.buf,512,1022,RAW,8.542003342881799e-06
51,blocks.3.mlp.c_fc.weight.buf,4194304,4196389,RAW,0.002185791003284976
51,blocks.3.mlp.c_proj.weight.buf,4194304,4195129,RAW,0.0020423329842742532
51,blocks.4.attn.c_q.weight.buf,1048576,1049401,RAW,0.000584916997468099
51,blocks.4.attn.c_k.weight.buf,1048576,1049401,RAW,0.0005685829964932054
51,blocks.4.attn.c_v.weight.buf,1048576,1049401,RAW,0.0005669590027537197
51,blocks.4.attn.c_proj.weight.buf,1048576,1049401,RAW,0.0005644170159939677
51,blocks.4.mlp.c_fc.weight.buf,4194304,4196389,RAW,0.0034212919999845326
51,blocks.4.mlp.c_proj.weight.buf,4194304,4195129,RAW,0.0021181250049266964
51,blocks.5.attn.c_q.weight.buf,1048576,1049401,RAW,0.000636707991361618
51,blocks.5.attn.c_k.weight.buf,1048576,1049401,RAW,0.0005934170039836317
51,blocks.5.attn.c_v.weight.buf,1048576,1049401,RAW,0.00057441700482741
51,blocks.5.attn.c_proj.weight.buf,1048576,1049401,RAW,0.0005745409871451557
51,blocks.5.attn.ve_gate.weight.buf,512,1022,RAW,8.750008419156075e-06
51,blocks.5.mlp.c_fc.weight.buf,4194304,4196389,RAW,0.002134499984094873
51,blocks.5.mlp.c_proj.weight.buf,4194304,4195129,RAW,0.0020360840135253966
51,blocks.6.attn.c_q.weight.buf,1048576,1049401,RAW,0.0005639999872073531
51,blocks.6.attn.c_k.weight.buf,1048576,1049401,RAW,0.0005656670255120844
51,blocks.6.attn.c_v.weight.buf,1048576,1049401,RAW,0.0005522499850485474
51,blocks.6.attn.c_proj.weight.buf,1048576,1049401,RAW,0.0006001669971738011
51,blocks.6.mlp.c_fc.weight.buf,4194304,4196389,RAW,0.0020863749959971756
51,blocks.6.mlp.c_proj.weight.buf,4194304,4195129,RAW,0.001994249993003905
51,blocks.7.attn.c_q.weight.buf,1048576,1049401,RAW,0.0005551250069402158
51,blocks.7.attn.c_k.weight.buf,1048576,1049401,RAW,0.0005859579832758754
51,blocks.7.attn.c_v.weight.buf,1048576,1049401,RAW,0.0005684999923687428
51,blocks.7.attn.c_proj.weight.buf,1048576,1049401,RAW,0.0005517920071724802
51,blocks.7.attn.ve_gate.weight.buf,512,1022,RAW,1.8417020328342915e-05
51,blocks.7.mlp.c_fc.weight.buf,4194304,4196389,RAW,0.002132416993845254
51,blocks.7.mlp.c_proj.weight.buf,4194304,4195129,RAW,0.002032667020102963
51,lm_head.weight.m,67108864,67136149,RAW,0.037732541997684166
51,lm_head.weight.v,67108864,67136149,RAW,0.042943499982357025
51,resid_lambdas.m,32,32,RAW_VECTOR,4.458008334040642e-06
51,resid_lambdas.v,32,32,RAW_VECTOR,3.329769242554903e-07
51,x0_lambdas.m,32,32,RAW_VECTOR,1.207983586937189e-06
51,x0_lambdas.v,32,32,RAW_VECTOR,4.580069798976183e-07
51,value_embeds.1.weight.m,67108864,67136149,RAW,0.03575758298393339
51,value_embeds.1.weight.v,67108864,67136149,RAW,0.0612367499852553
51,value_embeds.3.weight.m,67108864,67136149,RAW,0.04172145898337476
51,value_embeds.3.weight.v,67108864,67136149,RAW,0.03916895799920894
51,value_embeds.5.weight.m,67108864,67136149,RAW,0.03933520900318399
51,value_embeds.5.weight.v,67108864,67136149,RAW,0.04158841702155769
51,value_embeds.7.weight.m,67108864,67136149,RAW,0.03965866699581966
51,value_embeds.7.weight.v,67108864,67136149,RAW,0.03910233298665844
52,wte.weight.m,67108864,67136149,RAW,0.04463191601098515
52,wte.weight.v,67108864,67136149,RAW,0.03887179199955426
52,blocks.0.attn.c_q.weight.buf,1048576,1049401,RAW,0.0006423750019166619
52,blocks.0.attn.c_k.weight.buf,1048576,1049401,RAW,0.0005708330136258155
52,blocks.0.attn.c_v.weight.buf,1048576,1049401,RAW,0.0005618339928332716
52,blocks.0.attn.c_proj.weight.buf,1048576,1049401,RAW,0.0005557920085266232
52,blocks.0.mlp.c_fc.weight.buf,4194304,4196389,RAW,0.002216583990957588
52,blocks.0.mlp.c_proj.weight.buf,4194304,4195129,RAW,0.002041083003859967
52,blocks.1.attn.c_q.weight.buf,1048576,1049401,RAW,0.0006264580006245524
52,blocks.1.attn.c_k.weight.buf,1048576,1049401,RAW,0.0005455409991554916
52,blocks.1.attn.c_v.weight.buf,1048576,1049401,RAW,0.0014587909972760826
52,blocks.1.attn.c_proj.weight.buf,1048576,1049401,RAW,0.0006039580039214343
52,blocks.1.attn.ve_gate.weight.buf,512,1022,RAW,9.416020475327969e-06
52,blocks.1.mlp.c_fc.weight.buf,4194304,4196389,RAW,0.002435542002785951
52,blocks.1.mlp.c_proj.weight.buf,4194304,4195129,RAW,0.0022560840006917715
52,blocks.2.attn.c_q.weight.buf,1048576,1049401,RAW,0.000644667015876621
52,blocks.2.attn.c_k.weight.buf,1048576,1049401,RAW,0.0006105419888626784
52,blocks.2.attn.c_v.weight.buf,1048576,1049401,RAW,0.0006392499781213701
52,blocks.2.attn.c_proj.weight.buf,1048576,1049401,RAW,0.0007091249863151461
52,blocks.2.mlp.c_fc.weight.buf,4194304,4196389,RAW,0.0023156669922173023
52,blocks.2.mlp.c_proj.weight.buf,4194304,4195129,RAW,0.002276374987559393
52,blocks.3.attn.c_q.weight.buf,1048576,1049401,RAW,0.0006878749991301447
52,blocks.3.attn.c_k.weight.buf,1048576,1049401,RAW,0.0006595829909201711
52,blocks.3.attn.c_v.weight.buf,1048576,1049401,RAW,0.0006120420002844185
52,blocks.3.attn.c_proj.weight.buf,1048576,1049401,RAW,0.0005944579897914082
52,blocks.3.attn.ve_gate.weight.buf,512,1022,RAW,1.504199462942779e-05
52,blocks.3.mlp.c_fc.weight.buf,4194304,4196389,RAW,0.002140374999726191
52,blocks.3.mlp.c_proj.weight.buf,4194304,4195129,RAW,0.0022797920100856572
52,blocks.4.attn.c_q.weight.buf,1048576,1049401,RAW,0.0015459580172318965
52,blocks.4.attn.c_k.weight.buf,1048576,1049401,RAW,0.0006398749828804284
52,blocks.4.attn.c_v.weight.buf,1048576,1049401,RAW,0.0006144999933894724
52,blocks.4.attn.c_proj.weight.buf,1048576,1049401,RAW,0.0006278749788179994
52,blocks.4.mlp.c_fc.weight.buf,4194304,4196389,RAW,0.002631207986269146
52,blocks.4.mlp.c_proj.weight.buf,4194304,4195129,RAW,0.0032468329882249236
52,blocks.5.attn.c_q.weight.buf,1048576,1049401,RAW,0.0006835419917479157
52,blocks.5.attn.c_k.weight.buf,1048576,1049401,RAW,0.0006142919883131981
52,blocks.5.attn.c_v.weight.buf,1048576,1049401,RAW,0.0006588330143131316
52,blocks.5.attn.c_proj.weight.buf,1048576,1049401,RAW,0.0006100829923525453
52,blocks.5.attn.ve_gate.weight.buf,512,1022,RAW,2.2499996703118086e-05
52,blocks.5.mlp.c_fc.weight.buf,4194304,4196389,RAW,0.0022415000130422413
52,blocks.5.mlp.c_proj.weight.buf,4194304,4195129,RAW,0.0021632919961120933
52,blocks.6.attn.c_q.weight.buf,1048576,1049401,RAW,0.0006730839959345758
52,blocks.6.attn.c_k.weight.buf,1048576,1049401,RAW,0.0006659999780822545
52,blocks.6.attn.c_v.weight.buf,1048576,1049401,RAW,0.0006293749902397394
52,blocks.6.attn.c_proj.weight.buf,1048576,1049401,RAW,0.0006051670061424375
52,blocks.6.mlp.c_fc.weight.buf,4194304,4196389,RAW,0.002156708011170849
52,blocks.6.mlp.c_proj.weight.buf,4194304,4195129,RAW,0.0021935830009169877
52,blocks.7.attn.c_q.weight.buf,1048576,1049401,RAW,0.0006314170022960752
52,blocks.7.attn.c_k.weight.buf,1048576,1049401,RAW,0.0006312920013442636
52,blocks.7.attn.c_v.weight.buf,1048576,1049401,RAW,0.0005965830059722066
52,blocks.7.attn.c_proj.weight.buf,1048576,1049401,RAW,0.0005980829882901162
52,blocks.7.attn.ve_gate.weight.buf,512,1022,RAW,1.4374993043020368e-05
52,blocks.7.mlp.c_fc.weight.buf,4194304,4196389,RAW,0.0021149159874767065
52,blocks.7.mlp.c_proj.weight.buf,4194304,4195129,RAW,0.0038417090254370123
52,lm_head.weight.m,67108864,67136149,RAW,0.03646729199681431
52,lm_head.weight.v,67108864,67136149,RAW,0.04244229200412519
52,resid_lambdas.m,32,32,RAW_VECTOR,8.750008419156075e-06
52,resid_lambdas.v,32,32,RAW_VECTOR,1.8329883459955454e-06
52,x0_lambdas.m,32,32,RAW_VECTOR,2.875021891668439e-06
52,x0_lambdas.v,32,32,RAW_VECTOR,4.580069798976183e-07
52,value_embeds.1.weight.m,67108864,67136149,RAW,0.038350374990841374
52,value_embeds.1.weight.v,67108864,67136149,RAW,0.06811704201390967
52,value_embeds.3.weight.m,67108864,67136149,RAW,0.04788920798455365
52,value_embeds.3.weight.v,67108864,67136149,RAW,0.04189354198751971
52,value_embeds.5.weight.m,67108864,67136149,RAW,0.062373624998144805
52,value_embeds.5.weight.v,67108864,67136149,RAW,0.03492866599117406
52,value_embeds.7.weight.m,67108864,67136149,RAW,0.03766962498775683
52,value_embeds.7.weight.v,67108864,67136149,RAW,0.044630874996073544
53,wte.weight.m,67108864,67136149,RAW,0.035495542018907145
53,wte.weight.v,67108864,67136149,RAW,0.034943334001582116
53,blocks.0.attn.c_q.weight.buf,1048576,1049401,RAW,0.0007523329986725003
53,blocks.0.attn.c_k.weight.buf,1048576,1049401,RAW,0.0005927500023972243
53,blocks.0.attn.c_v.weight.buf,1048576,1049401,RAW,0.0005783329834230244
53,blocks.0.attn.c_proj.weight.buf,1048576,1049401,RAW,0.0005681249895133078
53,blocks.0.mlp.c_fc.weight.buf,4194304,4196389,RAW,0.0030569169903174043
53,blocks.0.mlp.c_proj.weight.buf,4194304,4195129,RAW,0.00224133298615925
53,blocks.1.attn.c_q.weight.buf,1048576,1049401,RAW,0.0007098749920260161
53,blocks.1.attn.c_k.weight.buf,1048576,1049401,RAW,0.000579500017920509
53,blocks.1.attn.c_v.weight.buf,1048576,1049401,RAW,0.0006154169968795031
53,blocks.1.attn.c_proj.weight.buf,1048576,1049401,RAW,0.0007865000225137919
53,blocks.1.attn.ve_gate.weight.buf,512,1022,RAW,1.4582998119294643e-05
53,blocks.1.mlp.c_fc.weight.buf,4194304,4196389,RAW,0.0022330000065267086
53,blocks.1.mlp.c_proj.weight.buf,4194304,4195129,RAW,0.0020831669971812516
53,blocks.2.attn.c_q.weight.buf,1048576,1049401,RAW,0.0006865420145913959
53,blocks.2.attn.c_k.weight.buf,1048576,1049401,RAW,0.0006425839965231717
53,blocks.2.attn.c_v.weight.buf,1048576,1049401,RAW,0.0006746249855495989
53,blocks.2.attn.c_proj.weight.buf,1048576,1049401,RAW,0.0006276670028455555
53,blocks.2.mlp.c_fc.weight.buf,4194304,4196389,RAW,0.002209041005698964
53,blocks.2.mlp.c_proj.weight.buf,4194304,4195129,RAW,0.0036097080155741423
53,blocks.3.attn.c_q.weight.buf,1048576,1049401,RAW,0.0007553330215159804
53,blocks.3.attn.c_k.weight.buf,1048576,1049401,RAW,0.0006930420058779418
53,blocks.3.attn.c_v.weight.buf,1048576,1049401,RAW,0.0006865830218885094
53,blocks.3.attn.c_proj.weight.buf,1048576,1049401,RAW,0.0006047080096323043
53,blocks.3.attn.ve_gate.weight.buf,512,1022,RAW,2.316699828952551e-05
53,blocks.3.mlp.c_fc.weight.buf,4194304,4196389,RAW,0.0021929159993305802
53,blocks.3.mlp.c_proj.weight.buf,4194304,4195129,RAW,0.0021370419999584556
53,blocks.4.attn.c_q.weight.buf,1048576,1049401,RAW,0.0008989589987322688
53,blocks.4.attn.c_k.weight.buf,1048576,1049401,RAW,0.0007236250094138086
53,blocks.4.attn.c_v.weight.buf,1048576,1049401,RAW,0.0008889579912647605
53,blocks.4.attn.c_proj.weight.buf,1048576,1049401,RAW,0.0006254580221138895
53,blocks.4.mlp.c_fc.weight.buf,4194304,4196389,RAW,0.002234333020169288
53,blocks.4.mlp.c_proj.weight.buf,4194304,4195129,RAW,0.0022339579882100224
53,blocks.5.attn.c_q.weight.buf,1048576,1049401,RAW,0.0007101250230334699
53,blocks.5.attn.c_k.weight.buf,1048576,1049401,RAW,0.0008812920132186264
53,blocks.5.attn.c_v.weight.buf,1048576,1049401,RAW,0.0006398340046871454
53,blocks.5.attn.c_proj.weight.buf,1048576,1049401,RAW,0.0006145839870441705
53,blocks.5.attn.ve_gate.weight.buf,512,1022,RAW,2.0625011529773474e-05
53,blocks.5.mlp.c_fc.weight.buf,4194304,4196389,RAW,0.002260332985315472
53,blocks.5.mlp.c_proj.weight.buf,4194304,4195129,RAW,0.0026391250139568
53,blocks.6.attn.c_q.weight.buf,1048576,1049401,RAW,0.0006653330055996776
53,blocks.6.attn.c_k.weight.buf,1048576,1049401,RAW,0.0007771250093355775
53,blocks.6.attn.c_v.weight.buf,1048576,1049401,RAW,0.0006292500183917582
53,blocks.6.attn.c_proj.weight.buf,1048576,1049401,RAW,0.0005859590019099414
53,blocks.6.mlp.c_fc.weight.buf,4194304,4196389,RAW,0.0022577079944312572
53,blocks.6.mlp.c_proj.weight.buf,4194304,4195129,RAW,0.0021247920230962336
53,blocks.7.attn.c_q.weight.buf,1048576,1049401,RAW,0.0006997500022407621
53,blocks.7.attn.c_k.weight.buf,1048576,1049401,RAW,0.0006217499903868884
53,blocks.7.attn.c_v.weight.buf,1048576,1049401,RAW,0.000639917008811608
53,blocks.7.attn.c_proj.weight.buf,1048576,1049401,RAW,0.0006288750155363232
53,blocks.7.attn.ve_gate.weight.buf,512,1022,RAW,3.308401210233569e-05
53,blocks.7.mlp.c_fc.weight.buf,4194304,4196389,RAW,0.0022242080012802035
53,blocks.7.mlp.c_proj.weight.buf,4194304,4195129,RAW,0.002157709008315578
53,lm_head.weight.m,67108864,67136149,RAW,0.06354737500078045
53,lm_head.weight.v,67108864,67136149,RAW,0.061080208979547024
53,resid_lambdas.m,32,32,RAW_VECTOR,8.25000461190939e-06
53,resid_lambdas.v,32,32,RAW_VECTOR,5.420006345957518e-07
53,x0_lambdas.m,32,32,RAW_VECTOR,1.1669762898236513e-06
53,x0_lambdas.v,32,32,RAW_VECTOR,4.580069798976183e-07
53,value_embeds.1.weight.m,67108864,67136149,RAW,0.0381847080134321
53,value_embeds.1.weight.v,67108864,67136149,RAW,0.04042308300267905
53,value_embeds.3.weight.m,67108864,67136149,RAW,0.03686016701976769
53,value_embeds.3.weight.v,67108864,67136149,RAW,0.04047070801607333
53,value_embeds.5.weight.m,67108864,67136149,RAW,0.03607783300685696
53,value_embeds.5.weight.v,67108864,67136149,RAW,0.04081287499866448
53,value_embeds.7.weight.m,67108864,67136149,RAW,0.036009499977808446
53,value_embeds.7.weight.v,67108864,67136149,RAW,0.036226124997483566
54,wte.weight.m,67108864,67136149,RAW,0.05725937499664724
54,wte.weight.v,67108864,67136149,RAW,0.045108042017091066
54,blocks.0.attn.c_q.weight.buf,1048576,1049401,RAW,0.0006784170109312981
54,blocks.0.attn.c_k.weight.buf,1048576,1049401,RAW,0.0005791249859612435
54,blocks.0.attn.c_v.weight.buf,1048576,1049401,RAW,0.0005652910040225834
54,blocks.0.attn.c_proj.weight.buf,1048576,1049401,RAW,0.0005625829799100757
54,blocks.0.mlp.c_fc.weight.buf,4194304,4196389,RAW,0.002201708994107321
54,blocks.0.mlp.c_proj.weight.buf,4194304,4195129,RAW,0.0020723329798784107
54,blocks.1.attn.c_q.weight.buf,1048576,1049401,RAW,0.0006531669932883233
54,blocks.1.attn.c_k.weight.buf,1048576,1049401,RAW,0.0005631250096485019
54,blocks.1.attn.c_v.weight.buf,1048576,1049401,RAW,0.0005833749892190099
54,blocks.1.attn.c_proj.weight.buf,1048576,1049401,RAW,0.0005628749786410481
54,blocks.1.attn.ve_gate.weight.buf,512,1022,RAW,2.2082997020334005e-05
54,blocks.1.mlp.c_fc.weight.buf,4194304,4196389,RAW,0.0020325830264482647
54,blocks.1.mlp.c_proj.weight.buf,4194304,4195129,RAW,0.002084915991872549
54,blocks.2.attn.c_q.weight.buf,1048576,1049401,RAW,0.0005854170012753457
54,blocks.2.attn.c_k.weight.buf,1048576,1049401,RAW,0.0005430829769466072
54,blocks.2.attn.c_v.weight.buf,1048576,1049401,RAW,0.024207667011069134
54,blocks.2.attn.c_proj.weight.buf,1048576,1049401,RAW,0.000635249976767227
54,blocks.2.mlp.c_fc.weight.buf,4194304,4196389,RAW,0.00223087499034591
54,blocks.2.mlp.c_proj.weight.buf,4194304,4195129,RAW,0.0022048749960958958
54,blocks.3.attn.c_q.weight.buf,1048576,1049401,RAW,0.0010715829848777503
54,blocks.3.attn.c_k.weight.buf,1048576,1049401,RAW,0.0005619169969577342
54,blocks.3.attn.c_v.weight.buf,1048576,1049401,RAW,0.0005820830119773746
54,blocks.3.attn.c_proj.weight.buf,1048576,1049401,RAW,0.000548334006452933
54,blocks.3.attn.ve_gate.weight.buf,512,1022,RAW,8.750008419156075e-06
54,blocks.3.mlp.c_fc.weight.buf,4194304,4196389,RAW,0.0021264580136630684
54,blocks.3.mlp.c_proj.weight.buf,4194304,4195129,RAW,0.0020083340059500188
54,blocks.4.attn.c_q.weight.buf,1048576,1049401,RAW,0.0005768339906353503
54,blocks.4.attn.c_k.weight.buf,1048576,1049401,RAW,0.0005502910062205046
54,blocks.4.attn.c_v.weight.buf,1048576,1049401,RAW,0.0005443340050987899
54,blocks.4.attn.c_proj.weight.buf,1048576,1049401,RAW,0.0005639580194838345
54,blocks.4.mlp.c_fc.weight.buf,4194304,4196389,RAW,0.002010249998420477
54,blocks.4.mlp.c_proj.weight.buf,4194304,4195129,RAW,0.0021346659923437983
54,blocks.5.attn.c_q.weight.buf,1048576,1049401,RAW,0.0005905000143684447
54,blocks.5.attn.c_k.weight.buf,1048576,1049401,RAW,0.0005604169855359942
54,blocks.5.attn.c_v.weight.buf,1048576,1049401,RAW,0.0005513330106623471
54,blocks.5.attn.c_proj.weight.buf,1048576,1049401,RAW,0.0005449169839266688
54,blocks.5.attn.ve_gate.weight.buf,512,1022,RAW,7.624999852851033e-06
54,blocks.5.mlp.c_fc.weight.buf,4194304,4196389,RAW,0.0037490000249817967
54,blocks.5.mlp.c_proj.weight.buf,4194304,4195129,RAW,0.0021622920176014304
54,blocks.6.attn.c_q.weight.buf,1048576,1049401,RAW,0.0006327500159386545
54,blocks.6.attn.c_k.weight.buf,1048576,1049401,RAW,0.000592917000176385
54,blocks.6.attn.c_v.weight.buf,1048576,1049401,RAW,0.0005999580025672913
54,blocks.6.attn.c_proj.weight.buf,1048576,1049401,RAW,0.0005977910186629742
54,blocks.6.mlp.c_fc.weight.buf,4194304,4196389,RAW,0.0021749579755123705
54,blocks.6.mlp.c_proj.weight.buf,4194304,4195129,RAW,0.0021484160097315907
54,blocks.7.attn.c_q.weight.buf,1048576,1049401,RAW,0.0006163750076666474
54,blocks.7.attn.c_k.weight.buf,1048576,1049401,RAW,0.0006072089890949428
54,blocks.7.attn.c_v.weight.buf,1048576,1049401,RAW,0.0006030410004314035
54,blocks.7.attn.c_proj.weight.buf,1048576,1049401,RAW,0.0005767499969806522
54,blocks.7.attn.ve_gate.weight.buf,512,1022,RAW,2.1792016923427582e-05
54,blocks.7.mlp.c_fc.weight.buf,4194304,4196389,RAW,0.002280833024997264
54,blocks.7.mlp.c_proj.weight.buf,4194304,4195129,RAW,0.002333208016352728
54,lm_head.weight.m,67108864,67136149,RAW,0.04167833301471546
54,lm_head.weight.v,67108864,67136149,RAW,0.06311258298228495
54,resid_lambdas.m,32,32,RAW_VECTOR,6.624992238357663e-06
54,resid_lambdas.v,32,32,RAW_VECTOR,5.420006345957518e-07
54,x0_lambdas.m,32,32,RAW_VECTOR,2.04198295250535e-06
54,x0_lambdas.v,32,32,RAW_VECTOR,4.169996827840805e-07
54,value_embeds.1.weight.m,67108864,67136149,RAW,0.03881820902461186
54,value_embeds.1.weight.v,67108864,67136149,RAW,0.0697974159847945
54,value_embeds.3.weight.m,67108864,67136149,RAW,0.05198954200022854
54,value_embeds.3.weight.v,67108864,67136149,RAW,0.04272729100193828
54,value_embeds.5.weight.m,67108864,67136149,RAW,0.06903537502512336
54,value_embeds.5.weight.v,67108864,67136149,RAW,0.03701345800072886
54,value_embeds.7.weight.m,67108864,67136149,RAW,0.03602141700685024
54,value_embeds.7.weight.v,67108864,67136149,RAW,0.04337454098276794
55,wte.weight.m,67108864,67136149,RAW,0.039782874984666705
55,wte.weight.v,67108864,67136149,RAW,0.03274041699478403
55,blocks.0.attn.c_q.weight.buf,1048576,1049401,RAW,0.0007831249968148768
55,blocks.0.attn.c_k.weight.buf,1048576,1049401,RAW,0.0005881660035811365
55,blocks.0.attn.c_v.weight.buf,1048576,1049401,RAW,0.000597958016442135
55,blocks.0.attn.c_proj.weight.buf,1048576,1049401,RAW,0.0005724579968955368
55,blocks.0.mlp.c_fc.weight.buf,4194304,4196389,RAW,0.002338999998755753
55,blocks.0.mlp.c_proj.weight.buf,4194304,4195129,RAW,0.0019919589976780117
55,blocks.1.attn.c_q.weight.buf,1048576,1049401,RAW,0.0006761670229025185
55,blocks.1.attn.c_k.weight.buf,1048576,1049401,RAW,0.0006312500045169145
55,blocks.1.attn.c_v.weight.buf,1048576,1049401,RAW,0.0006382499996107072
55,blocks.1.attn.c_proj.weight.buf,1048576,1049401,RAW,0.0005626250058412552
55,blocks.1.attn.ve_gate.weight.buf,512,1022,RAW,9.915995178744197e-06
55,blocks.1.mlp.c_fc.weight.buf,4194304,4196389,RAW,0.002031165990047157
55,blocks.1.mlp.c_proj.weight.buf,4194304,4195129,RAW,0.002089166984660551
55,blocks.2.attn.c_q.weight.buf,1048576,1049401,RAW,0.0006065829948056489
55,blocks.2.attn.c_k.weight.buf,1048576,1049401,RAW,0.0005681669863406569
55,blocks.2.attn.c_v.weight.buf,1048576,1049401,RAW,0.0005642499891109765
55,blocks.2.attn.c_proj.weight.buf,1048576,1049401,RAW,0.0005764160014223307
55,blocks.2.mlp.c_fc.weight.buf,4194304,4196389,RAW,0.002138333016773686
55,blocks.2.mlp.c_proj.weight.buf,4194304,4195129,RAW,0.002098958007991314
55,blocks.3.attn.c_q.weight.buf,1048576,1049401,RAW,0.0005906670121476054
55,blocks.3.attn.c_k.weight.buf,1048576,1049401,RAW,0.0012636669853236526
55,blocks.3.attn.c_v.weight.buf,1048576,1049401,RAW,0.0006041669985279441
55,blocks.3.attn.c_proj.weight.buf,1048576,1049401,RAW,0.000583458982873708
55,blocks.3.attn.ve_gate.weight.buf,512,1022,RAW,8.333998266607523e-06
55,blocks.3.mlp.c_fc.weight.buf,4194304,4196389,RAW,0.002348833018913865
55,blocks.3.mlp.c_proj.weight.buf,4194304,4195129,RAW,0.002110707981046289
55,blocks.4.attn.c_q.weight.buf,1048576,1049401,RAW,0.000605916982749477
55,blocks.4.attn.c_k.weight.buf,1048576,1049401,RAW,0.0005812080053146929
55,blocks.4.attn.c_v.weight.buf,1048576,1049401,RAW,0.0005611660017166287
55,blocks.4.attn.c_proj.weight.buf,1048576,1049401,RAW,0.0005675419815815985
55,blocks.4.mlp.c_fc.weight.buf,4194304,4196389,RAW,0.0022431249963119626
55,blocks.4.mlp.c_proj.weight.buf,4194304,4195129,RAW,0.002079750003758818
55,blocks.5.attn.c_q.weight.buf,1048576,1049401,RAW,0.0006148749962449074
55,blocks.5.attn.c_k.weight.buf,1048576,1049401,RAW,0.0005820830119773746
55,blocks.5.attn.c_v.weight.buf,1048576,1049401,RAW,0.0005536249955184758
55,blocks.5.attn.c_proj.weight.buf,1048576,1049401,RAW,0.0005652089894283563
55,blocks.5.attn.ve_gate.weight.buf,512,1022,RAW,1.1916999937966466e-05
55,blocks.5.mlp.c_fc.weight.buf,4194304,4196389,RAW,0.0020633340172935277
55,blocks.5.mlp.c_proj.weight.buf,4194304,4195129,RAW,0.002015082980506122
55,blocks.6.attn.c_q.weight.buf,1048576,1049401,RAW,0.0006147909734863788
55,blocks.6.attn.c_k.weight.buf,1048576,1049401,RAW,0.000584541994612664
55,blocks.6.attn.c_v.weight.buf,1048576,1049401,RAW,0.0005606249906122684
55,blocks.6.attn.c_proj.weight.buf,1048576,1049401,RAW,0.0005883750272914767
55,blocks.6.mlp.c_fc.weight.buf,4194304,4196389,RAW,0.025609124975744635
55,blocks.6.mlp.c_proj.weight.buf,4194304,4195129,RAW,0.002425124985165894
55,blocks.7.attn.c_q.weight.buf,1048576,1049401,RAW,0.0006416249962057918
55,blocks.7.attn.c_k.weight.buf,1048576,1049401,RAW,0.0005756249884143472
55,blocks.7.attn.c_v.weight.buf,1048576,1049401,RAW,0.000588541995966807
55,blocks.7.attn.c_proj.weight.buf,1048576,1049401,RAW,0.0005663339979946613
55,blocks.7.attn.ve_gate.weight.buf,512,1022,RAW,6.874994141981006e-06
55,blocks.7.mlp.c_fc.weight.buf,4194304,4196389,RAW,0.003001750010298565
55,blocks.7.mlp.c_proj.weight.buf,4194304,4195129,RAW,0.0020472920150496066
55,lm_head.weight.m,67108864,67136149,RAW,0.04316949998610653
55,lm_head.weight.v,67108864,67136149,RAW,0.04112212499603629
55,resid_lambdas.m,32,32,RAW_VECTOR,5.249981768429279e-06
55,resid_lambdas.v,32,32,RAW_VECTOR,2.1250161807984114e-06
55,x0_lambdas.m,32,32,RAW_VECTOR,1.00000761449337e-06
55,x0_lambdas.v,32,32,RAW_VECTOR,5.00003807246685e-07
55,value_embeds.1.weight.m,67108864,67136149,RAW,0.0624486249871552
55,value_embeds.1.weight.v,67108864,67136149,RAW,0.03655008299392648
55,value_embeds.3.weight.m,67108864,67136149,RAW,0.05981854200945236
55,value_embeds.3.weight.v,67108864,67136149,RAW,0.0467972919868771
55,value_embeds.5.weight.m,67108864,67136149,RAW,0.036293083016062155
55,value_embeds.5.weight.v,67108864,67136149,RAW,0.0375982919940725
55,value_embeds.7.weight.m,67108864,67136149,RAW,0.036169583996525034
55,value_embeds.7.weight.v,67108864,67136149,RAW,0.03793804201995954
56,wte.weight.m,67108864,67136149,RAW,0.03524999998626299
56,wte.weight.v,67108864,67136149,RAW,0.03273033400182612
56,blocks.0.attn.c_q.weight.buf,1048576,1049401,RAW,0.0006775409856345505
56,blocks.0.attn.c_k.weight.buf,1048576,1049401,RAW,0.0005852080066688359
56,blocks.0.attn.c_v.weight.buf,1048576,1049401,RAW,0.0005791249859612435
56,blocks.0.attn.c_proj.weight.buf,1048576,1049401,RAW,0.0005725829978473485
56,blocks.0.mlp.c_fc.weight.buf,4194304,4196389,RAW,0.002512083010515198
56,blocks.0.mlp.c_proj.weight.buf,4194304,4195129,RAW,0.0020039579831063747
56,blocks.1.attn.c_q.weight.buf,1048576,1049401,RAW,0.0006000419962219894
56,blocks.1.attn.c_k.weight.buf,1048576,1049401,RAW,0.0005442920082714409
56,blocks.1.attn.c_v.weight.buf,1048576,1049401,RAW,0.000525208015460521
56,blocks.1.attn.c_proj.weight.buf,1048576,1049401,RAW,0.0005242089973762631
56,blocks.1.attn.ve_gate.weight.buf,512,1022,RAW,7.708003977313638e-06
56,blocks.1.mlp.c_fc.weight.buf,4194304,4196389,RAW,0.002007249975576997
56,blocks.1.mlp.c_proj.weight.buf,4194304,4195129,RAW,0.0020731670083478093
56,blocks.2.attn.c_q.weight.buf,1048576,1049401,RAW,0.0005852500034961849
56,blocks.2.attn.c_k.weight.buf,1048576,1049401,RAW,0.0005252910195849836
56,blocks.2.attn.c_v.weight.buf,1048576,1049401,RAW,0.0005126670002937317
56,blocks.2.attn.c_proj.weight.buf,1048576,1049401,RAW,0.0005104579904582351
56,blocks.2.mlp.c_fc.weight.buf,4194304,4196389,RAW,0.001990999997360632
56,blocks.2.mlp.c_proj.weight.buf,4194304,4195129,RAW,0.0020496249780990183
56,blocks.3.attn.c_q.weight.buf,1048576,1049401,RAW,0.0005824999825563282
56,blocks.3.attn.c_k.weight.buf,1048576,1049401,RAW,0.0005184169858694077
56,blocks.3.attn.c_v.weight.buf,1048576,1049401,RAW,0.0005179579893592745
56,blocks.3.attn.c_proj.weight.buf,1048576,1049401,RAW,0.0005320000054780394
56,blocks.3.attn.ve_gate.weight.buf,512,1022,RAW,2.0167004549875855e-05
56,blocks.3.mlp.c_fc.weight.buf,4194304,4196389,RAW,0.0032622499857097864
56,blocks.3.mlp.c_proj.weight.buf,4194304,4195129,RAW,0.0020924170094076544
56,blocks.4.attn.c_q.weight.buf,1048576,1049401,RAW,0.0006237500056158751
56,blocks.4.attn.c_k.weight.buf,1048576,1049401,RAW,0.000603041989961639
56,blocks.4.attn.c_v.weight.buf,1048576,1049401,RAW,0.0006202499789651483
56,blocks.4.attn.c_proj.weight.buf,1048576,1049401,RAW,0.0006262499955482781
56,blocks.4.mlp.c_fc.weight.buf,4194304,4196389,RAW,0.003231332986615598
56,blocks.4.mlp.c_proj.weight.buf,4194304,4195129,RAW,0.002016083017224446
56,blocks.5.attn.c_q.weight.buf,1048576,1049401,RAW,0.0005918339884374291
56,blocks.5.attn.c_k.weight.buf,1048576,1049401,RAW,0.0005459169915411621
56,blocks.5.attn.c_v.weight.buf,1048576,1049401,RAW,0.0005426249990705401
56,blocks.5.attn.c_proj.weight.buf,1048576,1049401,RAW,0.0005427919968497008
56,blocks.5.attn.ve_gate.weight.buf,512,1022,RAW,2.6583002181723714e-05
56,blocks.5.mlp.c_fc.weight.buf,4194304,4196389,RAW,0.002010249998420477
56,blocks.5.mlp.c_proj.weight.buf,4194304,4195129,RAW,0.0019972090085502714
56,blocks.6.attn.c_q.weight.buf,1048576,1049401,RAW,0.0006100419850554317
56,blocks.6.attn.c_k.weight.buf,1048576,1049401,RAW,0.0005260409961920232
56,blocks.6.attn.c_v.weight.buf,1048576,1049401,RAW,0.0005375419859774411
56,blocks.6.attn.c_proj.weight.buf,1048576,1049401,RAW,0.0005814160103909671
56,blocks.6.mlp.c_fc.weight.buf,4194304,4196389,RAW,0.0020164999878033996
56,blocks.6.mlp.c_proj.weight.buf,4194304,4195129,RAW,0.002008165989536792
56,blocks.7.attn.c_q.weight.buf,1048576,1049401,RAW,0.0005991249927319586
56,blocks.7.attn.c_k.weight.buf,1048576,1049401,RAW,0.0005267920205369592
56,blocks.7.attn.c_v.weight.buf,1048576,1049401,RAW,0.0005284160142764449
56,blocks.7.attn.c_proj.weight.buf,1048576,1049401,RAW,0.0005752500146627426
56,blocks.7.attn.ve_gate.weight.buf,512,1022,RAW,7.2499969974160194e-06
56,blocks.7.mlp.c_fc.weight.buf,4194304,4196389,RAW,0.0033242080244235694
56,blocks.7.mlp.c_proj.weight.buf,4194304,4195129,RAW,0.002113499998813495
56,lm_head.weight.m,67108864,67136149,RAW,0.03440566698554903
56,lm_head.weight.v,67108864,67136149,RAW,0.05896287498762831
56,resid_lambdas.m,32,32,RAW_VECTOR,1.391698606312275e-05
56,resid_lambdas.v,32,32,RAW_VECTOR,7.080088835209608e-07
56,x0_lambdas.m,32,32,RAW_VECTOR,1.1669762898236513e-06
56,x0_lambdas.v,32,32,RAW_VECTOR,5.00003807246685e-07
56,value_embeds.1.weight.m,67108864,67136149,RAW,0.04313308300334029
56,value_embeds.1.weight.v,67108864,67136149,RAW,0.03995691699674353
56,value_embeds.3.weight.m,67108864,67136149,RAW,0.04513729098835029
56,value_embeds.3.weight.v,67108864,67136149,RAW,0.041550249996362254
56,value_embeds.5.weight.m,67108864,67136149,RAW,0.040757292008493096
56,value_embeds.5.weight.v,67108864,67136149,RAW,0.04231350001646206
56,value_embeds.7.weight.m,67108864,67136149,RAW,0.04322770799626596
56,value_embeds.7.weight.v,67108864,67136149,RAW,0.04323275000206195
57,wte.weight.m,67108864,67136149,RAW,0.04255929199280217
57,wte.weight.v,67108864,67136149,RAW,0.040408500004559755
57,blocks.0.attn.c_q.weight.buf,1048576,1049401,RAW,0.0006472920067608356
57,blocks.0.attn.c_k.weight.buf,1048576,1049401,RAW,0.000591083982726559
57,blocks.0.attn.c_v.weight.buf,1048576,1049401,RAW,0.000559915992198512
57,blocks.0.attn.c_proj.weight.buf,1048576,1049401,RAW,0.0005841660022269934
57,blocks.0.mlp.c_fc.weight.buf,4194304,4196389,RAW,0.002318415994523093
57,blocks.0.mlp.c_proj.weight.buf,4194304,4195129,RAW,0.0020824169914703816
57,blocks.1.attn.c_q.weight.buf,1048576,1049401,RAW,0.0006215829926077276
57,blocks.1.attn.c_k.weight.buf,1048576,1049401,RAW,0.0005826670094393194
57,blocks.1.attn.c_v.weight.buf,1048576,1049401,RAW,0.0005795830220449716
57,blocks.1.attn.c_proj.weight.buf,1048576,1049401,RAW,0.0012724999978672713
57,blocks.1.attn.ve_gate.weight.buf,512,1022,RAW,1.3540993677452207e-05
57,blocks.1.mlp.c_fc.weight.buf,4194304,4196389,RAW,0.002407500025583431
57,blocks.1.mlp.c_proj.weight.buf,4194304,4195129,RAW,0.0021136249997653067
57,blocks.2.attn.c_q.weight.buf,1048576,1049401,RAW,0.0006677499914076179
57,blocks.2.attn.c_k.weight.buf,1048576,1049401,RAW,0.0005726669915020466
57,blocks.2.attn.c_v.weight.buf,1048576,1049401,RAW,0.0005696250009350479
57,blocks.2.attn.c_proj.weight.buf,1048576,1049401,RAW,0.000571540993405506
57,blocks.2.mlp.c_fc.weight.buf,4194304,4196389,RAW,0.0021282079978846014
57,blocks.2.mlp.c_proj.weight.buf,4194304,4195129,RAW,0.0020450000010896474
57,blocks.3.attn.c_q.weight.buf,1048576,1049401,RAW,0.0006003330054227263
57,blocks.3.attn.c_k.weight.buf,1048576,1049401,RAW,0.0005757920152973384
57,blocks.3.attn.c_v.weight.buf,1048576,1049401,RAW,0.0005620000010821968
57,blocks.3.attn.c_proj.weight.buf,1048576,1049401,RAW,0.0005702499765902758
57,blocks.3.attn.ve_gate.weight.buf,512,1022,RAW,8.125003660097718e-06
57,blocks.3.mlp.c_fc.weight.buf,4194304,4196389,RAW,0.0021754580084234476
57,blocks.3.mlp.c_proj.weight.buf,4194304,4195129,RAW,0.0020237499848008156
57,blocks.4.attn.c_q.weight.buf,1048576,1049401,RAW,0.000613916025031358
57,blocks.4.attn.c_k.weight.buf,1048576,1049401,RAW,0.0005726669915020466
57,blocks.4.attn.c_v.weight.buf,1048576,1049401,RAW,0.0005587500054389238
57,blocks.4.attn.c_proj.weight.buf,1048576,1049401,RAW,0.0005980409914627671
57,blocks.4.mlp.c_fc.weight.buf,4194304,4196389,RAW,0.002110250003170222
57,blocks.4.mlp.c_proj.weight.buf,4194304,4195129,RAW,0.0020288329978939146
57,blocks.5.attn.c_q.weight.buf,1048576,1049401,RAW,0.0006134579889476299
57,blocks.5.attn.c_k.weight.buf,1048576,1049401,RAW,0.0005633340042550117
57,blocks.5.attn.c_v.weight.buf,1048576,1049401,RAW,0.0005762919900007546
57,blocks.5.attn.c_proj.weight.buf,1048576,1049401,RAW,0.0005585420003626496
57,blocks.5.attn.ve_gate.weight.buf,512,1022,RAW,8.084025466814637e-06
57,blocks.5.mlp.c_fc.weight.buf,4194304,4196389,RAW,0.0033197090087924153
57,blocks.5.mlp.c_proj.weight.buf,4194304,4195129,RAW,0.002106583007844165
57,blocks.6.attn.c_q.weight.buf,1048576,1049401,RAW,0.0006523339834529907
57,blocks.6.attn.c_k.weight.buf,1048576,1049401,RAW,0.0005694999999832362
57,blocks.6.attn.c_v.weight.buf,1048576,1049401,RAW,0.0005689590179827064
57,blocks.6.attn.c_proj.weight.buf,1048576,1049401,RAW,0.0005636249843519181
57,blocks.6.mlp.c_fc.weight.buf,4194304,4196389,RAW,0.0020551249908749014
57,blocks.6.mlp.c_proj.weight.buf,4194304,4195129,RAW,0.0021213330037426203
57,blocks.7.attn.c_q.weight.buf,1048576,1049401,RAW,0.0005987079930491745
57,blocks.7.attn.c_k.weight.buf,1048576,1049401,RAW,0.0005674580170307308
57,blocks.7.attn.c_v.weight.buf,1048576,1049401,RAW,0.0005625409830827266
57,blocks.7.attn.c_proj.weight.buf,1048576,1049401,RAW,0.0005650419916491956
57,blocks.7.attn.ve_gate.weight.buf,512,1022,RAW,8.37500556372106e-06
57,blocks.7.mlp.c_fc.weight.buf,4194304,4196389,RAW,0.0020480410021264106
57,blocks.7.mlp.c_proj.weight.buf,4194304,4195129,RAW,0.0021265000104904175
57,lm_head.weight.m,67108864,67136149,RAW,0.06084887500037439
57,lm_head.weight.v,67108864,67136149,RAW,0.035579999996116385
57,resid_lambdas.m,32,32,RAW_VECTOR,7.124996045604348e-06
57,resid_lambdas.v,32,32,RAW_VECTOR,7.079797796905041e-07
57,x0_lambdas.m,32,32,RAW_VECTOR,1.2090022210031748e-06
57,x0_lambdas.v,32,32,RAW_VECTOR,5.410111043602228e-07
57,value_embeds.1.weight.m,67108864,67136149,RAW,0.03589408300467767
57,value_embeds.1.weight.v,67108864,67136149,RAW,0.038186791993211955
57,value_embeds.3.weight.m,67108864,67136149,RAW,0.03773949999595061
57,value_embeds.3.weight.v,67108864,67136149,RAW,0.03783395802020095
57,value_embeds.5.weight.m,67108864,67136149,RAW,0.03634316599345766
57,value_embeds.5.weight.v,67108864,67136149,RAW,0.03890237500309013
57,value_embeds.7.weight.m,67108864,67136149,RAW,0.03585300000850111
57,value_embeds.7.weight.v,67108864,67136149,RAW,0.039084707997972146
58,wte.weight.m,67108864,67136149,RAW,0.03492849998292513
58,wte.weight.v,67108864,67136149,RAW,0.0339867920265533
58,blocks.0.attn.c_q.weight.buf,1048576,1049401,RAW,0.00066562500433065
58,blocks.0.attn.c_k.weight.buf,1048576,1049401,RAW,0.0006369170150719583
58,blocks.0.attn.c_v.weight.buf,1048576,1049401,RAW,0.0006059999868739396
58,blocks.0.attn.c_proj.weight.buf,1048576,1049401,RAW,0.0005770830030087382
58,blocks.0.mlp.c_fc.weight.buf,4194304,4196389,RAW,0.0023257920111063868
58,blocks.0.mlp.c_proj.weight.buf,4194304,4195129,RAW,0.002060875005554408
58,blocks.1.attn.c_q.weight.buf,1048576,1049401,RAW,0.0006110419926699251
58,blocks.1.attn.c_k.weight.buf,1048576,1049401,RAW,0.0005562089791055769
58,blocks.1.attn.c_v.weight.buf,1048576,1049401,RAW,0.0005702080088667572
58,blocks.1.attn.c_proj.weight.buf,1048576,1049401,RAW,0.0005431659810710698
58,blocks.1.attn.ve_gate.weight.buf,512,1022,RAW,1.1000025551766157e-05
58,blocks.1.mlp.c_fc.weight.buf,4194304,4196389,RAW,0.0020932919869665056
58,blocks.1.mlp.c_proj.weight.buf,4194304,4195129,RAW,0.002020458981860429
58,blocks.2.attn.c_q.weight.buf,1048576,1049401,RAW,0.0005800419894512743
58,blocks.2.attn.c_k.weight.buf,1048576,1049401,RAW,0.0005953750223852694
58,blocks.2.attn.c_v.weight.buf,1048576,1049401,RAW,0.0005493330245371908
58,blocks.2.attn.c_proj.weight.buf,1048576,1049401,RAW,0.0005116249958518893
58,blocks.2.mlp.c_fc.weight.buf,4194304,4196389,RAW,0.002077958022709936
58,blocks.2.mlp.c_proj.weight.buf,4194304,4195129,RAW,0.0020768340036738664
58,blocks.3.attn.c_q.weight.buf,1048576,1049401,RAW,0.0005807080015074462
58,blocks.3.attn.c_k.weight.buf,1048576,1049401,RAW,0.0005257909942883998
58,blocks.3.attn.c_v.weight.buf,1048576,1049401,RAW,0.000528791977558285
58,blocks.3.attn.c_proj.weight.buf,1048576,1049401,RAW,0.0005117499968037009
58,blocks.3.attn.ve_gate.weight.buf,512,1022,RAW,1.5416997484862804e-05
58,blocks.3.mlp.c_fc.weight.buf,4194304,4196389,RAW,0.023988792003365234
58,blocks.3.mlp.c_proj.weight.buf,4194304,4195129,RAW,0.0023042499960865825
58,blocks.4.attn.c_q.weight.buf,1048576,1049401,RAW,0.000726041995221749
58,blocks.4.attn.c_k.weight.buf,1048576,1049401,RAW,0.0005744580121245235
58,blocks.4.attn.c_v.weight.buf,1048576,1049401,RAW,0.000587458984227851
58,blocks.4.attn.c_proj.weight.buf,1048576,1049401,RAW,0.0005692499980796129
58,blocks.4.mlp.c_fc.weight.buf,4194304,4196389,RAW,0.002167750004446134
58,blocks.4.mlp.c_proj.weight.buf,4194304,4195129,RAW,0.002005374990403652
58,blocks.5.attn.c_q.weight.buf,1048576,1049401,RAW,0.0006158330070320517
58,blocks.5.attn.c_k.weight.buf,1048576,1049401,RAW,0.0005836249911226332
58,blocks.5.attn.c_v.weight.buf,1048576,1049401,RAW,0.0005831670132465661
58,blocks.5.attn.c_proj.weight.buf,1048576,1049401,RAW,0.0005541669961530715
58,blocks.5.attn.ve_gate.weight.buf,512,1022,RAW,1.8499995348975062e-05
58,blocks.5.mlp.c_fc.weight.buf,4194304,4196389,RAW,0.002034250006545335
58,blocks.5.mlp.c_proj.weight.buf,4194304,4195129,RAW,0.0019770409853663296
58,blocks.6.attn.c_q.weight.buf,1048576,1049401,RAW,0.0005868749867659062
58,blocks.6.attn.c_k.weight.buf,1048576,1049401,RAW,0.0005494999932125211
58,blocks.6.attn.c_v.weight.buf,1048576,1049401,RAW,0.000524125003721565
58,blocks.6.attn.c_proj.weight.buf,1048576,1049401,RAW,0.0005328750121407211
58,blocks.6.mlp.c_fc.weight.buf,4194304,4196389,RAW,0.0020524589926935732
58,blocks.6.mlp.c_proj.weight.buf,4194304,4195129,RAW,0.0020665409974753857
58,blocks.7.attn.c_q.weight.buf,1048576,1049401,RAW,0.0006227090198080987
58,blocks.7.attn.c_k.weight.buf,1048576,1049401,RAW,0.0005771659780293703
58,blocks.7.attn.c_v.weight.buf,1048576,1049401,RAW,0.0005377090128604323
58,blocks.7.attn.c_proj.weight.buf,1048576,1049401,RAW,0.0005197080026846379
58,blocks.7.attn.ve_gate.weight.buf,512,1022,RAW,7.624999852851033e-06
58,blocks.7.mlp.c_fc.weight.buf,4194304,4196389,RAW,0.002018208004301414
58,blocks.7.mlp.c_proj.weight.buf,4194304,4195129,RAW,0.003477208985714242
58,lm_head.weight.m,67108864,67136149,RAW,0.03479216599953361
58,lm_head.weight.v,67108864,67136149,RAW,0.03715824999380857
58,resid_lambdas.m,32,32,RAW_VECTOR,6.917020073160529e-06
58,resid_lambdas.v,32,32,RAW_VECTOR,1.667009200900793e-06
58,x0_lambdas.m,32,32,RAW_VECTOR,1.1250085663050413e-06
58,x0_lambdas.v,32,32,RAW_VECTOR,4.169996827840805e-07
58,value_embeds.1.weight.m,67108864,67136149,RAW,0.0351085830188822
58,value_embeds.1.weight.v,67108864,67136149,RAW,0.041721582994796336
58,value_embeds.3.weight.m,67108864,67136149,RAW,0.03521724999882281
58,value_embeds.3.weight.v,67108864,67136149,RAW,0.0433992919861339
58,value_embeds.5.weight.m,67108864,67136149,RAW,0.03745045801042579
58,value_embeds.5.weight.v,67108864,67136149,RAW,0.04543962501338683
58,value_embeds.7.weight.m,67108864,67136149,RAW,0.03593808299046941
58,value_embeds.7.weight.v,67108864,67136149,RAW,0.044128584006102756
59,wte.weight.m,67108864,67136149,RAW,0.038080040976637974
59,wte.weight.v,67108864,67136149,RAW,0.07067725001252256
59,blocks.0.attn.c_q.weight.buf,1048576,1049401,RAW,0.0006838339904788882
59,blocks.0.attn.c_k.weight.buf,1048576,1049401,RAW,0.0006255839834921062
59,blocks.0.attn.c_v.weight.buf,1048576,1049401,RAW,0.0006083750049583614
59,blocks.0.attn.c_proj.weight.buf,1048576,1049401,RAW,0.0006182910001371056
59,blocks.0.mlp.c_fc.weight.buf,4194304,4196389,RAW,0.0024723749957047403
59,blocks.0.mlp.c_proj.weight.buf,4194304,4195129,RAW,0.0022290420019999146
59,blocks.1.attn.c_q.weight.buf,1048576,1049401,RAW,0.000662042002659291
59,blocks.1.attn.c_k.weight.buf,1048576,1049401,RAW,0.0006026670162100345
59,blocks.1.attn.c_v.weight.buf,1048576,1049401,RAW,0.0006183749937918037
59,blocks.1.attn.c_proj.weight.buf,1048576,1049401,RAW,0.0006460830045398325
59,blocks.1.attn.ve_gate.weight.buf,512,1022,RAW,4.570902092382312e-05
59,blocks.1.mlp.c_fc.weight.buf,4194304,4196389,RAW,0.031176541990134865
59,blocks.1.mlp.c_proj.weight.buf,4194304,4195129,RAW,0.002611125004477799
59,blocks.2.attn.c_q.weight.buf,1048576,1049401,RAW,0.0006849170022178441
59,blocks.2.attn.c_k.weight.buf,1048576,1049401,RAW,0.0005923749995417893
59,blocks.2.attn.c_v.weight.buf,1048576,1049401,RAW,0.0005830419831909239
59,blocks.2.attn.c_proj.weight.buf,1048576,1049401,RAW,0.0005907079903408885
59,blocks.2.mlp.c_fc.weight.buf,4194304,4196389,RAW,0.0029743750055786222
59,blocks.2.mlp.c_proj.weight.buf,4194304,4195129,RAW,0.0021656249882653356
59,blocks.3.attn.c_q.weight.buf,1048576,1049401,RAW,0.0006662090017925948
59,blocks.3.attn.c_k.weight.buf,1048576,1049401,RAW,0.000583791988901794
59,blocks.3.attn.c_v.weight.buf,1048576,1049401,RAW,0.0006228749989531934
59,blocks.3.attn.c_proj.weight.buf,1048576,1049401,RAW,0.000597916980041191
59,blocks.3.attn.ve_gate.weight.buf,512,1022,RAW,6.875023245811462e-06
59,blocks.3.mlp.c_fc.weight.buf,4194304,4196389,RAW,0.002124958991771564
59,blocks.3.mlp.c_proj.weight.buf,4194304,4195129,RAW,0.002120500023011118
59,blocks.4.attn.c_q.weight.buf,1048576,1049401,RAW,0.000661625002976507
59,blocks.4.attn.c_k.weight.buf,1048576,1049401,RAW,0.0007190839969553053
59,blocks.4.attn.c_v.weight.buf,1048576,1049401,RAW,0.000600125000346452
59,blocks.4.attn.c_proj.weight.buf,1048576,1049401,RAW,0.0005831660237163305
59,blocks.4.mlp.c_fc.weight.buf,4194304,4196389,RAW,0.0021581670152954757
59,blocks.4.mlp.c_proj.weight.buf,4194304,4195129,RAW,0.002116374991601333
59,blocks.5.attn.c_q.weight.buf,1048576,1049401,RAW,0.0006097920122556388
59,blocks.5.attn.c_k.weight.buf,1048576,1049401,RAW,0.0005897080118302256
59,blocks.5.attn.c_v.weight.buf,1048576,1049401,RAW,0.0007549169822596014
59,blocks.5.attn.c_proj.weight.buf,1048576,1049401,RAW,0.0006052079843357205
59,blocks.5.attn.ve_gate.weight.buf,512,1022,RAW,1.116600469686091e-05
59,blocks.5.mlp.c_fc.weight.buf,4194304,4196389,RAW,0.02756170800421387
59,blocks.5.mlp.c_proj.weight.buf,4194304,4195129,RAW,0.0022225420107133687
59,blocks.6.attn.c_q.weight.buf,1048576,1049401,RAW,0.0006746250146534294
59,blocks.6.attn.c_k.weight.buf,1048576,1049401,RAW,0.0005844999977853149
59,blocks.6.attn.c_v.weight.buf,1048576,1049401,RAW,0.0006417919939849526
59,blocks.6.attn.c_proj.weight.buf,1048576,1049401,RAW,0.0006051670061424375
59,blocks.6.mlp.c_fc.weight.buf,4194304,4196389,RAW,0.0033609169768169522
59,blocks.6.mlp.c_proj.weight.buf,4194304,4195129,RAW,0.0021907080081291497
59,blocks.7.attn.c_q.weight.buf,1048576,1049401,RAW,0.000678999989759177
59,blocks.7.attn.c_k.weight.buf,1048576,1049401,RAW,0.0005664999771397561
59,blocks.7.attn.c_v.weight.buf,1048576,1049401,RAW,0.0005627080099657178
59,blocks.7.attn.c_proj.weight.buf,1048576,1049401,RAW,0.0005946250166743994
59,blocks.7.attn.ve_gate.weight.buf,512,1022,RAW,8.500006515532732e-06
59,blocks.7.mlp.c_fc.weight.buf,4194304,4196389,RAW,0.002122290985425934
59,blocks.7.mlp.c_proj.weight.buf,4194304,4195129,RAW,0.002275000006193295
59,lm_head.weight.m,67108864,67136149,RAW,0.06366499999421649
59,lm_head.weight.v,67108864,67136149,RAW,0.06176816698280163
59,resid_lambdas.m,32,32,RAW_VECTOR,6.624992238357663e-06
59,resid_lambdas.v,32,32,RAW_VECTOR,5.00003807246685e-07
59,x0_lambdas.m,32,32,RAW_VECTOR,1.4579854905605316e-06
59,x0_lambdas.v,32,32,RAW_VECTOR,2.9199873097240925e-07
59,value_embeds.1.weight.m,67108864,67136149,RAW,0.03741449999506585
59,value_embeds.1.weight.v,67108864,67136149,RAW,0.06475637498078868
59,value_embeds.3.weight.m,67108864,67136149,RAW,0.04928504198323935
59,value_embeds.3.weight.v,67108864,67136149,RAW,0.042209875013213605
59,value_embeds.5.weight.m,67108864,67136149,RAW,0.04150416702032089
59,value_embeds.5.weight.v,67108864,67136149,RAW,0.041384999989531934
59,value_embeds.7.weight.m,67108864,67136149,RAW,0.04158541699871421
59,value_embeds.7.weight.v,67108864,67136149,RAW,0.04182079099700786
60,wte.weight.m,67108864,67136149,RAW,0.04660787500324659
60,wte.weight.v,67108864,67136149,RAW,0.040877874998841435
60,blocks.0.attn.c_q.weight.buf,1048576,1049401,RAW,0.0006449169886764139
60,blocks.0.attn.c_k.weight.buf,1048576,1049401,RAW,0.0006045839982107282
60,blocks.0.attn.c_v.weight.buf,1048576,1049401,RAW,0.000571542012039572
60,blocks.0.attn.c_proj.weight.buf,1048576,1049401,RAW,0.0005584169994108379
60,blocks.0.mlp.c_fc.weight.buf,4194304,4196389,RAW,0.0022431249963119626
60,blocks.0.mlp.c_proj.weight.buf,4194304,4195129,RAW,0.0020470409945119172
60,blocks.1.attn.c_q.weight.buf,1048576,1049401,RAW,0.0006331670156214386
60,blocks.1.attn.c_k.weight.buf,1048576,1049401,RAW,0.0006082920008338988
60,blocks.1.attn.c_v.weight.buf,1048576,1049401,RAW,0.0005703750066459179
60,blocks.1.attn.c_proj.weight.buf,1048576,1049401,RAW,0.0014262919721659273
60,blocks.1.attn.ve_gate.weight.buf,512,1022,RAW,1.1458003427833319e-05
60,blocks.1.mlp.c_fc.weight.buf,4194304,4196389,RAW,0.0023566249874420464
60,blocks.1.mlp.c_proj.weight.buf,4194304,4195129,RAW,0.002110166009515524
60,blocks.2.attn.c_q.weight.buf,1048576,1049401,RAW,0.0006171670102048665
60,blocks.2.attn.c_k.weight.buf,1048576,1049401,RAW,0.00059179199161008
60,blocks.2.attn.c_v.weight.buf,1048576,1049401,RAW,0.000567915994906798
60,blocks.2.attn.c_proj.weight.buf,1048576,1049401,RAW,0.0005610419902950525
60,blocks.2.mlp.c_fc.weight.buf,4194304,4196389,RAW,0.002119999990100041
60,blocks.2.mlp.c_proj.weight.buf,4194304,4195129,RAW,0.002056915982393548
60,blocks.3.attn.c_q.weight.buf,1048576,1049401,RAW,0.0005611669912468642
60,blocks.3.attn.c_k.weight.buf,1048576,1049401,RAW,0.0005644579941872507
60,blocks.3.attn.c_v.weight.buf,1048576,1049401,RAW,0.0005669160163961351
60,blocks.3.attn.c_proj.weight.buf,1048576,1049401,RAW,0.0005677499866578728
60,blocks.3.attn.ve_gate.weight.buf,512,1022,RAW,8.332979632541537e-06
60,blocks.3.mlp.c_fc.weight.buf,4194304,4196389,RAW,0.002224750001914799
60,blocks.3.mlp.c_proj.weight.buf,4194304,4195129,RAW,0.0020697080180980265
60,blocks.4.attn.c_q.weight.buf,1048576,1049401,RAW,0.00058241598890163
60,blocks.4.attn.c_k.weight.buf,1048576,1049401,RAW,0.0005758329934906214
60,blocks.4.attn.c_v.weight.buf,1048576,1049401,RAW,0.0005701670015696436
60,blocks.4.attn.c_proj.weight.buf,1048576,1049401,RAW,0.0005760000203736126
60,blocks.4.mlp.c_fc.weight.buf,4194304,4196389,RAW,0.002120208984706551
60,blocks.4.mlp.c_proj.weight.buf,4194304,4195129,RAW,0.025129083020146936
60,blocks.5.attn.c_q.weight.buf,1048576,1049401,RAW,0.0007435409934259951
60,blocks.5.attn.c_k.weight.buf,1048576,1049401,RAW,0.0006000839930493385
60,blocks.5.attn.c_v.weight.buf,1048576,1049401,RAW,0.0006037910061422735
60,blocks.5.attn.c_proj.weight.buf,1048576,1049401,RAW,0.0006068750226404518
60,blocks.5.attn.ve_gate.weight.buf,512,1022,RAW,7.5830030255019665e-06
60,blocks.5.mlp.c_fc.weight.buf,4194304,4196389,RAW,0.0024076249974314123
60,blocks.5.mlp.c_proj.weight.buf,4194304,4195129,RAW,0.0020806250104214996
60,blocks.6.attn.c_q.weight.buf,1048576,1049401,RAW,0.0005760419880971313
60,blocks.6.attn.c_k.weight.buf,1048576,1049401,RAW,0.0005684159987140447
60,blocks.6.attn.c_v.weight.buf,1048576,1049401,RAW,0.0006100420141592622
60,blocks.6.attn.c_proj.weight.buf,1048576,1049401,RAW,0.000541457993676886
60,blocks.6.mlp.c_fc.weight.buf,4194304,4196389,RAW,0.0021933749958407134
60,blocks.6.mlp.c_proj.weight.buf,4194304,4195129,RAW,0.002055291988654062
60,blocks.7.attn.c_q.weight.buf,1048576,1049401,RAW,0.0006008329801261425
60,blocks.7.attn.c_k.weight.buf,1048576,1049401,RAW,0.0005859169759787619
60,blocks.7.attn.c_v.weight.buf,1048576,1049401,RAW,0.0005705409857910126
60,blocks.7.attn.c_proj.weight.buf,1048576,1049401,RAW,0.0005688329983968288
60,blocks.7.attn.ve_gate.weight.buf,512,1022,RAW,7.6669966802001e-06
60,blocks.7.mlp.c_fc.weight.buf,4194304,4196389,RAW,0.002109875000314787
60,blocks.7.mlp.c_proj.weight.buf,4194304,4195129,RAW,0.002055916003882885
60,lm_head.weight.m,67108864,67136149,RAW,0.03812499999185093
60,lm_head.weight.v,67108864,67136149,RAW,0.0320953750051558
60,resid_lambdas.m,32,32,RAW_VECTOR,4.875008016824722e-06
60,resid_lambdas.v,32,32,RAW_VECTOR,1.1249794624745846e-06
60,x0_lambdas.m,32,32,RAW_VECTOR,2.7375004719942808e-05
60,x0_lambdas.v,32,32,RAW_VECTOR,1.5420082490891218e-06
60,value_embeds.1.weight.m,67108864,67136149,RAW,0.03446037499816157
60,value_embeds.1.weight.v,67108864,67136149,RAW,0.04196362500078976
60,value_embeds.3.weight.m,67108864,67136149,RAW,0.0355087089992594
60,value_embeds.3.weight.v,67108864,67136149,RAW,0.041082417010329664
60,value_embeds.5.weight.m,67108864,67136149,RAW,0.03659933299059048
60,value_embeds.5.weight.v,67108864,67136149,RAW,0.04165016699698754
60,value_embeds.7.weight.m,67108864,67136149,RAW,0.036602042004233226
60,value_embeds.7.weight.v,67108864,67136149,RAW,0.04285395800252445
61,wte.weight.m,67108864,67136149,RAW,0.040873583988286555
61,wte.weight.v,67108864,67136149,RAW,0.06347487500170246
61,blocks.0.attn.c_q.weight.buf,1048576,1049401,RAW,0.000801000016508624
61,blocks.0.attn.c_k.weight.buf,1048576,1049401,RAW,0.0006545420037582517
61,blocks.0.attn.c_v.weight.buf,1048576,1049401,RAW,0.000650834001135081
61,blocks.0.attn.c_proj.weight.buf,1048576,1049401,RAW,0.0006461669981945306
61,blocks.0.mlp.c_fc.weight.buf,4194304,4196389,RAW,0.0023694169940426946
61,blocks.0.mlp.c_proj.weight.buf,4194304,4195129,RAW,0.0023368749825749546
61,blocks.1.attn.c_q.weight.buf,1048576,1049401,RAW,0.0007176670187618583
61,blocks.1.attn.c_k.weight.buf,1048576,1049401,RAW,0.0006772920023649931
61,blocks.1.attn.c_v.weight.buf,1048576,1049401,RAW,0.0006934159900993109
61,blocks.1.attn.c_proj.weight.buf,1048576,1049401,RAW,0.0006652089941781014
61,blocks.1.attn.ve_gate.weight.buf,512,1022,RAW,2.1666986867785454e-05
61,blocks.1.mlp.c_fc.weight.buf,4194304,4196389,RAW,0.002224833006039262
61,blocks.1.mlp.c_proj.weight.buf,4194304,4195129,RAW,0.0038285829941742122
61,blocks.2.attn.c_q.weight.buf,1048576,1049401,RAW,0.0007886250095907599
61,blocks.2.attn.c_k.weight.buf,1048576,1049401,RAW,0.0006726670253556222
61,blocks.2.attn.c_v.weight.buf,1048576,1049401,RAW,0.0006483330216724426
61,blocks.2.attn.c_proj.weight.buf,1048576,1049401,RAW,0.0006418749981094152
61,blocks.2.mlp.c_fc.weight.buf,4194304,4196389,RAW,0.0021966659987811
61,blocks.2.mlp.c_proj.weight.buf,4194304,4195129,RAW,0.002275708015076816
61,blocks.3.attn.c_q.weight.buf,1048576,1049401,RAW,0.0006988749955780804
61,blocks.3.attn.c_k.weight.buf,1048576,1049401,RAW,0.0006352500058710575
61,blocks.3.attn.c_v.weight.buf,1048576,1049401,RAW,0.0006678750214632601
61,blocks.3.attn.c_proj.weight.buf,1048576,1049401,RAW,0.0006559999892488122
61,blocks.3.attn.ve_gate.weight.buf,512,1022,RAW,1.7583020962774754e-05
61,blocks.3.mlp.c_fc.weight.buf,4194304,4196389,RAW,0.002186583005823195
61,blocks.3.mlp.c_proj.weight.buf,4194304,4195129,RAW,0.002246249991003424
61,blocks.4.attn.c_q.weight.buf,1048576,1049401,RAW,0.0007560420199297369
61,blocks.4.attn.c_k.weight.buf,1048576,1049401,RAW,0.0006271250022109598
61,blocks.4.attn.c_v.weight.buf,1048576,1049401,RAW,0.0006399999838322401
61,blocks.4.attn.c_proj.weight.buf,1048576,1049401,RAW,0.0006243330135475844
61,blocks.4.mlp.c_fc.weight.buf,4194304,4196389,RAW,0.0031991660071071237
61,blocks.4.mlp.c_proj.weight.buf,4194304,4195129,RAW,0.002226040989626199
61,blocks.5.attn.c_q.weight.buf,1048576,1049401,RAW,0.0007047919789329171
61,blocks.5.attn.c_k.weight.buf,1048576,1049401,RAW,0.000621082988800481
61,blocks.5.attn.c_v.weight.buf,1048576,1049401,RAW,0.000618582998868078
61,blocks.5.attn.c_proj.weight.buf,1048576,1049401,RAW,0.0006195419991854578
61,blocks.5.attn.ve_gate.weight.buf,512,1022,RAW,1.675001112744212e-05
61,blocks.5.mlp.c_fc.weight.buf,4194304,4196389,RAW,0.002178208000259474
61,blocks.5.mlp.c_proj.weight.buf,4194304,4195129,RAW,0.002162624994525686
61,blocks.6.attn.c_q.weight.buf,1048576,1049401,RAW,0.0006550840043928474
61,blocks.6.attn.c_k.weight.buf,1048576,1049401,RAW,0.0006209160201251507
61,blocks.6.attn.c_v.weight.buf,1048576,1049401,RAW,0.0005910829931963235
61,blocks.6.attn.c_proj.weight.buf,1048576,1049401,RAW,0.0006224170210771263
61,blocks.6.mlp.c_fc.weight.buf,4194304,4196389,RAW,0.003624666976975277
61,blocks.6.mlp.c_proj.weight.buf,4194304,4195129,RAW,0.0022247910092119128
61,blocks.7.attn.c_q.weight.buf,1048576,1049401,RAW,0.0006813340005464852
61,blocks.7.attn.c_k.weight.buf,1048576,1049401,RAW,0.0006298749940469861
61,blocks.7.attn.c_v.weight.buf,1048576,1049401,RAW,0.0006205830140970647
61,blocks.7.attn.c_proj.weight.buf,1048576,1049401,RAW,0.0011576249962672591
61,blocks.7.attn.ve_gate.weight.buf,512,1022,RAW,1.750001683831215e-05
61,blocks.7.mlp.c_fc.weight.buf,4194304,4196389,RAW,0.0021714160102419555
61,blocks.7.mlp.c_proj.weight.buf,4194304,4195129,RAW,0.002373416005866602
61,lm_head.weight.m,67108864,67136149,RAW,0.04239308400428854
61,lm_head.weight.v,67108864,67136149,RAW,0.040456749993609264
61,resid_lambdas.m,32,32,RAW_VECTOR,7.959024515002966e-06
61,resid_lambdas.v,32,32,RAW_VECTOR,2.374988980591297e-06
61,x0_lambdas.m,32,32,RAW_VECTOR,1.1250085663050413e-06
61,x0_lambdas.v,32,32,RAW_VECTOR,4.580069798976183e-07
61,value_embeds.1.weight.m,67108864,67136149,RAW,0.07602129198494367
61,value_embeds.1.weight.v,67108864,67136149,RAW,0.04064820799976587
61,value_embeds.3.weight.m,67108864,67136149,RAW,0.0413318749924656
61,value_embeds.3.weight.v,67108864,67136149,RAW,0.05520104101742618
61,value_embeds.5.weight.m,67108864,67136149,RAW,0.037926207995042205
61,value_embeds.5.weight.v,67108864,67136149,RAW,0.06671304101473652
61,value_embeds.7.weight.m,67108864,67136149,RAW,0.04196283299825154
61,value_embeds.7.weight.v,67108864,67136149,RAW,0.04193987502367236
62,wte.weight.m,67108864,67136149,RAW,0.04175495798699558
62,wte.weight.v,67108864,67136149,RAW,0.038804540992714465
62,blocks.0.attn.c_q.weight.buf,1048576,1049401,RAW,0.0006405420135706663
62,blocks.0.attn.c_k.weight.buf,1048576,1049401,RAW,0.0005963330040685833
62,blocks.0.attn.c_v.weight.buf,1048576,1049401,RAW,0.0005897909868508577
62,blocks.0.attn.c_proj.weight.buf,1048576,1049401,RAW,0.0006477500137407333
62,blocks.0.mlp.c_fc.weight.buf,4194304,4196389,RAW,0.026353791996371
62,blocks.0.mlp.c_proj.weight.buf,4194304,4195129,RAW,0.0023788750113453716
62,blocks.1.attn.c_q.weight.buf,1048576,1049401,RAW,0.0006488340150099248
62,blocks.1.attn.c_k.weight.buf,1048576,1049401,RAW,0.0005909159954171628
62,blocks.1.attn.c_v.weight.buf,1048576,1049401,RAW,0.0006017500127200037
62,blocks.1.attn.c_proj.weight.buf,1048576,1049401,RAW,0.0010094580065924674
62,blocks.1.attn.ve_gate.weight.buf,512,1022,RAW,1.5666999388486147e-05
62,blocks.1.mlp.c_fc.weight.buf,4194304,4196389,RAW,0.0020751249976456165
62,blocks.1.mlp.c_proj.weight.buf,4194304,4195129,RAW,0.002045542001724243
62,blocks.2.attn.c_q.weight.buf,1048576,1049401,RAW,0.0006192500004544854
62,blocks.2.attn.c_k.weight.buf,1048576,1049401,RAW,0.0006083330081310123
62,blocks.2.attn.c_v.weight.buf,1048576,1049401,RAW,0.0005595830152742565
62,blocks.2.attn.c_proj.weight.buf,1048576,1049401,RAW,0.0005492499913088977
62,blocks.2.mlp.c_fc.weight.buf,4194304,4196389,RAW,0.0020759589970111847
62,blocks.2.mlp.c_proj.weight.buf,4194304,4195129,RAW,0.002169124985812232
62,blocks.3.attn.c_q.weight.buf,1048576,1049401,RAW,0.0006263329996727407
62,blocks.3.attn.c_k.weight.buf,1048576,1049401,RAW,0.0005608750216197222
62,blocks.3.attn.c_v.weight.buf,1048576,1049401,RAW,0.0005560000136028975
62,blocks.3.attn.c_proj.weight.buf,1048576,1049401,RAW,0.0005656669964082539
62,blocks.3.attn.ve_gate.weight.buf,512,1022,RAW,1.5166995581239462e-05
62,blocks.3.mlp.c_fc.weight.buf,4194304,4196389,RAW,0.0021001660206820816
62,blocks.3.mlp.c_proj.weight.buf,4194304,4195129,RAW,0.003432082972722128
62,blocks.4.attn.c_q.weight.buf,1048576,1049401,RAW,0.0006922500033397228
62,blocks.4.attn.c_k.weight.buf,1048576,1049401,RAW,0.0006141659978311509
62,blocks.4.attn.c_v.weight.buf,1048576,1049401,RAW,0.0005899580137338489
62,blocks.4.attn.c_proj.weight.buf,1048576,1049401,RAW,0.0005855839990545064
62,blocks.4.mlp.c_fc.weight.buf,4194304,4196389,RAW,0.002810875012073666
62,blocks.4.mlp.c_proj.weight.buf,4194304,4195129,RAW,0.00214641701313667
62,blocks.5.attn.c_q.weight.buf,1048576,1049401,RAW,0.0006154169968795031
62,blocks.5.attn.c_k.weight.buf,1048576,1049401,RAW,0.0005802079977001995
62,blocks.5.attn.c_v.weight.buf,1048576,1049401,RAW,0.0005717919848393649
62,blocks.5.attn.c_proj.weight.buf,1048576,1049401,RAW,0.0005648339865729213
62,blocks.5.attn.ve_gate.weight.buf,512,1022,RAW,1.1124997399747372e-05
62,blocks.5.mlp.c_fc.weight.buf,4194304,4196389,RAW,0.0021158329909667373
62,blocks.5.mlp.c_proj.weight.buf,4194304,4195129,RAW,0.0020319580216892064
62,blocks.6.attn.c_q.weight.buf,1048576,1049401,RAW,0.0006235839973669499
62,blocks.6.attn.c_k.weight.buf,1048576,1049401,RAW,0.0005638750153593719
62,blocks.6.attn.c_v.weight.buf,1048576,1049401,RAW,0.0005771249998360872
62,blocks.6.attn.c_proj.weight.buf,1048576,1049401,RAW,0.0005792079900857061
62,blocks.6.mlp.c_fc.weight.buf,4194304,4196389,RAW,0.002068750007310882
62,blocks.6.mlp.c_proj.weight.buf,4194304,4195129,RAW,0.0019945839885622263
62,blocks.7.attn.c_q.weight.buf,1048576,1049401,RAW,0.0006077089929021895
62,blocks.7.attn.c_k.weight.buf,1048576,1049401,RAW,0.024407124990830198
62,blocks.7.attn.c_v.weight.buf,1048576,1049401,RAW,0.000677625008393079
62,blocks.7.attn.c_proj.weight.buf,1048576,1049401,RAW,0.0005896659858990461
62,blocks.7.attn.ve_gate.weight.buf,512,1022,RAW,9.125011274591088e-06
62,blocks.7.mlp.c_fc.weight.buf,4194304,4196389,RAW,0.0023727919906377792
62,blocks.7.mlp.c_proj.weight.buf,4194304,4195129,RAW,0.0021810000180266798
62,lm_head.weight.m,67108864,67136149,RAW,0.057501542003592476
62,lm_head.weight.v,67108864,67136149,RAW,0.040658375015482306
62,resid_lambdas.m,32,32,RAW_VECTOR,8.584000170230865e-06
62,resid_lambdas.v,32,32,RAW_VECTOR,7.909839041531086e-07
62,x0_lambdas.m,32,32,RAW_VECTOR,1.0410149116069078e-06
62,x0_lambdas.v,32,32,RAW_VECTOR,5.00003807246685e-07
62,value_embeds.1.weight.m,67108864,67136149,RAW,0.03354875001241453
62,value_embeds.1.weight.v,67108864,67136149,RAW,0.03898504201788455
62,value_embeds.3.weight.m,67108864,67136149,RAW,0.037530166999204084
62,value_embeds.3.weight.v,67108864,67136149,RAW,0.039469791983719915
62,value_embeds.5.weight.m,67108864,67136149,RAW,0.034932666982058436
62,value_embeds.5.weight.v,67108864,67136149,RAW,0.03935154198552482
62,value_embeds.7.weight.m,67108864,67136149,RAW,0.03396512501058169
62,value_embeds.7.weight.v,67108864,67136149,RAW,0.04304929097997956
63,wte.weight.m,67108864,67136149,RAW,0.04228141700150445
63,wte.weight.v,67108864,67136149,RAW,0.041682542010676116
63,blocks.0.attn.c_q.weight.buf,1048576,1049401,RAW,0.0006857920088805258
63,blocks.0.attn.c_k.weight.buf,1048576,1049401,RAW,0.0006149169930722564
63,blocks.0.attn.c_v.weight.buf,1048576,1049401,RAW,0.0006213749875314534
63,blocks.0.attn.c_proj.weight.buf,1048576,1049401,RAW,0.0006226249970495701
63,blocks.0.mlp.c_fc.weight.buf,4194304,4196389,RAW,0.0023935829813126475
63,blocks.0.mlp.c_proj.weight.buf,4194304,4195129,RAW,0.0021217500034254044
63,blocks.1.attn.c_q.weight.buf,1048576,1049401,RAW,0.0006736659852322191
63,blocks.1.attn.c_k.weight.buf,1048576,1049401,RAW,0.0299518330139108
63,blocks.1.attn.c_v.weight.buf,1048576,1049401,RAW,0.0006332079938147217
63,blocks.1.attn.c_proj.weight.buf,1048576,1049401,RAW,0.000626959023065865
63,blocks.1.attn.ve_gate.weight.buf,512,1022,RAW,1.9750004867091775e-05
63,blocks.1.mlp.c_fc.weight.buf,4194304,4196389,RAW,0.0023725829960312694
63,blocks.1.mlp.c_proj.weight.buf,4194304,4195129,RAW,0.002171833999454975
63,blocks.2.attn.c_q.weight.buf,1048576,1049401,RAW,0.0007154579798225313
63,blocks.2.attn.c_k.weight.buf,1048576,1049401,RAW,0.0006280420057009906
63,blocks.2.attn.c_v.weight.buf,1048576,1049401,RAW,0.000612833013292402
63,blocks.2.attn.c_proj.weight.buf,1048576,1049401,RAW,0.0007606669969391078
63,blocks.2.mlp.c_fc.weight.buf,4194304,4196389,RAW,0.0022539999918080866
63,blocks.2.mlp.c_proj.weight.buf,4194304,4195129,RAW,0.0022648329904768616
63,blocks.3.attn.c_q.weight.buf,1048576,1049401,RAW,0.0007371249957941473
63,blocks.3.attn.c_k.weight.buf,1048576,1049401,RAW,0.0006462500023189932
63,blocks.3.attn.c_v.weight.buf,1048576,1049401,RAW,0.0006212909938767552
63,blocks.3.attn.c_proj.weight.buf,1048576,1049401,RAW,0.0006177919858600944
63,blocks.3.attn.ve_gate.weight.buf,512,1022,RAW,2.6374997105449438e-05
63,blocks.3.mlp.c_fc.weight.buf,4194304,4196389,RAW,0.0022049999970477074
63,blocks.3.mlp.c_proj.weight.buf,4194304,4195129,RAW,0.0021467499900609255
63,blocks.4.attn.c_q.weight.buf,1048576,1049401,RAW,0.029521624994231388
63,blocks.4.attn.c_k.weight.buf,1048576,1049401,RAW,0.0007504999812226743
63,blocks.4.attn.c_v.weight.buf,1048576,1049401,RAW,0.0006235000037122518
63,blocks.4.attn.c_proj.weight.buf,1048576,1049401,RAW,0.0006488329963758588
63,blocks.4.mlp.c_fc.weight.buf,4194304,4196389,RAW,0.0024077089910861105
63,blocks.4.mlp.c_proj.weight.buf,4194304,4195129,RAW,0.002217625005869195
63,blocks.5.attn.c_q.weight.buf,1048576,1049401,RAW,0.0006900830194354057
63,blocks.5.attn.c_k.weight.buf,1048576,1049401,RAW,0.0006042500026524067
63,blocks.5.attn.c_v.weight.buf,1048576,1049401,RAW,0.000608125003054738
63,blocks.5.attn.c_proj.weight.buf,1048576,1049401,RAW,0.000633084011496976
63,blocks.5.attn.ve_gate.weight.buf,512,1022,RAW,1.8084014300256968e-05
63,blocks.5.mlp.c_fc.weight.buf,4194304,4196389,RAW,0.002132416993845254
63,blocks.5.mlp.c_proj.weight.buf,4194304,4195129,RAW,0.0021621669875457883
63,blocks.6.attn.c_q.weight.buf,1048576,1049401,RAW,0.0006577079766429961
63,blocks.6.attn.c_k.weight.buf,1048576,1049401,RAW,0.0006194580055307597
63,blocks.6.attn.c_v.weight.buf,1048576,1049401,RAW,0.0006005829782225192
63,blocks.6.attn.c_proj.weight.buf,1048576,1049401,RAW,0.0006522499897982925
63,blocks.6.mlp.c_fc.weight.buf,4194304,4196389,RAW,0.0021402080019470304
63,blocks.6.mlp.c_proj.weight.buf,4194304,4195129,RAW,0.0021805829892400652
63,blocks.7.attn.c_q.weight.buf,1048576,1049401,RAW,0.0006901669839862734
63,blocks.7.attn.c_k.weight.buf,1048576,1049401,RAW,0.0006235000037122518
63,blocks.7.attn.c_v.weight.buf,1048576,1049401,RAW,0.0013871249975636601
63,blocks.7.attn.c_proj.weight.buf,1048576,1049401,RAW,0.0006301249959506094
63,blocks.7.attn.ve_gate.weight.buf,512,1022,RAW,2.5917019229382277e-05
63,blocks.7.mlp.c_fc.weight.buf,4194304,4196389,RAW,0.0024304160033352673
63,blocks.7.mlp.c_proj.weight.buf,4194304,4195129,RAW,0.0022344169847201556
63,lm_head.weight.m,67108864,67136149,RAW,0.059108749992446974
63,lm_head.weight.v,67108864,67136149,RAW,0.042755625006975606
63,resid_lambdas.m,32,32,RAW_VECTOR,8.417002391070127e-06
63,resid_lambdas.v,32,32,RAW_VECTOR,5.00003807246685e-07
63,x0_lambdas.m,32,32,RAW_VECTOR,1.667009200900793e-06
63,x0_lambdas.v,32,32,RAW_VECTOR,5.839974619448185e-07
63,value_embeds.1.weight.m,67108864,67136149,RAW,0.0682305840018671
63,value_embeds.1.weight.v,67108864,67136149,RAW,0.06221241698949598
63,value_embeds.3.weight.m,67108864,67136149,RAW,0.037268957996275276
63,value_embeds.3.weight.v,67108864,67136149,RAW,0.03635475001647137
63,value_embeds.5.weight.m,67108864,67136149,RAW,0.040320832980796695
63,value_embeds.5.weight.v,67108864,67136149,RAW,0.043331584020052105
63,value_embeds.7.weight.m,67108864,67136149,RAW,0.03699683299055323
63,value_embeds.7.weight.v,67108864,67136149,RAW,0.03634504199726507
64,wte.weight.m,67108864,67136149,RAW,0.03947462499490939
64,wte.weight.v,67108864,67136149,RAW,0.05614170798799023
64,blocks.0.attn.c_q.weight.buf,1048576,1049401,RAW,0.0007813749834895134
64,blocks.0.attn.c_k.weight.buf,1048576,1049401,RAW,0.0005883749981876463
64,blocks.0.attn.c_v.weight.buf,1048576,1049401,RAW,0.0005942500138189644
64,blocks.0.attn.c_proj.weight.buf,1048576,1049401,RAW,0.0005828749854117632
64,blocks.0.mlp.c_fc.weight.buf,4194304,4196389,RAW,0.0023737919982522726
64,blocks.0.mlp.c_proj.weight.buf,4194304,4195129,RAW,0.0020133750222157687
64,blocks.1.attn.c_q.weight.buf,1048576,1049401,RAW,0.0006096659926697612
64,blocks.1.attn.c_k.weight.buf,1048576,1049401,RAW,0.0006207919795997441
64,blocks.1.attn.c_v.weight.buf,1048576,1049401,RAW,0.0005727089883293957
64,blocks.1.attn.c_proj.weight.buf,1048576,1049401,RAW,0.0005589580105151981
64,blocks.1.attn.ve_gate.weight.buf,512,1022,RAW,8.792005246505141e-06
64,blocks.1.mlp.c_fc.weight.buf,4194304,4196389,RAW,0.002095375006319955
64,blocks.1.mlp.c_proj.weight.buf,4194304,4195129,RAW,0.0019754579989239573
64,blocks.2.attn.c_q.weight.buf,1048576,1049401,RAW,0.0006002919981256127
64,blocks.2.attn.c_k.weight.buf,1048576,1049401,RAW,0.0005631669773720205
64,blocks.2.attn.c_v.weight.buf,1048576,1049401,RAW,0.0005842910031788051
64,blocks.2.attn.c_proj.weight.buf,1048576,1049401,RAW,0.0005598339776042849
64,blocks.2.mlp.c_fc.weight.buf,4194304,4196389,RAW,0.0021013749937992543
64,blocks.2.mlp.c_proj.weight.buf,4194304,4195129,RAW,0.0021927500201854855
64,blocks.3.attn.c_q.weight.buf,1048576,1049401,RAW,0.0006449999928008765
64,blocks.3.attn.c_k.weight.buf,1048576,1049401,RAW,0.0006070420204196125
64,blocks.3.attn.c_v.weight.buf,1048576,1049401,RAW,0.000643584004137665
64,blocks.3.attn.c_proj.weight.buf,1048576,1049401,RAW,0.0005555830139201134
64,blocks.3.attn.ve_gate.weight.buf,512,1022,RAW,1.3374985428526998e-05
64,blocks.3.mlp.c_fc.weight.buf,4194304,4196389,RAW,0.0037260839890222996
64,blocks.3.mlp.c_proj.weight.buf,4194304,4195129,RAW,0.0022764170134905726
64,blocks.4.attn.c_q.weight.buf,1048576,1049401,RAW,0.0006744170095771551
64,blocks.4.attn.c_k.weight.buf,1048576,1049401,RAW,0.0006151249981485307
64,blocks.4.attn.c_v.weight.buf,1048576,1049401,RAW,0.0005904169811401516
64,blocks.4.attn.c_proj.weight.buf,1048576,1049401,RAW,0.000626541004749015
64,blocks.4.mlp.c_fc.weight.buf,4194304,4196389,RAW,0.0034409590007271618
64,blocks.4.mlp.c_proj.weight.buf,4194304,4195129,RAW,0.0021545840136241168
64,blocks.5.attn.c_q.weight.buf,1048576,1049401,RAW,0.0006121670012362301
64,blocks.5.attn.c_k.weight.buf,1048576,1049401,RAW,0.0005682080227416009
64,blocks.5.attn.c_v.weight.buf,1048576,1049401,RAW,0.0005768330011051148
64,blocks.5.attn.c_proj.weight.buf,1048576,1049401,RAW,0.0005933749780524522
64,blocks.5.attn.ve_gate.weight.buf,512,1022,RAW,1.0624993592500687e-05
64,blocks.5.mlp.c_fc.weight.buf,4194304,4196389,RAW,0.002098625001963228
64,blocks.5.mlp.c_proj.weight.buf,4194304,4195129,RAW,0.0020455839985515922
64,blocks.6.attn.c_q.weight.buf,1048576,1049401,RAW,0.0005640829913318157
64,blocks.6.attn.c_k.weight.buf,1048576,1049401,RAW,0.0006030829972587526
64,blocks.6.attn.c_v.weight.buf,1048576,1049401,RAW,0.0005517920071724802
64,blocks.6.attn.c_proj.weight.buf,1048576,1049401,RAW,0.0005554159870371222
64,blocks.6.mlp.c_fc.weight.buf,4194304,4196389,RAW,0.0020762920030392706
64,blocks.6.mlp.c_proj.weight.buf,4194304,4195129,RAW,0.0020640839939005673
64,blocks.7.attn.c_q.weight.buf,1048576,1049401,RAW,0.0005634169792756438
64,blocks.7.attn.c_k.weight.buf,1048576,1049401,RAW,0.0005595420079771429
64,blocks.7.attn.c_v.weight.buf,1048576,1049401,RAW,0.0005720409972127527
64,blocks.7.attn.c_proj.weight.buf,1048576,1049401,RAW,0.0005658750014845282
64,blocks.7.attn.ve_gate.weight.buf,512,1022,RAW,7.624999852851033e-06
64,blocks.7.mlp.c_fc.weight.buf,4194304,4196389,RAW,0.0020927080186083913
64,blocks.7.mlp.c_proj.weight.buf,4194304,4195129,RAW,0.0035557499795686454
64,lm_head.weight.m,67108864,67136149,RAW,0.035356583015527576
64,lm_head.weight.v,67108864,67136149,RAW,0.035620333976112306
64,resid_lambdas.m,32,32,RAW_VECTOR,5.459005478769541e-06
64,resid_lambdas.v,32,32,RAW_VECTOR,1.6249832697212696e-06
64,x0_lambdas.m,32,32,RAW_VECTOR,1.3750104699283838e-06
64,x0_lambdas.v,32,32,RAW_VECTOR,4.169996827840805e-07
64,value_embeds.1.weight.m,67108864,67136149,RAW,0.03602308398694731
64,value_embeds.1.weight.v,67108864,67136149,RAW,0.06275920799816959
64,value_embeds.3.weight.m,67108864,67136149,RAW,0.04309349998948164
64,value_embeds.3.weight.v,67108864,67136149,RAW,0.04006312499404885
64,value_embeds.5.weight.m,67108864,67136149,RAW,0.038098332996014506
64,value_embeds.5.weight.v,67108864,67136149,RAW,0.038952208997216076
64,value_embeds.7.weight.m,67108864,67136149,RAW,0.03480295799090527
64,value_embeds.7.weight.v,67108864,67136149,RAW,0.03953937502228655
65,wte.weight.m,67108864,67136149,RAW,0.04568399998242967
65,wte.weight.v,67108864,67136149,RAW,0.03929512499598786
65,blocks.0.attn.c_q.weight.buf,1048576,1049401,RAW,0.0006382080027833581
65,blocks.0.attn.c_k.weight.buf,1048576,1049401,RAW,0.0005788750131614506
65,blocks.0.attn.c_v.weight.buf,1048576,1049401,RAW,0.0005592920060735196
65,blocks.0.attn.c_proj.weight.buf,1048576,1049401,RAW,0.000579125015065074
65,blocks.0.mlp.c_fc.weight.buf,4194304,4196389,RAW,0.002219416986918077
65,blocks.0.mlp.c_proj.weight.buf,4194304,4195129,RAW,0.0019614170014392585
65,blocks.1.attn.c_q.weight.buf,1048576,1049401,RAW,0.0006009160133544356
65,blocks.1.attn.c_k.weight.buf,1048576,1049401,RAW,0.0005534999945666641
65,blocks.1.attn.c_v.weight.buf,1048576,1049401,RAW,0.0005458750238176435
65,blocks.1.attn.c_proj.weight.buf,1048576,1049401,RAW,0.0013309580099303275
65,blocks.1.attn.ve_gate.weight.buf,512,1022,RAW,1.4374993043020368e-05
65,blocks.1.mlp.c_fc.weight.buf,4194304,4196389,RAW,0.002279249980347231
65,blocks.1.mlp.c_proj.weight.buf,4194304,4195129,RAW,0.0021375420037657022
65,blocks.2.attn.c_q.weight.buf,1048576,1049401,RAW,0.0006219579954631627
65,blocks.2.attn.c_k.weight.buf,1048576,1049401,RAW,0.0005829170113429427
65,blocks.2.attn.c_v.weight.buf,1048576,1049401,RAW,0.0005430000019259751
65,blocks.2.attn.c_proj.weight.buf,1048576,1049401,RAW,0.0005815839977003634
65,blocks.2.mlp.c_fc.weight.buf,4194304,4196389,RAW,0.002380833000643179
65,blocks.2.mlp.c_proj.weight.buf,4194304,4195129,RAW,0.0020880000083707273
65,blocks.3.attn.c_q.weight.buf,1048576,1049401,RAW,0.0006213340093381703
65,blocks.3.attn.c_k.weight.buf,1048576,1049401,RAW,0.0005544580053538084
65,blocks.3.attn.c_v.weight.buf,1048576,1049401,RAW,0.0005892079789191484
65,blocks.3.attn.c_proj.weight.buf,1048576,1049401,RAW,0.0006252920138649642
65,blocks.3.attn.ve_gate.weight.buf,512,1022,RAW,1.9458006136119366e-05
65,blocks.3.mlp.c_fc.weight.buf,4194304,4196389,RAW,0.002177334012230858
65,blocks.3.mlp.c_proj.weight.buf,4194304,4195129,RAW,0.0021620830229949206
65,blocks.4.attn.c_q.weight.buf,1048576,1049401,RAW,0.0006674160249531269
65,blocks.4.attn.c_k.weight.buf,1048576,1049401,RAW,0.0006069579976610839
65,blocks.4.attn.c_v.weight.buf,1048576,1049401,RAW,0.0006498750008177012
65,blocks.4.attn.c_proj.weight.buf,1048576,1049401,RAW,0.0006121660117059946
65,blocks.4.mlp.c_fc.weight.buf,4194304,4196389,RAW,0.0036582089960575104
65,blocks.4.mlp.c_proj.weight.buf,4194304,4195129,RAW,0.0023224999895319343
65,blocks.5.attn.c_q.weight.buf,1048576,1049401,RAW,0.0007068749982863665
65,blocks.5.attn.c_k.weight.buf,1048576,1049401,RAW,0.00064245899557136
65,blocks.5.attn.c_v.weight.buf,1048576,1049401,RAW,0.0006581250054296106
65,blocks.5.attn.c_proj.weight.buf,1048576,1049401,RAW,0.0006151669949758798
65,blocks.5.attn.ve_gate.weight.buf,512,1022,RAW,3.208400448784232e-05
65,blocks.5.mlp.c_fc.weight.buf,4194304,4196389,RAW,0.0021562500041909516
65,blocks.5.mlp.c_proj.weight.buf,4194304,4195129,RAW,0.0022145420080050826
65,blocks.6.attn.c_q.weight.buf,1048576,1049401,RAW,0.0006728329753968865
65,blocks.6.attn.c_k.weight.buf,1048576,1049401,RAW,0.0006127500091679394
65,blocks.6.attn.c_v.weight.buf,1048576,1049401,RAW,0.0005987920158077031
65,blocks.6.attn.c_proj.weight.buf,1048576,1049401,RAW,0.000613541022175923
65,blocks.6.mlp.c_fc.weight.buf,4194304,4196389,RAW,0.0022210000024642795
65,blocks.6.mlp.c_proj.weight.buf,4194304,4195129,RAW,0.0023262920149136335
65,blocks.7.attn.c_q.weight.buf,1048576,1049401,RAW,0.0006549590034410357
65,blocks.7.attn.c_k.weight.buf,1048576,1049401,RAW,0.0006170419801492244
65,blocks.7.attn.c_v.weight.buf,1048576,1049401,RAW,0.000612458010436967
65,blocks.7.attn.c_proj.weight.buf,1048576,1049401,RAW,0.0005955829983577132
65,blocks.7.attn.ve_gate.weight.buf,512,1022,RAW,1.4999997802078724e-05
65,blocks.7.mlp.c_fc.weight.buf,4194304,4196389,RAW,0.0022342080192174762
65,blocks.7.mlp.c_proj.weight.buf,4194304,4195129,RAW,0.002161416021408513
65,lm_head.weight.m,67108864,67136149,RAW,0.036822875001234934
65,lm_head.weight.v,67108864,67136149,RAW,0.04479783299029805
65,resid_lambdas.m,32,32,RAW_VECTOR,6.458983989432454e-06
65,resid_lambdas.v,32,32,RAW_VECTOR,4.5797787606716156e-07
65,x0_lambdas.m,32,32,RAW_VECTOR,2.207991201430559e-06
65,x0_lambdas.v,32,32,RAW_VECTOR,2.500019036233425e-07
65,value_embeds.1.weight.m,67108864,67136149,RAW,0.03808974998537451
65,value_embeds.1.weight.v,67108864,67136149,RAW,0.06940695800585672
65,value_embeds.3.weight.m,67108864,67136149,RAW,0.04234233300667256
65,value_embeds.3.weight.v,67108864,67136149,RAW,0.04211795801529661
65,value_embeds.5.weight.m,67108864,67136149,RAW,0.03565633299876936
65,value_embeds.5.weight.v,67108864,67136149,RAW,0.03988529200432822
65,value_embeds.7.weight.m,67108864,67136149,RAW,0.03744462499162182
65,value_embeds.7.weight.v,67108864,67136149,RAW,0.04023308301111683
66,wte.weight.m,67108864,67136149,RAW,0.039102999988244846
66,wte.weight.v,67108864,67136149,RAW,0.05709308298537508
66,blocks.0.attn.c_q.weight.buf,1048576,1049401,RAW,0.0007316249830182642
66,blocks.0.attn.c_k.weight.buf,1048576,1049401,RAW,0.000595374993281439
66,blocks.0.attn.c_v.weight.buf,1048576,1049401,RAW,0.0005908750172238797
66,blocks.0.attn.c_proj.weight.buf,1048576,1049401,RAW,0.0006024160247761756
66,blocks.0.mlp.c_fc.weight.buf,4194304,4196389,RAW,0.0030209159885998815
66,blocks.0.mlp.c_proj.weight.buf,4194304,4195129,RAW,0.00214641701313667
66,blocks.1.attn.c_q.weight.buf,1048576,1049401,RAW,0.0006348330061882734
66,blocks.1.attn.c_k.weight.buf,1048576,1049401,RAW,0.0005951249913778156
66,blocks.1.attn.c_v.weight.buf,1048576,1049401,RAW,0.0005944579897914082
66,blocks.1.attn.c_proj.weight.buf,1048576,1049401,RAW,0.000585292000323534
66,blocks.1.attn.ve_gate.weight.buf,512,1022,RAW,9.792012860998511e-06
66,blocks.1.mlp.c_fc.weight.buf,4194304,4196389,RAW,0.0020617080153897405
66,blocks.1.mlp.c_proj.weight.buf,4194304,4195129,RAW,0.0020500410173553973
66,blocks.2.attn.c_q.weight.buf,1048576,1049401,RAW,0.0005983749870210886
66,blocks.2.attn.c_k.weight.buf,1048576,1049401,RAW,0.0005650829989463091
66,blocks.2.attn.c_v.weight.buf,1048576,1049401,RAW,0.0005742500070482492
66,blocks.2.attn.c_proj.weight.buf,1048576,1049401,RAW,0.0005580410070251673
66,blocks.2.mlp.c_fc.weight.buf,4194304,4196389,RAW,0.0021672500006388873
66,blocks.2.mlp.c_proj.weight.buf,4194304,4195129,RAW,0.0020427499839570373
66,blocks.3.attn.c_q.weight.buf,1048576,1049401,RAW,0.02452704100869596
66,blocks.3.attn.c_k.weight.buf,1048576,1049401,RAW,0.0007406669901683927
66,blocks.3.attn.c_v.weight.buf,1048576,1049401,RAW,0.0005924169963691384
66,blocks.3.attn.c_proj.weight.buf,1048576,1049401,RAW,0.0005770839925389737
66,blocks.3.attn.ve_gate.weight.buf,512,1022,RAW,8.792005246505141e-06
66,blocks.3.mlp.c_fc.weight.buf,4194304,4196389,RAW,0.002340167004149407
66,blocks.3.mlp.c_proj.weight.buf,4194304,4195129,RAW,0.002979916986078024
66,blocks.4.attn.c_q.weight.buf,1048576,1049401,RAW,0.0007519169885199517
66,blocks.4.attn.c_k.weight.buf,1048576,1049401,RAW,0.00057441700482741
66,blocks.4.attn.c_v.weight.buf,1048576,1049401,RAW,0.000579125015065074
66,blocks.4.attn.c_proj.weight.buf,1048576,1049401,RAW,0.0006165419763419777
66,blocks.4.mlp.c_fc.weight.buf,4194304,4196389,RAW,0.002057833014987409
66,blocks.4.mlp.c_proj.weight.buf,4194304,4195129,RAW,0.0020052079926244915
66,blocks.5.attn.c_q.weight.buf,1048576,1049401,RAW,0.0006129579851403832
66,blocks.5.attn.c_k.weight.buf,1048576,1049401,RAW,0.0005557500116992742
66,blocks.5.attn.c_v.weight.buf,1048576,1049401,RAW,0.0005697500018868595
66,blocks.5.attn.c_proj.weight.buf,1048576,1049401,RAW,0.0005568329943343997
66,blocks.5.attn.ve_gate.weight.buf,512,1022,RAW,7.6669966802001e-06
66,blocks.5.mlp.c_fc.weight.buf,4194304,4196389,RAW,0.0020856669871136546
66,blocks.5.mlp.c_proj.weight.buf,4194304,4195129,RAW,0.0020236659911461174
66,blocks.6.attn.c_q.weight.buf,1048576,1049401,RAW,0.0006257089844439179
66,blocks.6.attn.c_k.weight.buf,1048576,1049401,RAW,0.0005817920027766377
66,blocks.6.attn.c_v.weight.buf,1048576,1049401,RAW,0.0005717079911846668
66,blocks.6.attn.c_proj.weight.buf,1048576,1049401,RAW,0.0005603750178124756
66,blocks.6.mlp.c_fc.weight.buf,4194304,4196389,RAW,0.003351583000039682
66,blocks.6.mlp.c_proj.weight.buf,4194304,4195129,RAW,0.002115750015946105
66,blocks.7.attn.c_q.weight.buf,1048576,1049401,RAW,0.0006322079862002283
66,blocks.7.attn.c_k.weight.buf,1048576,1049401,RAW,0.0005657500005327165
66,blocks.7.attn.c_v.weight.buf,1048576,1049401,RAW,0.0005699169996660203
66,blocks.7.attn.c_proj.weight.buf,1048576,1049401,RAW,0.0005927919992245734
66,blocks.7.attn.ve_gate.weight.buf,512,1022,RAW,8.041999535635114e-06
66,blocks.7.mlp.c_fc.weight.buf,4194304,4196389,RAW,0.0020557079988066107
66,blocks.7.mlp.c_proj.weight.buf,4194304,4195129,RAW,0.0020377500040922314
66,lm_head.weight.m,67108864,67136149,RAW,0.041722541995113716
66,lm_head.weight.v,67108864,67136149,RAW,0.04039775001001544
66,resid_lambdas.m,32,32,RAW_VECTOR,7.583992555737495e-06
66,resid_lambdas.v,32,32,RAW_VECTOR,5.420006345957518e-07
66,x0_lambdas.m,32,32,RAW_VECTOR,1.0420044418424368e-06
66,x0_lambdas.v,32,32,RAW_VECTOR,4.169996827840805e-07
66,value_embeds.1.weight.m,67108864,67136149,RAW,0.03556687501259148
66,value_embeds.1.weight.v,67108864,67136149,RAW,0.04151324997656047
66,value_embeds.3.weight.m,67108864,67136149,RAW,0.05849645799025893
66,value_embeds.3.weight.v,67108864,67136149,RAW,0.03981637497781776
66,value_embeds.5.weight.m,67108864,67136149,RAW,0.036831583973253146
66,value_embeds.5.weight.v,67108864,67136149,RAW,0.04019324999535456
66,value_embeds.7.weight.m,67108864,67136149,RAW,0.038536292006028816
66,value_embeds.7.weight.v,67108864,67136149,RAW,0.040176958980737254
67,wte.weight.m,67108864,67136149,RAW,0.034605833992827684
67,wte.weight.v,67108864,67136149,RAW,0.039611084008356556
67,blocks.0.attn.c_q.weight.buf,1048576,1049401,RAW,0.0006683339888695627
67,blocks.0.attn.c_k.weight.buf,1048576,1049401,RAW,0.0006215000175870955
67,blocks.0.attn.c_v.weight.buf,1048576,1049401,RAW,0.0005819590005557984
67,blocks.0.attn.c_proj.weight.buf,1048576,1049401,RAW,0.0005671669787261635
67,blocks.0.mlp.c_fc.weight.buf,4194304,4196389,RAW,0.002272292011184618
67,blocks.0.mlp.c_proj.weight.buf,4194304,4195129,RAW,0.002085707994410768
67,blocks.1.attn.c_q.weight.buf,1048576,1049401,RAW,0.0005843749968335032
67,blocks.1.attn.c_k.weight.buf,1048576,1049401,RAW,0.0005335420137271285
67,blocks.1.attn.c_v.weight.buf,1048576,1049401,RAW,0.0005553750088438392
67,blocks.1.attn.c_proj.weight.buf,1048576,1049401,RAW,0.0005265409999992698
67,blocks.1.attn.ve_gate.weight.buf,512,1022,RAW,8.1659818533808e-06
67,blocks.1.mlp.c_fc.weight.buf,4194304,4196389,RAW,0.002066000015474856
67,blocks.1.mlp.c_proj.weight.buf,4194304,4195129,RAW,0.001986791001399979
67,blocks.2.attn.c_q.weight.buf,1048576,1049401,RAW,0.000581290980335325
67,blocks.2.attn.c_k.weight.buf,1048576,1049401,RAW,0.0005520829872693866
67,blocks.2.attn.c_v.weight.buf,1048576,1049401,RAW,0.0005230839888099581
67,blocks.2.attn.c_proj.weight.buf,1048576,1049401,RAW,0.0005329170089680701
67,blocks.2.mlp.c_fc.weight.buf,4194304,4196389,RAW,0.0020233749819453806
67,blocks.2.mlp.c_proj.weight.buf,4194304,4195129,RAW,0.001968333002878353
67,blocks.3.attn.c_q.weight.buf,1048576,1049401,RAW,0.0005931670020800084
67,blocks.3.attn.c_k.weight.buf,1048576,1049401,RAW,0.023099916987121105
67,blocks.3.attn.c_v.weight.buf,1048576,1049401,RAW,0.0006902079912833869
67,blocks.3.attn.c_proj.weight.buf,1048576,1049401,RAW,0.0005944159929640591
67,blocks.3.attn.ve_gate.weight.buf,512,1022,RAW,1.0334013495594263e-05
67,blocks.3.mlp.c_fc.weight.buf,4194304,4196389,RAW,0.00233424999169074
67,blocks.3.mlp.c_proj.weight.buf,4194304,4195129,RAW,0.002506582997739315
67,blocks.4.attn.c_q.weight.buf,1048576,1049401,RAW,0.0007224169967230409
67,blocks.4.attn.c_k.weight.buf,1048576,1049401,RAW,0.0005855830095242709
67,blocks.4.attn.c_v.weight.buf,1048576,1049401,RAW,0.0005736249731853604
67,blocks.4.attn.c_proj.weight.buf,1048576,1049401,RAW,0.0005755830206908286
67,blocks.4.mlp.c_fc.weight.buf,4194304,4196389,RAW,0.0023184999881777912
67,blocks.4.mlp.c_proj.weight.buf,4194304,4195129,RAW,0.0021795409847982228
67,blocks.5.attn.c_q.weight.buf,1048576,1049401,RAW,0.0006474579859059304
67,blocks.5.attn.c_k.weight.buf,1048576,1049401,RAW,0.0005753749865107238
67,blocks.5.attn.c_v.weight.buf,1048576,1049401,RAW,0.000566458998946473
67,blocks.5.attn.c_proj.weight.buf,1048576,1049401,RAW,0.000612083007581532
67,blocks.5.attn.ve_gate.weight.buf,512,1022,RAW,1.4457997167482972e-05
67,blocks.5.mlp.c_fc.weight.buf,4194304,4196389,RAW,0.002146124985301867
67,blocks.5.mlp.c_proj.weight.buf,4194304,4195129,RAW,0.0020032500033266842
67,blocks.6.attn.c_q.weight.buf,1048576,1049401,RAW,0.0006049169751349837
67,blocks.6.attn.c_k.weight.buf,1048576,1049401,RAW,0.0006530410028062761
67,blocks.6.attn.c_v.weight.buf,1048576,1049401,RAW,0.000653665978461504
67,blocks.6.attn.c_proj.weight.buf,1048576,1049401,RAW,0.0005936249799560755
67,blocks.6.mlp.c_fc.weight.buf,4194304,4196389,RAW,0.0029569999896921217
67,blocks.6.mlp.c_proj.weight.buf,4194304,4195129,RAW,0.0021541670139413327
67,blocks.7.attn.c_q.weight.buf,1048576,1049401,RAW,0.0006788329919800162
67,blocks.7.attn.c_k.weight.buf,1048576,1049401,RAW,0.0005854170012753457
67,blocks.7.attn.c_v.weight.buf,1048576,1049401,RAW,0.0005827919812873006
67,blocks.7.attn.c_proj.weight.buf,1048576,1049401,RAW,0.0005826670094393194
67,blocks.7.attn.ve_gate.weight.buf,512,1022,RAW,1.8457998521625996e-05
67,blocks.7.mlp.c_fc.weight.buf,4194304,4196389,RAW,0.002198292000684887
67,blocks.7.mlp.c_proj.weight.buf,4194304,4195129,RAW,0.0022724170121364295
67,lm_head.weight.m,67108864,67136149,RAW,0.04392941601690836
67,lm_head.weight.v,67108864,67136149,RAW,0.040978417004225776
67,resid_lambdas.m,32,32,RAW_VECTOR,9.99998883344233e-06
67,resid_lambdas.v,32,32,RAW_VECTOR,2.374988980591297e-06
67,x0_lambdas.m,32,32,RAW_VECTOR,2.042012056335807e-06
67,x0_lambdas.v,32,32,RAW_VECTOR,3.7500285543501377e-07
67,value_embeds.1.weight.m,67108864,67136149,RAW,0.06822179202572443
67,value_embeds.1.weight.v,67108864,67136149,RAW,0.036417916999198496
67,value_embeds.3.weight.m,67108864,67136149,RAW,0.03659162498661317
67,value_embeds.3.weight.v,67108864,67136149,RAW,0.04336800001328811
67,value_embeds.5.weight.m,67108864,67136149,RAW,0.03694566700141877
67,value_embeds.5.weight.v,67108864,67136149,RAW,0.045185041992226616
67,value_embeds.7.weight.m,67108864,67136149,RAW,0.03916674997890368
67,value_embeds.7.weight.v,67108864,67136149,RAW,0.07166291598696262
68,wte.weight.m,67108864,67136149,RAW,0.041818999976385385
68,wte.weight.v,67108864,67136149,RAW,0.04041516699362546
68,blocks.0.attn.c_q.weight.buf,1048576,1049401,RAW,0.0006497919966932386
68,blocks.0.attn.c_k.weight.buf,1048576,1049401,RAW,0.0005865829880349338
68,blocks.0.attn.c_v.weight.buf,1048576,1049401,RAW,0.0005822920065838844
68,blocks.0.attn.c_proj.weight.buf,1048576,1049401,RAW,0.0005815420008730143
68,blocks.0.mlp.c_fc.weight.buf,4194304,4196389,RAW,0.002343792002648115
68,blocks.0.mlp.c_proj.weight.buf,4194304,4195129,RAW,0.0020544580183923244
68,blocks.1.attn.c_q.weight.buf,1048576,1049401,RAW,0.0006252919847611338
68,blocks.1.attn.c_k.weight.buf,1048576,1049401,RAW,0.0005700420006178319
68,blocks.1.attn.c_v.weight.buf,1048576,1049401,RAW,0.001048499980242923
68,blocks.1.attn.c_proj.weight.buf,1048576,1049401,RAW,0.0005995829997118562
68,blocks.1.attn.ve_gate.weight.buf,512,1022,RAW,1.1500000255182385e-05
68,blocks.1.mlp.c_fc.weight.buf,4194304,4196389,RAW,0.0023307499941438437
68,blocks.1.mlp.c_proj.weight.buf,4194304,4195129,RAW,0.0021085829939693213
68,blocks.2.attn.c_q.weight.buf,1048576,1049401,RAW,0.0006221660005394369
68,blocks.2.attn.c_k.weight.buf,1048576,1049401,RAW,0.0005744999798480421
68,blocks.2.attn.c_v.weight.buf,1048576,1049401,RAW,0.0005704999784938991
68,blocks.2.attn.c_proj.weight.buf,1048576,1049401,RAW,0.0005740000051446259
68,blocks.2.mlp.c_fc.weight.buf,4194304,4196389,RAW,0.0020581670105457306
68,blocks.2.mlp.c_proj.weight.buf,4194304,4195129,RAW,0.0020948750025127083
68,blocks.3.attn.c_q.weight.buf,1048576,1049401,RAW,0.0006162920035421848
68,blocks.3.attn.c_k.weight.buf,1048576,1049401,RAW,0.0005790830182377249
68,blocks.3.attn.c_v.weight.buf,1048576,1049401,RAW,0.0005724589864257723
68,blocks.3.attn.c_proj.weight.buf,1048576,1049401,RAW,0.0005615830013994128
68,blocks.3.attn.ve_gate.weight.buf,512,1022,RAW,7.624999852851033e-06
68,blocks.3.mlp.c_fc.weight.buf,4194304,4196389,RAW,0.0020537080126814544
68,blocks.3.mlp.c_proj.weight.buf,4194304,4195129,RAW,0.0020772499847225845
68,blocks.4.attn.c_q.weight.buf,1048576,1049401,RAW,0.0006197500042617321
68,blocks.4.attn.c_k.weight.buf,1048576,1049401,RAW,0.0005779159837402403
68,blocks.4.attn.c_v.weight.buf,1048576,1049401,RAW,0.0005680000176653266
68,blocks.4.attn.c_proj.weight.buf,1048576,1049401,RAW,0.0006102090119384229
68,blocks.4.mlp.c_fc.weight.buf,4194304,4196389,RAW,0.002544666000176221
68,blocks.4.mlp.c_proj.weight.buf,4194304,4195129,RAW,0.0021268750133458525
68,blocks.5.attn.c_q.weight.buf,1048576,1049401,RAW,0.0006334589852485806
68,blocks.5.attn.c_k.weight.buf,1048576,1049401,RAW,0.0005787080153822899
68,blocks.5.attn.c_v.weight.buf,1048576,1049401,RAW,0.0005672500119544566
68,blocks.5.attn.c_proj.weight.buf,1048576,1049401,RAW,0.0005680409958586097
68,blocks.5.attn.ve_gate.weight.buf,512,1022,RAW,7.916998583823442e-06
68,blocks.5.mlp.c_fc.weight.buf,4194304,4196389,RAW,0.00201554101658985
68,blocks.5.mlp.c_proj.weight.buf,4194304,4195129,RAW,0.0020991250057704747
68,blocks.6.attn.c_q.weight.buf,1048576,1049401,RAW,0.0006342080014292151
68,blocks.6.attn.c_k.weight.buf,1048576,1049401,RAW,0.0005674159910995513
68,blocks.6.attn.c_v.weight.buf,1048576,1049401,RAW,0.0005650829989463091
68,blocks.6.attn.c_proj.weight.buf,1048576,1049401,RAW,0.0005630829837173223
68,blocks.6.mlp.c_fc.weight.buf,4194304,4196389,RAW,0.0020968749886378646
68,blocks.6.mlp.c_proj.weight.buf,4194304,4195129,RAW,0.002072458009934053
68,blocks.7.attn.c_q.weight.buf,1048576,1049401,RAW,0.0006040409789420664
68,blocks.7.attn.c_k.weight.buf,1048576,1049401,RAW,0.0005705410148948431
68,blocks.7.attn.c_v.weight.buf,1048576,1049401,RAW,0.0005774589953944087
68,blocks.7.attn.c_proj.weight.buf,1048576,1049401,RAW,0.0005760840140283108
68,blocks.7.attn.ve_gate.weight.buf,512,1022,RAW,7.624999852851033e-06
68,blocks.7.mlp.c_fc.weight.buf,4194304,4196389,RAW,0.0020567910105455667
68,blocks.7.mlp.c_proj.weight.buf,4194304,4195129,RAW,0.026663166005164385
68,lm_head.weight.m,67108864,67136149,RAW,0.035398292005993426
68,lm_head.weight.v,67108864,67136149,RAW,0.03595399999176152
68,resid_lambdas.m,32,32,RAW_VECTOR,7.833994459360838e-06
68,resid_lambdas.v,32,32,RAW_VECTOR,6.250047590583563e-07
68,x0_lambdas.m,32,32,RAW_VECTOR,1.2909877113997936e-06
68,x0_lambdas.v,32,32,RAW_VECTOR,5.00003807246685e-07
68,value_embeds.1.weight.m,67108864,67136149,RAW,0.03645283301011659
68,value_embeds.1.weight.v,67108864,67136149,RAW,0.06208579201484099
68,value_embeds.3.weight.m,67108864,67136149,RAW,0.043897499999729916
68,value_embeds.3.weight.v,67108864,67136149,RAW,0.04086420900421217
68,value_embeds.5.weight.m,67108864,67136149,RAW,0.034863167005823925
68,value_embeds.5.weight.v,67108864,67136149,RAW,0.042890415992587805
68,value_embeds.7.weight.m,67108864,67136149,RAW,0.0556923339900095
68,value_embeds.7.weight.v,67108864,67136149,RAW,0.04034112498629838
69,wte.weight.m,67108864,67136149,RAW,0.038291415985440835
69,wte.weight.v,67108864,67136149,RAW,0.0322135410096962
69,blocks.0.attn.c_q.weight.buf,1048576,1049401,RAW,0.0007419580069836229
69,blocks.0.attn.c_k.weight.buf,1048576,1049401,RAW,0.0005801249935757369
69,blocks.0.attn.c_v.weight.buf,1048576,1049401,RAW,0.0005868330190423876
69,blocks.0.attn.c_proj.weight.buf,1048576,1049401,RAW,0.0005877499934285879
69,blocks.0.mlp.c_fc.weight.buf,4194304,4196389,RAW,0.002310790994670242
69,blocks.0.mlp.c_proj.weight.buf,4194304,4195129,RAW,0.0019816660205833614
69,blocks.1.attn.c_q.weight.buf,1048576,1049401,RAW,0.0006450829969253391
69,blocks.1.attn.c_k.weight.buf,1048576,1049401,RAW,0.0005529590125661343
69,blocks.1.attn.c_v.weight.buf,1048576,1049401,RAW,0.0005451659963000566
69,blocks.1.attn.c_proj.weight.buf,1048576,1049401,RAW,0.0005355830071493983
69,blocks.1.attn.ve_gate.weight.buf,512,1022,RAW,2.245799987576902e-05
69,blocks.1.mlp.c_fc.weight.buf,4194304,4196389,RAW,0.0019987499981652945
69,blocks.1.mlp.c_proj.weight.buf,4194304,4195129,RAW,0.001987583003938198
69,blocks.2.attn.c_q.weight.buf,1048576,1049401,RAW,0.0005966659809928387
69,blocks.2.attn.c_k.weight.buf,1048576,1049401,RAW,0.0005319999763742089
69,blocks.2.attn.c_v.weight.buf,1048576,1049401,RAW,0.0005466670263558626
69,blocks.2.attn.c_proj.weight.buf,1048576,1049401,RAW,0.0005275000003166497
69,blocks.2.mlp.c_fc.weight.buf,4194304,4196389,RAW,0.002005499991355464
69,blocks.2.mlp.c_proj.weight.buf,4194304,4195129,RAW,0.002012249984545633
69,blocks.3.attn.c_q.weight.buf,1048576,1049401,RAW,0.0005892910121474415
69,blocks.3.attn.c_k.weight.buf,1048576,1049401,RAW,0.023858333006501198
69,blocks.3.attn.c_v.weight.buf,1048576,1049401,RAW,0.0006787499878555536
69,blocks.3.attn.c_proj.weight.buf,1048576,1049401,RAW,0.0005687089869752526
69,blocks.3.attn.ve_gate.weight.buf,512,1022,RAW,9.541981853544712e-06
69,blocks.3.mlp.c_fc.weight.buf,4194304,4196389,RAW,0.0022414170089177787
69,blocks.3.mlp.c_proj.weight.buf,4194304,4195129,RAW,0.002269916993100196
69,blocks.4.attn.c_q.weight.buf,1048576,1049401,RAW,0.0005916660011280328
69,blocks.4.attn.c_k.weight.buf,1048576,1049401,RAW,0.0005330829881131649
69,blocks.4.attn.c_v.weight.buf,1048576,1049401,RAW,0.0005369580176193267
69,blocks.4.attn.c_proj.weight.buf,1048576,1049401,RAW,0.0005264589854050428
69,blocks.4.mlp.c_fc.weight.buf,4194304,4196389,RAW,0.002024458983214572
69,blocks.4.mlp.c_proj.weight.buf,4194304,4195129,RAW,0.001994708989514038
69,blocks.5.attn.c_q.weight.buf,1048576,1049401,RAW,0.0005763329972978681
69,blocks.5.attn.c_k.weight.buf,1048576,1049401,RAW,0.0005464999994728714
69,blocks.5.attn.c_v.weight.buf,1048576,1049401,RAW,0.0005496249941643327
69,blocks.5.attn.c_proj.weight.buf,1048576,1049401,RAW,0.0005295409937389195
69,blocks.5.attn.ve_gate.weight.buf,512,1022,RAW,2.0791980205103755e-05
69,blocks.5.mlp.c_fc.weight.buf,4194304,4196389,RAW,0.0019939999911002815
69,blocks.5.mlp.c_proj.weight.buf,4194304,4195129,RAW,0.0019517090113367885
69,blocks.6.attn.c_q.weight.buf,1048576,1049401,RAW,0.0005735830054618418
69,blocks.6.attn.c_k.weight.buf,1048576,1049401,RAW,0.0005787080153822899
69,blocks.6.attn.c_v.weight.buf,1048576,1049401,RAW,0.0005576659750659019
69,blocks.6.attn.c_proj.weight.buf,1048576,1049401,RAW,0.0005627079808618873
69,blocks.6.mlp.c_fc.weight.buf,4194304,4196389,RAW,0.025362291984492913
69,blocks.6.mlp.c_proj.weight.buf,4194304,4195129,RAW,0.0023405419779010117
69,blocks.7.attn.c_q.weight.buf,1048576,1049401,RAW,0.000621459010289982
69,blocks.7.attn.c_k.weight.buf,1048576,1049401,RAW,0.0005611669912468642
69,blocks.7.attn.c_v.weight.buf,1048576,1049401,RAW,0.0005973749794065952
69,blocks.7.attn.c_proj.weight.buf,1048576,1049401,RAW,0.0006154590228106827
69,blocks.7.attn.ve_gate.weight.buf,512,1022,RAW,7.4169947765767574e-06
69,blocks.7.mlp.c_fc.weight.buf,4194304,4196389,RAW,0.003306458005681634
69,blocks.7.mlp.c_proj.weight.buf,4194304,4195129,RAW,0.00202695801272057
69,lm_head.weight.m,67108864,67136149,RAW,0.05087279199506156
69,lm_head.weight.v,67108864,67136149,RAW,0.03910479199839756
69,resid_lambdas.m,32,32,RAW_VECTOR,8.791015716269612e-06
69,resid_lambdas.v,32,32,RAW_VECTOR,1.4579854905605316e-06
69,x0_lambdas.m,32,32,RAW_VECTOR,9.169743862003088e-07
69,x0_lambdas.v,32,32,RAW_VECTOR,4.580069798976183e-07
69,value_embeds.1.weight.m,67108864,67136149,RAW,0.035865999991074204
69,value_embeds.1.weight.v,67108864,67136149,RAW,0.0387313749815803
69,value_embeds.3.weight.m,67108864,67136149,RAW,0.04767216698382981
69,value_embeds.3.weight.v,67108864,67136149,RAW,0.04182391701033339
69,value_embeds.5.weight.m,67108864,67136149,RAW,0.04179358301917091
69,value_embeds.5.weight.v,67108864,67136149,RAW,0.04238504098611884
69,value_embeds.7.weight.m,67108864,67136149,RAW,0.04144133298541419
69,value_embeds.7.weight.v,67108864,67136149,RAW,0.04287191599723883
70,wte.weight.m,67108864,67136149,RAW,0.04525949998060241
70,wte.weight.v,67108864,67136149,RAW,0.03987075001350604
70,blocks.0.attn.c_q.weight.buf,1048576,1049401,RAW,0.0006308330048341304
70,blocks.0.attn.c_k.weight.buf,1048576,1049401,RAW,0.0006194580055307597
70,blocks.0.attn.c_v.weight.buf,1048576,1049401,RAW,0.0005707919772248715
70,blocks.0.attn.c_proj.weight.buf,1048576,1049401,RAW,0.0005700000037904829
70,blocks.0.mlp.c_fc.weight.buf,4194304,4196389,RAW,0.002261208021081984
70,blocks.0.mlp.c_proj.weight.buf,4194304,4195129,RAW,0.0020968340104445815
70,blocks.1.attn.c_q.weight.buf,1048576,1049401,RAW,0.0006165420054458082
70,blocks.1.attn.c_k.weight.buf,1048576,1049401,RAW,0.0005706250085495412
70,blocks.1.attn.c_v.weight.buf,1048576,1049401,RAW,0.0005669999809470028
70,blocks.1.attn.c_proj.weight.buf,1048576,1049401,RAW,0.000570415984839201
70,blocks.1.attn.ve_gate.weight.buf,512,1022,RAW,8.292001439258456e-06
70,blocks.1.mlp.c_fc.weight.buf,4194304,4196389,RAW,0.0032363329955842346
70,blocks.1.mlp.c_proj.weight.buf,4194304,4195129,RAW,0.002140041993698105
70,blocks.2.attn.c_q.weight.buf,1048576,1049401,RAW,0.0006335409998428077
70,blocks.2.attn.c_k.weight.buf,1048576,1049401,RAW,0.0006130420078989118
70,blocks.2.attn.c_v.weight.buf,1048576,1049401,RAW,0.0005840829981025308
70,blocks.2.attn.c_proj.weight.buf,1048576,1049401,RAW,0.0005916670197620988
70,blocks.2.mlp.c_fc.weight.buf,4194304,4196389,RAW,0.0020352080173324794
70,blocks.2.mlp.c_proj.weight.buf,4194304,4195129,RAW,0.002020707994233817
70,blocks.3.attn.c_q.weight.buf,1048576,1049401,RAW,0.0006004169990774244
70,blocks.3.attn.c_k.weight.buf,1048576,1049401,RAW,0.0005598340067081153
70,blocks.3.attn.c_v.weight.buf,1048576,1049401,RAW,0.0005744160152971745
70,blocks.3.attn.c_proj.weight.buf,1048576,1049401,RAW,0.0005631249805446714
70,blocks.3.attn.ve_gate.weight.buf,512,1022,RAW,8.29098280519247e-06
70,blocks.3.mlp.c_fc.weight.buf,4194304,4196389,RAW,0.002042792009888217
70,blocks.3.mlp.c_proj.weight.buf,4194304,4195129,RAW,0.002012167009525001
70,blocks.4.attn.c_q.weight.buf,1048576,1049401,RAW,0.0006255839834921062
70,blocks.4.attn.c_k.weight.buf,1048576,1049401,RAW,0.0005662080075126141
70,blocks.4.attn.c_v.weight.buf,1048576,1049401,RAW,0.0005734169972129166
70,blocks.4.attn.c_proj.weight.buf,1048576,1049401,RAW,0.000571875018067658
70,blocks.4.mlp.c_fc.weight.buf,4194304,4196389,RAW,0.0020444580004550517
70,blocks.4.mlp.c_proj.weight.buf,4194304,4195129,RAW,0.002043666987447068
70,blocks.5.attn.c_q.weight.buf,1048576,1049401,RAW,0.0006533749983645976
70,blocks.5.attn.c_k.weight.buf,1048576,1049401,RAW,0.0005772910080850124
70,blocks.5.attn.c_v.weight.buf,1048576,1049401,RAW,0.0005687910015694797
70,blocks.5.attn.c_proj.weight.buf,1048576,1049401,RAW,0.0005714589788112789
70,blocks.5.attn.ve_gate.weight.buf,512,1022,RAW,1.6457983292639256e-05
70,blocks.5.mlp.c_fc.weight.buf,4194304,4196389,RAW,0.003444750007474795
70,blocks.5.mlp.c_proj.weight.buf,4194304,4195129,RAW,0.0021049590141046792
70,blocks.6.attn.c_q.weight.buf,1048576,1049401,RAW,0.000617499987129122
70,blocks.6.attn.c_k.weight.buf,1048576,1049401,RAW,0.0005881670222152025
70,blocks.6.attn.c_v.weight.buf,1048576,1049401,RAW,0.0005922499985899776
70,blocks.6.attn.c_proj.weight.buf,1048576,1049401,RAW,0.0006007080082781613
70,blocks.6.mlp.c_fc.weight.buf,4194304,4196389,RAW,0.002058124984614551
70,blocks.6.mlp.c_proj.weight.buf,4194304,4195129,RAW,0.002040334016783163
70,blocks.7.attn.c_q.weight.buf,1048576,1049401,RAW,0.0006208749837242067
70,blocks.7.attn.c_k.weight.buf,1048576,1049401,RAW,0.000574459001654759
70,blocks.7.attn.c_v.weight.buf,1048576,1049401,RAW,0.0005894170026294887
70,blocks.7.attn.c_proj.weight.buf,1048576,1049401,RAW,0.0005720839835703373
70,blocks.7.attn.ve_gate.weight.buf,512,1022,RAW,1.650000922381878e-05
70,blocks.7.mlp.c_fc.weight.buf,4194304,4196389,RAW,0.0020680419984273612
70,blocks.7.mlp.c_proj.weight.buf,4194304,4195129,RAW,0.0020756670273840427
70,lm_head.weight.m,67108864,67136149,RAW,0.06082158398930915
70,lm_head.weight.v,67108864,67136149,RAW,0.03538866702001542
70,resid_lambdas.m,32,32,RAW_VECTOR,5.54099096916616e-06
70,resid_lambdas.v,32,32,RAW_VECTOR,1.7909915186464787e-06
70,x0_lambdas.m,32,32,RAW_VECTOR,1.500011421740055e-06
70,x0_lambdas.v,32,32,RAW_VECTOR,4.580069798976183e-07
70,value_embeds.1.weight.m,67108864,67136149,RAW,0.03587612500996329
70,value_embeds.1.weight.v,67108864,67136149,RAW,0.04330470899003558
70,value_embeds.3.weight.m,67108864,67136149,RAW,0.03702395802247338
70,value_embeds.3.weight.v,67108864,67136149,RAW,0.03942166600609198
70,value_embeds.5.weight.m,67108864,67136149,RAW,0.036226750002242625
70,value_embeds.5.weight.v,67108864,67136149,RAW,0.03962312499061227
70,value_embeds.7.weight.m,67108864,67136149,RAW,0.039280958008021116
70,value_embeds.7.weight.v,67108864,67136149,RAW,0.06419895798899233
71,wte.weight.m,67108864,67136149,RAW,0.042243917006999254
71,wte.weight.v,67108864,67136149,RAW,0.05178875001729466
71,blocks.0.attn.c_q.weight.buf,1048576,1049401,RAW,0.000713415996870026
71,blocks.0.attn.c_k.weight.buf,1048576,1049401,RAW,0.0005755839811172336
71,blocks.0.attn.c_v.weight.buf,1048576,1049401,RAW,0.0005715419829357415
71,blocks.0.attn.c_proj.weight.buf,1048576,1049401,RAW,0.000582375010708347
71,blocks.0.mlp.c_fc.weight.buf,4194304,4196389,RAW,0.0030572919931728393
71,blocks.0.mlp.c_proj.weight.buf,4194304,4195129,RAW,0.0020064999989699572
71,blocks.1.attn.c_q.weight.buf,1048576,1049401,RAW,0.0005537079996429384
71,blocks.1.attn.c_k.weight.buf,1048576,1049401,RAW,0.0005598330171778798
71,blocks.1.attn.c_v.weight.buf,1048576,1049401,RAW,0.0005562090082094073
71,blocks.1.attn.c_proj.weight.buf,1048576,1049401,RAW,0.000528458011103794
71,blocks.1.attn.ve_gate.weight.buf,512,1022,RAW,1.775001874193549e-05
71,blocks.1.mlp.c_fc.weight.buf,4194304,4196389,RAW,0.0021410000044852495
71,blocks.1.mlp.c_proj.weight.buf,4194304,4195129,RAW,0.001987791998544708
71,blocks.2.attn.c_q.weight.buf,1048576,1049401,RAW,0.0005569590139202774
71,blocks.2.attn.c_k.weight.buf,1048576,1049401,RAW,0.0005577499978244305
71,blocks.2.attn.c_v.weight.buf,1048576,1049401,RAW,0.0005325840029399842
71,blocks.2.attn.c_proj.weight.buf,1048576,1049401,RAW,0.0005176670092623681
71,blocks.2.mlp.c_fc.weight.buf,4194304,4196389,RAW,0.002079208003124222
71,blocks.2.mlp.c_proj.weight.buf,4194304,4195129,RAW,0.002002458000788465
71,blocks.3.attn.c_q.weight.buf,1048576,1049401,RAW,0.0005545830063056201
71,blocks.3.attn.c_k.weight.buf,1048576,1049401,RAW,0.0011366670078132302
71,blocks.3.attn.c_v.weight.buf,1048576,1049401,RAW,0.0005703339993488044
71,blocks.3.attn.c_proj.weight.buf,1048576,1049401,RAW,0.0005689580284524709
71,blocks.3.attn.ve_gate.weight.buf,512,1022,RAW,1.2584001524373889e-05
71,blocks.3.mlp.c_fc.weight.buf,4194304,4196389,RAW,0.0023649170179851353
71,blocks.3.mlp.c_proj.weight.buf,4194304,4195129,RAW,0.0026426670083310455
71,blocks.4.attn.c_q.weight.buf,1048576,1049401,RAW,0.0005773750017397106
71,blocks.4.attn.c_k.weight.buf,1048576,1049401,RAW,0.0006179590127430856
71,blocks.4.attn.c_v.weight.buf,1048576,1049401,RAW,0.0005413749895524234
71,blocks.4.attn.c_proj.weight.buf,1048576,1049401,RAW,0.0005455840146169066
71,blocks.4.mlp.c_fc.weight.buf,4194304,4196389,RAW,0.002033458004007116
71,blocks.4.mlp.c_proj.weight.buf,4194304,4195129,RAW,0.0019728750048670918
71,blocks.5.attn.c_q.weight.buf,1048576,1049401,RAW,0.0005980420100968331
71,blocks.5.attn.c_k.weight.buf,1048576,1049401,RAW,0.0005379169888328761
71,blocks.5.attn.c_v.weight.buf,1048576,1049401,RAW,0.0005437909858301282
71,blocks.5.attn.c_proj.weight.buf,1048576,1049401,RAW,0.0005034590139985085
71,blocks.5.attn.ve_gate.weight.buf,512,1022,RAW,7.833004929125309e-06
71,blocks.5.mlp.c_fc.weight.buf,4194304,4196389,RAW,0.002047957998001948
71,blocks.5.mlp.c_proj.weight.buf,4194304,4195129,RAW,0.0019663749844767153
71,blocks.6.attn.c_q.weight.buf,1048576,1049401,RAW,0.0005655830027535558
71,blocks.6.attn.c_k.weight.buf,1048576,1049401,RAW,0.000546208000741899
71,blocks.6.attn.c_v.weight.buf,1048576,1049401,RAW,0.0005105419841129333
71,blocks.6.attn.c_proj.weight.buf,1048576,1049401,RAW,0.0005092079809401184
71,blocks.6.mlp.c_fc.weight.buf,4194304,4196389,RAW,0.002081124985124916
71,blocks.6.mlp.c_proj.weight.buf,4194304,4195129,RAW,0.001960957975825295
71,blocks.7.attn.c_q.weight.buf,1048576,1049401,RAW,0.0005413329927250743
71,blocks.7.attn.c_k.weight.buf,1048576,1049401,RAW,0.0013613339979201555
71,blocks.7.attn.c_v.weight.buf,1048576,1049401,RAW,0.0005745420057792217
71,blocks.7.attn.c_proj.weight.buf,1048576,1049401,RAW,0.0005616249982267618
71,blocks.7.attn.ve_gate.weight.buf,512,1022,RAW,1.09999964479357e-05
71,blocks.7.mlp.c_fc.weight.buf,4194304,4196389,RAW,0.002296374994330108
71,blocks.7.mlp.c_proj.weight.buf,4194304,4195129,RAW,0.002064000000245869
71,lm_head.weight.m,67108864,67136149,RAW,0.05564062501071021
71,lm_head.weight.v,67108864,67136149,RAW,0.039376665983581915
71,resid_lambdas.m,32,32,RAW_VECTOR,1.0374991688877344e-05
71,resid_lambdas.v,32,32,RAW_VECTOR,1.2920063454657793e-06
71,x0_lambdas.m,32,32,RAW_VECTOR,1.1250085663050413e-06
71,x0_lambdas.v,32,32,RAW_VECTOR,3.3300602808594704e-07
71,value_embeds.1.weight.m,67108864,67136149,RAW,0.034091166977304965
71,value_embeds.1.weight.v,67108864,67136149,RAW,0.040933041978860274
71,value_embeds.3.weight.m,67108864,67136149,RAW,0.053526375006185845
71,value_embeds.3.weight.v,67108864,67136149,RAW,0.039433542027836666
71,value_embeds.5.weight.m,67108864,67136149,RAW,0.033561999996891245
71,value_embeds.5.weight.v,67108864,67136149,RAW,0.03950770798837766
71,value_embeds.7.weight.m,67108864,67136149,RAW,0.03752483401331119
71,value_embeds.7.weight.v,67108864,67136149,RAW,0.040330541000002995
72,wte.weight.m,67108864,67136149,RAW,0.042993957991711795
72,wte.weight.v,67108864,67136149,RAW,0.06299224999384023
72,blocks.0.attn.c_q.weight.buf,1048576,1049401,RAW,0.0007375410059466958
72,blocks.0.attn.c_k.weight.buf,1048576,1049401,RAW,0.000662000005831942
72,blocks.0.attn.c_v.weight.buf,1048576,1049401,RAW,0.0006402499857358634
72,blocks.0.attn.c_proj.weight.buf,1048576,1049401,RAW,0.0006227499980013818
72,blocks.0.mlp.c_fc.weight.buf,4194304,4196389,RAW,0.002644457999849692
72,blocks.0.mlp.c_proj.weight.buf,4194304,4195129,RAW,0.0023916659993119538
72,blocks.1.attn.c_q.weight.buf,1048576,1049401,RAW,0.0006707499851472676
72,blocks.1.attn.c_k.weight.buf,1048576,1049401,RAW,0.0007341659802477807
72,blocks.1.attn.c_v.weight.buf,1048576,1049401,RAW,0.0006092499825172126
72,blocks.1.attn.c_proj.weight.buf,1048576,1049401,RAW,0.0005858750082552433
72,blocks.1.attn.ve_gate.weight.buf,512,1022,RAW,1.0583986295387149e-05
72,blocks.1.mlp.c_fc.weight.buf,4194304,4196389,RAW,0.00207462499383837
72,blocks.1.mlp.c_proj.weight.buf,4194304,4195129,RAW,0.002134042006218806
72,blocks.2.attn.c_q.weight.buf,1048576,1049401,RAW,0.0006209159910213202
72,blocks.2.attn.c_k.weight.buf,1048576,1049401,RAW,0.00058091597747989
72,blocks.2.attn.c_v.weight.buf,1048576,1049401,RAW,0.0005777500045951456
72,blocks.2.attn.c_proj.weight.buf,1048576,1049401,RAW,0.0005901670083403587
72,blocks.2.mlp.c_fc.weight.buf,4194304,4196389,RAW,0.0020587919862009585
72,blocks.2.mlp.c_proj.weight.buf,4194304,4195129,RAW,0.0021422909921966493
72,blocks.3.attn.c_q.weight.buf,1048576,1049401,RAW,0.0006038330029696226
72,blocks.3.attn.c_k.weight.buf,1048576,1049401,RAW,0.0005729169934056699
72,blocks.3.attn.c_v.weight.buf,1048576,1049401,RAW,0.0005723749927710742
72,blocks.3.attn.c_proj.weight.buf,1048576,1049401,RAW,0.000572583987377584
72,blocks.3.attn.ve_gate.weight.buf,512,1022,RAW,2.066601882688701e-05
72,blocks.3.mlp.c_fc.weight.buf,4194304,4196389,RAW,0.026094542001374066
72,blocks.3.mlp.c_proj.weight.buf,4194304,4195129,RAW,0.0023824580130167305
72,blocks.4.attn.c_q.weight.buf,1048576,1049401,RAW,0.0006395420059561729
72,blocks.4.attn.c_k.weight.buf,1048576,1049401,RAW,0.0006527079967781901
72,blocks.4.attn.c_v.weight.buf,1048576,1049401,RAW,0.0006121250044088811
72,blocks.4.attn.c_proj.weight.buf,1048576,1049401,RAW,0.0005927919992245734
72,blocks.4.mlp.c_fc.weight.buf,4194304,4196389,RAW,0.0020968749886378646
72,blocks.4.mlp.c_proj.weight.buf,4194304,4195129,RAW,0.0020711249962914735
72,blocks.5.attn.c_q.weight.buf,1048576,1049401,RAW,0.0006050420051906258
72,blocks.5.attn.c_k.weight.buf,1048576,1049401,RAW,0.0005926669982727617
72,blocks.5.attn.c_v.weight.buf,1048576,1049401,RAW,0.0005814160103909671
72,blocks.5.attn.c_proj.weight.buf,1048576,1049401,RAW,0.0005643749900627881
72,blocks.5.attn.ve_gate.weight.buf,512,1022,RAW,7.708003977313638e-06
72,blocks.5.mlp.c_fc.weight.buf,4194304,4196389,RAW,0.0020381250069476664
72,blocks.5.mlp.c_proj.weight.buf,4194304,4195129,RAW,0.0020304170029703528
72,blocks.6.attn.c_q.weight.buf,1048576,1049401,RAW,0.0006064169865567237
72,blocks.6.attn.c_k.weight.buf,1048576,1049401,RAW,0.0006034580001141876
72,blocks.6.attn.c_v.weight.buf,1048576,1049401,RAW,0.0005624580080620944
72,blocks.6.attn.c_proj.weight.buf,1048576,1049401,RAW,0.0005747500108554959
72,blocks.6.mlp.c_fc.weight.buf,4194304,4196389,RAW,0.002153749985154718
72,blocks.6.mlp.c_proj.weight.buf,4194304,4195129,RAW,0.002036791993305087
72,blocks.7.attn.c_q.weight.buf,1048576,1049401,RAW,0.0006727089930791408
72,blocks.7.attn.c_k.weight.buf,1048576,1049401,RAW,0.0005950839840807021
72,blocks.7.attn.c_v.weight.buf,1048576,1049401,RAW,0.0005697500018868595
72,blocks.7.attn.c_proj.weight.buf,1048576,1049401,RAW,0.0005626249767374247
72,blocks.7.attn.ve_gate.weight.buf,512,1022,RAW,1.7041980754584074e-05
72,blocks.7.mlp.c_fc.weight.buf,4194304,4196389,RAW,0.002079958008835092
72,blocks.7.mlp.c_proj.weight.buf,4194304,4195129,RAW,0.024156333995051682
72,lm_head.weight.m,67108864,67136149,RAW,0.03573062497889623
72,lm_head.weight.v,67108864,67136149,RAW,0.03897416600375436
72,resid_lambdas.m,32,32,RAW_VECTOR,5.332985892891884e-06
72,resid_lambdas.v,32,32,RAW_VECTOR,5.00003807246685e-07
72,x0_lambdas.m,32,32,RAW_VECTOR,1.2920063454657793e-06
72,x0_lambdas.v,32,32,RAW_VECTOR,4.169996827840805e-07
72,value_embeds.1.weight.m,67108864,67136149,RAW,0.03615579198230989
72,value_embeds.1.weight.v,67108864,67136149,RAW,0.03665958298370242
72,value_embeds.3.weight.m,67108864,67136149,RAW,0.036279624997405335
72,value_embeds.3.weight.v,67108864,67136149,RAW,0.04046691698022187
72,value_embeds.5.weight.m,67108864,67136149,RAW,0.036357957986183465
72,value_embeds.5.weight.v,67108864,67136149,RAW,0.04103629200835712
72,value_embeds.7.weight.m,67108864,67136149,RAW,0.03688479200354777
72,value_embeds.7.weight.v,67108864,67136149,RAW,0.04018112501944415
73,wte.weight.m,67108864,67136149,RAW,0.03662866601371206
73,wte.weight.v,67108864,67136149,RAW,0.06779295898741111
73,blocks.0.attn.c_q.weight.buf,1048576,1049401,RAW,0.000676166993798688
73,blocks.0.attn.c_k.weight.buf,1048576,1049401,RAW,0.0006274999759625643
73,blocks.0.attn.c_v.weight.buf,1048576,1049401,RAW,0.0005676669825334102
73,blocks.0.attn.c_proj.weight.buf,1048576,1049401,RAW,0.0005696250009350479
73,blocks.0.mlp.c_fc.weight.buf,4194304,4196389,RAW,0.0026147499738726765
73,blocks.0.mlp.c_proj.weight.buf,4194304,4195129,RAW,0.002128915977664292
73,blocks.1.attn.c_q.weight.buf,1048576,1049401,RAW,0.000630208000075072
73,blocks.1.attn.c_k.weight.buf,1048576,1049401,RAW,0.000581290980335325
73,blocks.1.attn.c_v.weight.buf,1048576,1049401,RAW,0.0005958749970886856
73,blocks.1.attn.c_proj.weight.buf,1048576,1049401,RAW,0.0005855000053998083
73,blocks.1.attn.ve_gate.weight.buf,512,1022,RAW,1.391599653288722e-05
73,blocks.1.mlp.c_fc.weight.buf,4194304,4196389,RAW,0.0027455000090412796
73,blocks.1.mlp.c_proj.weight.buf,4194304,4195129,RAW,0.002248332981253043
73,blocks.2.attn.c_q.weight.buf,1048576,1049401,RAW,0.0007072500011418015
73,blocks.2.attn.c_k.weight.buf,1048576,1049401,RAW,0.0006064159970264882
73,blocks.2.attn.c_v.weight.buf,1048576,1049401,RAW,0.0005735000013373792
73,blocks.2.attn.c_proj.weight.buf,1048576,1049401,RAW,0.0006143340142443776
73,blocks.2.mlp.c_fc.weight.buf,4194304,4196389,RAW,0.0021227919787634164
73,blocks.2.mlp.c_proj.weight.buf,4194304,4195129,RAW,0.002113499998813495
73,blocks.3.attn.c_q.weight.buf,1048576,1049401,RAW,0.0005789579881820828
73,blocks.3.attn.c_k.weight.buf,1048576,1049401,RAW,0.0005839589866809547
73,blocks.3.attn.c_v.weight.buf,1048576,1049401,RAW,0.0006364170112647116
73,blocks.3.attn.c_proj.weight.buf,1048576,1049401,RAW,0.0005670829850714654
73,blocks.3.attn.ve_gate.weight.buf,512,1022,RAW,8.833972970023751e-06
73,blocks.3.mlp.c_fc.weight.buf,4194304,4196389,RAW,0.002202375006163493
73,blocks.3.mlp.c_proj.weight.buf,4194304,4195129,RAW,0.002183832984883338
73,blocks.4.attn.c_q.weight.buf,1048576,1049401,RAW,0.0005900830146856606
73,blocks.4.attn.c_k.weight.buf,1048576,1049401,RAW,0.0005757079925388098
73,blocks.4.attn.c_v.weight.buf,1048576,1049401,RAW,0.0005851250025443733
73,blocks.4.attn.c_proj.weight.buf,1048576,1049401,RAW,0.0006445409962907434
73,blocks.4.mlp.c_fc.weight.buf,4194304,4196389,RAW,0.003537665994372219
73,blocks.4.mlp.c_proj.weight.buf,4194304,4195129,RAW,0.0021924579923506826
73,blocks.5.attn.c_q.weight.buf,1048576,1049401,RAW,0.0006672920135315508
73,blocks.5.attn.c_k.weight.buf,1048576,1049401,RAW,0.0006009160133544356
73,blocks.5.attn.c_v.weight.buf,1048576,1049401,RAW,0.0005849160079378635
73,blocks.5.attn.c_proj.weight.buf,1048576,1049401,RAW,0.0006136659940239042
73,blocks.5.attn.ve_gate.weight.buf,512,1022,RAW,1.2542004697024822e-05
73,blocks.5.mlp.c_fc.weight.buf,4194304,4196389,RAW,0.0024219579936470836
73,blocks.5.mlp.c_proj.weight.buf,4194304,4195129,RAW,0.0022588749998249114
73,blocks.6.attn.c_q.weight.buf,1048576,1049401,RAW,0.0006468750070780516
73,blocks.6.attn.c_k.weight.buf,1048576,1049401,RAW,0.0006323330162558705
73,blocks.6.attn.c_v.weight.buf,1048576,1049401,RAW,0.0005723339854739606
73,blocks.6.attn.c_proj.weight.buf,1048576,1049401,RAW,0.000604875007411465
73,blocks.6.mlp.c_fc.weight.buf,4194304,4196389,RAW,0.0020930420141667128
73,blocks.6.mlp.c_proj.weight.buf,4194304,4195129,RAW,0.0022927500249352306
73,blocks.7.attn.c_q.weight.buf,1048576,1049401,RAW,0.0006188749975990504
73,blocks.7.attn.c_k.weight.buf,1048576,1049401,RAW,0.0005862090038135648
73,blocks.7.attn.c_v.weight.buf,1048576,1049401,RAW,0.000582040986046195
73,blocks.7.attn.c_proj.weight.buf,1048576,1049401,RAW,0.0006302089896053076
73,blocks.7.attn.ve_gate.weight.buf,512,1022,RAW,1.3208016753196716e-05
73,blocks.7.mlp.c_fc.weight.buf,4194304,4196389,RAW,0.0021057080011814833
73,blocks.7.mlp.c_proj.weight.buf,4194304,4195129,RAW,0.027011500002117828
73,lm_head.weight.m,67108864,67136149,RAW,0.03559712501009926
73,lm_head.weight.v,67108864,67136149,RAW,0.03475033299764618
73,resid_lambdas.m,32,32,RAW_VECTOR,3.958004526793957e-06
73,resid_lambdas.v,32,32,RAW_VECTOR,1.7500133253633976e-06
73,x0_lambdas.m,32,32,RAW_VECTOR,1.0420044418424368e-06
73,x0_lambdas.v,32,32,RAW_VECTOR,4.5899651013314724e-07
73,value_embeds.1.weight.m,67108864,67136149,RAW,0.035790875001112
73,value_embeds.1.weight.v,67108864,67136149,RAW,0.06219112500548363
73,value_embeds.3.weight.m,67108864,67136149,RAW,0.04331149999052286
73,value_embeds.3.weight.v,67108864,67136149,RAW,0.03966316601145081
73,value_embeds.5.weight.m,67108864,67136149,RAW,0.06320008300826885
73,value_embeds.5.weight.v,67108864,67136149,RAW,0.035026917001232505
73,value_embeds.7.weight.m,67108864,67136149,RAW,0.05935812499956228
73,value_embeds.7.weight.v,67108864,67136149,RAW,0.04692716698627919
74,wte.weight.m,67108864,67136149,RAW,0.06508149998262525
74,wte.weight.v,67108864,67136149,RAW,0.044894791004480794
74,blocks.0.attn.c_q.weight.buf,1048576,1049401,RAW,0.0007122920069377869
74,blocks.0.attn.c_k.weight.buf,1048576,1049401,RAW,0.0006519169837702066
74,blocks.0.attn.c_v.weight.buf,1048576,1049401,RAW,0.0006194580055307597
74,blocks.0.attn.c_proj.weight.buf,1048576,1049401,RAW,0.0006370829942170531
74,blocks.0.mlp.c_fc.weight.buf,4194304,4196389,RAW,0.0024603750207461417
74,blocks.0.mlp.c_proj.weight.buf,4194304,4195129,RAW,0.002137374976882711
74,blocks.1.attn.c_q.weight.buf,1048576,1049401,RAW,0.0013550420117098838
74,blocks.1.attn.c_k.weight.buf,1048576,1049401,RAW,0.0006354580109473318
74,blocks.1.attn.c_v.weight.buf,1048576,1049401,RAW,0.0006566249940078706
74,blocks.1.attn.c_proj.weight.buf,1048576,1049401,RAW,0.0008275419822894037
74,blocks.1.attn.ve_gate.weight.buf,512,1022,RAW,2.1374988136813045e-05
74,blocks.1.mlp.c_fc.weight.buf,4194304,4196389,RAW,0.003001959004905075
74,blocks.1.mlp.c_proj.weight.buf,4194304,4195129,RAW,0.002157874987460673
74,blocks.2.attn.c_q.weight.buf,1048576,1049401,RAW,0.0006912500248290598
74,blocks.2.attn.c_k.weight.buf,1048576,1049401,RAW,0.0006264590192586184
74,blocks.2.attn.c_v.weight.buf,1048576,1049401,RAW,0.0006167090032249689
74,blocks.2.attn.c_proj.weight.buf,1048576,1049401,RAW,0.0006176669849082828
74,blocks.2.mlp.c_fc.weight.buf,4194304,4196389,RAW,0.0022028750099707395
74,blocks.2.mlp.c_proj.weight.buf,4194304,4195129,RAW,0.0021108330111019313
74,blocks.3.attn.c_q.weight.buf,1048576,1049401,RAW,0.0007195000071078539
74,blocks.3.attn.c_k.weight.buf,1048576,1049401,RAW,0.0006281249807216227
74,blocks.3.attn.c_v.weight.buf,1048576,1049401,RAW,0.0006207090045791119
74,blocks.3.attn.c_proj.weight.buf,1048576,1049401,RAW,0.0006025829934515059
74,blocks.3.attn.ve_gate.weight.buf,512,1022,RAW,2.0624982425943017e-05
74,blocks.3.mlp.c_fc.weight.buf,4194304,4196389,RAW,0.002246249991003424
74,blocks.3.mlp.c_proj.weight.buf,4194304,4195129,RAW,0.032420083007309586
74,blocks.4.attn.c_q.weight.buf,1048576,1049401,RAW,0.0007090420112945139
74,blocks.4.attn.c_k.weight.buf,1048576,1049401,RAW,0.000614249991485849
74,blocks.4.attn.c_v.weight.buf,1048576,1049401,RAW,0.0007604160055052489
74,blocks.4.attn.c_proj.weight.buf,1048576,1049401,RAW,0.0006145000224933028
74,blocks.4.mlp.c_fc.weight.buf,4194304,4196389,RAW,0.0021936249977443367
74,blocks.4.mlp.c_proj.weight.buf,4194304,4195129,RAW,0.0021615000150632113
74,blocks.5.attn.c_q.weight.buf,1048576,1049401,RAW,0.0006575830047950149
74,blocks.5.attn.c_k.weight.buf,1048576,1049401,RAW,0.0005914170178584754
74,blocks.5.attn.c_v.weight.buf,1048576,1049401,RAW,0.0005920419935137033
74,blocks.5.attn.c_proj.weight.buf,1048576,1049401,RAW,0.0005905000143684447
74,blocks.5.attn.ve_gate.weight.buf,512,1022,RAW,1.624997821636498e-05
74,blocks.5.mlp.c_fc.weight.buf,4194304,4196389,RAW,0.002399374992819503
74,blocks.5.mlp.c_proj.weight.buf,4194304,4195129,RAW,0.0021425829909276217
74,blocks.6.attn.c_q.weight.buf,1048576,1049401,RAW,0.000760499999159947
74,blocks.6.attn.c_k.weight.buf,1048576,1049401,RAW,0.000686333019984886
74,blocks.6.attn.c_v.weight.buf,1048576,1049401,RAW,0.0006539580062963068
74,blocks.6.attn.c_proj.weight.buf,1048576,1049401,RAW,0.0006612500001210719
74,blocks.6.mlp.c_fc.weight.buf,4194304,4196389,RAW,0.002407708001555875
74,blocks.6.mlp.c_proj.weight.buf,4194304,4195129,RAW,0.00220679200720042
74,blocks.7.attn.c_q.weight.buf,1048576,1049401,RAW,0.000651917012874037
74,blocks.7.attn.c_k.weight.buf,1048576,1049401,RAW,0.0006491249951068312
74,blocks.7.attn.c_v.weight.buf,1048576,1049401,RAW,0.000609499984420836
74,blocks.7.attn.c_proj.weight.buf,1048576,1049401,RAW,0.029715874989051372
74,blocks.7.attn.ve_gate.weight.buf,512,1022,RAW,0.00014383398229256272
74,blocks.7.mlp.c_fc.weight.buf,4194304,4196389,RAW,0.0025544580130372196
74,blocks.7.mlp.c_proj.weight.buf,4194304,4195129,RAW,0.0023765420191921294
74,lm_head.weight.m,67108864,67136149,RAW,0.059341957996366546
74,lm_head.weight.v,67108864,67136149,RAW,0.04029504198115319
74,resid_lambdas.m,32,32,RAW_VECTOR,8.083006832748652e-06
74,resid_lambdas.v,32,32,RAW_VECTOR,7.920025382190943e-07
74,x0_lambdas.m,32,32,RAW_VECTOR,1.0420044418424368e-06
74,x0_lambdas.v,32,32,RAW_VECTOR,4.169996827840805e-07
74,value_embeds.1.weight.m,67108864,67136149,RAW,0.0641602500109002
74,value_embeds.1.weight.v,67108864,67136149,RAW,0.03613204098655842
74,value_embeds.3.weight.m,67108864,67136149,RAW,0.03818779200082645
74,value_embeds.3.weight.v,67108864,67136149,RAW,0.04507724998984486
74,value_embeds.5.weight.m,67108864,67136149,RAW,0.03613166700233705
74,value_embeds.5.weight.v,67108864,67136149,RAW,0.04045183298876509
74,value_embeds.7.weight.m,67108864,67136149,RAW,0.03621900000143796
74,value_embeds.7.weight.v,67108864,67136149,RAW,0.03612758300732821
75,wte.weight.m,67108864,67136149,RAW,0.041763707995414734
75,wte.weight.v,67108864,67136149,RAW,0.03994041701662354
75,blocks.0.attn.c_q.weight.buf,1048576,1049401,RAW,0.0006503330077975988
75,blocks.0.attn.c_k.weight.buf,1048576,1049401,RAW,0.0005802499945275486
75,blocks.0.attn.c_v.weight.buf,1048576,1049401,RAW,0.0005801660008728504
75,blocks.0.attn.c_proj.weight.buf,1048576,1049401,RAW,0.0005687910015694797
75,blocks.0.mlp.c_fc.weight.buf,4194304,4196389,RAW,0.002247750002425164
75,blocks.0.mlp.c_proj.weight.buf,4194304,4195129,RAW,0.002119042008416727
75,blocks.1.attn.c_q.weight.buf,1048576,1049401,RAW,0.0006375829980242997
75,blocks.1.attn.c_k.weight.buf,1048576,1049401,RAW,0.0005708330136258155
75,blocks.1.attn.c_v.weight.buf,1048576,1049401,RAW,0.0005731660057790577
75,blocks.1.attn.c_proj.weight.buf,1048576,1049401,RAW,0.026064708014018834
75,blocks.1.attn.ve_gate.weight.buf,512,1022,RAW,3.691599704325199e-05
75,blocks.1.mlp.c_fc.weight.buf,4194304,4196389,RAW,0.002390624984400347
75,blocks.1.mlp.c_proj.weight.buf,4194304,4195129,RAW,0.002166333986679092
75,blocks.2.attn.c_q.weight.buf,1048576,1049401,RAW,0.0006415410025510937
75,blocks.2.attn.c_k.weight.buf,1048576,1049401,RAW,0.0005729590193368495
75,blocks.2.attn.c_v.weight.buf,1048576,1049401,RAW,0.0005709170072805136
75,blocks.2.attn.c_proj.weight.buf,1048576,1049401,RAW,0.0005597500130534172
75,blocks.2.mlp.c_fc.weight.buf,4194304,4196389,RAW,0.0021107500069774687
75,blocks.2.mlp.c_proj.weight.buf,4194304,4195129,RAW,0.002027540991548449
75,blocks.3.attn.c_q.weight.buf,1048576,1049401,RAW,0.0006093329866416752
75,blocks.3.attn.c_k.weight.buf,1048576,1049401,RAW,0.0005661659815814346
75,blocks.3.attn.c_v.weight.buf,1048576,1049401,RAW,0.0006028749921824783
75,blocks.3.attn.c_proj.weight.buf,1048576,1049401,RAW,0.0005900409887544811
75,blocks.3.attn.ve_gate.weight.buf,512,1022,RAW,7.459020707756281e-06
75,blocks.3.mlp.c_fc.weight.buf,4194304,4196389,RAW,0.002057667006738484
75,blocks.3.mlp.c_proj.weight.buf,4194304,4195129,RAW,0.002043624990619719
75,blocks.4.attn.c_q.weight.buf,1048576,1049401,RAW,0.0006131250120233744
75,blocks.4.attn.c_k.weight.buf,1048576,1049401,RAW,0.000586042006034404
75,blocks.4.attn.c_v.weight.buf,1048576,1049401,RAW,0.0005749590054620057
75,blocks.4.attn.c_proj.weight.buf,1048576,1049401,RAW,0.0005720839835703373
75,blocks.4.mlp.c_fc.weight.buf,4194304,4196389,RAW,0.0020477920188568532
75,blocks.4.mlp.c_proj.weight.buf,4194304,4195129,RAW,0.025796500005526468
75,blocks.5.attn.c_q.weight.buf,1048576,1049401,RAW,0.0007368339865934104
75,blocks.5.attn.c_k.weight.buf,1048576,1049401,RAW,0.0005868749867659062
75,blocks.5.attn.c_v.weight.buf,1048576,1049401,RAW,0.0005851250025443733
75,blocks.5.attn.c_proj.weight.buf,1048576,1049401,RAW,0.0005907079903408885
75,blocks.5.attn.ve_gate.weight.buf,512,1022,RAW,8.624978363513947e-06
75,blocks.5.mlp.c_fc.weight.buf,4194304,4196389,RAW,0.002423333004117012
75,blocks.5.mlp.c_proj.weight.buf,4194304,4195129,RAW,0.0021414590009953827
75,blocks.6.attn.c_q.weight.buf,1048576,1049401,RAW,0.0006224999960977584
75,blocks.6.attn.c_k.weight.buf,1048576,1049401,RAW,0.0005604589823633432
75,blocks.6.attn.c_v.weight.buf,1048576,1049401,RAW,0.0005432920006569475
75,blocks.6.attn.c_proj.weight.buf,1048576,1049401,RAW,0.0005595419788733125
75,blocks.6.mlp.c_fc.weight.buf,4194304,4196389,RAW,0.0020614590030163527
75,blocks.6.mlp.c_proj.weight.buf,4194304,4195129,RAW,0.0019963340018875897
75,blocks.7.attn.c_q.weight.buf,1048576,1049401,RAW,0.0006101659964770079
75,blocks.7.attn.c_k.weight.buf,1048576,1049401,RAW,0.0005678329907823354
75,blocks.7.attn.c_v.weight.buf,1048576,1049401,RAW,0.0005987499898765236
75,blocks.7.attn.c_proj.weight.buf,1048576,1049401,RAW,0.0005689580284524709
75,blocks.7.attn.ve_gate.weight.buf,512,1022,RAW,1.9875005818903446e-05
75,blocks.7.mlp.c_fc.weight.buf,4194304,4196389,RAW,0.002057875011814758
75,blocks.7.mlp.c_proj.weight.buf,4194304,4195129,RAW,0.002045125002041459
75,lm_head.weight.m,67108864,67136149,RAW,0.040042374981567264
75,lm_head.weight.v,67108864,67136149,RAW,0.05661400000099093
75,resid_lambdas.m,32,32,RAW_VECTOR,5.207984941080213e-06
75,resid_lambdas.v,32,32,RAW_VECTOR,5.420006345957518e-07
75,x0_lambdas.m,32,32,RAW_VECTOR,1.166015863418579e-06
75,x0_lambdas.v,32,32,RAW_VECTOR,4.169996827840805e-07
75,value_embeds.1.weight.m,67108864,67136149,RAW,0.035024624987272546
75,value_embeds.1.weight.v,67108864,67136149,RAW,0.037955625011818483
75,value_embeds.3.weight.m,67108864,67136149,RAW,0.03473350001149811
75,value_embeds.3.weight.v,67108864,67136149,RAW,0.04113383399089798
75,value_embeds.5.weight.m,67108864,67136149,RAW,0.03495958397979848
75,value_embeds.5.weight.v,67108864,67136149,RAW,0.03673662498476915
75,value_embeds.7.weight.m,67108864,67136149,RAW,0.03493041600449942
75,value_embeds.7.weight.v,67108864,67136149,RAW,0.039648166013648733
76,wte.weight.m,67108864,67136149,RAW,0.04102916698320769
76,wte.weight.v,67108864,67136149,RAW,0.0634036660194397
76,blocks.0.attn.c_q.weight.buf,1048576,1049401,RAW,0.0007378750015050173
76,blocks.0.attn.c_k.weight.buf,1048576,1049401,RAW,0.0006247500132303685
76,blocks.0.attn.c_v.weight.buf,1048576,1049401,RAW,0.0006303749978542328
76,blocks.0.attn.c_proj.weight.buf,1048576,1049401,RAW,0.0006293750193435699
76,blocks.0.mlp.c_fc.weight.buf,4194304,4196389,RAW,0.002590957999927923
76,blocks.0.mlp.c_proj.weight.buf,4194304,4195129,RAW,0.0020949169993400574
76,blocks.1.attn.c_q.weight.buf,1048576,1049401,RAW,0.0006792920175939798
76,blocks.1.attn.c_k.weight.buf,1048576,1049401,RAW,0.0006046250055078417
76,blocks.1.attn.c_v.weight.buf,1048576,1049401,RAW,0.0006046670023351908
76,blocks.1.attn.c_proj.weight.buf,1048576,1049401,RAW,0.0006379999977070838
76,blocks.1.attn.ve_gate.weight.buf,512,1022,RAW,1.8916995031759143e-05
76,blocks.1.mlp.c_fc.weight.buf,4194304,4196389,RAW,0.0021370000031311065
76,blocks.1.mlp.c_proj.weight.buf,4194304,4195129,RAW,0.002229625009931624
76,blocks.2.attn.c_q.weight.buf,1048576,1049401,RAW,0.0006862500158604234
76,blocks.2.attn.c_k.weight.buf,1048576,1049401,RAW,0.0006175420130603015
76,blocks.2.attn.c_v.weight.buf,1048576,1049401,RAW,0.0006168750114738941
76,blocks.2.attn.c_proj.weight.buf,1048576,1049401,RAW,0.0006277080101426691
76,blocks.2.mlp.c_fc.weight.buf,4194304,4196389,RAW,0.0022093750012572855
76,blocks.2.mlp.c_proj.weight.buf,4194304,4195129,RAW,0.030034708994207904
76,blocks.3.attn.c_q.weight.buf,1048576,1049401,RAW,0.0007614160131197423
76,blocks.3.attn.c_k.weight.buf,1048576,1049401,RAW,0.0006317500083241612
76,blocks.3.attn.c_v.weight.buf,1048576,1049401,RAW,0.0006451670196838677
76,blocks.3.attn.c_proj.weight.buf,1048576,1049401,RAW,0.0006462909805122763
76,blocks.3.attn.ve_gate.weight.buf,512,1022,RAW,1.937500201165676e-05
76,blocks.3.mlp.c_fc.weight.buf,4194304,4196389,RAW,0.0025127920089289546
76,blocks.3.mlp.c_proj.weight.buf,4194304,4195129,RAW,0.0021194579894654453
76,blocks.4.attn.c_q.weight.buf,1048576,1049401,RAW,0.0006835419917479157
76,blocks.4.attn.c_k.weight.buf,1048576,1049401,RAW,0.0006202080112416297
76,blocks.4.attn.c_v.weight.buf,1048576,1049401,RAW,0.0005998750275466591
76,blocks.4.attn.c_proj.weight.buf,1048576,1049401,RAW,0.0006104999920353293
76,blocks.4.mlp.c_fc.weight.buf,4194304,4196389,RAW,0.002176041976781562
76,blocks.4.mlp.c_proj.weight.buf,4194304,4195129,RAW,0.0022642079857178032
76,blocks.5.attn.c_q.weight.buf,1048576,1049401,RAW,0.0007051669817883521
76,blocks.5.attn.c_k.weight.buf,1048576,1049401,RAW,0.0006514999840874225
76,blocks.5.attn.c_v.weight.buf,1048576,1049401,RAW,0.0006124159845057875
76,blocks.5.attn.c_proj.weight.buf,1048576,1049401,RAW,0.0006351250049192458
76,blocks.5.attn.ve_gate.weight.buf,512,1022,RAW,1.4584016753360629e-05
76,blocks.5.mlp.c_fc.weight.buf,4194304,4196389,RAW,0.0021693749877158552
76,blocks.5.mlp.c_proj.weight.buf,4194304,4195129,RAW,0.0022947079851292074
76,blocks.6.attn.c_q.weight.buf,1048576,1049401,RAW,0.00145254100789316
76,blocks.6.attn.c_k.weight.buf,1048576,1049401,RAW,0.0006624580128118396
76,blocks.6.attn.c_v.weight.buf,1048576,1049401,RAW,0.0006699160148855299
76,blocks.6.attn.c_proj.weight.buf,1048576,1049401,RAW,0.0007700419810134917
76,blocks.6.mlp.c_fc.weight.buf,4194304,4196389,RAW,0.002548415999626741
76,blocks.6.mlp.c_proj.weight.buf,4194304,4195129,RAW,0.002434958005324006
76,blocks.7.attn.c_q.weight.buf,1048576,1049401,RAW,0.0007256660028360784
76,blocks.7.attn.c_k.weight.buf,1048576,1049401,RAW,0.0006412919901777059
76,blocks.7.attn.c_v.weight.buf,1048576,1049401,RAW,0.0006258749926928431
76,blocks.7.attn.c_proj.weight.buf,1048576,1049401,RAW,0.0006080419989302754
76,blocks.7.attn.ve_gate.weight.buf,512,1022,RAW,1.675001112744212e-05
76,blocks.7.mlp.c_fc.weight.buf,4194304,4196389,RAW,0.002261292014736682
76,blocks.7.mlp.c_proj.weight.buf,4194304,4195129,RAW,0.00213520901161246
76,lm_head.weight.m,67108864,67136149,RAW,0.07041283400030807
76,lm_head.weight.v,67108864,67136149,RAW,0.03778766599134542
76,resid_lambdas.m,32,32,RAW_VECTOR,1.1625001206994057e-05
76,resid_lambdas.v,32,32,RAW_VECTOR,1.8749851733446121e-06
76,x0_lambdas.m,32,32,RAW_VECTOR,3.5410048440098763e-06
76,x0_lambdas.v,32,32,RAW_VECTOR,3.3300602808594704e-07
76,value_embeds.1.weight.m,67108864,67136149,RAW,0.03900766698643565
76,value_embeds.1.weight.v,67108864,67136149,RAW,0.04075700000976212
76,value_embeds.3.weight.m,67108864,67136149,RAW,0.0408231669862289
76,value_embeds.3.weight.v,67108864,67136149,RAW,0.04311658299411647
76,value_embeds.5.weight.m,67108864,67136149,RAW,0.03829041600693017
76,value_embeds.5.weight.v,67108864,67136149,RAW,0.03606662500533275
76,value_embeds.7.weight.m,67108864,67136149,RAW,0.03653587499866262
76,value_embeds.7.weight.v,67108864,67136149,RAW,0.036543541005812585
77,wte.weight.m,67108864,67136149,RAW,0.0409281249740161
77,wte.weight.v,67108864,67136149,RAW,0.05270479200407863
77,blocks.0.attn.c_q.weight.buf,1048576,1049401,RAW,0.0007374589913524687
77,blocks.0.attn.c_k.weight.buf,1048576,1049401,RAW,0.0006862919835839421
77,blocks.0.attn.c_v.weight.buf,1048576,1049401,RAW,0.0005975000094622374
77,blocks.0.attn.c_proj.weight.buf,1048576,1049401,RAW,0.0006009170028846711
77,blocks.0.mlp.c_fc.weight.buf,4194304,4196389,RAW,0.002629624999826774
77,blocks.0.mlp.c_proj.weight.buf,4194304,4195129,RAW,0.002681459009181708
77,blocks.1.attn.c_q.weight.buf,1048576,1049401,RAW,0.0006641250220127404
77,blocks.1.attn.c_k.weight.buf,1048576,1049401,RAW,0.0006135000148788095
77,blocks.1.attn.c_v.weight.buf,1048576,1049401,RAW,0.0006014159880578518
77,blocks.1.attn.c_proj.weight.buf,1048576,1049401,RAW,0.0005882089899387211
77,blocks.1.attn.ve_gate.weight.buf,512,1022,RAW,1.1083000572398305e-05
77,blocks.1.mlp.c_fc.weight.buf,4194304,4196389,RAW,0.002154291985789314
77,blocks.1.mlp.c_proj.weight.buf,4194304,4195129,RAW,0.002239584020571783
77,blocks.2.attn.c_q.weight.buf,1048576,1049401,RAW,0.0007348340004682541
77,blocks.2.attn.c_k.weight.buf,1048576,1049401,RAW,0.0006079169979784638
77,blocks.2.attn.c_v.weight.buf,1048576,1049401,RAW,0.0006192919972818345
77,blocks.2.attn.c_proj.weight.buf,1048576,1049401,RAW,0.0006416669930331409
77,blocks.2.mlp.c_fc.weight.buf,4194304,4196389,RAW,0.0021632919961120933
77,blocks.2.mlp.c_proj.weight.buf,4194304,4195129,RAW,0.002252500009490177
77,blocks.3.attn.c_q.weight.buf,1048576,1049401,RAW,0.000679374992614612
77,blocks.3.attn.c_k.weight.buf,1048576,1049401,RAW,0.0006102089828345925
77,blocks.3.attn.c_v.weight.buf,1048576,1049401,RAW,0.0006058750150259584
77,blocks.3.attn.c_proj.weight.buf,1048576,1049401,RAW,0.0005975830135867
77,blocks.3.attn.ve_gate.weight.buf,512,1022,RAW,1.0334013495594263e-05
77,blocks.3.mlp.c_fc.weight.buf,4194304,4196389,RAW,0.003729541989741847
77,blocks.3.mlp.c_proj.weight.buf,4194304,4195129,RAW,0.002520458016078919
77,blocks.4.attn.c_q.weight.buf,1048576,1049401,RAW,0.0007299999997485429
77,blocks.4.attn.c_k.weight.buf,1048576,1049401,RAW,0.0006262499955482781
77,blocks.4.attn.c_v.weight.buf,1048576,1049401,RAW,0.0006242500094231218
77,blocks.4.attn.c_proj.weight.buf,1048576,1049401,RAW,0.0010034999868366867
77,blocks.4.mlp.c_fc.weight.buf,4194304,4196389,RAW,0.002155541005777195
77,blocks.4.mlp.c_proj.weight.buf,4194304,4195129,RAW,0.002469209022819996
77,blocks.5.attn.c_q.weight.buf,1048576,1049401,RAW,0.0006682079983875155
77,blocks.5.attn.c_k.weight.buf,1048576,1049401,RAW,0.0005804589891340584
77,blocks.5.attn.c_v.weight.buf,1048576,1049401,RAW,0.0005959579721093178
77,blocks.5.attn.c_proj.weight.buf,1048576,1049401,RAW,0.0006329999887384474
77,blocks.5.attn.ve_gate.weight.buf,512,1022,RAW,1.1541997082531452e-05
77,blocks.5.mlp.c_fc.weight.buf,4194304,4196389,RAW,0.0021370409813243896
77,blocks.5.mlp.c_proj.weight.buf,4194304,4195129,RAW,0.002260540990391746
77,blocks.6.attn.c_q.weight.buf,1048576,1049401,RAW,0.00062691600760445
77,blocks.6.attn.c_k.weight.buf,1048576,1049401,RAW,0.0005747079849243164
77,blocks.6.attn.c_v.weight.buf,1048576,1049401,RAW,0.000571167009184137
77,blocks.6.attn.c_proj.weight.buf,1048576,1049401,RAW,0.0006304160051513463
77,blocks.6.mlp.c_fc.weight.buf,4194304,4196389,RAW,0.0021600420004688203
77,blocks.6.mlp.c_proj.weight.buf,4194304,4195129,RAW,0.00218320798012428
77,blocks.7.attn.c_q.weight.buf,1048576,1049401,RAW,0.000654041999951005
77,blocks.7.attn.c_k.weight.buf,1048576,1049401,RAW,0.000570417003473267
77,blocks.7.attn.c_v.weight.buf,1048576,1049401,RAW,0.026641290984116495
77,blocks.7.attn.c_proj.weight.buf,1048576,1049401,RAW,0.0006932079850230366
77,blocks.7.attn.ve_gate.weight.buf,512,1022,RAW,1.5708996215835214e-05
77,blocks.7.mlp.c_fc.weight.buf,4194304,4196389,RAW,0.0025929590046871454
77,blocks.7.mlp.c_proj.weight.buf,4194304,4195129,RAW,0.0022522920044139028
77,lm_head.weight.m,67108864,67136149,RAW,0.05811783397803083
77,lm_head.weight.v,67108864,67136149,RAW,0.042042541987029836
77,resid_lambdas.m,32,32,RAW_VECTOR,6.791000487282872e-06
77,resid_lambdas.v,32,32,RAW_VECTOR,6.250047590583563e-07
77,x0_lambdas.m,32,32,RAW_VECTOR,1.5829864423722029e-06
77,x0_lambdas.v,32,32,RAW_VECTOR,5.00003807246685e-07
77,value_embeds.1.weight.m,67108864,67136149,RAW,0.0651374580047559
77,value_embeds.1.weight.v,67108864,67136149,RAW,0.06092325001372956
77,value_embeds.3.weight.m,67108864,67136149,RAW,0.03529008399345912
77,value_embeds.3.weight.v,67108864,67136149,RAW,0.039205916022183374
77,value_embeds.5.weight.m,67108864,67136149,RAW,0.03609529198729433
77,value_embeds.5.weight.v,67108864,67136149,RAW,0.04336812501423992
77,value_embeds.7.weight.m,67108864,67136149,RAW,0.03509433299768716
77,value_embeds.7.weight.v,67108864,67136149,RAW,0.041626667021773756
78,wte.weight.m,67108864,67136149,RAW,0.03872224999940954
78,wte.weight.v,67108864,67136149,RAW,0.06790341701707803
78,blocks.0.attn.c_q.weight.buf,1048576,1049401,RAW,0.000692833011271432
78,blocks.0.attn.c_k.weight.buf,1048576,1049401,RAW,0.0006135000148788095
78,blocks.0.attn.c_v.weight.buf,1048576,1049401,RAW,0.0005987920158077031
78,blocks.0.attn.c_proj.weight.buf,1048576,1049401,RAW,0.0006412499933503568
78,blocks.0.mlp.c_fc.weight.buf,4194304,4196389,RAW,0.002381625003181398
78,blocks.0.mlp.c_proj.weight.buf,4194304,4195129,RAW,0.0020997090032324195
78,blocks.1.attn.c_q.weight.buf,1048576,1049401,RAW,0.0007045000093057752
78,blocks.1.attn.c_k.weight.buf,1048576,1049401,RAW,0.0006108750239945948
78,blocks.1.attn.c_v.weight.buf,1048576,1049401,RAW,0.0006759169918950647
78,blocks.1.attn.c_proj.weight.buf,1048576,1049401,RAW,0.029214207985205576
78,blocks.1.attn.ve_gate.weight.buf,512,1022,RAW,6.945800851099193e-05
78,blocks.1.mlp.c_fc.weight.buf,4194304,4196389,RAW,0.002525666990550235
78,blocks.1.mlp.c_proj.weight.buf,4194304,4195129,RAW,0.0021346659923437983
78,blocks.2.attn.c_q.weight.buf,1048576,1049401,RAW,0.0007293329981621355
78,blocks.2.attn.c_k.weight.buf,1048576,1049401,RAW,0.0013043749786447734
78,blocks.2.attn.c_v.weight.buf,1048576,1049401,RAW,0.0006349580071400851
78,blocks.2.attn.c_proj.weight.buf,1048576,1049401,RAW,0.0005994579987600446
78,blocks.2.mlp.c_fc.weight.buf,4194304,4196389,RAW,0.00215087499236688
78,blocks.2.mlp.c_proj.weight.buf,4194304,4195129,RAW,0.002232124999864027
78,blocks.3.attn.c_q.weight.buf,1048576,1049401,RAW,0.0006643749948125333
78,blocks.3.attn.c_k.weight.buf,1048576,1049401,RAW,0.000605583016294986
78,blocks.3.attn.c_v.weight.buf,1048576,1049401,RAW,0.0005927500023972243
78,blocks.3.attn.c_proj.weight.buf,1048576,1049401,RAW,0.0005913749919272959
78,blocks.3.attn.ve_gate.weight.buf,512,1022,RAW,1.4874996850267053e-05
78,blocks.3.mlp.c_fc.weight.buf,4194304,4196389,RAW,0.0021650830167345703
78,blocks.3.mlp.c_proj.weight.buf,4194304,4195129,RAW,0.0022289580083452165
78,blocks.4.attn.c_q.weight.buf,1048576,1049401,RAW,0.0006738750089425594
78,blocks.4.attn.c_k.weight.buf,1048576,1049401,RAW,0.0006032079982105643
78,blocks.4.attn.c_v.weight.buf,1048576,1049401,RAW,0.0006006250041536987
78,blocks.4.attn.c_proj.weight.buf,1048576,1049401,RAW,0.0005861250101588666
78,blocks.4.mlp.c_fc.weight.buf,4194304,4196389,RAW,0.002128915977664292
78,blocks.4.mlp.c_proj.weight.buf,4194304,4195129,RAW,0.029127374989911914
78,blocks.5.attn.c_q.weight.buf,1048576,1049401,RAW,0.0007769170042593032
78,blocks.5.attn.c_k.weight.buf,1048576,1049401,RAW,0.0006231669976841658
78,blocks.5.attn.c_v.weight.buf,1048576,1049401,RAW,0.0006282500107772648
78,blocks.5.attn.c_proj.weight.buf,1048576,1049401,RAW,0.0006097090081311762
78,blocks.5.attn.ve_gate.weight.buf,512,1022,RAW,1.4457997167482972e-05
78,blocks.5.mlp.c_fc.weight.buf,4194304,4196389,RAW,0.002438457973767072
78,blocks.5.mlp.c_proj.weight.buf,4194304,4195129,RAW,0.002108334010699764
78,blocks.6.attn.c_q.weight.buf,1048576,1049401,RAW,0.000766291021136567
78,blocks.6.attn.c_k.weight.buf,1048576,1049401,RAW,0.0007026669918559492
78,blocks.6.attn.c_v.weight.buf,1048576,1049401,RAW,0.0006376249948516488
78,blocks.6.attn.c_proj.weight.buf,1048576,1049401,RAW,0.0006356659869197756
78,blocks.6.mlp.c_fc.weight.buf,4194304,4196389,RAW,0.0022033340064808726
78,blocks.6.mlp.c_proj.weight.buf,4194304,4195129,RAW,0.0021698750206269324
78,blocks.7.attn.c_q.weight.buf,1048576,1049401,RAW,0.0006112080009188503
78,blocks.7.attn.c_k.weight.buf,1048576,1049401,RAW,0.0006200839998200536
78,blocks.7.attn.c_v.weight.buf,1048576,1049401,RAW,0.0006357079837471247
78,blocks.7.attn.c_proj.weight.buf,1048576,1049401,RAW,0.0006245829863473773
78,blocks.7.attn.ve_gate.weight.buf,512,1022,RAW,1.7874990589916706e-05
78,blocks.7.mlp.c_fc.weight.buf,4194304,4196389,RAW,0.0021522080060094595
78,blocks.7.mlp.c_proj.weight.buf,4194304,4195129,RAW,0.0022116659965831786
78,lm_head.weight.m,67108864,67136149,RAW,0.04091904099914245
78,lm_head.weight.v,67108864,67136149,RAW,0.06024299998534843
78,resid_lambdas.m,32,32,RAW_VECTOR,5.04200579598546e-06
78,resid_lambdas.v,32,32,RAW_VECTOR,4.169996827840805e-07
78,x0_lambdas.m,32,32,RAW_VECTOR,2.040993422269821e-06
78,x0_lambdas.v,32,32,RAW_VECTOR,4.169996827840805e-07
78,value_embeds.1.weight.m,67108864,67136149,RAW,0.037356625020038337
78,value_embeds.1.weight.v,67108864,67136149,RAW,0.06786020801519044
78,value_embeds.3.weight.m,67108864,67136149,RAW,0.045503958011977375
78,value_embeds.3.weight.v,67108864,67136149,RAW,0.04184374999022111
78,value_embeds.5.weight.m,67108864,67136149,RAW,0.05632291600340977
78,value_embeds.5.weight.v,67108864,67136149,RAW,0.04035612501320429
78,value_embeds.7.weight.m,67108864,67136149,RAW,0.03838170901872218
78,value_embeds.7.weight.v,67108864,67136149,RAW,0.04154904099414125
79,wte.weight.m,67108864,67136149,RAW,0.040379792015301064
79,wte.weight.v,67108864,67136149,RAW,0.05594741698587313
79,blocks.0.attn.c_q.weight.buf,1048576,1049401,RAW,0.0007041250064503402
79,blocks.0.attn.c_k.weight.buf,1048576,1049401,RAW,0.0005980829882901162
79,blocks.0.attn.c_v.weight.buf,1048576,1049401,RAW,0.0005980830173939466
79,blocks.0.attn.c_proj.weight.buf,1048576,1049401,RAW,0.00059179199161008
79,blocks.0.mlp.c_fc.weight.buf,4194304,4196389,RAW,0.003065750002861023
79,blocks.0.mlp.c_proj.weight.buf,4194304,4195129,RAW,0.0020516660006251186
79,blocks.1.attn.c_q.weight.buf,1048576,1049401,RAW,0.0006150419940240681
79,blocks.1.attn.c_k.weight.buf,1048576,1049401,RAW,0.0006166249804664403
79,blocks.1.attn.c_v.weight.buf,1048576,1049401,RAW,0.0005848750006407499
79,blocks.1.attn.c_proj.weight.buf,1048576,1049401,RAW,0.0005560839781537652
79,blocks.1.attn.ve_gate.weight.buf,512,1022,RAW,9.125011274591088e-06
79,blocks.1.mlp.c_fc.weight.buf,4194304,4196389,RAW,0.0020650000078603625
79,blocks.1.mlp.c_proj.weight.buf,4194304,4195129,RAW,0.0020745419897139072
79,blocks.2.attn.c_q.weight.buf,1048576,1049401,RAW,0.0006259159999899566
79,blocks.2.attn.c_k.weight.buf,1048576,1049401,RAW,0.0005875420174561441
79,blocks.2.attn.c_v.weight.buf,1048576,1049401,RAW,0.0005752920114900917
79,blocks.2.attn.c_proj.weight.buf,1048576,1049401,RAW,0.0005582079757004976
79,blocks.2.mlp.c_fc.weight.buf,4194304,4196389,RAW,0.002070499991532415
79,blocks.2.mlp.c_proj.weight.buf,4194304,4195129,RAW,0.0021241249924059957
79,blocks.3.attn.c_q.weight.buf,1048576,1049401,RAW,0.0006264999974519014
79,blocks.3.attn.c_k.weight.buf,1048576,1049401,RAW,0.0005589170032180846
79,blocks.3.attn.c_v.weight.buf,1048576,1049401,RAW,0.0005602090095635504
79,blocks.3.attn.c_proj.weight.buf,1048576,1049401,RAW,0.0005708750104531646
79,blocks.3.attn.ve_gate.weight.buf,512,1022,RAW,8.457980584353209e-06
79,blocks.3.mlp.c_fc.weight.buf,4194304,4196389,RAW,0.027519167022546753
79,blocks.3.mlp.c_proj.weight.buf,4194304,4195129,RAW,0.0022366250050254166
79,blocks.4.attn.c_q.weight.buf,1048576,1049401,RAW,0.0006427500047720969
79,blocks.4.attn.c_k.weight.buf,1048576,1049401,RAW,0.0005914590146858245
79,blocks.4.attn.c_v.weight.buf,1048576,1049401,RAW,0.0006203750090207905
79,blocks.4.attn.c_proj.weight.buf,1048576,1049401,RAW,0.0005939159891568124
79,blocks.4.mlp.c_fc.weight.buf,4194304,4196389,RAW,0.003447082999628037
79,blocks.4.mlp.c_proj.weight.buf,4194304,4195129,RAW,0.002119917015079409
79,blocks.5.attn.c_q.weight.buf,1048576,1049401,RAW,0.0006276670028455555
79,blocks.5.attn.c_k.weight.buf,1048576,1049401,RAW,0.0006416249962057918
79,blocks.5.attn.c_v.weight.buf,1048576,1049401,RAW,0.0005715829902328551
79,blocks.5.attn.c_proj.weight.buf,1048576,1049401,RAW,0.0005689999961759895
79,blocks.5.attn.ve_gate.weight.buf,512,1022,RAW,9.58298915065825e-06
79,blocks.5.mlp.c_fc.weight.buf,4194304,4196389,RAW,0.002097541990224272
79,blocks.5.mlp.c_proj.weight.buf,4194304,4195129,RAW,0.002038292004726827
79,blocks.6.attn.c_q.weight.buf,1048576,1049401,RAW,0.000680500001180917
79,blocks.6.attn.c_k.weight.buf,1048576,1049401,RAW,0.0005605839833151549
79,blocks.6.attn.c_v.weight.buf,1048576,1049401,RAW,0.0005577919946517795
79,blocks.6.attn.c_proj.weight.buf,1048576,1049401,RAW,0.0006121670012362301
79,blocks.6.mlp.c_fc.weight.buf,4194304,4196389,RAW,0.0021940000005997717
79,blocks.6.mlp.c_proj.weight.buf,4194304,4195129,RAW,0.002127915999153629
79,blocks.7.attn.c_q.weight.buf,1048576,1049401,RAW,0.0006281670066528022
79,blocks.7.attn.c_k.weight.buf,1048576,1049401,RAW,0.0005660419992636889
79,blocks.7.attn.c_v.weight.buf,1048576,1049401,RAW,0.0005794159951619804
79,blocks.7.attn.c_proj.weight.buf,1048576,1049401,RAW,0.0005885000282432884
79,blocks.7.attn.ve_gate.weight.buf,512,1022,RAW,1.1374999303370714e-05
79,blocks.7.mlp.c_fc.weight.buf,4194304,4196389,RAW,0.0028139579808339477
79,blocks.7.mlp.c_proj.weight.buf,4194304,4195129,RAW,0.0022446250077337027
79,lm_head.weight.m,67108864,67136149,RAW,0.037303916993550956
79,lm_head.weight.v,67108864,67136149,RAW,0.06701579099171795
79,resid_lambdas.m,32,32,RAW_VECTOR,6.749993190169334e-06
79,resid_lambdas.v,32,32,RAW_VECTOR,2.707995008677244e-06
79,x0_lambdas.m,32,32,RAW_VECTOR,1.0420044418424368e-06
79,x0_lambdas.v,32,32,RAW_VECTOR,4.169996827840805e-07
79,value_embeds.1.weight.m,67108864,67136149,RAW,0.038390667003113776
79,value_embeds.1.weight.v,67108864,67136149,RAW,0.039780708990292624
79,value_embeds.3.weight.m,67108864,67136149,RAW,0.03912954099359922
79,value_embeds.3.weight.v,67108864,67136149,RAW,0.04046629200456664
79,value_embeds.5.weight.m,67108864,67136149,RAW,0.03907387499930337
79,value_embeds.5.weight.v,67108864,67136149,RAW,0.03879237500950694
79,value_embeds.7.weight.m,67108864,67136149,RAW,0.039425291994120926
79,value_embeds.7.weight.v,67108864,67136149,RAW,0.03946133400313556
80,wte.weight.m,67108864,67136149,RAW,0.04327166700386442
80,wte.weight.v,67108864,67136149,RAW,0.039056874986272305
80,blocks.0.attn.c_q.weight.buf,1048576,1049401,RAW,0.0006680840160697699
80,blocks.0.attn.c_k.weight.buf,1048576,1049401,RAW,0.0005682499904651195
80,blocks.0.attn.c_v.weight.buf,1048576,1049401,RAW,0.0005593750101979822
80,blocks.0.attn.c_proj.weight.buf,1048576,1049401,RAW,0.0005762080254498869
80,blocks.0.mlp.c_fc.weight.buf,4194304,4196389,RAW,0.002182625001296401
80,blocks.0.mlp.c_proj.weight.buf,4194304,4195129,RAW,0.0020229170040693134
80,blocks.1.attn.c_q.weight.buf,1048576,1049401,RAW,0.000590375013416633
80,blocks.1.attn.c_k.weight.buf,1048576,1049401,RAW,0.0005511670024134219
80,blocks.1.attn.c_v.weight.buf,1048576,1049401,RAW,0.023944333981489763
80,blocks.1.attn.c_proj.weight.buf,1048576,1049401,RAW,0.0006939170125406235
80,blocks.1.attn.ve_gate.weight.buf,512,1022,RAW,1.0540999937802553e-05
80,blocks.1.mlp.c_fc.weight.buf,4194304,4196389,RAW,0.0022506250243168324
80,blocks.1.mlp.c_proj.weight.buf,4194304,4195129,RAW,0.00211912501254119
80,blocks.2.attn.c_q.weight.buf,1048576,1049401,RAW,0.0006432500085793436
80,blocks.2.attn.c_k.weight.buf,1048576,1049401,RAW,0.0005734580045100302
80,blocks.2.attn.c_v.weight.buf,1048576,1049401,RAW,0.0005772080039605498
80,blocks.2.attn.c_proj.weight.buf,1048576,1049401,RAW,0.0005510420014616102
80,blocks.2.mlp.c_fc.weight.buf,4194304,4196389,RAW,0.0021285840193741024
80,blocks.2.mlp.c_proj.weight.buf,4194304,4195129,RAW,0.001975999999558553
80,blocks.3.attn.c_q.weight.buf,1048576,1049401,RAW,0.0005821249797008932
80,blocks.3.attn.c_k.weight.buf,1048576,1049401,RAW,0.0005453750200103968
80,blocks.3.attn.c_v.weight.buf,1048576,1049401,RAW,0.0005329160194378346
80,blocks.3.attn.c_proj.weight.buf,1048576,1049401,RAW,0.0005920419935137033
80,blocks.3.attn.ve_gate.weight.buf,512,1022,RAW,1.1208001524209976e-05
80,blocks.3.mlp.c_fc.weight.buf,4194304,4196389,RAW,0.0020824589882977307
80,blocks.3.mlp.c_proj.weight.buf,4194304,4195129,RAW,0.002013082994380966
80,blocks.4.attn.c_q.weight.buf,1048576,1049401,RAW,0.0005877079966012388
80,blocks.4.attn.c_k.weight.buf,1048576,1049401,RAW,0.0005879589880350977
80,blocks.4.attn.c_v.weight.buf,1048576,1049401,RAW,0.0005840420199092478
80,blocks.4.attn.c_proj.weight.buf,1048576,1049401,RAW,0.0005510410119313747
80,blocks.4.mlp.c_fc.weight.buf,4194304,4196389,RAW,0.026552374998573214
80,blocks.4.mlp.c_proj.weight.buf,4194304,4195129,RAW,0.002112749993102625
80,blocks.5.attn.c_q.weight.buf,1048576,1049401,RAW,0.000648625020403415
80,blocks.5.attn.c_k.weight.buf,1048576,1049401,RAW,0.000680458004353568
80,blocks.5.attn.c_v.weight.buf,1048576,1049401,RAW,0.0006115409778431058
80,blocks.5.attn.c_proj.weight.buf,1048576,1049401,RAW,0.0006082500040065497
80,blocks.5.attn.ve_gate.weight.buf,512,1022,RAW,1.0499992640689015e-05
80,blocks.5.mlp.c_fc.weight.buf,4194304,4196389,RAW,0.0020463330147322267
80,blocks.5.mlp.c_proj.weight.buf,4194304,4195129,RAW,0.002006666996749118
80,blocks.6.attn.c_q.weight.buf,1048576,1049401,RAW,0.0006014589744154364
80,blocks.6.attn.c_k.weight.buf,1048576,1049401,RAW,0.0005830829904880375
80,blocks.6.attn.c_v.weight.buf,1048576,1049401,RAW,0.000559915992198512
80,blocks.6.attn.c_proj.weight.buf,1048576,1049401,RAW,0.0005551669746637344
80,blocks.6.mlp.c_fc.weight.buf,4194304,4196389,RAW,0.0020647089986596256
80,blocks.6.mlp.c_proj.weight.buf,4194304,4195129,RAW,0.001970792014617473
80,blocks.7.attn.c_q.weight.buf,1048576,1049401,RAW,0.0005956249951850623
80,blocks.7.attn.c_k.weight.buf,1048576,1049401,RAW,0.0005897079827263951
80,blocks.7.attn.c_v.weight.buf,1048576,1049401,RAW,0.0005982499860692769
80,blocks.7.attn.c_proj.weight.buf,1048576,1049401,RAW,0.0006081669998820871
80,blocks.7.attn.ve_gate.weight.buf,512,1022,RAW,7.583992555737495e-06
80,blocks.7.mlp.c_fc.weight.buf,4194304,4196389,RAW,0.0019997079798486084
80,blocks.7.mlp.c_proj.weight.buf,4194304,4195129,RAW,0.002039957995293662
80,lm_head.weight.m,67108864,67136149,RAW,0.03749820898519829
80,lm_head.weight.v,67108864,67136149,RAW,0.042528542020590976
80,resid_lambdas.m,32,32,RAW_VECTOR,7.499998901039362e-06
80,resid_lambdas.v,32,32,RAW_VECTOR,5.420006345957518e-07
80,x0_lambdas.m,32,32,RAW_VECTOR,1.4160177670419216e-06
80,x0_lambdas.v,32,32,RAW_VECTOR,3.329769242554903e-07
80,value_embeds.1.weight.m,67108864,67136149,RAW,0.037326165998820215
80,value_embeds.1.weight.v,67108864,67136149,RAW,0.06839274999219924
80,value_embeds.3.weight.m,67108864,67136149,RAW,0.04385308298515156
80,value_embeds.3.weight.v,67108864,67136149,RAW,0.04524212499381974
80,value_embeds.5.weight.m,67108864,67136149,RAW,0.07680191699182615
80,value_embeds.5.weight.v,67108864,67136149,RAW,0.0379687910026405
80,value_embeds.7.weight.m,67108864,67136149,RAW,0.040868124982807785
80,value_embeds.7.weight.v,67108864,67136149,RAW,0.04012050002347678
81,wte.weight.m,67108864,67136149,RAW,0.03582345900940709
81,wte.weight.v,67108864,67136149,RAW,0.06126600000425242
81,blocks.0.attn.c_q.weight.buf,1048576,1049401,RAW,0.0006503750046249479
81,blocks.0.attn.c_k.weight.buf,1048576,1049401,RAW,0.000620707985945046
81,blocks.0.attn.c_v.weight.buf,1048576,1049401,RAW,0.0006140409968793392
81,blocks.0.attn.c_proj.weight.buf,1048576,1049401,RAW,0.0005886250000912696
81,blocks.0.mlp.c_fc.weight.buf,4194304,4196389,RAW,0.0022848329972475767
81,blocks.0.mlp.c_proj.weight.buf,4194304,4195129,RAW,0.0020580830168910325
81,blocks.1.attn.c_q.weight.buf,1048576,1049401,RAW,0.0005880419921595603
81,blocks.1.attn.c_k.weight.buf,1048576,1049401,RAW,0.0005634580156765878
81,blocks.1.attn.c_v.weight.buf,1048576,1049401,RAW,0.000570083997445181
81,blocks.1.attn.c_proj.weight.buf,1048576,1049401,RAW,0.0005966660100966692
81,blocks.1.attn.ve_gate.weight.buf,512,1022,RAW,8.167000487446785e-06
81,blocks.1.mlp.c_fc.weight.buf,4194304,4196389,RAW,0.0027025840245187283
81,blocks.1.mlp.c_proj.weight.buf,4194304,4195129,RAW,0.0022454159916378558
81,blocks.2.attn.c_q.weight.buf,1048576,1049401,RAW,0.0006379999977070838
81,blocks.2.attn.c_k.weight.buf,1048576,1049401,RAW,0.0005767910042777658
81,blocks.2.attn.c_v.weight.buf,1048576,1049401,RAW,0.0005761249922215939
81,blocks.2.attn.c_proj.weight.buf,1048576,1049401,RAW,0.0005511659837793559
81,blocks.2.mlp.c_fc.weight.buf,4194304,4196389,RAW,0.002208041027188301
81,blocks.2.mlp.c_proj.weight.buf,4194304,4195129,RAW,0.0020352909923531115
81,blocks.3.attn.c_q.weight.buf,1048576,1049401,RAW,0.0005528329929802567
81,blocks.3.attn.c_k.weight.buf,1048576,1049401,RAW,0.0005928339960519224
81,blocks.3.attn.c_v.weight.buf,1048576,1049401,RAW,0.0005954999942332506
81,blocks.3.attn.c_proj.weight.buf,1048576,1049401,RAW,0.0005867909931112081
81,blocks.3.attn.ve_gate.weight.buf,512,1022,RAW,8.542003342881799e-06
81,blocks.3.mlp.c_fc.weight.buf,4194304,4196389,RAW,0.0021151250111870468
81,blocks.3.mlp.c_proj.weight.buf,4194304,4195129,RAW,0.0020330419938545674
81,blocks.4.attn.c_q.weight.buf,1048576,1049401,RAW,0.0005675829888787121
81,blocks.4.attn.c_k.weight.buf,1048576,1049401,RAW,0.0005633329856209457
81,blocks.4.attn.c_v.weight.buf,1048576,1049401,RAW,0.0005732089921366423
81,blocks.4.attn.c_proj.weight.buf,1048576,1049401,RAW,0.0005750830168835819
81,blocks.4.mlp.c_fc.weight.buf,4194304,4196389,RAW,0.002101833000779152
81,blocks.4.mlp.c_proj.weight.buf,4194304,4195129,RAW,0.003529374982463196
81,blocks.5.attn.c_q.weight.buf,1048576,1049401,RAW,0.0006618750048801303
81,blocks.5.attn.c_k.weight.buf,1048576,1049401,RAW,0.0005731249984819442
81,blocks.5.attn.c_v.weight.buf,1048576,1049401,RAW,0.0006158750038594007
81,blocks.5.attn.c_proj.weight.buf,1048576,1049401,RAW,0.0005778750055469573
81,blocks.5.attn.ve_gate.weight.buf,512,1022,RAW,1.0040996130555868e-05
81,blocks.5.mlp.c_fc.weight.buf,4194304,4196389,RAW,0.0021088329958729446
81,blocks.5.mlp.c_proj.weight.buf,4194304,4195129,RAW,0.0025512500142212957
81,blocks.6.attn.c_q.weight.buf,1048576,1049401,RAW,0.0007133749895729125
81,blocks.6.attn.c_k.weight.buf,1048576,1049401,RAW,0.0007040000054985285
81,blocks.6.attn.c_v.weight.buf,1048576,1049401,RAW,0.000586042006034404
81,blocks.6.attn.c_proj.weight.buf,1048576,1049401,RAW,0.0005728329997509718
81,blocks.6.mlp.c_fc.weight.buf,4194304,4196389,RAW,0.0022001249890308827
81,blocks.6.mlp.c_proj.weight.buf,4194304,4195129,RAW,0.002081832994008437
81,blocks.7.attn.c_q.weight.buf,1048576,1049401,RAW,0.0005694589926861227
81,blocks.7.attn.c_k.weight.buf,1048576,1049401,RAW,0.0005326249811332673
81,blocks.7.attn.c_v.weight.buf,1048576,1049401,RAW,0.000535375002073124
81,blocks.7.attn.c_proj.weight.buf,1048576,1049401,RAW,0.0005697500018868595
81,blocks.7.attn.ve_gate.weight.buf,512,1022,RAW,8.04202863946557e-06
81,blocks.7.mlp.c_fc.weight.buf,4194304,4196389,RAW,0.002141292003216222
81,blocks.7.mlp.c_proj.weight.buf,4194304,4195129,RAW,0.002036707999650389
81,lm_head.weight.m,67108864,67136149,RAW,0.03820183299831115
81,lm_head.weight.v,67108864,67136149,RAW,0.04522600001655519
81,resid_lambdas.m,32,32,RAW_VECTOR,7.208000170066953e-06
81,resid_lambdas.v,32,32,RAW_VECTOR,4.5797787606716156e-07
81,x0_lambdas.m,32,32,RAW_VECTOR,3.541994374245405e-06
81,x0_lambdas.v,32,32,RAW_VECTOR,5.00003807246685e-07
81,value_embeds.1.weight.m,67108864,67136149,RAW,0.03760745900217444
81,value_embeds.1.weight.v,67108864,67136149,RAW,0.0644525829993654
81,value_embeds.3.weight.m,67108864,67136149,RAW,0.037853082991205156
81,value_embeds.3.weight.v,67108864,67136149,RAW,0.04190137502155267
81,value_embeds.5.weight.m,67108864,67136149,RAW,0.06217187500442378
81,value_embeds.5.weight.v,67108864,67136149,RAW,0.03531245799968019
81,value_embeds.7.weight.m,67108864,67136149,RAW,0.040714125003432855
81,value_embeds.7.weight.v,67108864,67136149,RAW,0.05606808399898
82,wte.weight.m,67108864,67136149,RAW,0.03629970899783075
82,wte.weight.v,67108864,67136149,RAW,0.06366799998795614
82,blocks.0.attn.c_q.weight.buf,1048576,1049401,RAW,0.0006377089885063469
82,blocks.0.attn.c_k.weight.buf,1048576,1049401,RAW,0.0005567089829128236
82,blocks.0.attn.c_v.weight.buf,1048576,1049401,RAW,0.000555582984816283
82,blocks.0.attn.c_proj.weight.buf,1048576,1049401,RAW,0.0006142500205896795
82,blocks.0.mlp.c_fc.weight.buf,4194304,4196389,RAW,0.002202250005211681
82,blocks.0.mlp.c_proj.weight.buf,4194304,4195129,RAW,0.002049290982540697
82,blocks.1.attn.c_q.weight.buf,1048576,1049401,RAW,0.0007210000185295939
82,blocks.1.attn.c_k.weight.buf,1048576,1049401,RAW,0.0005808330024592578
82,blocks.1.attn.c_v.weight.buf,1048576,1049401,RAW,0.0005643749900627881
82,blocks.1.attn.c_proj.weight.buf,1048576,1049401,RAW,0.0005495829973369837
82,blocks.1.attn.ve_gate.weight.buf,512,1022,RAW,1.6959005733951926e-05
82,blocks.1.mlp.c_fc.weight.buf,4194304,4196389,RAW,0.002130250009940937
82,blocks.1.mlp.c_proj.weight.buf,4194304,4195129,RAW,0.0034032920084428042
82,blocks.2.attn.c_q.weight.buf,1048576,1049401,RAW,0.0006618749757762998
82,blocks.2.attn.c_k.weight.buf,1048576,1049401,RAW,0.0006351660122163594
82,blocks.2.attn.c_v.weight.buf,1048576,1049401,RAW,0.0006376249948516488
82,blocks.2.attn.c_proj.weight.buf,1048576,1049401,RAW,0.0006700409867335111
82,blocks.2.mlp.c_fc.weight.buf,4194304,4196389,RAW,0.0022723339789081365
82,blocks.2.mlp.c_proj.weight.buf,4194304,4195129,RAW,0.0021477910049725324
82,blocks.3.attn.c_q.weight.buf,1048576,1049401,RAW,0.000690999993821606
82,blocks.3.attn.c_k.weight.buf,1048576,1049401,RAW,0.0005553330120164901
82,blocks.3.attn.c_v.weight.buf,1048576,1049401,RAW,0.0006109169917181134
82,blocks.3.attn.c_proj.weight.buf,1048576,1049401,RAW,0.0006122919730842113
82,blocks.3.attn.ve_gate.weight.buf,512,1022,RAW,7.499998901039362e-06
82,blocks.3.mlp.c_fc.weight.buf,4194304,4196389,RAW,0.0020417080086190253
82,blocks.3.mlp.c_proj.weight.buf,4194304,4195129,RAW,0.002028875023825094
82,blocks.4.attn.c_q.weight.buf,1048576,1049401,RAW,0.0005746249807998538
82,blocks.4.attn.c_k.weight.buf,1048576,1049401,RAW,0.0005497500242199749
82,blocks.4.attn.c_v.weight.buf,1048576,1049401,RAW,0.000520875008078292
82,blocks.4.attn.c_proj.weight.buf,1048576,1049401,RAW,0.0005169170035514981
82,blocks.4.mlp.c_fc.weight.buf,4194304,4196389,RAW,0.0020405419927556068
82,blocks.4.mlp.c_proj.weight.buf,4194304,4195129,RAW,0.0020813750161323696
82,blocks.5.attn.c_q.weight.buf,1048576,1049401,RAW,0.0005789159913547337
82,blocks.5.attn.c_k.weight.buf,1048576,1049401,RAW,0.0005285420047584921
82,blocks.5.attn.c_v.weight.buf,1048576,1049401,RAW,0.0005130829813424498
82,blocks.5.attn.c_proj.weight.buf,1048576,1049401,RAW,0.0005502499989233911
82,blocks.5.attn.ve_gate.weight.buf,512,1022,RAW,7.708003977313638e-06
82,blocks.5.mlp.c_fc.weight.buf,4194304,4196389,RAW,0.023769750026986003
82,blocks.5.mlp.c_proj.weight.buf,4194304,4195129,RAW,0.002301458007423207
82,blocks.6.attn.c_q.weight.buf,1048576,1049401,RAW,0.0006329999887384474
82,blocks.6.attn.c_k.weight.buf,1048576,1049401,RAW,0.000575875019421801
82,blocks.6.attn.c_v.weight.buf,1048576,1049401,RAW,0.0006032499950379133
82,blocks.6.attn.c_proj.weight.buf,1048576,1049401,RAW,0.0005693330022040755
82,blocks.6.mlp.c_fc.weight.buf,4194304,4196389,RAW,0.0020980839908588678
82,blocks.6.mlp.c_proj.weight.buf,4194304,4195129,RAW,0.0020227500062901527
82,blocks.7.attn.c_q.weight.buf,1048576,1049401,RAW,0.0006235830078367144
82,blocks.7.attn.c_k.weight.buf,1048576,1049401,RAW,0.0005322910146787763
82,blocks.7.attn.c_v.weight.buf,1048576,1049401,RAW,0.0005217500147409737
82,blocks.7.attn.c_proj.weight.buf,1048576,1049401,RAW,0.0006112919945735484
82,blocks.7.attn.ve_gate.weight.buf,512,1022,RAW,1.029198756441474e-05
82,blocks.7.mlp.c_fc.weight.buf,4194304,4196389,RAW,0.002021041000261903
82,blocks.7.mlp.c_proj.weight.buf,4194304,4195129,RAW,0.002058124984614551
82,lm_head.weight.m,67108864,67136149,RAW,0.061587040981976315
82,lm_head.weight.v,67108864,67136149,RAW,0.036603417014703155
82,resid_lambdas.m,32,32,RAW_VECTOR,6.082991603761911e-06
82,resid_lambdas.v,32,32,RAW_VECTOR,1.91599247045815e-06
82,x0_lambdas.m,32,32,RAW_VECTOR,1.3329845387488604e-06
82,x0_lambdas.v,32,32,RAW_VECTOR,3.7500285543501377e-07
82,value_embeds.1.weight.m,67108864,67136149,RAW,0.03661291699972935
82,value_embeds.1.weight.v,67108864,67136149,RAW,0.049258083978202194
82,value_embeds.3.weight.m,67108864,67136149,RAW,0.036968667001929134
82,value_embeds.3.weight.v,67108864,67136149,RAW,0.04507179101346992
82,value_embeds.5.weight.m,67108864,67136149,RAW,0.03681058299844153
82,value_embeds.5.weight.v,67108864,67136149,RAW,0.0444963329937309
82,value_embeds.7.weight.m,67108864,67136149,RAW,0.03766858298331499
82,value_embeds.7.weight.v,67108864,67136149,RAW,0.0420099159819074
83,wte.weight.m,67108864,67136149,RAW,0.039687000011326745
83,wte.weight.v,67108864,67136149,RAW,0.05703541700495407
83,blocks.0.attn.c_q.weight.buf,1048576,1049401,RAW,0.0007300410070456564
83,blocks.0.attn.c_k.weight.buf,1048576,1049401,RAW,0.000599374994635582
83,blocks.0.attn.c_v.weight.buf,1048576,1049401,RAW,0.0005819580110255629
83,blocks.0.attn.c_proj.weight.buf,1048576,1049401,RAW,0.0005955410015303642
83,blocks.0.mlp.c_fc.weight.buf,4194304,4196389,RAW,0.0023526249860879034
83,blocks.0.mlp.c_proj.weight.buf,4194304,4195129,RAW,0.0020397079933900386
83,blocks.1.attn.c_q.weight.buf,1048576,1049401,RAW,0.0006675409968011081
83,blocks.1.attn.c_k.weight.buf,1048576,1049401,RAW,0.000597250007558614
83,blocks.1.attn.c_v.weight.buf,1048576,1049401,RAW,0.0006232919986359775
83,blocks.1.attn.c_proj.weight.buf,1048576,1049401,RAW,0.0005679999885614961
83,blocks.1.attn.ve_gate.weight.buf,512,1022,RAW,1.0541989468038082e-05
83,blocks.1.mlp.c_fc.weight.buf,4194304,4196389,RAW,0.002056792000075802
83,blocks.1.mlp.c_proj.weight.buf,4194304,4195129,RAW,0.002029084018431604
83,blocks.2.attn.c_q.weight.buf,1048576,1049401,RAW,0.0006389170011971146
83,blocks.2.attn.c_k.weight.buf,1048576,1049401,RAW,0.0006165829836390913
83,blocks.2.attn.c_v.weight.buf,1048576,1049401,RAW,0.0006107079971116036
83,blocks.2.attn.c_proj.weight.buf,1048576,1049401,RAW,0.0005737910105381161
83,blocks.2.mlp.c_fc.weight.buf,4194304,4196389,RAW,0.002080083009786904
83,blocks.2.mlp.c_proj.weight.buf,4194304,4195129,RAW,0.00210041698301211
83,blocks.3.attn.c_q.weight.buf,1048576,1049401,RAW,0.025288875011028722
83,blocks.3.attn.c_k.weight.buf,1048576,1049401,RAW,0.0006153750000521541
83,blocks.3.attn.c_v.weight.buf,1048576,1049401,RAW,0.0005824580148328096
83,blocks.3.attn.c_proj.weight.buf,1048576,1049401,RAW,0.0006393330113496631
83,blocks.3.attn.ve_gate.weight.buf,512,1022,RAW,1.4833989553153515e-05
83,blocks.3.mlp.c_fc.weight.buf,4194304,4196389,RAW,0.0023151669884100556
83,blocks.3.mlp.c_proj.weight.buf,4194304,4195129,RAW,0.002166999998735264
83,blocks.4.attn.c_q.weight.buf,1048576,1049401,RAW,0.0006460419972427189
83,blocks.4.attn.c_k.weight.buf,1048576,1049401,RAW,0.0005602080200333148
83,blocks.4.attn.c_v.weight.buf,1048576,1049401,RAW,0.0006167079845909029
83,blocks.4.attn.c_proj.weight.buf,1048576,1049401,RAW,0.0005726660019718111
83,blocks.4.mlp.c_fc.weight.buf,4194304,4196389,RAW,0.0020956670050509274
83,blocks.4.mlp.c_proj.weight.buf,4194304,4195129,RAW,0.002107957989210263
83,blocks.5.attn.c_q.weight.buf,1048576,1049401,RAW,0.0006229999999050051
83,blocks.5.attn.c_k.weight.buf,1048576,1049401,RAW,0.0005615830013994128
83,blocks.5.attn.c_v.weight.buf,1048576,1049401,RAW,0.0005701250047422945
83,blocks.5.attn.c_proj.weight.buf,1048576,1049401,RAW,0.0006028749921824783
83,blocks.5.attn.ve_gate.weight.buf,512,1022,RAW,1.0749994544312358e-05
83,blocks.5.mlp.c_fc.weight.buf,4194304,4196389,RAW,0.002109208988258615
83,blocks.5.mlp.c_proj.weight.buf,4194304,4195129,RAW,0.0021265000104904175
83,blocks.6.attn.c_q.weight.buf,1048576,1049401,RAW,0.0006489170191343874
83,blocks.6.attn.c_k.weight.buf,1048576,1049401,RAW,0.0006940829916857183
83,blocks.6.attn.c_v.weight.buf,1048576,1049401,RAW,0.001287166989641264
83,blocks.6.attn.c_proj.weight.buf,1048576,1049401,RAW,0.0006188330007717013
83,blocks.6.mlp.c_fc.weight.buf,4194304,4196389,RAW,0.0028026670042891055
83,blocks.6.mlp.c_proj.weight.buf,4194304,4195129,RAW,0.0021556669962592423
83,blocks.7.attn.c_q.weight.buf,1048576,1049401,RAW,0.0006704999832436442
83,blocks.7.attn.c_k.weight.buf,1048576,1049401,RAW,0.0012957500002812594
83,blocks.7.attn.c_v.weight.buf,1048576,1049401,RAW,0.0005642499891109765
83,blocks.7.attn.c_proj.weight.buf,1048576,1049401,RAW,0.0005911670159548521
83,blocks.7.attn.ve_gate.weight.buf,512,1022,RAW,9.207986295223236e-06
83,blocks.7.mlp.c_fc.weight.buf,4194304,4196389,RAW,0.0020759170001838356
83,blocks.7.mlp.c_proj.weight.buf,4194304,4195129,RAW,0.002097874996252358
83,lm_head.weight.m,67108864,67136149,RAW,0.04002279200358316
83,lm_head.weight.v,67108864,67136149,RAW,0.040536791988415644
83,resid_lambdas.m,32,32,RAW_VECTOR,7.5830030255019665e-06
83,resid_lambdas.v,32,32,RAW_VECTOR,6.250047590583563e-07
83,x0_lambdas.m,32,32,RAW_VECTOR,9.159848559647799e-07
83,x0_lambdas.v,32,32,RAW_VECTOR,4.5899651013314724e-07
83,value_embeds.1.weight.m,67108864,67136149,RAW,0.07345766702201217
83,value_embeds.1.weight.v,67108864,67136149,RAW,0.03942445898428559
83,value_embeds.3.weight.m,67108864,67136149,RAW,0.039336917019682005
83,value_embeds.3.weight.v,67108864,67136149,RAW,0.05750216598971747
83,value_embeds.5.weight.m,67108864,67136149,RAW,0.036255500017432496
83,value_embeds.5.weight.v,67108864,67136149,RAW,0.03852312499657273
83,value_embeds.7.weight.m,67108864,67136149,RAW,0.03722654201555997
83,value_embeds.7.weight.v,67108864,67136149,RAW,0.0677655000181403
84,wte.weight.m,67108864,67136149,RAW,0.0411706670129206
84,wte.weight.v,67108864,67136149,RAW,0.03849425000953488
84,blocks.0.attn.c_q.weight.buf,1048576,1049401,RAW,0.0006063750188332051
84,blocks.0.attn.c_k.weight.buf,1048576,1049401,RAW,0.0005656669964082539
84,blocks.0.attn.c_v.weight.buf,1048576,1049401,RAW,0.0005520420090761036
84,blocks.0.attn.c_proj.weight.buf,1048576,1049401,RAW,0.0005470420001074672
84,blocks.0.mlp.c_fc.weight.buf,4194304,4196389,RAW,0.0022527500113938004
84,blocks.0.mlp.c_proj.weight.buf,4194304,4195129,RAW,0.002901041996665299
84,blocks.1.attn.c_q.weight.buf,1048576,1049401,RAW,0.0006584999791812152
84,blocks.1.attn.c_k.weight.buf,1048576,1049401,RAW,0.000566792004974559
84,blocks.1.attn.c_v.weight.buf,1048576,1049401,RAW,0.0006034590187482536
84,blocks.1.attn.c_proj.weight.buf,1048576,1049401,RAW,0.0005677920125890523
84,blocks.1.attn.ve_gate.weight.buf,512,1022,RAW,1.5207973774522543e-05
84,blocks.1.mlp.c_fc.weight.buf,4194304,4196389,RAW,0.0020611659856513143
84,blocks.1.mlp.c_proj.weight.buf,4194304,4195129,RAW,0.0020736249862238765
84,blocks.2.attn.c_q.weight.buf,1048576,1049401,RAW,0.0006157500029075891
84,blocks.2.attn.c_k.weight.buf,1048576,1049401,RAW,0.0005597079871222377
84,blocks.2.attn.c_v.weight.buf,1048576,1049401,RAW,0.0005395830085035414
84,blocks.2.attn.c_proj.weight.buf,1048576,1049401,RAW,0.000546208000741899
84,blocks.2.mlp.c_fc.weight.buf,4194304,4196389,RAW,0.002146375016309321
84,blocks.2.mlp.c_proj.weight.buf,4194304,4195129,RAW,0.002107750013237819
84,blocks.3.attn.c_q.weight.buf,1048576,1049401,RAW,0.0006748340092599392
84,blocks.3.attn.c_k.weight.buf,1048576,1049401,RAW,0.0006264169933274388
84,blocks.3.attn.c_v.weight.buf,1048576,1049401,RAW,0.0006127920059952885
84,blocks.3.attn.c_proj.weight.buf,1048576,1049401,RAW,0.0006311669712886214
84,blocks.3.attn.ve_gate.weight.buf,512,1022,RAW,2.5542016373947263e-05
84,blocks.3.mlp.c_fc.weight.buf,4194304,4196389,RAW,0.0021523750037886202
84,blocks.3.mlp.c_proj.weight.buf,4194304,4195129,RAW,0.027621833025477827
84,blocks.4.attn.c_q.weight.buf,1048576,1049401,RAW,0.0007017919851932675
84,blocks.4.attn.c_k.weight.buf,1048576,1049401,RAW,0.0005742499779444188
84,blocks.4.attn.c_v.weight.buf,1048576,1049401,RAW,0.0005447090079542249
84,blocks.4.attn.c_proj.weight.buf,1048576,1049401,RAW,0.0005905840080231428
84,blocks.4.mlp.c_fc.weight.buf,4194304,4196389,RAW,0.002236166998045519
84,blocks.4.mlp.c_proj.weight.buf,4194304,4195129,RAW,0.0022095420281402767
84,blocks.5.attn.c_q.weight.buf,1048576,1049401,RAW,0.0006782909913454205
84,blocks.5.attn.c_k.weight.buf,1048576,1049401,RAW,0.0005614580004476011
84,blocks.5.attn.c_v.weight.buf,1048576,1049401,RAW,0.000563207984669134
84,blocks.5.attn.c_proj.weight.buf,1048576,1049401,RAW,0.0005887500010430813
84,blocks.5.attn.ve_gate.weight.buf,512,1022,RAW,8.95801349543035e-06
84,blocks.5.mlp.c_fc.weight.buf,4194304,4196389,RAW,0.002085332991555333
84,blocks.5.mlp.c_proj.weight.buf,4194304,4195129,RAW,0.0019827499927487224
84,blocks.6.attn.c_q.weight.buf,1048576,1049401,RAW,0.0006603749934583902
84,blocks.6.attn.c_k.weight.buf,1048576,1049401,RAW,0.0006055829871911556
84,blocks.6.attn.c_v.weight.buf,1048576,1049401,RAW,0.0005720419867429882
84,blocks.6.attn.c_proj.weight.buf,1048576,1049401,RAW,0.0005678329907823354
84,blocks.6.mlp.c_fc.weight.buf,4194304,4196389,RAW,0.0020864169928245246
84,blocks.6.mlp.c_proj.weight.buf,4194304,4195129,RAW,0.00203141599195078
84,blocks.7.attn.c_q.weight.buf,1048576,1049401,RAW,0.0006112080009188503
84,blocks.7.attn.c_k.weight.buf,1048576,1049401,RAW,0.0005492499913088977
84,blocks.7.attn.c_v.weight.buf,1048576,1049401,RAW,0.0006254169857129455
84,blocks.7.attn.c_proj.weight.buf,1048576,1049401,RAW,0.0005886250000912696
84,blocks.7.attn.ve_gate.weight.buf,512,1022,RAW,1.5375000657513738e-05
84,blocks.7.mlp.c_fc.weight.buf,4194304,4196389,RAW,0.003526332991896197
84,blocks.7.mlp.c_proj.weight.buf,4194304,4195129,RAW,0.002195417007897049
84,lm_head.weight.m,67108864,67136149,RAW,0.03529120801249519
84,lm_head.weight.v,67108864,67136149,RAW,0.06167266599368304
84,resid_lambdas.m,32,32,RAW_VECTOR,8.916016668081284e-06
84,resid_lambdas.v,32,32,RAW_VECTOR,1.4579854905605316e-06
84,x0_lambdas.m,32,32,RAW_VECTOR,1.9579892978072166e-06
84,x0_lambdas.v,32,32,RAW_VECTOR,1.0420044418424368e-06
84,value_embeds.1.weight.m,67108864,67136149,RAW,0.044234000000869855
84,value_embeds.1.weight.v,67108864,67136149,RAW,0.04003025000565685
84,value_embeds.3.weight.m,67108864,67136149,RAW,0.04339595799683593
84,value_embeds.3.weight.v,67108864,67136149,RAW,0.04389562498545274
84,value_embeds.5.weight.m,67108864,67136149,RAW,0.04161933300201781
84,value_embeds.5.weight.v,67108864,67136149,RAW,0.04289654199965298
84,value_embeds.7.weight.m,67108864,67136149,RAW,0.04265691700857133
84,value_embeds.7.weight.v,67108864,67136149,RAW,0.04377945797750726
85,wte.weight.m,67108864,67136149,RAW,0.040409208013443276
85,wte.weight.v,67108864,67136149,RAW,0.05429183298838325
85,blocks.0.attn.c_q.weight.buf,1048576,1049401,RAW,0.0007199580140877515
85,blocks.0.attn.c_k.weight.buf,1048576,1049401,RAW,0.0005867499858140945
85,blocks.0.attn.c_v.weight.buf,1048576,1049401,RAW,0.0006264169933274388
85,blocks.0.attn.c_proj.weight.buf,1048576,1049401,RAW,0.0006740830140188336
85,blocks.0.mlp.c_fc.weight.buf,4194304,4196389,RAW,0.0024517920101061463
85,blocks.0.mlp.c_proj.weight.buf,4194304,4195129,RAW,0.0021275410254020244
85,blocks.1.attn.c_q.weight.buf,1048576,1049401,RAW,0.0006182920187711716
85,blocks.1.attn.c_k.weight.buf,1048576,1049401,RAW,0.0006140000186860561
85,blocks.1.attn.c_v.weight.buf,1048576,1049401,RAW,0.0005992079968564212
85,blocks.1.attn.c_proj.weight.buf,1048576,1049401,RAW,0.0005793330201413482
85,blocks.1.attn.ve_gate.weight.buf,512,1022,RAW,1.0916992323473096e-05
85,blocks.1.mlp.c_fc.weight.buf,4194304,4196389,RAW,0.0021835830120835453
85,blocks.1.mlp.c_proj.weight.buf,4194304,4195129,RAW,0.002073541982099414
85,blocks.2.attn.c_q.weight.buf,1048576,1049401,RAW,0.0006107090157456696
85,blocks.2.attn.c_k.weight.buf,1048576,1049401,RAW,0.0005767499969806522
85,blocks.2.attn.c_v.weight.buf,1048576,1049401,RAW,0.0005817920027766377
85,blocks.2.attn.c_proj.weight.buf,1048576,1049401,RAW,0.0005811249720863998
85,blocks.2.mlp.c_fc.weight.buf,4194304,4196389,RAW,0.002120707998983562
85,blocks.2.mlp.c_proj.weight.buf,4194304,4195129,RAW,0.002085499989334494
85,blocks.3.attn.c_q.weight.buf,1048576,1049401,RAW,0.0008648750081192702
85,blocks.3.attn.c_k.weight.buf,1048576,1049401,RAW,0.0006165830127429217
85,blocks.3.attn.c_v.weight.buf,1048576,1049401,RAW,0.0006269999721553177
85,blocks.3.attn.c_proj.weight.buf,1048576,1049401,RAW,0.0006164590013213456
85,blocks.3.attn.ve_gate.weight.buf,512,1022,RAW,1.09999964479357e-05
85,blocks.3.mlp.c_fc.weight.buf,4194304,4196389,RAW,0.0024877089890651405
85,blocks.3.mlp.c_proj.weight.buf,4194304,4195129,RAW,0.0021602080087177455
85,blocks.4.attn.c_q.weight.buf,1048576,1049401,RAW,0.0005756249884143472
85,blocks.4.attn.c_k.weight.buf,1048576,1049401,RAW,0.0005933750071562827
85,blocks.4.attn.c_v.weight.buf,1048576,1049401,RAW,0.0005647079960908741
85,blocks.4.attn.c_proj.weight.buf,1048576,1049401,RAW,0.0005604170146398246
85,blocks.4.mlp.c_fc.weight.buf,4194304,4196389,RAW,0.0021161249896977097
85,blocks.4.mlp.c_proj.weight.buf,4194304,4195129,RAW,0.0021573750127572566
85,blocks.5.attn.c_q.weight.buf,1048576,1049401,RAW,0.0005863749829586595
85,blocks.5.attn.c_k.weight.buf,1048576,1049401,RAW,0.0005632499814964831
85,blocks.5.attn.c_v.weight.buf,1048576,1049401,RAW,0.0006007500051055104
85,blocks.5.attn.c_proj.weight.buf,1048576,1049401,RAW,0.0005638340080622584
85,blocks.5.attn.ve_gate.weight.buf,512,1022,RAW,9.042007150128484e-06
85,blocks.5.mlp.c_fc.weight.buf,4194304,4196389,RAW,0.0021675830066669732
85,blocks.5.mlp.c_proj.weight.buf,4194304,4195129,RAW,0.002068875008262694
85,blocks.6.attn.c_q.weight.buf,1048576,1049401,RAW,0.0005670830141752958
85,blocks.6.attn.c_k.weight.buf,1048576,1049401,RAW,0.0005721659981645644
85,blocks.6.attn.c_v.weight.buf,1048576,1049401,RAW,0.0005666670040227473
85,blocks.6.attn.c_proj.weight.buf,1048576,1049401,RAW,0.0005562079895753413
85,blocks.6.mlp.c_fc.weight.buf,4194304,4196389,RAW,0.025122708990238607
85,blocks.6.mlp.c_proj.weight.buf,4194304,4195129,RAW,0.002450750005664304
85,blocks.7.attn.c_q.weight.buf,1048576,1049401,RAW,0.0006374169897753745
85,blocks.7.attn.c_k.weight.buf,1048576,1049401,RAW,0.0005778750055469573
85,blocks.7.attn.c_v.weight.buf,1048576,1049401,RAW,0.0005863340047653764
85,blocks.7.attn.c_proj.weight.buf,1048576,1049401,RAW,0.0005871669854968786
85,blocks.7.attn.ve_gate.weight.buf,512,1022,RAW,2.3041997337713838e-05
85,blocks.7.mlp.c_fc.weight.buf,4194304,4196389,RAW,0.0030226249946281314
85,blocks.7.mlp.c_proj.weight.buf,4194304,4195129,RAW,0.002092334005283192
85,lm_head.weight.m,67108864,67136149,RAW,0.04917079201550223
85,lm_head.weight.v,67108864,67136149,RAW,0.04277520900359377
85,resid_lambdas.m,32,32,RAW_VECTOR,5.791982403025031e-06
85,resid_lambdas.v,32,32,RAW_VECTOR,1.7079873941838741e-06
85,x0_lambdas.m,32,32,RAW_VECTOR,1.0420044418424368e-06
85,x0_lambdas.v,32,32,RAW_VECTOR,5.00003807246685e-07
85,value_embeds.1.weight.m,67108864,67136149,RAW,0.06376975000603124
85,value_embeds.1.weight.v,67108864,67136149,RAW,0.035502833023201674
85,value_embeds.3.weight.m,67108864,67136149,RAW,0.04118679201928899
85,value_embeds.3.weight.v,67108864,67136149,RAW,0.04324891700525768
85,value_embeds.5.weight.m,67108864,67136149,RAW,0.040349624992813915
85,value_embeds.5.weight.v,67108864,67136149,RAW,0.05171204198268242
85,value_embeds.7.weight.m,67108864,67136149,RAW,0.03566237501217984
85,value_embeds.7.weight.v,67108864,67136149,RAW,0.040435000002617016
86,wte.weight.m,67108864,67136149,RAW,0.03635629199561663
86,wte.weight.v,67108864,67136149,RAW,0.061001666996162385
86,blocks.0.attn.c_q.weight.buf,1048576,1049401,RAW,0.0006587919779121876
86,blocks.0.attn.c_k.weight.buf,1048576,1049401,RAW,0.0005937500100117177
86,blocks.0.attn.c_v.weight.buf,1048576,1049401,RAW,0.0005871249886695296
86,blocks.0.attn.c_proj.weight.buf,1048576,1049401,RAW,0.0005863340047653764
86,blocks.0.mlp.c_fc.weight.buf,4194304,4196389,RAW,0.0022110830177553
86,blocks.0.mlp.c_proj.weight.buf,4194304,4195129,RAW,0.00202020799042657
86,blocks.1.attn.c_q.weight.buf,1048576,1049401,RAW,0.0006160420016385615
86,blocks.1.attn.c_k.weight.buf,1048576,1049401,RAW,0.0005434580089058727
86,blocks.1.attn.c_v.weight.buf,1048576,1049401,RAW,0.0005581250006798655
86,blocks.1.attn.c_proj.weight.buf,1048576,1049401,RAW,0.0014679169980809093
86,blocks.1.attn.ve_gate.weight.buf,512,1022,RAW,1.5458004781976342e-05
86,blocks.1.mlp.c_fc.weight.buf,4194304,4196389,RAW,0.0023112499911803752
86,blocks.1.mlp.c_proj.weight.buf,4194304,4195129,RAW,0.0021075000113341957
86,blocks.2.attn.c_q.weight.buf,1048576,1049401,RAW,0.0015208330005407333
86,blocks.2.attn.c_k.weight.buf,1048576,1049401,RAW,0.000838999985717237
86,blocks.2.attn.c_v.weight.buf,1048576,1049401,RAW,0.000622583000222221
86,blocks.2.attn.c_proj.weight.buf,1048576,1049401,RAW,0.0005652920226566494
86,blocks.2.mlp.c_fc.weight.buf,4194304,4196389,RAW,0.002270958008011803
86,blocks.2.mlp.c_proj.weight.buf,4194304,4195129,RAW,0.0020445410045795143
86,blocks.3.attn.c_q.weight.buf,1048576,1049401,RAW,0.0006035830010659993
86,blocks.3.attn.c_k.weight.buf,1048576,1049401,RAW,0.0006893329846207052
86,blocks.3.attn.c_v.weight.buf,1048576,1049401,RAW,0.0005550410132855177
86,blocks.3.attn.c_proj.weight.buf,1048576,1049401,RAW,0.0005490000185091048
86,blocks.3.attn.ve_gate.weight.buf,512,1022,RAW,2.1124986233189702e-05
86,blocks.3.mlp.c_fc.weight.buf,4194304,4196389,RAW,0.002052708005066961
86,blocks.3.mlp.c_proj.weight.buf,4194304,4195129,RAW,0.0020908339938614517
86,blocks.4.attn.c_q.weight.buf,1048576,1049401,RAW,0.0006085000059101731
86,blocks.4.attn.c_k.weight.buf,1048576,1049401,RAW,0.0005680420144926757
86,blocks.4.attn.c_v.weight.buf,1048576,1049401,RAW,0.0006017910200171173
86,blocks.4.attn.c_proj.weight.buf,1048576,1049401,RAW,0.0005511670024134219
86,blocks.4.mlp.c_fc.weight.buf,4194304,4196389,RAW,0.02601237501949072
86,blocks.4.mlp.c_proj.weight.buf,4194304,4195129,RAW,0.0021136249997653067
86,blocks.5.attn.c_q.weight.buf,1048576,1049401,RAW,0.0006470830121543258
86,blocks.5.attn.c_k.weight.buf,1048576,1049401,RAW,0.0005803329986520112
86,blocks.5.attn.c_v.weight.buf,1048576,1049401,RAW,0.0006047920032870024
86,blocks.5.attn.c_proj.weight.buf,1048576,1049401,RAW,0.0005537499964702874
86,blocks.5.attn.ve_gate.weight.buf,512,1022,RAW,8.333998266607523e-06
86,blocks.5.mlp.c_fc.weight.buf,4194304,4196389,RAW,0.0020832500013057142
86,blocks.5.mlp.c_proj.weight.buf,4194304,4195129,RAW,0.002066832996206358
86,blocks.6.attn.c_q.weight.buf,1048576,1049401,RAW,0.0006289169832598418
86,blocks.6.attn.c_k.weight.buf,1048576,1049401,RAW,0.0005480840045493096
86,blocks.6.attn.c_v.weight.buf,1048576,1049401,RAW,0.0005347919941414148
86,blocks.6.attn.c_proj.weight.buf,1048576,1049401,RAW,0.0005299590120557696
86,blocks.6.mlp.c_fc.weight.buf,4194304,4196389,RAW,0.0019989169959444553
86,blocks.6.mlp.c_proj.weight.buf,4194304,4195129,RAW,0.0020088749879505485
86,blocks.7.attn.c_q.weight.buf,1048576,1049401,RAW,0.0006174169830046594
86,blocks.7.attn.c_k.weight.buf,1048576,1049401,RAW,0.0005474999779835343
86,blocks.7.attn.c_v.weight.buf,1048576,1049401,RAW,0.0005383749958127737
86,blocks.7.attn.c_proj.weight.buf,1048576,1049401,RAW,0.0005557909898925573
86,blocks.7.attn.ve_gate.weight.buf,512,1022,RAW,7.0829992182552814e-06
86,blocks.7.mlp.c_fc.weight.buf,4194304,4196389,RAW,0.002140915981726721
86,blocks.7.mlp.c_proj.weight.buf,4194304,4195129,RAW,0.002019084000494331
86,lm_head.weight.m,67108864,67136149,RAW,0.03865758399479091
86,lm_head.weight.v,67108864,67136149,RAW,0.04455091600539163
86,resid_lambdas.m,32,32,RAW_VECTOR,3.4589902497828007e-06
86,resid_lambdas.v,32,32,RAW_VECTOR,4.999747034162283e-07
86,x0_lambdas.m,32,32,RAW_VECTOR,1.0420044418424368e-06
86,x0_lambdas.v,32,32,RAW_VECTOR,3.7500285543501377e-07
86,value_embeds.1.weight.m,67108864,67136149,RAW,0.036195749999023974
86,value_embeds.1.weight.v,67108864,67136149,RAW,0.03513945802114904
86,value_embeds.3.weight.m,67108864,67136149,RAW,0.03540995900402777
86,value_embeds.3.weight.v,67108864,67136149,RAW,0.039251834008609876
86,value_embeds.5.weight.m,67108864,67136149,RAW,0.03539920799084939
86,value_embeds.5.weight.v,67108864,67136149,RAW,0.038562542002182454
86,value_embeds.7.weight.m,67108864,67136149,RAW,0.03566312501789071
86,value_embeds.7.weight.v,67108864,67136149,RAW,0.04472737500327639
87,wte.weight.m,67108864,67136149,RAW,0.035507499997038394
87,wte.weight.v,67108864,67136149,RAW,0.06429187499452382
87,blocks.0.attn.c_q.weight.buf,1048576,1049401,RAW,0.000690999993821606
87,blocks.0.attn.c_k.weight.buf,1048576,1049401,RAW,0.0006094159907661378
87,blocks.0.attn.c_v.weight.buf,1048576,1049401,RAW,0.0005935410154052079
87,blocks.0.attn.c_proj.weight.buf,1048576,1049401,RAW,0.0006183749937918037
87,blocks.0.mlp.c_fc.weight.buf,4194304,4196389,RAW,0.0023772910062689334
87,blocks.0.mlp.c_proj.weight.buf,4194304,4195129,RAW,0.0021019999985583127
87,blocks.1.attn.c_q.weight.buf,1048576,1049401,RAW,0.000647915992885828
87,blocks.1.attn.c_k.weight.buf,1048576,1049401,RAW,0.0005629999795928597
87,blocks.1.attn.c_v.weight.buf,1048576,1049401,RAW,0.0005897909868508577
87,blocks.1.attn.c_proj.weight.buf,1048576,1049401,RAW,0.0005779999773949385
87,blocks.1.attn.ve_gate.weight.buf,512,1022,RAW,9.208015399053693e-06
87,blocks.1.mlp.c_fc.weight.buf,4194304,4196389,RAW,0.02734674999373965
87,blocks.1.mlp.c_proj.weight.buf,4194304,4195129,RAW,0.0021478749986272305
87,blocks.2.attn.c_q.weight.buf,1048576,1049401,RAW,0.0006481670134235173
87,blocks.2.attn.c_k.weight.buf,1048576,1049401,RAW,0.0005984169838484377
87,blocks.2.attn.c_v.weight.buf,1048576,1049401,RAW,0.0005720420158468187
87,blocks.2.attn.c_proj.weight.buf,1048576,1049401,RAW,0.0005812500021420419
87,blocks.2.mlp.c_fc.weight.buf,4194304,4196389,RAW,0.0021312500175554305
87,blocks.2.mlp.c_proj.weight.buf,4194304,4195129,RAW,0.0020894170156680048
87,blocks.3.attn.c_q.weight.buf,1048576,1049401,RAW,0.0006250830192584544
87,blocks.3.attn.c_k.weight.buf,1048576,1049401,RAW,0.0005583339952863753
87,blocks.3.attn.c_v.weight.buf,1048576,1049401,RAW,0.0005548339977394789
87,blocks.3.attn.c_proj.weight.buf,1048576,1049401,RAW,0.0005828749854117632
87,blocks.3.attn.ve_gate.weight.buf,512,1022,RAW,8.457980584353209e-06
87,blocks.3.mlp.c_fc.weight.buf,4194304,4196389,RAW,0.0020819999917875975
87,blocks.3.mlp.c_proj.weight.buf,4194304,4195129,RAW,0.002051791991107166
87,blocks.4.attn.c_q.weight.buf,1048576,1049401,RAW,0.0005964589945506305
87,blocks.4.attn.c_k.weight.buf,1048576,1049401,RAW,0.0005770419957116246
87,blocks.4.attn.c_v.weight.buf,1048576,1049401,RAW,0.0005982500151731074
87,blocks.4.attn.c_proj.weight.buf,1048576,1049401,RAW,0.0005642919859383255
87,blocks.4.mlp.c_fc.weight.buf,4194304,4196389,RAW,0.0021221659844741225
87,blocks.4.mlp.c_proj.weight.buf,4194304,4195129,RAW,0.002004915993893519
87,blocks.5.attn.c_q.weight.buf,1048576,1049401,RAW,0.0005758749903179705
87,blocks.5.attn.c_k.weight.buf,1048576,1049401,RAW,0.0005960839916951954
87,blocks.5.attn.c_v.weight.buf,1048576,1049401,RAW,0.0005611249944195151
87,blocks.5.attn.c_proj.weight.buf,1048576,1049401,RAW,0.0005754169833380729
87,blocks.5.attn.ve_gate.weight.buf,512,1022,RAW,1.550000160932541e-05
87,blocks.5.mlp.c_fc.weight.buf,4194304,4196389,RAW,0.025357459002407268
87,blocks.5.mlp.c_proj.weight.buf,4194304,4195129,RAW,0.0024651669955346733
87,blocks.6.attn.c_q.weight.buf,1048576,1049401,RAW,0.0006482499884441495
87,blocks.6.attn.c_k.weight.buf,1048576,1049401,RAW,0.0006359160179272294
87,blocks.6.attn.c_v.weight.buf,1048576,1049401,RAW,0.0005712500133085996
87,blocks.6.attn.c_proj.weight.buf,1048576,1049401,RAW,0.0006023750174790621
87,blocks.6.mlp.c_fc.weight.buf,4194304,4196389,RAW,0.0022287920000962913
87,blocks.6.mlp.c_proj.weight.buf,4194304,4195129,RAW,0.002242666989332065
87,blocks.7.attn.c_q.weight.buf,1048576,1049401,RAW,0.000564667017897591
87,blocks.7.attn.c_k.weight.buf,1048576,1049401,RAW,0.0006554579886142164
87,blocks.7.attn.c_v.weight.buf,1048576,1049401,RAW,0.0006131670088507235
87,blocks.7.attn.c_proj.weight.buf,1048576,1049401,RAW,0.000576292019104585
87,blocks.7.attn.ve_gate.weight.buf,512,1022,RAW,1.2665987014770508e-05
87,blocks.7.mlp.c_fc.weight.buf,4194304,4196389,RAW,0.0020434999896679074
87,blocks.7.mlp.c_proj.weight.buf,4194304,4195129,RAW,0.002077334007481113
87,lm_head.weight.m,67108864,67136149,RAW,0.06449695798801258
87,lm_head.weight.v,67108864,67136149,RAW,0.03582341599394567
87,resid_lambdas.m,32,32,RAW_VECTOR,5.04200579598546e-06
87,resid_lambdas.v,32,32,RAW_VECTOR,5.00003807246685e-07
87,x0_lambdas.m,32,32,RAW_VECTOR,1.2500095181167126e-06
87,x0_lambdas.v,32,32,RAW_VECTOR,4.169996827840805e-07
87,value_embeds.1.weight.m,67108864,67136149,RAW,0.03666070802137256
87,value_embeds.1.weight.v,67108864,67136149,RAW,0.04586329200537875
87,value_embeds.3.weight.m,67108864,67136149,RAW,0.0366655410034582
87,value_embeds.3.weight.v,67108864,67136149,RAW,0.03967066598124802
87,value_embeds.5.weight.m,67108864,67136149,RAW,0.03728120800224133
87,value_embeds.5.weight.v,67108864,67136149,RAW,0.04352700000163168
87,value_embeds.7.weight.m,67108864,67136149,RAW,0.03935375000583008
87,value_embeds.7.weight.v,67108864,67136149,RAW,0.042605416994774714
88,wte.weight.m,67108864,67136149,RAW,0.035757957986788824
88,wte.weight.v,67108864,67136149,RAW,0.061966167006175965
88,blocks.0.attn.c_q.weight.buf,1048576,1049401,RAW,0.0006647090194746852
88,blocks.0.attn.c_k.weight.buf,1048576,1049401,RAW,0.0005741670029237866
88,blocks.0.attn.c_v.weight.buf,1048576,1049401,RAW,0.000588875001994893
88,blocks.0.attn.c_proj.weight.buf,1048576,1049401,RAW,0.0005879160016775131
88,blocks.0.mlp.c_fc.weight.buf,4194304,4196389,RAW,0.002273499994771555
88,blocks.0.mlp.c_proj.weight.buf,4194304,4195129,RAW,0.0020648329809773713
88,blocks.1.attn.c_q.weight.buf,1048576,1049401,RAW,0.0006331249896902591
88,blocks.1.attn.c_k.weight.buf,1048576,1049401,RAW,0.0005710830155294389
88,blocks.1.attn.c_v.weight.buf,1048576,1049401,RAW,0.0005903329874854535
88,blocks.1.attn.c_proj.weight.buf,1048576,1049401,RAW,0.0005850830057170242
88,blocks.1.attn.ve_gate.weight.buf,512,1022,RAW,8.125003660097718e-06
88,blocks.1.mlp.c_fc.weight.buf,4194304,4196389,RAW,0.027930957992793992
88,blocks.1.mlp.c_proj.weight.buf,4194304,4195129,RAW,0.00213779101613909
88,blocks.2.attn.c_q.weight.buf,1048576,1049401,RAW,0.0006713329930789769
88,blocks.2.attn.c_k.weight.buf,1048576,1049401,RAW,0.0006082920008338988
88,blocks.2.attn.c_v.weight.buf,1048576,1049401,RAW,0.0006247920100577176
88,blocks.2.attn.c_proj.weight.buf,1048576,1049401,RAW,0.0005662920011673123
88,blocks.2.mlp.c_fc.weight.buf,4194304,4196389,RAW,0.0020192909869365394
88,blocks.2.mlp.c_proj.weight.buf,4194304,4195129,RAW,0.0019939579942729324
88,blocks.3.attn.c_q.weight.buf,1048576,1049401,RAW,0.0005697910091839731
88,blocks.3.attn.c_k.weight.buf,1048576,1049401,RAW,0.0005330420099198818
88,blocks.3.attn.c_v.weight.buf,1048576,1049401,RAW,0.0005531659990083426
88,blocks.3.attn.c_proj.weight.buf,1048576,1049401,RAW,0.0005231660034041852
88,blocks.3.attn.ve_gate.weight.buf,512,1022,RAW,4.116600030101836e-05
88,blocks.3.mlp.c_fc.weight.buf,4194304,4196389,RAW,0.0021322499960660934
88,blocks.3.mlp.c_proj.weight.buf,4194304,4195129,RAW,0.0021694580209441483
88,blocks.4.attn.c_q.weight.buf,1048576,1049401,RAW,0.0006488749932032079
88,blocks.4.attn.c_k.weight.buf,1048576,1049401,RAW,0.0005608329956885427
88,blocks.4.attn.c_v.weight.buf,1048576,1049401,RAW,0.0005446660215966403
88,blocks.4.attn.c_proj.weight.buf,1048576,1049401,RAW,0.0005450830212794244
88,blocks.4.mlp.c_fc.weight.buf,4194304,4196389,RAW,0.002111750014591962
88,blocks.4.mlp.c_proj.weight.buf,4194304,4195129,RAW,0.0020037089998368174
88,blocks.5.attn.c_q.weight.buf,1048576,1049401,RAW,0.0005950840131845325
88,blocks.5.attn.c_k.weight.buf,1048576,1049401,RAW,0.0005371250153984874
88,blocks.5.attn.c_v.weight.buf,1048576,1049401,RAW,0.0005264590145088732
88,blocks.5.attn.c_proj.weight.buf,1048576,1049401,RAW,0.0005238750018179417
88,blocks.5.attn.ve_gate.weight.buf,512,1022,RAW,7.792026735842228e-06
88,blocks.5.mlp.c_fc.weight.buf,4194304,4196389,RAW,0.003406290983548388
88,blocks.5.mlp.c_proj.weight.buf,4194304,4195129,RAW,0.0021512080274987966
88,blocks.6.attn.c_q.weight.buf,1048576,1049401,RAW,0.0006415419920813292
88,blocks.6.attn.c_k.weight.buf,1048576,1049401,RAW,0.0005701250047422945
88,blocks.6.attn.c_v.weight.buf,1048576,1049401,RAW,0.0005838329961989075
88,blocks.6.attn.c_proj.weight.buf,1048576,1049401,RAW,0.0005742910143453628
88,blocks.6.mlp.c_fc.weight.buf,4194304,4196389,RAW,0.002043167012743652
88,blocks.6.mlp.c_proj.weight.buf,4194304,4195129,RAW,0.0020438749925233424
88,blocks.7.attn.c_q.weight.buf,1048576,1049401,RAW,0.0006612500001210719
88,blocks.7.attn.c_k.weight.buf,1048576,1049401,RAW,0.0005507919995579869
88,blocks.7.attn.c_v.weight.buf,1048576,1049401,RAW,0.0005258339806459844
88,blocks.7.attn.c_proj.weight.buf,1048576,1049401,RAW,0.0006246660195756704
88,blocks.7.attn.ve_gate.weight.buf,512,1022,RAW,1.7499987734481692e-05
88,blocks.7.mlp.c_fc.weight.buf,4194304,4196389,RAW,0.002041708998149261
88,blocks.7.mlp.c_proj.weight.buf,4194304,4195129,RAW,0.00208208299591206
88,lm_head.weight.m,67108864,67136149,RAW,0.06909520798944868
88,lm_head.weight.v,67108864,67136149,RAW,0.03842024999903515
88,resid_lambdas.m,32,32,RAW_VECTOR,5.792011506855488e-06
88,resid_lambdas.v,32,32,RAW_VECTOR,3.4589902497828007e-06
88,x0_lambdas.m,32,32,RAW_VECTOR,1.00000761449337e-06
88,x0_lambdas.v,32,32,RAW_VECTOR,3.33995558321476e-07
88,value_embeds.1.weight.m,67108864,67136149,RAW,0.038702916994225234
88,value_embeds.1.weight.v,67108864,67136149,RAW,0.032261084008496255
88,value_embeds.3.weight.m,67108864,67136149,RAW,0.03478037501918152
88,value_embeds.3.weight.v,67108864,67136149,RAW,0.04114258399931714
88,value_embeds.5.weight.m,67108864,67136149,RAW,0.03542008300428279
88,value_embeds.5.weight.v,67108864,67136149,RAW,0.03944204200524837
88,value_embeds.7.weight.m,67108864,67136149,RAW,0.03502720801043324
88,value_embeds.7.weight.v,67108864,67136149,RAW,0.040023458015639335
89,wte.weight.m,67108864,67136149,RAW,0.059963249979773536
89,wte.weight.v,67108864,67136149,RAW,0.045112374995369464
89,blocks.0.attn.c_q.weight.buf,1048576,1049401,RAW,0.0007123749819584191
89,blocks.0.attn.c_k.weight.buf,1048576,1049401,RAW,0.0006449170177802444
89,blocks.0.attn.c_v.weight.buf,1048576,1049401,RAW,0.0006232500018086284
89,blocks.0.attn.c_proj.weight.buf,1048576,1049401,RAW,0.0006361669802572578
89,blocks.0.mlp.c_fc.weight.buf,4194304,4196389,RAW,0.002433541987556964
89,blocks.0.mlp.c_proj.weight.buf,4194304,4195129,RAW,0.0023041670210659504
89,blocks.1.attn.c_q.weight.buf,1048576,1049401,RAW,0.0007047080143820494
89,blocks.1.attn.c_k.weight.buf,1048576,1049401,RAW,0.0014338330074679106
89,blocks.1.attn.c_v.weight.buf,1048576,1049401,RAW,0.0006805830053053796
89,blocks.1.attn.c_proj.weight.buf,1048576,1049401,RAW,0.0006462080054916441
89,blocks.1.attn.ve_gate.weight.buf,512,1022,RAW,1.85410026460886e-05
89,blocks.1.mlp.c_fc.weight.buf,4194304,4196389,RAW,0.002433417015708983
89,blocks.1.mlp.c_proj.weight.buf,4194304,4195129,RAW,0.0021731250162702054
89,blocks.2.attn.c_q.weight.buf,1048576,1049401,RAW,0.0006611660064663738
89,blocks.2.attn.c_k.weight.buf,1048576,1049401,RAW,0.0006434590031858534
89,blocks.2.attn.c_v.weight.buf,1048576,1049401,RAW,0.0005973750085104257
89,blocks.2.attn.c_proj.weight.buf,1048576,1049401,RAW,0.0006440419820137322
89,blocks.2.mlp.c_fc.weight.buf,4194304,4196389,RAW,0.002160749980248511
89,blocks.2.mlp.c_proj.weight.buf,4194304,4195129,RAW,0.002175415982492268
89,blocks.3.attn.c_q.weight.buf,1048576,1049401,RAW,0.0006573749997187406
89,blocks.3.attn.c_k.weight.buf,1048576,1049401,RAW,0.0005999999993946403
89,blocks.3.attn.c_v.weight.buf,1048576,1049401,RAW,0.0006091250106692314
89,blocks.3.attn.c_proj.weight.buf,1048576,1049401,RAW,0.0006295840139500797
89,blocks.3.attn.ve_gate.weight.buf,512,1022,RAW,2.1790998289361596e-05
89,blocks.3.mlp.c_fc.weight.buf,4194304,4196389,RAW,0.0021425829909276217
89,blocks.3.mlp.c_proj.weight.buf,4194304,4195129,RAW,0.0022118749911896884
89,blocks.4.attn.c_q.weight.buf,1048576,1049401,RAW,0.0006546670047100633
89,blocks.4.attn.c_k.weight.buf,1048576,1049401,RAW,0.0006333750206977129
89,blocks.4.attn.c_v.weight.buf,1048576,1049401,RAW,0.0006142079946585
89,blocks.4.attn.c_proj.weight.buf,1048576,1049401,RAW,0.0006274580082390457
89,blocks.4.mlp.c_fc.weight.buf,4194304,4196389,RAW,0.0021470000210683793
89,blocks.4.mlp.c_proj.weight.buf,4194304,4195129,RAW,0.002164749981602654
89,blocks.5.attn.c_q.weight.buf,1048576,1049401,RAW,0.02956562500912696
89,blocks.5.attn.c_k.weight.buf,1048576,1049401,RAW,0.0006564159994013608
89,blocks.5.attn.c_v.weight.buf,1048576,1049401,RAW,0.0005993750237394124
89,blocks.5.attn.c_proj.weight.buf,1048576,1049401,RAW,0.0005989590135868639
89,blocks.5.attn.ve_gate.weight.buf,512,1022,RAW,8.292001439258456e-06
89,blocks.5.mlp.c_fc.weight.buf,4194304,4196389,RAW,0.0023364579828921705
89,blocks.5.mlp.c_proj.weight.buf,4194304,4195129,RAW,0.002146084007108584
89,blocks.6.attn.c_q.weight.buf,1048576,1049401,RAW,0.0006308750016614795
89,blocks.6.attn.c_k.weight.buf,1048576,1049401,RAW,0.000561041000764817
89,blocks.6.attn.c_v.weight.buf,1048576,1049401,RAW,0.0005823330138809979
89,blocks.6.attn.c_proj.weight.buf,1048576,1049401,RAW,0.000561791006475687
89,blocks.6.mlp.c_fc.weight.buf,4194304,4196389,RAW,0.0020490000024437904
89,blocks.6.mlp.c_proj.weight.buf,4194304,4195129,RAW,0.0022168330033309758
89,blocks.7.attn.c_q.weight.buf,1048576,1049401,RAW,0.0006172920111566782
89,blocks.7.attn.c_k.weight.buf,1048576,1049401,RAW,0.0005650829989463091
89,blocks.7.attn.c_v.weight.buf,1048576,1049401,RAW,0.0005739580083172768
89,blocks.7.attn.c_proj.weight.buf,1048576,1049401,RAW,0.0005609999934677035
89,blocks.7.attn.ve_gate.weight.buf,512,1022,RAW,7.833004929125309e-06
89,blocks.7.mlp.c_fc.weight.buf,4194304,4196389,RAW,0.0020610000065062195
89,blocks.7.mlp.c_proj.weight.buf,4194304,4195129,RAW,0.0021426250168588012
89,lm_head.weight.m,67108864,67136149,RAW,0.06112595900776796
89,lm_head.weight.v,67108864,67136149,RAW,0.06517941600759514
89,resid_lambdas.m,32,32,RAW_VECTOR,1.1208001524209976e-05
89,resid_lambdas.v,32,32,RAW_VECTOR,6.250047590583563e-07
89,x0_lambdas.m,32,32,RAW_VECTOR,1.0420044418424368e-06
89,x0_lambdas.v,32,32,RAW_VECTOR,4.1601015254855156e-07
89,value_embeds.1.weight.m,67108864,67136149,RAW,0.03723154199542478
89,value_embeds.1.weight.v,67108864,67136149,RAW,0.038090707996161655
89,value_embeds.3.weight.m,67108864,67136149,RAW,0.037278333998983726
89,value_embeds.3.weight.v,67108864,67136149,RAW,0.04290475000743754
89,value_embeds.5.weight.m,67108864,67136149,RAW,0.03662187501322478
89,value_embeds.5.weight.v,67108864,67136149,RAW,0.04309829100384377
89,value_embeds.7.weight.m,67108864,67136149,RAW,0.03607337499852292
89,value_embeds.7.weight.v,67108864,67136149,RAW,0.04418058300507255
90,wte.weight.m,67108864,67136149,RAW,0.035774000018136576
90,wte.weight.v,67108864,67136149,RAW,0.03449533399543725
90,blocks.0.attn.c_q.weight.buf,1048576,1049401,RAW,0.0007170830212999135
90,blocks.0.attn.c_k.weight.buf,1048576,1049401,RAW,0.0005948749894741923
90,blocks.0.attn.c_v.weight.buf,1048576,1049401,RAW,0.0005779160128440708
90,blocks.0.attn.c_proj.weight.buf,1048576,1049401,RAW,0.0005712920101359487
90,blocks.0.mlp.c_fc.weight.buf,4194304,4196389,RAW,0.003031917003681883
90,blocks.0.mlp.c_proj.weight.buf,4194304,4195129,RAW,0.0021263330127112567
90,blocks.1.attn.c_q.weight.buf,1048576,1049401,RAW,0.000635208998573944
90,blocks.1.attn.c_k.weight.buf,1048576,1049401,RAW,0.0006116250006016344
90,blocks.1.attn.c_v.weight.buf,1048576,1049401,RAW,0.0005688329983968288
90,blocks.1.attn.c_proj.weight.buf,1048576,1049401,RAW,0.0005685420182999223
90,blocks.1.attn.ve_gate.weight.buf,512,1022,RAW,8.833012543618679e-06
90,blocks.1.mlp.c_fc.weight.buf,4194304,4196389,RAW,0.0020587079925462604
90,blocks.1.mlp.c_proj.weight.buf,4194304,4195129,RAW,0.002036167017649859
90,blocks.2.attn.c_q.weight.buf,1048576,1049401,RAW,0.0006225420220289379
90,blocks.2.attn.c_k.weight.buf,1048576,1049401,RAW,0.0005900420073885471
90,blocks.2.attn.c_v.weight.buf,1048576,1049401,RAW,0.0005912079941481352
90,blocks.2.attn.c_proj.weight.buf,1048576,1049401,RAW,0.0005648749938700348
90,blocks.2.mlp.c_fc.weight.buf,4194304,4196389,RAW,0.0020421670051291585
90,blocks.2.mlp.c_proj.weight.buf,4194304,4195129,RAW,0.002052374999038875
90,blocks.3.attn.c_q.weight.buf,1048576,1049401,RAW,0.0006691250018775463
90,blocks.3.attn.c_k.weight.buf,1048576,1049401,RAW,0.0007672920182812959
90,blocks.3.attn.c_v.weight.buf,1048576,1049401,RAW,0.0006187919934745878
90,blocks.3.attn.c_proj.weight.buf,1048576,1049401,RAW,0.0006015409890096635
90,blocks.3.attn.ve_gate.weight.buf,512,1022,RAW,9.750016033649445e-06
90,blocks.3.mlp.c_fc.weight.buf,4194304,4196389,RAW,0.0023726669896859676
90,blocks.3.mlp.c_proj.weight.buf,4194304,4195129,RAW,0.0021019160049036145
90,blocks.4.attn.c_q.weight.buf,1048576,1049401,RAW,0.0006218750204425305
90,blocks.4.attn.c_k.weight.buf,1048576,1049401,RAW,0.0005941250128671527
90,blocks.4.attn.c_v.weight.buf,1048576,1049401,RAW,0.0005701250047422945
90,blocks.4.attn.c_proj.weight.buf,1048576,1049401,RAW,0.0005797499907203019
90,blocks.4.mlp.c_fc.weight.buf,4194304,4196389,RAW,0.00209575000917539
90,blocks.4.mlp.c_proj.weight.buf,4194304,4195129,RAW,0.0020294589921832085
90,blocks.5.attn.c_q.weight.buf,1048576,1049401,RAW,0.0006695000047329813
90,blocks.5.attn.c_k.weight.buf,1048576,1049401,RAW,0.0005735830054618418
90,blocks.5.attn.c_v.weight.buf,1048576,1049401,RAW,0.0005633330147247761
90,blocks.5.attn.c_proj.weight.buf,1048576,1049401,RAW,0.0005863329861313105
90,blocks.5.attn.ve_gate.weight.buf,512,1022,RAW,8.207978680729866e-06
90,blocks.5.mlp.c_fc.weight.buf,4194304,4196389,RAW,0.002108083019265905
90,blocks.5.mlp.c_proj.weight.buf,4194304,4195129,RAW,0.002104458020767197
90,blocks.6.attn.c_q.weight.buf,1048576,1049401,RAW,0.000669250002829358
90,blocks.6.attn.c_k.weight.buf,1048576,1049401,RAW,0.0006274160114116967
90,blocks.6.attn.c_v.weight.buf,1048576,1049401,RAW,0.0005698750028386712
90,blocks.6.attn.c_proj.weight.buf,1048576,1049401,RAW,0.026112249994184822
90,blocks.6.mlp.c_fc.weight.buf,4194304,4196389,RAW,0.0025983749947045
90,blocks.6.mlp.c_proj.weight.buf,4194304,4195129,RAW,0.00232041600975208
90,blocks.7.attn.c_q.weight.buf,1048576,1049401,RAW,0.000680500001180917
90,blocks.7.attn.c_k.weight.buf,1048576,1049401,RAW,0.0006050840020179749
90,blocks.7.attn.c_v.weight.buf,1048576,1049401,RAW,0.0006137919845059514
90,blocks.7.attn.c_proj.weight.buf,1048576,1049401,RAW,0.0006108750239945948
90,blocks.7.attn.ve_gate.weight.buf,512,1022,RAW,1.2458011042326689e-05
90,blocks.7.mlp.c_fc.weight.buf,4194304,4196389,RAW,0.0022558330092579126
90,blocks.7.mlp.c_proj.weight.buf,4194304,4195129,RAW,0.002065791981294751
90,lm_head.weight.m,67108864,67136149,RAW,0.03949754100176506
90,lm_head.weight.v,67108864,67136149,RAW,0.04196091598714702
90,resid_lambdas.m,32,32,RAW_VECTOR,1.0958989150822163e-05
90,resid_lambdas.v,32,32,RAW_VECTOR,1.2080126907676458e-06
90,x0_lambdas.m,32,32,RAW_VECTOR,9.791983757168055e-06
90,x0_lambdas.v,32,32,RAW_VECTOR,5.420006345957518e-07
90,value_embeds.1.weight.m,67108864,67136149,RAW,0.06578170901047997
90,value_embeds.1.weight.v,67108864,67136149,RAW,0.036905207991367206
90,value_embeds.3.weight.m,67108864,67136149,RAW,0.06019966598250903
90,value_embeds.3.weight.v,67108864,67136149,RAW,0.04566291600349359
90,value_embeds.5.weight.m,67108864,67136149,RAW,0.036567125003784895
90,value_embeds.5.weight.v,67108864,67136149,RAW,0.037356457993155345
90,value_embeds.7.weight.m,67108864,67136149,RAW,0.0386141249909997
90,value_embeds.7.weight.v,67108864,67136149,RAW,0.03506808300153352
91,wte.weight.m,67108864,67136149,RAW,0.035453999997116625
91,wte.weight.v,67108864,67136149,RAW,0.06913141699624248
91,blocks.0.attn.c_q.weight.buf,1048576,1049401,RAW,0.0007555000192951411
91,blocks.0.attn.c_k.weight.buf,1048576,1049401,RAW,0.0006304170237854123
91,blocks.0.attn.c_v.weight.buf,1048576,1049401,RAW,0.000659167009871453
91,blocks.0.attn.c_proj.weight.buf,1048576,1049401,RAW,0.0006352909840643406
91,blocks.0.mlp.c_fc.weight.buf,4194304,4196389,RAW,0.002365624997764826
91,blocks.0.mlp.c_proj.weight.buf,4194304,4195129,RAW,0.002151209017029032
91,blocks.1.attn.c_q.weight.buf,1048576,1049401,RAW,0.0006497499998658895
91,blocks.1.attn.c_k.weight.buf,1048576,1049401,RAW,0.0005918749957345426
91,blocks.1.attn.c_v.weight.buf,1048576,1049401,RAW,0.0006044579786248505
91,blocks.1.attn.c_proj.weight.buf,1048576,1049401,RAW,0.0005969580088276416
91,blocks.1.attn.ve_gate.weight.buf,512,1022,RAW,1.6165984561666846e-05
91,blocks.1.mlp.c_fc.weight.buf,4194304,4196389,RAW,0.0021960420126561075
91,blocks.1.mlp.c_proj.weight.buf,4194304,4195129,RAW,0.02892679098295048
91,blocks.2.attn.c_q.weight.buf,1048576,1049401,RAW,0.0007809590024407953
91,blocks.2.attn.c_k.weight.buf,1048576,1049401,RAW,0.0006207920087035745
91,blocks.2.attn.c_v.weight.buf,1048576,1049401,RAW,0.0006187499966472387
91,blocks.2.attn.c_proj.weight.buf,1048576,1049401,RAW,0.0006104580243118107
91,blocks.2.mlp.c_fc.weight.buf,4194304,4196389,RAW,0.002392416005022824
91,blocks.2.mlp.c_proj.weight.buf,4194304,4195129,RAW,0.02957987500121817
91,blocks.3.attn.c_q.weight.buf,1048576,1049401,RAW,0.0009334170026704669
91,blocks.3.attn.c_k.weight.buf,1048576,1049401,RAW,0.0006288749864324927
91,blocks.3.attn.c_v.weight.buf,1048576,1049401,RAW,0.000598666985752061
91,blocks.3.attn.c_proj.weight.buf,1048576,1049401,RAW,0.0006198329792823642
91,blocks.3.attn.ve_gate.weight.buf,512,1022,RAW,1.4833000022917986e-05
91,blocks.3.mlp.c_fc.weight.buf,4194304,4196389,RAW,0.00232808300643228
91,blocks.3.mlp.c_proj.weight.buf,4194304,4195129,RAW,0.0022175410122144967
91,blocks.4.attn.c_q.weight.buf,1048576,1049401,RAW,0.0006445420149248093
91,blocks.4.attn.c_k.weight.buf,1048576,1049401,RAW,0.0006046660128049552
91,blocks.4.attn.c_v.weight.buf,1048576,1049401,RAW,0.0005935420049354434
91,blocks.4.attn.c_proj.weight.buf,1048576,1049401,RAW,0.0005895830108784139
91,blocks.4.mlp.c_fc.weight.buf,4194304,4196389,RAW,0.00215387498610653
91,blocks.4.mlp.c_proj.weight.buf,4194304,4195129,RAW,0.0021994580165483057
91,blocks.5.attn.c_q.weight.buf,1048576,1049401,RAW,0.0006352500058710575
91,blocks.5.attn.c_k.weight.buf,1048576,1049401,RAW,0.0005848339933436364
91,blocks.5.attn.c_v.weight.buf,1048576,1049401,RAW,0.0006058329890947789
91,blocks.5.attn.c_proj.weight.buf,1048576,1049401,RAW,0.0005905830184929073
91,blocks.5.attn.ve_gate.weight.buf,512,1022,RAW,2.9916991479694843e-05
91,blocks.5.mlp.c_fc.weight.buf,4194304,4196389,RAW,0.0021253330050967634
91,blocks.5.mlp.c_proj.weight.buf,4194304,4195129,RAW,0.00408120802603662
91,blocks.6.attn.c_q.weight.buf,1048576,1049401,RAW,0.0006956249999348074
91,blocks.6.attn.c_k.weight.buf,1048576,1049401,RAW,0.0006189999985508621
91,blocks.6.attn.c_v.weight.buf,1048576,1049401,RAW,0.0006164170044939965
91,blocks.6.attn.c_proj.weight.buf,1048576,1049401,RAW,0.0006154580041766167
91,blocks.6.mlp.c_fc.weight.buf,4194304,4196389,RAW,0.002174708992242813
91,blocks.6.mlp.c_proj.weight.buf,4194304,4195129,RAW,0.0021677089971490204
91,blocks.7.attn.c_q.weight.buf,1048576,1049401,RAW,0.0006433330127038062
91,blocks.7.attn.c_k.weight.buf,1048576,1049401,RAW,0.0005989169876556844
91,blocks.7.attn.c_v.weight.buf,1048576,1049401,RAW,0.0005973329825792462
91,blocks.7.attn.c_proj.weight.buf,1048576,1049401,RAW,0.0006554160208906978
91,blocks.7.attn.ve_gate.weight.buf,512,1022,RAW,1.7458020010963082e-05
91,blocks.7.mlp.c_fc.weight.buf,4194304,4196389,RAW,0.00212583300890401
91,blocks.7.mlp.c_proj.weight.buf,4194304,4195129,RAW,0.0021069590002298355
91,lm_head.weight.m,67108864,67136149,RAW,0.069727292022435
91,lm_head.weight.v,67108864,67136149,RAW,0.037685708986828104
91,resid_lambdas.m,32,32,RAW_VECTOR,6.416987162083387e-06
91,resid_lambdas.v,32,32,RAW_VECTOR,1.4170072972774506e-06
91,x0_lambdas.m,32,32,RAW_VECTOR,1.8339778762310743e-06
91,x0_lambdas.v,32,32,RAW_VECTOR,4.169996827840805e-07
91,value_embeds.1.weight.m,67108864,67136149,RAW,0.03548516699811444
91,value_embeds.1.weight.v,67108864,67136149,RAW,0.04429274998256005
91,value_embeds.3.weight.m,67108864,67136149,RAW,0.03554329200414941
91,value_embeds.3.weight.v,67108864,67136149,RAW,0.04327687501790933
91,value_embeds.5.weight.m,67108864,67136149,RAW,0.035418666986515746
91,value_embeds.5.weight.v,67108864,67136149,RAW,0.042951791983796284
91,value_embeds.7.weight.m,67108864,67136149,RAW,0.03570087501429953
91,value_embeds.7.weight.v,67108864,67136149,RAW,0.043724708986701444
92,wte.weight.m,67108864,67136149,RAW,0.044263957999646664
92,wte.weight.v,67108864,67136149,RAW,0.04045695799868554
92,blocks.0.attn.c_q.weight.buf,1048576,1049401,RAW,0.0006510000093840063
92,blocks.0.attn.c_k.weight.buf,1048576,1049401,RAW,0.0006076660065446049
92,blocks.0.attn.c_v.weight.buf,1048576,1049401,RAW,0.0005687079974450171
92,blocks.0.attn.c_proj.weight.buf,1048576,1049401,RAW,0.0005625409830827266
92,blocks.0.mlp.c_fc.weight.buf,4194304,4196389,RAW,0.0022992909944150597
92,blocks.0.mlp.c_proj.weight.buf,4194304,4195129,RAW,0.002053125004749745
92,blocks.1.attn.c_q.weight.buf,1048576,1049401,RAW,0.0006139170145615935
92,blocks.1.attn.c_k.weight.buf,1048576,1049401,RAW,0.0006147079984657466
92,blocks.1.attn.c_v.weight.buf,1048576,1049401,RAW,0.0013976669870316982
92,blocks.1.attn.c_proj.weight.buf,1048576,1049401,RAW,0.000608125003054738
92,blocks.1.attn.ve_gate.weight.buf,512,1022,RAW,1.0709016351029277e-05
92,blocks.1.mlp.c_fc.weight.buf,4194304,4196389,RAW,0.002306832990143448
92,blocks.1.mlp.c_proj.weight.buf,4194304,4195129,RAW,0.0021120409946888685
92,blocks.2.attn.c_q.weight.buf,1048576,1049401,RAW,0.0006205830140970647
92,blocks.2.attn.c_k.weight.buf,1048576,1049401,RAW,0.0005793340096715838
92,blocks.2.attn.c_v.weight.buf,1048576,1049401,RAW,0.0005714589788112789
92,blocks.2.attn.c_proj.weight.buf,1048576,1049401,RAW,0.0005793749878648669
92,blocks.2.mlp.c_fc.weight.buf,4194304,4196389,RAW,0.002029791008681059
92,blocks.2.mlp.c_proj.weight.buf,4194304,4195129,RAW,0.0020904999983031303
92,blocks.3.attn.c_q.weight.buf,1048576,1049401,RAW,0.0006399580161087215
92,blocks.3.attn.c_k.weight.buf,1048576,1049401,RAW,0.0006308750016614795
92,blocks.3.attn.c_v.weight.buf,1048576,1049401,RAW,0.0005853750044479966
92,blocks.3.attn.c_proj.weight.buf,1048576,1049401,RAW,0.0005655419954564422
92,blocks.3.attn.ve_gate.weight.buf,512,1022,RAW,8.37500556372106e-06
92,blocks.3.mlp.c_fc.weight.buf,4194304,4196389,RAW,0.0021041669824626297
92,blocks.3.mlp.c_proj.weight.buf,4194304,4195129,RAW,0.0020871250017080456
92,blocks.4.attn.c_q.weight.buf,1048576,1049401,RAW,0.0006143329956103116
92,blocks.4.attn.c_k.weight.buf,1048576,1049401,RAW,0.0005699160101357847
92,blocks.4.attn.c_v.weight.buf,1048576,1049401,RAW,0.0005667080113198608
92,blocks.4.attn.c_proj.weight.buf,1048576,1049401,RAW,0.024846000014804304
92,blocks.4.mlp.c_fc.weight.buf,4194304,4196389,RAW,0.002371582988416776
92,blocks.4.mlp.c_proj.weight.buf,4194304,4195129,RAW,0.002369875001022592
92,blocks.5.attn.c_q.weight.buf,1048576,1049401,RAW,0.0006423750019166619
92,blocks.5.attn.c_k.weight.buf,1048576,1049401,RAW,0.0009642909863032401
92,blocks.5.attn.c_v.weight.buf,1048576,1049401,RAW,0.0005780410137958825
92,blocks.5.attn.c_proj.weight.buf,1048576,1049401,RAW,0.000581667001824826
92,blocks.5.attn.ve_gate.weight.buf,512,1022,RAW,1.0041985660791397e-05
92,blocks.5.mlp.c_fc.weight.buf,4194304,4196389,RAW,0.0021491250081453472
92,blocks.5.mlp.c_proj.weight.buf,4194304,4195129,RAW,0.002064291009446606
92,blocks.6.attn.c_q.weight.buf,1048576,1049401,RAW,0.0006064999906811863
92,blocks.6.attn.c_k.weight.buf,1048576,1049401,RAW,0.0005711250123567879
92,blocks.6.attn.c_v.weight.buf,1048576,1049401,RAW,0.0006177079922053963
92,blocks.6.attn.c_proj.weight.buf,1048576,1049401,RAW,0.0005957079993095249
92,blocks.6.mlp.c_fc.weight.buf,4194304,4196389,RAW,0.002080209000268951
92,blocks.6.mlp.c_proj.weight.buf,4194304,4195129,RAW,0.0020440000225789845
92,blocks.7.attn.c_q.weight.buf,1048576,1049401,RAW,0.0006469999789260328
92,blocks.7.attn.c_k.weight.buf,1048576,1049401,RAW,0.0005865829880349338
92,blocks.7.attn.c_v.weight.buf,1048576,1049401,RAW,0.0005853329785168171
92,blocks.7.attn.c_proj.weight.buf,1048576,1049401,RAW,0.0005718749889638275
92,blocks.7.attn.ve_gate.weight.buf,512,1022,RAW,9.417010005563498e-06
92,blocks.7.mlp.c_fc.weight.buf,4194304,4196389,RAW,0.0020642500021494925
92,blocks.7.mlp.c_proj.weight.buf,4194304,4195129,RAW,0.003029249986866489
92,lm_head.weight.m,67108864,67136149,RAW,0.03546854201704264
92,lm_head.weight.v,67108864,67136149,RAW,0.03424304199870676
92,resid_lambdas.m,32,32,RAW_VECTOR,4.999979864805937e-06
92,resid_lambdas.v,32,32,RAW_VECTOR,5.00003807246685e-07
92,x0_lambdas.m,32,32,RAW_VECTOR,1.7079873941838741e-06
92,x0_lambdas.v,32,32,RAW_VECTOR,4.169996827840805e-07
92,value_embeds.1.weight.m,67108864,67136149,RAW,0.035481708007864654
92,value_embeds.1.weight.v,67108864,67136149,RAW,0.03559995800605975
92,value_embeds.3.weight.m,67108864,67136149,RAW,0.03570341598242521
92,value_embeds.3.weight.v,67108864,67136149,RAW,0.03943479200825095
92,value_embeds.5.weight.m,67108864,67136149,RAW,0.035179957980290055
92,value_embeds.5.weight.v,67108864,67136149,RAW,0.03818029101239517
92,value_embeds.7.weight.m,67108864,67136149,RAW,0.03761199998552911
92,value_embeds.7.weight.v,67108864,67136149,RAW,0.04243070801021531
93,wte.weight.m,67108864,67136149,RAW,0.0642334170115646
93,wte.weight.v,67108864,67136149,RAW,0.041347583988681436
93,blocks.0.attn.c_q.weight.buf,1048576,1049401,RAW,0.0006203329830896109
93,blocks.0.attn.c_k.weight.buf,1048576,1049401,RAW,0.0005649579979944974
93,blocks.0.attn.c_v.weight.buf,1048576,1049401,RAW,0.0005499170219991356
93,blocks.0.attn.c_proj.weight.buf,1048576,1049401,RAW,0.0005492909986060113
93,blocks.0.mlp.c_fc.weight.buf,4194304,4196389,RAW,0.0021484589960891753
93,blocks.0.mlp.c_proj.weight.buf,4194304,4195129,RAW,0.0019902920175809413
93,blocks.1.attn.c_q.weight.buf,1048576,1049401,RAW,0.0005952500214334577
93,blocks.1.attn.c_k.weight.buf,1048576,1049401,RAW,0.0005492499913088977
93,blocks.1.attn.c_v.weight.buf,1048576,1049401,RAW,0.000531708006747067
93,blocks.1.attn.c_proj.weight.buf,1048576,1049401,RAW,0.0006271250022109598
93,blocks.1.attn.ve_gate.weight.buf,512,1022,RAW,0.0001365409989375621
93,blocks.1.mlp.c_fc.weight.buf,4194304,4196389,RAW,0.002390750014455989
93,blocks.1.mlp.c_proj.weight.buf,4194304,4195129,RAW,0.002075832977425307
93,blocks.2.attn.c_q.weight.buf,1048576,1049401,RAW,0.0006392499781213701
93,blocks.2.attn.c_k.weight.buf,1048576,1049401,RAW,0.0005869999877177179
93,blocks.2.attn.c_v.weight.buf,1048576,1049401,RAW,0.0013690420018974692
93,blocks.2.attn.c_proj.weight.buf,1048576,1049401,RAW,0.0005593750101979822
93,blocks.2.mlp.c_fc.weight.buf,4194304,4196389,RAW,0.0020351669809315354
93,blocks.2.mlp.c_proj.weight.buf,4194304,4195129,RAW,0.001953791012056172
93,blocks.3.attn.c_q.weight.buf,1048576,1049401,RAW,0.0005754579906351864
93,blocks.3.attn.c_k.weight.buf,1048576,1049401,RAW,0.0005077090172562748
93,blocks.3.attn.c_v.weight.buf,1048576,1049401,RAW,0.0005085000011604279
93,blocks.3.attn.c_proj.weight.buf,1048576,1049401,RAW,0.0005403750110417604
93,blocks.3.attn.ve_gate.weight.buf,512,1022,RAW,8.083006832748652e-06
93,blocks.3.mlp.c_fc.weight.buf,4194304,4196389,RAW,0.0019859999883919954
93,blocks.3.mlp.c_proj.weight.buf,4194304,4195129,RAW,0.001970040990272537
93,blocks.4.attn.c_q.weight.buf,1048576,1049401,RAW,0.0005701250047422945
93,blocks.4.attn.c_k.weight.buf,1048576,1049401,RAW,0.0005112910002935678
93,blocks.4.attn.c_v.weight.buf,1048576,1049401,RAW,0.0005106249882373959
93,blocks.4.attn.c_proj.weight.buf,1048576,1049401,RAW,0.0005129580094944686
93,blocks.4.mlp.c_fc.weight.buf,4194304,4196389,RAW,0.002007708011660725
93,blocks.4.mlp.c_proj.weight.buf,4194304,4195129,RAW,0.0021188330138102174
93,blocks.5.attn.c_q.weight.buf,1048576,1049401,RAW,0.000657291995594278
93,blocks.5.attn.c_k.weight.buf,1048576,1049401,RAW,0.0014820409996900707
93,blocks.5.attn.c_v.weight.buf,1048576,1049401,RAW,0.0006860829889774323
93,blocks.5.attn.c_proj.weight.buf,1048576,1049401,RAW,0.0006709170120302588
93,blocks.5.attn.ve_gate.weight.buf,512,1022,RAW,2.7291011065244675e-05
93,blocks.5.mlp.c_fc.weight.buf,4194304,4196389,RAW,0.002506666991394013
93,blocks.5.mlp.c_proj.weight.buf,4194304,4195129,RAW,0.002379542012931779
93,blocks.6.attn.c_q.weight.buf,1048576,1049401,RAW,0.0014026249991729856
93,blocks.6.attn.c_k.weight.buf,1048576,1049401,RAW,0.000602708023507148
93,blocks.6.attn.c_v.weight.buf,1048576,1049401,RAW,0.0005985840107314289
93,blocks.6.attn.c_proj.weight.buf,1048576,1049401,RAW,0.0005966669996269047
93,blocks.6.mlp.c_fc.weight.buf,4194304,4196389,RAW,0.0022524999803863466
93,blocks.6.mlp.c_proj.weight.buf,4194304,4195129,RAW,0.0021487909834831953
93,blocks.7.attn.c_q.weight.buf,1048576,1049401,RAW,0.0006456249975599349
93,blocks.7.attn.c_k.weight.buf,1048576,1049401,RAW,0.0006161670025903732
93,blocks.7.attn.c_v.weight.buf,1048576,1049401,RAW,0.0005973340012133121
93,blocks.7.attn.c_proj.weight.buf,1048576,1049401,RAW,0.0006120420002844185
93,blocks.7.attn.ve_gate.weight.buf,512,1022,RAW,1.5375000657513738e-05
93,blocks.7.mlp.c_fc.weight.buf,4194304,4196389,RAW,0.002159583003958687
93,blocks.7.mlp.c_proj.weight.buf,4194304,4195129,RAW,0.002111249981680885
93,lm_head.weight.m,67108864,67136149,RAW,0.04974445898551494
93,lm_head.weight.v,67108864,67136149,RAW,0.04068587499205023
93,resid_lambdas.m,32,32,RAW_VECTOR,6.249989382922649e-06
93,resid_lambdas.v,32,32,RAW_VECTOR,4.580069798976183e-07
93,x0_lambdas.m,32,32,RAW_VECTOR,1.9170111045241356e-06
93,x0_lambdas.v,32,32,RAW_VECTOR,4.5797787606716156e-07
93,value_embeds.1.weight.m,67108864,67136149,RAW,0.0406835830071941
93,value_embeds.1.weight.v,67108864,67136149,RAW,0.06300966598792002
93,value_embeds.3.weight.m,67108864,67136149,RAW,0.037582124990876764
93,value_embeds.3.weight.v,67108864,67136149,RAW,0.04452979099005461
93,value_embeds.5.weight.m,67108864,67136149,RAW,0.039001208991976455
93,value_embeds.5.weight.v,67108864,67136149,RAW,0.04327416600426659
93,value_embeds.7.weight.m,67108864,67136149,RAW,0.03650341599131934
93,value_embeds.7.weight.v,67108864,67136149,RAW,0.042748209001729265
94,wte.weight.m,67108864,67136149,RAW,0.05489658302394673
94,wte.weight.v,67108864,67136149,RAW,0.04045554201002233
94,blocks.0.attn.c_q.weight.buf,1048576,1049401,RAW,0.0006649580027442425
94,blocks.0.attn.c_k.weight.buf,1048576,1049401,RAW,0.0005864999839104712
94,blocks.0.attn.c_v.weight.buf,1048576,1049401,RAW,0.0005870000168215483
94,blocks.0.attn.c_proj.weight.buf,1048576,1049401,RAW,0.0005817500059492886
94,blocks.0.mlp.c_fc.weight.buf,4194304,4196389,RAW,0.002295291982591152
94,blocks.0.mlp.c_proj.weight.buf,4194304,4195129,RAW,0.002092917013214901
94,blocks.1.attn.c_q.weight.buf,1048576,1049401,RAW,0.0006250830192584544
94,blocks.1.attn.c_k.weight.buf,1048576,1049401,RAW,0.0005716250161640346
94,blocks.1.attn.c_v.weight.buf,1048576,1049401,RAW,0.0012030000216327608
94,blocks.1.attn.c_proj.weight.buf,1048576,1049401,RAW,0.0006001669971738011
94,blocks.1.attn.ve_gate.weight.buf,512,1022,RAW,9.166978998109698e-06
94,blocks.1.mlp.c_fc.weight.buf,4194304,4196389,RAW,0.0023798749898560345
94,blocks.1.mlp.c_proj.weight.buf,4194304,4195129,RAW,0.00221574999159202
94,blocks.2.attn.c_q.weight.buf,1048576,1049401,RAW,0.0006379589904099703
94,blocks.2.attn.c_k.weight.buf,1048576,1049401,RAW,0.0005699590255971998
94,blocks.2.attn.c_v.weight.buf,1048576,1049401,RAW,0.0005773330049123615
94,blocks.2.attn.c_proj.weight.buf,1048576,1049401,RAW,0.000612749980064109
94,blocks.2.mlp.c_fc.weight.buf,4194304,4196389,RAW,0.0020824999955948442
94,blocks.2.mlp.c_proj.weight.buf,4194304,4195129,RAW,0.002039915998466313
94,blocks.3.attn.c_q.weight.buf,1048576,1049401,RAW,0.0006350830080918968
94,blocks.3.attn.c_k.weight.buf,1048576,1049401,RAW,0.0006078750011511147
94,blocks.3.attn.c_v.weight.buf,1048576,1049401,RAW,0.0005833750183228403
94,blocks.3.attn.c_proj.weight.buf,1048576,1049401,RAW,0.0005666250071953982
94,blocks.3.attn.ve_gate.weight.buf,512,1022,RAW,9.749986929818988e-06
94,blocks.3.mlp.c_fc.weight.buf,4194304,4196389,RAW,0.002078958001220599
94,blocks.3.mlp.c_proj.weight.buf,4194304,4195129,RAW,0.002140124997822568
94,blocks.4.attn.c_q.weight.buf,1048576,1049401,RAW,0.0006443330203182995
94,blocks.4.attn.c_k.weight.buf,1048576,1049401,RAW,0.000568290997762233
94,blocks.4.attn.c_v.weight.buf,1048576,1049401,RAW,0.000553457997739315
94,blocks.4.attn.c_proj.weight.buf,1048576,1049401,RAW,0.0005615830013994128
94,blocks.4.mlp.c_fc.weight.buf,4194304,4196389,RAW,0.003120832989225164
94,blocks.4.mlp.c_proj.weight.buf,4194304,4195129,RAW,0.0021339580125641078
94,blocks.5.attn.c_q.weight.buf,1048576,1049401,RAW,0.000672875001328066
94,blocks.5.attn.c_k.weight.buf,1048576,1049401,RAW,0.0005989579949527979
94,blocks.5.attn.c_v.weight.buf,1048576,1049401,RAW,0.0006429579807445407
94,blocks.5.attn.c_proj.weight.buf,1048576,1049401,RAW,0.0005909579922445118
94,blocks.5.attn.ve_gate.weight.buf,512,1022,RAW,8.957984391599894e-06
94,blocks.5.mlp.c_fc.weight.buf,4194304,4196389,RAW,0.0021863340225536376
94,blocks.5.mlp.c_proj.weight.buf,4194304,4195129,RAW,0.0022005829960107803
94,blocks.6.attn.c_q.weight.buf,1048576,1049401,RAW,0.0007036250026430935
94,blocks.6.attn.c_k.weight.buf,1048576,1049401,RAW,0.0006109160021878779
94,blocks.6.attn.c_v.weight.buf,1048576,1049401,RAW,0.0005926669982727617
94,blocks.6.attn.c_proj.weight.buf,1048576,1049401,RAW,0.0005959580012131482
94,blocks.6.mlp.c_fc.weight.buf,4194304,4196389,RAW,0.002289625001139939
94,blocks.6.mlp.c_proj.weight.buf,4194304,4195129,RAW,0.002381833008257672
94,blocks.7.attn.c_q.weight.buf,1048576,1049401,RAW,0.0006190830026753247
94,blocks.7.attn.c_k.weight.buf,1048576,1049401,RAW,0.0006790000188630074
94,blocks.7.attn.c_v.weight.buf,1048576,1049401,RAW,0.0005856669740751386
94,blocks.7.attn.c_proj.weight.buf,1048576,1049401,RAW,0.0006260410009417683
94,blocks.7.attn.ve_gate.weight.buf,512,1022,RAW,1.2458011042326689e-05
94,blocks.7.mlp.c_fc.weight.buf,4194304,4196389,RAW,0.0023303749912884086
94,blocks.7.mlp.c_proj.weight.buf,4194304,4195129,RAW,0.002178249997086823
94,lm_head.weight.m,67108864,67136149,RAW,0.03547404200071469
94,lm_head.weight.v,67108864,67136149,RAW,0.03612137498566881
94,resid_lambdas.m,32,32,RAW_VECTOR,5.95799065195024e-06
94,resid_lambdas.v,32,32,RAW_VECTOR,1.4169781934469938e-06
94,x0_lambdas.m,32,32,RAW_VECTOR,1.2500095181167126e-06
94,x0_lambdas.v,32,32,RAW_VECTOR,4.1601015254855156e-07
94,value_embeds.1.weight.m,67108864,67136149,RAW,0.036524541006656364
94,value_embeds.1.weight.v,67108864,67136149,RAW,0.034524250018876046
94,value_embeds.3.weight.m,67108864,67136149,RAW,0.03623787499964237
94,value_embeds.3.weight.v,67108864,67136149,RAW,0.04045441700145602
94,value_embeds.5.weight.m,67108864,67136149,RAW,0.03606920799938962
94,value_embeds.5.weight.v,67108864,67136149,RAW,0.04097429200191982
94,value_embeds.7.weight.m,67108864,67136149,RAW,0.03643241699319333
94,value_embeds.7.weight.v,67108864,67136149,RAW,0.03914683300536126
95,wte.weight.m,67108864,67136149,RAW,0.03484362497692928
95,wte.weight.v,67108864,67136149,RAW,0.03919195799971931
95,blocks.0.attn.c_q.weight.buf,1048576,1049401,RAW,0.0006737920048180968
95,blocks.0.attn.c_k.weight.buf,1048576,1049401,RAW,0.0005672499828506261
95,blocks.0.attn.c_v.weight.buf,1048576,1049401,RAW,0.0006002500012982637
95,blocks.0.attn.c_proj.weight.buf,1048576,1049401,RAW,0.0005702090275008231
95,blocks.0.mlp.c_fc.weight.buf,4194304,4196389,RAW,0.002294708974659443
95,blocks.0.mlp.c_proj.weight.buf,4194304,4195129,RAW,0.0019252079946454614
95,blocks.1.attn.c_q.weight.buf,1048576,1049401,RAW,0.0006217499903868884
95,blocks.1.attn.c_k.weight.buf,1048576,1049401,RAW,0.0005477500089909881
95,blocks.1.attn.c_v.weight.buf,1048576,1049401,RAW,0.0005694580031558871
95,blocks.1.attn.c_proj.weight.buf,1048576,1049401,RAW,0.0005359160131774843
95,blocks.1.attn.ve_gate.weight.buf,512,1022,RAW,8.167000487446785e-06
95,blocks.1.mlp.c_fc.weight.buf,4194304,4196389,RAW,0.002034459001151845
95,blocks.1.mlp.c_proj.weight.buf,4194304,4195129,RAW,0.0020207500201649964
95,blocks.2.attn.c_q.weight.buf,1048576,1049401,RAW,0.0006018330168444663
95,blocks.2.attn.c_k.weight.buf,1048576,1049401,RAW,0.0005379169888328761
95,blocks.2.attn.c_v.weight.buf,1048576,1049401,RAW,0.0005491250194609165
95,blocks.2.attn.c_proj.weight.buf,1048576,1049401,RAW,0.0005311669956427068
95,blocks.2.mlp.c_fc.weight.buf,4194304,4196389,RAW,0.002048750000540167
95,blocks.2.mlp.c_proj.weight.buf,4194304,4195129,RAW,0.0019674579962156713
95,blocks.3.attn.c_q.weight.buf,1048576,1049401,RAW,0.0005698330060113221
95,blocks.3.attn.c_k.weight.buf,1048576,1049401,RAW,0.0005486670124810189
95,blocks.3.attn.c_v.weight.buf,1048576,1049401,RAW,0.000749958009691909
95,blocks.3.attn.c_proj.weight.buf,1048576,1049401,RAW,0.0005882499972358346
95,blocks.3.attn.ve_gate.weight.buf,512,1022,RAW,8.37500556372106e-06
95,blocks.3.mlp.c_fc.weight.buf,4194304,4196389,RAW,0.0022779999999329448
95,blocks.3.mlp.c_proj.weight.buf,4194304,4195129,RAW,0.0020912500040140003
95,blocks.4.attn.c_q.weight.buf,1048576,1049401,RAW,0.0005623750039376318
95,blocks.4.attn.c_k.weight.buf,1048576,1049401,RAW,0.0005369999853428453
95,blocks.4.attn.c_v.weight.buf,1048576,1049401,RAW,0.0005321250064298511
95,blocks.4.attn.c_proj.weight.buf,1048576,1049401,RAW,0.0005357920017559081
95,blocks.4.mlp.c_fc.weight.buf,4194304,4196389,RAW,0.0020611249783542007
95,blocks.4.mlp.c_proj.weight.buf,4194304,4195129,RAW,0.001967916003195569
95,blocks.5.attn.c_q.weight.buf,1048576,1049401,RAW,0.0005398330104071647
95,blocks.5.attn.c_k.weight.buf,1048576,1049401,RAW,0.0005413329927250743
95,blocks.5.attn.c_v.weight.buf,1048576,1049401,RAW,0.0005419160006567836
95,blocks.5.attn.c_proj.weight.buf,1048576,1049401,RAW,0.0005088750040158629
95,blocks.5.attn.ve_gate.weight.buf,512,1022,RAW,7.833994459360838e-06
95,blocks.5.mlp.c_fc.weight.buf,4194304,4196389,RAW,0.0020909169979859143
95,blocks.5.mlp.c_proj.weight.buf,4194304,4195129,RAW,0.0019882500055246055
95,blocks.6.attn.c_q.weight.buf,1048576,1049401,RAW,0.0005480840045493096
95,blocks.6.attn.c_k.weight.buf,1048576,1049401,RAW,0.0005352500011213124
95,blocks.6.attn.c_v.weight.buf,1048576,1049401,RAW,0.000549457996385172
95,blocks.6.attn.c_proj.weight.buf,1048576,1049401,RAW,0.0005510830087587237
95,blocks.6.mlp.c_fc.weight.buf,4194304,4196389,RAW,0.0020351249841041863
95,blocks.6.mlp.c_proj.weight.buf,4194304,4195129,RAW,0.003465665999101475
95,blocks.7.attn.c_q.weight.buf,1048576,1049401,RAW,0.0006421659782063216
95,blocks.7.attn.c_k.weight.buf,1048576,1049401,RAW,0.0005582080048043281
95,blocks.7.attn.c_v.weight.buf,1048576,1049401,RAW,0.0005638340080622584
95,blocks.7.attn.c_proj.weight.buf,1048576,1049401,RAW,0.0005628330109175295
95,blocks.7.attn.ve_gate.weight.buf,512,1022,RAW,8.041999535635114e-06
95,blocks.7.mlp.c_fc.weight.buf,4194304,4196389,RAW,0.002056166995316744
95,blocks.7.mlp.c_proj.weight.buf,4194304,4195129,RAW,0.0021192909916862845
95,lm_head.weight.m,67108864,67136149,RAW,0.046966583002358675
95,lm_head.weight.v,67108864,67136149,RAW,0.039013874978991225
95,resid_lambdas.m,32,32,RAW_VECTOR,1.0167015716433525e-05
95,resid_lambdas.v,32,32,RAW_VECTOR,1.4590041246265173e-06
95,x0_lambdas.m,32,32,RAW_VECTOR,2.4170149117708206e-06
95,x0_lambdas.v,32,32,RAW_VECTOR,9.580107871443033e-07
95,value_embeds.1.weight.m,67108864,67136149,RAW,0.037087833014084026
95,value_embeds.1.weight.v,67108864,67136149,RAW,0.042403334024129435
95,value_embeds.3.weight.m,67108864,67136149,RAW,0.04061908400035463
95,value_embeds.3.weight.v,67108864,67136149,RAW,0.04263729101512581
95,value_embeds.5.weight.m,67108864,67136149,RAW,0.08325929200509563
95,value_embeds.5.weight.v,67108864,67136149,RAW,0.04118804199970327
95,value_embeds.7.weight.m,67108864,67136149,RAW,0.04154170901165344
95,value_embeds.7.weight.v,67108864,67136149,RAW,0.06083654199028388
96,wte.weight.m,67108864,67136149,RAW,0.035850249987561256
96,wte.weight.v,67108864,67136149,RAW,0.06221179198473692
96,blocks.0.attn.c_q.weight.buf,1048576,1049401,RAW,0.0006485840131063014
96,blocks.0.attn.c_k.weight.buf,1048576,1049401,RAW,0.0005840420199092478
96,blocks.0.attn.c_v.weight.buf,1048576,1049401,RAW,0.0005733750003855675
96,blocks.0.attn.c_proj.weight.buf,1048576,1049401,RAW,0.0006145839870441705
96,blocks.0.mlp.c_fc.weight.buf,4194304,4196389,RAW,0.002261583984363824
96,blocks.0.mlp.c_proj.weight.buf,4194304,4195129,RAW,0.0020661670132540166
96,blocks.1.attn.c_q.weight.buf,1048576,1049401,RAW,0.0006351249758154154
96,blocks.1.attn.c_k.weight.buf,1048576,1049401,RAW,0.0006296250212471932
96,blocks.1.attn.c_v.weight.buf,1048576,1049401,RAW,0.0005805410037282854
96,blocks.1.attn.c_proj.weight.buf,1048576,1049401,RAW,0.02466391699272208
96,blocks.1.attn.ve_gate.weight.buf,512,1022,RAW,7.520901272073388e-05
96,blocks.1.mlp.c_fc.weight.buf,4194304,4196389,RAW,0.0024217919853981584
96,blocks.1.mlp.c_proj.weight.buf,4194304,4195129,RAW,0.0021107080101501197
96,blocks.2.attn.c_q.weight.buf,1048576,1049401,RAW,0.0006632079894188792
96,blocks.2.attn.c_k.weight.buf,1048576,1049401,RAW,0.000579500017920509
96,blocks.2.attn.c_v.weight.buf,1048576,1049401,RAW,0.0005669159872923046
96,blocks.2.attn.c_proj.weight.buf,1048576,1049401,RAW,0.0005733750003855675
96,blocks.2.mlp.c_fc.weight.buf,4194304,4196389,RAW,0.0020739999890793115
96,blocks.2.mlp.c_proj.weight.buf,4194304,4195129,RAW,0.0020538329845294356
96,blocks.3.attn.c_q.weight.buf,1048576,1049401,RAW,0.000628374982625246
96,blocks.3.attn.c_k.weight.buf,1048576,1049401,RAW,0.0005674580170307308
96,blocks.3.attn.c_v.weight.buf,1048576,1049401,RAW,0.000564667017897591
96,blocks.3.attn.c_proj.weight.buf,1048576,1049401,RAW,0.000572625023778528
96,blocks.3.attn.ve_gate.weight.buf,512,1022,RAW,7.499998901039362e-06
96,blocks.3.mlp.c_fc.weight.buf,4194304,4196389,RAW,0.0020871250017080456
96,blocks.3.mlp.c_proj.weight.buf,4194304,4195129,RAW,0.0020678750006482005
96,blocks.4.attn.c_q.weight.buf,1048576,1049401,RAW,0.0006027090130373836
96,blocks.4.attn.c_k.weight.buf,1048576,1049401,RAW,0.0005652910040225834
96,blocks.4.attn.c_v.weight.buf,1048576,1049401,RAW,0.0005831249873153865
96,blocks.4.attn.c_proj.weight.buf,1048576,1049401,RAW,0.0005821669765282422
96,blocks.4.mlp.c_fc.weight.buf,4194304,4196389,RAW,0.0034556660102680326
96,blocks.4.mlp.c_proj.weight.buf,4194304,4195129,RAW,0.0021781249961350113
96,blocks.5.attn.c_q.weight.buf,1048576,1049401,RAW,0.0006949999951757491
96,blocks.5.attn.c_k.weight.buf,1048576,1049401,RAW,0.0005821250088047236
96,blocks.5.attn.c_v.weight.buf,1048576,1049401,RAW,0.0005884999991394579
96,blocks.5.attn.c_proj.weight.buf,1048576,1049401,RAW,0.0013422500051092356
96,blocks.5.attn.ve_gate.weight.buf,512,1022,RAW,1.3250013580545783e-05
96,blocks.5.mlp.c_fc.weight.buf,4194304,4196389,RAW,0.002370834001339972
96,blocks.5.mlp.c_proj.weight.buf,4194304,4195129,RAW,0.002019750012550503
96,blocks.6.attn.c_q.weight.buf,1048576,1049401,RAW,0.000618959020357579
96,blocks.6.attn.c_k.weight.buf,1048576,1049401,RAW,0.0005885830032639205
96,blocks.6.attn.c_v.weight.buf,1048576,1049401,RAW,0.0005665420030709356
96,blocks.6.attn.c_proj.weight.buf,1048576,1049401,RAW,0.0005901250115130097
96,blocks.6.mlp.c_fc.weight.buf,4194304,4196389,RAW,0.002122958976542577
96,blocks.6.mlp.c_proj.weight.buf,4194304,4195129,RAW,0.0021084590116515756
96,blocks.7.attn.c_q.weight.buf,1048576,1049401,RAW,0.0006190420244820416
96,blocks.7.attn.c_k.weight.buf,1048576,1049401,RAW,0.0005952499923296273
96,blocks.7.attn.c_v.weight.buf,1048576,1049401,RAW,0.0006503749755211174
96,blocks.7.attn.c_proj.weight.buf,1048576,1049401,RAW,0.0006257079949136823
96,blocks.7.attn.ve_gate.weight.buf,512,1022,RAW,9.29099041968584e-06
96,blocks.7.mlp.c_fc.weight.buf,4194304,4196389,RAW,0.00206320799770765
96,blocks.7.mlp.c_proj.weight.buf,4194304,4195129,RAW,0.002042790991254151
96,lm_head.weight.m,67108864,67136149,RAW,0.03614650000235997
96,lm_head.weight.v,67108864,67136149,RAW,0.037641707982402295
96,resid_lambdas.m,32,32,RAW_VECTOR,3.416993422433734e-06
96,resid_lambdas.v,32,32,RAW_VECTOR,4.5899651013314724e-07
96,x0_lambdas.m,32,32,RAW_VECTOR,1.2080126907676458e-06
96,x0_lambdas.v,32,32,RAW_VECTOR,4.169996827840805e-07
96,value_embeds.1.weight.m,67108864,67136149,RAW,0.03882625000551343
96,value_embeds.1.weight.v,67108864,67136149,RAW,0.06270745798246935
96,value_embeds.3.weight.m,67108864,67136149,RAW,0.035044832999119535
96,value_embeds.3.weight.v,67108864,67136149,RAW,0.03954675002023578
96,value_embeds.5.weight.m,67108864,67136149,RAW,0.03626337499008514
96,value_embeds.5.weight.v,67108864,67136149,RAW,0.03996970801381394
96,value_embeds.7.weight.m,67108864,67136149,RAW,0.06199116600328125
96,value_embeds.7.weight.v,67108864,67136149,RAW,0.03508920801687054
97,wte.weight.m,67108864,67136149,RAW,0.03496383299352601
97,wte.weight.v,67108864,67136149,RAW,0.03869958297582343
97,blocks.0.attn.c_q.weight.buf,1048576,1049401,RAW,0.0006652080046478659
97,blocks.0.attn.c_k.weight.buf,1048576,1049401,RAW,0.0006123339990153909
97,blocks.0.attn.c_v.weight.buf,1048576,1049401,RAW,0.0005785830144304782
97,blocks.0.attn.c_proj.weight.buf,1048576,1049401,RAW,0.0005620000010821968
97,blocks.0.mlp.c_fc.weight.buf,4194304,4196389,RAW,0.0029734999989159405
97,blocks.0.mlp.c_proj.weight.buf,4194304,4195129,RAW,0.0019906660018023103
97,blocks.1.attn.c_q.weight.buf,1048576,1049401,RAW,0.0006296670180745423
97,blocks.1.attn.c_k.weight.buf,1048576,1049401,RAW,0.0005723749927710742
97,blocks.1.attn.c_v.weight.buf,1048576,1049401,RAW,0.0005920419935137033
97,blocks.1.attn.c_proj.weight.buf,1048576,1049401,RAW,0.00056170899188146
97,blocks.1.attn.ve_gate.weight.buf,512,1022,RAW,7.791008101776242e-06
97,blocks.1.mlp.c_fc.weight.buf,4194304,4196389,RAW,0.002003750007133931
97,blocks.1.mlp.c_proj.weight.buf,4194304,4195129,RAW,0.002015582984313369
97,blocks.2.attn.c_q.weight.buf,1048576,1049401,RAW,0.0006397090037353337
97,blocks.2.attn.c_k.weight.buf,1048576,1049401,RAW,0.0005745419766753912
97,blocks.2.attn.c_v.weight.buf,1048576,1049401,RAW,0.0005334160232450813
97,blocks.2.attn.c_proj.weight.buf,1048576,1049401,RAW,0.0005212090036366135
97,blocks.2.mlp.c_fc.weight.buf,4194304,4196389,RAW,0.0020541670091915876
97,blocks.2.mlp.c_proj.weight.buf,4194304,4195129,RAW,0.0037159170024096966
97,blocks.3.attn.c_q.weight.buf,1048576,1049401,RAW,0.0006567499949596822
97,blocks.3.attn.c_k.weight.buf,1048576,1049401,RAW,0.0006198330083861947
97,blocks.3.attn.c_v.weight.buf,1048576,1049401,RAW,0.0005810839938931167
97,blocks.3.attn.c_proj.weight.buf,1048576,1049401,RAW,0.0005611249944195151
97,blocks.3.attn.ve_gate.weight.buf,512,1022,RAW,8.917006198316813e-06
97,blocks.3.mlp.c_fc.weight.buf,4194304,4196389,RAW,0.0026963750133290887
97,blocks.3.mlp.c_proj.weight.buf,4194304,4195129,RAW,0.0020267919753678143
97,blocks.4.attn.c_q.weight.buf,1048576,1049401,RAW,0.0005851669993717223
97,blocks.4.attn.c_k.weight.buf,1048576,1049401,RAW,0.0005539160047192127
97,blocks.4.attn.c_v.weight.buf,1048576,1049401,RAW,0.0005402090027928352
97,blocks.4.attn.c_proj.weight.buf,1048576,1049401,RAW,0.000538624997716397
97,blocks.4.mlp.c_fc.weight.buf,4194304,4196389,RAW,0.0019762500014621764
97,blocks.4.mlp.c_proj.weight.buf,4194304,4195129,RAW,0.00205199999618344
97,blocks.5.attn.c_q.weight.buf,1048576,1049401,RAW,0.0005986250180285424
97,blocks.5.attn.c_k.weight.buf,1048576,1049401,RAW,0.0005514170043170452
97,blocks.5.attn.c_v.weight.buf,1048576,1049401,RAW,0.0005555000097956508
97,blocks.5.attn.c_proj.weight.buf,1048576,1049401,RAW,0.0005596249829977751
97,blocks.5.attn.ve_gate.weight.buf,512,1022,RAW,1.2459000572562218e-05
97,blocks.5.mlp.c_fc.weight.buf,4194304,4196389,RAW,0.0020228750072419643
97,blocks.5.mlp.c_proj.weight.buf,4194304,4195129,RAW,0.0019754579989239573
97,blocks.6.attn.c_q.weight.buf,1048576,1049401,RAW,0.0006576660089194775
97,blocks.6.attn.c_k.weight.buf,1048576,1049401,RAW,0.0005684999923687428
97,blocks.6.attn.c_v.weight.buf,1048576,1049401,RAW,0.000658042001305148
97,blocks.6.attn.c_proj.weight.buf,1048576,1049401,RAW,0.0009284589905291796
97,blocks.6.mlp.c_fc.weight.buf,4194304,4196389,RAW,0.00230566700338386
97,blocks.6.mlp.c_proj.weight.buf,4194304,4195129,RAW,0.002119000011589378
97,blocks.7.attn.c_q.weight.buf,1048576,1049401,RAW,0.0006383750005625188
97,blocks.7.attn.c_k.weight.buf,1048576,1049401,RAW,0.0010039999906439334
97,blocks.7.attn.c_v.weight.buf,1048576,1049401,RAW,0.0005882080004084855
97,blocks.7.attn.c_proj.weight.buf,1048576,1049401,RAW,0.000582000007852912
97,blocks.7.attn.ve_gate.weight.buf,512,1022,RAW,8.95801349543035e-06
97,blocks.7.mlp.c_fc.weight.buf,4194304,4196389,RAW,0.0024177919840440154
97,blocks.7.mlp.c_proj.weight.buf,4194304,4195129,RAW,0.00240679201669991
97,lm_head.weight.m,67108864,67136149,RAW,0.04194916700362228
97,lm_head.weight.v,67108864,67136149,RAW,0.04116649998468347
97,resid_lambdas.m,32,32,RAW_VECTOR,7.708003977313638e-06
97,resid_lambdas.v,32,32,RAW_VECTOR,5.5419804994016886e-06
97,x0_lambdas.m,32,32,RAW_VECTOR,8.33999365568161e-07
97,x0_lambdas.v,32,32,RAW_VECTOR,4.169996827840805e-07
97,value_embeds.1.weight.m,67108864,67136149,RAW,0.06132533401250839
97,value_embeds.1.weight.v,67108864,67136149,RAW,0.034743208991130814
97,value_embeds.3.weight.m,67108864,67136149,RAW,0.03757566600688733
97,value_embeds.3.weight.v,67108864,67136149,RAW,0.06066074999398552
97,value_embeds.5.weight.m,67108864,67136149,RAW,0.03812441701302305
97,value_embeds.5.weight.v,67108864,67136149,RAW,0.04257070901803672
97,value_embeds.7.weight.m,67108864,67136149,RAW,0.03854233300080523
97,value_embeds.7.weight.v,67108864,67136149,RAW,0.04411783401155844
98,wte.weight.m,67108864,67136149,RAW,0.03638104099081829
98,wte.weight.v,67108864,67136149,RAW,0.06218054099008441
98,blocks.0.attn.c_q.weight.buf,1048576,1049401,RAW,0.0006604170193895698
98,blocks.0.attn.c_k.weight.buf,1048576,1049401,RAW,0.0005815000040456653
98,blocks.0.attn.c_v.weight.buf,1048576,1049401,RAW,0.0005748340045101941
98,blocks.0.attn.c_proj.weight.buf,1048576,1049401,RAW,0.0005794579919893295
98,blocks.0.mlp.c_fc.weight.buf,4194304,4196389,RAW,0.0023656670236960053
98,blocks.0.mlp.c_proj.weight.buf,4194304,4195129,RAW,0.0020711249962914735
98,blocks.1.attn.c_q.weight.buf,1048576,1049401,RAW,0.0006250000151339918
98,blocks.1.attn.c_k.weight.buf,1048576,1049401,RAW,0.0005593749810941517
98,blocks.1.attn.c_v.weight.buf,1048576,1049401,RAW,0.0005688329983968288
98,blocks.1.attn.c_proj.weight.buf,1048576,1049401,RAW,0.0005652079998981208
98,blocks.1.attn.ve_gate.weight.buf,512,1022,RAW,6.834015948697925e-06
98,blocks.1.mlp.c_fc.weight.buf,4194304,4196389,RAW,0.002113166992785409
98,blocks.1.mlp.c_proj.weight.buf,4194304,4195129,RAW,0.003670541977044195
98,blocks.2.attn.c_q.weight.buf,1048576,1049401,RAW,0.0006916669954080135
98,blocks.2.attn.c_k.weight.buf,1048576,1049401,RAW,0.0005978329863864928
98,blocks.2.attn.c_v.weight.buf,1048576,1049401,RAW,0.0006322500121314079
98,blocks.2.attn.c_proj.weight.buf,1048576,1049401,RAW,0.000605874985922128
98,blocks.2.mlp.c_fc.weight.buf,4194304,4196389,RAW,0.0020907500002067536
98,blocks.2.mlp.c_proj.weight.buf,4194304,4195129,RAW,0.002196709014242515
98,blocks.3.attn.c_q.weight.buf,1048576,1049401,RAW,0.000593625009059906
98,blocks.3.attn.c_k.weight.buf,1048576,1049401,RAW,0.0005699169996660203
98,blocks.3.attn.c_v.weight.buf,1048576,1049401,RAW,0.0005629590013995767
98,blocks.3.attn.c_proj.weight.buf,1048576,1049401,RAW,0.0005578339914791286
98,blocks.3.attn.ve_gate.weight.buf,512,1022,RAW,7.33401975594461e-06
98,blocks.3.mlp.c_fc.weight.buf,4194304,4196389,RAW,0.0020311249827500433
98,blocks.3.mlp.c_proj.weight.buf,4194304,4195129,RAW,0.0020626659970730543
98,blocks.4.attn.c_q.weight.buf,1048576,1049401,RAW,0.0005969580088276416
98,blocks.4.attn.c_k.weight.buf,1048576,1049401,RAW,0.0005902500124648213
98,blocks.4.attn.c_v.weight.buf,1048576,1049401,RAW,0.0005633329856209457
98,blocks.4.attn.c_proj.weight.buf,1048576,1049401,RAW,0.0005633750115521252
98,blocks.4.mlp.c_fc.weight.buf,4194304,4196389,RAW,0.0020744169887620956
98,blocks.4.mlp.c_proj.weight.buf,4194304,4195129,RAW,0.0020774170116055757
98,blocks.5.attn.c_q.weight.buf,1048576,1049401,RAW,0.0006230419967323542
98,blocks.5.attn.c_k.weight.buf,1048576,1049401,RAW,0.0005705829826183617
98,blocks.5.attn.c_v.weight.buf,1048576,1049401,RAW,0.0005706249794457108
98,blocks.5.attn.c_proj.weight.buf,1048576,1049401,RAW,0.0005572079971898347
98,blocks.5.attn.ve_gate.weight.buf,512,1022,RAW,7.333990652114153e-06
98,blocks.5.mlp.c_fc.weight.buf,4194304,4196389,RAW,0.0021762500109616667
98,blocks.5.mlp.c_proj.weight.buf,4194304,4195129,RAW,0.0020981249981559813
98,blocks.6.attn.c_q.weight.buf,1048576,1049401,RAW,0.001360249996650964
98,blocks.6.attn.c_k.weight.buf,1048576,1049401,RAW,0.0006191249995026737
98,blocks.6.attn.c_v.weight.buf,1048576,1049401,RAW,0.000579125015065074
98,blocks.6.attn.c_proj.weight.buf,1048576,1049401,RAW,0.000604125001700595
98,blocks.6.mlp.c_fc.weight.buf,4194304,4196389,RAW,0.002273208985570818
98,blocks.6.mlp.c_proj.weight.buf,4194304,4195129,RAW,0.0021420830162242055
98,blocks.7.attn.c_q.weight.buf,1048576,1049401,RAW,0.0006438329874072224
98,blocks.7.attn.c_k.weight.buf,1048576,1049401,RAW,0.0005810000002384186
98,blocks.7.attn.c_v.weight.buf,1048576,1049401,RAW,0.0006029579963069409
98,blocks.7.attn.c_proj.weight.buf,1048576,1049401,RAW,0.0005647499929182231
98,blocks.7.attn.ve_gate.weight.buf,512,1022,RAW,1.875002635642886e-05
98,blocks.7.mlp.c_fc.weight.buf,4194304,4196389,RAW,0.0020402079971972853
98,blocks.7.mlp.c_proj.weight.buf,4194304,4195129,RAW,0.002249290992040187
98,lm_head.weight.m,67108864,67136149,RAW,0.036744542012456805
98,lm_head.weight.v,67108864,67136149,RAW,0.042162290978012607
98,resid_lambdas.m,32,32,RAW_VECTOR,8.333998266607523e-06
98,resid_lambdas.v,32,32,RAW_VECTOR,3.3300602808594704e-07
98,x0_lambdas.m,32,32,RAW_VECTOR,8.749775588512421e-07
98,x0_lambdas.v,32,32,RAW_VECTOR,3.7500285543501377e-07
98,value_embeds.1.weight.m,67108864,67136149,RAW,0.03813949998584576
98,value_embeds.1.weight.v,67108864,67136149,RAW,0.05667454199283384
98,value_embeds.3.weight.m,67108864,67136149,RAW,0.03556083398871124
98,value_embeds.3.weight.v,67108864,67136149,RAW,0.06145237502641976
98,value_embeds.5.weight.m,67108864,67136149,RAW,0.0429602500225883
98,value_embeds.5.weight.v,67108864,67136149,RAW,0.040270416997373104
98,value_embeds.7.weight.m,67108864,67136149,RAW,0.04032154200831428
98,value_embeds.7.weight.v,67108864,67136149,RAW,0.04028033302165568
99,wte.weight.m,67108864,67136149,RAW,0.03868704198976047
99,wte.weight.v,67108864,67136149,RAW,0.03309974999865517
99,blocks.0.attn.c_q.weight.buf,1048576,1049401,RAW,0.001065249991370365
99,blocks.0.attn.c_k.weight.buf,1048576,1049401,RAW,0.0005857499781996012
99,blocks.0.attn.c_v.weight.buf,1048576,1049401,RAW,0.0005717080202884972
99,blocks.0.attn.c_proj.weight.buf,1048576,1049401,RAW,0.0005988329940009862
99,blocks.0.mlp.c_fc.weight.buf,4194304,4196389,RAW,0.0022598750074394047
99,blocks.0.mlp.c_proj.weight.buf,4194304,4195129,RAW,0.003394125000340864
99,blocks.1.attn.c_q.weight.buf,1048576,1049401,RAW,0.0006277080101426691
99,blocks.1.attn.c_k.weight.buf,1048576,1049401,RAW,0.000555957987671718
99,blocks.1.attn.c_v.weight.buf,1048576,1049401,RAW,0.0005480840045493096
99,blocks.1.attn.c_proj.weight.buf,1048576,1049401,RAW,0.0005337499896995723
99,blocks.1.attn.ve_gate.weight.buf,512,1022,RAW,4.916699253953993e-05
99,blocks.1.mlp.c_fc.weight.buf,4194304,4196389,RAW,0.002156416012439877
99,blocks.1.mlp.c_proj.weight.buf,4194304,4195129,RAW,0.00201554101658985
99,blocks.2.attn.c_q.weight.buf,1048576,1049401,RAW,0.0005914999928791076
99,blocks.2.attn.c_k.weight.buf,1048576,1049401,RAW,0.0005830000154674053
99,blocks.2.attn.c_v.weight.buf,1048576,1049401,RAW,0.0005255420110188425
99,blocks.2.attn.c_proj.weight.buf,1048576,1049401,RAW,0.0005976659886073321
99,blocks.2.mlp.c_fc.weight.buf,4194304,4196389,RAW,0.0020646250050049275
99,blocks.2.mlp.c_proj.weight.buf,4194304,4195129,RAW,0.0019781670125667006
99,blocks.3.attn.c_q.weight.buf,1048576,1049401,RAW,0.0005594160174950957
99,blocks.3.attn.c_k.weight.buf,1048576,1049401,RAW,0.0005678329907823354
99,blocks.3.attn.c_v.weight.buf,1048576,1049401,RAW,0.001065249991370365
99,blocks.3.attn.c_proj.weight.buf,1048576,1049401,RAW,0.0005837499920744449
99,blocks.3.attn.ve_gate.weight.buf,512,1022,RAW,9.541981853544712e-06
99,blocks.3.mlp.c_fc.weight.buf,4194304,4196389,RAW,0.0022853749978821725
99,blocks.3.mlp.c_proj.weight.buf,4194304,4195129,RAW,0.0020760839979629964
99,blocks.4.attn.c_q.weight.buf,1048576,1049401,RAW,0.000545499991858378
99,blocks.4.attn.c_k.weight.buf,1048576,1049401,RAW,0.0005364999815355986
99,blocks.4.attn.c_v.weight.buf,1048576,1049401,RAW,0.0005363330128602684
99,blocks.4.attn.c_proj.weight.buf,1048576,1049401,RAW,0.0005590420041698962
99,blocks.4.mlp.c_fc.weight.buf,4194304,4196389,RAW,0.002055291988654062
99,blocks.4.mlp.c_proj.weight.buf,4194304,4195129,RAW,0.0020162500150036067
99,blocks.5.attn.c_q.weight.buf,1048576,1049401,RAW,0.0005513330106623471
99,blocks.5.attn.c_k.weight.buf,1048576,1049401,RAW,0.0005590829823631793
99,blocks.5.attn.c_v.weight.buf,1048576,1049401,RAW,0.0005514160147868097
99,blocks.5.attn.c_proj.weight.buf,1048576,1049401,RAW,0.0005432089965324849
99,blocks.5.attn.ve_gate.weight.buf,512,1022,RAW,8.082977728918195e-06
99,blocks.5.mlp.c_fc.weight.buf,4194304,4196389,RAW,0.002038417005678639
99,blocks.5.mlp.c_proj.weight.buf,4194304,4195129,RAW,0.0019920410122722387
99,blocks.6.attn.c_q.weight.buf,1048576,1049401,RAW,0.0005685419891960919
99,blocks.6.attn.c_k.weight.buf,1048576,1049401,RAW,0.0005420829984359443
99,blocks.6.attn.c_v.weight.buf,1048576,1049401,RAW,0.000530624995008111
99,blocks.6.attn.c_proj.weight.buf,1048576,1049401,RAW,0.0005510830087587237
99,blocks.6.mlp.c_fc.weight.buf,4194304,4196389,RAW,0.026606624975102022
99,blocks.6.mlp.c_proj.weight.buf,4194304,4195129,RAW,0.0020360829948913306
99,blocks.7.attn.c_q.weight.buf,1048576,1049401,RAW,0.0006318750092759728
99,blocks.7.attn.c_k.weight.buf,1048576,1049401,RAW,0.0005689160025212914
99,blocks.7.attn.c_v.weight.buf,1048576,1049401,RAW,0.000582000007852912
99,blocks.7.attn.c_proj.weight.buf,1048576,1049401,RAW,0.0009409159829374403
99,blocks.7.attn.ve_gate.weight.buf,512,1022,RAW,1.0167015716433525e-05
99,blocks.7.mlp.c_fc.weight.buf,4194304,4196389,RAW,0.0020993340003769845
99,blocks.7.mlp.c_proj.weight.buf,4194304,4195129,RAW,0.0020409999997355044
99,lm_head.weight.m,67108864,67136149,RAW,0.04650295901228674
99,lm_head.weight.v,67108864,67136149,RAW,0.040180624986533076
99,resid_lambdas.m,32,32,RAW_VECTOR,8.167000487446785e-06
99,resid_lambdas.v,32,32,RAW_VECTOR,1.4580145943909883e-06
99,x0_lambdas.m,32,32,RAW_VECTOR,8.750066626816988e-07
99,x0_lambdas.v,32,32,RAW_VECTOR,4.580069798976183e-07
99,value_embeds.1.weight.m,67108864,67136149,RAW,0.03545154200401157
99,value_embeds.1.weight.v,67108864,67136149,RAW,0.03963583300355822
99,value_embeds.3.weight.m,67108864,67136149,RAW,0.037668459000997245
99,value_embeds.3.weight.v,67108864,67136149,RAW,0.042096791992662475
99,value_embeds.5.weight.m,67108864,67136149,RAW,0.037660792004317045
99,value_embeds.5.weight.v,67108864,67136149,RAW,0.03884537500562146
99,value_embeds.7.weight.m,67108864,67136149,RAW,0.0376057910034433
99,value_embeds.7.weight.v,67108864,67136149,RAW,0.039366999990306795
