file,tensor,row_start,rows,cols,cells,positive_zero_cells,nonzero_bit_patterns,special_cells,dense_bytes,dictionary_header_lower_bound_bytes,rejected_by_dictionary_bound
optimizer.safetensors,adam.lm_head.weight.m,0,128,512,65536,0,65528,0,262144,262176,True
optimizer.safetensors,adam.lm_head.weight.m,128,128,512,65536,0,65523,0,262144,262156,True
optimizer.safetensors,adam.lm_head.weight.m,256,128,512,65536,0,65512,0,262144,262112,True
optimizer.safetensors,adam.lm_head.weight.m,384,128,512,65536,0,65522,0,262144,262152,True
optimizer.safetensors,adam.lm_head.weight.m,512,128,512,65536,0,65520,0,262144,262144,True
optimizer.safetensors,adam.lm_head.weight.m,640,128,512,65536,0,65517,0,262144,262132,True
optimizer.safetensors,adam.lm_head.weight.m,768,128,512,65536,0,65520,0,262144,262144,True
optimizer.safetensors,adam.lm_head.weight.m,896,128,512,65536,0,65524,0,262144,262160,True
optimizer.safetensors,adam.lm_head.weight.m,1024,128,512,65536,0,65525,0,262144,262164,True
optimizer.safetensors,adam.lm_head.weight.m,1152,128,512,65536,0,65521,0,262144,262148,True
optimizer.safetensors,adam.lm_head.weight.m,1280,128,512,65536,0,65521,0,262144,262148,True
optimizer.safetensors,adam.lm_head.weight.m,1408,128,512,65536,0,65521,0,262144,262148,True
optimizer.safetensors,adam.lm_head.weight.m,1536,128,512,65536,0,65516,0,262144,262128,True
optimizer.safetensors,adam.lm_head.weight.m,1664,128,512,65536,0,65523,0,262144,262156,True
optimizer.safetensors,adam.lm_head.weight.m,1792,128,512,65536,0,65523,0,262144,262156,True
optimizer.safetensors,adam.lm_head.weight.m,1920,128,512,65536,0,65518,0,262144,262136,True
optimizer.safetensors,adam.lm_head.weight.m,2048,128,512,65536,0,65519,0,262144,262140,True
optimizer.safetensors,adam.lm_head.weight.m,2176,128,512,65536,0,65523,0,262144,262156,True
optimizer.safetensors,adam.lm_head.weight.m,2304,128,512,65536,0,65519,0,262144,262140,True
optimizer.safetensors,adam.lm_head.weight.m,2432,128,512,65536,0,65518,0,262144,262136,True
optimizer.safetensors,adam.lm_head.weight.m,2560,128,512,65536,0,65522,0,262144,262152,True
optimizer.safetensors,adam.lm_head.weight.m,2688,128,512,65536,0,65516,0,262144,262128,True
optimizer.safetensors,adam.lm_head.weight.m,2816,128,512,65536,0,65525,0,262144,262164,True
optimizer.safetensors,adam.lm_head.weight.m,2944,128,512,65536,0,65526,0,262144,262168,True
optimizer.safetensors,adam.lm_head.weight.m,3072,128,512,65536,0,65521,0,262144,262148,True
optimizer.safetensors,adam.lm_head.weight.m,3200,128,512,65536,0,65525,0,262144,262164,True
optimizer.safetensors,adam.lm_head.weight.m,3328,128,512,65536,0,65516,0,262144,262128,True
optimizer.safetensors,adam.lm_head.weight.m,3456,128,512,65536,0,65516,0,262144,262128,True
optimizer.safetensors,adam.lm_head.weight.m,3584,128,512,65536,0,65512,0,262144,262112,True
optimizer.safetensors,adam.lm_head.weight.m,3712,128,512,65536,0,65521,0,262144,262148,True
optimizer.safetensors,adam.lm_head.weight.m,3840,128,512,65536,0,65522,0,262144,262152,True
optimizer.safetensors,adam.lm_head.weight.m,3968,128,512,65536,0,65523,0,262144,262156,True
optimizer.safetensors,adam.lm_head.weight.m,4096,128,512,65536,0,65523,0,262144,262156,True
optimizer.safetensors,adam.lm_head.weight.m,4224,128,512,65536,0,65517,0,262144,262132,True
optimizer.safetensors,adam.lm_head.weight.m,4352,128,512,65536,0,65517,0,262144,262132,True
optimizer.safetensors,adam.lm_head.weight.m,4480,128,512,65536,0,65522,0,262144,262152,True
optimizer.safetensors,adam.lm_head.weight.m,4608,128,512,65536,0,65524,0,262144,262160,True
optimizer.safetensors,adam.lm_head.weight.m,4736,128,512,65536,0,65518,0,262144,262136,True
optimizer.safetensors,adam.lm_head.weight.m,4864,128,512,65536,0,65518,0,262144,262136,True
optimizer.safetensors,adam.lm_head.weight.m,4992,128,512,65536,0,65520,0,262144,262144,True
optimizer.safetensors,adam.lm_head.weight.m,5120,128,512,65536,0,65526,0,262144,262168,True
optimizer.safetensors,adam.lm_head.weight.m,5248,128,512,65536,0,65518,0,262144,262136,True
optimizer.safetensors,adam.lm_head.weight.m,5376,128,512,65536,0,65521,0,262144,262148,True
optimizer.safetensors,adam.lm_head.weight.m,5504,128,512,65536,0,65520,0,262144,262144,True
optimizer.safetensors,adam.lm_head.weight.m,5632,128,512,65536,0,65524,0,262144,262160,True
optimizer.safetensors,adam.lm_head.weight.m,5760,128,512,65536,0,65525,0,262144,262164,True
optimizer.safetensors,adam.lm_head.weight.m,5888,128,512,65536,0,65528,0,262144,262176,True
optimizer.safetensors,adam.lm_head.weight.m,6016,128,512,65536,0,65509,0,262144,262100,True
optimizer.safetensors,adam.lm_head.weight.m,6144,128,512,65536,0,65515,0,262144,262124,True
optimizer.safetensors,adam.lm_head.weight.m,6272,128,512,65536,0,65519,0,262144,262140,True
optimizer.safetensors,adam.lm_head.weight.m,6400,128,512,65536,0,65519,0,262144,262140,True
optimizer.safetensors,adam.lm_head.weight.m,6528,128,512,65536,0,65519,0,262144,262140,True
optimizer.safetensors,adam.lm_head.weight.m,6656,128,512,65536,0,65519,0,262144,262140,True
optimizer.safetensors,adam.lm_head.weight.m,6784,128,512,65536,0,65510,0,262144,262104,True
optimizer.safetensors,adam.lm_head.weight.m,6912,128,512,65536,0,65525,0,262144,262164,True
optimizer.safetensors,adam.lm_head.weight.m,7040,128,512,65536,0,65521,0,262144,262148,True
optimizer.safetensors,adam.lm_head.weight.m,7168,128,512,65536,0,65518,0,262144,262136,True
optimizer.safetensors,adam.lm_head.weight.m,7296,128,512,65536,0,65525,0,262144,262164,True
optimizer.safetensors,adam.lm_head.weight.m,7424,128,512,65536,0,65521,0,262144,262148,True
optimizer.safetensors,adam.lm_head.weight.m,7552,128,512,65536,0,65524,0,262144,262160,True
optimizer.safetensors,adam.lm_head.weight.m,7680,128,512,65536,0,65526,0,262144,262168,True
optimizer.safetensors,adam.lm_head.weight.m,7808,128,512,65536,0,65522,0,262144,262152,True
optimizer.safetensors,adam.lm_head.weight.m,7936,128,512,65536,0,65526,0,262144,262168,True
optimizer.safetensors,adam.lm_head.weight.m,8064,128,512,65536,0,65521,0,262144,262148,True
optimizer.safetensors,adam.lm_head.weight.m,8192,128,512,65536,0,65521,0,262144,262148,True
optimizer.safetensors,adam.lm_head.weight.m,8320,128,512,65536,0,65513,0,262144,262116,True
optimizer.safetensors,adam.lm_head.weight.m,8448,128,512,65536,0,65524,0,262144,262160,True
optimizer.safetensors,adam.lm_head.weight.m,8576,128,512,65536,0,65518,0,262144,262136,True
optimizer.safetensors,adam.lm_head.weight.m,8704,128,512,65536,0,65523,0,262144,262156,True
optimizer.safetensors,adam.lm_head.weight.m,8832,128,512,65536,0,65521,0,262144,262148,True
optimizer.safetensors,adam.lm_head.weight.m,8960,128,512,65536,0,65521,0,262144,262148,True
optimizer.safetensors,adam.lm_head.weight.m,9088,128,512,65536,0,65525,0,262144,262164,True
optimizer.safetensors,adam.lm_head.weight.m,9216,128,512,65536,0,65524,0,262144,262160,True
optimizer.safetensors,adam.lm_head.weight.m,9344,128,512,65536,0,65529,0,262144,262180,True
optimizer.safetensors,adam.lm_head.weight.m,9472,128,512,65536,0,65517,0,262144,262132,True
optimizer.safetensors,adam.lm_head.weight.m,9600,128,512,65536,0,65528,0,262144,262176,True
optimizer.safetensors,adam.lm_head.weight.m,9728,128,512,65536,0,65519,0,262144,262140,True
optimizer.safetensors,adam.lm_head.weight.m,9856,128,512,65536,0,65517,0,262144,262132,True
optimizer.safetensors,adam.lm_head.weight.m,9984,128,512,65536,0,65525,0,262144,262164,True
optimizer.safetensors,adam.lm_head.weight.m,10112,128,512,65536,0,65523,0,262144,262156,True
optimizer.safetensors,adam.lm_head.weight.m,10240,128,512,65536,0,65526,0,262144,262168,True
optimizer.safetensors,adam.lm_head.weight.m,10368,128,512,65536,0,65515,0,262144,262124,True
optimizer.safetensors,adam.lm_head.weight.m,10496,128,512,65536,0,65519,0,262144,262140,True
optimizer.safetensors,adam.lm_head.weight.m,10624,128,512,65536,0,65526,0,262144,262168,True
optimizer.safetensors,adam.lm_head.weight.m,10752,128,512,65536,0,65525,0,262144,262164,True
optimizer.safetensors,adam.lm_head.weight.m,10880,128,512,65536,0,65519,0,262144,262140,True
optimizer.safetensors,adam.lm_head.weight.m,11008,128,512,65536,0,65522,0,262144,262152,True
optimizer.safetensors,adam.lm_head.weight.m,11136,128,512,65536,0,65526,0,262144,262168,True
optimizer.safetensors,adam.lm_head.weight.m,11264,128,512,65536,0,65522,0,262144,262152,True
optimizer.safetensors,adam.lm_head.weight.m,11392,128,512,65536,0,65520,0,262144,262144,True
optimizer.safetensors,adam.lm_head.weight.m,11520,128,512,65536,0,65521,0,262144,262148,True
optimizer.safetensors,adam.lm_head.weight.m,11648,128,512,65536,0,65522,0,262144,262152,True
optimizer.safetensors,adam.lm_head.weight.m,11776,128,512,65536,0,65527,0,262144,262172,True
optimizer.safetensors,adam.lm_head.weight.m,11904,128,512,65536,0,65521,0,262144,262148,True
optimizer.safetensors,adam.lm_head.weight.m,12032,128,512,65536,0,65523,0,262144,262156,True
optimizer.safetensors,adam.lm_head.weight.m,12160,128,512,65536,0,65520,0,262144,262144,True
optimizer.safetensors,adam.lm_head.weight.m,12288,128,512,65536,0,65521,0,262144,262148,True
optimizer.safetensors,adam.lm_head.weight.m,12416,128,512,65536,0,65520,0,262144,262144,True
optimizer.safetensors,adam.lm_head.weight.m,12544,128,512,65536,0,65524,0,262144,262160,True
optimizer.safetensors,adam.lm_head.weight.m,12672,128,512,65536,0,65519,0,262144,262140,True
optimizer.safetensors,adam.lm_head.weight.m,12800,128,512,65536,0,65521,0,262144,262148,True
optimizer.safetensors,adam.lm_head.weight.m,12928,128,512,65536,0,65520,0,262144,262144,True
optimizer.safetensors,adam.lm_head.weight.m,13056,128,512,65536,0,65525,0,262144,262164,True
optimizer.safetensors,adam.lm_head.weight.m,13184,128,512,65536,0,65514,0,262144,262120,True
optimizer.safetensors,adam.lm_head.weight.m,13312,128,512,65536,0,65517,0,262144,262132,True
optimizer.safetensors,adam.lm_head.weight.m,13440,128,512,65536,0,65521,0,262144,262148,True
optimizer.safetensors,adam.lm_head.weight.m,13568,128,512,65536,0,65517,0,262144,262132,True
optimizer.safetensors,adam.lm_head.weight.m,13696,128,512,65536,0,65528,0,262144,262176,True
optimizer.safetensors,adam.lm_head.weight.m,13824,128,512,65536,0,65520,0,262144,262144,True
optimizer.safetensors,adam.lm_head.weight.m,13952,128,512,65536,0,65519,0,262144,262140,True
optimizer.safetensors,adam.lm_head.weight.m,14080,128,512,65536,0,65523,0,262144,262156,True
optimizer.safetensors,adam.lm_head.weight.m,14208,128,512,65536,0,65521,0,262144,262148,True
optimizer.safetensors,adam.lm_head.weight.m,14336,128,512,65536,0,65523,0,262144,262156,True
optimizer.safetensors,adam.lm_head.weight.m,14464,128,512,65536,0,65517,0,262144,262132,True
optimizer.safetensors,adam.lm_head.weight.m,14592,128,512,65536,0,65517,0,262144,262132,True
optimizer.safetensors,adam.lm_head.weight.m,14720,128,512,65536,0,65522,0,262144,262152,True
optimizer.safetensors,adam.lm_head.weight.m,14848,128,512,65536,0,65526,0,262144,262168,True
optimizer.safetensors,adam.lm_head.weight.m,14976,128,512,65536,0,65522,0,262144,262152,True
optimizer.safetensors,adam.lm_head.weight.m,15104,128,512,65536,0,65522,0,262144,262152,True
optimizer.safetensors,adam.lm_head.weight.m,15232,128,512,65536,0,65514,0,262144,262120,True
optimizer.safetensors,adam.lm_head.weight.m,15360,128,512,65536,0,65519,0,262144,262140,True
optimizer.safetensors,adam.lm_head.weight.m,15488,128,512,65536,0,65522,0,262144,262152,True
optimizer.safetensors,adam.lm_head.weight.m,15616,128,512,65536,0,65514,0,262144,262120,True
optimizer.safetensors,adam.lm_head.weight.m,15744,128,512,65536,0,65522,0,262144,262152,True
optimizer.safetensors,adam.lm_head.weight.m,15872,128,512,65536,0,65520,0,262144,262144,True
optimizer.safetensors,adam.lm_head.weight.m,16000,128,512,65536,0,65520,0,262144,262144,True
optimizer.safetensors,adam.lm_head.weight.m,16128,128,512,65536,0,65523,0,262144,262156,True
optimizer.safetensors,adam.lm_head.weight.m,16256,128,512,65536,0,65527,0,262144,262172,True
optimizer.safetensors,adam.lm_head.weight.m,16384,128,512,65536,0,65524,0,262144,262160,True
optimizer.safetensors,adam.lm_head.weight.m,16512,128,512,65536,0,65524,0,262144,262160,True
optimizer.safetensors,adam.lm_head.weight.m,16640,128,512,65536,0,65527,0,262144,262172,True
optimizer.safetensors,adam.lm_head.weight.m,16768,128,512,65536,0,65517,0,262144,262132,True
optimizer.safetensors,adam.lm_head.weight.m,16896,128,512,65536,0,65518,0,262144,262136,True
optimizer.safetensors,adam.lm_head.weight.m,17024,128,512,65536,0,65520,0,262144,262144,True
optimizer.safetensors,adam.lm_head.weight.m,17152,128,512,65536,0,65526,0,262144,262168,True
optimizer.safetensors,adam.lm_head.weight.m,17280,128,512,65536,0,65524,0,262144,262160,True
optimizer.safetensors,adam.lm_head.weight.m,17408,128,512,65536,0,65509,0,262144,262100,True
optimizer.safetensors,adam.lm_head.weight.m,17536,128,512,65536,0,65518,0,262144,262136,True
optimizer.safetensors,adam.lm_head.weight.m,17664,128,512,65536,0,65526,0,262144,262168,True
optimizer.safetensors,adam.lm_head.weight.m,17792,128,512,65536,0,65521,0,262144,262148,True
optimizer.safetensors,adam.lm_head.weight.m,17920,128,512,65536,0,65523,0,262144,262156,True
optimizer.safetensors,adam.lm_head.weight.m,18048,128,512,65536,0,65522,0,262144,262152,True
optimizer.safetensors,adam.lm_head.weight.m,18176,128,512,65536,0,65518,0,262144,262136,True
optimizer.safetensors,adam.lm_head.weight.m,18304,128,512,65536,0,65521,0,262144,262148,True
optimizer.safetensors,adam.lm_head.weight.m,18432,128,512,65536,0,65519,0,262144,262140,True
optimizer.safetensors,adam.lm_head.weight.m,18560,128,512,65536,0,65517,0,262144,262132,True
optimizer.safetensors,adam.lm_head.weight.m,18688,128,512,65536,0,65526,0,262144,262168,True
optimizer.safetensors,adam.lm_head.weight.m,18816,128,512,65536,0,65517,0,262144,262132,True
optimizer.safetensors,adam.lm_head.weight.m,18944,128,512,65536,0,65516,0,262144,262128,True
optimizer.safetensors,adam.lm_head.weight.m,19072,128,512,65536,0,65522,0,262144,262152,True
optimizer.safetensors,adam.lm_head.weight.m,19200,128,512,65536,0,65523,0,262144,262156,True
optimizer.safetensors,adam.lm_head.weight.m,19328,128,512,65536,0,65522,0,262144,262152,True
optimizer.safetensors,adam.lm_head.weight.m,19456,128,512,65536,0,65517,0,262144,262132,True
optimizer.safetensors,adam.lm_head.weight.m,19584,128,512,65536,0,65525,0,262144,262164,True
optimizer.safetensors,adam.lm_head.weight.m,19712,128,512,65536,0,65518,0,262144,262136,True
optimizer.safetensors,adam.lm_head.weight.m,19840,128,512,65536,0,65519,0,262144,262140,True
optimizer.safetensors,adam.lm_head.weight.m,19968,128,512,65536,0,65519,0,262144,262140,True
optimizer.safetensors,adam.lm_head.weight.m,20096,128,512,65536,0,65527,0,262144,262172,True
optimizer.safetensors,adam.lm_head.weight.m,20224,128,512,65536,0,65517,0,262144,262132,True
optimizer.safetensors,adam.lm_head.weight.m,20352,128,512,65536,0,65521,0,262144,262148,True
optimizer.safetensors,adam.lm_head.weight.m,20480,128,512,65536,0,65519,0,262144,262140,True
optimizer.safetensors,adam.lm_head.weight.m,20608,128,512,65536,0,65521,0,262144,262148,True
optimizer.safetensors,adam.lm_head.weight.m,20736,128,512,65536,0,65521,0,262144,262148,True
optimizer.safetensors,adam.lm_head.weight.m,20864,128,512,65536,0,65514,0,262144,262120,True
optimizer.safetensors,adam.lm_head.weight.m,20992,128,512,65536,0,65519,0,262144,262140,True
optimizer.safetensors,adam.lm_head.weight.m,21120,128,512,65536,0,65532,0,262144,262192,True
optimizer.safetensors,adam.lm_head.weight.m,21248,128,512,65536,0,65520,0,262144,262144,True
optimizer.safetensors,adam.lm_head.weight.m,21376,128,512,65536,0,65519,0,262144,262140,True
optimizer.safetensors,adam.lm_head.weight.m,21504,128,512,65536,0,65519,0,262144,262140,True
optimizer.safetensors,adam.lm_head.weight.m,21632,128,512,65536,0,65523,0,262144,262156,True
optimizer.safetensors,adam.lm_head.weight.m,21760,128,512,65536,0,65524,0,262144,262160,True
optimizer.safetensors,adam.lm_head.weight.m,21888,128,512,65536,0,65522,0,262144,262152,True
optimizer.safetensors,adam.lm_head.weight.m,22016,128,512,65536,0,65531,0,262144,262188,True
optimizer.safetensors,adam.lm_head.weight.m,22144,128,512,65536,0,65519,0,262144,262140,True
optimizer.safetensors,adam.lm_head.weight.m,22272,128,512,65536,0,65522,0,262144,262152,True
optimizer.safetensors,adam.lm_head.weight.m,22400,128,512,65536,0,65516,0,262144,262128,True
optimizer.safetensors,adam.lm_head.weight.m,22528,128,512,65536,0,65524,0,262144,262160,True
optimizer.safetensors,adam.lm_head.weight.m,22656,128,512,65536,0,65515,0,262144,262124,True
optimizer.safetensors,adam.lm_head.weight.m,22784,128,512,65536,0,65526,0,262144,262168,True
optimizer.safetensors,adam.lm_head.weight.m,22912,128,512,65536,0,65525,0,262144,262164,True
optimizer.safetensors,adam.lm_head.weight.m,23040,128,512,65536,0,65526,0,262144,262168,True
optimizer.safetensors,adam.lm_head.weight.m,23168,128,512,65536,0,65515,0,262144,262124,True
optimizer.safetensors,adam.lm_head.weight.m,23296,128,512,65536,0,65523,0,262144,262156,True
optimizer.safetensors,adam.lm_head.weight.m,23424,128,512,65536,0,65512,0,262144,262112,True
optimizer.safetensors,adam.lm_head.weight.m,23552,128,512,65536,0,65526,0,262144,262168,True
optimizer.safetensors,adam.lm_head.weight.m,23680,128,512,65536,0,65519,0,262144,262140,True
optimizer.safetensors,adam.lm_head.weight.m,23808,128,512,65536,0,65522,0,262144,262152,True
optimizer.safetensors,adam.lm_head.weight.m,23936,128,512,65536,0,65527,0,262144,262172,True
optimizer.safetensors,adam.lm_head.weight.m,24064,128,512,65536,0,65524,0,262144,262160,True
optimizer.safetensors,adam.lm_head.weight.m,24192,128,512,65536,0,65516,0,262144,262128,True
optimizer.safetensors,adam.lm_head.weight.m,24320,128,512,65536,0,65515,0,262144,262124,True
optimizer.safetensors,adam.lm_head.weight.m,24448,128,512,65536,0,65518,0,262144,262136,True
optimizer.safetensors,adam.lm_head.weight.m,24576,128,512,65536,0,65528,0,262144,262176,True
optimizer.safetensors,adam.lm_head.weight.m,24704,128,512,65536,0,65522,0,262144,262152,True
optimizer.safetensors,adam.lm_head.weight.m,24832,128,512,65536,0,65520,0,262144,262144,True
optimizer.safetensors,adam.lm_head.weight.m,24960,128,512,65536,0,65527,0,262144,262172,True
optimizer.safetensors,adam.lm_head.weight.m,25088,128,512,65536,0,65518,0,262144,262136,True
optimizer.safetensors,adam.lm_head.weight.m,25216,128,512,65536,0,65520,0,262144,262144,True
optimizer.safetensors,adam.lm_head.weight.m,25344,128,512,65536,0,65519,0,262144,262140,True
optimizer.safetensors,adam.lm_head.weight.m,25472,128,512,65536,0,65517,0,262144,262132,True
optimizer.safetensors,adam.lm_head.weight.m,25600,128,512,65536,0,65514,0,262144,262120,True
optimizer.safetensors,adam.lm_head.weight.m,25728,128,512,65536,0,65519,0,262144,262140,True
optimizer.safetensors,adam.lm_head.weight.m,25856,128,512,65536,0,65522,0,262144,262152,True
optimizer.safetensors,adam.lm_head.weight.m,25984,128,512,65536,0,65516,0,262144,262128,True
optimizer.safetensors,adam.lm_head.weight.m,26112,128,512,65536,0,65530,0,262144,262184,True
optimizer.safetensors,adam.lm_head.weight.m,26240,128,512,65536,0,65523,0,262144,262156,True
optimizer.safetensors,adam.lm_head.weight.m,26368,128,512,65536,0,65515,0,262144,262124,True
optimizer.safetensors,adam.lm_head.weight.m,26496,128,512,65536,0,65512,0,262144,262112,True
optimizer.safetensors,adam.lm_head.weight.m,26624,128,512,65536,0,65522,0,262144,262152,True
optimizer.safetensors,adam.lm_head.weight.m,26752,128,512,65536,0,65525,0,262144,262164,True
optimizer.safetensors,adam.lm_head.weight.m,26880,128,512,65536,0,65517,0,262144,262132,True
optimizer.safetensors,adam.lm_head.weight.m,27008,128,512,65536,0,65520,0,262144,262144,True
optimizer.safetensors,adam.lm_head.weight.m,27136,128,512,65536,0,65518,0,262144,262136,True
optimizer.safetensors,adam.lm_head.weight.m,27264,128,512,65536,0,65520,0,262144,262144,True
optimizer.safetensors,adam.lm_head.weight.m,27392,128,512,65536,0,65520,0,262144,262144,True
optimizer.safetensors,adam.lm_head.weight.m,27520,128,512,65536,0,65520,0,262144,262144,True
optimizer.safetensors,adam.lm_head.weight.m,27648,128,512,65536,0,65523,0,262144,262156,True
optimizer.safetensors,adam.lm_head.weight.m,27776,128,512,65536,0,65521,0,262144,262148,True
optimizer.safetensors,adam.lm_head.weight.m,27904,128,512,65536,0,65526,0,262144,262168,True
optimizer.safetensors,adam.lm_head.weight.m,28032,128,512,65536,0,65525,0,262144,262164,True
optimizer.safetensors,adam.lm_head.weight.m,28160,128,512,65536,0,65519,0,262144,262140,True
optimizer.safetensors,adam.lm_head.weight.m,28288,128,512,65536,0,65518,0,262144,262136,True
optimizer.safetensors,adam.lm_head.weight.m,28416,128,512,65536,0,65515,0,262144,262124,True
optimizer.safetensors,adam.lm_head.weight.m,28544,128,512,65536,0,65525,0,262144,262164,True
optimizer.safetensors,adam.lm_head.weight.m,28672,128,512,65536,0,65513,0,262144,262116,True
optimizer.safetensors,adam.lm_head.weight.m,28800,128,512,65536,0,65522,0,262144,262152,True
optimizer.safetensors,adam.lm_head.weight.m,28928,128,512,65536,0,65517,0,262144,262132,True
optimizer.safetensors,adam.lm_head.weight.m,29056,128,512,65536,0,65524,0,262144,262160,True
optimizer.safetensors,adam.lm_head.weight.m,29184,128,512,65536,0,65527,0,262144,262172,True
optimizer.safetensors,adam.lm_head.weight.m,29312,128,512,65536,0,65519,0,262144,262140,True
optimizer.safetensors,adam.lm_head.weight.m,29440,128,512,65536,0,65515,0,262144,262124,True
optimizer.safetensors,adam.lm_head.weight.m,29568,128,512,65536,0,65517,0,262144,262132,True
optimizer.safetensors,adam.lm_head.weight.m,29696,128,512,65536,0,65522,0,262144,262152,True
optimizer.safetensors,adam.lm_head.weight.m,29824,128,512,65536,0,65527,0,262144,262172,True
optimizer.safetensors,adam.lm_head.weight.m,29952,128,512,65536,0,65511,0,262144,262108,True
optimizer.safetensors,adam.lm_head.weight.m,30080,128,512,65536,0,65524,0,262144,262160,True
optimizer.safetensors,adam.lm_head.weight.m,30208,128,512,65536,0,65518,0,262144,262136,True
optimizer.safetensors,adam.lm_head.weight.m,30336,128,512,65536,0,65517,0,262144,262132,True
optimizer.safetensors,adam.lm_head.weight.m,30464,128,512,65536,0,65521,0,262144,262148,True
optimizer.safetensors,adam.lm_head.weight.m,30592,128,512,65536,0,65529,0,262144,262180,True
optimizer.safetensors,adam.lm_head.weight.m,30720,128,512,65536,0,65528,0,262144,262176,True
optimizer.safetensors,adam.lm_head.weight.m,30848,128,512,65536,0,65523,0,262144,262156,True
optimizer.safetensors,adam.lm_head.weight.m,30976,128,512,65536,0,65512,0,262144,262112,True
optimizer.safetensors,adam.lm_head.weight.m,31104,128,512,65536,0,65521,0,262144,262148,True
optimizer.safetensors,adam.lm_head.weight.m,31232,128,512,65536,0,65526,0,262144,262168,True
optimizer.safetensors,adam.lm_head.weight.m,31360,128,512,65536,0,65519,0,262144,262140,True
optimizer.safetensors,adam.lm_head.weight.m,31488,128,512,65536,0,65519,0,262144,262140,True
optimizer.safetensors,adam.lm_head.weight.m,31616,128,512,65536,0,65519,0,262144,262140,True
optimizer.safetensors,adam.lm_head.weight.m,31744,128,512,65536,0,65526,0,262144,262168,True
optimizer.safetensors,adam.lm_head.weight.m,31872,128,512,65536,0,65519,0,262144,262140,True
optimizer.safetensors,adam.lm_head.weight.m,32000,128,512,65536,0,65516,0,262144,262128,True
optimizer.safetensors,adam.lm_head.weight.m,32128,128,512,65536,0,65521,0,262144,262148,True
optimizer.safetensors,adam.lm_head.weight.m,32256,128,512,65536,0,65520,0,262144,262144,True
optimizer.safetensors,adam.lm_head.weight.m,32384,128,512,65536,0,65520,0,262144,262144,True
optimizer.safetensors,adam.lm_head.weight.m,32512,128,512,65536,0,65531,0,262144,262188,True
optimizer.safetensors,adam.lm_head.weight.m,32640,128,512,65536,0,65521,0,262144,262148,True
optimizer.safetensors,adam.lm_head.weight.v,0,128,512,65536,0,65520,0,262144,262144,True
optimizer.safetensors,adam.lm_head.weight.v,128,128,512,65536,0,65523,0,262144,262156,True
optimizer.safetensors,adam.lm_head.weight.v,256,128,512,65536,0,65495,0,262144,262044,True
optimizer.safetensors,adam.lm_head.weight.v,384,128,512,65536,0,65499,0,262144,262060,True
optimizer.safetensors,adam.lm_head.weight.v,512,128,512,65536,0,65509,0,262144,262100,True
optimizer.safetensors,adam.lm_head.weight.v,640,128,512,65536,0,65506,0,262144,262088,True
optimizer.safetensors,adam.lm_head.weight.v,768,128,512,65536,0,65518,0,262144,262136,True
optimizer.safetensors,adam.lm_head.weight.v,896,128,512,65536,0,65519,0,262144,262140,True
optimizer.safetensors,adam.lm_head.weight.v,1024,128,512,65536,0,65510,0,262144,262104,True
optimizer.safetensors,adam.lm_head.weight.v,1152,128,512,65536,0,65500,0,262144,262064,True
optimizer.safetensors,adam.lm_head.weight.v,1280,128,512,65536,0,65513,0,262144,262116,True
optimizer.safetensors,adam.lm_head.weight.v,1408,128,512,65536,0,65515,0,262144,262124,True
optimizer.safetensors,adam.lm_head.weight.v,1536,128,512,65536,0,65507,0,262144,262092,True
optimizer.safetensors,adam.lm_head.weight.v,1664,128,512,65536,0,65513,0,262144,262116,True
optimizer.safetensors,adam.lm_head.weight.v,1792,128,512,65536,0,65516,0,262144,262128,True
optimizer.safetensors,adam.lm_head.weight.v,1920,128,512,65536,0,65514,0,262144,262120,True
optimizer.safetensors,adam.lm_head.weight.v,2048,128,512,65536,0,65502,0,262144,262072,True
optimizer.safetensors,adam.lm_head.weight.v,2176,128,512,65536,0,65516,0,262144,262128,True
optimizer.safetensors,adam.lm_head.weight.v,2304,128,512,65536,0,65505,0,262144,262084,True
optimizer.safetensors,adam.lm_head.weight.v,2432,128,512,65536,0,65506,0,262144,262088,True
optimizer.safetensors,adam.lm_head.weight.v,2560,128,512,65536,0,65514,0,262144,262120,True
optimizer.safetensors,adam.lm_head.weight.v,2688,128,512,65536,0,65505,0,262144,262084,True
optimizer.safetensors,adam.lm_head.weight.v,2816,128,512,65536,0,65517,0,262144,262132,True
optimizer.safetensors,adam.lm_head.weight.v,2944,128,512,65536,0,65513,0,262144,262116,True
optimizer.safetensors,adam.lm_head.weight.v,3072,128,512,65536,0,65508,0,262144,262096,True
optimizer.safetensors,adam.lm_head.weight.v,3200,128,512,65536,0,65505,0,262144,262084,True
optimizer.safetensors,adam.lm_head.weight.v,3328,128,512,65536,0,65504,0,262144,262080,True
optimizer.safetensors,adam.lm_head.weight.v,3456,128,512,65536,0,65505,0,262144,262084,True
optimizer.safetensors,adam.lm_head.weight.v,3584,128,512,65536,0,65497,0,262144,262052,True
optimizer.safetensors,adam.lm_head.weight.v,3712,128,512,65536,0,65510,0,262144,262104,True
optimizer.safetensors,adam.lm_head.weight.v,3840,128,512,65536,0,65497,0,262144,262052,True
optimizer.safetensors,adam.lm_head.weight.v,3968,128,512,65536,0,65504,0,262144,262080,True
optimizer.safetensors,adam.lm_head.weight.v,4096,128,512,65536,0,65506,0,262144,262088,True
optimizer.safetensors,adam.lm_head.weight.v,4224,128,512,65536,0,65488,0,262144,262016,True
optimizer.safetensors,adam.lm_head.weight.v,4352,128,512,65536,0,65505,0,262144,262084,True
optimizer.safetensors,adam.lm_head.weight.v,4480,128,512,65536,0,65505,0,262144,262084,True
optimizer.safetensors,adam.lm_head.weight.v,4608,128,512,65536,0,65507,0,262144,262092,True
optimizer.safetensors,adam.lm_head.weight.v,4736,128,512,65536,0,65499,0,262144,262060,True
optimizer.safetensors,adam.lm_head.weight.v,4864,128,512,65536,0,65503,0,262144,262076,True
optimizer.safetensors,adam.lm_head.weight.v,4992,128,512,65536,0,65509,0,262144,262100,True
optimizer.safetensors,adam.lm_head.weight.v,5120,128,512,65536,0,65500,0,262144,262064,True
optimizer.safetensors,adam.lm_head.weight.v,5248,128,512,65536,0,65515,0,262144,262124,True
optimizer.safetensors,adam.lm_head.weight.v,5376,128,512,65536,0,65506,0,262144,262088,True
optimizer.safetensors,adam.lm_head.weight.v,5504,128,512,65536,0,65505,0,262144,262084,True
optimizer.safetensors,adam.lm_head.weight.v,5632,128,512,65536,0,65508,0,262144,262096,True
optimizer.safetensors,adam.lm_head.weight.v,5760,128,512,65536,0,65503,0,262144,262076,True
optimizer.safetensors,adam.lm_head.weight.v,5888,128,512,65536,0,65509,0,262144,262100,True
optimizer.safetensors,adam.lm_head.weight.v,6016,128,512,65536,0,65513,0,262144,262116,True
optimizer.safetensors,adam.lm_head.weight.v,6144,128,512,65536,0,65508,0,262144,262096,True
optimizer.safetensors,adam.lm_head.weight.v,6272,128,512,65536,0,65501,0,262144,262068,True
optimizer.safetensors,adam.lm_head.weight.v,6400,128,512,65536,0,65506,0,262144,262088,True
optimizer.safetensors,adam.lm_head.weight.v,6528,128,512,65536,0,65503,0,262144,262076,True
optimizer.safetensors,adam.lm_head.weight.v,6656,128,512,65536,0,65514,0,262144,262120,True
optimizer.safetensors,adam.lm_head.weight.v,6784,128,512,65536,0,65497,0,262144,262052,True
optimizer.safetensors,adam.lm_head.weight.v,6912,128,512,65536,0,65505,0,262144,262084,True
optimizer.safetensors,adam.lm_head.weight.v,7040,128,512,65536,0,65502,0,262144,262072,True
optimizer.safetensors,adam.lm_head.weight.v,7168,128,512,65536,0,65511,0,262144,262108,True
optimizer.safetensors,adam.lm_head.weight.v,7296,128,512,65536,0,65511,0,262144,262108,True
optimizer.safetensors,adam.lm_head.weight.v,7424,128,512,65536,0,65490,0,262144,262024,True
optimizer.safetensors,adam.lm_head.weight.v,7552,128,512,65536,0,65516,0,262144,262128,True
optimizer.safetensors,adam.lm_head.weight.v,7680,128,512,65536,0,65505,0,262144,262084,True
optimizer.safetensors,adam.lm_head.weight.v,7808,128,512,65536,0,65501,0,262144,262068,True
optimizer.safetensors,adam.lm_head.weight.v,7936,128,512,65536,0,65501,0,262144,262068,True
optimizer.safetensors,adam.lm_head.weight.v,8064,128,512,65536,0,65505,0,262144,262084,True
optimizer.safetensors,adam.lm_head.weight.v,8192,128,512,65536,0,65496,0,262144,262048,True
optimizer.safetensors,adam.lm_head.weight.v,8320,128,512,65536,0,65495,0,262144,262044,True
optimizer.safetensors,adam.lm_head.weight.v,8448,128,512,65536,0,65514,0,262144,262120,True
optimizer.safetensors,adam.lm_head.weight.v,8576,128,512,65536,0,65509,0,262144,262100,True
optimizer.safetensors,adam.lm_head.weight.v,8704,128,512,65536,0,65508,0,262144,262096,True
optimizer.safetensors,adam.lm_head.weight.v,8832,128,512,65536,0,65506,0,262144,262088,True
optimizer.safetensors,adam.lm_head.weight.v,8960,128,512,65536,0,65510,0,262144,262104,True
optimizer.safetensors,adam.lm_head.weight.v,9088,128,512,65536,0,65505,0,262144,262084,True
optimizer.safetensors,adam.lm_head.weight.v,9216,128,512,65536,0,65499,0,262144,262060,True
optimizer.safetensors,adam.lm_head.weight.v,9344,128,512,65536,0,65504,0,262144,262080,True
optimizer.safetensors,adam.lm_head.weight.v,9472,128,512,65536,0,65511,0,262144,262108,True
optimizer.safetensors,adam.lm_head.weight.v,9600,128,512,65536,0,65505,0,262144,262084,True
optimizer.safetensors,adam.lm_head.weight.v,9728,128,512,65536,0,65509,0,262144,262100,True
optimizer.safetensors,adam.lm_head.weight.v,9856,128,512,65536,0,65500,0,262144,262064,True
optimizer.safetensors,adam.lm_head.weight.v,9984,128,512,65536,0,65512,0,262144,262112,True
optimizer.safetensors,adam.lm_head.weight.v,10112,128,512,65536,0,65503,0,262144,262076,True
optimizer.safetensors,adam.lm_head.weight.v,10240,128,512,65536,0,65508,0,262144,262096,True
optimizer.safetensors,adam.lm_head.weight.v,10368,128,512,65536,0,65512,0,262144,262112,True
optimizer.safetensors,adam.lm_head.weight.v,10496,128,512,65536,0,65506,0,262144,262088,True
optimizer.safetensors,adam.lm_head.weight.v,10624,128,512,65536,0,65497,0,262144,262052,True
optimizer.safetensors,adam.lm_head.weight.v,10752,128,512,65536,0,65508,0,262144,262096,True
optimizer.safetensors,adam.lm_head.weight.v,10880,128,512,65536,0,65497,0,262144,262052,True
optimizer.safetensors,adam.lm_head.weight.v,11008,128,512,65536,0,65504,0,262144,262080,True
optimizer.safetensors,adam.lm_head.weight.v,11136,128,512,65536,0,65509,0,262144,262100,True
optimizer.safetensors,adam.lm_head.weight.v,11264,128,512,65536,0,65509,0,262144,262100,True
optimizer.safetensors,adam.lm_head.weight.v,11392,128,512,65536,0,65509,0,262144,262100,True
optimizer.safetensors,adam.lm_head.weight.v,11520,128,512,65536,0,65511,0,262144,262108,True
optimizer.safetensors,adam.lm_head.weight.v,11648,128,512,65536,0,65509,0,262144,262100,True
optimizer.safetensors,adam.lm_head.weight.v,11776,128,512,65536,0,65505,0,262144,262084,True
optimizer.safetensors,adam.lm_head.weight.v,11904,128,512,65536,0,65516,0,262144,262128,True
optimizer.safetensors,adam.lm_head.weight.v,12032,128,512,65536,0,65502,0,262144,262072,True
optimizer.safetensors,adam.lm_head.weight.v,12160,128,512,65536,0,65517,0,262144,262132,True
optimizer.safetensors,adam.lm_head.weight.v,12288,128,512,65536,0,65507,0,262144,262092,True
optimizer.safetensors,adam.lm_head.weight.v,12416,128,512,65536,0,65510,0,262144,262104,True
optimizer.safetensors,adam.lm_head.weight.v,12544,128,512,65536,0,65515,0,262144,262124,True
optimizer.safetensors,adam.lm_head.weight.v,12672,128,512,65536,0,65509,0,262144,262100,True
optimizer.safetensors,adam.lm_head.weight.v,12800,128,512,65536,0,65508,0,262144,262096,True
optimizer.safetensors,adam.lm_head.weight.v,12928,128,512,65536,0,65514,0,262144,262120,True
optimizer.safetensors,adam.lm_head.weight.v,13056,128,512,65536,0,65500,0,262144,262064,True
optimizer.safetensors,adam.lm_head.weight.v,13184,128,512,65536,0,65512,0,262144,262112,True
optimizer.safetensors,adam.lm_head.weight.v,13312,128,512,65536,0,65511,0,262144,262108,True
optimizer.safetensors,adam.lm_head.weight.v,13440,128,512,65536,0,65518,0,262144,262136,True
optimizer.safetensors,adam.lm_head.weight.v,13568,128,512,65536,0,65508,0,262144,262096,True
optimizer.safetensors,adam.lm_head.weight.v,13696,128,512,65536,0,65510,0,262144,262104,True
optimizer.safetensors,adam.lm_head.weight.v,13824,128,512,65536,0,65511,0,262144,262108,True
optimizer.safetensors,adam.lm_head.weight.v,13952,128,512,65536,0,65512,0,262144,262112,True
optimizer.safetensors,adam.lm_head.weight.v,14080,128,512,65536,0,65498,0,262144,262056,True
optimizer.safetensors,adam.lm_head.weight.v,14208,128,512,65536,0,65505,0,262144,262084,True
optimizer.safetensors,adam.lm_head.weight.v,14336,128,512,65536,0,65518,0,262144,262136,True
optimizer.safetensors,adam.lm_head.weight.v,14464,128,512,65536,0,65514,0,262144,262120,True
optimizer.safetensors,adam.lm_head.weight.v,14592,128,512,65536,0,65515,0,262144,262124,True
optimizer.safetensors,adam.lm_head.weight.v,14720,128,512,65536,0,65497,0,262144,262052,True
optimizer.safetensors,adam.lm_head.weight.v,14848,128,512,65536,0,65503,0,262144,262076,True
optimizer.safetensors,adam.lm_head.weight.v,14976,128,512,65536,0,65506,0,262144,262088,True
optimizer.safetensors,adam.lm_head.weight.v,15104,128,512,65536,0,65505,0,262144,262084,True
optimizer.safetensors,adam.lm_head.weight.v,15232,128,512,65536,0,65511,0,262144,262108,True
optimizer.safetensors,adam.lm_head.weight.v,15360,128,512,65536,0,65510,0,262144,262104,True
optimizer.safetensors,adam.lm_head.weight.v,15488,128,512,65536,0,65503,0,262144,262076,True
optimizer.safetensors,adam.lm_head.weight.v,15616,128,512,65536,0,65521,0,262144,262148,True
optimizer.safetensors,adam.lm_head.weight.v,15744,128,512,65536,0,65519,0,262144,262140,True
optimizer.safetensors,adam.lm_head.weight.v,15872,128,512,65536,0,65495,0,262144,262044,True
optimizer.safetensors,adam.lm_head.weight.v,16000,128,512,65536,0,65514,0,262144,262120,True
optimizer.safetensors,adam.lm_head.weight.v,16128,128,512,65536,0,65514,0,262144,262120,True
optimizer.safetensors,adam.lm_head.weight.v,16256,128,512,65536,0,65517,0,262144,262132,True
optimizer.safetensors,adam.lm_head.weight.v,16384,128,512,65536,0,65502,0,262144,262072,True
optimizer.safetensors,adam.lm_head.weight.v,16512,128,512,65536,0,65509,0,262144,262100,True
optimizer.safetensors,adam.lm_head.weight.v,16640,128,512,65536,0,65514,0,262144,262120,True
optimizer.safetensors,adam.lm_head.weight.v,16768,128,512,65536,0,65509,0,262144,262100,True
optimizer.safetensors,adam.lm_head.weight.v,16896,128,512,65536,0,65513,0,262144,262116,True
optimizer.safetensors,adam.lm_head.weight.v,17024,128,512,65536,0,65509,0,262144,262100,True
optimizer.safetensors,adam.lm_head.weight.v,17152,128,512,65536,0,65520,0,262144,262144,True
optimizer.safetensors,adam.lm_head.weight.v,17280,128,512,65536,0,65515,0,262144,262124,True
optimizer.safetensors,adam.lm_head.weight.v,17408,128,512,65536,0,65515,0,262144,262124,True
optimizer.safetensors,adam.lm_head.weight.v,17536,128,512,65536,0,65510,0,262144,262104,True
optimizer.safetensors,adam.lm_head.weight.v,17664,128,512,65536,0,65517,0,262144,262132,True
optimizer.safetensors,adam.lm_head.weight.v,17792,128,512,65536,0,65510,0,262144,262104,True
optimizer.safetensors,adam.lm_head.weight.v,17920,128,512,65536,0,65509,0,262144,262100,True
optimizer.safetensors,adam.lm_head.weight.v,18048,128,512,65536,0,65510,0,262144,262104,True
optimizer.safetensors,adam.lm_head.weight.v,18176,128,512,65536,0,65514,0,262144,262120,True
optimizer.safetensors,adam.lm_head.weight.v,18304,128,512,65536,0,65515,0,262144,262124,True
optimizer.safetensors,adam.lm_head.weight.v,18432,128,512,65536,0,65509,0,262144,262100,True
optimizer.safetensors,adam.lm_head.weight.v,18560,128,512,65536,0,65522,0,262144,262152,True
optimizer.safetensors,adam.lm_head.weight.v,18688,128,512,65536,0,65508,0,262144,262096,True
optimizer.safetensors,adam.lm_head.weight.v,18816,128,512,65536,0,65514,0,262144,262120,True
optimizer.safetensors,adam.lm_head.weight.v,18944,128,512,65536,0,65519,0,262144,262140,True
optimizer.safetensors,adam.lm_head.weight.v,19072,128,512,65536,0,65511,0,262144,262108,True
optimizer.safetensors,adam.lm_head.weight.v,19200,128,512,65536,0,65514,0,262144,262120,True
optimizer.safetensors,adam.lm_head.weight.v,19328,128,512,65536,0,65519,0,262144,262140,True
optimizer.safetensors,adam.lm_head.weight.v,19456,128,512,65536,0,65521,0,262144,262148,True
optimizer.safetensors,adam.lm_head.weight.v,19584,128,512,65536,0,65514,0,262144,262120,True
optimizer.safetensors,adam.lm_head.weight.v,19712,128,512,65536,0,65510,0,262144,262104,True
optimizer.safetensors,adam.lm_head.weight.v,19840,128,512,65536,0,65519,0,262144,262140,True
optimizer.safetensors,adam.lm_head.weight.v,19968,128,512,65536,0,65509,0,262144,262100,True
optimizer.safetensors,adam.lm_head.weight.v,20096,128,512,65536,0,65517,0,262144,262132,True
optimizer.safetensors,adam.lm_head.weight.v,20224,128,512,65536,0,65506,0,262144,262088,True
optimizer.safetensors,adam.lm_head.weight.v,20352,128,512,65536,0,65511,0,262144,262108,True
optimizer.safetensors,adam.lm_head.weight.v,20480,128,512,65536,0,65518,0,262144,262136,True
optimizer.safetensors,adam.lm_head.weight.v,20608,128,512,65536,0,65511,0,262144,262108,True
optimizer.safetensors,adam.lm_head.weight.v,20736,128,512,65536,0,65510,0,262144,262104,True
optimizer.safetensors,adam.lm_head.weight.v,20864,128,512,65536,0,65509,0,262144,262100,True
optimizer.safetensors,adam.lm_head.weight.v,20992,128,512,65536,0,65520,0,262144,262144,True
optimizer.safetensors,adam.lm_head.weight.v,21120,128,512,65536,0,65513,0,262144,262116,True
optimizer.safetensors,adam.lm_head.weight.v,21248,128,512,65536,0,65510,0,262144,262104,True
optimizer.safetensors,adam.lm_head.weight.v,21376,128,512,65536,0,65521,0,262144,262148,True
optimizer.safetensors,adam.lm_head.weight.v,21504,128,512,65536,0,65509,0,262144,262100,True
optimizer.safetensors,adam.lm_head.weight.v,21632,128,512,65536,0,65505,0,262144,262084,True
optimizer.safetensors,adam.lm_head.weight.v,21760,128,512,65536,0,65510,0,262144,262104,True
optimizer.safetensors,adam.lm_head.weight.v,21888,128,512,65536,0,65516,0,262144,262128,True
optimizer.safetensors,adam.lm_head.weight.v,22016,128,512,65536,0,65515,0,262144,262124,True
optimizer.safetensors,adam.lm_head.weight.v,22144,128,512,65536,0,65515,0,262144,262124,True
optimizer.safetensors,adam.lm_head.weight.v,22272,128,512,65536,0,65519,0,262144,262140,True
optimizer.safetensors,adam.lm_head.weight.v,22400,128,512,65536,0,65517,0,262144,262132,True
optimizer.safetensors,adam.lm_head.weight.v,22528,128,512,65536,0,65513,0,262144,262116,True
optimizer.safetensors,adam.lm_head.weight.v,22656,128,512,65536,0,65520,0,262144,262144,True
optimizer.safetensors,adam.lm_head.weight.v,22784,128,512,65536,0,65514,0,262144,262120,True
optimizer.safetensors,adam.lm_head.weight.v,22912,128,512,65536,0,65512,0,262144,262112,True
optimizer.safetensors,adam.lm_head.weight.v,23040,128,512,65536,0,65504,0,262144,262080,True
optimizer.safetensors,adam.lm_head.weight.v,23168,128,512,65536,0,65514,0,262144,262120,True
optimizer.safetensors,adam.lm_head.weight.v,23296,128,512,65536,0,65517,0,262144,262132,True
optimizer.safetensors,adam.lm_head.weight.v,23424,128,512,65536,0,65523,0,262144,262156,True
optimizer.safetensors,adam.lm_head.weight.v,23552,128,512,65536,0,65510,0,262144,262104,True
optimizer.safetensors,adam.lm_head.weight.v,23680,128,512,65536,0,65512,0,262144,262112,True
optimizer.safetensors,adam.lm_head.weight.v,23808,128,512,65536,0,65509,0,262144,262100,True
optimizer.safetensors,adam.lm_head.weight.v,23936,128,512,65536,0,65518,0,262144,262136,True
optimizer.safetensors,adam.lm_head.weight.v,24064,128,512,65536,0,65519,0,262144,262140,True
optimizer.safetensors,adam.lm_head.weight.v,24192,128,512,65536,0,65512,0,262144,262112,True
optimizer.safetensors,adam.lm_head.weight.v,24320,128,512,65536,0,65520,0,262144,262144,True
optimizer.safetensors,adam.lm_head.weight.v,24448,128,512,65536,0,65527,0,262144,262172,True
optimizer.safetensors,adam.lm_head.weight.v,24576,128,512,65536,0,65512,0,262144,262112,True
optimizer.safetensors,adam.lm_head.weight.v,24704,128,512,65536,0,65511,0,262144,262108,True
optimizer.safetensors,adam.lm_head.weight.v,24832,128,512,65536,0,65512,0,262144,262112,True
optimizer.safetensors,adam.lm_head.weight.v,24960,128,512,65536,0,65517,0,262144,262132,True
optimizer.safetensors,adam.lm_head.weight.v,25088,128,512,65536,0,65514,0,262144,262120,True
optimizer.safetensors,adam.lm_head.weight.v,25216,128,512,65536,0,65512,0,262144,262112,True
optimizer.safetensors,adam.lm_head.weight.v,25344,128,512,65536,0,65511,0,262144,262108,True
optimizer.safetensors,adam.lm_head.weight.v,25472,128,512,65536,0,65513,0,262144,262116,True
optimizer.safetensors,adam.lm_head.weight.v,25600,128,512,65536,0,65511,0,262144,262108,True
optimizer.safetensors,adam.lm_head.weight.v,25728,128,512,65536,0,65523,0,262144,262156,True
optimizer.safetensors,adam.lm_head.weight.v,25856,128,512,65536,0,65523,0,262144,262156,True
optimizer.safetensors,adam.lm_head.weight.v,25984,128,512,65536,0,65516,0,262144,262128,True
optimizer.safetensors,adam.lm_head.weight.v,26112,128,512,65536,0,65517,0,262144,262132,True
optimizer.safetensors,adam.lm_head.weight.v,26240,128,512,65536,0,65515,0,262144,262124,True
optimizer.safetensors,adam.lm_head.weight.v,26368,128,512,65536,0,65511,0,262144,262108,True
optimizer.safetensors,adam.lm_head.weight.v,26496,128,512,65536,0,65511,0,262144,262108,True
optimizer.safetensors,adam.lm_head.weight.v,26624,128,512,65536,0,65519,0,262144,262140,True
optimizer.safetensors,adam.lm_head.weight.v,26752,128,512,65536,0,65520,0,262144,262144,True
optimizer.safetensors,adam.lm_head.weight.v,26880,128,512,65536,0,65521,0,262144,262148,True
optimizer.safetensors,adam.lm_head.weight.v,27008,128,512,65536,0,65514,0,262144,262120,True
optimizer.safetensors,adam.lm_head.weight.v,27136,128,512,65536,0,65522,0,262144,262152,True
optimizer.safetensors,adam.lm_head.weight.v,27264,128,512,65536,0,65530,0,262144,262184,True
optimizer.safetensors,adam.lm_head.weight.v,27392,128,512,65536,0,65514,0,262144,262120,True
optimizer.safetensors,adam.lm_head.weight.v,27520,128,512,65536,0,65512,0,262144,262112,True
optimizer.safetensors,adam.lm_head.weight.v,27648,128,512,65536,0,65518,0,262144,262136,True
optimizer.safetensors,adam.lm_head.weight.v,27776,128,512,65536,0,65519,0,262144,262140,True
optimizer.safetensors,adam.lm_head.weight.v,27904,128,512,65536,0,65519,0,262144,262140,True
optimizer.safetensors,adam.lm_head.weight.v,28032,128,512,65536,0,65514,0,262144,262120,True
optimizer.safetensors,adam.lm_head.weight.v,28160,128,512,65536,0,65518,0,262144,262136,True
optimizer.safetensors,adam.lm_head.weight.v,28288,128,512,65536,0,65518,0,262144,262136,True
optimizer.safetensors,adam.lm_head.weight.v,28416,128,512,65536,0,65515,0,262144,262124,True
optimizer.safetensors,adam.lm_head.weight.v,28544,128,512,65536,0,65521,0,262144,262148,True
optimizer.safetensors,adam.lm_head.weight.v,28672,128,512,65536,0,65516,0,262144,262128,True
optimizer.safetensors,adam.lm_head.weight.v,28800,128,512,65536,0,65511,0,262144,262108,True
optimizer.safetensors,adam.lm_head.weight.v,28928,128,512,65536,0,65514,0,262144,262120,True
optimizer.safetensors,adam.lm_head.weight.v,29056,128,512,65536,0,65521,0,262144,262148,True
optimizer.safetensors,adam.lm_head.weight.v,29184,128,512,65536,0,65517,0,262144,262132,True
optimizer.safetensors,adam.lm_head.weight.v,29312,128,512,65536,0,65520,0,262144,262144,True
optimizer.safetensors,adam.lm_head.weight.v,29440,128,512,65536,0,65523,0,262144,262156,True
optimizer.safetensors,adam.lm_head.weight.v,29568,128,512,65536,0,65516,0,262144,262128,True
optimizer.safetensors,adam.lm_head.weight.v,29696,128,512,65536,0,65526,0,262144,262168,True
optimizer.safetensors,adam.lm_head.weight.v,29824,128,512,65536,0,65517,0,262144,262132,True
optimizer.safetensors,adam.lm_head.weight.v,29952,128,512,65536,0,65520,0,262144,262144,True
optimizer.safetensors,adam.lm_head.weight.v,30080,128,512,65536,0,65522,0,262144,262152,True
optimizer.safetensors,adam.lm_head.weight.v,30208,128,512,65536,0,65519,0,262144,262140,True
optimizer.safetensors,adam.lm_head.weight.v,30336,128,512,65536,0,65521,0,262144,262148,True
optimizer.safetensors,adam.lm_head.weight.v,30464,128,512,65536,0,65522,0,262144,262152,True
optimizer.safetensors,adam.lm_head.weight.v,30592,128,512,65536,0,65518,0,262144,262136,True
optimizer.safetensors,adam.lm_head.weight.v,30720,128,512,65536,0,65525,0,262144,262164,True
optimizer.safetensors,adam.lm_head.weight.v,30848,128,512,65536,0,65515,0,262144,262124,True
optimizer.safetensors,adam.lm_head.weight.v,30976,128,512,65536,0,65522,0,262144,262152,True
optimizer.safetensors,adam.lm_head.weight.v,31104,128,512,65536,0,65522,0,262144,262152,True
optimizer.safetensors,adam.lm_head.weight.v,31232,128,512,65536,0,65518,0,262144,262136,True
optimizer.safetensors,adam.lm_head.weight.v,31360,128,512,65536,0,65524,0,262144,262160,True
optimizer.safetensors,adam.lm_head.weight.v,31488,128,512,65536,0,65522,0,262144,262152,True
optimizer.safetensors,adam.lm_head.weight.v,31616,128,512,65536,0,65520,0,262144,262144,True
optimizer.safetensors,adam.lm_head.weight.v,31744,128,512,65536,0,65517,0,262144,262132,True
optimizer.safetensors,adam.lm_head.weight.v,31872,128,512,65536,0,65509,0,262144,262100,True
optimizer.safetensors,adam.lm_head.weight.v,32000,128,512,65536,0,65519,0,262144,262140,True
optimizer.safetensors,adam.lm_head.weight.v,32128,128,512,65536,0,65519,0,262144,262140,True
optimizer.safetensors,adam.lm_head.weight.v,32256,128,512,65536,0,65527,0,262144,262172,True
optimizer.safetensors,adam.lm_head.weight.v,32384,128,512,65536,0,65519,0,262144,262140,True
optimizer.safetensors,adam.lm_head.weight.v,32512,128,512,65536,0,65516,0,262144,262128,True
optimizer.safetensors,adam.lm_head.weight.v,32640,128,512,65536,0,65521,0,262144,262148,True
optimizer.safetensors,adam.value_embeds.1.weight.m,0,128,512,65536,16896,48636,0,262144,194608,False
optimizer.safetensors,adam.value_embeds.1.weight.m,128,128,512,65536,15872,49662,0,262144,198712,False
optimizer.safetensors,adam.value_embeds.1.weight.m,256,128,512,65536,0,65529,0,262144,262180,True
optimizer.safetensors,adam.value_embeds.1.weight.m,384,128,512,65536,0,65526,0,262144,262168,True
optimizer.safetensors,adam.value_embeds.1.weight.m,512,128,512,65536,0,65531,0,262144,262188,True
optimizer.safetensors,adam.value_embeds.1.weight.m,640,128,512,65536,2026,63500,0,262144,254064,True
optimizer.safetensors,adam.value_embeds.1.weight.m,768,128,512,65536,1024,64500,0,262144,258064,True
optimizer.safetensors,adam.value_embeds.1.weight.m,896,128,512,65536,512,65013,0,262144,260116,True
optimizer.safetensors,adam.value_embeds.1.weight.m,1024,128,512,65536,512,65012,0,262144,260112,True
optimizer.safetensors,adam.value_embeds.1.weight.m,1152,128,512,65536,0,65524,0,262144,262160,True
optimizer.safetensors,adam.value_embeds.1.weight.m,1280,128,512,65536,0,65524,0,262144,262160,True
optimizer.safetensors,adam.value_embeds.1.weight.m,1408,128,512,65536,2048,63479,0,262144,253980,True
optimizer.safetensors,adam.value_embeds.1.weight.m,1536,128,512,65536,512,65009,0,262144,260100,True
optimizer.safetensors,adam.value_embeds.1.weight.m,1664,128,512,65536,1024,64500,0,262144,258064,True
optimizer.safetensors,adam.value_embeds.1.weight.m,1792,128,512,65536,1536,63990,0,262144,256024,True
optimizer.safetensors,adam.value_embeds.1.weight.m,1920,128,512,65536,1536,63989,0,262144,256020,True
optimizer.safetensors,adam.value_embeds.1.weight.m,2048,128,512,65536,1536,63989,0,262144,256020,True
optimizer.safetensors,adam.value_embeds.1.weight.m,2176,128,512,65536,1536,63987,0,262144,256012,True
optimizer.safetensors,adam.value_embeds.1.weight.m,2304,128,512,65536,1029,64497,0,262144,258052,True
optimizer.safetensors,adam.value_embeds.1.weight.m,2432,128,512,65536,1007,64521,0,262144,258148,True
optimizer.safetensors,adam.value_embeds.1.weight.m,2560,128,512,65536,1536,63983,0,262144,255996,True
optimizer.safetensors,adam.value_embeds.1.weight.m,2688,128,512,65536,1024,64501,0,262144,258068,True
optimizer.safetensors,adam.value_embeds.1.weight.m,2816,128,512,65536,3072,62455,0,262144,249884,True
optimizer.safetensors,adam.value_embeds.1.weight.m,2944,128,512,65536,3584,61943,0,262144,247836,False
optimizer.safetensors,adam.value_embeds.1.weight.m,3072,128,512,65536,512,65010,0,262144,260104,True
optimizer.safetensors,adam.value_embeds.1.weight.m,3200,128,512,65536,1024,64500,0,262144,258064,True
optimizer.safetensors,adam.value_embeds.1.weight.m,3328,128,512,65536,2485,63040,0,262144,252224,True
optimizer.safetensors,adam.value_embeds.1.weight.m,3456,128,512,65536,1536,63991,0,262144,256028,True
optimizer.safetensors,adam.value_embeds.1.weight.m,3584,128,512,65536,521,64999,0,262144,260060,True
optimizer.safetensors,adam.value_embeds.1.weight.m,3712,128,512,65536,2567,62957,0,262144,251892,True
optimizer.safetensors,adam.value_embeds.1.weight.m,3840,128,512,65536,2482,63038,0,262144,252216,True
optimizer.safetensors,adam.value_embeds.1.weight.m,3968,128,512,65536,512,65015,0,262144,260124,True
optimizer.safetensors,adam.value_embeds.1.weight.m,4096,128,512,65536,512,65011,0,262144,260108,True
optimizer.safetensors,adam.value_embeds.1.weight.m,4224,128,512,65536,1024,64497,0,262144,258052,True
optimizer.safetensors,adam.value_embeds.1.weight.m,4352,128,512,65536,2048,63479,0,262144,253980,True
optimizer.safetensors,adam.value_embeds.1.weight.m,4480,128,512,65536,3072,62447,0,262144,249852,True
optimizer.safetensors,adam.value_embeds.1.weight.m,4608,128,512,65536,1024,64497,0,262144,258052,True
optimizer.safetensors,adam.value_embeds.1.weight.m,4736,128,512,65536,2048,63474,0,262144,253960,True
optimizer.safetensors,adam.value_embeds.1.weight.m,4864,128,512,65536,512,65010,0,262144,260104,True
optimizer.safetensors,adam.value_embeds.1.weight.m,4992,128,512,65536,2048,63481,0,262144,253988,True
optimizer.safetensors,adam.value_embeds.1.weight.m,5120,128,512,65536,512,65009,0,262144,260100,True
optimizer.safetensors,adam.value_embeds.1.weight.m,5248,128,512,65536,2048,63475,0,262144,253964,True
optimizer.safetensors,adam.value_embeds.1.weight.m,5376,128,512,65536,1024,64497,0,262144,258052,True
optimizer.safetensors,adam.value_embeds.1.weight.m,5504,128,512,65536,4609,60905,0,262144,243684,False
optimizer.safetensors,adam.value_embeds.1.weight.m,5632,128,512,65536,2048,63474,0,262144,253960,True
optimizer.safetensors,adam.value_embeds.1.weight.m,5760,128,512,65536,4096,61433,0,262144,245796,False
optimizer.safetensors,adam.value_embeds.1.weight.m,5888,128,512,65536,512,65007,0,262144,260092,True
optimizer.safetensors,adam.value_embeds.1.weight.m,6016,128,512,65536,512,65005,0,262144,260084,True
optimizer.safetensors,adam.value_embeds.1.weight.m,6144,128,512,65536,2048,63471,0,262144,253948,True
optimizer.safetensors,adam.value_embeds.1.weight.m,6272,128,512,65536,512,65006,0,262144,260088,True
optimizer.safetensors,adam.value_embeds.1.weight.m,6400,128,512,65536,1536,63984,0,262144,256000,True
optimizer.safetensors,adam.value_embeds.1.weight.m,6528,128,512,65536,1536,63986,0,262144,256008,True
optimizer.safetensors,adam.value_embeds.1.weight.m,6656,128,512,65536,2628,62893,0,262144,251636,True
optimizer.safetensors,adam.value_embeds.1.weight.m,6784,128,512,65536,2048,63477,0,262144,253972,True
optimizer.safetensors,adam.value_embeds.1.weight.m,6912,128,512,65536,2048,63474,0,262144,253960,True
optimizer.safetensors,adam.value_embeds.1.weight.m,7040,128,512,65536,5,65518,0,262144,262136,True
optimizer.safetensors,adam.value_embeds.1.weight.m,7168,128,512,65536,1536,63991,0,262144,256028,True
optimizer.safetensors,adam.value_embeds.1.weight.m,7296,128,512,65536,1541,63986,0,262144,256008,True
optimizer.safetensors,adam.value_embeds.1.weight.m,7424,128,512,65536,2048,63475,0,262144,253964,True
optimizer.safetensors,adam.value_embeds.1.weight.m,7552,128,512,65536,2048,63471,0,262144,253948,True
optimizer.safetensors,adam.value_embeds.1.weight.m,7680,128,512,65536,2560,62958,0,262144,251896,True
optimizer.safetensors,adam.value_embeds.1.weight.m,7808,128,512,65536,2052,63465,0,262144,253924,True
optimizer.safetensors,adam.value_embeds.1.weight.m,7936,128,512,65536,1672,63846,0,262144,255448,True
optimizer.safetensors,adam.value_embeds.1.weight.m,8064,128,512,65536,512,65013,0,262144,260116,True
optimizer.safetensors,adam.value_embeds.1.weight.m,8192,128,512,65536,2048,63469,0,262144,253940,True
optimizer.safetensors,adam.value_embeds.1.weight.m,8320,128,512,65536,1105,64420,0,262144,257744,True
optimizer.safetensors,adam.value_embeds.1.weight.m,8448,128,512,65536,2502,63023,0,262144,252156,True
optimizer.safetensors,adam.value_embeds.1.weight.m,8576,128,512,65536,3075,62451,0,262144,249868,True
optimizer.safetensors,adam.value_embeds.1.weight.m,8704,128,512,65536,1028,64496,0,262144,258048,True
optimizer.safetensors,adam.value_embeds.1.weight.m,8832,128,512,65536,3072,62449,0,262144,249860,True
optimizer.safetensors,adam.value_embeds.1.weight.m,8960,128,512,65536,1024,64498,0,262144,258056,True
optimizer.safetensors,adam.value_embeds.1.weight.m,9088,128,512,65536,1024,64499,0,262144,258060,True
optimizer.safetensors,adam.value_embeds.1.weight.m,9216,128,512,65536,1024,64492,0,262144,258032,True
optimizer.safetensors,adam.value_embeds.1.weight.m,9344,128,512,65536,2236,63286,0,262144,253208,True
optimizer.safetensors,adam.value_embeds.1.weight.m,9472,128,512,65536,1541,63981,0,262144,255988,True
optimizer.safetensors,adam.value_embeds.1.weight.m,9600,128,512,65536,512,65006,0,262144,260088,True
optimizer.safetensors,adam.value_embeds.1.weight.m,9728,128,512,65536,2048,63473,0,262144,253956,True
optimizer.safetensors,adam.value_embeds.1.weight.m,9856,128,512,65536,512,65012,0,262144,260112,True
optimizer.safetensors,adam.value_embeds.1.weight.m,9984,128,512,65536,1024,64499,0,262144,258060,True
optimizer.safetensors,adam.value_embeds.1.weight.m,10112,128,512,65536,2048,63473,0,262144,253956,True
optimizer.safetensors,adam.value_embeds.1.weight.m,10240,128,512,65536,2048,63473,0,262144,253956,True
optimizer.safetensors,adam.value_embeds.1.weight.m,10368,128,512,65536,2048,63475,0,262144,253964,True
optimizer.safetensors,adam.value_embeds.1.weight.m,10496,128,512,65536,775,64751,0,262144,259068,True
optimizer.safetensors,adam.value_embeds.1.weight.m,10624,128,512,65536,1536,63980,0,262144,255984,True
optimizer.safetensors,adam.value_embeds.1.weight.m,10752,128,512,65536,0,65526,0,262144,262168,True
optimizer.safetensors,adam.value_embeds.1.weight.m,10880,128,512,65536,0,65519,0,262144,262140,True
optimizer.safetensors,adam.value_embeds.1.weight.m,11008,128,512,65536,1536,63980,0,262144,255984,True
optimizer.safetensors,adam.value_embeds.1.weight.m,11136,128,512,65536,1556,63968,0,262144,255936,True
optimizer.safetensors,adam.value_embeds.1.weight.m,11264,128,512,65536,0,65522,0,262144,262152,True
optimizer.safetensors,adam.value_embeds.1.weight.m,11392,128,512,65536,3072,62448,0,262144,249856,True
optimizer.safetensors,adam.value_embeds.1.weight.m,11520,128,512,65536,2186,63340,0,262144,253424,True
optimizer.safetensors,adam.value_embeds.1.weight.m,11648,128,512,65536,1711,63809,0,262144,255300,True
optimizer.safetensors,adam.value_embeds.1.weight.m,11776,128,512,65536,1536,63990,0,262144,256024,True
optimizer.safetensors,adam.value_embeds.1.weight.m,11904,128,512,65536,2049,63467,0,262144,253932,True
optimizer.safetensors,adam.value_embeds.1.weight.m,12032,128,512,65536,512,65014,0,262144,260120,True
optimizer.safetensors,adam.value_embeds.1.weight.m,12160,128,512,65536,1024,64492,0,262144,258032,True
optimizer.safetensors,adam.value_embeds.1.weight.m,12288,128,512,65536,2048,63469,0,262144,253940,True
optimizer.safetensors,adam.value_embeds.1.weight.m,12416,128,512,65536,1024,64502,0,262144,258072,True
optimizer.safetensors,adam.value_embeds.1.weight.m,12544,128,512,65536,0,65513,0,262144,262116,True
optimizer.safetensors,adam.value_embeds.1.weight.m,12672,128,512,65536,2517,63005,0,262144,252084,True
optimizer.safetensors,adam.value_embeds.1.weight.m,12800,128,512,65536,1536,63983,0,262144,255996,True
optimizer.safetensors,adam.value_embeds.1.weight.m,12928,128,512,65536,1776,63744,0,262144,255040,True
optimizer.safetensors,adam.value_embeds.1.weight.m,13056,128,512,65536,1024,64498,0,262144,258056,True
optimizer.safetensors,adam.value_embeds.1.weight.m,13184,128,512,65536,2551,62969,0,262144,251940,True
optimizer.safetensors,adam.value_embeds.1.weight.m,13312,128,512,65536,1826,63695,0,262144,254844,True
optimizer.safetensors,adam.value_embeds.1.weight.m,13440,128,512,65536,1649,63867,0,262144,255532,True
optimizer.safetensors,adam.value_embeds.1.weight.m,13568,128,512,65536,2037,63475,0,262144,253964,True
optimizer.safetensors,adam.value_embeds.1.weight.m,13696,128,512,65536,2048,63470,0,262144,253944,True
optimizer.safetensors,adam.value_embeds.1.weight.m,13824,128,512,65536,512,65011,0,262144,260108,True
optimizer.safetensors,adam.value_embeds.1.weight.m,13952,128,512,65536,2048,63480,0,262144,253984,True
optimizer.safetensors,adam.value_embeds.1.weight.m,14080,128,512,65536,1536,63990,0,262144,256024,True
optimizer.safetensors,adam.value_embeds.1.weight.m,14208,128,512,65536,2091,63436,0,262144,253808,True
optimizer.safetensors,adam.value_embeds.1.weight.m,14336,128,512,65536,1536,63989,0,262144,256020,True
optimizer.safetensors,adam.value_embeds.1.weight.m,14464,128,512,65536,0,65521,0,262144,262148,True
optimizer.safetensors,adam.value_embeds.1.weight.m,14592,128,512,65536,0,65524,0,262144,262160,True
optimizer.safetensors,adam.value_embeds.1.weight.m,14720,128,512,65536,1024,64495,0,262144,258044,True
optimizer.safetensors,adam.value_embeds.1.weight.m,14848,128,512,65536,1343,64174,0,262144,256760,True
optimizer.safetensors,adam.value_embeds.1.weight.m,14976,128,512,65536,1536,63986,0,262144,256008,True
optimizer.safetensors,adam.value_embeds.1.weight.m,15104,128,512,65536,1017,64509,0,262144,258100,True
optimizer.safetensors,adam.value_embeds.1.weight.m,15232,128,512,65536,2560,62964,0,262144,251920,True
optimizer.safetensors,adam.value_embeds.1.weight.m,15360,128,512,65536,2049,63475,0,262144,253964,True
optimizer.safetensors,adam.value_embeds.1.weight.m,15488,128,512,65536,2049,63478,0,262144,253976,True
optimizer.safetensors,adam.value_embeds.1.weight.m,15616,128,512,65536,2244,63283,0,262144,253196,True
optimizer.safetensors,adam.value_embeds.1.weight.m,15744,128,512,65536,1536,63990,0,262144,256024,True
optimizer.safetensors,adam.value_embeds.1.weight.m,15872,128,512,65536,0,65526,0,262144,262168,True
optimizer.safetensors,adam.value_embeds.1.weight.m,16000,128,512,65536,1574,63945,0,262144,255844,True
optimizer.safetensors,adam.value_embeds.1.weight.m,16128,128,512,65536,1536,63987,0,262144,256012,True
optimizer.safetensors,adam.value_embeds.1.weight.m,16256,128,512,65536,2560,62959,0,262144,251900,True
optimizer.safetensors,adam.value_embeds.1.weight.m,16384,128,512,65536,2560,62962,0,262144,251912,True
optimizer.safetensors,adam.value_embeds.1.weight.m,16512,128,512,65536,7,65515,0,262144,262124,True
optimizer.safetensors,adam.value_embeds.1.weight.m,16640,128,512,65536,1024,64500,0,262144,258064,True
optimizer.safetensors,adam.value_embeds.1.weight.m,16768,128,512,65536,2048,63468,0,262144,253936,True
optimizer.safetensors,adam.value_embeds.1.weight.m,16896,128,512,65536,1938,63587,0,262144,254412,True
optimizer.safetensors,adam.value_embeds.1.weight.m,17024,128,512,65536,1024,64504,0,262144,258080,True
optimizer.safetensors,adam.value_embeds.1.weight.m,17152,128,512,65536,884,64641,0,262144,258628,True
optimizer.safetensors,adam.value_embeds.1.weight.m,17280,128,512,65536,933,64591,0,262144,258428,True
optimizer.safetensors,adam.value_embeds.1.weight.m,17408,128,512,65536,1536,63979,0,262144,255980,True
optimizer.safetensors,adam.value_embeds.1.weight.m,17536,128,512,65536,1536,63987,0,262144,256012,True
optimizer.safetensors,adam.value_embeds.1.weight.m,17664,128,512,65536,512,65016,0,262144,260128,True
optimizer.safetensors,adam.value_embeds.1.weight.m,17792,128,512,65536,512,65010,0,262144,260104,True
optimizer.safetensors,adam.value_embeds.1.weight.m,17920,128,512,65536,1036,64488,0,262144,258016,True
optimizer.safetensors,adam.value_embeds.1.weight.m,18048,128,512,65536,3072,62447,0,262144,249852,True
optimizer.safetensors,adam.value_embeds.1.weight.m,18176,128,512,65536,941,64585,0,262144,258404,True
optimizer.safetensors,adam.value_embeds.1.weight.m,18304,128,512,65536,687,64841,0,262144,259428,True
optimizer.safetensors,adam.value_embeds.1.weight.m,18432,128,512,65536,512,65012,0,262144,260112,True
optimizer.safetensors,adam.value_embeds.1.weight.m,18560,128,512,65536,2079,63451,0,262144,253868,True
optimizer.safetensors,adam.value_embeds.1.weight.m,18688,128,512,65536,2048,63477,0,262144,253972,True
optimizer.safetensors,adam.value_embeds.1.weight.m,18816,128,512,65536,2749,62773,0,262144,251156,True
optimizer.safetensors,adam.value_embeds.1.weight.m,18944,128,512,65536,512,65009,0,262144,260100,True
optimizer.safetensors,adam.value_embeds.1.weight.m,19072,128,512,65536,1580,63936,0,262144,255808,True
optimizer.safetensors,adam.value_embeds.1.weight.m,19200,128,512,65536,536,64988,0,262144,260016,True
optimizer.safetensors,adam.value_embeds.1.weight.m,19328,128,512,65536,1264,64256,0,262144,257088,True
optimizer.safetensors,adam.value_embeds.1.weight.m,19456,128,512,65536,1536,63994,0,262144,256040,True
optimizer.safetensors,adam.value_embeds.1.weight.m,19584,128,512,65536,1536,63986,0,262144,256008,True
optimizer.safetensors,adam.value_embeds.1.weight.m,19712,128,512,65536,1519,64011,0,262144,256108,True
optimizer.safetensors,adam.value_embeds.1.weight.m,19840,128,512,65536,3586,61940,0,262144,247824,False
optimizer.safetensors,adam.value_embeds.1.weight.m,19968,128,512,65536,897,64633,0,262144,258596,True
optimizer.safetensors,adam.value_embeds.1.weight.m,20096,128,512,65536,1547,63982,0,262144,255992,True
optimizer.safetensors,adam.value_embeds.1.weight.m,20224,128,512,65536,2559,62962,0,262144,251912,True
optimizer.safetensors,adam.value_embeds.1.weight.m,20352,128,512,65536,2574,62949,0,262144,251860,True
optimizer.safetensors,adam.value_embeds.1.weight.m,20480,128,512,65536,1024,64495,0,262144,258044,True
optimizer.safetensors,adam.value_embeds.1.weight.m,20608,128,512,65536,851,64673,0,262144,258756,True
optimizer.safetensors,adam.value_embeds.1.weight.m,20736,128,512,65536,2048,63478,0,262144,253976,True
optimizer.safetensors,adam.value_embeds.1.weight.m,20864,128,512,65536,1653,63869,0,262144,255540,True
optimizer.safetensors,adam.value_embeds.1.weight.m,20992,128,512,65536,1607,63920,0,262144,255744,True
optimizer.safetensors,adam.value_embeds.1.weight.m,21120,128,512,65536,1536,63987,0,262144,256012,True
optimizer.safetensors,adam.value_embeds.1.weight.m,21248,128,512,65536,512,65009,0,262144,260100,True
optimizer.safetensors,adam.value_embeds.1.weight.m,21376,128,512,65536,2032,63494,0,262144,254040,True
optimizer.safetensors,adam.value_embeds.1.weight.m,21504,128,512,65536,3072,62453,0,262144,249876,True
optimizer.safetensors,adam.value_embeds.1.weight.m,21632,128,512,65536,1025,64500,0,262144,258064,True
optimizer.safetensors,adam.value_embeds.1.weight.m,21760,128,512,65536,2560,62963,0,262144,251916,True
optimizer.safetensors,adam.value_embeds.1.weight.m,21888,128,512,65536,1562,63962,0,262144,255912,True
optimizer.safetensors,adam.value_embeds.1.weight.m,22016,128,512,65536,1536,63988,0,262144,256016,True
optimizer.safetensors,adam.value_embeds.1.weight.m,22144,128,512,65536,1098,64425,0,262144,257764,True
optimizer.safetensors,adam.value_embeds.1.weight.m,22272,128,512,65536,0,65524,0,262144,262160,True
optimizer.safetensors,adam.value_embeds.1.weight.m,22400,128,512,65536,3096,62431,0,262144,249788,True
optimizer.safetensors,adam.value_embeds.1.weight.m,22528,128,512,65536,2083,63439,0,262144,253820,True
optimizer.safetensors,adam.value_embeds.1.weight.m,22656,128,512,65536,1536,63988,0,262144,256016,True
optimizer.safetensors,adam.value_embeds.1.weight.m,22784,128,512,65536,3072,62459,0,262144,249900,True
optimizer.safetensors,adam.value_embeds.1.weight.m,22912,128,512,65536,1536,63986,0,262144,256008,True
optimizer.safetensors,adam.value_embeds.1.weight.m,23040,128,512,65536,1536,63985,0,262144,256004,True
optimizer.safetensors,adam.value_embeds.1.weight.m,23168,128,512,65536,2055,63464,0,262144,253920,True
optimizer.safetensors,adam.value_embeds.1.weight.m,23296,128,512,65536,3072,62452,0,262144,249872,True
optimizer.safetensors,adam.value_embeds.1.weight.m,23424,128,512,65536,512,65012,0,262144,260112,True
optimizer.safetensors,adam.value_embeds.1.weight.m,23552,128,512,65536,2556,62964,0,262144,251920,True
optimizer.safetensors,adam.value_embeds.1.weight.m,23680,128,512,65536,2050,63472,0,262144,253952,True
optimizer.safetensors,adam.value_embeds.1.weight.m,23808,128,512,65536,2048,63476,0,262144,253968,True
optimizer.safetensors,adam.value_embeds.1.weight.m,23936,128,512,65536,1542,63984,0,262144,256000,True
optimizer.safetensors,adam.value_embeds.1.weight.m,24064,128,512,65536,512,65012,0,262144,260112,True
optimizer.safetensors,adam.value_embeds.1.weight.m,24192,128,512,65536,512,65014,0,262144,260120,True
optimizer.safetensors,adam.value_embeds.1.weight.m,24320,128,512,65536,1036,64492,0,262144,258032,True
optimizer.safetensors,adam.value_embeds.1.weight.m,24448,128,512,65536,2560,62964,0,262144,251920,True
optimizer.safetensors,adam.value_embeds.1.weight.m,24576,128,512,65536,1856,63671,0,262144,254748,True
optimizer.safetensors,adam.value_embeds.1.weight.m,24704,128,512,65536,2048,63470,0,262144,253944,True
optimizer.safetensors,adam.value_embeds.1.weight.m,24832,128,512,65536,3072,62453,0,262144,249876,True
optimizer.safetensors,adam.value_embeds.1.weight.m,24960,128,512,65536,4608,60922,0,262144,243752,False
optimizer.safetensors,adam.value_embeds.1.weight.m,25088,128,512,65536,1537,63993,0,262144,256036,True
optimizer.safetensors,adam.value_embeds.1.weight.m,25216,128,512,65536,1536,63990,0,262144,256024,True
optimizer.safetensors,adam.value_embeds.1.weight.m,25344,128,512,65536,2394,63138,0,262144,252616,True
optimizer.safetensors,adam.value_embeds.1.weight.m,25472,128,512,65536,1313,64212,0,262144,256912,True
optimizer.safetensors,adam.value_embeds.1.weight.m,25600,128,512,65536,1024,64499,0,262144,258060,True
optimizer.safetensors,adam.value_embeds.1.weight.m,25728,128,512,65536,1536,63987,0,262144,256012,True
optimizer.safetensors,adam.value_embeds.1.weight.m,25856,128,512,65536,173,65352,0,262144,261472,True
optimizer.safetensors,adam.value_embeds.1.weight.m,25984,128,512,65536,1175,64346,0,262144,257448,True
optimizer.safetensors,adam.value_embeds.1.weight.m,26112,128,512,65536,2806,62719,0,262144,250940,True
optimizer.safetensors,adam.value_embeds.1.weight.m,26240,128,512,65536,1536,63992,0,262144,256032,True
optimizer.safetensors,adam.value_embeds.1.weight.m,26368,128,512,65536,1797,63726,0,262144,254968,True
optimizer.safetensors,adam.value_embeds.1.weight.m,26496,128,512,65536,3543,61980,0,262144,247984,False
optimizer.safetensors,adam.value_embeds.1.weight.m,26624,128,512,65536,2561,62964,0,262144,251920,True
optimizer.safetensors,adam.value_embeds.1.weight.m,26752,128,512,65536,512,65019,0,262144,260140,True
optimizer.safetensors,adam.value_embeds.1.weight.m,26880,128,512,65536,1732,63794,0,262144,255240,True
optimizer.safetensors,adam.value_embeds.1.weight.m,27008,128,512,65536,1024,64499,0,262144,258060,True
optimizer.safetensors,adam.value_embeds.1.weight.m,27136,128,512,65536,513,65010,0,262144,260104,True
optimizer.safetensors,adam.value_embeds.1.weight.m,27264,128,512,65536,3069,62454,0,262144,249880,True
optimizer.safetensors,adam.value_embeds.1.weight.m,27392,128,512,65536,3690,61837,0,262144,247412,False
optimizer.safetensors,adam.value_embeds.1.weight.m,27520,128,512,65536,4609,60924,0,262144,243760,False
optimizer.safetensors,adam.value_embeds.1.weight.m,27648,128,512,65536,2048,63478,0,262144,253976,True
optimizer.safetensors,adam.value_embeds.1.weight.m,27776,128,512,65536,1584,63942,0,262144,255832,True
optimizer.safetensors,adam.value_embeds.1.weight.m,27904,128,512,65536,2217,63309,0,262144,253300,True
optimizer.safetensors,adam.value_embeds.1.weight.m,28032,128,512,65536,2554,62972,0,262144,251952,True
optimizer.safetensors,adam.value_embeds.1.weight.m,28160,128,512,65536,1536,63988,0,262144,256016,True
optimizer.safetensors,adam.value_embeds.1.weight.m,28288,128,512,65536,2051,63476,0,262144,253968,True
optimizer.safetensors,adam.value_embeds.1.weight.m,28416,128,512,65536,3317,62214,0,262144,248920,False
optimizer.safetensors,adam.value_embeds.1.weight.m,28544,128,512,65536,3072,62457,0,262144,249892,True
optimizer.safetensors,adam.value_embeds.1.weight.m,28672,128,512,65536,1234,64296,0,262144,257248,True
optimizer.safetensors,adam.value_embeds.1.weight.m,28800,128,512,65536,4096,61433,0,262144,245796,False
optimizer.safetensors,adam.value_embeds.1.weight.m,28928,128,512,65536,516,65006,0,262144,260088,True
optimizer.safetensors,adam.value_embeds.1.weight.m,29056,128,512,65536,3072,62456,0,262144,249888,True
optimizer.safetensors,adam.value_embeds.1.weight.m,29184,128,512,65536,1844,63685,0,262144,254804,True
optimizer.safetensors,adam.value_embeds.1.weight.m,29312,128,512,65536,3593,61932,0,262144,247792,False
optimizer.safetensors,adam.value_embeds.1.weight.m,29440,128,512,65536,2561,62966,0,262144,251928,True
optimizer.safetensors,adam.value_embeds.1.weight.m,29568,128,512,65536,1500,64024,0,262144,256160,True
optimizer.safetensors,adam.value_embeds.1.weight.m,29696,128,512,65536,2560,62966,0,262144,251928,True
optimizer.safetensors,adam.value_embeds.1.weight.m,29824,128,512,65536,2054,63474,0,262144,253960,True
optimizer.safetensors,adam.value_embeds.1.weight.m,29952,128,512,65536,1540,63986,0,262144,256008,True
optimizer.safetensors,adam.value_embeds.1.weight.m,30080,128,512,65536,2048,63479,0,262144,253980,True
optimizer.safetensors,adam.value_embeds.1.weight.m,30208,128,512,65536,3585,61940,0,262144,247824,False
optimizer.safetensors,adam.value_embeds.1.weight.m,30336,128,512,65536,3072,62454,0,262144,249880,True
optimizer.safetensors,adam.value_embeds.1.weight.m,30464,128,512,65536,3403,62122,0,262144,248552,False
optimizer.safetensors,adam.value_embeds.1.weight.m,30592,128,512,65536,5120,60413,0,262144,241716,False
optimizer.safetensors,adam.value_embeds.1.weight.m,30720,128,512,65536,2048,63476,0,262144,253968,True
optimizer.safetensors,adam.value_embeds.1.weight.m,30848,128,512,65536,2050,63475,0,262144,253964,True
optimizer.safetensors,adam.value_embeds.1.weight.m,30976,128,512,65536,4603,60927,0,262144,243772,False
optimizer.safetensors,adam.value_embeds.1.weight.m,31104,128,512,65536,2086,63439,0,262144,253820,True
optimizer.safetensors,adam.value_embeds.1.weight.m,31232,128,512,65536,1883,63649,0,262144,254660,True
optimizer.safetensors,adam.value_embeds.1.weight.m,31360,128,512,65536,1122,64400,0,262144,257664,True
optimizer.safetensors,adam.value_embeds.1.weight.m,31488,128,512,65536,1558,63967,0,262144,255932,True
optimizer.safetensors,adam.value_embeds.1.weight.m,31616,128,512,65536,2492,63033,0,262144,252196,True
optimizer.safetensors,adam.value_embeds.1.weight.m,31744,128,512,65536,2552,62975,0,262144,251964,True
optimizer.safetensors,adam.value_embeds.1.weight.m,31872,128,512,65536,1532,63995,0,262144,256044,True
optimizer.safetensors,adam.value_embeds.1.weight.m,32000,128,512,65536,22,65501,0,262144,262068,True
optimizer.safetensors,adam.value_embeds.1.weight.m,32128,128,512,65536,1537,63989,0,262144,256020,True
optimizer.safetensors,adam.value_embeds.1.weight.m,32256,128,512,65536,1376,64151,0,262144,256668,True
optimizer.safetensors,adam.value_embeds.1.weight.m,32384,128,512,65536,1024,64499,0,262144,258060,True
optimizer.safetensors,adam.value_embeds.1.weight.m,32512,128,512,65536,2049,63479,0,262144,253980,True
optimizer.safetensors,adam.value_embeds.1.weight.m,32640,128,512,65536,7851,57675,0,262144,230764,False
optimizer.safetensors,adam.value_embeds.1.weight.v,0,128,512,65536,16896,48631,0,262144,194588,False
optimizer.safetensors,adam.value_embeds.1.weight.v,128,128,512,65536,12835,52676,0,262144,210768,False
optimizer.safetensors,adam.value_embeds.1.weight.v,256,128,512,65536,0,65519,0,262144,262140,True
optimizer.safetensors,adam.value_embeds.1.weight.v,384,128,512,65536,0,65509,0,262144,262100,True
optimizer.safetensors,adam.value_embeds.1.weight.v,512,128,512,65536,0,65520,0,262144,262144,True
optimizer.safetensors,adam.value_embeds.1.weight.v,640,128,512,65536,520,65005,0,262144,260084,True
optimizer.safetensors,adam.value_embeds.1.weight.v,768,128,512,65536,512,65008,0,262144,260096,True
optimizer.safetensors,adam.value_embeds.1.weight.v,896,128,512,65536,512,65009,0,262144,260100,True
optimizer.safetensors,adam.value_embeds.1.weight.v,1024,128,512,65536,0,65520,0,262144,262144,True
optimizer.safetensors,adam.value_embeds.1.weight.v,1152,128,512,65536,0,65516,0,262144,262128,True
optimizer.safetensors,adam.value_embeds.1.weight.v,1280,128,512,65536,0,65520,0,262144,262144,True
optimizer.safetensors,adam.value_embeds.1.weight.v,1408,128,512,65536,1024,64489,0,262144,258020,True
optimizer.safetensors,adam.value_embeds.1.weight.v,1536,128,512,65536,0,65521,0,262144,262148,True
optimizer.safetensors,adam.value_embeds.1.weight.v,1664,128,512,65536,512,65002,0,262144,260072,True
optimizer.safetensors,adam.value_embeds.1.weight.v,1792,128,512,65536,699,64816,0,262144,259328,True
optimizer.safetensors,adam.value_embeds.1.weight.v,1920,128,512,65536,1030,64488,0,262144,258016,True
optimizer.safetensors,adam.value_embeds.1.weight.v,2048,128,512,65536,131,65387,0,262144,261612,True
optimizer.safetensors,adam.value_embeds.1.weight.v,2176,128,512,65536,76,65444,0,262144,261840,True
optimizer.safetensors,adam.value_embeds.1.weight.v,2304,128,512,65536,1024,64496,0,262144,258048,True
optimizer.safetensors,adam.value_embeds.1.weight.v,2432,128,512,65536,0,65522,0,262144,262152,True
optimizer.safetensors,adam.value_embeds.1.weight.v,2560,128,512,65536,1536,63975,0,262144,255964,True
optimizer.safetensors,adam.value_embeds.1.weight.v,2688,128,512,65536,512,65006,0,262144,260088,True
optimizer.safetensors,adam.value_embeds.1.weight.v,2816,128,512,65536,1537,63977,0,262144,255972,True
optimizer.safetensors,adam.value_embeds.1.weight.v,2944,128,512,65536,1568,63951,0,262144,255868,True
optimizer.safetensors,adam.value_embeds.1.weight.v,3072,128,512,65536,0,65518,0,262144,262136,True
optimizer.safetensors,adam.value_embeds.1.weight.v,3200,128,512,65536,512,64997,0,262144,260052,True
optimizer.safetensors,adam.value_embeds.1.weight.v,3328,128,512,65536,1024,64495,0,262144,258044,True
optimizer.safetensors,adam.value_embeds.1.weight.v,3456,128,512,65536,512,65001,0,262144,260068,True
optimizer.safetensors,adam.value_embeds.1.weight.v,3584,128,512,65536,0,65517,0,262144,262132,True
optimizer.safetensors,adam.value_embeds.1.weight.v,3712,128,512,65536,1180,64341,0,262144,257428,True
optimizer.safetensors,adam.value_embeds.1.weight.v,3840,128,512,65536,512,65009,0,262144,260100,True
optimizer.safetensors,adam.value_embeds.1.weight.v,3968,128,512,65536,0,65503,0,262144,262076,True
optimizer.safetensors,adam.value_embeds.1.weight.v,4096,128,512,65536,0,65517,0,262144,262132,True
optimizer.safetensors,adam.value_embeds.1.weight.v,4224,128,512,65536,0,65515,0,262144,262124,True
optimizer.safetensors,adam.value_embeds.1.weight.v,4352,128,512,65536,512,65002,0,262144,260072,True
optimizer.safetensors,adam.value_embeds.1.weight.v,4480,128,512,65536,522,65001,0,262144,260068,True
optimizer.safetensors,adam.value_embeds.1.weight.v,4608,128,512,65536,512,65003,0,262144,260076,True
optimizer.safetensors,adam.value_embeds.1.weight.v,4736,128,512,65536,1024,64493,0,262144,258036,True
optimizer.safetensors,adam.value_embeds.1.weight.v,4864,128,512,65536,512,64996,0,262144,260048,True
optimizer.safetensors,adam.value_embeds.1.weight.v,4992,128,512,65536,1536,63978,0,262144,255976,True
optimizer.safetensors,adam.value_embeds.1.weight.v,5120,128,512,65536,512,64995,0,262144,260044,True
optimizer.safetensors,adam.value_embeds.1.weight.v,5248,128,512,65536,1537,63980,0,262144,255984,True
optimizer.safetensors,adam.value_embeds.1.weight.v,5376,128,512,65536,1024,64492,0,262144,258032,True
optimizer.safetensors,adam.value_embeds.1.weight.v,5504,128,512,65536,2048,63470,0,262144,253944,True
optimizer.safetensors,adam.value_embeds.1.weight.v,5632,128,512,65536,527,64988,0,262144,260016,True
optimizer.safetensors,adam.value_embeds.1.weight.v,5760,128,512,65536,2048,63471,0,262144,253948,True
optimizer.safetensors,adam.value_embeds.1.weight.v,5888,128,512,65536,0,65511,0,262144,262108,True
optimizer.safetensors,adam.value_embeds.1.weight.v,6016,128,512,65536,0,65510,0,262144,262104,True
optimizer.safetensors,adam.value_embeds.1.weight.v,6144,128,512,65536,868,64651,0,262144,258668,True
optimizer.safetensors,adam.value_embeds.1.weight.v,6272,128,512,65536,512,65001,0,262144,260068,True
optimizer.safetensors,adam.value_embeds.1.weight.v,6400,128,512,65536,1024,64482,0,262144,257992,True
optimizer.safetensors,adam.value_embeds.1.weight.v,6528,128,512,65536,1024,64483,0,262144,257996,True
optimizer.safetensors,adam.value_embeds.1.weight.v,6656,128,512,65536,1024,64478,0,262144,257976,True
optimizer.safetensors,adam.value_embeds.1.weight.v,6784,128,512,65536,1459,64059,0,262144,256300,True
optimizer.safetensors,adam.value_embeds.1.weight.v,6912,128,512,65536,1024,64482,0,262144,257992,True
optimizer.safetensors,adam.value_embeds.1.weight.v,7040,128,512,65536,0,65508,0,262144,262096,True
optimizer.safetensors,adam.value_embeds.1.weight.v,7168,128,512,65536,1024,64480,0,262144,257984,True
optimizer.safetensors,adam.value_embeds.1.weight.v,7296,128,512,65536,516,65001,0,262144,260068,True
optimizer.safetensors,adam.value_embeds.1.weight.v,7424,128,512,65536,1028,64490,0,262144,258024,True
optimizer.safetensors,adam.value_embeds.1.weight.v,7552,128,512,65536,512,64996,0,262144,260048,True
optimizer.safetensors,adam.value_embeds.1.weight.v,7680,128,512,65536,938,64570,0,262144,258344,True
optimizer.safetensors,adam.value_embeds.1.weight.v,7808,128,512,65536,833,64678,0,262144,258776,True
optimizer.safetensors,adam.value_embeds.1.weight.v,7936,128,512,65536,512,65005,0,262144,260084,True
optimizer.safetensors,adam.value_embeds.1.weight.v,8064,128,512,65536,512,64986,0,262144,260008,True
optimizer.safetensors,adam.value_embeds.1.weight.v,8192,128,512,65536,1026,64484,0,262144,258000,True
optimizer.safetensors,adam.value_embeds.1.weight.v,8320,128,512,65536,20,65491,0,262144,262028,True
optimizer.safetensors,adam.value_embeds.1.weight.v,8448,128,512,65536,1269,64233,0,262144,256996,True
optimizer.safetensors,adam.value_embeds.1.weight.v,8576,128,512,65536,1585,63926,0,262144,255768,True
optimizer.safetensors,adam.value_embeds.1.weight.v,8704,128,512,65536,512,64997,0,262144,260052,True
optimizer.safetensors,adam.value_embeds.1.weight.v,8832,128,512,65536,1081,64432,0,262144,257792,True
optimizer.safetensors,adam.value_embeds.1.weight.v,8960,128,512,65536,1024,64490,0,262144,258024,True
optimizer.safetensors,adam.value_embeds.1.weight.v,9088,128,512,65536,666,64846,0,262144,259448,True
optimizer.safetensors,adam.value_embeds.1.weight.v,9216,128,512,65536,785,64731,0,262144,258988,True
optimizer.safetensors,adam.value_embeds.1.weight.v,9344,128,512,65536,515,64988,0,262144,260016,True
optimizer.safetensors,adam.value_embeds.1.weight.v,9472,128,512,65536,1024,64490,0,262144,258024,True
optimizer.safetensors,adam.value_embeds.1.weight.v,9600,128,512,65536,0,65498,0,262144,262056,True
optimizer.safetensors,adam.value_embeds.1.weight.v,9728,128,512,65536,512,64985,0,262144,260004,True
optimizer.safetensors,adam.value_embeds.1.weight.v,9856,128,512,65536,512,64987,0,262144,260012,True
optimizer.safetensors,adam.value_embeds.1.weight.v,9984,128,512,65536,772,64741,0,262144,259028,True
optimizer.safetensors,adam.value_embeds.1.weight.v,10112,128,512,65536,664,64843,0,262144,259436,True
optimizer.safetensors,adam.value_embeds.1.weight.v,10240,128,512,65536,512,65002,0,262144,260072,True
optimizer.safetensors,adam.value_embeds.1.weight.v,10368,128,512,65536,512,65000,0,262144,260064,True
optimizer.safetensors,adam.value_embeds.1.weight.v,10496,128,512,65536,0,65503,0,262144,262076,True
optimizer.safetensors,adam.value_embeds.1.weight.v,10624,128,512,65536,516,64992,0,262144,260032,True
optimizer.safetensors,adam.value_embeds.1.weight.v,10752,128,512,65536,0,65507,0,262144,262092,True
optimizer.safetensors,adam.value_embeds.1.weight.v,10880,128,512,65536,0,65511,0,262144,262108,True
optimizer.safetensors,adam.value_embeds.1.weight.v,11008,128,512,65536,512,64996,0,262144,260048,True
optimizer.safetensors,adam.value_embeds.1.weight.v,11136,128,512,65536,288,65223,0,262144,260956,True
optimizer.safetensors,adam.value_embeds.1.weight.v,11264,128,512,65536,0,65510,0,262144,262104,True
optimizer.safetensors,adam.value_embeds.1.weight.v,11392,128,512,65536,978,64529,0,262144,258180,True
optimizer.safetensors,adam.value_embeds.1.weight.v,11520,128,512,65536,512,64992,0,262144,260032,True
optimizer.safetensors,adam.value_embeds.1.weight.v,11648,128,512,65536,1024,64487,0,262144,258012,True
optimizer.safetensors,adam.value_embeds.1.weight.v,11776,128,512,65536,512,64997,0,262144,260052,True
optimizer.safetensors,adam.value_embeds.1.weight.v,11904,128,512,65536,512,64996,0,262144,260048,True
optimizer.safetensors,adam.value_embeds.1.weight.v,12032,128,512,65536,0,65509,0,262144,262100,True
optimizer.safetensors,adam.value_embeds.1.weight.v,12160,128,512,65536,512,64993,0,262144,260036,True
optimizer.safetensors,adam.value_embeds.1.weight.v,12288,128,512,65536,853,64654,0,262144,258680,True
optimizer.safetensors,adam.value_embeds.1.weight.v,12416,128,512,65536,513,64986,0,262144,260008,True
optimizer.safetensors,adam.value_embeds.1.weight.v,12544,128,512,65536,0,65504,0,262144,262080,True
optimizer.safetensors,adam.value_embeds.1.weight.v,12672,128,512,65536,512,64984,0,262144,260000,True
optimizer.safetensors,adam.value_embeds.1.weight.v,12800,128,512,65536,825,64688,0,262144,258816,True
optimizer.safetensors,adam.value_embeds.1.weight.v,12928,128,512,65536,1024,64484,0,262144,258000,True
optimizer.safetensors,adam.value_embeds.1.weight.v,13056,128,512,65536,0,65516,0,262144,262128,True
optimizer.safetensors,adam.value_embeds.1.weight.v,13184,128,512,65536,514,64992,0,262144,260032,True
optimizer.safetensors,adam.value_embeds.1.weight.v,13312,128,512,65536,513,64992,0,262144,260032,True
optimizer.safetensors,adam.value_embeds.1.weight.v,13440,128,512,65536,1168,64336,0,262144,257408,True
optimizer.safetensors,adam.value_embeds.1.weight.v,13568,128,512,65536,512,64992,0,262144,260032,True
optimizer.safetensors,adam.value_embeds.1.weight.v,13696,128,512,65536,1024,64477,0,262144,257972,True
optimizer.safetensors,adam.value_embeds.1.weight.v,13824,128,512,65536,512,64986,0,262144,260008,True
optimizer.safetensors,adam.value_embeds.1.weight.v,13952,128,512,65536,512,64998,0,262144,260056,True
optimizer.safetensors,adam.value_embeds.1.weight.v,14080,128,512,65536,469,65031,0,262144,260188,True
optimizer.safetensors,adam.value_embeds.1.weight.v,14208,128,512,65536,1536,63970,0,262144,255944,True
optimizer.safetensors,adam.value_embeds.1.weight.v,14336,128,512,65536,512,64990,0,262144,260024,True
optimizer.safetensors,adam.value_embeds.1.weight.v,14464,128,512,65536,0,65509,0,262144,262100,True
optimizer.safetensors,adam.value_embeds.1.weight.v,14592,128,512,65536,0,65511,0,262144,262108,True
optimizer.safetensors,adam.value_embeds.1.weight.v,14720,128,512,65536,512,64990,0,262144,260024,True
optimizer.safetensors,adam.value_embeds.1.weight.v,14848,128,512,65536,0,65507,0,262144,262092,True
optimizer.safetensors,adam.value_embeds.1.weight.v,14976,128,512,65536,1024,64485,0,262144,258004,True
optimizer.safetensors,adam.value_embeds.1.weight.v,15104,128,512,65536,0,65504,0,262144,262080,True
optimizer.safetensors,adam.value_embeds.1.weight.v,15232,128,512,65536,512,64993,0,262144,260036,True
optimizer.safetensors,adam.value_embeds.1.weight.v,15360,128,512,65536,512,64991,0,262144,260028,True
optimizer.safetensors,adam.value_embeds.1.weight.v,15488,128,512,65536,1024,64491,0,262144,258028,True
optimizer.safetensors,adam.value_embeds.1.weight.v,15616,128,512,65536,1,65508,0,262144,262096,True
optimizer.safetensors,adam.value_embeds.1.weight.v,15744,128,512,65536,0,65515,0,262144,262124,True
optimizer.safetensors,adam.value_embeds.1.weight.v,15872,128,512,65536,0,65508,0,262144,262096,True
optimizer.safetensors,adam.value_embeds.1.weight.v,16000,128,512,65536,1024,64476,0,262144,257968,True
optimizer.safetensors,adam.value_embeds.1.weight.v,16128,128,512,65536,1024,64479,0,262144,257980,True
optimizer.safetensors,adam.value_embeds.1.weight.v,16256,128,512,65536,1536,63972,0,262144,255952,True
optimizer.safetensors,adam.value_embeds.1.weight.v,16384,128,512,65536,1024,64481,0,262144,257988,True
optimizer.safetensors,adam.value_embeds.1.weight.v,16512,128,512,65536,0,65504,0,262144,262080,True
optimizer.safetensors,adam.value_embeds.1.weight.v,16640,128,512,65536,512,64988,0,262144,260016,True
optimizer.safetensors,adam.value_embeds.1.weight.v,16768,128,512,65536,1026,64485,0,262144,258004,True
optimizer.safetensors,adam.value_embeds.1.weight.v,16896,128,512,65536,512,64993,0,262144,260036,True
optimizer.safetensors,adam.value_embeds.1.weight.v,17024,128,512,65536,1024,64476,0,262144,257968,True
optimizer.safetensors,adam.value_embeds.1.weight.v,17152,128,512,65536,0,65502,0,262144,262072,True
optimizer.safetensors,adam.value_embeds.1.weight.v,17280,128,512,65536,512,64994,0,262144,260040,True
optimizer.safetensors,adam.value_embeds.1.weight.v,17408,128,512,65536,650,64861,0,262144,259508,True
optimizer.safetensors,adam.value_embeds.1.weight.v,17536,128,512,65536,0,65505,0,262144,262084,True
optimizer.safetensors,adam.value_embeds.1.weight.v,17664,128,512,65536,0,65498,0,262144,262056,True
optimizer.safetensors,adam.value_embeds.1.weight.v,17792,128,512,65536,512,64989,0,262144,260020,True
optimizer.safetensors,adam.value_embeds.1.weight.v,17920,128,512,65536,548,64956,0,262144,259888,True
optimizer.safetensors,adam.value_embeds.1.weight.v,18048,128,512,65536,514,64996,0,262144,260048,True
optimizer.safetensors,adam.value_embeds.1.weight.v,18176,128,512,65536,0,65506,0,262144,262088,True
optimizer.safetensors,adam.value_embeds.1.weight.v,18304,128,512,65536,0,65507,0,262144,262092,True
optimizer.safetensors,adam.value_embeds.1.weight.v,18432,128,512,65536,0,65504,0,262144,262080,True
optimizer.safetensors,adam.value_embeds.1.weight.v,18560,128,512,65536,760,64739,0,262144,259020,True
optimizer.safetensors,adam.value_embeds.1.weight.v,18688,128,512,65536,512,64993,0,262144,260036,True
optimizer.safetensors,adam.value_embeds.1.weight.v,18816,128,512,65536,512,64990,0,262144,260024,True
optimizer.safetensors,adam.value_embeds.1.weight.v,18944,128,512,65536,512,64985,0,262144,260004,True
optimizer.safetensors,adam.value_embeds.1.weight.v,19072,128,512,65536,419,65085,0,262144,260404,True
optimizer.safetensors,adam.value_embeds.1.weight.v,19200,128,512,65536,512,64995,0,262144,260044,True
optimizer.safetensors,adam.value_embeds.1.weight.v,19328,128,512,65536,512,64981,0,262144,259988,True
optimizer.safetensors,adam.value_embeds.1.weight.v,19456,128,512,65536,513,64989,0,262144,260020,True
optimizer.safetensors,adam.value_embeds.1.weight.v,19584,128,512,65536,1024,64485,0,262144,258004,True
optimizer.safetensors,adam.value_embeds.1.weight.v,19712,128,512,65536,512,64994,0,262144,260040,True
optimizer.safetensors,adam.value_embeds.1.weight.v,19840,128,512,65536,512,65003,0,262144,260076,True
optimizer.safetensors,adam.value_embeds.1.weight.v,19968,128,512,65536,0,65505,0,262144,262084,True
optimizer.safetensors,adam.value_embeds.1.weight.v,20096,128,512,65536,497,65015,0,262144,260124,True
optimizer.safetensors,adam.value_embeds.1.weight.v,20224,128,512,65536,1024,64488,0,262144,258016,True
optimizer.safetensors,adam.value_embeds.1.weight.v,20352,128,512,65536,512,64980,0,262144,259984,True
optimizer.safetensors,adam.value_embeds.1.weight.v,20480,128,512,65536,0,65510,0,262144,262104,True
optimizer.safetensors,adam.value_embeds.1.weight.v,20608,128,512,65536,0,65498,0,262144,262056,True
optimizer.safetensors,adam.value_embeds.1.weight.v,20736,128,512,65536,1024,64482,0,262144,257992,True
optimizer.safetensors,adam.value_embeds.1.weight.v,20864,128,512,65536,0,65506,0,262144,262088,True
optimizer.safetensors,adam.value_embeds.1.weight.v,20992,128,512,65536,512,64987,0,262144,260012,True
optimizer.safetensors,adam.value_embeds.1.weight.v,21120,128,512,65536,512,64982,0,262144,259992,True
optimizer.safetensors,adam.value_embeds.1.weight.v,21248,128,512,65536,0,65503,0,262144,262076,True
optimizer.safetensors,adam.value_embeds.1.weight.v,21376,128,512,65536,0,65511,0,262144,262108,True
optimizer.safetensors,adam.value_embeds.1.weight.v,21504,128,512,65536,594,64907,0,262144,259692,True
optimizer.safetensors,adam.value_embeds.1.weight.v,21632,128,512,65536,0,65502,0,262144,262072,True
optimizer.safetensors,adam.value_embeds.1.weight.v,21760,128,512,65536,512,64990,0,262144,260024,True
optimizer.safetensors,adam.value_embeds.1.weight.v,21888,128,512,65536,0,65503,0,262144,262076,True
optimizer.safetensors,adam.value_embeds.1.weight.v,22016,128,512,65536,512,64994,0,262144,260040,True
optimizer.safetensors,adam.value_embeds.1.weight.v,22144,128,512,65536,3,65489,0,262144,262020,True
optimizer.safetensors,adam.value_embeds.1.weight.v,22272,128,512,65536,0,65503,0,262144,262076,True
optimizer.safetensors,adam.value_embeds.1.weight.v,22400,128,512,65536,1085,64421,0,262144,257748,True
optimizer.safetensors,adam.value_embeds.1.weight.v,22528,128,512,65536,512,64989,0,262144,260020,True
optimizer.safetensors,adam.value_embeds.1.weight.v,22656,128,512,65536,512,64989,0,262144,260020,True
optimizer.safetensors,adam.value_embeds.1.weight.v,22784,128,512,65536,364,65137,0,262144,260612,True
optimizer.safetensors,adam.value_embeds.1.weight.v,22912,128,512,65536,513,64978,0,262144,259976,True
optimizer.safetensors,adam.value_embeds.1.weight.v,23040,128,512,65536,512,64993,0,262144,260036,True
optimizer.safetensors,adam.value_embeds.1.weight.v,23168,128,512,65536,0,65511,0,262144,262108,True
optimizer.safetensors,adam.value_embeds.1.weight.v,23296,128,512,65536,512,64995,0,262144,260044,True
optimizer.safetensors,adam.value_embeds.1.weight.v,23424,128,512,65536,0,65503,0,262144,262076,True
optimizer.safetensors,adam.value_embeds.1.weight.v,23552,128,512,65536,1009,64483,0,262144,257996,True
optimizer.safetensors,adam.value_embeds.1.weight.v,23680,128,512,65536,244,65260,0,262144,261104,True
optimizer.safetensors,adam.value_embeds.1.weight.v,23808,128,512,65536,260,65249,0,262144,261060,True
optimizer.safetensors,adam.value_embeds.1.weight.v,23936,128,512,65536,1,65499,0,262144,262060,True
optimizer.safetensors,adam.value_embeds.1.weight.v,24064,128,512,65536,0,65496,0,262144,262048,True
optimizer.safetensors,adam.value_embeds.1.weight.v,24192,128,512,65536,133,65366,0,262144,261528,True
optimizer.safetensors,adam.value_embeds.1.weight.v,24320,128,512,65536,0,65500,0,262144,262064,True
optimizer.safetensors,adam.value_embeds.1.weight.v,24448,128,512,65536,1032,64482,0,262144,257992,True
optimizer.safetensors,adam.value_embeds.1.weight.v,24576,128,512,65536,489,65017,0,262144,260132,True
optimizer.safetensors,adam.value_embeds.1.weight.v,24704,128,512,65536,1030,64472,0,262144,257952,True
optimizer.safetensors,adam.value_embeds.1.weight.v,24832,128,512,65536,142,65354,0,262144,261480,True
optimizer.safetensors,adam.value_embeds.1.weight.v,24960,128,512,65536,1276,64238,0,262144,257016,True
optimizer.safetensors,adam.value_embeds.1.weight.v,25088,128,512,65536,512,64994,0,262144,260040,True
optimizer.safetensors,adam.value_embeds.1.weight.v,25216,128,512,65536,0,65501,0,262144,262068,True
optimizer.safetensors,adam.value_embeds.1.weight.v,25344,128,512,65536,512,64990,0,262144,260024,True
optimizer.safetensors,adam.value_embeds.1.weight.v,25472,128,512,65536,0,65503,0,262144,262076,True
optimizer.safetensors,adam.value_embeds.1.weight.v,25600,128,512,65536,0,65494,0,262144,262040,True
optimizer.safetensors,adam.value_embeds.1.weight.v,25728,128,512,65536,1024,64475,0,262144,257964,True
optimizer.safetensors,adam.value_embeds.1.weight.v,25856,128,512,65536,0,65506,0,262144,262088,True
optimizer.safetensors,adam.value_embeds.1.weight.v,25984,128,512,65536,0,65510,0,262144,262104,True
optimizer.safetensors,adam.value_embeds.1.weight.v,26112,128,512,65536,468,65032,0,262144,260192,True
optimizer.safetensors,adam.value_embeds.1.weight.v,26240,128,512,65536,512,64990,0,262144,260024,True
optimizer.safetensors,adam.value_embeds.1.weight.v,26368,128,512,65536,512,64984,0,262144,260000,True
optimizer.safetensors,adam.value_embeds.1.weight.v,26496,128,512,65536,630,64877,0,262144,259572,True
optimizer.safetensors,adam.value_embeds.1.weight.v,26624,128,512,65536,1536,63964,0,262144,255920,True
optimizer.safetensors,adam.value_embeds.1.weight.v,26752,128,512,65536,0,65503,0,262144,262076,True
optimizer.safetensors,adam.value_embeds.1.weight.v,26880,128,512,65536,0,65493,0,262144,262036,True
optimizer.safetensors,adam.value_embeds.1.weight.v,27008,128,512,65536,0,65504,0,262144,262080,True
optimizer.safetensors,adam.value_embeds.1.weight.v,27136,128,512,65536,0,65505,0,262144,262084,True
optimizer.safetensors,adam.value_embeds.1.weight.v,27264,128,512,65536,514,64990,0,262144,260024,True
optimizer.safetensors,adam.value_embeds.1.weight.v,27392,128,512,65536,755,64747,0,262144,259052,True
optimizer.safetensors,adam.value_embeds.1.weight.v,27520,128,512,65536,704,64794,0,262144,259240,True
optimizer.safetensors,adam.value_embeds.1.weight.v,27648,128,512,65536,844,64657,0,262144,258692,True
optimizer.safetensors,adam.value_embeds.1.weight.v,27776,128,512,65536,512,64984,0,262144,260000,True
optimizer.safetensors,adam.value_embeds.1.weight.v,27904,128,512,65536,269,65234,0,262144,261000,True
optimizer.safetensors,adam.value_embeds.1.weight.v,28032,128,512,65536,1024,64482,0,262144,257992,True
optimizer.safetensors,adam.value_embeds.1.weight.v,28160,128,512,65536,1031,64474,0,262144,257960,True
optimizer.safetensors,adam.value_embeds.1.weight.v,28288,128,512,65536,1024,64484,0,262144,258000,True
optimizer.safetensors,adam.value_embeds.1.weight.v,28416,128,512,65536,1024,64480,0,262144,257984,True
optimizer.safetensors,adam.value_embeds.1.weight.v,28544,128,512,65536,1063,64439,0,262144,257820,True
optimizer.safetensors,adam.value_embeds.1.weight.v,28672,128,512,65536,255,65233,0,262144,260996,True
optimizer.safetensors,adam.value_embeds.1.weight.v,28800,128,512,65536,1134,64361,0,262144,257508,True
optimizer.safetensors,adam.value_embeds.1.weight.v,28928,128,512,65536,512,64984,0,262144,260000,True
optimizer.safetensors,adam.value_embeds.1.weight.v,29056,128,512,65536,517,64985,0,262144,260004,True
optimizer.safetensors,adam.value_embeds.1.weight.v,29184,128,512,65536,396,65094,0,262144,260440,True
optimizer.safetensors,adam.value_embeds.1.weight.v,29312,128,512,65536,2055,63461,0,262144,253908,True
optimizer.safetensors,adam.value_embeds.1.weight.v,29440,128,512,65536,1032,64480,0,262144,257984,True
optimizer.safetensors,adam.value_embeds.1.weight.v,29568,128,512,65536,0,65500,0,262144,262064,True
optimizer.safetensors,adam.value_embeds.1.weight.v,29696,128,512,65536,0,65499,0,262144,262060,True
optimizer.safetensors,adam.value_embeds.1.weight.v,29824,128,512,65536,1024,64467,0,262144,257932,True
optimizer.safetensors,adam.value_embeds.1.weight.v,29952,128,512,65536,512,64993,0,262144,260036,True
optimizer.safetensors,adam.value_embeds.1.weight.v,30080,128,512,65536,801,64692,0,262144,258832,True
optimizer.safetensors,adam.value_embeds.1.weight.v,30208,128,512,65536,182,65325,0,262144,261364,True
optimizer.safetensors,adam.value_embeds.1.weight.v,30336,128,512,65536,512,64979,0,262144,259980,True
optimizer.safetensors,adam.value_embeds.1.weight.v,30464,128,512,65536,512,64982,0,262144,259992,True
optimizer.safetensors,adam.value_embeds.1.weight.v,30592,128,512,65536,1590,63909,0,262144,255700,True
optimizer.safetensors,adam.value_embeds.1.weight.v,30720,128,512,65536,0,65503,0,262144,262076,True
optimizer.safetensors,adam.value_embeds.1.weight.v,30848,128,512,65536,0,65497,0,262144,262052,True
optimizer.safetensors,adam.value_embeds.1.weight.v,30976,128,512,65536,0,65495,0,262144,262044,True
optimizer.safetensors,adam.value_embeds.1.weight.v,31104,128,512,65536,513,64976,0,262144,259968,True
optimizer.safetensors,adam.value_embeds.1.weight.v,31232,128,512,65536,512,64994,0,262144,260040,True
optimizer.safetensors,adam.value_embeds.1.weight.v,31360,128,512,65536,0,65485,0,262144,262004,True
optimizer.safetensors,adam.value_embeds.1.weight.v,31488,128,512,65536,666,64830,0,262144,259384,True
optimizer.safetensors,adam.value_embeds.1.weight.v,31616,128,512,65536,25,65477,0,262144,261972,True
optimizer.safetensors,adam.value_embeds.1.weight.v,31744,128,512,65536,357,65140,0,262144,260624,True
optimizer.safetensors,adam.value_embeds.1.weight.v,31872,128,512,65536,0,65490,0,262144,262024,True
optimizer.safetensors,adam.value_embeds.1.weight.v,32000,128,512,65536,0,65494,0,262144,262040,True
optimizer.safetensors,adam.value_embeds.1.weight.v,32128,128,512,65536,0,65494,0,262144,262040,True
optimizer.safetensors,adam.value_embeds.1.weight.v,32256,128,512,65536,0,65505,0,262144,262084,True
optimizer.safetensors,adam.value_embeds.1.weight.v,32384,128,512,65536,0,65489,0,262144,262020,True
optimizer.safetensors,adam.value_embeds.1.weight.v,32512,128,512,65536,0,65497,0,262144,262052,True
optimizer.safetensors,adam.value_embeds.1.weight.v,32640,128,512,65536,4608,60894,0,262144,243640,False
optimizer.safetensors,adam.value_embeds.3.weight.m,0,128,512,65536,16896,48637,0,262144,194612,False
optimizer.safetensors,adam.value_embeds.3.weight.m,128,128,512,65536,15872,49656,0,262144,198688,False
optimizer.safetensors,adam.value_embeds.3.weight.m,256,128,512,65536,0,65523,0,262144,262156,True
optimizer.safetensors,adam.value_embeds.3.weight.m,384,128,512,65536,0,65522,0,262144,262152,True
optimizer.safetensors,adam.value_embeds.3.weight.m,512,128,512,65536,0,65527,0,262144,262172,True
optimizer.safetensors,adam.value_embeds.3.weight.m,640,128,512,65536,1959,63571,0,262144,254348,True
optimizer.safetensors,adam.value_embeds.3.weight.m,768,128,512,65536,1024,64493,0,262144,258036,True
optimizer.safetensors,adam.value_embeds.3.weight.m,896,128,512,65536,512,65011,0,262144,260108,True
optimizer.safetensors,adam.value_embeds.3.weight.m,1024,128,512,65536,512,65017,0,262144,260132,True
optimizer.safetensors,adam.value_embeds.3.weight.m,1152,128,512,65536,0,65532,0,262144,262192,True
optimizer.safetensors,adam.value_embeds.3.weight.m,1280,128,512,65536,0,65531,0,262144,262188,True
optimizer.safetensors,adam.value_embeds.3.weight.m,1408,128,512,65536,2048,63481,0,262144,253988,True
optimizer.safetensors,adam.value_embeds.3.weight.m,1536,128,512,65536,512,65003,0,262144,260076,True
optimizer.safetensors,adam.value_embeds.3.weight.m,1664,128,512,65536,1025,64502,0,262144,258072,True
optimizer.safetensors,adam.value_embeds.3.weight.m,1792,128,512,65536,1536,63988,0,262144,256016,True
optimizer.safetensors,adam.value_embeds.3.weight.m,1920,128,512,65536,1536,63989,0,262144,256020,True
optimizer.safetensors,adam.value_embeds.3.weight.m,2048,128,512,65536,1536,63987,0,262144,256012,True
optimizer.safetensors,adam.value_embeds.3.weight.m,2176,128,512,65536,1536,63987,0,262144,256012,True
optimizer.safetensors,adam.value_embeds.3.weight.m,2304,128,512,65536,1026,64499,0,262144,258060,True
optimizer.safetensors,adam.value_embeds.3.weight.m,2432,128,512,65536,1017,64507,0,262144,258092,True
optimizer.safetensors,adam.value_embeds.3.weight.m,2560,128,512,65536,1536,63990,0,262144,256024,True
optimizer.safetensors,adam.value_embeds.3.weight.m,2688,128,512,65536,1024,64500,0,262144,258064,True
optimizer.safetensors,adam.value_embeds.3.weight.m,2816,128,512,65536,3072,62451,0,262144,249868,True
optimizer.safetensors,adam.value_embeds.3.weight.m,2944,128,512,65536,3592,61935,0,262144,247804,False
optimizer.safetensors,adam.value_embeds.3.weight.m,3072,128,512,65536,512,65014,0,262144,260120,True
optimizer.safetensors,adam.value_embeds.3.weight.m,3200,128,512,65536,1024,64494,0,262144,258040,True
optimizer.safetensors,adam.value_embeds.3.weight.m,3328,128,512,65536,2595,62928,0,262144,251776,True
optimizer.safetensors,adam.value_embeds.3.weight.m,3456,128,512,65536,1536,63986,0,262144,256008,True
optimizer.safetensors,adam.value_embeds.3.weight.m,3584,128,512,65536,515,65004,0,262144,260080,True
optimizer.safetensors,adam.value_embeds.3.weight.m,3712,128,512,65536,2575,62951,0,262144,251868,True
optimizer.safetensors,adam.value_embeds.3.weight.m,3840,128,512,65536,2544,62979,0,262144,251980,True
optimizer.safetensors,adam.value_embeds.3.weight.m,3968,128,512,65536,512,65010,0,262144,260104,True
optimizer.safetensors,adam.value_embeds.3.weight.m,4096,128,512,65536,512,65007,0,262144,260092,True
optimizer.safetensors,adam.value_embeds.3.weight.m,4224,128,512,65536,1024,64491,0,262144,258028,True
optimizer.safetensors,adam.value_embeds.3.weight.m,4352,128,512,65536,2048,63474,0,262144,253960,True
optimizer.safetensors,adam.value_embeds.3.weight.m,4480,128,512,65536,3072,62458,0,262144,249896,True
optimizer.safetensors,adam.value_embeds.3.weight.m,4608,128,512,65536,1024,64504,0,262144,258080,True
optimizer.safetensors,adam.value_embeds.3.weight.m,4736,128,512,65536,2048,63483,0,262144,253996,True
optimizer.safetensors,adam.value_embeds.3.weight.m,4864,128,512,65536,512,65015,0,262144,260124,True
optimizer.safetensors,adam.value_embeds.3.weight.m,4992,128,512,65536,2048,63473,0,262144,253956,True
optimizer.safetensors,adam.value_embeds.3.weight.m,5120,128,512,65536,512,65008,0,262144,260096,True
optimizer.safetensors,adam.value_embeds.3.weight.m,5248,128,512,65536,2048,63480,0,262144,253984,True
optimizer.safetensors,adam.value_embeds.3.weight.m,5376,128,512,65536,1024,64494,0,262144,258040,True
optimizer.safetensors,adam.value_embeds.3.weight.m,5504,128,512,65536,4610,60913,0,262144,243716,False
optimizer.safetensors,adam.value_embeds.3.weight.m,5632,128,512,65536,2048,63477,0,262144,253972,True
optimizer.safetensors,adam.value_embeds.3.weight.m,5760,128,512,65536,4096,61428,0,262144,245776,False
optimizer.safetensors,adam.value_embeds.3.weight.m,5888,128,512,65536,512,65012,0,262144,260112,True
optimizer.safetensors,adam.value_embeds.3.weight.m,6016,128,512,65536,512,65008,0,262144,260096,True
optimizer.safetensors,adam.value_embeds.3.weight.m,6144,128,512,65536,2048,63476,0,262144,253968,True
optimizer.safetensors,adam.value_embeds.3.weight.m,6272,128,512,65536,512,65010,0,262144,260104,True
optimizer.safetensors,adam.value_embeds.3.weight.m,6400,128,512,65536,1536,63986,0,262144,256008,True
optimizer.safetensors,adam.value_embeds.3.weight.m,6528,128,512,65536,1536,63987,0,262144,256012,True
optimizer.safetensors,adam.value_embeds.3.weight.m,6656,128,512,65536,2661,62864,0,262144,251520,True
optimizer.safetensors,adam.value_embeds.3.weight.m,6784,128,512,65536,2048,63474,0,262144,253960,True
optimizer.safetensors,adam.value_embeds.3.weight.m,6912,128,512,65536,2048,63479,0,262144,253980,True
optimizer.safetensors,adam.value_embeds.3.weight.m,7040,128,512,65536,5,65522,0,262144,262152,True
optimizer.safetensors,adam.value_embeds.3.weight.m,7168,128,512,65536,1536,63992,0,262144,256032,True
optimizer.safetensors,adam.value_embeds.3.weight.m,7296,128,512,65536,1540,63985,0,262144,256004,True
optimizer.safetensors,adam.value_embeds.3.weight.m,7424,128,512,65536,2048,63473,0,262144,253956,True
optimizer.safetensors,adam.value_embeds.3.weight.m,7552,128,512,65536,2048,63477,0,262144,253972,True
optimizer.safetensors,adam.value_embeds.3.weight.m,7680,128,512,65536,2560,62963,0,262144,251916,True
optimizer.safetensors,adam.value_embeds.3.weight.m,7808,128,512,65536,2060,63467,0,262144,253932,True
optimizer.safetensors,adam.value_embeds.3.weight.m,7936,128,512,65536,1846,63676,0,262144,254768,True
optimizer.safetensors,adam.value_embeds.3.weight.m,8064,128,512,65536,512,65013,0,262144,260116,True
optimizer.safetensors,adam.value_embeds.3.weight.m,8192,128,512,65536,2048,63473,0,262144,253956,True
optimizer.safetensors,adam.value_embeds.3.weight.m,8320,128,512,65536,1080,64436,0,262144,257808,True
optimizer.safetensors,adam.value_embeds.3.weight.m,8448,128,512,65536,2526,62995,0,262144,252044,True
optimizer.safetensors,adam.value_embeds.3.weight.m,8576,128,512,65536,3074,62447,0,262144,249852,True
optimizer.safetensors,adam.value_embeds.3.weight.m,8704,128,512,65536,1024,64500,0,262144,258064,True
optimizer.safetensors,adam.value_embeds.3.weight.m,8832,128,512,65536,3072,62454,0,262144,249880,True
optimizer.safetensors,adam.value_embeds.3.weight.m,8960,128,512,65536,1024,64504,0,262144,258080,True
optimizer.safetensors,adam.value_embeds.3.weight.m,9088,128,512,65536,1024,64503,0,262144,258076,True
optimizer.safetensors,adam.value_embeds.3.weight.m,9216,128,512,65536,1024,64500,0,262144,258064,True
optimizer.safetensors,adam.value_embeds.3.weight.m,9344,128,512,65536,2287,63238,0,262144,253016,True
optimizer.safetensors,adam.value_embeds.3.weight.m,9472,128,512,65536,1539,63984,0,262144,256000,True
optimizer.safetensors,adam.value_embeds.3.weight.m,9600,128,512,65536,512,65013,0,262144,260116,True
optimizer.safetensors,adam.value_embeds.3.weight.m,9728,128,512,65536,2048,63477,0,262144,253972,True
optimizer.safetensors,adam.value_embeds.3.weight.m,9856,128,512,65536,512,65005,0,262144,260084,True
optimizer.safetensors,adam.value_embeds.3.weight.m,9984,128,512,65536,1024,64494,0,262144,258040,True
optimizer.safetensors,adam.value_embeds.3.weight.m,10112,128,512,65536,2048,63467,0,262144,253932,True
optimizer.safetensors,adam.value_embeds.3.weight.m,10240,128,512,65536,2048,63472,0,262144,253952,True
optimizer.safetensors,adam.value_embeds.3.weight.m,10368,128,512,65536,2049,63475,0,262144,253964,True
optimizer.safetensors,adam.value_embeds.3.weight.m,10496,128,512,65536,922,64604,0,262144,258480,True
optimizer.safetensors,adam.value_embeds.3.weight.m,10624,128,512,65536,1536,63990,0,262144,256024,True
optimizer.safetensors,adam.value_embeds.3.weight.m,10752,128,512,65536,0,65526,0,262144,262168,True
optimizer.safetensors,adam.value_embeds.3.weight.m,10880,128,512,65536,0,65526,0,262144,262168,True
optimizer.safetensors,adam.value_embeds.3.weight.m,11008,128,512,65536,1545,63981,0,262144,255988,True
optimizer.safetensors,adam.value_embeds.3.weight.m,11136,128,512,65536,1571,63954,0,262144,255880,True
optimizer.safetensors,adam.value_embeds.3.weight.m,11264,128,512,65536,0,65524,0,262144,262160,True
optimizer.safetensors,adam.value_embeds.3.weight.m,11392,128,512,65536,3072,62446,0,262144,249848,True
optimizer.safetensors,adam.value_embeds.3.weight.m,11520,128,512,65536,2232,63287,0,262144,253212,True
optimizer.safetensors,adam.value_embeds.3.weight.m,11648,128,512,65536,1818,63712,0,262144,254912,True
optimizer.safetensors,adam.value_embeds.3.weight.m,11776,128,512,65536,1536,63987,0,262144,256012,True
optimizer.safetensors,adam.value_embeds.3.weight.m,11904,128,512,65536,2048,63476,0,262144,253968,True
optimizer.safetensors,adam.value_embeds.3.weight.m,12032,128,512,65536,512,65012,0,262144,260112,True
optimizer.safetensors,adam.value_embeds.3.weight.m,12160,128,512,65536,1028,64496,0,262144,258048,True
optimizer.safetensors,adam.value_embeds.3.weight.m,12288,128,512,65536,2045,63474,0,262144,253960,True
optimizer.safetensors,adam.value_embeds.3.weight.m,12416,128,512,65536,1024,64502,0,262144,258072,True
optimizer.safetensors,adam.value_embeds.3.weight.m,12544,128,512,65536,0,65520,0,262144,262144,True
optimizer.safetensors,adam.value_embeds.3.weight.m,12672,128,512,65536,2560,62962,0,262144,251912,True
optimizer.safetensors,adam.value_embeds.3.weight.m,12800,128,512,65536,1536,63988,0,262144,256016,True
optimizer.safetensors,adam.value_embeds.3.weight.m,12928,128,512,65536,1704,63823,0,262144,255356,True
optimizer.safetensors,adam.value_embeds.3.weight.m,13056,128,512,65536,1024,64497,0,262144,258052,True
optimizer.safetensors,adam.value_embeds.3.weight.m,13184,128,512,65536,2495,63030,0,262144,252184,True
optimizer.safetensors,adam.value_embeds.3.weight.m,13312,128,512,65536,1832,63688,0,262144,254816,True
optimizer.safetensors,adam.value_embeds.3.weight.m,13440,128,512,65536,1788,63741,0,262144,255028,True
optimizer.safetensors,adam.value_embeds.3.weight.m,13568,128,512,65536,2014,63503,0,262144,254076,True
optimizer.safetensors,adam.value_embeds.3.weight.m,13696,128,512,65536,2048,63481,0,262144,253988,True
optimizer.safetensors,adam.value_embeds.3.weight.m,13824,128,512,65536,516,65011,0,262144,260108,True
optimizer.safetensors,adam.value_embeds.3.weight.m,13952,128,512,65536,2048,63471,0,262144,253948,True
optimizer.safetensors,adam.value_embeds.3.weight.m,14080,128,512,65536,1539,63986,0,262144,256008,True
optimizer.safetensors,adam.value_embeds.3.weight.m,14208,128,512,65536,2181,63343,0,262144,253436,True
optimizer.safetensors,adam.value_embeds.3.weight.m,14336,128,512,65536,1536,63984,0,262144,256000,True
optimizer.safetensors,adam.value_embeds.3.weight.m,14464,128,512,65536,1,65517,0,262144,262132,True
optimizer.safetensors,adam.value_embeds.3.weight.m,14592,128,512,65536,0,65522,0,262144,262152,True
optimizer.safetensors,adam.value_embeds.3.weight.m,14720,128,512,65536,1024,64500,0,262144,258064,True
optimizer.safetensors,adam.value_embeds.3.weight.m,14848,128,512,65536,1337,64186,0,262144,256808,True
optimizer.safetensors,adam.value_embeds.3.weight.m,14976,128,512,65536,1536,63986,0,262144,256008,True
optimizer.safetensors,adam.value_embeds.3.weight.m,15104,128,512,65536,1023,64499,0,262144,258060,True
optimizer.safetensors,adam.value_embeds.3.weight.m,15232,128,512,65536,2560,62966,0,262144,251928,True
optimizer.safetensors,adam.value_embeds.3.weight.m,15360,128,512,65536,2048,63480,0,262144,253984,True
optimizer.safetensors,adam.value_embeds.3.weight.m,15488,128,512,65536,2048,63479,0,262144,253980,True
optimizer.safetensors,adam.value_embeds.3.weight.m,15616,128,512,65536,2377,63150,0,262144,252664,True
optimizer.safetensors,adam.value_embeds.3.weight.m,15744,128,512,65536,1536,63982,0,262144,255992,True
optimizer.safetensors,adam.value_embeds.3.weight.m,15872,128,512,65536,0,65527,0,262144,262172,True
optimizer.safetensors,adam.value_embeds.3.weight.m,16000,128,512,65536,1691,63833,0,262144,255396,True
optimizer.safetensors,adam.value_embeds.3.weight.m,16128,128,512,65536,1536,63986,0,262144,256008,True
optimizer.safetensors,adam.value_embeds.3.weight.m,16256,128,512,65536,2560,62965,0,262144,251924,True
optimizer.safetensors,adam.value_embeds.3.weight.m,16384,128,512,65536,2560,62956,0,262144,251888,True
optimizer.safetensors,adam.value_embeds.3.weight.m,16512,128,512,65536,7,65511,0,262144,262108,True
optimizer.safetensors,adam.value_embeds.3.weight.m,16640,128,512,65536,1024,64500,0,262144,258064,True
optimizer.safetensors,adam.value_embeds.3.weight.m,16768,128,512,65536,2048,63478,0,262144,253976,True
optimizer.safetensors,adam.value_embeds.3.weight.m,16896,128,512,65536,1950,63564,0,262144,254320,True
optimizer.safetensors,adam.value_embeds.3.weight.m,17024,128,512,65536,1024,64500,0,262144,258064,True
optimizer.safetensors,adam.value_embeds.3.weight.m,17152,128,512,65536,984,64540,0,262144,258224,True
optimizer.safetensors,adam.value_embeds.3.weight.m,17280,128,512,65536,1001,64523,0,262144,258156,True
optimizer.safetensors,adam.value_embeds.3.weight.m,17408,128,512,65536,1537,63985,0,262144,256004,True
optimizer.safetensors,adam.value_embeds.3.weight.m,17536,128,512,65536,1536,63983,0,262144,255996,True
optimizer.safetensors,adam.value_embeds.3.weight.m,17664,128,512,65536,512,65008,0,262144,260096,True
optimizer.safetensors,adam.value_embeds.3.weight.m,17792,128,512,65536,513,65013,0,262144,260116,True
optimizer.safetensors,adam.value_embeds.3.weight.m,17920,128,512,65536,1033,64489,0,262144,258020,True
optimizer.safetensors,adam.value_embeds.3.weight.m,18048,128,512,65536,3072,62453,0,262144,249876,True
optimizer.safetensors,adam.value_embeds.3.weight.m,18176,128,512,65536,870,64655,0,262144,258684,True
optimizer.safetensors,adam.value_embeds.3.weight.m,18304,128,512,65536,746,64773,0,262144,259156,True
optimizer.safetensors,adam.value_embeds.3.weight.m,18432,128,512,65536,512,65009,0,262144,260100,True
optimizer.safetensors,adam.value_embeds.3.weight.m,18560,128,512,65536,2103,63423,0,262144,253756,True
optimizer.safetensors,adam.value_embeds.3.weight.m,18688,128,512,65536,2048,63475,0,262144,253964,True
optimizer.safetensors,adam.value_embeds.3.weight.m,18816,128,512,65536,2967,62555,0,262144,250284,True
optimizer.safetensors,adam.value_embeds.3.weight.m,18944,128,512,65536,512,65014,0,262144,260120,True
optimizer.safetensors,adam.value_embeds.3.weight.m,19072,128,512,65536,1545,63983,0,262144,255996,True
optimizer.safetensors,adam.value_embeds.3.weight.m,19200,128,512,65536,522,65002,0,262144,260072,True
optimizer.safetensors,adam.value_embeds.3.weight.m,19328,128,512,65536,1268,64254,0,262144,257080,True
optimizer.safetensors,adam.value_embeds.3.weight.m,19456,128,512,65536,1536,63993,0,262144,256036,True
optimizer.safetensors,adam.value_embeds.3.weight.m,19584,128,512,65536,1536,63994,0,262144,256040,True
optimizer.safetensors,adam.value_embeds.3.weight.m,19712,128,512,65536,1697,63831,0,262144,255388,True
optimizer.safetensors,adam.value_embeds.3.weight.m,19840,128,512,65536,3584,61947,0,262144,247852,False
optimizer.safetensors,adam.value_embeds.3.weight.m,19968,128,512,65536,997,64530,0,262144,258184,True
optimizer.safetensors,adam.value_embeds.3.weight.m,20096,128,512,65536,1545,63979,0,262144,255980,True
optimizer.safetensors,adam.value_embeds.3.weight.m,20224,128,512,65536,2532,62995,0,262144,252044,True
optimizer.safetensors,adam.value_embeds.3.weight.m,20352,128,512,65536,2621,62900,0,262144,251664,True
optimizer.safetensors,adam.value_embeds.3.weight.m,20480,128,512,65536,1024,64500,0,262144,258064,True
optimizer.safetensors,adam.value_embeds.3.weight.m,20608,128,512,65536,941,64584,0,262144,258400,True
optimizer.safetensors,adam.value_embeds.3.weight.m,20736,128,512,65536,2048,63476,0,262144,253968,True
optimizer.safetensors,adam.value_embeds.3.weight.m,20864,128,512,65536,1882,63639,0,262144,254620,True
optimizer.safetensors,adam.value_embeds.3.weight.m,20992,128,512,65536,1709,63813,0,262144,255316,True
optimizer.safetensors,adam.value_embeds.3.weight.m,21120,128,512,65536,1536,63988,0,262144,256016,True
optimizer.safetensors,adam.value_embeds.3.weight.m,21248,128,512,65536,512,65017,0,262144,260132,True
optimizer.safetensors,adam.value_embeds.3.weight.m,21376,128,512,65536,2044,63482,0,262144,253992,True
optimizer.safetensors,adam.value_embeds.3.weight.m,21504,128,512,65536,3072,62450,0,262144,249864,True
optimizer.safetensors,adam.value_embeds.3.weight.m,21632,128,512,65536,1027,64502,0,262144,258072,True
optimizer.safetensors,adam.value_embeds.3.weight.m,21760,128,512,65536,2560,62962,0,262144,251912,True
optimizer.safetensors,adam.value_embeds.3.weight.m,21888,128,512,65536,1549,63977,0,262144,255972,True
optimizer.safetensors,adam.value_embeds.3.weight.m,22016,128,512,65536,1536,63995,0,262144,256044,True
optimizer.safetensors,adam.value_embeds.3.weight.m,22144,128,512,65536,1143,64382,0,262144,257592,True
optimizer.safetensors,adam.value_embeds.3.weight.m,22272,128,512,65536,0,65528,0,262144,262176,True
optimizer.safetensors,adam.value_embeds.3.weight.m,22400,128,512,65536,3079,62443,0,262144,249836,True
optimizer.safetensors,adam.value_embeds.3.weight.m,22528,128,512,65536,2131,63395,0,262144,253644,True
optimizer.safetensors,adam.value_embeds.3.weight.m,22656,128,512,65536,1536,63989,0,262144,256020,True
optimizer.safetensors,adam.value_embeds.3.weight.m,22784,128,512,65536,3072,62451,0,262144,249868,True
optimizer.safetensors,adam.value_embeds.3.weight.m,22912,128,512,65536,1536,63991,0,262144,256028,True
optimizer.safetensors,adam.value_embeds.3.weight.m,23040,128,512,65536,1536,63994,0,262144,256040,True
optimizer.safetensors,adam.value_embeds.3.weight.m,23168,128,512,65536,2059,63467,0,262144,253932,True
optimizer.safetensors,adam.value_embeds.3.weight.m,23296,128,512,65536,3072,62456,0,262144,249888,True
optimizer.safetensors,adam.value_embeds.3.weight.m,23424,128,512,65536,512,65011,0,262144,260108,True
optimizer.safetensors,adam.value_embeds.3.weight.m,23552,128,512,65536,2531,62991,0,262144,252028,True
optimizer.safetensors,adam.value_embeds.3.weight.m,23680,128,512,65536,2048,63476,0,262144,253968,True
optimizer.safetensors,adam.value_embeds.3.weight.m,23808,128,512,65536,2048,63477,0,262144,253972,True
optimizer.safetensors,adam.value_embeds.3.weight.m,23936,128,512,65536,1538,63983,0,262144,255996,True
optimizer.safetensors,adam.value_embeds.3.weight.m,24064,128,512,65536,512,65019,0,262144,260140,True
optimizer.safetensors,adam.value_embeds.3.weight.m,24192,128,512,65536,512,65007,0,262144,260092,True
optimizer.safetensors,adam.value_embeds.3.weight.m,24320,128,512,65536,1025,64503,0,262144,258076,True
optimizer.safetensors,adam.value_embeds.3.weight.m,24448,128,512,65536,2560,62970,0,262144,251944,True
optimizer.safetensors,adam.value_embeds.3.weight.m,24576,128,512,65536,1746,63780,0,262144,255184,True
optimizer.safetensors,adam.value_embeds.3.weight.m,24704,128,512,65536,2048,63477,0,262144,253972,True
optimizer.safetensors,adam.value_embeds.3.weight.m,24832,128,512,65536,3072,62456,0,262144,249888,True
optimizer.safetensors,adam.value_embeds.3.weight.m,24960,128,512,65536,4608,60921,0,262144,243748,False
optimizer.safetensors,adam.value_embeds.3.weight.m,25088,128,512,65536,1537,63990,0,262144,256024,True
optimizer.safetensors,adam.value_embeds.3.weight.m,25216,128,512,65536,1536,63993,0,262144,256036,True
optimizer.safetensors,adam.value_embeds.3.weight.m,25344,128,512,65536,2452,63074,0,262144,252360,True
optimizer.safetensors,adam.value_embeds.3.weight.m,25472,128,512,65536,1267,64260,0,262144,257104,True
optimizer.safetensors,adam.value_embeds.3.weight.m,25600,128,512,65536,1024,64504,0,262144,258080,True
optimizer.safetensors,adam.value_embeds.3.weight.m,25728,128,512,65536,1536,63992,0,262144,256032,True
optimizer.safetensors,adam.value_embeds.3.weight.m,25856,128,512,65536,125,65402,0,262144,261672,True
optimizer.safetensors,adam.value_embeds.3.weight.m,25984,128,512,65536,1264,64266,0,262144,257128,True
optimizer.safetensors,adam.value_embeds.3.weight.m,26112,128,512,65536,3023,62506,0,262144,250088,True
optimizer.safetensors,adam.value_embeds.3.weight.m,26240,128,512,65536,1536,63988,0,262144,256016,True
optimizer.safetensors,adam.value_embeds.3.weight.m,26368,128,512,65536,1795,63733,0,262144,254996,True
optimizer.safetensors,adam.value_embeds.3.weight.m,26496,128,512,65536,3589,61942,0,262144,247832,False
optimizer.safetensors,adam.value_embeds.3.weight.m,26624,128,512,65536,2567,62963,0,262144,251916,True
optimizer.safetensors,adam.value_embeds.3.weight.m,26752,128,512,65536,512,65010,0,262144,260104,True
optimizer.safetensors,adam.value_embeds.3.weight.m,26880,128,512,65536,1743,63787,0,262144,255212,True
optimizer.safetensors,adam.value_embeds.3.weight.m,27008,128,512,65536,1024,64501,0,262144,258068,True
optimizer.safetensors,adam.value_embeds.3.weight.m,27136,128,512,65536,524,64997,0,262144,260052,True
optimizer.safetensors,adam.value_embeds.3.weight.m,27264,128,512,65536,3042,62482,0,262144,249992,True
optimizer.safetensors,adam.value_embeds.3.weight.m,27392,128,512,65536,3627,61899,0,262144,247660,False
optimizer.safetensors,adam.value_embeds.3.weight.m,27520,128,512,65536,4608,60921,0,262144,243748,False
optimizer.safetensors,adam.value_embeds.3.weight.m,27648,128,512,65536,2048,63474,0,262144,253960,True
optimizer.safetensors,adam.value_embeds.3.weight.m,27776,128,512,65536,1589,63938,0,262144,255816,True
optimizer.safetensors,adam.value_embeds.3.weight.m,27904,128,512,65536,2113,63415,0,262144,253724,True
optimizer.safetensors,adam.value_embeds.3.weight.m,28032,128,512,65536,2549,62976,0,262144,251968,True
optimizer.safetensors,adam.value_embeds.3.weight.m,28160,128,512,65536,1536,63987,0,262144,256012,True
optimizer.safetensors,adam.value_embeds.3.weight.m,28288,128,512,65536,2050,63480,0,262144,253984,True
optimizer.safetensors,adam.value_embeds.3.weight.m,28416,128,512,65536,3493,62033,0,262144,248196,False
optimizer.safetensors,adam.value_embeds.3.weight.m,28544,128,512,65536,3072,62454,0,262144,249880,True
optimizer.safetensors,adam.value_embeds.3.weight.m,28672,128,512,65536,1174,64354,0,262144,257480,True
optimizer.safetensors,adam.value_embeds.3.weight.m,28800,128,512,65536,4097,61427,0,262144,245772,False
optimizer.safetensors,adam.value_embeds.3.weight.m,28928,128,512,65536,520,65011,0,262144,260108,True
optimizer.safetensors,adam.value_embeds.3.weight.m,29056,128,512,65536,3072,62454,0,262144,249880,True
optimizer.safetensors,adam.value_embeds.3.weight.m,29184,128,512,65536,1601,63928,0,262144,255776,True
optimizer.safetensors,adam.value_embeds.3.weight.m,29312,128,512,65536,3588,61939,0,262144,247820,False
optimizer.safetensors,adam.value_embeds.3.weight.m,29440,128,512,65536,2563,62965,0,262144,251924,True
optimizer.safetensors,adam.value_embeds.3.weight.m,29568,128,512,65536,1513,64013,0,262144,256116,True
optimizer.safetensors,adam.value_embeds.3.weight.m,29696,128,512,65536,2560,62964,0,262144,251920,True
optimizer.safetensors,adam.value_embeds.3.weight.m,29824,128,512,65536,2050,63468,0,262144,253936,True
optimizer.safetensors,adam.value_embeds.3.weight.m,29952,128,512,65536,1540,63982,0,262144,255992,True
optimizer.safetensors,adam.value_embeds.3.weight.m,30080,128,512,65536,2048,63480,0,262144,253984,True
optimizer.safetensors,adam.value_embeds.3.weight.m,30208,128,512,65536,3584,61942,0,262144,247832,False
optimizer.safetensors,adam.value_embeds.3.weight.m,30336,128,512,65536,3072,62454,0,262144,249880,True
optimizer.safetensors,adam.value_embeds.3.weight.m,30464,128,512,65536,3482,62045,0,262144,248244,False
optimizer.safetensors,adam.value_embeds.3.weight.m,30592,128,512,65536,5120,60406,0,262144,241688,False
optimizer.safetensors,adam.value_embeds.3.weight.m,30720,128,512,65536,2048,63473,0,262144,253956,True
optimizer.safetensors,adam.value_embeds.3.weight.m,30848,128,512,65536,2048,63479,0,262144,253980,True
optimizer.safetensors,adam.value_embeds.3.weight.m,30976,128,512,65536,4609,60918,0,262144,243736,False
optimizer.safetensors,adam.value_embeds.3.weight.m,31104,128,512,65536,1926,63600,0,262144,254464,True
optimizer.safetensors,adam.value_embeds.3.weight.m,31232,128,512,65536,1967,63559,0,262144,254300,True
optimizer.safetensors,adam.value_embeds.3.weight.m,31360,128,512,65536,1081,64445,0,262144,257844,True
optimizer.safetensors,adam.value_embeds.3.weight.m,31488,128,512,65536,1647,63878,0,262144,255576,True
optimizer.safetensors,adam.value_embeds.3.weight.m,31616,128,512,65536,2424,63103,0,262144,252476,True
optimizer.safetensors,adam.value_embeds.3.weight.m,31744,128,512,65536,2701,62832,0,262144,251392,True
optimizer.safetensors,adam.value_embeds.3.weight.m,31872,128,512,65536,1474,64050,0,262144,256264,True
optimizer.safetensors,adam.value_embeds.3.weight.m,32000,128,512,65536,55,65471,0,262144,261948,True
optimizer.safetensors,adam.value_embeds.3.weight.m,32128,128,512,65536,1537,63991,0,262144,256028,True
optimizer.safetensors,adam.value_embeds.3.weight.m,32256,128,512,65536,1289,64238,0,262144,257016,True
optimizer.safetensors,adam.value_embeds.3.weight.m,32384,128,512,65536,1024,64496,0,262144,258048,True
optimizer.safetensors,adam.value_embeds.3.weight.m,32512,128,512,65536,2048,63473,0,262144,253956,True
optimizer.safetensors,adam.value_embeds.3.weight.m,32640,128,512,65536,7943,57587,0,262144,230412,False
optimizer.safetensors,adam.value_embeds.3.weight.v,0,128,512,65536,16896,48631,0,262144,194588,False
optimizer.safetensors,adam.value_embeds.3.weight.v,128,128,512,65536,12826,52685,0,262144,210804,False
optimizer.safetensors,adam.value_embeds.3.weight.v,256,128,512,65536,0,65527,0,262144,262172,True
optimizer.safetensors,adam.value_embeds.3.weight.v,384,128,512,65536,0,65520,0,262144,262144,True
optimizer.safetensors,adam.value_embeds.3.weight.v,512,128,512,65536,0,65521,0,262144,262148,True
optimizer.safetensors,adam.value_embeds.3.weight.v,640,128,512,65536,537,64985,0,262144,260004,True
optimizer.safetensors,adam.value_embeds.3.weight.v,768,128,512,65536,512,65004,0,262144,260080,True
optimizer.safetensors,adam.value_embeds.3.weight.v,896,128,512,65536,512,65015,0,262144,260124,True
optimizer.safetensors,adam.value_embeds.3.weight.v,1024,128,512,65536,0,65520,0,262144,262144,True
optimizer.safetensors,adam.value_embeds.3.weight.v,1152,128,512,65536,0,65524,0,262144,262160,True
optimizer.safetensors,adam.value_embeds.3.weight.v,1280,128,512,65536,0,65520,0,262144,262144,True
optimizer.safetensors,adam.value_embeds.3.weight.v,1408,128,512,65536,1024,64497,0,262144,258052,True
optimizer.safetensors,adam.value_embeds.3.weight.v,1536,128,512,65536,0,65524,0,262144,262160,True
optimizer.safetensors,adam.value_embeds.3.weight.v,1664,128,512,65536,512,65005,0,262144,260084,True
optimizer.safetensors,adam.value_embeds.3.weight.v,1792,128,512,65536,770,64754,0,262144,259080,True
optimizer.safetensors,adam.value_embeds.3.weight.v,1920,128,512,65536,1051,64471,0,262144,257948,True
optimizer.safetensors,adam.value_embeds.3.weight.v,2048,128,512,65536,472,65047,0,262144,260252,True
optimizer.safetensors,adam.value_embeds.3.weight.v,2176,128,512,65536,239,65276,0,262144,261168,True
optimizer.safetensors,adam.value_embeds.3.weight.v,2304,128,512,65536,1024,64498,0,262144,258056,True
optimizer.safetensors,adam.value_embeds.3.weight.v,2432,128,512,65536,0,65519,0,262144,262140,True
optimizer.safetensors,adam.value_embeds.3.weight.v,2560,128,512,65536,1536,63985,0,262144,256004,True
optimizer.safetensors,adam.value_embeds.3.weight.v,2688,128,512,65536,512,65005,0,262144,260084,True
optimizer.safetensors,adam.value_embeds.3.weight.v,2816,128,512,65536,1536,63985,0,262144,256004,True
optimizer.safetensors,adam.value_embeds.3.weight.v,2944,128,512,65536,1555,63966,0,262144,255928,True
optimizer.safetensors,adam.value_embeds.3.weight.v,3072,128,512,65536,0,65524,0,262144,262160,True
optimizer.safetensors,adam.value_embeds.3.weight.v,3200,128,512,65536,512,65004,0,262144,260080,True
optimizer.safetensors,adam.value_embeds.3.weight.v,3328,128,512,65536,1024,64491,0,262144,258028,True
optimizer.safetensors,adam.value_embeds.3.weight.v,3456,128,512,65536,512,65012,0,262144,260112,True
optimizer.safetensors,adam.value_embeds.3.weight.v,3584,128,512,65536,0,65520,0,262144,262144,True
optimizer.safetensors,adam.value_embeds.3.weight.v,3712,128,512,65536,1240,64276,0,262144,257168,True
optimizer.safetensors,adam.value_embeds.3.weight.v,3840,128,512,65536,512,65018,0,262144,260136,True
optimizer.safetensors,adam.value_embeds.3.weight.v,3968,128,512,65536,0,65520,0,262144,262144,True
optimizer.safetensors,adam.value_embeds.3.weight.v,4096,128,512,65536,0,65517,0,262144,262132,True
optimizer.safetensors,adam.value_embeds.3.weight.v,4224,128,512,65536,0,65515,0,262144,262124,True
optimizer.safetensors,adam.value_embeds.3.weight.v,4352,128,512,65536,513,65006,0,262144,260088,True
optimizer.safetensors,adam.value_embeds.3.weight.v,4480,128,512,65536,519,65002,0,262144,260072,True
optimizer.safetensors,adam.value_embeds.3.weight.v,4608,128,512,65536,514,65005,0,262144,260084,True
optimizer.safetensors,adam.value_embeds.3.weight.v,4736,128,512,65536,1024,64494,0,262144,258040,True
optimizer.safetensors,adam.value_embeds.3.weight.v,4864,128,512,65536,512,65004,0,262144,260080,True
optimizer.safetensors,adam.value_embeds.3.weight.v,4992,128,512,65536,1536,63985,0,262144,256004,True
optimizer.safetensors,adam.value_embeds.3.weight.v,5120,128,512,65536,512,65005,0,262144,260084,True
optimizer.safetensors,adam.value_embeds.3.weight.v,5248,128,512,65536,1537,63981,0,262144,255988,True
optimizer.safetensors,adam.value_embeds.3.weight.v,5376,128,512,65536,1024,64494,0,262144,258040,True
optimizer.safetensors,adam.value_embeds.3.weight.v,5504,128,512,65536,2048,63469,0,262144,253940,True
optimizer.safetensors,adam.value_embeds.3.weight.v,5632,128,512,65536,590,64928,0,262144,259776,True
optimizer.safetensors,adam.value_embeds.3.weight.v,5760,128,512,65536,2049,63466,0,262144,253928,True
optimizer.safetensors,adam.value_embeds.3.weight.v,5888,128,512,65536,0,65523,0,262144,262156,True
optimizer.safetensors,adam.value_embeds.3.weight.v,6016,128,512,65536,0,65519,0,262144,262140,True
optimizer.safetensors,adam.value_embeds.3.weight.v,6144,128,512,65536,1177,64337,0,262144,257412,True
optimizer.safetensors,adam.value_embeds.3.weight.v,6272,128,512,65536,512,65011,0,262144,260108,True
optimizer.safetensors,adam.value_embeds.3.weight.v,6400,128,512,65536,1024,64488,0,262144,258016,True
optimizer.safetensors,adam.value_embeds.3.weight.v,6528,128,512,65536,1025,64496,0,262144,258048,True
optimizer.safetensors,adam.value_embeds.3.weight.v,6656,128,512,65536,1024,64482,0,262144,257992,True
optimizer.safetensors,adam.value_embeds.3.weight.v,6784,128,512,65536,1536,63983,0,262144,255996,True
optimizer.safetensors,adam.value_embeds.3.weight.v,6912,128,512,65536,1024,64482,0,262144,257992,True
optimizer.safetensors,adam.value_embeds.3.weight.v,7040,128,512,65536,0,65519,0,262144,262140,True
optimizer.safetensors,adam.value_embeds.3.weight.v,7168,128,512,65536,1024,64500,0,262144,258064,True
optimizer.safetensors,adam.value_embeds.3.weight.v,7296,128,512,65536,517,65002,0,262144,260072,True
optimizer.safetensors,adam.value_embeds.3.weight.v,7424,128,512,65536,1039,64483,0,262144,257996,True
optimizer.safetensors,adam.value_embeds.3.weight.v,7552,128,512,65536,512,65004,0,262144,260080,True
optimizer.safetensors,adam.value_embeds.3.weight.v,7680,128,512,65536,1035,64480,0,262144,257984,True
optimizer.safetensors,adam.value_embeds.3.weight.v,7808,128,512,65536,1009,64501,0,262144,258068,True
optimizer.safetensors,adam.value_embeds.3.weight.v,7936,128,512,65536,513,65004,0,262144,260080,True
optimizer.safetensors,adam.value_embeds.3.weight.v,8064,128,512,65536,512,65006,0,262144,260088,True
optimizer.safetensors,adam.value_embeds.3.weight.v,8192,128,512,65536,1056,64460,0,262144,257904,True
optimizer.safetensors,adam.value_embeds.3.weight.v,8320,128,512,65536,51,65466,0,262144,261928,True
optimizer.safetensors,adam.value_embeds.3.weight.v,8448,128,512,65536,1238,64282,0,262144,257192,True
optimizer.safetensors,adam.value_embeds.3.weight.v,8576,128,512,65536,1545,63975,0,262144,255964,True
optimizer.safetensors,adam.value_embeds.3.weight.v,8704,128,512,65536,512,65005,0,262144,260084,True
optimizer.safetensors,adam.value_embeds.3.weight.v,8832,128,512,65536,1247,64270,0,262144,257144,True
optimizer.safetensors,adam.value_embeds.3.weight.v,8960,128,512,65536,1024,64494,0,262144,258040,True
optimizer.safetensors,adam.value_embeds.3.weight.v,9088,128,512,65536,565,64954,0,262144,259880,True
optimizer.safetensors,adam.value_embeds.3.weight.v,9216,128,512,65536,782,64731,0,262144,258988,True
optimizer.safetensors,adam.value_embeds.3.weight.v,9344,128,512,65536,529,64987,0,262144,260012,True
optimizer.safetensors,adam.value_embeds.3.weight.v,9472,128,512,65536,1024,64490,0,262144,258024,True
optimizer.safetensors,adam.value_embeds.3.weight.v,9600,128,512,65536,0,65515,0,262144,262124,True
optimizer.safetensors,adam.value_embeds.3.weight.v,9728,128,512,65536,512,65005,0,262144,260084,True
optimizer.safetensors,adam.value_embeds.3.weight.v,9856,128,512,65536,512,65001,0,262144,260068,True
optimizer.safetensors,adam.value_embeds.3.weight.v,9984,128,512,65536,784,64734,0,262144,259000,True
optimizer.safetensors,adam.value_embeds.3.weight.v,10112,128,512,65536,744,64767,0,262144,259132,True
optimizer.safetensors,adam.value_embeds.3.weight.v,10240,128,512,65536,512,65004,0,262144,260080,True
optimizer.safetensors,adam.value_embeds.3.weight.v,10368,128,512,65536,512,64996,0,262144,260048,True
optimizer.safetensors,adam.value_embeds.3.weight.v,10496,128,512,65536,0,65520,0,262144,262144,True
optimizer.safetensors,adam.value_embeds.3.weight.v,10624,128,512,65536,517,65003,0,262144,260076,True
optimizer.safetensors,adam.value_embeds.3.weight.v,10752,128,512,65536,0,65519,0,262144,262140,True
optimizer.safetensors,adam.value_embeds.3.weight.v,10880,128,512,65536,0,65508,0,262144,262096,True
optimizer.safetensors,adam.value_embeds.3.weight.v,11008,128,512,65536,513,65004,0,262144,260080,True
optimizer.safetensors,adam.value_embeds.3.weight.v,11136,128,512,65536,664,64853,0,262144,259476,True
optimizer.safetensors,adam.value_embeds.3.weight.v,11264,128,512,65536,0,65507,0,262144,262092,True
optimizer.safetensors,adam.value_embeds.3.weight.v,11392,128,512,65536,1024,64487,0,262144,258012,True
optimizer.safetensors,adam.value_embeds.3.weight.v,11520,128,512,65536,512,65003,0,262144,260076,True
optimizer.safetensors,adam.value_embeds.3.weight.v,11648,128,512,65536,1024,64494,0,262144,258040,True
optimizer.safetensors,adam.value_embeds.3.weight.v,11776,128,512,65536,512,65003,0,262144,260076,True
optimizer.safetensors,adam.value_embeds.3.weight.v,11904,128,512,65536,513,64995,0,262144,260044,True
optimizer.safetensors,adam.value_embeds.3.weight.v,12032,128,512,65536,0,65512,0,262144,262112,True
optimizer.safetensors,adam.value_embeds.3.weight.v,12160,128,512,65536,512,65001,0,262144,260068,True
optimizer.safetensors,adam.value_embeds.3.weight.v,12288,128,512,65536,1024,64486,0,262144,258008,True
optimizer.safetensors,adam.value_embeds.3.weight.v,12416,128,512,65536,513,65001,0,262144,260068,True
optimizer.safetensors,adam.value_embeds.3.weight.v,12544,128,512,65536,0,65515,0,262144,262124,True
optimizer.safetensors,adam.value_embeds.3.weight.v,12672,128,512,65536,512,65010,0,262144,260104,True
optimizer.safetensors,adam.value_embeds.3.weight.v,12800,128,512,65536,1015,64498,0,262144,258056,True
optimizer.safetensors,adam.value_embeds.3.weight.v,12928,128,512,65536,1024,64496,0,262144,258048,True
optimizer.safetensors,adam.value_embeds.3.weight.v,13056,128,512,65536,0,65507,0,262144,262092,True
optimizer.safetensors,adam.value_embeds.3.weight.v,13184,128,512,65536,513,64992,0,262144,260032,True
optimizer.safetensors,adam.value_embeds.3.weight.v,13312,128,512,65536,512,64999,0,262144,260060,True
optimizer.safetensors,adam.value_embeds.3.weight.v,13440,128,512,65536,1527,63990,0,262144,256024,True
optimizer.safetensors,adam.value_embeds.3.weight.v,13568,128,512,65536,515,65005,0,262144,260084,True
optimizer.safetensors,adam.value_embeds.3.weight.v,13696,128,512,65536,1024,64486,0,262144,258008,True
optimizer.safetensors,adam.value_embeds.3.weight.v,13824,128,512,65536,512,65001,0,262144,260068,True
optimizer.safetensors,adam.value_embeds.3.weight.v,13952,128,512,65536,512,65005,0,262144,260084,True
optimizer.safetensors,adam.value_embeds.3.weight.v,14080,128,512,65536,512,65007,0,262144,260092,True
optimizer.safetensors,adam.value_embeds.3.weight.v,14208,128,512,65536,1536,63975,0,262144,255964,True
optimizer.safetensors,adam.value_embeds.3.weight.v,14336,128,512,65536,512,64995,0,262144,260044,True
optimizer.safetensors,adam.value_embeds.3.weight.v,14464,128,512,65536,0,65512,0,262144,262112,True
optimizer.safetensors,adam.value_embeds.3.weight.v,14592,128,512,65536,0,65515,0,262144,262124,True
optimizer.safetensors,adam.value_embeds.3.weight.v,14720,128,512,65536,512,65005,0,262144,260084,True
optimizer.safetensors,adam.value_embeds.3.weight.v,14848,128,512,65536,0,65505,0,262144,262084,True
optimizer.safetensors,adam.value_embeds.3.weight.v,14976,128,512,65536,1024,64493,0,262144,258036,True
optimizer.safetensors,adam.value_embeds.3.weight.v,15104,128,512,65536,0,65511,0,262144,262108,True
optimizer.safetensors,adam.value_embeds.3.weight.v,15232,128,512,65536,514,64988,0,262144,260016,True
optimizer.safetensors,adam.value_embeds.3.weight.v,15360,128,512,65536,512,64998,0,262144,260056,True
optimizer.safetensors,adam.value_embeds.3.weight.v,15488,128,512,65536,1024,64487,0,262144,258012,True
optimizer.safetensors,adam.value_embeds.3.weight.v,15616,128,512,65536,1,65509,0,262144,262100,True
optimizer.safetensors,adam.value_embeds.3.weight.v,15744,128,512,65536,0,65517,0,262144,262132,True
optimizer.safetensors,adam.value_embeds.3.weight.v,15872,128,512,65536,0,65517,0,262144,262132,True
optimizer.safetensors,adam.value_embeds.3.weight.v,16000,128,512,65536,1024,64489,0,262144,258020,True
optimizer.safetensors,adam.value_embeds.3.weight.v,16128,128,512,65536,1024,64485,0,262144,258004,True
optimizer.safetensors,adam.value_embeds.3.weight.v,16256,128,512,65536,1536,63976,0,262144,255968,True
optimizer.safetensors,adam.value_embeds.3.weight.v,16384,128,512,65536,1024,64491,0,262144,258028,True
optimizer.safetensors,adam.value_embeds.3.weight.v,16512,128,512,65536,0,65514,0,262144,262120,True
optimizer.safetensors,adam.value_embeds.3.weight.v,16640,128,512,65536,512,64996,0,262144,260048,True
optimizer.safetensors,adam.value_embeds.3.weight.v,16768,128,512,65536,1025,64496,0,262144,258048,True
optimizer.safetensors,adam.value_embeds.3.weight.v,16896,128,512,65536,512,65006,0,262144,260088,True
optimizer.safetensors,adam.value_embeds.3.weight.v,17024,128,512,65536,1024,64487,0,262144,258012,True
optimizer.safetensors,adam.value_embeds.3.weight.v,17152,128,512,65536,0,65501,0,262144,262068,True
optimizer.safetensors,adam.value_embeds.3.weight.v,17280,128,512,65536,512,64995,0,262144,260044,True
optimizer.safetensors,adam.value_embeds.3.weight.v,17408,128,512,65536,606,64899,0,262144,259660,True
optimizer.safetensors,adam.value_embeds.3.weight.v,17536,128,512,65536,12,65489,0,262144,262020,True
optimizer.safetensors,adam.value_embeds.3.weight.v,17664,128,512,65536,0,65515,0,262144,262124,True
optimizer.safetensors,adam.value_embeds.3.weight.v,17792,128,512,65536,512,65008,0,262144,260096,True
optimizer.safetensors,adam.value_embeds.3.weight.v,17920,128,512,65536,550,64964,0,262144,259920,True
optimizer.safetensors,adam.value_embeds.3.weight.v,18048,128,512,65536,513,64988,0,262144,260016,True
optimizer.safetensors,adam.value_embeds.3.weight.v,18176,128,512,65536,0,65506,0,262144,262088,True
optimizer.safetensors,adam.value_embeds.3.weight.v,18304,128,512,65536,0,65503,0,262144,262076,True
optimizer.safetensors,adam.value_embeds.3.weight.v,18432,128,512,65536,0,65501,0,262144,262068,True
optimizer.safetensors,adam.value_embeds.3.weight.v,18560,128,512,65536,831,64671,0,262144,258748,True
optimizer.safetensors,adam.value_embeds.3.weight.v,18688,128,512,65536,512,65002,0,262144,260072,True
optimizer.safetensors,adam.value_embeds.3.weight.v,18816,128,512,65536,512,64982,0,262144,259992,True
optimizer.safetensors,adam.value_embeds.3.weight.v,18944,128,512,65536,512,64993,0,262144,260036,True
optimizer.safetensors,adam.value_embeds.3.weight.v,19072,128,512,65536,547,64960,0,262144,259904,True
optimizer.safetensors,adam.value_embeds.3.weight.v,19200,128,512,65536,512,64993,0,262144,260036,True
optimizer.safetensors,adam.value_embeds.3.weight.v,19328,128,512,65536,512,64997,0,262144,260052,True
optimizer.safetensors,adam.value_embeds.3.weight.v,19456,128,512,65536,513,64990,0,262144,260024,True
optimizer.safetensors,adam.value_embeds.3.weight.v,19584,128,512,65536,1024,64485,0,262144,258004,True
optimizer.safetensors,adam.value_embeds.3.weight.v,19712,128,512,65536,512,64992,0,262144,260032,True
optimizer.safetensors,adam.value_embeds.3.weight.v,19840,128,512,65536,513,64985,0,262144,260004,True
optimizer.safetensors,adam.value_embeds.3.weight.v,19968,128,512,65536,0,65510,0,262144,262104,True
optimizer.safetensors,adam.value_embeds.3.weight.v,20096,128,512,65536,512,65001,0,262144,260068,True
optimizer.safetensors,adam.value_embeds.3.weight.v,20224,128,512,65536,1024,64481,0,262144,257988,True
optimizer.safetensors,adam.value_embeds.3.weight.v,20352,128,512,65536,512,64992,0,262144,260032,True
optimizer.safetensors,adam.value_embeds.3.weight.v,20480,128,512,65536,0,65516,0,262144,262128,True
optimizer.safetensors,adam.value_embeds.3.weight.v,20608,128,512,65536,0,65512,0,262144,262112,True
optimizer.safetensors,adam.value_embeds.3.weight.v,20736,128,512,65536,1024,64472,0,262144,257952,True
optimizer.safetensors,adam.value_embeds.3.weight.v,20864,128,512,65536,0,65514,0,262144,262120,True
optimizer.safetensors,adam.value_embeds.3.weight.v,20992,128,512,65536,513,64999,0,262144,260060,True
optimizer.safetensors,adam.value_embeds.3.weight.v,21120,128,512,65536,512,64988,0,262144,260016,True
optimizer.safetensors,adam.value_embeds.3.weight.v,21248,128,512,65536,0,65499,0,262144,262060,True
optimizer.safetensors,adam.value_embeds.3.weight.v,21376,128,512,65536,0,65514,0,262144,262120,True
optimizer.safetensors,adam.value_embeds.3.weight.v,21504,128,512,65536,737,64768,0,262144,259136,True
optimizer.safetensors,adam.value_embeds.3.weight.v,21632,128,512,65536,0,65508,0,262144,262096,True
optimizer.safetensors,adam.value_embeds.3.weight.v,21760,128,512,65536,512,64984,0,262144,260000,True
optimizer.safetensors,adam.value_embeds.3.weight.v,21888,128,512,65536,0,65513,0,262144,262116,True
optimizer.safetensors,adam.value_embeds.3.weight.v,22016,128,512,65536,512,64999,0,262144,260060,True
optimizer.safetensors,adam.value_embeds.3.weight.v,22144,128,512,65536,4,65500,0,262144,262064,True
optimizer.safetensors,adam.value_embeds.3.weight.v,22272,128,512,65536,0,65509,0,262144,262100,True
optimizer.safetensors,adam.value_embeds.3.weight.v,22400,128,512,65536,1191,64315,0,262144,257324,True
optimizer.safetensors,adam.value_embeds.3.weight.v,22528,128,512,65536,512,64986,0,262144,260008,True
optimizer.safetensors,adam.value_embeds.3.weight.v,22656,128,512,65536,512,64992,0,262144,260032,True
optimizer.safetensors,adam.value_embeds.3.weight.v,22784,128,512,65536,528,64972,0,262144,259952,True
optimizer.safetensors,adam.value_embeds.3.weight.v,22912,128,512,65536,514,64992,0,262144,260032,True
optimizer.safetensors,adam.value_embeds.3.weight.v,23040,128,512,65536,512,64987,0,262144,260012,True
optimizer.safetensors,adam.value_embeds.3.weight.v,23168,128,512,65536,0,65510,0,262144,262104,True
optimizer.safetensors,adam.value_embeds.3.weight.v,23296,128,512,65536,512,64996,0,262144,260048,True
optimizer.safetensors,adam.value_embeds.3.weight.v,23424,128,512,65536,0,65510,0,262144,262104,True
optimizer.safetensors,adam.value_embeds.3.weight.v,23552,128,512,65536,1024,64473,0,262144,257956,True
optimizer.safetensors,adam.value_embeds.3.weight.v,23680,128,512,65536,510,65002,0,262144,260072,True
optimizer.safetensors,adam.value_embeds.3.weight.v,23808,128,512,65536,408,65098,0,262144,260456,True
optimizer.safetensors,adam.value_embeds.3.weight.v,23936,128,512,65536,1,65508,0,262144,262096,True
optimizer.safetensors,adam.value_embeds.3.weight.v,24064,128,512,65536,0,65497,0,262144,262052,True
optimizer.safetensors,adam.value_embeds.3.weight.v,24192,128,512,65536,501,65006,0,262144,260088,True
optimizer.safetensors,adam.value_embeds.3.weight.v,24320,128,512,65536,0,65507,0,262144,262092,True
optimizer.safetensors,adam.value_embeds.3.weight.v,24448,128,512,65536,1047,64459,0,262144,257900,True
optimizer.safetensors,adam.value_embeds.3.weight.v,24576,128,512,65536,711,64800,0,262144,259264,True
optimizer.safetensors,adam.value_embeds.3.weight.v,24704,128,512,65536,1030,64474,0,262144,257960,True
optimizer.safetensors,adam.value_embeds.3.weight.v,24832,128,512,65536,330,65181,0,262144,260788,True
optimizer.safetensors,adam.value_embeds.3.weight.v,24960,128,512,65536,1409,64100,0,262144,256464,True
optimizer.safetensors,adam.value_embeds.3.weight.v,25088,128,512,65536,512,64986,0,262144,260008,True
optimizer.safetensors,adam.value_embeds.3.weight.v,25216,128,512,65536,0,65507,0,262144,262092,True
optimizer.safetensors,adam.value_embeds.3.weight.v,25344,128,512,65536,512,64986,0,262144,260008,True
optimizer.safetensors,adam.value_embeds.3.weight.v,25472,128,512,65536,0,65494,0,262144,262040,True
optimizer.safetensors,adam.value_embeds.3.weight.v,25600,128,512,65536,0,65489,0,262144,262020,True
optimizer.safetensors,adam.value_embeds.3.weight.v,25728,128,512,65536,1024,64488,0,262144,258016,True
optimizer.safetensors,adam.value_embeds.3.weight.v,25856,128,512,65536,0,65508,0,262144,262096,True
optimizer.safetensors,adam.value_embeds.3.weight.v,25984,128,512,65536,0,65493,0,262144,262036,True
optimizer.safetensors,adam.value_embeds.3.weight.v,26112,128,512,65536,512,64990,0,262144,260024,True
optimizer.safetensors,adam.value_embeds.3.weight.v,26240,128,512,65536,512,65001,0,262144,260068,True
optimizer.safetensors,adam.value_embeds.3.weight.v,26368,128,512,65536,512,64985,0,262144,260004,True
optimizer.safetensors,adam.value_embeds.3.weight.v,26496,128,512,65536,804,64703,0,262144,258876,True
optimizer.safetensors,adam.value_embeds.3.weight.v,26624,128,512,65536,1536,63972,0,262144,255952,True
optimizer.safetensors,adam.value_embeds.3.weight.v,26752,128,512,65536,0,65515,0,262144,262124,True
optimizer.safetensors,adam.value_embeds.3.weight.v,26880,128,512,65536,0,65500,0,262144,262064,True
optimizer.safetensors,adam.value_embeds.3.weight.v,27008,128,512,65536,0,65497,0,262144,262052,True
optimizer.safetensors,adam.value_embeds.3.weight.v,27136,128,512,65536,0,65500,0,262144,262064,True
optimizer.safetensors,adam.value_embeds.3.weight.v,27264,128,512,65536,528,64982,0,262144,259992,True
optimizer.safetensors,adam.value_embeds.3.weight.v,27392,128,512,65536,896,64603,0,262144,258476,True
optimizer.safetensors,adam.value_embeds.3.weight.v,27520,128,512,65536,702,64806,0,262144,259288,True
optimizer.safetensors,adam.value_embeds.3.weight.v,27648,128,512,65536,986,64529,0,262144,258180,True
optimizer.safetensors,adam.value_embeds.3.weight.v,27776,128,512,65536,512,64999,0,262144,260060,True
optimizer.safetensors,adam.value_embeds.3.weight.v,27904,128,512,65536,209,65296,0,262144,261248,True
optimizer.safetensors,adam.value_embeds.3.weight.v,28032,128,512,65536,1024,64484,0,262144,258000,True
optimizer.safetensors,adam.value_embeds.3.weight.v,28160,128,512,65536,1046,64463,0,262144,257916,True
optimizer.safetensors,adam.value_embeds.3.weight.v,28288,128,512,65536,1024,64488,0,262144,258016,True
optimizer.safetensors,adam.value_embeds.3.weight.v,28416,128,512,65536,1024,64490,0,262144,258024,True
optimizer.safetensors,adam.value_embeds.3.weight.v,28544,128,512,65536,1045,64467,0,262144,257932,True
optimizer.safetensors,adam.value_embeds.3.weight.v,28672,128,512,65536,369,65133,0,262144,260596,True
optimizer.safetensors,adam.value_embeds.3.weight.v,28800,128,512,65536,1069,64446,0,262144,257848,True
optimizer.safetensors,adam.value_embeds.3.weight.v,28928,128,512,65536,512,64998,0,262144,260056,True
optimizer.safetensors,adam.value_embeds.3.weight.v,29056,128,512,65536,526,64986,0,262144,260008,True
optimizer.safetensors,adam.value_embeds.3.weight.v,29184,128,512,65536,512,64988,0,262144,260016,True
optimizer.safetensors,adam.value_embeds.3.weight.v,29312,128,512,65536,2060,63451,0,262144,253868,True
optimizer.safetensors,adam.value_embeds.3.weight.v,29440,128,512,65536,1036,64469,0,262144,257940,True
optimizer.safetensors,adam.value_embeds.3.weight.v,29568,128,512,65536,0,65510,0,262144,262104,True
optimizer.safetensors,adam.value_embeds.3.weight.v,29696,128,512,65536,0,65496,0,262144,262048,True
optimizer.safetensors,adam.value_embeds.3.weight.v,29824,128,512,65536,1024,64465,0,262144,257924,True
optimizer.safetensors,adam.value_embeds.3.weight.v,29952,128,512,65536,512,64985,0,262144,260004,True
optimizer.safetensors,adam.value_embeds.3.weight.v,30080,128,512,65536,1217,64280,0,262144,257184,True
optimizer.safetensors,adam.value_embeds.3.weight.v,30208,128,512,65536,190,65313,0,262144,261316,True
optimizer.safetensors,adam.value_embeds.3.weight.v,30336,128,512,65536,512,65003,0,262144,260076,True
optimizer.safetensors,adam.value_embeds.3.weight.v,30464,128,512,65536,512,64995,0,262144,260044,True
optimizer.safetensors,adam.value_embeds.3.weight.v,30592,128,512,65536,1605,63899,0,262144,255660,True
optimizer.safetensors,adam.value_embeds.3.weight.v,30720,128,512,65536,2,65498,0,262144,262056,True
optimizer.safetensors,adam.value_embeds.3.weight.v,30848,128,512,65536,0,65492,0,262144,262032,True
optimizer.safetensors,adam.value_embeds.3.weight.v,30976,128,512,65536,0,65512,0,262144,262112,True
optimizer.safetensors,adam.value_embeds.3.weight.v,31104,128,512,65536,513,65000,0,262144,260064,True
optimizer.safetensors,adam.value_embeds.3.weight.v,31232,128,512,65536,512,64998,0,262144,260056,True
optimizer.safetensors,adam.value_embeds.3.weight.v,31360,128,512,65536,0,65492,0,262144,262032,True
optimizer.safetensors,adam.value_embeds.3.weight.v,31488,128,512,65536,971,64529,0,262144,258180,True
optimizer.safetensors,adam.value_embeds.3.weight.v,31616,128,512,65536,33,65479,0,262144,261980,True
optimizer.safetensors,adam.value_embeds.3.weight.v,31744,128,512,65536,507,65001,0,262144,260068,True
optimizer.safetensors,adam.value_embeds.3.weight.v,31872,128,512,65536,0,65501,0,262144,262068,True
optimizer.safetensors,adam.value_embeds.3.weight.v,32000,128,512,65536,0,65501,0,262144,262068,True
optimizer.safetensors,adam.value_embeds.3.weight.v,32128,128,512,65536,0,65508,0,262144,262096,True
optimizer.safetensors,adam.value_embeds.3.weight.v,32256,128,512,65536,0,65502,0,262144,262072,True
optimizer.safetensors,adam.value_embeds.3.weight.v,32384,128,512,65536,0,65500,0,262144,262064,True
optimizer.safetensors,adam.value_embeds.3.weight.v,32512,128,512,65536,0,65499,0,262144,262060,True
optimizer.safetensors,adam.value_embeds.3.weight.v,32640,128,512,65536,4608,60905,0,262144,243684,False
optimizer.safetensors,adam.value_embeds.5.weight.m,0,128,512,65536,16896,48632,0,262144,194592,False
optimizer.safetensors,adam.value_embeds.5.weight.m,128,128,512,65536,15872,49662,0,262144,198712,False
optimizer.safetensors,adam.value_embeds.5.weight.m,256,128,512,65536,0,65523,0,262144,262156,True
optimizer.safetensors,adam.value_embeds.5.weight.m,384,128,512,65536,0,65527,0,262144,262172,True
optimizer.safetensors,adam.value_embeds.5.weight.m,512,128,512,65536,0,65523,0,262144,262156,True
optimizer.safetensors,adam.value_embeds.5.weight.m,640,128,512,65536,1889,63633,0,262144,254596,True
optimizer.safetensors,adam.value_embeds.5.weight.m,768,128,512,65536,1024,64503,0,262144,258076,True
optimizer.safetensors,adam.value_embeds.5.weight.m,896,128,512,65536,512,65017,0,262144,260132,True
optimizer.safetensors,adam.value_embeds.5.weight.m,1024,128,512,65536,512,65012,0,262144,260112,True
optimizer.safetensors,adam.value_embeds.5.weight.m,1152,128,512,65536,0,65524,0,262144,262160,True
optimizer.safetensors,adam.value_embeds.5.weight.m,1280,128,512,65536,0,65526,0,262144,262168,True
optimizer.safetensors,adam.value_embeds.5.weight.m,1408,128,512,65536,2048,63479,0,262144,253980,True
optimizer.safetensors,adam.value_embeds.5.weight.m,1536,128,512,65536,512,65009,0,262144,260100,True
optimizer.safetensors,adam.value_embeds.5.weight.m,1664,128,512,65536,1024,64501,0,262144,258068,True
optimizer.safetensors,adam.value_embeds.5.weight.m,1792,128,512,65536,1536,63984,0,262144,256000,True
optimizer.safetensors,adam.value_embeds.5.weight.m,1920,128,512,65536,1536,63986,0,262144,256008,True
optimizer.safetensors,adam.value_embeds.5.weight.m,2048,128,512,65536,1536,63985,0,262144,256004,True
optimizer.safetensors,adam.value_embeds.5.weight.m,2176,128,512,65536,1536,63988,0,262144,256016,True
optimizer.safetensors,adam.value_embeds.5.weight.m,2304,128,512,65536,1025,64501,0,262144,258068,True
optimizer.safetensors,adam.value_embeds.5.weight.m,2432,128,512,65536,992,64536,0,262144,258208,True
optimizer.safetensors,adam.value_embeds.5.weight.m,2560,128,512,65536,1536,63987,0,262144,256012,True
optimizer.safetensors,adam.value_embeds.5.weight.m,2688,128,512,65536,1024,64499,0,262144,258060,True
optimizer.safetensors,adam.value_embeds.5.weight.m,2816,128,512,65536,3072,62452,0,262144,249872,True
optimizer.safetensors,adam.value_embeds.5.weight.m,2944,128,512,65536,3585,61943,0,262144,247836,False
optimizer.safetensors,adam.value_embeds.5.weight.m,3072,128,512,65536,512,65015,0,262144,260124,True
optimizer.safetensors,adam.value_embeds.5.weight.m,3200,128,512,65536,1024,64502,0,262144,258072,True
optimizer.safetensors,adam.value_embeds.5.weight.m,3328,128,512,65536,2467,63057,0,262144,252292,True
optimizer.safetensors,adam.value_embeds.5.weight.m,3456,128,512,65536,1536,63989,0,262144,256020,True
optimizer.safetensors,adam.value_embeds.5.weight.m,3584,128,512,65536,514,65013,0,262144,260116,True
optimizer.safetensors,adam.value_embeds.5.weight.m,3712,128,512,65536,2555,62969,0,262144,251940,True
optimizer.safetensors,adam.value_embeds.5.weight.m,3840,128,512,65536,2470,63054,0,262144,252280,True
optimizer.safetensors,adam.value_embeds.5.weight.m,3968,128,512,65536,512,65006,0,262144,260088,True
optimizer.safetensors,adam.value_embeds.5.weight.m,4096,128,512,65536,512,65013,0,262144,260116,True
optimizer.safetensors,adam.value_embeds.5.weight.m,4224,128,512,65536,1024,64499,0,262144,258060,True
optimizer.safetensors,adam.value_embeds.5.weight.m,4352,128,512,65536,2048,63483,0,262144,253996,True
optimizer.safetensors,adam.value_embeds.5.weight.m,4480,128,512,65536,3072,62444,0,262144,249840,True
optimizer.safetensors,adam.value_embeds.5.weight.m,4608,128,512,65536,1024,64500,0,262144,258064,True
optimizer.safetensors,adam.value_embeds.5.weight.m,4736,128,512,65536,2048,63475,0,262144,253964,True
optimizer.safetensors,adam.value_embeds.5.weight.m,4864,128,512,65536,512,65010,0,262144,260104,True
optimizer.safetensors,adam.value_embeds.5.weight.m,4992,128,512,65536,2048,63471,0,262144,253948,True
optimizer.safetensors,adam.value_embeds.5.weight.m,5120,128,512,65536,512,65010,0,262144,260104,True
optimizer.safetensors,adam.value_embeds.5.weight.m,5248,128,512,65536,2048,63472,0,262144,253952,True
optimizer.safetensors,adam.value_embeds.5.weight.m,5376,128,512,65536,1024,64497,0,262144,258052,True
optimizer.safetensors,adam.value_embeds.5.weight.m,5504,128,512,65536,4609,60919,0,262144,243740,False
optimizer.safetensors,adam.value_embeds.5.weight.m,5632,128,512,65536,2048,63471,0,262144,253948,True
optimizer.safetensors,adam.value_embeds.5.weight.m,5760,128,512,65536,4096,61426,0,262144,245768,False
optimizer.safetensors,adam.value_embeds.5.weight.m,5888,128,512,65536,512,65012,0,262144,260112,True
optimizer.safetensors,adam.value_embeds.5.weight.m,6016,128,512,65536,512,65013,0,262144,260116,True
optimizer.safetensors,adam.value_embeds.5.weight.m,6144,128,512,65536,2048,63474,0,262144,253960,True
optimizer.safetensors,adam.value_embeds.5.weight.m,6272,128,512,65536,512,65011,0,262144,260108,True
optimizer.safetensors,adam.value_embeds.5.weight.m,6400,128,512,65536,1536,63988,0,262144,256016,True
optimizer.safetensors,adam.value_embeds.5.weight.m,6528,128,512,65536,1536,63989,0,262144,256020,True
optimizer.safetensors,adam.value_embeds.5.weight.m,6656,128,512,65536,2623,62907,0,262144,251692,True
optimizer.safetensors,adam.value_embeds.5.weight.m,6784,128,512,65536,2048,63471,0,262144,253948,True
optimizer.safetensors,adam.value_embeds.5.weight.m,6912,128,512,65536,2048,63473,0,262144,253956,True
optimizer.safetensors,adam.value_embeds.5.weight.m,7040,128,512,65536,7,65513,0,262144,262116,True
optimizer.safetensors,adam.value_embeds.5.weight.m,7168,128,512,65536,1536,63985,0,262144,256004,True
optimizer.safetensors,adam.value_embeds.5.weight.m,7296,128,512,65536,1539,63982,0,262144,255992,True
optimizer.safetensors,adam.value_embeds.5.weight.m,7424,128,512,65536,2048,63480,0,262144,253984,True
optimizer.safetensors,adam.value_embeds.5.weight.m,7552,128,512,65536,2048,63478,0,262144,253976,True
optimizer.safetensors,adam.value_embeds.5.weight.m,7680,128,512,65536,2560,62963,0,262144,251916,True
optimizer.safetensors,adam.value_embeds.5.weight.m,7808,128,512,65536,2064,63458,0,262144,253896,True
optimizer.safetensors,adam.value_embeds.5.weight.m,7936,128,512,65536,1778,63746,0,262144,255048,True
optimizer.safetensors,adam.value_embeds.5.weight.m,8064,128,512,65536,512,65015,0,262144,260124,True
optimizer.safetensors,adam.value_embeds.5.weight.m,8192,128,512,65536,2048,63473,0,262144,253956,True
optimizer.safetensors,adam.value_embeds.5.weight.m,8320,128,512,65536,1101,64419,0,262144,257740,True
optimizer.safetensors,adam.value_embeds.5.weight.m,8448,128,512,65536,2535,62988,0,262144,252016,True
optimizer.safetensors,adam.value_embeds.5.weight.m,8576,128,512,65536,3074,62453,0,262144,249876,True
optimizer.safetensors,adam.value_embeds.5.weight.m,8704,128,512,65536,1024,64499,0,262144,258060,True
optimizer.safetensors,adam.value_embeds.5.weight.m,8832,128,512,65536,3072,62457,0,262144,249892,True
optimizer.safetensors,adam.value_embeds.5.weight.m,8960,128,512,65536,1024,64503,0,262144,258076,True
optimizer.safetensors,adam.value_embeds.5.weight.m,9088,128,512,65536,1024,64494,0,262144,258040,True
optimizer.safetensors,adam.value_embeds.5.weight.m,9216,128,512,65536,1024,64491,0,262144,258028,True
optimizer.safetensors,adam.value_embeds.5.weight.m,9344,128,512,65536,2298,63224,0,262144,252960,True
optimizer.safetensors,adam.value_embeds.5.weight.m,9472,128,512,65536,1539,63988,0,262144,256016,True
optimizer.safetensors,adam.value_embeds.5.weight.m,9600,128,512,65536,512,65011,0,262144,260108,True
optimizer.safetensors,adam.value_embeds.5.weight.m,9728,128,512,65536,2048,63473,0,262144,253956,True
optimizer.safetensors,adam.value_embeds.5.weight.m,9856,128,512,65536,512,65010,0,262144,260104,True
optimizer.safetensors,adam.value_embeds.5.weight.m,9984,128,512,65536,1024,64500,0,262144,258064,True
optimizer.safetensors,adam.value_embeds.5.weight.m,10112,128,512,65536,2048,63470,0,262144,253944,True
optimizer.safetensors,adam.value_embeds.5.weight.m,10240,128,512,65536,2048,63471,0,262144,253948,True
optimizer.safetensors,adam.value_embeds.5.weight.m,10368,128,512,65536,2048,63475,0,262144,253964,True
optimizer.safetensors,adam.value_embeds.5.weight.m,10496,128,512,65536,914,64614,0,262144,258520,True
optimizer.safetensors,adam.value_embeds.5.weight.m,10624,128,512,65536,1536,63990,0,262144,256024,True
optimizer.safetensors,adam.value_embeds.5.weight.m,10752,128,512,65536,0,65523,0,262144,262156,True
optimizer.safetensors,adam.value_embeds.5.weight.m,10880,128,512,65536,0,65521,0,262144,262148,True
optimizer.safetensors,adam.value_embeds.5.weight.m,11008,128,512,65536,1536,63982,0,262144,255992,True
optimizer.safetensors,adam.value_embeds.5.weight.m,11136,128,512,65536,1578,63944,0,262144,255840,True
optimizer.safetensors,adam.value_embeds.5.weight.m,11264,128,512,65536,0,65512,0,262144,262112,True
optimizer.safetensors,adam.value_embeds.5.weight.m,11392,128,512,65536,3072,62449,0,262144,249860,True
optimizer.safetensors,adam.value_embeds.5.weight.m,11520,128,512,65536,2096,63427,0,262144,253772,True
optimizer.safetensors,adam.value_embeds.5.weight.m,11648,128,512,65536,1693,63833,0,262144,255396,True
optimizer.safetensors,adam.value_embeds.5.weight.m,11776,128,512,65536,1536,63991,0,262144,256028,True
optimizer.safetensors,adam.value_embeds.5.weight.m,11904,128,512,65536,2048,63476,0,262144,253968,True
optimizer.safetensors,adam.value_embeds.5.weight.m,12032,128,512,65536,512,65012,0,262144,260112,True
optimizer.safetensors,adam.value_embeds.5.weight.m,12160,128,512,65536,1027,64493,0,262144,258036,True
optimizer.safetensors,adam.value_embeds.5.weight.m,12288,128,512,65536,2028,63491,0,262144,254028,True
optimizer.safetensors,adam.value_embeds.5.weight.m,12416,128,512,65536,1024,64500,0,262144,258064,True
optimizer.safetensors,adam.value_embeds.5.weight.m,12544,128,512,65536,0,65523,0,262144,262156,True
optimizer.safetensors,adam.value_embeds.5.weight.m,12672,128,512,65536,2462,63069,0,262144,252340,True
optimizer.safetensors,adam.value_embeds.5.weight.m,12800,128,512,65536,1536,63993,0,262144,256036,True
optimizer.safetensors,adam.value_embeds.5.weight.m,12928,128,512,65536,1556,63965,0,262144,255924,True
optimizer.safetensors,adam.value_embeds.5.weight.m,13056,128,512,65536,1024,64499,0,262144,258060,True
optimizer.safetensors,adam.value_embeds.5.weight.m,13184,128,512,65536,2506,63015,0,262144,252124,True
optimizer.safetensors,adam.value_embeds.5.weight.m,13312,128,512,65536,1773,63755,0,262144,255084,True
optimizer.safetensors,adam.value_embeds.5.weight.m,13440,128,512,65536,1785,63737,0,262144,255012,True
optimizer.safetensors,adam.value_embeds.5.weight.m,13568,128,512,65536,1932,63589,0,262144,254420,True
optimizer.safetensors,adam.value_embeds.5.weight.m,13696,128,512,65536,2048,63477,0,262144,253972,True
optimizer.safetensors,adam.value_embeds.5.weight.m,13824,128,512,65536,517,65004,0,262144,260080,True
optimizer.safetensors,adam.value_embeds.5.weight.m,13952,128,512,65536,2048,63467,0,262144,253932,True
optimizer.safetensors,adam.value_embeds.5.weight.m,14080,128,512,65536,1538,63987,0,262144,256012,True
optimizer.safetensors,adam.value_embeds.5.weight.m,14208,128,512,65536,2058,63460,0,262144,253904,True
optimizer.safetensors,adam.value_embeds.5.weight.m,14336,128,512,65536,1536,63991,0,262144,256028,True
optimizer.safetensors,adam.value_embeds.5.weight.m,14464,128,512,65536,0,65516,0,262144,262128,True
optimizer.safetensors,adam.value_embeds.5.weight.m,14592,128,512,65536,0,65525,0,262144,262164,True
optimizer.safetensors,adam.value_embeds.5.weight.m,14720,128,512,65536,1024,64503,0,262144,258076,True
optimizer.safetensors,adam.value_embeds.5.weight.m,14848,128,512,65536,1378,64144,0,262144,256640,True
optimizer.safetensors,adam.value_embeds.5.weight.m,14976,128,512,65536,1536,63993,0,262144,256036,True
optimizer.safetensors,adam.value_embeds.5.weight.m,15104,128,512,65536,982,64546,0,262144,258248,True
optimizer.safetensors,adam.value_embeds.5.weight.m,15232,128,512,65536,2560,62961,0,262144,251908,True
optimizer.safetensors,adam.value_embeds.5.weight.m,15360,128,512,65536,2049,63481,0,262144,253988,True
optimizer.safetensors,adam.value_embeds.5.weight.m,15488,128,512,65536,2048,63474,0,262144,253960,True
optimizer.safetensors,adam.value_embeds.5.weight.m,15616,128,512,65536,2302,63221,0,262144,252948,True
optimizer.safetensors,adam.value_embeds.5.weight.m,15744,128,512,65536,1536,63986,0,262144,256008,True
optimizer.safetensors,adam.value_embeds.5.weight.m,15872,128,512,65536,0,65527,0,262144,262172,True
optimizer.safetensors,adam.value_embeds.5.weight.m,16000,128,512,65536,1668,63858,0,262144,255496,True
optimizer.safetensors,adam.value_embeds.5.weight.m,16128,128,512,65536,1536,63986,0,262144,256008,True
optimizer.safetensors,adam.value_embeds.5.weight.m,16256,128,512,65536,2560,62960,0,262144,251904,True
optimizer.safetensors,adam.value_embeds.5.weight.m,16384,128,512,65536,2560,62959,0,262144,251900,True
optimizer.safetensors,adam.value_embeds.5.weight.m,16512,128,512,65536,2,65526,0,262144,262168,True
optimizer.safetensors,adam.value_embeds.5.weight.m,16640,128,512,65536,1024,64502,0,262144,258072,True
optimizer.safetensors,adam.value_embeds.5.weight.m,16768,128,512,65536,2048,63476,0,262144,253968,True
optimizer.safetensors,adam.value_embeds.5.weight.m,16896,128,512,65536,1876,63649,0,262144,254660,True
optimizer.safetensors,adam.value_embeds.5.weight.m,17024,128,512,65536,1024,64496,0,262144,258048,True
optimizer.safetensors,adam.value_embeds.5.weight.m,17152,128,512,65536,828,64688,0,262144,258816,True
optimizer.safetensors,adam.value_embeds.5.weight.m,17280,128,512,65536,893,64626,0,262144,258568,True
optimizer.safetensors,adam.value_embeds.5.weight.m,17408,128,512,65536,1536,63980,0,262144,255984,True
optimizer.safetensors,adam.value_embeds.5.weight.m,17536,128,512,65536,1536,63985,0,262144,256004,True
optimizer.safetensors,adam.value_embeds.5.weight.m,17664,128,512,65536,512,65011,0,262144,260108,True
optimizer.safetensors,adam.value_embeds.5.weight.m,17792,128,512,65536,512,65013,0,262144,260116,True
optimizer.safetensors,adam.value_embeds.5.weight.m,17920,128,512,65536,1028,64497,0,262144,258052,True
optimizer.safetensors,adam.value_embeds.5.weight.m,18048,128,512,65536,3072,62451,0,262144,249868,True
optimizer.safetensors,adam.value_embeds.5.weight.m,18176,128,512,65536,904,64622,0,262144,258552,True
optimizer.safetensors,adam.value_embeds.5.weight.m,18304,128,512,65536,679,64845,0,262144,259444,True
optimizer.safetensors,adam.value_embeds.5.weight.m,18432,128,512,65536,512,65012,0,262144,260112,True
optimizer.safetensors,adam.value_embeds.5.weight.m,18560,128,512,65536,2060,63455,0,262144,253884,True
optimizer.safetensors,adam.value_embeds.5.weight.m,18688,128,512,65536,2048,63480,0,262144,253984,True
optimizer.safetensors,adam.value_embeds.5.weight.m,18816,128,512,65536,2847,62681,0,262144,250788,True
optimizer.safetensors,adam.value_embeds.5.weight.m,18944,128,512,65536,512,65009,0,262144,260100,True
optimizer.safetensors,adam.value_embeds.5.weight.m,19072,128,512,65536,1539,63987,0,262144,256012,True
optimizer.safetensors,adam.value_embeds.5.weight.m,19200,128,512,65536,528,64995,0,262144,260044,True
optimizer.safetensors,adam.value_embeds.5.weight.m,19328,128,512,65536,1197,64322,0,262144,257352,True
optimizer.safetensors,adam.value_embeds.5.weight.m,19456,128,512,65536,1536,63984,0,262144,256000,True
optimizer.safetensors,adam.value_embeds.5.weight.m,19584,128,512,65536,1536,63987,0,262144,256012,True
optimizer.safetensors,adam.value_embeds.5.weight.m,19712,128,512,65536,1626,63898,0,262144,255656,True
optimizer.safetensors,adam.value_embeds.5.weight.m,19840,128,512,65536,3585,61945,0,262144,247844,False
optimizer.safetensors,adam.value_embeds.5.weight.m,19968,128,512,65536,953,64572,0,262144,258352,True
optimizer.safetensors,adam.value_embeds.5.weight.m,20096,128,512,65536,1543,63970,0,262144,255944,True
optimizer.safetensors,adam.value_embeds.5.weight.m,20224,128,512,65536,2493,63031,0,262144,252188,True
optimizer.safetensors,adam.value_embeds.5.weight.m,20352,128,512,65536,2575,62949,0,262144,251860,True
optimizer.safetensors,adam.value_embeds.5.weight.m,20480,128,512,65536,1024,64505,0,262144,258084,True
optimizer.safetensors,adam.value_embeds.5.weight.m,20608,128,512,65536,908,64615,0,262144,258524,True
optimizer.safetensors,adam.value_embeds.5.weight.m,20736,128,512,65536,2048,63479,0,262144,253980,True
optimizer.safetensors,adam.value_embeds.5.weight.m,20864,128,512,65536,1823,63701,0,262144,254868,True
optimizer.safetensors,adam.value_embeds.5.weight.m,20992,128,512,65536,1608,63918,0,262144,255736,True
optimizer.safetensors,adam.value_embeds.5.weight.m,21120,128,512,65536,1536,63989,0,262144,256020,True
optimizer.safetensors,adam.value_embeds.5.weight.m,21248,128,512,65536,512,65015,0,262144,260124,True
optimizer.safetensors,adam.value_embeds.5.weight.m,21376,128,512,65536,2039,63490,0,262144,254024,True
optimizer.safetensors,adam.value_embeds.5.weight.m,21504,128,512,65536,3072,62451,0,262144,249868,True
optimizer.safetensors,adam.value_embeds.5.weight.m,21632,128,512,65536,1028,64494,0,262144,258040,True
optimizer.safetensors,adam.value_embeds.5.weight.m,21760,128,512,65536,2560,62964,0,262144,251920,True
optimizer.safetensors,adam.value_embeds.5.weight.m,21888,128,512,65536,1585,63938,0,262144,255816,True
optimizer.safetensors,adam.value_embeds.5.weight.m,22016,128,512,65536,1536,63989,0,262144,256020,True
optimizer.safetensors,adam.value_embeds.5.weight.m,22144,128,512,65536,1085,64438,0,262144,257816,True
optimizer.safetensors,adam.value_embeds.5.weight.m,22272,128,512,65536,0,65525,0,262144,262164,True
optimizer.safetensors,adam.value_embeds.5.weight.m,22400,128,512,65536,3074,62451,0,262144,249868,True
optimizer.safetensors,adam.value_embeds.5.weight.m,22528,128,512,65536,2064,63460,0,262144,253904,True
optimizer.safetensors,adam.value_embeds.5.weight.m,22656,128,512,65536,1536,63990,0,262144,256024,True
optimizer.safetensors,adam.value_embeds.5.weight.m,22784,128,512,65536,3073,62458,0,262144,249896,True
optimizer.safetensors,adam.value_embeds.5.weight.m,22912,128,512,65536,1536,63983,0,262144,255996,True
optimizer.safetensors,adam.value_embeds.5.weight.m,23040,128,512,65536,1536,63985,0,262144,256004,True
optimizer.safetensors,adam.value_embeds.5.weight.m,23168,128,512,65536,2052,63473,0,262144,253956,True
optimizer.safetensors,adam.value_embeds.5.weight.m,23296,128,512,65536,3072,62457,0,262144,249892,True
optimizer.safetensors,adam.value_embeds.5.weight.m,23424,128,512,65536,512,65003,0,262144,260076,True
optimizer.safetensors,adam.value_embeds.5.weight.m,23552,128,512,65536,2527,62999,0,262144,252060,True
optimizer.safetensors,adam.value_embeds.5.weight.m,23680,128,512,65536,2048,63474,0,262144,253960,True
optimizer.safetensors,adam.value_embeds.5.weight.m,23808,128,512,65536,2048,63474,0,262144,253960,True
optimizer.safetensors,adam.value_embeds.5.weight.m,23936,128,512,65536,1538,63988,0,262144,256016,True
optimizer.safetensors,adam.value_embeds.5.weight.m,24064,128,512,65536,512,65010,0,262144,260104,True
optimizer.safetensors,adam.value_embeds.5.weight.m,24192,128,512,65536,512,65011,0,262144,260108,True
optimizer.safetensors,adam.value_embeds.5.weight.m,24320,128,512,65536,1030,64500,0,262144,258064,True
optimizer.safetensors,adam.value_embeds.5.weight.m,24448,128,512,65536,2560,62963,0,262144,251916,True
optimizer.safetensors,adam.value_embeds.5.weight.m,24576,128,512,65536,1646,63873,0,262144,255556,True
optimizer.safetensors,adam.value_embeds.5.weight.m,24704,128,512,65536,2048,63480,0,262144,253984,True
optimizer.safetensors,adam.value_embeds.5.weight.m,24832,128,512,65536,3072,62457,0,262144,249892,True
optimizer.safetensors,adam.value_embeds.5.weight.m,24960,128,512,65536,4608,60919,0,262144,243740,False
optimizer.safetensors,adam.value_embeds.5.weight.m,25088,128,512,65536,1540,63987,0,262144,256012,True
optimizer.safetensors,adam.value_embeds.5.weight.m,25216,128,512,65536,1536,63990,0,262144,256024,True
optimizer.safetensors,adam.value_embeds.5.weight.m,25344,128,512,65536,2415,63106,0,262144,252488,True
optimizer.safetensors,adam.value_embeds.5.weight.m,25472,128,512,65536,1103,64423,0,262144,257756,True
optimizer.safetensors,adam.value_embeds.5.weight.m,25600,128,512,65536,1024,64489,0,262144,258020,True
optimizer.safetensors,adam.value_embeds.5.weight.m,25728,128,512,65536,1536,63990,0,262144,256024,True
optimizer.safetensors,adam.value_embeds.5.weight.m,25856,128,512,65536,157,65368,0,262144,261536,True
optimizer.safetensors,adam.value_embeds.5.weight.m,25984,128,512,65536,1083,64439,0,262144,257820,True
optimizer.safetensors,adam.value_embeds.5.weight.m,26112,128,512,65536,3045,62477,0,262144,249972,True
optimizer.safetensors,adam.value_embeds.5.weight.m,26240,128,512,65536,1536,63992,0,262144,256032,True
optimizer.safetensors,adam.value_embeds.5.weight.m,26368,128,512,65536,1745,63777,0,262144,255172,True
optimizer.safetensors,adam.value_embeds.5.weight.m,26496,128,512,65536,3515,62012,0,262144,248112,False
optimizer.safetensors,adam.value_embeds.5.weight.m,26624,128,512,65536,2562,62960,0,262144,251904,True
optimizer.safetensors,adam.value_embeds.5.weight.m,26752,128,512,65536,512,65016,0,262144,260128,True
optimizer.safetensors,adam.value_embeds.5.weight.m,26880,128,512,65536,1592,63935,0,262144,255804,True
optimizer.safetensors,adam.value_embeds.5.weight.m,27008,128,512,65536,1024,64498,0,262144,258056,True
optimizer.safetensors,adam.value_embeds.5.weight.m,27136,128,512,65536,513,65008,0,262144,260096,True
optimizer.safetensors,adam.value_embeds.5.weight.m,27264,128,512,65536,3063,62458,0,262144,249896,True
optimizer.safetensors,adam.value_embeds.5.weight.m,27392,128,512,65536,3534,61991,0,262144,248028,False
optimizer.safetensors,adam.value_embeds.5.weight.m,27520,128,512,65536,4608,60918,0,262144,243736,False
optimizer.safetensors,adam.value_embeds.5.weight.m,27648,128,512,65536,2048,63477,0,262144,253972,True
optimizer.safetensors,adam.value_embeds.5.weight.m,27776,128,512,65536,1574,63952,0,262144,255872,True
optimizer.safetensors,adam.value_embeds.5.weight.m,27904,128,512,65536,2082,63449,0,262144,253860,True
optimizer.safetensors,adam.value_embeds.5.weight.m,28032,128,512,65536,2544,62982,0,262144,251992,True
optimizer.safetensors,adam.value_embeds.5.weight.m,28160,128,512,65536,1536,63986,0,262144,256008,True
optimizer.safetensors,adam.value_embeds.5.weight.m,28288,128,512,65536,2049,63474,0,262144,253960,True
optimizer.safetensors,adam.value_embeds.5.weight.m,28416,128,512,65536,3475,62047,0,262144,248252,False
optimizer.safetensors,adam.value_embeds.5.weight.m,28544,128,512,65536,3072,62456,0,262144,249888,True
optimizer.safetensors,adam.value_embeds.5.weight.m,28672,128,512,65536,1042,64483,0,262144,257996,True
optimizer.safetensors,adam.value_embeds.5.weight.m,28800,128,512,65536,4096,61432,0,262144,245792,False
optimizer.safetensors,adam.value_embeds.5.weight.m,28928,128,512,65536,516,65009,0,262144,260100,True
optimizer.safetensors,adam.value_embeds.5.weight.m,29056,128,512,65536,3072,62457,0,262144,249892,True
optimizer.safetensors,adam.value_embeds.5.weight.m,29184,128,512,65536,1609,63912,0,262144,255712,True
optimizer.safetensors,adam.value_embeds.5.weight.m,29312,128,512,65536,3590,61930,0,262144,247784,False
optimizer.safetensors,adam.value_embeds.5.weight.m,29440,128,512,65536,2562,62967,0,262144,251932,True
optimizer.safetensors,adam.value_embeds.5.weight.m,29568,128,512,65536,1487,64036,0,262144,256208,True
optimizer.safetensors,adam.value_embeds.5.weight.m,29696,128,512,65536,2560,62967,0,262144,251932,True
optimizer.safetensors,adam.value_embeds.5.weight.m,29824,128,512,65536,2049,63474,0,262144,253960,True
optimizer.safetensors,adam.value_embeds.5.weight.m,29952,128,512,65536,1538,63991,0,262144,256028,True
optimizer.safetensors,adam.value_embeds.5.weight.m,30080,128,512,65536,2048,63478,0,262144,253976,True
optimizer.safetensors,adam.value_embeds.5.weight.m,30208,128,512,65536,3583,61948,0,262144,247856,False
optimizer.safetensors,adam.value_embeds.5.weight.m,30336,128,512,65536,3072,62451,0,262144,249868,True
optimizer.safetensors,adam.value_embeds.5.weight.m,30464,128,512,65536,3416,62114,0,262144,248520,False
optimizer.safetensors,adam.value_embeds.5.weight.m,30592,128,512,65536,5114,60412,0,262144,241712,False
optimizer.safetensors,adam.value_embeds.5.weight.m,30720,128,512,65536,2048,63476,0,262144,253968,True
optimizer.safetensors,adam.value_embeds.5.weight.m,30848,128,512,65536,2049,63481,0,262144,253988,True
optimizer.safetensors,adam.value_embeds.5.weight.m,30976,128,512,65536,4577,60946,0,262144,243848,False
optimizer.safetensors,adam.value_embeds.5.weight.m,31104,128,512,65536,2040,63483,0,262144,253996,True
optimizer.safetensors,adam.value_embeds.5.weight.m,31232,128,512,65536,1964,63566,0,262144,254328,True
optimizer.safetensors,adam.value_embeds.5.weight.m,31360,128,512,65536,1063,64459,0,262144,257900,True
optimizer.safetensors,adam.value_embeds.5.weight.m,31488,128,512,65536,1585,63942,0,262144,255832,True
optimizer.safetensors,adam.value_embeds.5.weight.m,31616,128,512,65536,2326,63203,0,262144,252876,True
optimizer.safetensors,adam.value_embeds.5.weight.m,31744,128,512,65536,2463,63066,0,262144,252328,True
optimizer.safetensors,adam.value_embeds.5.weight.m,31872,128,512,65536,1353,64176,0,262144,256768,True
optimizer.safetensors,adam.value_embeds.5.weight.m,32000,128,512,65536,21,65505,0,262144,262084,True
optimizer.safetensors,adam.value_embeds.5.weight.m,32128,128,512,65536,1536,63990,0,262144,256024,True
optimizer.safetensors,adam.value_embeds.5.weight.m,32256,128,512,65536,1246,64283,0,262144,257196,True
optimizer.safetensors,adam.value_embeds.5.weight.m,32384,128,512,65536,1024,64498,0,262144,258056,True
optimizer.safetensors,adam.value_embeds.5.weight.m,32512,128,512,65536,2048,63475,0,262144,253964,True
optimizer.safetensors,adam.value_embeds.5.weight.m,32640,128,512,65536,7848,57680,0,262144,230784,False
optimizer.safetensors,adam.value_embeds.5.weight.v,0,128,512,65536,16896,48630,0,262144,194584,False
optimizer.safetensors,adam.value_embeds.5.weight.v,128,128,512,65536,12805,52704,0,262144,210880,False
optimizer.safetensors,adam.value_embeds.5.weight.v,256,128,512,65536,0,65520,0,262144,262144,True
optimizer.safetensors,adam.value_embeds.5.weight.v,384,128,512,65536,0,65518,0,262144,262136,True
optimizer.safetensors,adam.value_embeds.5.weight.v,512,128,512,65536,0,65513,0,262144,262116,True
optimizer.safetensors,adam.value_embeds.5.weight.v,640,128,512,65536,518,65000,0,262144,260064,True
optimizer.safetensors,adam.value_embeds.5.weight.v,768,128,512,65536,512,65009,0,262144,260100,True
optimizer.safetensors,adam.value_embeds.5.weight.v,896,128,512,65536,512,65010,0,262144,260104,True
optimizer.safetensors,adam.value_embeds.5.weight.v,1024,128,512,65536,0,65523,0,262144,262156,True
optimizer.safetensors,adam.value_embeds.5.weight.v,1152,128,512,65536,0,65519,0,262144,262140,True
optimizer.safetensors,adam.value_embeds.5.weight.v,1280,128,512,65536,0,65526,0,262144,262168,True
optimizer.safetensors,adam.value_embeds.5.weight.v,1408,128,512,65536,1024,64498,0,262144,258056,True
optimizer.safetensors,adam.value_embeds.5.weight.v,1536,128,512,65536,0,65519,0,262144,262140,True
optimizer.safetensors,adam.value_embeds.5.weight.v,1664,128,512,65536,512,65013,0,262144,260116,True
optimizer.safetensors,adam.value_embeds.5.weight.v,1792,128,512,65536,761,64761,0,262144,259108,True
optimizer.safetensors,adam.value_embeds.5.weight.v,1920,128,512,65536,1098,64423,0,262144,257756,True
optimizer.safetensors,adam.value_embeds.5.weight.v,2048,128,512,65536,300,65218,0,262144,260936,True
optimizer.safetensors,adam.value_embeds.5.weight.v,2176,128,512,65536,270,65251,0,262144,261068,True
optimizer.safetensors,adam.value_embeds.5.weight.v,2304,128,512,65536,1024,64493,0,262144,258036,True
optimizer.safetensors,adam.value_embeds.5.weight.v,2432,128,512,65536,0,65521,0,262144,262148,True
optimizer.safetensors,adam.value_embeds.5.weight.v,2560,128,512,65536,1536,63990,0,262144,256024,True
optimizer.safetensors,adam.value_embeds.5.weight.v,2688,128,512,65536,512,65000,0,262144,260064,True
optimizer.safetensors,adam.value_embeds.5.weight.v,2816,128,512,65536,1536,63983,0,262144,255996,True
optimizer.safetensors,adam.value_embeds.5.weight.v,2944,128,512,65536,1540,63982,0,262144,255992,True
optimizer.safetensors,adam.value_embeds.5.weight.v,3072,128,512,65536,0,65519,0,262144,262140,True
optimizer.safetensors,adam.value_embeds.5.weight.v,3200,128,512,65536,512,65002,0,262144,260072,True
optimizer.safetensors,adam.value_embeds.5.weight.v,3328,128,512,65536,1024,64499,0,262144,258060,True
optimizer.safetensors,adam.value_embeds.5.weight.v,3456,128,512,65536,512,65008,0,262144,260096,True
optimizer.safetensors,adam.value_embeds.5.weight.v,3584,128,512,65536,0,65520,0,262144,262144,True
optimizer.safetensors,adam.value_embeds.5.weight.v,3712,128,512,65536,1058,64454,0,262144,257880,True
optimizer.safetensors,adam.value_embeds.5.weight.v,3840,128,512,65536,512,64995,0,262144,260044,True
optimizer.safetensors,adam.value_embeds.5.weight.v,3968,128,512,65536,0,65513,0,262144,262116,True
optimizer.safetensors,adam.value_embeds.5.weight.v,4096,128,512,65536,0,65518,0,262144,262136,True
optimizer.safetensors,adam.value_embeds.5.weight.v,4224,128,512,65536,0,65512,0,262144,262112,True
optimizer.safetensors,adam.value_embeds.5.weight.v,4352,128,512,65536,512,65007,0,262144,260092,True
optimizer.safetensors,adam.value_embeds.5.weight.v,4480,128,512,65536,514,64998,0,262144,260056,True
optimizer.safetensors,adam.value_embeds.5.weight.v,4608,128,512,65536,512,65004,0,262144,260080,True
optimizer.safetensors,adam.value_embeds.5.weight.v,4736,128,512,65536,1024,64487,0,262144,258012,True
optimizer.safetensors,adam.value_embeds.5.weight.v,4864,128,512,65536,512,65001,0,262144,260068,True
optimizer.safetensors,adam.value_embeds.5.weight.v,4992,128,512,65536,1536,63985,0,262144,256004,True
optimizer.safetensors,adam.value_embeds.5.weight.v,5120,128,512,65536,512,65001,0,262144,260068,True
optimizer.safetensors,adam.value_embeds.5.weight.v,5248,128,512,65536,1537,63980,0,262144,255984,True
optimizer.safetensors,adam.value_embeds.5.weight.v,5376,128,512,65536,1024,64495,0,262144,258044,True
optimizer.safetensors,adam.value_embeds.5.weight.v,5504,128,512,65536,2048,63467,0,262144,253932,True
optimizer.safetensors,adam.value_embeds.5.weight.v,5632,128,512,65536,575,64937,0,262144,259812,True
optimizer.safetensors,adam.value_embeds.5.weight.v,5760,128,512,65536,2050,63471,0,262144,253948,True
optimizer.safetensors,adam.value_embeds.5.weight.v,5888,128,512,65536,0,65513,0,262144,262116,True
optimizer.safetensors,adam.value_embeds.5.weight.v,6016,128,512,65536,0,65520,0,262144,262144,True
optimizer.safetensors,adam.value_embeds.5.weight.v,6144,128,512,65536,890,64625,0,262144,258564,True
optimizer.safetensors,adam.value_embeds.5.weight.v,6272,128,512,65536,512,65006,0,262144,260088,True
optimizer.safetensors,adam.value_embeds.5.weight.v,6400,128,512,65536,1024,64500,0,262144,258064,True
optimizer.safetensors,adam.value_embeds.5.weight.v,6528,128,512,65536,1025,64495,0,262144,258044,True
optimizer.safetensors,adam.value_embeds.5.weight.v,6656,128,512,65536,1024,64496,0,262144,258048,True
optimizer.safetensors,adam.value_embeds.5.weight.v,6784,128,512,65536,1536,63981,0,262144,255988,True
optimizer.safetensors,adam.value_embeds.5.weight.v,6912,128,512,65536,1024,64485,0,262144,258004,True
optimizer.safetensors,adam.value_embeds.5.weight.v,7040,128,512,65536,0,65521,0,262144,262148,True
optimizer.safetensors,adam.value_embeds.5.weight.v,7168,128,512,65536,1024,64487,0,262144,258012,True
optimizer.safetensors,adam.value_embeds.5.weight.v,7296,128,512,65536,515,65000,0,262144,260064,True
optimizer.safetensors,adam.value_embeds.5.weight.v,7424,128,512,65536,1024,64495,0,262144,258044,True
optimizer.safetensors,adam.value_embeds.5.weight.v,7552,128,512,65536,512,65005,0,262144,260084,True
optimizer.safetensors,adam.value_embeds.5.weight.v,7680,128,512,65536,986,64527,0,262144,258172,True
optimizer.safetensors,adam.value_embeds.5.weight.v,7808,128,512,65536,832,64680,0,262144,258784,True
optimizer.safetensors,adam.value_embeds.5.weight.v,7936,128,512,65536,512,65005,0,262144,260084,True
optimizer.safetensors,adam.value_embeds.5.weight.v,8064,128,512,65536,512,65008,0,262144,260096,True
optimizer.safetensors,adam.value_embeds.5.weight.v,8192,128,512,65536,1048,64465,0,262144,257924,True
optimizer.safetensors,adam.value_embeds.5.weight.v,8320,128,512,65536,62,65447,0,262144,261852,True
optimizer.safetensors,adam.value_embeds.5.weight.v,8448,128,512,65536,1087,64418,0,262144,257736,True
optimizer.safetensors,adam.value_embeds.5.weight.v,8576,128,512,65536,1538,63979,0,262144,255980,True
optimizer.safetensors,adam.value_embeds.5.weight.v,8704,128,512,65536,512,65000,0,262144,260064,True
optimizer.safetensors,adam.value_embeds.5.weight.v,8832,128,512,65536,1064,64449,0,262144,257860,True
optimizer.safetensors,adam.value_embeds.5.weight.v,8960,128,512,65536,1024,64487,0,262144,258012,True
optimizer.safetensors,adam.value_embeds.5.weight.v,9088,128,512,65536,530,64989,0,262144,260020,True
optimizer.safetensors,adam.value_embeds.5.weight.v,9216,128,512,65536,594,64916,0,262144,259728,True
optimizer.safetensors,adam.value_embeds.5.weight.v,9344,128,512,65536,518,64996,0,262144,260048,True
optimizer.safetensors,adam.value_embeds.5.weight.v,9472,128,512,65536,1024,64490,0,262144,258024,True
optimizer.safetensors,adam.value_embeds.5.weight.v,9600,128,512,65536,0,65509,0,262144,262100,True
optimizer.safetensors,adam.value_embeds.5.weight.v,9728,128,512,65536,512,65002,0,262144,260072,True
optimizer.safetensors,adam.value_embeds.5.weight.v,9856,128,512,65536,512,64997,0,262144,260052,True
optimizer.safetensors,adam.value_embeds.5.weight.v,9984,128,512,65536,643,64869,0,262144,259540,True
optimizer.safetensors,adam.value_embeds.5.weight.v,10112,128,512,65536,589,64922,0,262144,259752,True
optimizer.safetensors,adam.value_embeds.5.weight.v,10240,128,512,65536,512,65004,0,262144,260080,True
optimizer.safetensors,adam.value_embeds.5.weight.v,10368,128,512,65536,512,65004,0,262144,260080,True
optimizer.safetensors,adam.value_embeds.5.weight.v,10496,128,512,65536,0,65506,0,262144,262088,True
optimizer.safetensors,adam.value_embeds.5.weight.v,10624,128,512,65536,517,64999,0,262144,260060,True
optimizer.safetensors,adam.value_embeds.5.weight.v,10752,128,512,65536,0,65509,0,262144,262100,True
optimizer.safetensors,adam.value_embeds.5.weight.v,10880,128,512,65536,0,65510,0,262144,262104,True
optimizer.safetensors,adam.value_embeds.5.weight.v,11008,128,512,65536,512,65004,0,262144,260080,True
optimizer.safetensors,adam.value_embeds.5.weight.v,11136,128,512,65536,410,65100,0,262144,260464,True
optimizer.safetensors,adam.value_embeds.5.weight.v,11264,128,512,65536,0,65514,0,262144,262120,True
optimizer.safetensors,adam.value_embeds.5.weight.v,11392,128,512,65536,1024,64489,0,262144,258020,True
optimizer.safetensors,adam.value_embeds.5.weight.v,11520,128,512,65536,512,65001,0,262144,260068,True
optimizer.safetensors,adam.value_embeds.5.weight.v,11648,128,512,65536,1024,64490,0,262144,258024,True
optimizer.safetensors,adam.value_embeds.5.weight.v,11776,128,512,65536,512,65006,0,262144,260088,True
optimizer.safetensors,adam.value_embeds.5.weight.v,11904,128,512,65536,513,65006,0,262144,260088,True
optimizer.safetensors,adam.value_embeds.5.weight.v,12032,128,512,65536,0,65511,0,262144,262108,True
optimizer.safetensors,adam.value_embeds.5.weight.v,12160,128,512,65536,512,65004,0,262144,260080,True
optimizer.safetensors,adam.value_embeds.5.weight.v,12288,128,512,65536,929,64590,0,262144,258424,True
optimizer.safetensors,adam.value_embeds.5.weight.v,12416,128,512,65536,512,65006,0,262144,260088,True
optimizer.safetensors,adam.value_embeds.5.weight.v,12544,128,512,65536,0,65509,0,262144,262100,True
optimizer.safetensors,adam.value_embeds.5.weight.v,12672,128,512,65536,512,64997,0,262144,260052,True
optimizer.safetensors,adam.value_embeds.5.weight.v,12800,128,512,65536,838,64672,0,262144,258752,True
optimizer.safetensors,adam.value_embeds.5.weight.v,12928,128,512,65536,1024,64498,0,262144,258056,True
optimizer.safetensors,adam.value_embeds.5.weight.v,13056,128,512,65536,0,65508,0,262144,262096,True
optimizer.safetensors,adam.value_embeds.5.weight.v,13184,128,512,65536,512,65003,0,262144,260076,True
optimizer.safetensors,adam.value_embeds.5.weight.v,13312,128,512,65536,512,64998,0,262144,260056,True
optimizer.safetensors,adam.value_embeds.5.weight.v,13440,128,512,65536,1250,64252,0,262144,257072,True
optimizer.safetensors,adam.value_embeds.5.weight.v,13568,128,512,65536,512,65004,0,262144,260080,True
optimizer.safetensors,adam.value_embeds.5.weight.v,13696,128,512,65536,1024,64492,0,262144,258032,True
optimizer.safetensors,adam.value_embeds.5.weight.v,13824,128,512,65536,512,64992,0,262144,260032,True
optimizer.safetensors,adam.value_embeds.5.weight.v,13952,128,512,65536,512,64997,0,262144,260052,True
optimizer.safetensors,adam.value_embeds.5.weight.v,14080,128,512,65536,512,64996,0,262144,260048,True
optimizer.safetensors,adam.value_embeds.5.weight.v,14208,128,512,65536,1536,63976,0,262144,255968,True
optimizer.safetensors,adam.value_embeds.5.weight.v,14336,128,512,65536,512,64997,0,262144,260052,True
optimizer.safetensors,adam.value_embeds.5.weight.v,14464,128,512,65536,0,65517,0,262144,262132,True
optimizer.safetensors,adam.value_embeds.5.weight.v,14592,128,512,65536,0,65514,0,262144,262120,True
optimizer.safetensors,adam.value_embeds.5.weight.v,14720,128,512,65536,512,65002,0,262144,260072,True
optimizer.safetensors,adam.value_embeds.5.weight.v,14848,128,512,65536,0,65508,0,262144,262096,True
optimizer.safetensors,adam.value_embeds.5.weight.v,14976,128,512,65536,1024,64487,0,262144,258012,True
optimizer.safetensors,adam.value_embeds.5.weight.v,15104,128,512,65536,0,65511,0,262144,262108,True
optimizer.safetensors,adam.value_embeds.5.weight.v,15232,128,512,65536,512,65002,0,262144,260072,True
optimizer.safetensors,adam.value_embeds.5.weight.v,15360,128,512,65536,512,65005,0,262144,260084,True
optimizer.safetensors,adam.value_embeds.5.weight.v,15488,128,512,65536,1024,64491,0,262144,258028,True
optimizer.safetensors,adam.value_embeds.5.weight.v,15616,128,512,65536,1,65516,0,262144,262128,True
optimizer.safetensors,adam.value_embeds.5.weight.v,15744,128,512,65536,0,65511,0,262144,262108,True
optimizer.safetensors,adam.value_embeds.5.weight.v,15872,128,512,65536,0,65504,0,262144,262080,True
optimizer.safetensors,adam.value_embeds.5.weight.v,16000,128,512,65536,1024,64486,0,262144,258008,True
optimizer.safetensors,adam.value_embeds.5.weight.v,16128,128,512,65536,1024,64487,0,262144,258012,True
optimizer.safetensors,adam.value_embeds.5.weight.v,16256,128,512,65536,1536,63975,0,262144,255964,True
optimizer.safetensors,adam.value_embeds.5.weight.v,16384,128,512,65536,1024,64485,0,262144,258004,True
optimizer.safetensors,adam.value_embeds.5.weight.v,16512,128,512,65536,0,65516,0,262144,262128,True
optimizer.safetensors,adam.value_embeds.5.weight.v,16640,128,512,65536,512,64999,0,262144,260060,True
optimizer.safetensors,adam.value_embeds.5.weight.v,16768,128,512,65536,1024,64486,0,262144,258008,True
optimizer.safetensors,adam.value_embeds.5.weight.v,16896,128,512,65536,512,65002,0,262144,260072,True
optimizer.safetensors,adam.value_embeds.5.weight.v,17024,128,512,65536,1024,64482,0,262144,257992,True
optimizer.safetensors,adam.value_embeds.5.weight.v,17152,128,512,65536,0,65503,0,262144,262076,True
optimizer.safetensors,adam.value_embeds.5.weight.v,17280,128,512,65536,512,65006,0,262144,260088,True
optimizer.safetensors,adam.value_embeds.5.weight.v,17408,128,512,65536,550,64963,0,262144,259916,True
optimizer.safetensors,adam.value_embeds.5.weight.v,17536,128,512,65536,0,65508,0,262144,262096,True
optimizer.safetensors,adam.value_embeds.5.weight.v,17664,128,512,65536,0,65506,0,262144,262088,True
optimizer.safetensors,adam.value_embeds.5.weight.v,17792,128,512,65536,512,64995,0,262144,260044,True
optimizer.safetensors,adam.value_embeds.5.weight.v,17920,128,512,65536,548,64964,0,262144,259920,True
optimizer.safetensors,adam.value_embeds.5.weight.v,18048,128,512,65536,512,65003,0,262144,260076,True
optimizer.safetensors,adam.value_embeds.5.weight.v,18176,128,512,65536,0,65505,0,262144,262084,True
optimizer.safetensors,adam.value_embeds.5.weight.v,18304,128,512,65536,0,65508,0,262144,262096,True
optimizer.safetensors,adam.value_embeds.5.weight.v,18432,128,512,65536,0,65497,0,262144,262052,True
optimizer.safetensors,adam.value_embeds.5.weight.v,18560,128,512,65536,740,64762,0,262144,259112,True
optimizer.safetensors,adam.value_embeds.5.weight.v,18688,128,512,65536,512,65004,0,262144,260080,True
optimizer.safetensors,adam.value_embeds.5.weight.v,18816,128,512,65536,512,65000,0,262144,260064,True
optimizer.safetensors,adam.value_embeds.5.weight.v,18944,128,512,65536,512,64995,0,262144,260044,True
optimizer.safetensors,adam.value_embeds.5.weight.v,19072,128,512,65536,476,65030,0,262144,260184,True
optimizer.safetensors,adam.value_embeds.5.weight.v,19200,128,512,65536,512,64988,0,262144,260016,True
optimizer.safetensors,adam.value_embeds.5.weight.v,19328,128,512,65536,512,64994,0,262144,260040,True
optimizer.safetensors,adam.value_embeds.5.weight.v,19456,128,512,65536,513,64996,0,262144,260048,True
optimizer.safetensors,adam.value_embeds.5.weight.v,19584,128,512,65536,1024,64482,0,262144,257992,True
optimizer.safetensors,adam.value_embeds.5.weight.v,19712,128,512,65536,512,65002,0,262144,260072,True
optimizer.safetensors,adam.value_embeds.5.weight.v,19840,128,512,65536,512,64996,0,262144,260048,True
optimizer.safetensors,adam.value_embeds.5.weight.v,19968,128,512,65536,0,65501,0,262144,262068,True
optimizer.safetensors,adam.value_embeds.5.weight.v,20096,128,512,65536,512,64996,0,262144,260048,True
optimizer.safetensors,adam.value_embeds.5.weight.v,20224,128,512,65536,1024,64488,0,262144,258016,True
optimizer.safetensors,adam.value_embeds.5.weight.v,20352,128,512,65536,512,65003,0,262144,260076,True
optimizer.safetensors,adam.value_embeds.5.weight.v,20480,128,512,65536,0,65504,0,262144,262080,True
optimizer.safetensors,adam.value_embeds.5.weight.v,20608,128,512,65536,0,65516,0,262144,262128,True
optimizer.safetensors,adam.value_embeds.5.weight.v,20736,128,512,65536,1024,64485,0,262144,258004,True
optimizer.safetensors,adam.value_embeds.5.weight.v,20864,128,512,65536,0,65515,0,262144,262124,True
optimizer.safetensors,adam.value_embeds.5.weight.v,20992,128,512,65536,512,65000,0,262144,260064,True
optimizer.safetensors,adam.value_embeds.5.weight.v,21120,128,512,65536,512,64991,0,262144,260028,True
optimizer.safetensors,adam.value_embeds.5.weight.v,21248,128,512,65536,0,65506,0,262144,262088,True
optimizer.safetensors,adam.value_embeds.5.weight.v,21376,128,512,65536,0,65503,0,262144,262076,True
optimizer.safetensors,adam.value_embeds.5.weight.v,21504,128,512,65536,647,64867,0,262144,259532,True
optimizer.safetensors,adam.value_embeds.5.weight.v,21632,128,512,65536,0,65512,0,262144,262112,True
optimizer.safetensors,adam.value_embeds.5.weight.v,21760,128,512,65536,512,64996,0,262144,260048,True
optimizer.safetensors,adam.value_embeds.5.weight.v,21888,128,512,65536,0,65499,0,262144,262060,True
optimizer.safetensors,adam.value_embeds.5.weight.v,22016,128,512,65536,512,64996,0,262144,260048,True
optimizer.safetensors,adam.value_embeds.5.weight.v,22144,128,512,65536,0,65503,0,262144,262076,True
optimizer.safetensors,adam.value_embeds.5.weight.v,22272,128,512,65536,0,65497,0,262144,262052,True
optimizer.safetensors,adam.value_embeds.5.weight.v,22400,128,512,65536,1057,64446,0,262144,257848,True
optimizer.safetensors,adam.value_embeds.5.weight.v,22528,128,512,65536,512,64997,0,262144,260052,True
optimizer.safetensors,adam.value_embeds.5.weight.v,22656,128,512,65536,512,64989,0,262144,260020,True
optimizer.safetensors,adam.value_embeds.5.weight.v,22784,128,512,65536,254,65253,0,262144,261076,True
optimizer.safetensors,adam.value_embeds.5.weight.v,22912,128,512,65536,512,64982,0,262144,259992,True
optimizer.safetensors,adam.value_embeds.5.weight.v,23040,128,512,65536,512,64995,0,262144,260044,True
optimizer.safetensors,adam.value_embeds.5.weight.v,23168,128,512,65536,0,65512,0,262144,262112,True
optimizer.safetensors,adam.value_embeds.5.weight.v,23296,128,512,65536,512,64993,0,262144,260036,True
optimizer.safetensors,adam.value_embeds.5.weight.v,23424,128,512,65536,0,65503,0,262144,262076,True
optimizer.safetensors,adam.value_embeds.5.weight.v,23552,128,512,65536,930,64573,0,262144,258356,True
optimizer.safetensors,adam.value_embeds.5.weight.v,23680,128,512,65536,494,65010,0,262144,260104,True
optimizer.safetensors,adam.value_embeds.5.weight.v,23808,128,512,65536,256,65247,0,262144,261052,True
optimizer.safetensors,adam.value_embeds.5.weight.v,23936,128,512,65536,0,65503,0,262144,262076,True
optimizer.safetensors,adam.value_embeds.5.weight.v,24064,128,512,65536,0,65497,0,262144,262052,True
optimizer.safetensors,adam.value_embeds.5.weight.v,24192,128,512,65536,512,64975,0,262144,259964,True
optimizer.safetensors,adam.value_embeds.5.weight.v,24320,128,512,65536,0,65491,0,262144,262028,True
optimizer.safetensors,adam.value_embeds.5.weight.v,24448,128,512,65536,1026,64481,0,262144,257988,True
optimizer.safetensors,adam.value_embeds.5.weight.v,24576,128,512,65536,276,65240,0,262144,261024,True
optimizer.safetensors,adam.value_embeds.5.weight.v,24704,128,512,65536,1025,64481,0,262144,257988,True
optimizer.safetensors,adam.value_embeds.5.weight.v,24832,128,512,65536,174,65334,0,262144,261400,True
optimizer.safetensors,adam.value_embeds.5.weight.v,24960,128,512,65536,1121,64384,0,262144,257600,True
optimizer.safetensors,adam.value_embeds.5.weight.v,25088,128,512,65536,512,64994,0,262144,260040,True
optimizer.safetensors,adam.value_embeds.5.weight.v,25216,128,512,65536,0,65505,0,262144,262084,True
optimizer.safetensors,adam.value_embeds.5.weight.v,25344,128,512,65536,512,65003,0,262144,260076,True
optimizer.safetensors,adam.value_embeds.5.weight.v,25472,128,512,65536,0,65506,0,262144,262088,True
optimizer.safetensors,adam.value_embeds.5.weight.v,25600,128,512,65536,0,65511,0,262144,262108,True
optimizer.safetensors,adam.value_embeds.5.weight.v,25728,128,512,65536,1024,64487,0,262144,258012,True
optimizer.safetensors,adam.value_embeds.5.weight.v,25856,128,512,65536,0,65515,0,262144,262124,True
optimizer.safetensors,adam.value_embeds.5.weight.v,25984,128,512,65536,0,65498,0,262144,262056,True
optimizer.safetensors,adam.value_embeds.5.weight.v,26112,128,512,65536,502,64993,0,262144,260036,True
optimizer.safetensors,adam.value_embeds.5.weight.v,26240,128,512,65536,512,64990,0,262144,260024,True
optimizer.safetensors,adam.value_embeds.5.weight.v,26368,128,512,65536,512,64994,0,262144,260040,True
optimizer.safetensors,adam.value_embeds.5.weight.v,26496,128,512,65536,683,64825,0,262144,259364,True
optimizer.safetensors,adam.value_embeds.5.weight.v,26624,128,512,65536,1537,63962,0,262144,255912,True
optimizer.safetensors,adam.value_embeds.5.weight.v,26752,128,512,65536,0,65498,0,262144,262056,True
optimizer.safetensors,adam.value_embeds.5.weight.v,26880,128,512,65536,0,65513,0,262144,262116,True
optimizer.safetensors,adam.value_embeds.5.weight.v,27008,128,512,65536,0,65502,0,262144,262072,True
optimizer.safetensors,adam.value_embeds.5.weight.v,27136,128,512,65536,0,65500,0,262144,262064,True
optimizer.safetensors,adam.value_embeds.5.weight.v,27264,128,512,65536,523,64990,0,262144,260024,True
optimizer.safetensors,adam.value_embeds.5.weight.v,27392,128,512,65536,795,64721,0,262144,258948,True
optimizer.safetensors,adam.value_embeds.5.weight.v,27520,128,512,65536,553,64948,0,262144,259856,True
optimizer.safetensors,adam.value_embeds.5.weight.v,27648,128,512,65536,749,64752,0,262144,259072,True
optimizer.safetensors,adam.value_embeds.5.weight.v,27776,128,512,65536,512,64990,0,262144,260024,True
optimizer.safetensors,adam.value_embeds.5.weight.v,27904,128,512,65536,157,65357,0,262144,261492,True
optimizer.safetensors,adam.value_embeds.5.weight.v,28032,128,512,65536,1024,64487,0,262144,258012,True
optimizer.safetensors,adam.value_embeds.5.weight.v,28160,128,512,65536,1065,64441,0,262144,257828,True
optimizer.safetensors,adam.value_embeds.5.weight.v,28288,128,512,65536,1024,64493,0,262144,258036,True
optimizer.safetensors,adam.value_embeds.5.weight.v,28416,128,512,65536,1024,64471,0,262144,257948,True
optimizer.safetensors,adam.value_embeds.5.weight.v,28544,128,512,65536,1025,64474,0,262144,257960,True
optimizer.safetensors,adam.value_embeds.5.weight.v,28672,128,512,65536,293,65208,0,262144,260896,True
optimizer.safetensors,adam.value_embeds.5.weight.v,28800,128,512,65536,1026,64476,0,262144,257968,True
optimizer.safetensors,adam.value_embeds.5.weight.v,28928,128,512,65536,512,64988,0,262144,260016,True
optimizer.safetensors,adam.value_embeds.5.weight.v,29056,128,512,65536,515,64991,0,262144,260028,True
optimizer.safetensors,adam.value_embeds.5.weight.v,29184,128,512,65536,395,65101,0,262144,260468,True
optimizer.safetensors,adam.value_embeds.5.weight.v,29312,128,512,65536,2053,63458,0,262144,253896,True
optimizer.safetensors,adam.value_embeds.5.weight.v,29440,128,512,65536,1038,64467,0,262144,257932,True
optimizer.safetensors,adam.value_embeds.5.weight.v,29568,128,512,65536,0,65495,0,262144,262044,True
optimizer.safetensors,adam.value_embeds.5.weight.v,29696,128,512,65536,0,65502,0,262144,262072,True
optimizer.safetensors,adam.value_embeds.5.weight.v,29824,128,512,65536,1024,64470,0,262144,257944,True
optimizer.safetensors,adam.value_embeds.5.weight.v,29952,128,512,65536,512,64989,0,262144,260020,True
optimizer.safetensors,adam.value_embeds.5.weight.v,30080,128,512,65536,944,64553,0,262144,258276,True
optimizer.safetensors,adam.value_embeds.5.weight.v,30208,128,512,65536,150,65360,0,262144,261504,True
optimizer.safetensors,adam.value_embeds.5.weight.v,30336,128,512,65536,512,64992,0,262144,260032,True
optimizer.safetensors,adam.value_embeds.5.weight.v,30464,128,512,65536,512,64999,0,262144,260060,True
optimizer.safetensors,adam.value_embeds.5.weight.v,30592,128,512,65536,1554,63952,0,262144,255872,True
optimizer.safetensors,adam.value_embeds.5.weight.v,30720,128,512,65536,0,65514,0,262144,262120,True
optimizer.safetensors,adam.value_embeds.5.weight.v,30848,128,512,65536,0,65497,0,262144,262052,True
optimizer.safetensors,adam.value_embeds.5.weight.v,30976,128,512,65536,0,65497,0,262144,262052,True
optimizer.safetensors,adam.value_embeds.5.weight.v,31104,128,512,65536,516,64994,0,262144,260040,True
optimizer.safetensors,adam.value_embeds.5.weight.v,31232,128,512,65536,512,64991,0,262144,260028,True
optimizer.safetensors,adam.value_embeds.5.weight.v,31360,128,512,65536,0,65505,0,262144,262084,True
optimizer.safetensors,adam.value_embeds.5.weight.v,31488,128,512,65536,788,64713,0,262144,258916,True
optimizer.safetensors,adam.value_embeds.5.weight.v,31616,128,512,65536,23,65477,0,262144,261972,True
optimizer.safetensors,adam.value_embeds.5.weight.v,31744,128,512,65536,433,65062,0,262144,260312,True
optimizer.safetensors,adam.value_embeds.5.weight.v,31872,128,512,65536,0,65500,0,262144,262064,True
optimizer.safetensors,adam.value_embeds.5.weight.v,32000,128,512,65536,0,65513,0,262144,262116,True
optimizer.safetensors,adam.value_embeds.5.weight.v,32128,128,512,65536,0,65486,0,262144,262008,True
optimizer.safetensors,adam.value_embeds.5.weight.v,32256,128,512,65536,0,65503,0,262144,262076,True
optimizer.safetensors,adam.value_embeds.5.weight.v,32384,128,512,65536,0,65497,0,262144,262052,True
optimizer.safetensors,adam.value_embeds.5.weight.v,32512,128,512,65536,0,65494,0,262144,262040,True
optimizer.safetensors,adam.value_embeds.5.weight.v,32640,128,512,65536,4608,60890,0,262144,243624,False
optimizer.safetensors,adam.value_embeds.7.weight.m,0,128,512,65536,16896,48630,0,262144,194584,False
optimizer.safetensors,adam.value_embeds.7.weight.m,128,128,512,65536,15872,49657,0,262144,198692,False
optimizer.safetensors,adam.value_embeds.7.weight.m,256,128,512,65536,0,65525,0,262144,262164,True
optimizer.safetensors,adam.value_embeds.7.weight.m,384,128,512,65536,0,65524,0,262144,262160,True
optimizer.safetensors,adam.value_embeds.7.weight.m,512,128,512,65536,0,65530,0,262144,262184,True
optimizer.safetensors,adam.value_embeds.7.weight.m,640,128,512,65536,2012,63513,0,262144,254116,True
optimizer.safetensors,adam.value_embeds.7.weight.m,768,128,512,65536,1024,64499,0,262144,258060,True
optimizer.safetensors,adam.value_embeds.7.weight.m,896,128,512,65536,512,65010,0,262144,260104,True
optimizer.safetensors,adam.value_embeds.7.weight.m,1024,128,512,65536,512,65015,0,262144,260124,True
optimizer.safetensors,adam.value_embeds.7.weight.m,1152,128,512,65536,0,65527,0,262144,262172,True
optimizer.safetensors,adam.value_embeds.7.weight.m,1280,128,512,65536,0,65528,0,262144,262176,True
optimizer.safetensors,adam.value_embeds.7.weight.m,1408,128,512,65536,2048,63475,0,262144,253964,True
optimizer.safetensors,adam.value_embeds.7.weight.m,1536,128,512,65536,512,65015,0,262144,260124,True
optimizer.safetensors,adam.value_embeds.7.weight.m,1664,128,512,65536,1024,64505,0,262144,258084,True
optimizer.safetensors,adam.value_embeds.7.weight.m,1792,128,512,65536,1536,63990,0,262144,256024,True
optimizer.safetensors,adam.value_embeds.7.weight.m,1920,128,512,65536,1536,63986,0,262144,256008,True
optimizer.safetensors,adam.value_embeds.7.weight.m,2048,128,512,65536,1536,63987,0,262144,256012,True
optimizer.safetensors,adam.value_embeds.7.weight.m,2176,128,512,65536,1536,63988,0,262144,256016,True
optimizer.safetensors,adam.value_embeds.7.weight.m,2304,128,512,65536,1024,64500,0,262144,258064,True
optimizer.safetensors,adam.value_embeds.7.weight.m,2432,128,512,65536,1023,64506,0,262144,258088,True
optimizer.safetensors,adam.value_embeds.7.weight.m,2560,128,512,65536,1536,63988,0,262144,256016,True
optimizer.safetensors,adam.value_embeds.7.weight.m,2688,128,512,65536,1024,64506,0,262144,258088,True
optimizer.safetensors,adam.value_embeds.7.weight.m,2816,128,512,65536,3072,62452,0,262144,249872,True
optimizer.safetensors,adam.value_embeds.7.weight.m,2944,128,512,65536,3585,61943,0,262144,247836,False
optimizer.safetensors,adam.value_embeds.7.weight.m,3072,128,512,65536,512,65016,0,262144,260128,True
optimizer.safetensors,adam.value_embeds.7.weight.m,3200,128,512,65536,1024,64499,0,262144,258060,True
optimizer.safetensors,adam.value_embeds.7.weight.m,3328,128,512,65536,2439,63093,0,262144,252436,True
optimizer.safetensors,adam.value_embeds.7.weight.m,3456,128,512,65536,1536,63989,0,262144,256020,True
optimizer.safetensors,adam.value_embeds.7.weight.m,3584,128,512,65536,519,65011,0,262144,260108,True
optimizer.safetensors,adam.value_embeds.7.weight.m,3712,128,512,65536,2561,62967,0,262144,251932,True
optimizer.safetensors,adam.value_embeds.7.weight.m,3840,128,512,65536,2548,62977,0,262144,251972,True
optimizer.safetensors,adam.value_embeds.7.weight.m,3968,128,512,65536,512,65007,0,262144,260092,True
optimizer.safetensors,adam.value_embeds.7.weight.m,4096,128,512,65536,512,65007,0,262144,260092,True
optimizer.safetensors,adam.value_embeds.7.weight.m,4224,128,512,65536,1024,64499,0,262144,258060,True
optimizer.safetensors,adam.value_embeds.7.weight.m,4352,128,512,65536,2048,63479,0,262144,253980,True
optimizer.safetensors,adam.value_embeds.7.weight.m,4480,128,512,65536,3072,62452,0,262144,249872,True
optimizer.safetensors,adam.value_embeds.7.weight.m,4608,128,512,65536,1024,64495,0,262144,258044,True
optimizer.safetensors,adam.value_embeds.7.weight.m,4736,128,512,65536,2048,63480,0,262144,253984,True
optimizer.safetensors,adam.value_embeds.7.weight.m,4864,128,512,65536,512,65012,0,262144,260112,True
optimizer.safetensors,adam.value_embeds.7.weight.m,4992,128,512,65536,2048,63470,0,262144,253944,True
optimizer.safetensors,adam.value_embeds.7.weight.m,5120,128,512,65536,512,65009,0,262144,260100,True
optimizer.safetensors,adam.value_embeds.7.weight.m,5248,128,512,65536,2048,63475,0,262144,253964,True
optimizer.safetensors,adam.value_embeds.7.weight.m,5376,128,512,65536,1024,64498,0,262144,258056,True
optimizer.safetensors,adam.value_embeds.7.weight.m,5504,128,512,65536,4612,60911,0,262144,243708,False
optimizer.safetensors,adam.value_embeds.7.weight.m,5632,128,512,65536,2048,63483,0,262144,253996,True
optimizer.safetensors,adam.value_embeds.7.weight.m,5760,128,512,65536,4096,61429,0,262144,245780,False
optimizer.safetensors,adam.value_embeds.7.weight.m,5888,128,512,65536,512,65013,0,262144,260116,True
optimizer.safetensors,adam.value_embeds.7.weight.m,6016,128,512,65536,512,65011,0,262144,260108,True
optimizer.safetensors,adam.value_embeds.7.weight.m,6144,128,512,65536,2048,63475,0,262144,253964,True
optimizer.safetensors,adam.value_embeds.7.weight.m,6272,128,512,65536,512,65010,0,262144,260104,True
optimizer.safetensors,adam.value_embeds.7.weight.m,6400,128,512,65536,1536,63985,0,262144,256004,True
optimizer.safetensors,adam.value_embeds.7.weight.m,6528,128,512,65536,1536,63989,0,262144,256020,True
optimizer.safetensors,adam.value_embeds.7.weight.m,6656,128,512,65536,2662,62865,0,262144,251524,True
optimizer.safetensors,adam.value_embeds.7.weight.m,6784,128,512,65536,2048,63477,0,262144,253972,True
optimizer.safetensors,adam.value_embeds.7.weight.m,6912,128,512,65536,2048,63479,0,262144,253980,True
optimizer.safetensors,adam.value_embeds.7.weight.m,7040,128,512,65536,1,65522,0,262144,262152,True
optimizer.safetensors,adam.value_embeds.7.weight.m,7168,128,512,65536,1536,63985,0,262144,256004,True
optimizer.safetensors,adam.value_embeds.7.weight.m,7296,128,512,65536,1538,63982,0,262144,255992,True
optimizer.safetensors,adam.value_embeds.7.weight.m,7424,128,512,65536,2048,63476,0,262144,253968,True
optimizer.safetensors,adam.value_embeds.7.weight.m,7552,128,512,65536,2048,63471,0,262144,253948,True
optimizer.safetensors,adam.value_embeds.7.weight.m,7680,128,512,65536,2560,62966,0,262144,251928,True
optimizer.safetensors,adam.value_embeds.7.weight.m,7808,128,512,65536,2079,63444,0,262144,253840,True
optimizer.safetensors,adam.value_embeds.7.weight.m,7936,128,512,65536,1902,63624,0,262144,254560,True
optimizer.safetensors,adam.value_embeds.7.weight.m,8064,128,512,65536,512,65014,0,262144,260120,True
optimizer.safetensors,adam.value_embeds.7.weight.m,8192,128,512,65536,2048,63480,0,262144,253984,True
optimizer.safetensors,adam.value_embeds.7.weight.m,8320,128,512,65536,1273,64248,0,262144,257056,True
optimizer.safetensors,adam.value_embeds.7.weight.m,8448,128,512,65536,2560,62969,0,262144,251940,True
optimizer.safetensors,adam.value_embeds.7.weight.m,8576,128,512,65536,3075,62454,0,262144,249880,True
optimizer.safetensors,adam.value_embeds.7.weight.m,8704,128,512,65536,1024,64498,0,262144,258056,True
optimizer.safetensors,adam.value_embeds.7.weight.m,8832,128,512,65536,3072,62460,0,262144,249904,True
optimizer.safetensors,adam.value_embeds.7.weight.m,8960,128,512,65536,1024,64498,0,262144,258056,True
optimizer.safetensors,adam.value_embeds.7.weight.m,9088,128,512,65536,1024,64502,0,262144,258072,True
optimizer.safetensors,adam.value_embeds.7.weight.m,9216,128,512,65536,1024,64486,0,262144,258008,True
optimizer.safetensors,adam.value_embeds.7.weight.m,9344,128,512,65536,2266,63256,0,262144,253088,True
optimizer.safetensors,adam.value_embeds.7.weight.m,9472,128,512,65536,1539,63987,0,262144,256012,True
optimizer.safetensors,adam.value_embeds.7.weight.m,9600,128,512,65536,512,65008,0,262144,260096,True
optimizer.safetensors,adam.value_embeds.7.weight.m,9728,128,512,65536,2048,63476,0,262144,253968,True
optimizer.safetensors,adam.value_embeds.7.weight.m,9856,128,512,65536,512,65010,0,262144,260104,True
optimizer.safetensors,adam.value_embeds.7.weight.m,9984,128,512,65536,1024,64500,0,262144,258064,True
optimizer.safetensors,adam.value_embeds.7.weight.m,10112,128,512,65536,2048,63470,0,262144,253944,True
optimizer.safetensors,adam.value_embeds.7.weight.m,10240,128,512,65536,2048,63469,0,262144,253940,True
optimizer.safetensors,adam.value_embeds.7.weight.m,10368,128,512,65536,2048,63477,0,262144,253972,True
optimizer.safetensors,adam.value_embeds.7.weight.m,10496,128,512,65536,957,64562,0,262144,258312,True
optimizer.safetensors,adam.value_embeds.7.weight.m,10624,128,512,65536,1536,63983,0,262144,255996,True
optimizer.safetensors,adam.value_embeds.7.weight.m,10752,128,512,65536,0,65515,0,262144,262124,True
optimizer.safetensors,adam.value_embeds.7.weight.m,10880,128,512,65536,0,65522,0,262144,262152,True
optimizer.safetensors,adam.value_embeds.7.weight.m,11008,128,512,65536,1536,63987,0,262144,256012,True
optimizer.safetensors,adam.value_embeds.7.weight.m,11136,128,512,65536,1557,63968,0,262144,255936,True
optimizer.safetensors,adam.value_embeds.7.weight.m,11264,128,512,65536,0,65523,0,262144,262156,True
optimizer.safetensors,adam.value_embeds.7.weight.m,11392,128,512,65536,3072,62447,0,262144,249852,True
optimizer.safetensors,adam.value_embeds.7.weight.m,11520,128,512,65536,2248,63280,0,262144,253184,True
optimizer.safetensors,adam.value_embeds.7.weight.m,11648,128,512,65536,1777,63749,0,262144,255060,True
optimizer.safetensors,adam.value_embeds.7.weight.m,11776,128,512,65536,1536,63990,0,262144,256024,True
optimizer.safetensors,adam.value_embeds.7.weight.m,11904,128,512,65536,2048,63476,0,262144,253968,True
optimizer.safetensors,adam.value_embeds.7.weight.m,12032,128,512,65536,512,65011,0,262144,260108,True
optimizer.safetensors,adam.value_embeds.7.weight.m,12160,128,512,65536,1045,64479,0,262144,257980,True
optimizer.safetensors,adam.value_embeds.7.weight.m,12288,128,512,65536,2043,63478,0,262144,253976,True
optimizer.safetensors,adam.value_embeds.7.weight.m,12416,128,512,65536,1024,64503,0,262144,258076,True
optimizer.safetensors,adam.value_embeds.7.weight.m,12544,128,512,65536,0,65517,0,262144,262132,True
optimizer.safetensors,adam.value_embeds.7.weight.m,12672,128,512,65536,2560,62964,0,262144,251920,True
optimizer.safetensors,adam.value_embeds.7.weight.m,12800,128,512,65536,1536,63991,0,262144,256028,True
optimizer.safetensors,adam.value_embeds.7.weight.m,12928,128,512,65536,1761,63764,0,262144,255120,True
optimizer.safetensors,adam.value_embeds.7.weight.m,13056,128,512,65536,1024,64498,0,262144,258056,True
optimizer.safetensors,adam.value_embeds.7.weight.m,13184,128,512,65536,2560,62964,0,262144,251920,True
optimizer.safetensors,adam.value_embeds.7.weight.m,13312,128,512,65536,1920,63609,0,262144,254500,True
optimizer.safetensors,adam.value_embeds.7.weight.m,13440,128,512,65536,1737,63786,0,262144,255208,True
optimizer.safetensors,adam.value_embeds.7.weight.m,13568,128,512,65536,1996,63525,0,262144,254164,True
optimizer.safetensors,adam.value_embeds.7.weight.m,13696,128,512,65536,2048,63469,0,262144,253940,True
optimizer.safetensors,adam.value_embeds.7.weight.m,13824,128,512,65536,524,65008,0,262144,260096,True
optimizer.safetensors,adam.value_embeds.7.weight.m,13952,128,512,65536,2048,63476,0,262144,253968,True
optimizer.safetensors,adam.value_embeds.7.weight.m,14080,128,512,65536,1536,63985,0,262144,256004,True
optimizer.safetensors,adam.value_embeds.7.weight.m,14208,128,512,65536,2066,63457,0,262144,253892,True
optimizer.safetensors,adam.value_embeds.7.weight.m,14336,128,512,65536,1536,63989,0,262144,256020,True
optimizer.safetensors,adam.value_embeds.7.weight.m,14464,128,512,65536,0,65528,0,262144,262176,True
optimizer.safetensors,adam.value_embeds.7.weight.m,14592,128,512,65536,0,65521,0,262144,262148,True
optimizer.safetensors,adam.value_embeds.7.weight.m,14720,128,512,65536,1024,64498,0,262144,258056,True
optimizer.safetensors,adam.value_embeds.7.weight.m,14848,128,512,65536,1426,64101,0,262144,256468,True
optimizer.safetensors,adam.value_embeds.7.weight.m,14976,128,512,65536,1536,63988,0,262144,256016,True
optimizer.safetensors,adam.value_embeds.7.weight.m,15104,128,512,65536,1024,64503,0,262144,258076,True
optimizer.safetensors,adam.value_embeds.7.weight.m,15232,128,512,65536,2560,62962,0,262144,251912,True
optimizer.safetensors,adam.value_embeds.7.weight.m,15360,128,512,65536,2049,63473,0,262144,253956,True
optimizer.safetensors,adam.value_embeds.7.weight.m,15488,128,512,65536,2048,63476,0,262144,253968,True
optimizer.safetensors,adam.value_embeds.7.weight.m,15616,128,512,65536,2369,63161,0,262144,252708,True
optimizer.safetensors,adam.value_embeds.7.weight.m,15744,128,512,65536,1536,63985,0,262144,256004,True
optimizer.safetensors,adam.value_embeds.7.weight.m,15872,128,512,65536,0,65525,0,262144,262164,True
optimizer.safetensors,adam.value_embeds.7.weight.m,16000,128,512,65536,1632,63894,0,262144,255640,True
optimizer.safetensors,adam.value_embeds.7.weight.m,16128,128,512,65536,1536,63984,0,262144,256000,True
optimizer.safetensors,adam.value_embeds.7.weight.m,16256,128,512,65536,2560,62971,0,262144,251948,True
optimizer.safetensors,adam.value_embeds.7.weight.m,16384,128,512,65536,2560,62961,0,262144,251908,True
optimizer.safetensors,adam.value_embeds.7.weight.m,16512,128,512,65536,10,65518,0,262144,262136,True
optimizer.safetensors,adam.value_embeds.7.weight.m,16640,128,512,65536,1024,64493,0,262144,258036,True
optimizer.safetensors,adam.value_embeds.7.weight.m,16768,128,512,65536,2048,63475,0,262144,253964,True
optimizer.safetensors,adam.value_embeds.7.weight.m,16896,128,512,65536,2048,63478,0,262144,253976,True
optimizer.safetensors,adam.value_embeds.7.weight.m,17024,128,512,65536,1024,64502,0,262144,258072,True
optimizer.safetensors,adam.value_embeds.7.weight.m,17152,128,512,65536,938,64587,0,262144,258412,True
optimizer.safetensors,adam.value_embeds.7.weight.m,17280,128,512,65536,951,64573,0,262144,258356,True
optimizer.safetensors,adam.value_embeds.7.weight.m,17408,128,512,65536,1536,63985,0,262144,256004,True
optimizer.safetensors,adam.value_embeds.7.weight.m,17536,128,512,65536,1536,63984,0,262144,256000,True
optimizer.safetensors,adam.value_embeds.7.weight.m,17664,128,512,65536,512,65004,0,262144,260080,True
optimizer.safetensors,adam.value_embeds.7.weight.m,17792,128,512,65536,512,65019,0,262144,260140,True
optimizer.safetensors,adam.value_embeds.7.weight.m,17920,128,512,65536,1029,64501,0,262144,258068,True
optimizer.safetensors,adam.value_embeds.7.weight.m,18048,128,512,65536,3072,62456,0,262144,249888,True
optimizer.safetensors,adam.value_embeds.7.weight.m,18176,128,512,65536,787,64738,0,262144,259016,True
optimizer.safetensors,adam.value_embeds.7.weight.m,18304,128,512,65536,659,64872,0,262144,259552,True
optimizer.safetensors,adam.value_embeds.7.weight.m,18432,128,512,65536,512,65004,0,262144,260080,True
optimizer.safetensors,adam.value_embeds.7.weight.m,18560,128,512,65536,2068,63454,0,262144,253880,True
optimizer.safetensors,adam.value_embeds.7.weight.m,18688,128,512,65536,2048,63472,0,262144,253952,True
optimizer.safetensors,adam.value_embeds.7.weight.m,18816,128,512,65536,2875,62647,0,262144,250652,True
optimizer.safetensors,adam.value_embeds.7.weight.m,18944,128,512,65536,515,65004,0,262144,260080,True
optimizer.safetensors,adam.value_embeds.7.weight.m,19072,128,512,65536,1555,63969,0,262144,255940,True
optimizer.safetensors,adam.value_embeds.7.weight.m,19200,128,512,65536,519,65006,0,262144,260088,True
optimizer.safetensors,adam.value_embeds.7.weight.m,19328,128,512,65536,1342,64184,0,262144,256800,True
optimizer.safetensors,adam.value_embeds.7.weight.m,19456,128,512,65536,1536,63986,0,262144,256008,True
optimizer.safetensors,adam.value_embeds.7.weight.m,19584,128,512,65536,1538,63990,0,262144,256024,True
optimizer.safetensors,adam.value_embeds.7.weight.m,19712,128,512,65536,1665,63859,0,262144,255500,True
optimizer.safetensors,adam.value_embeds.7.weight.m,19840,128,512,65536,3584,61944,0,262144,247840,False
optimizer.safetensors,adam.value_embeds.7.weight.m,19968,128,512,65536,1023,64499,0,262144,258060,True
optimizer.safetensors,adam.value_embeds.7.weight.m,20096,128,512,65536,1544,63974,0,262144,255960,True
optimizer.safetensors,adam.value_embeds.7.weight.m,20224,128,512,65536,2544,62983,0,262144,251996,True
optimizer.safetensors,adam.value_embeds.7.weight.m,20352,128,512,65536,2623,62899,0,262144,251660,True
optimizer.safetensors,adam.value_embeds.7.weight.m,20480,128,512,65536,1024,64504,0,262144,258080,True
optimizer.safetensors,adam.value_embeds.7.weight.m,20608,128,512,65536,1023,64505,0,262144,258084,True
optimizer.safetensors,adam.value_embeds.7.weight.m,20736,128,512,65536,2048,63475,0,262144,253964,True
optimizer.safetensors,adam.value_embeds.7.weight.m,20864,128,512,65536,2212,63314,0,262144,253320,True
optimizer.safetensors,adam.value_embeds.7.weight.m,20992,128,512,65536,1607,63907,0,262144,255692,True
optimizer.safetensors,adam.value_embeds.7.weight.m,21120,128,512,65536,1536,63985,0,262144,256004,True
optimizer.safetensors,adam.value_embeds.7.weight.m,21248,128,512,65536,512,65014,0,262144,260120,True
optimizer.safetensors,adam.value_embeds.7.weight.m,21376,128,512,65536,2048,63481,0,262144,253988,True
optimizer.safetensors,adam.value_embeds.7.weight.m,21504,128,512,65536,3072,62457,0,262144,249892,True
optimizer.safetensors,adam.value_embeds.7.weight.m,21632,128,512,65536,1026,64499,0,262144,258060,True
optimizer.safetensors,adam.value_embeds.7.weight.m,21760,128,512,65536,2561,62960,0,262144,251904,True
optimizer.safetensors,adam.value_embeds.7.weight.m,21888,128,512,65536,1559,63963,0,262144,255916,True
optimizer.safetensors,adam.value_embeds.7.weight.m,22016,128,512,65536,1536,63985,0,262144,256004,True
optimizer.safetensors,adam.value_embeds.7.weight.m,22144,128,512,65536,1151,64377,0,262144,257572,True
optimizer.safetensors,adam.value_embeds.7.weight.m,22272,128,512,65536,0,65523,0,262144,262156,True
optimizer.safetensors,adam.value_embeds.7.weight.m,22400,128,512,65536,3095,62436,0,262144,249808,True
optimizer.safetensors,adam.value_embeds.7.weight.m,22528,128,512,65536,2127,63396,0,262144,253648,True
optimizer.safetensors,adam.value_embeds.7.weight.m,22656,128,512,65536,1536,63987,0,262144,256012,True
optimizer.safetensors,adam.value_embeds.7.weight.m,22784,128,512,65536,3072,62455,0,262144,249884,True
optimizer.safetensors,adam.value_embeds.7.weight.m,22912,128,512,65536,1536,63988,0,262144,256016,True
optimizer.safetensors,adam.value_embeds.7.weight.m,23040,128,512,65536,1536,63987,0,262144,256012,True
optimizer.safetensors,adam.value_embeds.7.weight.m,23168,128,512,65536,2075,63443,0,262144,253836,True
optimizer.safetensors,adam.value_embeds.7.weight.m,23296,128,512,65536,3072,62454,0,262144,249880,True
optimizer.safetensors,adam.value_embeds.7.weight.m,23424,128,512,65536,512,65013,0,262144,260116,True
optimizer.safetensors,adam.value_embeds.7.weight.m,23552,128,512,65536,2560,62965,0,262144,251924,True
optimizer.safetensors,adam.value_embeds.7.weight.m,23680,128,512,65536,2063,63465,0,262144,253924,True
optimizer.safetensors,adam.value_embeds.7.weight.m,23808,128,512,65536,2048,63478,0,262144,253976,True
optimizer.safetensors,adam.value_embeds.7.weight.m,23936,128,512,65536,1542,63987,0,262144,256012,True
optimizer.safetensors,adam.value_embeds.7.weight.m,24064,128,512,65536,512,65006,0,262144,260088,True
optimizer.safetensors,adam.value_embeds.7.weight.m,24192,128,512,65536,512,65012,0,262144,260112,True
optimizer.safetensors,adam.value_embeds.7.weight.m,24320,128,512,65536,1030,64493,0,262144,258036,True
optimizer.safetensors,adam.value_embeds.7.weight.m,24448,128,512,65536,2560,62967,0,262144,251932,True
optimizer.safetensors,adam.value_embeds.7.weight.m,24576,128,512,65536,1781,63744,0,262144,255040,True
optimizer.safetensors,adam.value_embeds.7.weight.m,24704,128,512,65536,2048,63473,0,262144,253956,True
optimizer.safetensors,adam.value_embeds.7.weight.m,24832,128,512,65536,3072,62459,0,262144,249900,True
optimizer.safetensors,adam.value_embeds.7.weight.m,24960,128,512,65536,4608,60919,0,262144,243740,False
optimizer.safetensors,adam.value_embeds.7.weight.m,25088,128,512,65536,1546,63973,0,262144,255956,True
optimizer.safetensors,adam.value_embeds.7.weight.m,25216,128,512,65536,1536,63988,0,262144,256016,True
optimizer.safetensors,adam.value_embeds.7.weight.m,25344,128,512,65536,2478,63046,0,262144,252248,True
optimizer.safetensors,adam.value_embeds.7.weight.m,25472,128,512,65536,1285,64233,0,262144,256996,True
optimizer.safetensors,adam.value_embeds.7.weight.m,25600,128,512,65536,1024,64503,0,262144,258076,True
optimizer.safetensors,adam.value_embeds.7.weight.m,25728,128,512,65536,1536,63987,0,262144,256012,True
optimizer.safetensors,adam.value_embeds.7.weight.m,25856,128,512,65536,336,65190,0,262144,260824,True
optimizer.safetensors,adam.value_embeds.7.weight.m,25984,128,512,65536,1167,64358,0,262144,257496,True
optimizer.safetensors,adam.value_embeds.7.weight.m,26112,128,512,65536,3220,62304,0,262144,249280,True
optimizer.safetensors,adam.value_embeds.7.weight.m,26240,128,512,65536,1536,63989,0,262144,256020,True
optimizer.safetensors,adam.value_embeds.7.weight.m,26368,128,512,65536,1950,63571,0,262144,254348,True
optimizer.safetensors,adam.value_embeds.7.weight.m,26496,128,512,65536,3588,61925,0,262144,247764,False
optimizer.safetensors,adam.value_embeds.7.weight.m,26624,128,512,65536,2614,62913,0,262144,251716,True
optimizer.safetensors,adam.value_embeds.7.weight.m,26752,128,512,65536,512,65012,0,262144,260112,True
optimizer.safetensors,adam.value_embeds.7.weight.m,26880,128,512,65536,1772,63743,0,262144,255036,True
optimizer.safetensors,adam.value_embeds.7.weight.m,27008,128,512,65536,1024,64499,0,262144,258060,True
optimizer.safetensors,adam.value_embeds.7.weight.m,27136,128,512,65536,519,65005,0,262144,260084,True
optimizer.safetensors,adam.value_embeds.7.weight.m,27264,128,512,65536,3012,62516,0,262144,250128,True
optimizer.safetensors,adam.value_embeds.7.weight.m,27392,128,512,65536,3701,61827,0,262144,247372,False
optimizer.safetensors,adam.value_embeds.7.weight.m,27520,128,512,65536,4619,60903,0,262144,243676,False
optimizer.safetensors,adam.value_embeds.7.weight.m,27648,128,512,65536,2048,63475,0,262144,253964,True
optimizer.safetensors,adam.value_embeds.7.weight.m,27776,128,512,65536,1669,63853,0,262144,255476,True
optimizer.safetensors,adam.value_embeds.7.weight.m,27904,128,512,65536,2195,63330,0,262144,253384,True
optimizer.safetensors,adam.value_embeds.7.weight.m,28032,128,512,65536,2560,62971,0,262144,251948,True
optimizer.safetensors,adam.value_embeds.7.weight.m,28160,128,512,65536,1536,63987,0,262144,256012,True
optimizer.safetensors,adam.value_embeds.7.weight.m,28288,128,512,65536,2059,63467,0,262144,253932,True
optimizer.safetensors,adam.value_embeds.7.weight.m,28416,128,512,65536,3676,61853,0,262144,247476,False
optimizer.safetensors,adam.value_embeds.7.weight.m,28544,128,512,65536,3072,62452,0,262144,249872,True
optimizer.safetensors,adam.value_embeds.7.weight.m,28672,128,512,65536,1102,64417,0,262144,257732,True
optimizer.safetensors,adam.value_embeds.7.weight.m,28800,128,512,65536,4096,61433,0,262144,245796,False
optimizer.safetensors,adam.value_embeds.7.weight.m,28928,128,512,65536,581,64947,0,262144,259852,True
optimizer.safetensors,adam.value_embeds.7.weight.m,29056,128,512,65536,3072,62457,0,262144,249892,True
optimizer.safetensors,adam.value_embeds.7.weight.m,29184,128,512,65536,1725,63799,0,262144,255260,True
optimizer.safetensors,adam.value_embeds.7.weight.m,29312,128,512,65536,3600,61927,0,262144,247772,False
optimizer.safetensors,adam.value_embeds.7.weight.m,29440,128,512,65536,2565,62964,0,262144,251920,True
optimizer.safetensors,adam.value_embeds.7.weight.m,29568,128,512,65536,1515,64012,0,262144,256112,True
optimizer.safetensors,adam.value_embeds.7.weight.m,29696,128,512,65536,2560,62968,0,262144,251936,True
optimizer.safetensors,adam.value_embeds.7.weight.m,29824,128,512,65536,2055,63470,0,262144,253944,True
optimizer.safetensors,adam.value_embeds.7.weight.m,29952,128,512,65536,1549,63980,0,262144,255984,True
optimizer.safetensors,adam.value_embeds.7.weight.m,30080,128,512,65536,2048,63478,0,262144,253976,True
optimizer.safetensors,adam.value_embeds.7.weight.m,30208,128,512,65536,3584,61933,0,262144,247796,False
optimizer.safetensors,adam.value_embeds.7.weight.m,30336,128,512,65536,3072,62453,0,262144,249876,True
optimizer.safetensors,adam.value_embeds.7.weight.m,30464,128,512,65536,3519,62007,0,262144,248092,False
optimizer.safetensors,adam.value_embeds.7.weight.m,30592,128,512,65536,5120,60405,0,262144,241684,False
optimizer.safetensors,adam.value_embeds.7.weight.m,30720,128,512,65536,2048,63482,0,262144,253992,True
optimizer.safetensors,adam.value_embeds.7.weight.m,30848,128,512,65536,2048,63481,0,262144,253988,True
optimizer.safetensors,adam.value_embeds.7.weight.m,30976,128,512,65536,4610,60915,0,262144,243724,False
optimizer.safetensors,adam.value_embeds.7.weight.m,31104,128,512,65536,2242,63286,0,262144,253208,True
optimizer.safetensors,adam.value_embeds.7.weight.m,31232,128,512,65536,2125,63403,0,262144,253676,True
optimizer.safetensors,adam.value_embeds.7.weight.m,31360,128,512,65536,1171,64363,0,262144,257516,True
optimizer.safetensors,adam.value_embeds.7.weight.m,31488,128,512,65536,1601,63928,0,262144,255776,True
optimizer.safetensors,adam.value_embeds.7.weight.m,31616,128,512,65536,2625,62901,0,262144,251668,True
optimizer.safetensors,adam.value_embeds.7.weight.m,31744,128,512,65536,2769,62758,0,262144,251096,True
optimizer.safetensors,adam.value_embeds.7.weight.m,31872,128,512,65536,1524,64000,0,262144,256064,True
optimizer.safetensors,adam.value_embeds.7.weight.m,32000,128,512,65536,47,65477,0,262144,261972,True
optimizer.safetensors,adam.value_embeds.7.weight.m,32128,128,512,65536,1539,63989,0,262144,256020,True
optimizer.safetensors,adam.value_embeds.7.weight.m,32256,128,512,65536,1441,64087,0,262144,256412,True
optimizer.safetensors,adam.value_embeds.7.weight.m,32384,128,512,65536,1024,64500,0,262144,258064,True
optimizer.safetensors,adam.value_embeds.7.weight.m,32512,128,512,65536,2049,63471,0,262144,253948,True
optimizer.safetensors,adam.value_embeds.7.weight.m,32640,128,512,65536,7928,57600,0,262144,230464,False
optimizer.safetensors,adam.value_embeds.7.weight.v,0,128,512,65536,16896,48632,0,262144,194592,False
optimizer.safetensors,adam.value_embeds.7.weight.v,128,128,512,65536,12988,52521,0,262144,210148,False
optimizer.safetensors,adam.value_embeds.7.weight.v,256,128,512,65536,0,65524,0,262144,262160,True
optimizer.safetensors,adam.value_embeds.7.weight.v,384,128,512,65536,0,65519,0,262144,262140,True
optimizer.safetensors,adam.value_embeds.7.weight.v,512,128,512,65536,0,65522,0,262144,262152,True
optimizer.safetensors,adam.value_embeds.7.weight.v,640,128,512,65536,521,64996,0,262144,260048,True
optimizer.safetensors,adam.value_embeds.7.weight.v,768,128,512,65536,512,65002,0,262144,260072,True
optimizer.safetensors,adam.value_embeds.7.weight.v,896,128,512,65536,512,65016,0,262144,260128,True
optimizer.safetensors,adam.value_embeds.7.weight.v,1024,128,512,65536,0,65520,0,262144,262144,True
optimizer.safetensors,adam.value_embeds.7.weight.v,1152,128,512,65536,0,65518,0,262144,262136,True
optimizer.safetensors,adam.value_embeds.7.weight.v,1280,128,512,65536,0,65518,0,262144,262136,True
optimizer.safetensors,adam.value_embeds.7.weight.v,1408,128,512,65536,1024,64496,0,262144,258048,True
optimizer.safetensors,adam.value_embeds.7.weight.v,1536,128,512,65536,0,65524,0,262144,262160,True
optimizer.safetensors,adam.value_embeds.7.weight.v,1664,128,512,65536,512,65004,0,262144,260080,True
optimizer.safetensors,adam.value_embeds.7.weight.v,1792,128,512,65536,724,64796,0,262144,259248,True
optimizer.safetensors,adam.value_embeds.7.weight.v,1920,128,512,65536,1077,64443,0,262144,257836,True
optimizer.safetensors,adam.value_embeds.7.weight.v,2048,128,512,65536,452,65071,0,262144,260348,True
optimizer.safetensors,adam.value_embeds.7.weight.v,2176,128,512,65536,343,65182,0,262144,260792,True
optimizer.safetensors,adam.value_embeds.7.weight.v,2304,128,512,65536,1024,64492,0,262144,258032,True
optimizer.safetensors,adam.value_embeds.7.weight.v,2432,128,512,65536,0,65517,0,262144,262132,True
optimizer.safetensors,adam.value_embeds.7.weight.v,2560,128,512,65536,1536,63979,0,262144,255980,True
optimizer.safetensors,adam.value_embeds.7.weight.v,2688,128,512,65536,512,65007,0,262144,260092,True
optimizer.safetensors,adam.value_embeds.7.weight.v,2816,128,512,65536,1536,63988,0,262144,256016,True
optimizer.safetensors,adam.value_embeds.7.weight.v,2944,128,512,65536,1545,63979,0,262144,255980,True
optimizer.safetensors,adam.value_embeds.7.weight.v,3072,128,512,65536,0,65524,0,262144,262160,True
optimizer.safetensors,adam.value_embeds.7.weight.v,3200,128,512,65536,512,65006,0,262144,260088,True
optimizer.safetensors,adam.value_embeds.7.weight.v,3328,128,512,65536,1024,64494,0,262144,258040,True
optimizer.safetensors,adam.value_embeds.7.weight.v,3456,128,512,65536,512,65010,0,262144,260104,True
optimizer.safetensors,adam.value_embeds.7.weight.v,3584,128,512,65536,0,65505,0,262144,262084,True
optimizer.safetensors,adam.value_embeds.7.weight.v,3712,128,512,65536,1095,64424,0,262144,257760,True
optimizer.safetensors,adam.value_embeds.7.weight.v,3840,128,512,65536,512,65006,0,262144,260088,True
optimizer.safetensors,adam.value_embeds.7.weight.v,3968,128,512,65536,0,65516,0,262144,262128,True
optimizer.safetensors,adam.value_embeds.7.weight.v,4096,128,512,65536,0,65516,0,262144,262128,True
optimizer.safetensors,adam.value_embeds.7.weight.v,4224,128,512,65536,0,65515,0,262144,262124,True
optimizer.safetensors,adam.value_embeds.7.weight.v,4352,128,512,65536,512,65006,0,262144,260088,True
optimizer.safetensors,adam.value_embeds.7.weight.v,4480,128,512,65536,515,65001,0,262144,260068,True
optimizer.safetensors,adam.value_embeds.7.weight.v,4608,128,512,65536,518,64994,0,262144,260040,True
optimizer.safetensors,adam.value_embeds.7.weight.v,4736,128,512,65536,1024,64487,0,262144,258012,True
optimizer.safetensors,adam.value_embeds.7.weight.v,4864,128,512,65536,512,65006,0,262144,260088,True
optimizer.safetensors,adam.value_embeds.7.weight.v,4992,128,512,65536,1536,63979,0,262144,255980,True
optimizer.safetensors,adam.value_embeds.7.weight.v,5120,128,512,65536,512,65003,0,262144,260076,True
optimizer.safetensors,adam.value_embeds.7.weight.v,5248,128,512,65536,1538,63974,0,262144,255960,True
optimizer.safetensors,adam.value_embeds.7.weight.v,5376,128,512,65536,1024,64494,0,262144,258040,True
optimizer.safetensors,adam.value_embeds.7.weight.v,5504,128,512,65536,2048,63470,0,262144,253944,True
optimizer.safetensors,adam.value_embeds.7.weight.v,5632,128,512,65536,526,64981,0,262144,259988,True
optimizer.safetensors,adam.value_embeds.7.weight.v,5760,128,512,65536,2048,63477,0,262144,253972,True
optimizer.safetensors,adam.value_embeds.7.weight.v,5888,128,512,65536,0,65513,0,262144,262116,True
optimizer.safetensors,adam.value_embeds.7.weight.v,6016,128,512,65536,0,65517,0,262144,262132,True
optimizer.safetensors,adam.value_embeds.7.weight.v,6144,128,512,65536,873,64641,0,262144,258628,True
optimizer.safetensors,adam.value_embeds.7.weight.v,6272,128,512,65536,512,64993,0,262144,260036,True
optimizer.safetensors,adam.value_embeds.7.weight.v,6400,128,512,65536,1024,64487,0,262144,258012,True
optimizer.safetensors,adam.value_embeds.7.weight.v,6528,128,512,65536,1024,64494,0,262144,258040,True
optimizer.safetensors,adam.value_embeds.7.weight.v,6656,128,512,65536,1024,64492,0,262144,258032,True
optimizer.safetensors,adam.value_embeds.7.weight.v,6784,128,512,65536,1536,63979,0,262144,255980,True
optimizer.safetensors,adam.value_embeds.7.weight.v,6912,128,512,65536,1024,64496,0,262144,258048,True
optimizer.safetensors,adam.value_embeds.7.weight.v,7040,128,512,65536,0,65516,0,262144,262128,True
optimizer.safetensors,adam.value_embeds.7.weight.v,7168,128,512,65536,1024,64494,0,262144,258040,True
optimizer.safetensors,adam.value_embeds.7.weight.v,7296,128,512,65536,515,65000,0,262144,260064,True
optimizer.safetensors,adam.value_embeds.7.weight.v,7424,128,512,65536,1024,64488,0,262144,258016,True
optimizer.safetensors,adam.value_embeds.7.weight.v,7552,128,512,65536,512,65011,0,262144,260108,True
optimizer.safetensors,adam.value_embeds.7.weight.v,7680,128,512,65536,992,64521,0,262144,258148,True
optimizer.safetensors,adam.value_embeds.7.weight.v,7808,128,512,65536,960,64547,0,262144,258252,True
optimizer.safetensors,adam.value_embeds.7.weight.v,7936,128,512,65536,512,65001,0,262144,260068,True
optimizer.safetensors,adam.value_embeds.7.weight.v,8064,128,512,65536,512,65002,0,262144,260072,True
optimizer.safetensors,adam.value_embeds.7.weight.v,8192,128,512,65536,1147,64372,0,262144,257552,True
optimizer.safetensors,adam.value_embeds.7.weight.v,8320,128,512,65536,147,65366,0,262144,261528,True
optimizer.safetensors,adam.value_embeds.7.weight.v,8448,128,512,65536,1186,64329,0,262144,257380,True
optimizer.safetensors,adam.value_embeds.7.weight.v,8576,128,512,65536,1582,63936,0,262144,255808,True
optimizer.safetensors,adam.value_embeds.7.weight.v,8704,128,512,65536,512,65005,0,262144,260084,True
optimizer.safetensors,adam.value_embeds.7.weight.v,8832,128,512,65536,1172,64335,0,262144,257404,True
optimizer.safetensors,adam.value_embeds.7.weight.v,8960,128,512,65536,1024,64490,0,262144,258024,True
optimizer.safetensors,adam.value_embeds.7.weight.v,9088,128,512,65536,528,64984,0,262144,260000,True
optimizer.safetensors,adam.value_embeds.7.weight.v,9216,128,512,65536,630,64876,0,262144,259568,True
optimizer.safetensors,adam.value_embeds.7.weight.v,9344,128,512,65536,533,64982,0,262144,259992,True
optimizer.safetensors,adam.value_embeds.7.weight.v,9472,128,512,65536,1024,64495,0,262144,258044,True
optimizer.safetensors,adam.value_embeds.7.weight.v,9600,128,512,65536,0,65506,0,262144,262088,True
optimizer.safetensors,adam.value_embeds.7.weight.v,9728,128,512,65536,512,64998,0,262144,260056,True
optimizer.safetensors,adam.value_embeds.7.weight.v,9856,128,512,65536,512,64994,0,262144,260040,True
optimizer.safetensors,adam.value_embeds.7.weight.v,9984,128,512,65536,686,64826,0,262144,259368,True
optimizer.safetensors,adam.value_embeds.7.weight.v,10112,128,512,65536,738,64779,0,262144,259180,True
optimizer.safetensors,adam.value_embeds.7.weight.v,10240,128,512,65536,512,65001,0,262144,260068,True
optimizer.safetensors,adam.value_embeds.7.weight.v,10368,128,512,65536,513,65007,0,262144,260092,True
optimizer.safetensors,adam.value_embeds.7.weight.v,10496,128,512,65536,0,65523,0,262144,262156,True
optimizer.safetensors,adam.value_embeds.7.weight.v,10624,128,512,65536,520,64993,0,262144,260036,True
optimizer.safetensors,adam.value_embeds.7.weight.v,10752,128,512,65536,0,65518,0,262144,262136,True
optimizer.safetensors,adam.value_embeds.7.weight.v,10880,128,512,65536,0,65513,0,262144,262116,True
optimizer.safetensors,adam.value_embeds.7.weight.v,11008,128,512,65536,512,64993,0,262144,260036,True
optimizer.safetensors,adam.value_embeds.7.weight.v,11136,128,512,65536,512,64993,0,262144,260036,True
optimizer.safetensors,adam.value_embeds.7.weight.v,11264,128,512,65536,0,65509,0,262144,262100,True
optimizer.safetensors,adam.value_embeds.7.weight.v,11392,128,512,65536,1024,64485,0,262144,258004,True
optimizer.safetensors,adam.value_embeds.7.weight.v,11520,128,512,65536,512,64996,0,262144,260048,True
optimizer.safetensors,adam.value_embeds.7.weight.v,11648,128,512,65536,1024,64486,0,262144,258008,True
optimizer.safetensors,adam.value_embeds.7.weight.v,11776,128,512,65536,512,64996,0,262144,260048,True
optimizer.safetensors,adam.value_embeds.7.weight.v,11904,128,512,65536,524,64993,0,262144,260036,True
optimizer.safetensors,adam.value_embeds.7.weight.v,12032,128,512,65536,0,65506,0,262144,262088,True
optimizer.safetensors,adam.value_embeds.7.weight.v,12160,128,512,65536,512,65003,0,262144,260076,True
optimizer.safetensors,adam.value_embeds.7.weight.v,12288,128,512,65536,1007,64507,0,262144,258092,True
optimizer.safetensors,adam.value_embeds.7.weight.v,12416,128,512,65536,512,65008,0,262144,260096,True
optimizer.safetensors,adam.value_embeds.7.weight.v,12544,128,512,65536,0,65509,0,262144,262100,True
optimizer.safetensors,adam.value_embeds.7.weight.v,12672,128,512,65536,512,65004,0,262144,260080,True
optimizer.safetensors,adam.value_embeds.7.weight.v,12800,128,512,65536,915,64585,0,262144,258404,True
optimizer.safetensors,adam.value_embeds.7.weight.v,12928,128,512,65536,1024,64491,0,262144,258028,True
optimizer.safetensors,adam.value_embeds.7.weight.v,13056,128,512,65536,0,65505,0,262144,262084,True
optimizer.safetensors,adam.value_embeds.7.weight.v,13184,128,512,65536,512,64989,0,262144,260020,True
optimizer.safetensors,adam.value_embeds.7.weight.v,13312,128,512,65536,512,65003,0,262144,260076,True
optimizer.safetensors,adam.value_embeds.7.weight.v,13440,128,512,65536,1338,64179,0,262144,256780,True
optimizer.safetensors,adam.value_embeds.7.weight.v,13568,128,512,65536,513,65002,0,262144,260072,True
optimizer.safetensors,adam.value_embeds.7.weight.v,13696,128,512,65536,1024,64481,0,262144,257988,True
optimizer.safetensors,adam.value_embeds.7.weight.v,13824,128,512,65536,512,64996,0,262144,260048,True
optimizer.safetensors,adam.value_embeds.7.weight.v,13952,128,512,65536,512,64999,0,262144,260060,True
optimizer.safetensors,adam.value_embeds.7.weight.v,14080,128,512,65536,512,64998,0,262144,260056,True
optimizer.safetensors,adam.value_embeds.7.weight.v,14208,128,512,65536,1536,63980,0,262144,255984,True
optimizer.safetensors,adam.value_embeds.7.weight.v,14336,128,512,65536,512,64996,0,262144,260048,True
optimizer.safetensors,adam.value_embeds.7.weight.v,14464,128,512,65536,0,65516,0,262144,262128,True
optimizer.safetensors,adam.value_embeds.7.weight.v,14592,128,512,65536,0,65515,0,262144,262124,True
optimizer.safetensors,adam.value_embeds.7.weight.v,14720,128,512,65536,512,64994,0,262144,260040,True
optimizer.safetensors,adam.value_embeds.7.weight.v,14848,128,512,65536,0,65509,0,262144,262100,True
optimizer.safetensors,adam.value_embeds.7.weight.v,14976,128,512,65536,1024,64489,0,262144,258020,True
optimizer.safetensors,adam.value_embeds.7.weight.v,15104,128,512,65536,0,65506,0,262144,262088,True
optimizer.safetensors,adam.value_embeds.7.weight.v,15232,128,512,65536,513,64999,0,262144,260060,True
optimizer.safetensors,adam.value_embeds.7.weight.v,15360,128,512,65536,512,65000,0,262144,260064,True
optimizer.safetensors,adam.value_embeds.7.weight.v,15488,128,512,65536,1024,64485,0,262144,258004,True
optimizer.safetensors,adam.value_embeds.7.weight.v,15616,128,512,65536,12,65485,0,262144,262004,True
optimizer.safetensors,adam.value_embeds.7.weight.v,15744,128,512,65536,0,65511,0,262144,262108,True
optimizer.safetensors,adam.value_embeds.7.weight.v,15872,128,512,65536,0,65508,0,262144,262096,True
optimizer.safetensors,adam.value_embeds.7.weight.v,16000,128,512,65536,1024,64486,0,262144,258008,True
optimizer.safetensors,adam.value_embeds.7.weight.v,16128,128,512,65536,1024,64485,0,262144,258004,True
optimizer.safetensors,adam.value_embeds.7.weight.v,16256,128,512,65536,1536,63982,0,262144,255992,True
optimizer.safetensors,adam.value_embeds.7.weight.v,16384,128,512,65536,1025,64484,0,262144,258000,True
optimizer.safetensors,adam.value_embeds.7.weight.v,16512,128,512,65536,0,65509,0,262144,262100,True
optimizer.safetensors,adam.value_embeds.7.weight.v,16640,128,512,65536,512,65003,0,262144,260076,True
optimizer.safetensors,adam.value_embeds.7.weight.v,16768,128,512,65536,1025,64484,0,262144,258000,True
optimizer.safetensors,adam.value_embeds.7.weight.v,16896,128,512,65536,512,64992,0,262144,260032,True
optimizer.safetensors,adam.value_embeds.7.weight.v,17024,128,512,65536,1024,64464,0,262144,257920,True
optimizer.safetensors,adam.value_embeds.7.weight.v,17152,128,512,65536,0,65514,0,262144,262120,True
optimizer.safetensors,adam.value_embeds.7.weight.v,17280,128,512,65536,512,65002,0,262144,260072,True
optimizer.safetensors,adam.value_embeds.7.weight.v,17408,128,512,65536,613,64891,0,262144,259628,True
optimizer.safetensors,adam.value_embeds.7.weight.v,17536,128,512,65536,31,65472,0,262144,261952,True
optimizer.safetensors,adam.value_embeds.7.weight.v,17664,128,512,65536,0,65505,0,262144,262084,True
optimizer.safetensors,adam.value_embeds.7.weight.v,17792,128,512,65536,512,65001,0,262144,260068,True
optimizer.safetensors,adam.value_embeds.7.weight.v,17920,128,512,65536,517,64989,0,262144,260020,True
optimizer.safetensors,adam.value_embeds.7.weight.v,18048,128,512,65536,512,64993,0,262144,260036,True
optimizer.safetensors,adam.value_embeds.7.weight.v,18176,128,512,65536,0,65501,0,262144,262068,True
optimizer.safetensors,adam.value_embeds.7.weight.v,18304,128,512,65536,0,65505,0,262144,262084,True
optimizer.safetensors,adam.value_embeds.7.weight.v,18432,128,512,65536,0,65506,0,262144,262088,True
optimizer.safetensors,adam.value_embeds.7.weight.v,18560,128,512,65536,712,64795,0,262144,259244,True
optimizer.safetensors,adam.value_embeds.7.weight.v,18688,128,512,65536,512,64987,0,262144,260012,True
optimizer.safetensors,adam.value_embeds.7.weight.v,18816,128,512,65536,512,64997,0,262144,260052,True
optimizer.safetensors,adam.value_embeds.7.weight.v,18944,128,512,65536,512,64994,0,262144,260040,True
optimizer.safetensors,adam.value_embeds.7.weight.v,19072,128,512,65536,592,64906,0,262144,259688,True
optimizer.safetensors,adam.value_embeds.7.weight.v,19200,128,512,65536,512,64996,0,262144,260048,True
optimizer.safetensors,adam.value_embeds.7.weight.v,19328,128,512,65536,512,64992,0,262144,260032,True
optimizer.safetensors,adam.value_embeds.7.weight.v,19456,128,512,65536,515,64991,0,262144,260028,True
optimizer.safetensors,adam.value_embeds.7.weight.v,19584,128,512,65536,1024,64474,0,262144,257960,True
optimizer.safetensors,adam.value_embeds.7.weight.v,19712,128,512,65536,512,64995,0,262144,260044,True
optimizer.safetensors,adam.value_embeds.7.weight.v,19840,128,512,65536,512,64994,0,262144,260040,True
optimizer.safetensors,adam.value_embeds.7.weight.v,19968,128,512,65536,0,65509,0,262144,262100,True
optimizer.safetensors,adam.value_embeds.7.weight.v,20096,128,512,65536,512,64994,0,262144,260040,True
optimizer.safetensors,adam.value_embeds.7.weight.v,20224,128,512,65536,1024,64476,0,262144,257968,True
optimizer.safetensors,adam.value_embeds.7.weight.v,20352,128,512,65536,513,65011,0,262144,260108,True
optimizer.safetensors,adam.value_embeds.7.weight.v,20480,128,512,65536,0,65507,0,262144,262092,True
optimizer.safetensors,adam.value_embeds.7.weight.v,20608,128,512,65536,0,65518,0,262144,262136,True
optimizer.safetensors,adam.value_embeds.7.weight.v,20736,128,512,65536,1024,64477,0,262144,257972,True
optimizer.safetensors,adam.value_embeds.7.weight.v,20864,128,512,65536,0,65512,0,262144,262112,True
optimizer.safetensors,adam.value_embeds.7.weight.v,20992,128,512,65536,513,64987,0,262144,260012,True
optimizer.safetensors,adam.value_embeds.7.weight.v,21120,128,512,65536,512,65002,0,262144,260072,True
optimizer.safetensors,adam.value_embeds.7.weight.v,21248,128,512,65536,0,65502,0,262144,262072,True
optimizer.safetensors,adam.value_embeds.7.weight.v,21376,128,512,65536,0,65507,0,262144,262092,True
optimizer.safetensors,adam.value_embeds.7.weight.v,21504,128,512,65536,628,64881,0,262144,259588,True
optimizer.safetensors,adam.value_embeds.7.weight.v,21632,128,512,65536,0,65501,0,262144,262068,True
optimizer.safetensors,adam.value_embeds.7.weight.v,21760,128,512,65536,512,64998,0,262144,260056,True
optimizer.safetensors,adam.value_embeds.7.weight.v,21888,128,512,65536,0,65501,0,262144,262068,True
optimizer.safetensors,adam.value_embeds.7.weight.v,22016,128,512,65536,512,64998,0,262144,260056,True
optimizer.safetensors,adam.value_embeds.7.weight.v,22144,128,512,65536,3,65499,0,262144,262060,True
optimizer.safetensors,adam.value_embeds.7.weight.v,22272,128,512,65536,0,65504,0,262144,262080,True
optimizer.safetensors,adam.value_embeds.7.weight.v,22400,128,512,65536,1240,64270,0,262144,257144,True
optimizer.safetensors,adam.value_embeds.7.weight.v,22528,128,512,65536,512,64993,0,262144,260036,True
optimizer.safetensors,adam.value_embeds.7.weight.v,22656,128,512,65536,512,64982,0,262144,259992,True
optimizer.safetensors,adam.value_embeds.7.weight.v,22784,128,512,65536,304,65207,0,262144,260892,True
optimizer.safetensors,adam.value_embeds.7.weight.v,22912,128,512,65536,517,64979,0,262144,259980,True
optimizer.safetensors,adam.value_embeds.7.weight.v,23040,128,512,65536,512,64982,0,262144,259992,True
optimizer.safetensors,adam.value_embeds.7.weight.v,23168,128,512,65536,0,65519,0,262144,262140,True
optimizer.safetensors,adam.value_embeds.7.weight.v,23296,128,512,65536,512,64995,0,262144,260044,True
optimizer.safetensors,adam.value_embeds.7.weight.v,23424,128,512,65536,0,65500,0,262144,262064,True
optimizer.safetensors,adam.value_embeds.7.weight.v,23552,128,512,65536,936,64574,0,262144,258360,True
optimizer.safetensors,adam.value_embeds.7.weight.v,23680,128,512,65536,511,64996,0,262144,260048,True
optimizer.safetensors,adam.value_embeds.7.weight.v,23808,128,512,65536,249,65265,0,262144,261124,True
optimizer.safetensors,adam.value_embeds.7.weight.v,23936,128,512,65536,0,65511,0,262144,262108,True
optimizer.safetensors,adam.value_embeds.7.weight.v,24064,128,512,65536,0,65501,0,262144,262068,True
optimizer.safetensors,adam.value_embeds.7.weight.v,24192,128,512,65536,502,65013,0,262144,260116,True
optimizer.safetensors,adam.value_embeds.7.weight.v,24320,128,512,65536,0,65512,0,262144,262112,True
optimizer.safetensors,adam.value_embeds.7.weight.v,24448,128,512,65536,1117,64394,0,262144,257640,True
optimizer.safetensors,adam.value_embeds.7.weight.v,24576,128,512,65536,554,64941,0,262144,259828,True
optimizer.safetensors,adam.value_embeds.7.weight.v,24704,128,512,65536,1044,64455,0,262144,257884,True
optimizer.safetensors,adam.value_embeds.7.weight.v,24832,128,512,65536,380,65126,0,262144,260568,True
optimizer.safetensors,adam.value_embeds.7.weight.v,24960,128,512,65536,1121,64397,0,262144,257652,True
optimizer.safetensors,adam.value_embeds.7.weight.v,25088,128,512,65536,512,65005,0,262144,260084,True
optimizer.safetensors,adam.value_embeds.7.weight.v,25216,128,512,65536,0,65511,0,262144,262108,True
optimizer.safetensors,adam.value_embeds.7.weight.v,25344,128,512,65536,512,64992,0,262144,260032,True
optimizer.safetensors,adam.value_embeds.7.weight.v,25472,128,512,65536,0,65506,0,262144,262088,True
optimizer.safetensors,adam.value_embeds.7.weight.v,25600,128,512,65536,0,65500,0,262144,262064,True
optimizer.safetensors,adam.value_embeds.7.weight.v,25728,128,512,65536,1024,64478,0,262144,257976,True
optimizer.safetensors,adam.value_embeds.7.weight.v,25856,128,512,65536,0,65506,0,262144,262088,True
optimizer.safetensors,adam.value_embeds.7.weight.v,25984,128,512,65536,0,65513,0,262144,262116,True
optimizer.safetensors,adam.value_embeds.7.weight.v,26112,128,512,65536,512,64993,0,262144,260036,True
optimizer.safetensors,adam.value_embeds.7.weight.v,26240,128,512,65536,513,64995,0,262144,260044,True
optimizer.safetensors,adam.value_embeds.7.weight.v,26368,128,512,65536,512,64996,0,262144,260048,True
optimizer.safetensors,adam.value_embeds.7.weight.v,26496,128,512,65536,684,64826,0,262144,259368,True
optimizer.safetensors,adam.value_embeds.7.weight.v,26624,128,512,65536,1537,63971,0,262144,255948,True
optimizer.safetensors,adam.value_embeds.7.weight.v,26752,128,512,65536,0,65511,0,262144,262108,True
optimizer.safetensors,adam.value_embeds.7.weight.v,26880,128,512,65536,0,65508,0,262144,262096,True
optimizer.safetensors,adam.value_embeds.7.weight.v,27008,128,512,65536,0,65510,0,262144,262104,True
optimizer.safetensors,adam.value_embeds.7.weight.v,27136,128,512,65536,0,65499,0,262144,262060,True
optimizer.safetensors,adam.value_embeds.7.weight.v,27264,128,512,65536,523,64989,0,262144,260020,True
optimizer.safetensors,adam.value_embeds.7.weight.v,27392,128,512,65536,742,64759,0,262144,259100,True
optimizer.safetensors,adam.value_embeds.7.weight.v,27520,128,512,65536,613,64899,0,262144,259660,True
optimizer.safetensors,adam.value_embeds.7.weight.v,27648,128,512,65536,926,64572,0,262144,258352,True
optimizer.safetensors,adam.value_embeds.7.weight.v,27776,128,512,65536,512,64990,0,262144,260024,True
optimizer.safetensors,adam.value_embeds.7.weight.v,27904,128,512,65536,216,65287,0,262144,261212,True
optimizer.safetensors,adam.value_embeds.7.weight.v,28032,128,512,65536,1024,64475,0,262144,257964,True
optimizer.safetensors,adam.value_embeds.7.weight.v,28160,128,512,65536,1037,64461,0,262144,257908,True
optimizer.safetensors,adam.value_embeds.7.weight.v,28288,128,512,65536,1024,64483,0,262144,257996,True
optimizer.safetensors,adam.value_embeds.7.weight.v,28416,128,512,65536,1024,64476,0,262144,257968,True
optimizer.safetensors,adam.value_embeds.7.weight.v,28544,128,512,65536,1056,64453,0,262144,257876,True
optimizer.safetensors,adam.value_embeds.7.weight.v,28672,128,512,65536,209,65297,0,262144,261252,True
optimizer.safetensors,adam.value_embeds.7.weight.v,28800,128,512,65536,1128,64377,0,262144,257572,True
optimizer.safetensors,adam.value_embeds.7.weight.v,28928,128,512,65536,512,64993,0,262144,260036,True
optimizer.safetensors,adam.value_embeds.7.weight.v,29056,128,512,65536,527,64972,0,262144,259952,True
optimizer.safetensors,adam.value_embeds.7.weight.v,29184,128,512,65536,510,64986,0,262144,260008,True
optimizer.safetensors,adam.value_embeds.7.weight.v,29312,128,512,65536,2051,63454,0,262144,253880,True
optimizer.safetensors,adam.value_embeds.7.weight.v,29440,128,512,65536,1051,64448,0,262144,257856,True
optimizer.safetensors,adam.value_embeds.7.weight.v,29568,128,512,65536,0,65500,0,262144,262064,True
optimizer.safetensors,adam.value_embeds.7.weight.v,29696,128,512,65536,1,65497,0,262144,262052,True
optimizer.safetensors,adam.value_embeds.7.weight.v,29824,128,512,65536,1024,64475,0,262144,257964,True
optimizer.safetensors,adam.value_embeds.7.weight.v,29952,128,512,65536,512,64990,0,262144,260024,True
optimizer.safetensors,adam.value_embeds.7.weight.v,30080,128,512,65536,955,64543,0,262144,258236,True
optimizer.safetensors,adam.value_embeds.7.weight.v,30208,128,512,65536,155,65346,0,262144,261448,True
optimizer.safetensors,adam.value_embeds.7.weight.v,30336,128,512,65536,512,64982,0,262144,259992,True
optimizer.safetensors,adam.value_embeds.7.weight.v,30464,128,512,65536,512,64994,0,262144,260040,True
optimizer.safetensors,adam.value_embeds.7.weight.v,30592,128,512,65536,1568,63939,0,262144,255820,True
optimizer.safetensors,adam.value_embeds.7.weight.v,30720,128,512,65536,1,65513,0,262144,262116,True
optimizer.safetensors,adam.value_embeds.7.weight.v,30848,128,512,65536,0,65507,0,262144,262092,True
optimizer.safetensors,adam.value_embeds.7.weight.v,30976,128,512,65536,0,65505,0,262144,262084,True
optimizer.safetensors,adam.value_embeds.7.weight.v,31104,128,512,65536,512,64988,0,262144,260016,True
optimizer.safetensors,adam.value_embeds.7.weight.v,31232,128,512,65536,512,64991,0,262144,260028,True
optimizer.safetensors,adam.value_embeds.7.weight.v,31360,128,512,65536,0,65500,0,262144,262064,True
optimizer.safetensors,adam.value_embeds.7.weight.v,31488,128,512,65536,727,64773,0,262144,259156,True
optimizer.safetensors,adam.value_embeds.7.weight.v,31616,128,512,65536,42,65451,0,262144,261868,True
optimizer.safetensors,adam.value_embeds.7.weight.v,31744,128,512,65536,458,65047,0,262144,260252,True
optimizer.safetensors,adam.value_embeds.7.weight.v,31872,128,512,65536,0,65498,0,262144,262056,True
optimizer.safetensors,adam.value_embeds.7.weight.v,32000,128,512,65536,0,65490,0,262144,262024,True
optimizer.safetensors,adam.value_embeds.7.weight.v,32128,128,512,65536,0,65503,0,262144,262076,True
optimizer.safetensors,adam.value_embeds.7.weight.v,32256,128,512,65536,0,65510,0,262144,262104,True
optimizer.safetensors,adam.value_embeds.7.weight.v,32384,128,512,65536,0,65500,0,262144,262064,True
optimizer.safetensors,adam.value_embeds.7.weight.v,32512,128,512,65536,0,65504,0,262144,262080,True
optimizer.safetensors,adam.value_embeds.7.weight.v,32640,128,512,65536,4608,60881,0,262144,243588,False
optimizer.safetensors,adam.wte.weight.m,0,128,512,65536,16896,48628,0,262144,194576,False
optimizer.safetensors,adam.wte.weight.m,128,128,512,65536,15872,49656,0,262144,198688,False
optimizer.safetensors,adam.wte.weight.m,256,128,512,65536,0,65518,0,262144,262136,True
optimizer.safetensors,adam.wte.weight.m,384,128,512,65536,0,65514,0,262144,262120,True
optimizer.safetensors,adam.wte.weight.m,512,128,512,65536,0,65515,0,262144,262124,True
optimizer.safetensors,adam.wte.weight.m,640,128,512,65536,1546,63974,0,262144,255960,True
optimizer.safetensors,adam.wte.weight.m,768,128,512,65536,1024,64497,0,262144,258052,True
optimizer.safetensors,adam.wte.weight.m,896,128,512,65536,512,65007,0,262144,260092,True
optimizer.safetensors,adam.wte.weight.m,1024,128,512,65536,45,65466,0,262144,261928,True
optimizer.safetensors,adam.wte.weight.m,1152,128,512,65536,0,65523,0,262144,262156,True
optimizer.safetensors,adam.wte.weight.m,1280,128,512,65536,0,65519,0,262144,262140,True
optimizer.safetensors,adam.wte.weight.m,1408,128,512,65536,2048,63471,0,262144,253948,True
optimizer.safetensors,adam.wte.weight.m,1536,128,512,65536,512,65008,0,262144,260096,True
optimizer.safetensors,adam.wte.weight.m,1664,128,512,65536,724,64795,0,262144,259244,True
optimizer.safetensors,adam.wte.weight.m,1792,128,512,65536,1536,63983,0,262144,255996,True
optimizer.safetensors,adam.wte.weight.m,1920,128,512,65536,1536,63989,0,262144,256020,True
optimizer.safetensors,adam.wte.weight.m,2048,128,512,65536,1536,63983,0,262144,255996,True
optimizer.safetensors,adam.wte.weight.m,2176,128,512,65536,1536,63988,0,262144,256016,True
optimizer.safetensors,adam.wte.weight.m,2304,128,512,65536,1024,64498,0,262144,258056,True
optimizer.safetensors,adam.wte.weight.m,2432,128,512,65536,556,64966,0,262144,259928,True
optimizer.safetensors,adam.wte.weight.m,2560,128,512,65536,1536,63985,0,262144,256004,True
optimizer.safetensors,adam.wte.weight.m,2688,128,512,65536,1024,64495,0,262144,258044,True
optimizer.safetensors,adam.wte.weight.m,2816,128,512,65536,3072,62445,0,262144,249844,True
optimizer.safetensors,adam.wte.weight.m,2944,128,512,65536,3584,61940,0,262144,247824,False
optimizer.safetensors,adam.wte.weight.m,3072,128,512,65536,512,65004,0,262144,260080,True
optimizer.safetensors,adam.wte.weight.m,3200,128,512,65536,1024,64493,0,262144,258036,True
optimizer.safetensors,adam.wte.weight.m,3328,128,512,65536,2050,63476,0,262144,253968,True
optimizer.safetensors,adam.wte.weight.m,3456,128,512,65536,1536,63981,0,262144,255988,True
optimizer.safetensors,adam.wte.weight.m,3584,128,512,65536,486,65036,0,262144,260208,True
optimizer.safetensors,adam.wte.weight.m,3712,128,512,65536,2099,63419,0,262144,253740,True
optimizer.safetensors,adam.wte.weight.m,3840,128,512,65536,2075,63445,0,262144,253844,True
optimizer.safetensors,adam.wte.weight.m,3968,128,512,65536,512,65009,0,262144,260100,True
optimizer.safetensors,adam.wte.weight.m,4096,128,512,65536,512,64998,0,262144,260056,True
optimizer.safetensors,adam.wte.weight.m,4224,128,512,65536,1024,64493,0,262144,258036,True
optimizer.safetensors,adam.wte.weight.m,4352,128,512,65536,2048,63454,0,262144,253880,True
optimizer.safetensors,adam.wte.weight.m,4480,128,512,65536,2779,62742,0,262144,251032,True
optimizer.safetensors,adam.wte.weight.m,4608,128,512,65536,1024,64492,0,262144,258032,True
optimizer.safetensors,adam.wte.weight.m,4736,128,512,65536,2048,63471,0,262144,253948,True
optimizer.safetensors,adam.wte.weight.m,4864,128,512,65536,512,65003,0,262144,260076,True
optimizer.safetensors,adam.wte.weight.m,4992,128,512,65536,2048,63460,0,262144,253904,True
optimizer.safetensors,adam.wte.weight.m,5120,128,512,65536,512,65008,0,262144,260096,True
optimizer.safetensors,adam.wte.weight.m,5248,128,512,65536,2048,63470,0,262144,253944,True
optimizer.safetensors,adam.wte.weight.m,5376,128,512,65536,1024,64487,0,262144,258012,True
optimizer.safetensors,adam.wte.weight.m,5504,128,512,65536,4283,61241,0,262144,245028,False
optimizer.safetensors,adam.wte.weight.m,5632,128,512,65536,2048,63475,0,262144,253964,True
optimizer.safetensors,adam.wte.weight.m,5760,128,512,65536,4096,61425,0,262144,245764,False
optimizer.safetensors,adam.wte.weight.m,5888,128,512,65536,512,65005,0,262144,260084,True
optimizer.safetensors,adam.wte.weight.m,6016,128,512,65536,512,65004,0,262144,260080,True
optimizer.safetensors,adam.wte.weight.m,6144,128,512,65536,2047,63467,0,262144,253932,True
optimizer.safetensors,adam.wte.weight.m,6272,128,512,65536,512,65006,0,262144,260088,True
optimizer.safetensors,adam.wte.weight.m,6400,128,512,65536,1536,63986,0,262144,256008,True
optimizer.safetensors,adam.wte.weight.m,6528,128,512,65536,1536,63983,0,262144,255996,True
optimizer.safetensors,adam.wte.weight.m,6656,128,512,65536,2058,63455,0,262144,253884,True
optimizer.safetensors,adam.wte.weight.m,6784,128,512,65536,2048,63474,0,262144,253960,True
optimizer.safetensors,adam.wte.weight.m,6912,128,512,65536,2048,63479,0,262144,253980,True
optimizer.safetensors,adam.wte.weight.m,7040,128,512,65536,0,65520,0,262144,262144,True
optimizer.safetensors,adam.wte.weight.m,7168,128,512,65536,1536,63983,0,262144,255996,True
optimizer.safetensors,adam.wte.weight.m,7296,128,512,65536,1536,63979,0,262144,255980,True
optimizer.safetensors,adam.wte.weight.m,7424,128,512,65536,2048,63467,0,262144,253932,True
optimizer.safetensors,adam.wte.weight.m,7552,128,512,65536,2048,63473,0,262144,253956,True
optimizer.safetensors,adam.wte.weight.m,7680,128,512,65536,2560,62953,0,262144,251876,True
optimizer.safetensors,adam.wte.weight.m,7808,128,512,65536,2048,63475,0,262144,253964,True
optimizer.safetensors,adam.wte.weight.m,7936,128,512,65536,1541,63978,0,262144,255976,True
optimizer.safetensors,adam.wte.weight.m,8064,128,512,65536,512,65013,0,262144,260116,True
optimizer.safetensors,adam.wte.weight.m,8192,128,512,65536,2048,63464,0,262144,253920,True
optimizer.safetensors,adam.wte.weight.m,8320,128,512,65536,1026,64493,0,262144,258036,True
optimizer.safetensors,adam.wte.weight.m,8448,128,512,65536,2058,63465,0,262144,253924,True
optimizer.safetensors,adam.wte.weight.m,8576,128,512,65536,3072,62446,0,262144,249848,True
optimizer.safetensors,adam.wte.weight.m,8704,128,512,65536,1024,64495,0,262144,258044,True
optimizer.safetensors,adam.wte.weight.m,8832,128,512,65536,2596,62920,0,262144,251744,True
optimizer.safetensors,adam.wte.weight.m,8960,128,512,65536,1024,64493,0,262144,258036,True
optimizer.safetensors,adam.wte.weight.m,9088,128,512,65536,1024,64498,0,262144,258056,True
optimizer.safetensors,adam.wte.weight.m,9216,128,512,65536,1024,64486,0,262144,258008,True
optimizer.safetensors,adam.wte.weight.m,9344,128,512,65536,2051,63461,0,262144,253908,True
optimizer.safetensors,adam.wte.weight.m,9472,128,512,65536,1536,63981,0,262144,255988,True
optimizer.safetensors,adam.wte.weight.m,9600,128,512,65536,512,65007,0,262144,260092,True
optimizer.safetensors,adam.wte.weight.m,9728,128,512,65536,2048,63468,0,262144,253936,True
optimizer.safetensors,adam.wte.weight.m,9856,128,512,65536,512,65010,0,262144,260104,True
optimizer.safetensors,adam.wte.weight.m,9984,128,512,65536,1024,64493,0,262144,258036,True
optimizer.safetensors,adam.wte.weight.m,10112,128,512,65536,1651,63877,0,262144,255572,True
optimizer.safetensors,adam.wte.weight.m,10240,128,512,65536,2048,63476,0,262144,253968,True
optimizer.safetensors,adam.wte.weight.m,10368,128,512,65536,2048,63475,0,262144,253964,True
optimizer.safetensors,adam.wte.weight.m,10496,128,512,65536,514,65012,0,262144,260112,True
optimizer.safetensors,adam.wte.weight.m,10624,128,512,65536,1536,63986,0,262144,256008,True
optimizer.safetensors,adam.wte.weight.m,10752,128,512,65536,0,65515,0,262144,262124,True
optimizer.safetensors,adam.wte.weight.m,10880,128,512,65536,0,65520,0,262144,262144,True
optimizer.safetensors,adam.wte.weight.m,11008,128,512,65536,1536,63978,0,262144,255976,True
optimizer.safetensors,adam.wte.weight.m,11136,128,512,65536,1538,63982,0,262144,255992,True
optimizer.safetensors,adam.wte.weight.m,11264,128,512,65536,0,65515,0,262144,262124,True
optimizer.safetensors,adam.wte.weight.m,11392,128,512,65536,3072,62456,0,262144,249888,True
optimizer.safetensors,adam.wte.weight.m,11520,128,512,65536,2048,63479,0,262144,253980,True
optimizer.safetensors,adam.wte.weight.m,11648,128,512,65536,1537,63983,0,262144,255996,True
optimizer.safetensors,adam.wte.weight.m,11776,128,512,65536,1536,63976,0,262144,255968,True
optimizer.safetensors,adam.wte.weight.m,11904,128,512,65536,2048,63466,0,262144,253928,True
optimizer.safetensors,adam.wte.weight.m,12032,128,512,65536,512,65005,0,262144,260084,True
optimizer.safetensors,adam.wte.weight.m,12160,128,512,65536,1024,64490,0,262144,258024,True
optimizer.safetensors,adam.wte.weight.m,12288,128,512,65536,1601,63919,0,262144,255740,True
optimizer.safetensors,adam.wte.weight.m,12416,128,512,65536,1024,64500,0,262144,258064,True
optimizer.safetensors,adam.wte.weight.m,12544,128,512,65536,0,65515,0,262144,262124,True
optimizer.safetensors,adam.wte.weight.m,12672,128,512,65536,2069,63451,0,262144,253868,True
optimizer.safetensors,adam.wte.weight.m,12800,128,512,65536,1536,63987,0,262144,256012,True
optimizer.safetensors,adam.wte.weight.m,12928,128,512,65536,1532,63994,0,262144,256040,True
optimizer.safetensors,adam.wte.weight.m,13056,128,512,65536,1024,64497,0,262144,258052,True
optimizer.safetensors,adam.wte.weight.m,13184,128,512,65536,2089,63428,0,262144,253776,True
optimizer.safetensors,adam.wte.weight.m,13312,128,512,65536,1055,64461,0,262144,257908,True
optimizer.safetensors,adam.wte.weight.m,13440,128,512,65536,1537,63983,0,262144,255996,True
optimizer.safetensors,adam.wte.weight.m,13568,128,512,65536,1542,63974,0,262144,255960,True
optimizer.safetensors,adam.wte.weight.m,13696,128,512,65536,2048,63474,0,262144,253960,True
optimizer.safetensors,adam.wte.weight.m,13824,128,512,65536,512,65016,0,262144,260128,True
optimizer.safetensors,adam.wte.weight.m,13952,128,512,65536,2048,63475,0,262144,253964,True
optimizer.safetensors,adam.wte.weight.m,14080,128,512,65536,1536,63987,0,262144,256012,True
optimizer.safetensors,adam.wte.weight.m,14208,128,512,65536,2048,63472,0,262144,253952,True
optimizer.safetensors,adam.wte.weight.m,14336,128,512,65536,1370,64152,0,262144,256672,True
optimizer.safetensors,adam.wte.weight.m,14464,128,512,65536,0,65519,0,262144,262140,True
optimizer.safetensors,adam.wte.weight.m,14592,128,512,65536,0,65517,0,262144,262132,True
optimizer.safetensors,adam.wte.weight.m,14720,128,512,65536,1024,64498,0,262144,258056,True
optimizer.safetensors,adam.wte.weight.m,14848,128,512,65536,870,64652,0,262144,258672,True
optimizer.safetensors,adam.wte.weight.m,14976,128,512,65536,1536,63988,0,262144,256016,True
optimizer.safetensors,adam.wte.weight.m,15104,128,512,65536,539,64984,0,262144,260000,True
optimizer.safetensors,adam.wte.weight.m,15232,128,512,65536,2560,62953,0,262144,251876,True
optimizer.safetensors,adam.wte.weight.m,15360,128,512,65536,2048,63475,0,262144,253964,True
optimizer.safetensors,adam.wte.weight.m,15488,128,512,65536,1973,63549,0,262144,254260,True
optimizer.safetensors,adam.wte.weight.m,15616,128,512,65536,2051,63469,0,262144,253940,True
optimizer.safetensors,adam.wte.weight.m,15744,128,512,65536,1536,63986,0,262144,256008,True
optimizer.safetensors,adam.wte.weight.m,15872,128,512,65536,0,65523,0,262144,262156,True
optimizer.safetensors,adam.wte.weight.m,16000,128,512,65536,1537,63986,0,262144,256008,True
optimizer.safetensors,adam.wte.weight.m,16128,128,512,65536,1536,63992,0,262144,256032,True
optimizer.safetensors,adam.wte.weight.m,16256,128,512,65536,2560,62958,0,262144,251896,True
optimizer.safetensors,adam.wte.weight.m,16384,128,512,65536,2473,63041,0,262144,252228,True
optimizer.safetensors,adam.wte.weight.m,16512,128,512,65536,0,65517,0,262144,262132,True
optimizer.safetensors,adam.wte.weight.m,16640,128,512,65536,1024,64500,0,262144,258064,True
optimizer.safetensors,adam.wte.weight.m,16768,128,512,65536,2033,63491,0,262144,254028,True
optimizer.safetensors,adam.wte.weight.m,16896,128,512,65536,676,64844,0,262144,259440,True
optimizer.safetensors,adam.wte.weight.m,17024,128,512,65536,1024,64498,0,262144,258056,True
optimizer.safetensors,adam.wte.weight.m,17152,128,512,65536,519,65002,0,262144,260072,True
optimizer.safetensors,adam.wte.weight.m,17280,128,512,65536,520,65006,0,262144,260088,True
optimizer.safetensors,adam.wte.weight.m,17408,128,512,65536,1536,63975,0,262144,255964,True
optimizer.safetensors,adam.wte.weight.m,17536,128,512,65536,1243,64272,0,262144,257152,True
optimizer.safetensors,adam.wte.weight.m,17664,128,512,65536,375,65151,0,262144,260668,True
optimizer.safetensors,adam.wte.weight.m,17792,128,512,65536,512,65017,0,262144,260132,True
optimizer.safetensors,adam.wte.weight.m,17920,128,512,65536,1024,64491,0,262144,258028,True
optimizer.safetensors,adam.wte.weight.m,18048,128,512,65536,3067,62459,0,262144,249900,True
optimizer.safetensors,adam.wte.weight.m,18176,128,512,65536,521,64999,0,262144,260060,True
optimizer.safetensors,adam.wte.weight.m,18304,128,512,65536,512,65010,0,262144,260104,True
optimizer.safetensors,adam.wte.weight.m,18432,128,512,65536,512,65008,0,262144,260096,True
optimizer.safetensors,adam.wte.weight.m,18560,128,512,65536,2048,63478,0,262144,253976,True
optimizer.safetensors,adam.wte.weight.m,18688,128,512,65536,2048,63473,0,262144,253956,True
optimizer.safetensors,adam.wte.weight.m,18816,128,512,65536,2116,63407,0,262144,253692,True
optimizer.safetensors,adam.wte.weight.m,18944,128,512,65536,512,65010,0,262144,260104,True
optimizer.safetensors,adam.wte.weight.m,19072,128,512,65536,1536,63980,0,262144,255984,True
optimizer.safetensors,adam.wte.weight.m,19200,128,512,65536,512,65010,0,262144,260104,True
optimizer.safetensors,adam.wte.weight.m,19328,128,512,65536,1024,64496,0,262144,258048,True
optimizer.safetensors,adam.wte.weight.m,19456,128,512,65536,1536,63990,0,262144,256024,True
optimizer.safetensors,adam.wte.weight.m,19584,128,512,65536,1536,63982,0,262144,255992,True
optimizer.safetensors,adam.wte.weight.m,19712,128,512,65536,1036,64486,0,262144,258008,True
optimizer.safetensors,adam.wte.weight.m,19840,128,512,65536,3584,61942,0,262144,247832,False
optimizer.safetensors,adam.wte.weight.m,19968,128,512,65536,521,64998,0,262144,260056,True
optimizer.safetensors,adam.wte.weight.m,20096,128,512,65536,1536,63983,0,262144,255996,True
optimizer.safetensors,adam.wte.weight.m,20224,128,512,65536,2096,63423,0,262144,253756,True
optimizer.safetensors,adam.wte.weight.m,20352,128,512,65536,2560,62969,0,262144,251940,True
optimizer.safetensors,adam.wte.weight.m,20480,128,512,65536,1024,64493,0,262144,258036,True
optimizer.safetensors,adam.wte.weight.m,20608,128,512,65536,520,65002,0,262144,260072,True
optimizer.safetensors,adam.wte.weight.m,20736,128,512,65536,2029,63500,0,262144,254064,True
optimizer.safetensors,adam.wte.weight.m,20864,128,512,65536,1537,63983,0,262144,255996,True
optimizer.safetensors,adam.wte.weight.m,20992,128,512,65536,1536,63987,0,262144,256012,True
optimizer.safetensors,adam.wte.weight.m,21120,128,512,65536,1536,63992,0,262144,256032,True
optimizer.safetensors,adam.wte.weight.m,21248,128,512,65536,512,65015,0,262144,260124,True
optimizer.safetensors,adam.wte.weight.m,21376,128,512,65536,1575,63947,0,262144,255852,True
optimizer.safetensors,adam.wte.weight.m,21504,128,512,65536,2344,63183,0,262144,252796,True
optimizer.safetensors,adam.wte.weight.m,21632,128,512,65536,1024,64500,0,262144,258064,True
optimizer.safetensors,adam.wte.weight.m,21760,128,512,65536,2343,63175,0,262144,252764,True
optimizer.safetensors,adam.wte.weight.m,21888,128,512,65536,1139,64384,0,262144,257600,True
optimizer.safetensors,adam.wte.weight.m,22016,128,512,65536,1536,63986,0,262144,256008,True
optimizer.safetensors,adam.wte.weight.m,22144,128,512,65536,1026,64497,0,262144,258052,True
optimizer.safetensors,adam.wte.weight.m,22272,128,512,65536,0,65523,0,262144,262156,True
optimizer.safetensors,adam.wte.weight.m,22400,128,512,65536,3072,62452,0,262144,249872,True
optimizer.safetensors,adam.wte.weight.m,22528,128,512,65536,2049,63474,0,262144,253960,True
optimizer.safetensors,adam.wte.weight.m,22656,128,512,65536,1536,63989,0,262144,256020,True
optimizer.safetensors,adam.wte.weight.m,22784,128,512,65536,3072,62454,0,262144,249880,True
optimizer.safetensors,adam.wte.weight.m,22912,128,512,65536,1536,63979,0,262144,255980,True
optimizer.safetensors,adam.wte.weight.m,23040,128,512,65536,1536,63982,0,262144,255992,True
optimizer.safetensors,adam.wte.weight.m,23168,128,512,65536,2048,63480,0,262144,253984,True
optimizer.safetensors,adam.wte.weight.m,23296,128,512,65536,2638,62882,0,262144,251592,True
optimizer.safetensors,adam.wte.weight.m,23424,128,512,65536,512,65014,0,262144,260120,True
optimizer.safetensors,adam.wte.weight.m,23552,128,512,65536,2072,63457,0,262144,253892,True
optimizer.safetensors,adam.wte.weight.m,23680,128,512,65536,2047,63478,0,262144,253976,True
optimizer.safetensors,adam.wte.weight.m,23808,128,512,65536,2048,63469,0,262144,253940,True
optimizer.safetensors,adam.wte.weight.m,23936,128,512,65536,1536,63985,0,262144,256004,True
optimizer.safetensors,adam.wte.weight.m,24064,128,512,65536,449,65072,0,262144,260352,True
optimizer.safetensors,adam.wte.weight.m,24192,128,512,65536,512,65014,0,262144,260120,True
optimizer.safetensors,adam.wte.weight.m,24320,128,512,65536,1024,64502,0,262144,258072,True
optimizer.safetensors,adam.wte.weight.m,24448,128,512,65536,2560,62961,0,262144,251908,True
optimizer.safetensors,adam.wte.weight.m,24576,128,512,65536,1537,63991,0,262144,256028,True
optimizer.safetensors,adam.wte.weight.m,24704,128,512,65536,2048,63474,0,262144,253960,True
optimizer.safetensors,adam.wte.weight.m,24832,128,512,65536,3072,62455,0,262144,249884,True
optimizer.safetensors,adam.wte.weight.m,24960,128,512,65536,4599,60921,0,262144,243748,False
optimizer.safetensors,adam.wte.weight.m,25088,128,512,65536,1472,64057,0,262144,256292,True
optimizer.safetensors,adam.wte.weight.m,25216,128,512,65536,1536,63989,0,262144,256020,True
optimizer.safetensors,adam.wte.weight.m,25344,128,512,65536,2072,63453,0,262144,253876,True
optimizer.safetensors,adam.wte.weight.m,25472,128,512,65536,538,64982,0,262144,259992,True
optimizer.safetensors,adam.wte.weight.m,25600,128,512,65536,1024,64493,0,262144,258036,True
optimizer.safetensors,adam.wte.weight.m,25728,128,512,65536,1536,63985,0,262144,256004,True
optimizer.safetensors,adam.wte.weight.m,25856,128,512,65536,3,65526,0,262144,262168,True
optimizer.safetensors,adam.wte.weight.m,25984,128,512,65536,1026,64495,0,262144,258044,True
optimizer.safetensors,adam.wte.weight.m,26112,128,512,65536,2561,62959,0,262144,251900,True
optimizer.safetensors,adam.wte.weight.m,26240,128,512,65536,1536,63986,0,262144,256008,True
optimizer.safetensors,adam.wte.weight.m,26368,128,512,65536,1134,64389,0,262144,257620,True
optimizer.safetensors,adam.wte.weight.m,26496,128,512,65536,3077,62448,0,262144,249856,True
optimizer.safetensors,adam.wte.weight.m,26624,128,512,65536,2560,62963,0,262144,251916,True
optimizer.safetensors,adam.wte.weight.m,26752,128,512,65536,512,65010,0,262144,260104,True
optimizer.safetensors,adam.wte.weight.m,26880,128,512,65536,1052,64474,0,262144,257960,True
optimizer.safetensors,adam.wte.weight.m,27008,128,512,65536,1024,64498,0,262144,258056,True
optimizer.safetensors,adam.wte.weight.m,27136,128,512,65536,512,65015,0,262144,260124,True
optimizer.safetensors,adam.wte.weight.m,27264,128,512,65536,2473,63052,0,262144,252272,True
optimizer.safetensors,adam.wte.weight.m,27392,128,512,65536,3090,62440,0,262144,249824,True
optimizer.safetensors,adam.wte.weight.m,27520,128,512,65536,4608,60926,0,262144,243768,False
optimizer.safetensors,adam.wte.weight.m,27648,128,512,65536,2048,63477,0,262144,253972,True
optimizer.safetensors,adam.wte.weight.m,27776,128,512,65536,1538,63990,0,262144,256024,True
optimizer.safetensors,adam.wte.weight.m,27904,128,512,65536,1611,63912,0,262144,255712,True
optimizer.safetensors,adam.wte.weight.m,28032,128,512,65536,2066,63461,0,262144,253908,True
optimizer.safetensors,adam.wte.weight.m,28160,128,512,65536,1536,63987,0,262144,256012,True
optimizer.safetensors,adam.wte.weight.m,28288,128,512,65536,2048,63477,0,262144,253972,True
optimizer.safetensors,adam.wte.weight.m,28416,128,512,65536,3072,62452,0,262144,249872,True
optimizer.safetensors,adam.wte.weight.m,28544,128,512,65536,3072,62457,0,262144,249892,True
optimizer.safetensors,adam.wte.weight.m,28672,128,512,65536,1024,64504,0,262144,258080,True
optimizer.safetensors,adam.wte.weight.m,28800,128,512,65536,3672,61852,0,262144,247472,False
optimizer.safetensors,adam.wte.weight.m,28928,128,512,65536,512,65011,0,262144,260108,True
optimizer.safetensors,adam.wte.weight.m,29056,128,512,65536,2372,63157,0,262144,252692,True
optimizer.safetensors,adam.wte.weight.m,29184,128,512,65536,1538,63989,0,262144,256020,True
optimizer.safetensors,adam.wte.weight.m,29312,128,512,65536,3584,61941,0,262144,247828,False
optimizer.safetensors,adam.wte.weight.m,29440,128,512,65536,2560,62969,0,262144,251940,True
optimizer.safetensors,adam.wte.weight.m,29568,128,512,65536,1052,64469,0,262144,257940,True
optimizer.safetensors,adam.wte.weight.m,29696,128,512,65536,2560,62965,0,262144,251924,True
optimizer.safetensors,adam.wte.weight.m,29824,128,512,65536,2048,63466,0,262144,253928,True
optimizer.safetensors,adam.wte.weight.m,29952,128,512,65536,1536,63992,0,262144,256032,True
optimizer.safetensors,adam.wte.weight.m,30080,128,512,65536,2048,63473,0,262144,253956,True
optimizer.safetensors,adam.wte.weight.m,30208,128,512,65536,3136,62391,0,262144,249628,True
optimizer.safetensors,adam.wte.weight.m,30336,128,512,65536,2956,62568,0,262144,250336,True
optimizer.safetensors,adam.wte.weight.m,30464,128,512,65536,2605,62922,0,262144,251752,True
optimizer.safetensors,adam.wte.weight.m,30592,128,512,65536,4477,61043,0,262144,244236,False
optimizer.safetensors,adam.wte.weight.m,30720,128,512,65536,2048,63474,0,262144,253960,True
optimizer.safetensors,adam.wte.weight.m,30848,128,512,65536,2033,63492,0,262144,254032,True
optimizer.safetensors,adam.wte.weight.m,30976,128,512,65536,3888,61642,0,262144,246632,False
optimizer.safetensors,adam.wte.weight.m,31104,128,512,65536,1541,63987,0,262144,256012,True
optimizer.safetensors,adam.wte.weight.m,31232,128,512,65536,1292,64237,0,262144,257012,True
optimizer.safetensors,adam.wte.weight.m,31360,128,512,65536,1025,64497,0,262144,258052,True
optimizer.safetensors,adam.wte.weight.m,31488,128,512,65536,1536,63984,0,262144,256000,True
optimizer.safetensors,adam.wte.weight.m,31616,128,512,65536,1563,63957,0,262144,255892,True
optimizer.safetensors,adam.wte.weight.m,31744,128,512,65536,1604,63920,0,262144,255744,True
optimizer.safetensors,adam.wte.weight.m,31872,128,512,65536,1040,64482,0,262144,257992,True
optimizer.safetensors,adam.wte.weight.m,32000,128,512,65536,0,65527,0,262144,262172,True
optimizer.safetensors,adam.wte.weight.m,32128,128,512,65536,1536,63989,0,262144,256020,True
optimizer.safetensors,adam.wte.weight.m,32256,128,512,65536,1015,64512,0,262144,258112,True
optimizer.safetensors,adam.wte.weight.m,32384,128,512,65536,1024,64501,0,262144,258068,True
optimizer.safetensors,adam.wte.weight.m,32512,128,512,65536,2048,63474,0,262144,253960,True
optimizer.safetensors,adam.wte.weight.m,32640,128,512,65536,7685,57846,0,262144,231448,False
optimizer.safetensors,adam.wte.weight.v,0,128,512,65536,16896,48617,0,262144,194532,False
optimizer.safetensors,adam.wte.weight.v,128,128,512,65536,12800,52702,0,262144,210872,False
optimizer.safetensors,adam.wte.weight.v,256,128,512,65536,0,65508,0,262144,262096,True
optimizer.safetensors,adam.wte.weight.v,384,128,512,65536,0,65490,0,262144,262024,True
optimizer.safetensors,adam.wte.weight.v,512,128,512,65536,0,65512,0,262144,262112,True
optimizer.safetensors,adam.wte.weight.v,640,128,512,65536,512,64999,0,262144,260060,True
optimizer.safetensors,adam.wte.weight.v,768,128,512,65536,512,64998,0,262144,260056,True
optimizer.safetensors,adam.wte.weight.v,896,128,512,65536,512,64995,0,262144,260044,True
optimizer.safetensors,adam.wte.weight.v,1024,128,512,65536,0,65500,0,262144,262064,True
optimizer.safetensors,adam.wte.weight.v,1152,128,512,65536,0,65506,0,262144,262088,True
optimizer.safetensors,adam.wte.weight.v,1280,128,512,65536,0,65494,0,262144,262040,True
optimizer.safetensors,adam.wte.weight.v,1408,128,512,65536,1024,64491,0,262144,258028,True
optimizer.safetensors,adam.wte.weight.v,1536,128,512,65536,0,65503,0,262144,262076,True
optimizer.safetensors,adam.wte.weight.v,1664,128,512,65536,512,64991,0,262144,260028,True
optimizer.safetensors,adam.wte.weight.v,1792,128,512,65536,513,64986,0,262144,260008,True
optimizer.safetensors,adam.wte.weight.v,1920,128,512,65536,1024,64470,0,262144,257944,True
optimizer.safetensors,adam.wte.weight.v,2048,128,512,65536,2,65486,0,262144,262008,True
optimizer.safetensors,adam.wte.weight.v,2176,128,512,65536,0,65506,0,262144,262088,True
optimizer.safetensors,adam.wte.weight.v,2304,128,512,65536,1024,64465,0,262144,257924,True
optimizer.safetensors,adam.wte.weight.v,2432,128,512,65536,0,65510,0,262144,262104,True
optimizer.safetensors,adam.wte.weight.v,2560,128,512,65536,1536,63967,0,262144,255932,True
optimizer.safetensors,adam.wte.weight.v,2688,128,512,65536,512,64974,0,262144,259960,True
optimizer.safetensors,adam.wte.weight.v,2816,128,512,65536,1085,64420,0,262144,257744,True
optimizer.safetensors,adam.wte.weight.v,2944,128,512,65536,810,64702,0,262144,258872,True
optimizer.safetensors,adam.wte.weight.v,3072,128,512,65536,0,65501,0,262144,262068,True
optimizer.safetensors,adam.wte.weight.v,3200,128,512,65536,512,64990,0,262144,260024,True
optimizer.safetensors,adam.wte.weight.v,3328,128,512,65536,1024,64476,0,262144,257968,True
optimizer.safetensors,adam.wte.weight.v,3456,128,512,65536,512,64989,0,262144,260020,True
optimizer.safetensors,adam.wte.weight.v,3584,128,512,65536,0,65488,0,262144,262016,True
optimizer.safetensors,adam.wte.weight.v,3712,128,512,65536,1024,64477,0,262144,257972,True
optimizer.safetensors,adam.wte.weight.v,3840,128,512,65536,62,65434,0,262144,261800,True
optimizer.safetensors,adam.wte.weight.v,3968,128,512,65536,0,65480,0,262144,261984,True
optimizer.safetensors,adam.wte.weight.v,4096,128,512,65536,0,65486,0,262144,262008,True
optimizer.safetensors,adam.wte.weight.v,4224,128,512,65536,0,65501,0,262144,262068,True
optimizer.safetensors,adam.wte.weight.v,4352,128,512,65536,512,64979,0,262144,259980,True
optimizer.safetensors,adam.wte.weight.v,4480,128,512,65536,512,64975,0,262144,259964,True
optimizer.safetensors,adam.wte.weight.v,4608,128,512,65536,512,64979,0,262144,259980,True
optimizer.safetensors,adam.wte.weight.v,4736,128,512,65536,1024,64469,0,262144,257940,True
optimizer.safetensors,adam.wte.weight.v,4864,128,512,65536,512,64975,0,262144,259964,True
optimizer.safetensors,adam.wte.weight.v,4992,128,512,65536,1536,63948,0,262144,255856,True
optimizer.safetensors,adam.wte.weight.v,5120,128,512,65536,512,64976,0,262144,259968,True
optimizer.safetensors,adam.wte.weight.v,5248,128,512,65536,1536,63958,0,262144,255896,True
optimizer.safetensors,adam.wte.weight.v,5376,128,512,65536,1024,64468,0,262144,257936,True
optimizer.safetensors,adam.wte.weight.v,5504,128,512,65536,2048,63452,0,262144,253872,True
optimizer.safetensors,adam.wte.weight.v,5632,128,512,65536,512,64982,0,262144,259992,True
optimizer.safetensors,adam.wte.weight.v,5760,128,512,65536,2048,63452,0,262144,253872,True
optimizer.safetensors,adam.wte.weight.v,5888,128,512,65536,0,65498,0,262144,262056,True
optimizer.safetensors,adam.wte.weight.v,6016,128,512,65536,0,65493,0,262144,262036,True
optimizer.safetensors,adam.wte.weight.v,6144,128,512,65536,514,64985,0,262144,260004,True
optimizer.safetensors,adam.wte.weight.v,6272,128,512,65536,512,64976,0,262144,259968,True
optimizer.safetensors,adam.wte.weight.v,6400,128,512,65536,1024,64464,0,262144,257920,True
optimizer.safetensors,adam.wte.weight.v,6528,128,512,65536,1024,64469,0,262144,257940,True
optimizer.safetensors,adam.wte.weight.v,6656,128,512,65536,1024,64479,0,262144,257980,True
optimizer.safetensors,adam.wte.weight.v,6784,128,512,65536,1024,64483,0,262144,257996,True
optimizer.safetensors,adam.wte.weight.v,6912,128,512,65536,1024,64464,0,262144,257920,True
optimizer.safetensors,adam.wte.weight.v,7040,128,512,65536,0,65491,0,262144,262028,True
optimizer.safetensors,adam.wte.weight.v,7168,128,512,65536,1024,64472,0,262144,257952,True
optimizer.safetensors,adam.wte.weight.v,7296,128,512,65536,512,64980,0,262144,259984,True
optimizer.safetensors,adam.wte.weight.v,7424,128,512,65536,515,64984,0,262144,260000,True
optimizer.safetensors,adam.wte.weight.v,7552,128,512,65536,512,64976,0,262144,259968,True
optimizer.safetensors,adam.wte.weight.v,7680,128,512,65536,45,65447,0,262144,261852,True
optimizer.safetensors,adam.wte.weight.v,7808,128,512,65536,513,64985,0,262144,260004,True
optimizer.safetensors,adam.wte.weight.v,7936,128,512,65536,512,64985,0,262144,260004,True
optimizer.safetensors,adam.wte.weight.v,8064,128,512,65536,512,64985,0,262144,260004,True
optimizer.safetensors,adam.wte.weight.v,8192,128,512,65536,1024,64466,0,262144,257928,True
optimizer.safetensors,adam.wte.weight.v,8320,128,512,65536,0,65489,0,262144,262020,True
optimizer.safetensors,adam.wte.weight.v,8448,128,512,65536,1024,64462,0,262144,257912,True
optimizer.safetensors,adam.wte.weight.v,8576,128,512,65536,1536,63964,0,262144,255920,True
optimizer.safetensors,adam.wte.weight.v,8704,128,512,65536,512,64993,0,262144,260036,True
optimizer.safetensors,adam.wte.weight.v,8832,128,512,65536,1024,64479,0,262144,257980,True
optimizer.safetensors,adam.wte.weight.v,8960,128,512,65536,1024,64469,0,262144,257940,True
optimizer.safetensors,adam.wte.weight.v,9088,128,512,65536,512,64981,0,262144,259988,True
optimizer.safetensors,adam.wte.weight.v,9216,128,512,65536,512,64979,0,262144,259980,True
optimizer.safetensors,adam.wte.weight.v,9344,128,512,65536,512,64980,0,262144,259984,True
optimizer.safetensors,adam.wte.weight.v,9472,128,512,65536,1024,64480,0,262144,257984,True
optimizer.safetensors,adam.wte.weight.v,9600,128,512,65536,0,65488,0,262144,262016,True
optimizer.safetensors,adam.wte.weight.v,9728,128,512,65536,512,64986,0,262144,260008,True
optimizer.safetensors,adam.wte.weight.v,9856,128,512,65536,512,64977,0,262144,259972,True
optimizer.safetensors,adam.wte.weight.v,9984,128,512,65536,512,64974,0,262144,259960,True
optimizer.safetensors,adam.wte.weight.v,10112,128,512,65536,513,64978,0,262144,259976,True
optimizer.safetensors,adam.wte.weight.v,10240,128,512,65536,512,64979,0,262144,259980,True
optimizer.safetensors,adam.wte.weight.v,10368,128,512,65536,512,64989,0,262144,260020,True
optimizer.safetensors,adam.wte.weight.v,10496,128,512,65536,0,65488,0,262144,262016,True
optimizer.safetensors,adam.wte.weight.v,10624,128,512,65536,512,64987,0,262144,260012,True
optimizer.safetensors,adam.wte.weight.v,10752,128,512,65536,0,65495,0,262144,262044,True
optimizer.safetensors,adam.wte.weight.v,10880,128,512,65536,0,65484,0,262144,262000,True
optimizer.safetensors,adam.wte.weight.v,11008,128,512,65536,512,64989,0,262144,260020,True
optimizer.safetensors,adam.wte.weight.v,11136,128,512,65536,0,65486,0,262144,262008,True
optimizer.safetensors,adam.wte.weight.v,11264,128,512,65536,0,65488,0,262144,262016,True
optimizer.safetensors,adam.wte.weight.v,11392,128,512,65536,518,64974,0,262144,259960,True
optimizer.safetensors,adam.wte.weight.v,11520,128,512,65536,512,64978,0,262144,259976,True
optimizer.safetensors,adam.wte.weight.v,11648,128,512,65536,1024,64481,0,262144,257988,True
optimizer.safetensors,adam.wte.weight.v,11776,128,512,65536,512,64986,0,262144,260008,True
optimizer.safetensors,adam.wte.weight.v,11904,128,512,65536,512,64978,0,262144,259976,True
optimizer.safetensors,adam.wte.weight.v,12032,128,512,65536,0,65502,0,262144,262072,True
optimizer.safetensors,adam.wte.weight.v,12160,128,512,65536,512,64979,0,262144,259980,True
optimizer.safetensors,adam.wte.weight.v,12288,128,512,65536,12,65479,0,262144,261980,True
optimizer.safetensors,adam.wte.weight.v,12416,128,512,65536,512,64982,0,262144,259992,True
optimizer.safetensors,adam.wte.weight.v,12544,128,512,65536,0,65479,0,262144,261980,True
optimizer.safetensors,adam.wte.weight.v,12672,128,512,65536,512,64988,0,262144,260016,True
optimizer.safetensors,adam.wte.weight.v,12800,128,512,65536,1,65500,0,262144,262064,True
optimizer.safetensors,adam.wte.weight.v,12928,128,512,65536,1024,64476,0,262144,257968,True
optimizer.safetensors,adam.wte.weight.v,13056,128,512,65536,0,65483,0,262144,261996,True
optimizer.safetensors,adam.wte.weight.v,13184,128,512,65536,512,64984,0,262144,260000,True
optimizer.safetensors,adam.wte.weight.v,13312,128,512,65536,512,64989,0,262144,260020,True
optimizer.safetensors,adam.wte.weight.v,13440,128,512,65536,1024,64476,0,262144,257968,True
optimizer.safetensors,adam.wte.weight.v,13568,128,512,65536,512,64977,0,262144,259972,True
optimizer.safetensors,adam.wte.weight.v,13696,128,512,65536,1024,64480,0,262144,257984,True
optimizer.safetensors,adam.wte.weight.v,13824,128,512,65536,512,64990,0,262144,260024,True
optimizer.safetensors,adam.wte.weight.v,13952,128,512,65536,512,64983,0,262144,259996,True
optimizer.safetensors,adam.wte.weight.v,14080,128,512,65536,3,65491,0,262144,262028,True
optimizer.safetensors,adam.wte.weight.v,14208,128,512,65536,1536,63960,0,262144,255904,True
optimizer.safetensors,adam.wte.weight.v,14336,128,512,65536,512,64983,0,262144,259996,True
optimizer.safetensors,adam.wte.weight.v,14464,128,512,65536,0,65480,0,262144,261984,True
optimizer.safetensors,adam.wte.weight.v,14592,128,512,65536,0,65487,0,262144,262012,True
optimizer.safetensors,adam.wte.weight.v,14720,128,512,65536,512,64986,0,262144,260008,True
optimizer.safetensors,adam.wte.weight.v,14848,128,512,65536,0,65490,0,262144,262024,True
optimizer.safetensors,adam.wte.weight.v,14976,128,512,65536,1024,64478,0,262144,257976,True
optimizer.safetensors,adam.wte.weight.v,15104,128,512,65536,0,65497,0,262144,262052,True
optimizer.safetensors,adam.wte.weight.v,15232,128,512,65536,512,64983,0,262144,259996,True
optimizer.safetensors,adam.wte.weight.v,15360,128,512,65536,512,64991,0,262144,260028,True
optimizer.safetensors,adam.wte.weight.v,15488,128,512,65536,1024,64477,0,262144,257972,True
optimizer.safetensors,adam.wte.weight.v,15616,128,512,65536,0,65492,0,262144,262032,True
optimizer.safetensors,adam.wte.weight.v,15744,128,512,65536,0,65493,0,262144,262036,True
optimizer.safetensors,adam.wte.weight.v,15872,128,512,65536,0,65482,0,262144,261992,True
optimizer.safetensors,adam.wte.weight.v,16000,128,512,65536,1024,64472,0,262144,257952,True
optimizer.safetensors,adam.wte.weight.v,16128,128,512,65536,1024,64468,0,262144,257936,True
optimizer.safetensors,adam.wte.weight.v,16256,128,512,65536,1536,63959,0,262144,255900,True
optimizer.safetensors,adam.wte.weight.v,16384,128,512,65536,1024,64470,0,262144,257944,True
optimizer.safetensors,adam.wte.weight.v,16512,128,512,65536,0,65487,0,262144,262012,True
optimizer.safetensors,adam.wte.weight.v,16640,128,512,65536,512,64988,0,262144,260016,True
optimizer.safetensors,adam.wte.weight.v,16768,128,512,65536,1024,64475,0,262144,257964,True
optimizer.safetensors,adam.wte.weight.v,16896,128,512,65536,512,64972,0,262144,259952,True
optimizer.safetensors,adam.wte.weight.v,17024,128,512,65536,1024,64462,0,262144,257912,True
optimizer.safetensors,adam.wte.weight.v,17152,128,512,65536,0,65503,0,262144,262076,True
optimizer.safetensors,adam.wte.weight.v,17280,128,512,65536,512,64986,0,262144,260008,True
optimizer.safetensors,adam.wte.weight.v,17408,128,512,65536,512,64971,0,262144,259948,True
optimizer.safetensors,adam.wte.weight.v,17536,128,512,65536,0,65494,0,262144,262040,True
optimizer.safetensors,adam.wte.weight.v,17664,128,512,65536,0,65481,0,262144,261988,True
optimizer.safetensors,adam.wte.weight.v,17792,128,512,65536,512,64974,0,262144,259960,True
optimizer.safetensors,adam.wte.weight.v,17920,128,512,65536,512,64977,0,262144,259972,True
optimizer.safetensors,adam.wte.weight.v,18048,128,512,65536,512,64977,0,262144,259972,True
optimizer.safetensors,adam.wte.weight.v,18176,128,512,65536,0,65497,0,262144,262052,True
optimizer.safetensors,adam.wte.weight.v,18304,128,512,65536,0,65503,0,262144,262076,True
optimizer.safetensors,adam.wte.weight.v,18432,128,512,65536,0,65494,0,262144,262040,True
optimizer.safetensors,adam.wte.weight.v,18560,128,512,65536,512,64985,0,262144,260004,True
optimizer.safetensors,adam.wte.weight.v,18688,128,512,65536,512,64975,0,262144,259964,True
optimizer.safetensors,adam.wte.weight.v,18816,128,512,65536,512,64981,0,262144,259988,True
optimizer.safetensors,adam.wte.weight.v,18944,128,512,65536,512,64979,0,262144,259980,True
optimizer.safetensors,adam.wte.weight.v,19072,128,512,65536,0,65501,0,262144,262068,True
optimizer.safetensors,adam.wte.weight.v,19200,128,512,65536,512,64984,0,262144,260000,True
optimizer.safetensors,adam.wte.weight.v,19328,128,512,65536,512,64981,0,262144,259988,True
optimizer.safetensors,adam.wte.weight.v,19456,128,512,65536,512,64968,0,262144,259936,True
optimizer.safetensors,adam.wte.weight.v,19584,128,512,65536,1024,64472,0,262144,257952,True
optimizer.safetensors,adam.wte.weight.v,19712,128,512,65536,512,64963,0,262144,259916,True
optimizer.safetensors,adam.wte.weight.v,19840,128,512,65536,512,64986,0,262144,260008,True
optimizer.safetensors,adam.wte.weight.v,19968,128,512,65536,0,65495,0,262144,262044,True
optimizer.safetensors,adam.wte.weight.v,20096,128,512,65536,1,65484,0,262144,262000,True
optimizer.safetensors,adam.wte.weight.v,20224,128,512,65536,1024,64478,0,262144,257976,True
optimizer.safetensors,adam.wte.weight.v,20352,128,512,65536,67,65433,0,262144,261796,True
optimizer.safetensors,adam.wte.weight.v,20480,128,512,65536,0,65504,0,262144,262080,True
optimizer.safetensors,adam.wte.weight.v,20608,128,512,65536,0,65482,0,262144,261992,True
optimizer.safetensors,adam.wte.weight.v,20736,128,512,65536,1024,64473,0,262144,257956,True
optimizer.safetensors,adam.wte.weight.v,20864,128,512,65536,0,65487,0,262144,262012,True
optimizer.safetensors,adam.wte.weight.v,20992,128,512,65536,512,64977,0,262144,259972,True
optimizer.safetensors,adam.wte.weight.v,21120,128,512,65536,512,64980,0,262144,259984,True
optimizer.safetensors,adam.wte.weight.v,21248,128,512,65536,0,65489,0,262144,262020,True
optimizer.safetensors,adam.wte.weight.v,21376,128,512,65536,0,65496,0,262144,262048,True
optimizer.safetensors,adam.wte.weight.v,21504,128,512,65536,512,64991,0,262144,260028,True
optimizer.safetensors,adam.wte.weight.v,21632,128,512,65536,0,65466,0,262144,261928,True
optimizer.safetensors,adam.wte.weight.v,21760,128,512,65536,512,64980,0,262144,259984,True
optimizer.safetensors,adam.wte.weight.v,21888,128,512,65536,0,65485,0,262144,262004,True
optimizer.safetensors,adam.wte.weight.v,22016,128,512,65536,512,64985,0,262144,260004,True
optimizer.safetensors,adam.wte.weight.v,22144,128,512,65536,0,65496,0,262144,262048,True
optimizer.safetensors,adam.wte.weight.v,22272,128,512,65536,0,65494,0,262144,262040,True
optimizer.safetensors,adam.wte.weight.v,22400,128,512,65536,1025,64465,0,262144,257924,True
optimizer.safetensors,adam.wte.weight.v,22528,128,512,65536,512,64992,0,262144,260032,True
optimizer.safetensors,adam.wte.weight.v,22656,128,512,65536,512,64985,0,262144,260004,True
optimizer.safetensors,adam.wte.weight.v,22784,128,512,65536,0,65500,0,262144,262064,True
optimizer.safetensors,adam.wte.weight.v,22912,128,512,65536,512,64963,0,262144,259916,True
optimizer.safetensors,adam.wte.weight.v,23040,128,512,65536,512,64957,0,262144,259892,True
optimizer.safetensors,adam.wte.weight.v,23168,128,512,65536,0,65499,0,262144,262060,True
optimizer.safetensors,adam.wte.weight.v,23296,128,512,65536,512,64987,0,262144,260012,True
optimizer.safetensors,adam.wte.weight.v,23424,128,512,65536,0,65485,0,262144,262004,True
optimizer.safetensors,adam.wte.weight.v,23552,128,512,65536,513,64979,0,262144,259980,True
optimizer.safetensors,adam.wte.weight.v,23680,128,512,65536,2,65502,0,262144,262072,True
optimizer.safetensors,adam.wte.weight.v,23808,128,512,65536,0,65496,0,262144,262048,True
optimizer.safetensors,adam.wte.weight.v,23936,128,512,65536,0,65490,0,262144,262024,True
optimizer.safetensors,adam.wte.weight.v,24064,128,512,65536,0,65488,0,262144,262016,True
optimizer.safetensors,adam.wte.weight.v,24192,128,512,65536,0,65475,0,262144,261964,True
optimizer.safetensors,adam.wte.weight.v,24320,128,512,65536,0,65491,0,262144,262028,True
optimizer.safetensors,adam.wte.weight.v,24448,128,512,65536,538,64963,0,262144,259916,True
optimizer.safetensors,adam.wte.weight.v,24576,128,512,65536,1,65507,0,262144,262092,True
optimizer.safetensors,adam.wte.weight.v,24704,128,512,65536,1024,64473,0,262144,257956,True
optimizer.safetensors,adam.wte.weight.v,24832,128,512,65536,0,65497,0,262144,262052,True
optimizer.safetensors,adam.wte.weight.v,24960,128,512,65536,1024,64479,0,262144,257980,True
optimizer.safetensors,adam.wte.weight.v,25088,128,512,65536,512,64977,0,262144,259972,True
optimizer.safetensors,adam.wte.weight.v,25216,128,512,65536,0,65483,0,262144,261996,True
optimizer.safetensors,adam.wte.weight.v,25344,128,512,65536,512,64989,0,262144,260020,True
optimizer.safetensors,adam.wte.weight.v,25472,128,512,65536,0,65483,0,262144,261996,True
optimizer.safetensors,adam.wte.weight.v,25600,128,512,65536,0,65486,0,262144,262008,True
optimizer.safetensors,adam.wte.weight.v,25728,128,512,65536,1024,64479,0,262144,257980,True
optimizer.safetensors,adam.wte.weight.v,25856,128,512,65536,0,65491,0,262144,262028,True
optimizer.safetensors,adam.wte.weight.v,25984,128,512,65536,0,65490,0,262144,262024,True
optimizer.safetensors,adam.wte.weight.v,26112,128,512,65536,2,65490,0,262144,262024,True
optimizer.safetensors,adam.wte.weight.v,26240,128,512,65536,5,65502,0,262144,262072,True
optimizer.safetensors,adam.wte.weight.v,26368,128,512,65536,512,64972,0,262144,259952,True
optimizer.safetensors,adam.wte.weight.v,26496,128,512,65536,512,64976,0,262144,259968,True
optimizer.safetensors,adam.wte.weight.v,26624,128,512,65536,1536,63950,0,262144,255864,True
optimizer.safetensors,adam.wte.weight.v,26752,128,512,65536,0,65492,0,262144,262032,True
optimizer.safetensors,adam.wte.weight.v,26880,128,512,65536,0,65493,0,262144,262036,True
optimizer.safetensors,adam.wte.weight.v,27008,128,512,65536,0,65478,0,262144,261976,True
optimizer.safetensors,adam.wte.weight.v,27136,128,512,65536,0,65490,0,262144,262024,True
optimizer.safetensors,adam.wte.weight.v,27264,128,512,65536,512,64987,0,262144,260012,True
optimizer.safetensors,adam.wte.weight.v,27392,128,512,65536,514,64971,0,262144,259948,True
optimizer.safetensors,adam.wte.weight.v,27520,128,512,65536,512,64979,0,262144,259980,True
optimizer.safetensors,adam.wte.weight.v,27648,128,512,65536,513,64978,0,262144,259976,True
optimizer.safetensors,adam.wte.weight.v,27776,128,512,65536,7,65472,0,262144,261952,True
optimizer.safetensors,adam.wte.weight.v,27904,128,512,65536,0,65503,0,262144,262076,True
optimizer.safetensors,adam.wte.weight.v,28032,128,512,65536,1024,64454,0,262144,257880,True
optimizer.safetensors,adam.wte.weight.v,28160,128,512,65536,1024,64480,0,262144,257984,True
optimizer.safetensors,adam.wte.weight.v,28288,128,512,65536,881,64599,0,262144,258460,True
optimizer.safetensors,adam.wte.weight.v,28416,128,512,65536,1024,64476,0,262144,257968,True
optimizer.safetensors,adam.wte.weight.v,28544,128,512,65536,1024,64464,0,262144,257920,True
optimizer.safetensors,adam.wte.weight.v,28672,128,512,65536,0,65499,0,262144,262060,True
optimizer.safetensors,adam.wte.weight.v,28800,128,512,65536,49,65443,0,262144,261836,True
optimizer.safetensors,adam.wte.weight.v,28928,128,512,65536,0,65486,0,262144,262008,True
optimizer.safetensors,adam.wte.weight.v,29056,128,512,65536,512,64977,0,262144,259972,True
optimizer.safetensors,adam.wte.weight.v,29184,128,512,65536,3,65484,0,262144,262000,True
optimizer.safetensors,adam.wte.weight.v,29312,128,512,65536,1556,63941,0,262144,255828,True
optimizer.safetensors,adam.wte.weight.v,29440,128,512,65536,1024,64473,0,262144,257956,True
optimizer.safetensors,adam.wte.weight.v,29568,128,512,65536,0,65487,0,262144,262012,True
optimizer.safetensors,adam.wte.weight.v,29696,128,512,65536,0,65478,0,262144,261976,True
optimizer.safetensors,adam.wte.weight.v,29824,128,512,65536,1024,64463,0,262144,257916,True
optimizer.safetensors,adam.wte.weight.v,29952,128,512,65536,512,64968,0,262144,259936,True
optimizer.safetensors,adam.wte.weight.v,30080,128,512,65536,512,64981,0,262144,259988,True
optimizer.safetensors,adam.wte.weight.v,30208,128,512,65536,0,65503,0,262144,262076,True
optimizer.safetensors,adam.wte.weight.v,30336,128,512,65536,512,64978,0,262144,259976,True
optimizer.safetensors,adam.wte.weight.v,30464,128,512,65536,512,64992,0,262144,260032,True
optimizer.safetensors,adam.wte.weight.v,30592,128,512,65536,1048,64445,0,262144,257844,True
optimizer.safetensors,adam.wte.weight.v,30720,128,512,65536,0,65489,0,262144,262020,True
optimizer.safetensors,adam.wte.weight.v,30848,128,512,65536,0,65483,0,262144,261996,True
optimizer.safetensors,adam.wte.weight.v,30976,128,512,65536,0,65501,0,262144,262068,True
optimizer.safetensors,adam.wte.weight.v,31104,128,512,65536,512,64968,0,262144,259936,True
optimizer.safetensors,adam.wte.weight.v,31232,128,512,65536,512,64986,0,262144,260008,True
optimizer.safetensors,adam.wte.weight.v,31360,128,512,65536,0,65483,0,262144,261996,True
optimizer.safetensors,adam.wte.weight.v,31488,128,512,65536,513,64983,0,262144,259996,True
optimizer.safetensors,adam.wte.weight.v,31616,128,512,65536,0,65495,0,262144,262044,True
optimizer.safetensors,adam.wte.weight.v,31744,128,512,65536,3,65494,0,262144,262040,True
optimizer.safetensors,adam.wte.weight.v,31872,128,512,65536,0,65484,0,262144,262000,True
optimizer.safetensors,adam.wte.weight.v,32000,128,512,65536,0,65489,0,262144,262020,True
optimizer.safetensors,adam.wte.weight.v,32128,128,512,65536,0,65492,0,262144,262032,True
optimizer.safetensors,adam.wte.weight.v,32256,128,512,65536,0,65496,0,262144,262048,True
optimizer.safetensors,adam.wte.weight.v,32384,128,512,65536,0,65481,0,262144,261988,True
optimizer.safetensors,adam.wte.weight.v,32512,128,512,65536,0,65490,0,262144,262024,True
optimizer.safetensors,adam.wte.weight.v,32640,128,512,65536,4608,60885,0,262144,243604,False
optimizer.safetensors,muon.blocks.0.attn.c_k.weight,0,128,512,65536,0,65509,0,262144,262100,True
optimizer.safetensors,muon.blocks.0.attn.c_k.weight,128,128,512,65536,0,65508,0,262144,262096,True
optimizer.safetensors,muon.blocks.0.attn.c_k.weight,256,128,512,65536,0,65509,0,262144,262100,True
optimizer.safetensors,muon.blocks.0.attn.c_k.weight,384,128,512,65536,0,65504,0,262144,262080,True
optimizer.safetensors,muon.blocks.0.attn.c_proj.weight,0,128,512,65536,0,65511,0,262144,262108,True
optimizer.safetensors,muon.blocks.0.attn.c_proj.weight,128,128,512,65536,0,65509,0,262144,262100,True
optimizer.safetensors,muon.blocks.0.attn.c_proj.weight,256,128,512,65536,0,65508,0,262144,262096,True
optimizer.safetensors,muon.blocks.0.attn.c_proj.weight,384,128,512,65536,0,65510,0,262144,262104,True
optimizer.safetensors,muon.blocks.0.attn.c_q.weight,0,128,512,65536,0,65506,0,262144,262088,True
optimizer.safetensors,muon.blocks.0.attn.c_q.weight,128,128,512,65536,0,65501,0,262144,262068,True
optimizer.safetensors,muon.blocks.0.attn.c_q.weight,256,128,512,65536,0,65518,0,262144,262136,True
optimizer.safetensors,muon.blocks.0.attn.c_q.weight,384,128,512,65536,0,65500,0,262144,262064,True
optimizer.safetensors,muon.blocks.0.attn.c_v.weight,0,128,512,65536,0,65506,0,262144,262088,True
optimizer.safetensors,muon.blocks.0.attn.c_v.weight,128,128,512,65536,0,65512,0,262144,262112,True
optimizer.safetensors,muon.blocks.0.attn.c_v.weight,256,128,512,65536,0,65509,0,262144,262100,True
optimizer.safetensors,muon.blocks.0.attn.c_v.weight,384,128,512,65536,0,65504,0,262144,262080,True
optimizer.safetensors,muon.blocks.0.mlp.c_fc.weight,0,128,512,65536,0,65502,0,262144,262072,True
optimizer.safetensors,muon.blocks.0.mlp.c_fc.weight,128,128,512,65536,0,65522,0,262144,262152,True
optimizer.safetensors,muon.blocks.0.mlp.c_fc.weight,256,128,512,65536,0,65516,0,262144,262128,True
optimizer.safetensors,muon.blocks.0.mlp.c_fc.weight,384,128,512,65536,0,65511,0,262144,262108,True
optimizer.safetensors,muon.blocks.0.mlp.c_fc.weight,512,128,512,65536,0,65511,0,262144,262108,True
optimizer.safetensors,muon.blocks.0.mlp.c_fc.weight,640,128,512,65536,0,65515,0,262144,262124,True
optimizer.safetensors,muon.blocks.0.mlp.c_fc.weight,768,128,512,65536,0,65511,0,262144,262108,True
optimizer.safetensors,muon.blocks.0.mlp.c_fc.weight,896,128,512,65536,0,65512,0,262144,262112,True
optimizer.safetensors,muon.blocks.0.mlp.c_fc.weight,1024,128,512,65536,0,65508,0,262144,262096,True
optimizer.safetensors,muon.blocks.0.mlp.c_fc.weight,1152,128,512,65536,0,65511,0,262144,262108,True
optimizer.safetensors,muon.blocks.0.mlp.c_fc.weight,1280,128,512,65536,0,65505,0,262144,262084,True
optimizer.safetensors,muon.blocks.0.mlp.c_fc.weight,1408,128,512,65536,0,65517,0,262144,262132,True
optimizer.safetensors,muon.blocks.0.mlp.c_fc.weight,1536,128,512,65536,0,65507,0,262144,262092,True
optimizer.safetensors,muon.blocks.0.mlp.c_fc.weight,1664,128,512,65536,0,65507,0,262144,262092,True
optimizer.safetensors,muon.blocks.0.mlp.c_fc.weight,1792,128,512,65536,0,65512,0,262144,262112,True
optimizer.safetensors,muon.blocks.0.mlp.c_fc.weight,1920,128,512,65536,0,65513,0,262144,262116,True
optimizer.safetensors,muon.blocks.0.mlp.c_proj.weight,0,128,2048,262144,0,261723,0,1048576,1046956,True
optimizer.safetensors,muon.blocks.0.mlp.c_proj.weight,128,128,2048,262144,0,261691,0,1048576,1046828,True
optimizer.safetensors,muon.blocks.0.mlp.c_proj.weight,256,128,2048,262144,0,261708,0,1048576,1046896,True
optimizer.safetensors,muon.blocks.0.mlp.c_proj.weight,384,128,2048,262144,0,261728,0,1048576,1046976,True
optimizer.safetensors,muon.blocks.1.attn.c_k.weight,0,128,512,65536,0,65498,0,262144,262056,True
optimizer.safetensors,muon.blocks.1.attn.c_k.weight,128,128,512,65536,0,65517,0,262144,262132,True
optimizer.safetensors,muon.blocks.1.attn.c_k.weight,256,128,512,65536,0,65503,0,262144,262076,True
optimizer.safetensors,muon.blocks.1.attn.c_k.weight,384,128,512,65536,0,65509,0,262144,262100,True
optimizer.safetensors,muon.blocks.1.attn.c_proj.weight,0,128,512,65536,0,65507,0,262144,262092,True
optimizer.safetensors,muon.blocks.1.attn.c_proj.weight,128,128,512,65536,0,65500,0,262144,262064,True
optimizer.safetensors,muon.blocks.1.attn.c_proj.weight,256,128,512,65536,0,65517,0,262144,262132,True
optimizer.safetensors,muon.blocks.1.attn.c_proj.weight,384,128,512,65536,0,65509,0,262144,262100,True
optimizer.safetensors,muon.blocks.1.attn.c_q.weight,0,128,512,65536,0,65502,0,262144,262072,True
optimizer.safetensors,muon.blocks.1.attn.c_q.weight,128,128,512,65536,0,65508,0,262144,262096,True
optimizer.safetensors,muon.blocks.1.attn.c_q.weight,256,128,512,65536,0,65498,0,262144,262056,True
optimizer.safetensors,muon.blocks.1.attn.c_q.weight,384,128,512,65536,0,65508,0,262144,262096,True
optimizer.safetensors,muon.blocks.1.attn.c_v.weight,0,128,512,65536,0,65503,0,262144,262076,True
optimizer.safetensors,muon.blocks.1.attn.c_v.weight,128,128,512,65536,0,65518,0,262144,262136,True
optimizer.safetensors,muon.blocks.1.attn.c_v.weight,256,128,512,65536,0,65512,0,262144,262112,True
optimizer.safetensors,muon.blocks.1.attn.c_v.weight,384,128,512,65536,0,65509,0,262144,262100,True
optimizer.safetensors,muon.blocks.1.attn.ve_gate.weight,0,4,32,128,0,128,0,512,576,True
optimizer.safetensors,muon.blocks.1.mlp.c_fc.weight,0,128,512,65536,0,65514,0,262144,262120,True
optimizer.safetensors,muon.blocks.1.mlp.c_fc.weight,128,128,512,65536,0,65515,0,262144,262124,True
optimizer.safetensors,muon.blocks.1.mlp.c_fc.weight,256,128,512,65536,0,65514,0,262144,262120,True
optimizer.safetensors,muon.blocks.1.mlp.c_fc.weight,384,128,512,65536,0,65522,0,262144,262152,True
optimizer.safetensors,muon.blocks.1.mlp.c_fc.weight,512,128,512,65536,0,65514,0,262144,262120,True
optimizer.safetensors,muon.blocks.1.mlp.c_fc.weight,640,128,512,65536,0,65516,0,262144,262128,True
optimizer.safetensors,muon.blocks.1.mlp.c_fc.weight,768,128,512,65536,0,65516,0,262144,262128,True
optimizer.safetensors,muon.blocks.1.mlp.c_fc.weight,896,128,512,65536,0,65514,0,262144,262120,True
optimizer.safetensors,muon.blocks.1.mlp.c_fc.weight,1024,128,512,65536,0,65521,0,262144,262148,True
optimizer.safetensors,muon.blocks.1.mlp.c_fc.weight,1152,128,512,65536,0,65517,0,262144,262132,True
optimizer.safetensors,muon.blocks.1.mlp.c_fc.weight,1280,128,512,65536,0,65519,0,262144,262140,True
optimizer.safetensors,muon.blocks.1.mlp.c_fc.weight,1408,128,512,65536,0,65513,0,262144,262116,True
optimizer.safetensors,muon.blocks.1.mlp.c_fc.weight,1536,128,512,65536,0,65520,0,262144,262144,True
optimizer.safetensors,muon.blocks.1.mlp.c_fc.weight,1664,128,512,65536,0,65510,0,262144,262104,True
optimizer.safetensors,muon.blocks.1.mlp.c_fc.weight,1792,128,512,65536,0,65515,0,262144,262124,True
optimizer.safetensors,muon.blocks.1.mlp.c_fc.weight,1920,128,512,65536,0,65519,0,262144,262140,True
optimizer.safetensors,muon.blocks.1.mlp.c_proj.weight,0,128,2048,262144,0,261828,0,1048576,1047376,True
optimizer.safetensors,muon.blocks.1.mlp.c_proj.weight,128,128,2048,262144,0,261836,0,1048576,1047408,True
optimizer.safetensors,muon.blocks.1.mlp.c_proj.weight,256,128,2048,262144,0,261855,0,1048576,1047484,True
optimizer.safetensors,muon.blocks.1.mlp.c_proj.weight,384,128,2048,262144,0,261854,0,1048576,1047480,True
optimizer.safetensors,muon.blocks.2.attn.c_k.weight,0,128,512,65536,0,65507,0,262144,262092,True
optimizer.safetensors,muon.blocks.2.attn.c_k.weight,128,128,512,65536,0,65506,0,262144,262088,True
optimizer.safetensors,muon.blocks.2.attn.c_k.weight,256,128,512,65536,0,65503,0,262144,262076,True
optimizer.safetensors,muon.blocks.2.attn.c_k.weight,384,128,512,65536,0,65511,0,262144,262108,True
optimizer.safetensors,muon.blocks.2.attn.c_proj.weight,0,128,512,65536,0,65503,0,262144,262076,True
optimizer.safetensors,muon.blocks.2.attn.c_proj.weight,128,128,512,65536,0,65515,0,262144,262124,True
optimizer.safetensors,muon.blocks.2.attn.c_proj.weight,256,128,512,65536,0,65518,0,262144,262136,True
optimizer.safetensors,muon.blocks.2.attn.c_proj.weight,384,128,512,65536,0,65507,0,262144,262092,True
optimizer.safetensors,muon.blocks.2.attn.c_q.weight,0,128,512,65536,0,65514,0,262144,262120,True
optimizer.safetensors,muon.blocks.2.attn.c_q.weight,128,128,512,65536,0,65514,0,262144,262120,True
optimizer.safetensors,muon.blocks.2.attn.c_q.weight,256,128,512,65536,0,65511,0,262144,262108,True
optimizer.safetensors,muon.blocks.2.attn.c_q.weight,384,128,512,65536,0,65505,0,262144,262084,True
optimizer.safetensors,muon.blocks.2.attn.c_v.weight,0,128,512,65536,0,65508,0,262144,262096,True
optimizer.safetensors,muon.blocks.2.attn.c_v.weight,128,128,512,65536,0,65517,0,262144,262132,True
optimizer.safetensors,muon.blocks.2.attn.c_v.weight,256,128,512,65536,0,65516,0,262144,262128,True
optimizer.safetensors,muon.blocks.2.attn.c_v.weight,384,128,512,65536,0,65510,0,262144,262104,True
optimizer.safetensors,muon.blocks.2.mlp.c_fc.weight,0,128,512,65536,0,65519,0,262144,262140,True
optimizer.safetensors,muon.blocks.2.mlp.c_fc.weight,128,128,512,65536,0,65523,0,262144,262156,True
optimizer.safetensors,muon.blocks.2.mlp.c_fc.weight,256,128,512,65536,0,65518,0,262144,262136,True
optimizer.safetensors,muon.blocks.2.mlp.c_fc.weight,384,128,512,65536,0,65521,0,262144,262148,True
optimizer.safetensors,muon.blocks.2.mlp.c_fc.weight,512,128,512,65536,0,65521,0,262144,262148,True
optimizer.safetensors,muon.blocks.2.mlp.c_fc.weight,640,128,512,65536,0,65526,0,262144,262168,True
optimizer.safetensors,muon.blocks.2.mlp.c_fc.weight,768,128,512,65536,0,65513,0,262144,262116,True
optimizer.safetensors,muon.blocks.2.mlp.c_fc.weight,896,128,512,65536,0,65514,0,262144,262120,True
optimizer.safetensors,muon.blocks.2.mlp.c_fc.weight,1024,128,512,65536,0,65519,0,262144,262140,True
optimizer.safetensors,muon.blocks.2.mlp.c_fc.weight,1152,128,512,65536,0,65511,0,262144,262108,True
optimizer.safetensors,muon.blocks.2.mlp.c_fc.weight,1280,128,512,65536,0,65520,0,262144,262144,True
optimizer.safetensors,muon.blocks.2.mlp.c_fc.weight,1408,128,512,65536,0,65524,0,262144,262160,True
optimizer.safetensors,muon.blocks.2.mlp.c_fc.weight,1536,128,512,65536,0,65525,0,262144,262164,True
optimizer.safetensors,muon.blocks.2.mlp.c_fc.weight,1664,128,512,65536,0,65525,0,262144,262164,True
optimizer.safetensors,muon.blocks.2.mlp.c_fc.weight,1792,128,512,65536,0,65517,0,262144,262132,True
optimizer.safetensors,muon.blocks.2.mlp.c_fc.weight,1920,128,512,65536,0,65513,0,262144,262116,True
optimizer.safetensors,muon.blocks.2.mlp.c_proj.weight,0,128,2048,262144,0,261944,0,1048576,1047840,True
optimizer.safetensors,muon.blocks.2.mlp.c_proj.weight,128,128,2048,262144,0,261922,0,1048576,1047752,True
optimizer.safetensors,muon.blocks.2.mlp.c_proj.weight,256,128,2048,262144,0,261905,0,1048576,1047684,True
optimizer.safetensors,muon.blocks.2.mlp.c_proj.weight,384,128,2048,262144,0,261896,0,1048576,1047648,True
optimizer.safetensors,muon.blocks.3.attn.c_k.weight,0,128,512,65536,0,65502,0,262144,262072,True
optimizer.safetensors,muon.blocks.3.attn.c_k.weight,128,128,512,65536,0,65506,0,262144,262088,True
optimizer.safetensors,muon.blocks.3.attn.c_k.weight,256,128,512,65536,0,65503,0,262144,262076,True
optimizer.safetensors,muon.blocks.3.attn.c_k.weight,384,128,512,65536,0,65501,0,262144,262068,True
optimizer.safetensors,muon.blocks.3.attn.c_proj.weight,0,128,512,65536,0,65508,0,262144,262096,True
optimizer.safetensors,muon.blocks.3.attn.c_proj.weight,128,128,512,65536,0,65507,0,262144,262092,True
optimizer.safetensors,muon.blocks.3.attn.c_proj.weight,256,128,512,65536,0,65502,0,262144,262072,True
optimizer.safetensors,muon.blocks.3.attn.c_proj.weight,384,128,512,65536,0,65507,0,262144,262092,True
optimizer.safetensors,muon.blocks.3.attn.c_q.weight,0,128,512,65536,0,65498,0,262144,262056,True
optimizer.safetensors,muon.blocks.3.attn.c_q.weight,128,128,512,65536,0,65513,0,262144,262116,True
optimizer.safetensors,muon.blocks.3.attn.c_q.weight,256,128,512,65536,0,65510,0,262144,262104,True
optimizer.safetensors,muon.blocks.3.attn.c_q.weight,384,128,512,65536,0,65506,0,262144,262088,True
optimizer.safetensors,muon.blocks.3.attn.c_v.weight,0,128,512,65536,0,65513,0,262144,262116,True
optimizer.safetensors,muon.blocks.3.attn.c_v.weight,128,128,512,65536,0,65497,0,262144,262052,True
optimizer.safetensors,muon.blocks.3.attn.c_v.weight,256,128,512,65536,0,65511,0,262144,262108,True
optimizer.safetensors,muon.blocks.3.attn.c_v.weight,384,128,512,65536,0,65515,0,262144,262124,True
optimizer.safetensors,muon.blocks.3.attn.ve_gate.weight,0,4,32,128,0,128,0,512,576,True
optimizer.safetensors,muon.blocks.3.mlp.c_fc.weight,0,128,512,65536,0,65513,0,262144,262116,True
optimizer.safetensors,muon.blocks.3.mlp.c_fc.weight,128,128,512,65536,0,65515,0,262144,262124,True
optimizer.safetensors,muon.blocks.3.mlp.c_fc.weight,256,128,512,65536,0,65518,0,262144,262136,True
optimizer.safetensors,muon.blocks.3.mlp.c_fc.weight,384,128,512,65536,0,65520,0,262144,262144,True
optimizer.safetensors,muon.blocks.3.mlp.c_fc.weight,512,128,512,65536,0,65517,0,262144,262132,True
optimizer.safetensors,muon.blocks.3.mlp.c_fc.weight,640,128,512,65536,0,65519,0,262144,262140,True
optimizer.safetensors,muon.blocks.3.mlp.c_fc.weight,768,128,512,65536,0,65517,0,262144,262132,True
optimizer.safetensors,muon.blocks.3.mlp.c_fc.weight,896,128,512,65536,0,65514,0,262144,262120,True
optimizer.safetensors,muon.blocks.3.mlp.c_fc.weight,1024,128,512,65536,0,65520,0,262144,262144,True
optimizer.safetensors,muon.blocks.3.mlp.c_fc.weight,1152,128,512,65536,0,65521,0,262144,262148,True
optimizer.safetensors,muon.blocks.3.mlp.c_fc.weight,1280,128,512,65536,0,65512,0,262144,262112,True
optimizer.safetensors,muon.blocks.3.mlp.c_fc.weight,1408,128,512,65536,0,65523,0,262144,262156,True
optimizer.safetensors,muon.blocks.3.mlp.c_fc.weight,1536,128,512,65536,0,65519,0,262144,262140,True
optimizer.safetensors,muon.blocks.3.mlp.c_fc.weight,1664,128,512,65536,0,65520,0,262144,262144,True
optimizer.safetensors,muon.blocks.3.mlp.c_fc.weight,1792,128,512,65536,0,65519,0,262144,262140,True
optimizer.safetensors,muon.blocks.3.mlp.c_fc.weight,1920,128,512,65536,0,65514,0,262144,262120,True
optimizer.safetensors,muon.blocks.3.mlp.c_proj.weight,0,128,2048,262144,0,261890,0,1048576,1047624,True
optimizer.safetensors,muon.blocks.3.mlp.c_proj.weight,128,128,2048,262144,0,261899,0,1048576,1047660,True
optimizer.safetensors,muon.blocks.3.mlp.c_proj.weight,256,128,2048,262144,0,261868,0,1048576,1047536,True
optimizer.safetensors,muon.blocks.3.mlp.c_proj.weight,384,128,2048,262144,0,261915,0,1048576,1047724,True
optimizer.safetensors,muon.blocks.4.attn.c_k.weight,0,128,512,65536,0,65508,0,262144,262096,True
optimizer.safetensors,muon.blocks.4.attn.c_k.weight,128,128,512,65536,0,65512,0,262144,262112,True
optimizer.safetensors,muon.blocks.4.attn.c_k.weight,256,128,512,65536,0,65506,0,262144,262088,True
optimizer.safetensors,muon.blocks.4.attn.c_k.weight,384,128,512,65536,0,65499,0,262144,262060,True
optimizer.safetensors,muon.blocks.4.attn.c_proj.weight,0,128,512,65536,0,65509,0,262144,262100,True
optimizer.safetensors,muon.blocks.4.attn.c_proj.weight,128,128,512,65536,0,65498,0,262144,262056,True
optimizer.safetensors,muon.blocks.4.attn.c_proj.weight,256,128,512,65536,0,65508,0,262144,262096,True
optimizer.safetensors,muon.blocks.4.attn.c_proj.weight,384,128,512,65536,0,65512,0,262144,262112,True
optimizer.safetensors,muon.blocks.4.attn.c_q.weight,0,128,512,65536,0,65510,0,262144,262104,True
optimizer.safetensors,muon.blocks.4.attn.c_q.weight,128,128,512,65536,0,65509,0,262144,262100,True
optimizer.safetensors,muon.blocks.4.attn.c_q.weight,256,128,512,65536,0,65505,0,262144,262084,True
optimizer.safetensors,muon.blocks.4.attn.c_q.weight,384,128,512,65536,0,65516,0,262144,262128,True
optimizer.safetensors,muon.blocks.4.attn.c_v.weight,0,128,512,65536,0,65509,0,262144,262100,True
optimizer.safetensors,muon.blocks.4.attn.c_v.weight,128,128,512,65536,0,65517,0,262144,262132,True
optimizer.safetensors,muon.blocks.4.attn.c_v.weight,256,128,512,65536,0,65511,0,262144,262108,True
optimizer.safetensors,muon.blocks.4.attn.c_v.weight,384,128,512,65536,0,65514,0,262144,262120,True
optimizer.safetensors,muon.blocks.4.mlp.c_fc.weight,0,128,512,65536,0,65519,0,262144,262140,True
optimizer.safetensors,muon.blocks.4.mlp.c_fc.weight,128,128,512,65536,0,65521,0,262144,262148,True
optimizer.safetensors,muon.blocks.4.mlp.c_fc.weight,256,128,512,65536,0,65520,0,262144,262144,True
optimizer.safetensors,muon.blocks.4.mlp.c_fc.weight,384,128,512,65536,0,65512,0,262144,262112,True
optimizer.safetensors,muon.blocks.4.mlp.c_fc.weight,512,128,512,65536,0,65526,0,262144,262168,True
optimizer.safetensors,muon.blocks.4.mlp.c_fc.weight,640,128,512,65536,0,65516,0,262144,262128,True
optimizer.safetensors,muon.blocks.4.mlp.c_fc.weight,768,128,512,65536,0,65524,0,262144,262160,True
optimizer.safetensors,muon.blocks.4.mlp.c_fc.weight,896,128,512,65536,0,65517,0,262144,262132,True
optimizer.safetensors,muon.blocks.4.mlp.c_fc.weight,1024,128,512,65536,0,65519,0,262144,262140,True
optimizer.safetensors,muon.blocks.4.mlp.c_fc.weight,1152,128,512,65536,0,65524,0,262144,262160,True
optimizer.safetensors,muon.blocks.4.mlp.c_fc.weight,1280,128,512,65536,0,65512,0,262144,262112,True
optimizer.safetensors,muon.blocks.4.mlp.c_fc.weight,1408,128,512,65536,0,65520,0,262144,262144,True
optimizer.safetensors,muon.blocks.4.mlp.c_fc.weight,1536,128,512,65536,0,65520,0,262144,262144,True
optimizer.safetensors,muon.blocks.4.mlp.c_fc.weight,1664,128,512,65536,0,65518,0,262144,262136,True
optimizer.safetensors,muon.blocks.4.mlp.c_fc.weight,1792,128,512,65536,0,65519,0,262144,262140,True
optimizer.safetensors,muon.blocks.4.mlp.c_fc.weight,1920,128,512,65536,0,65516,0,262144,262128,True
optimizer.safetensors,muon.blocks.4.mlp.c_proj.weight,0,128,2048,262144,0,261885,0,1048576,1047604,True
optimizer.safetensors,muon.blocks.4.mlp.c_proj.weight,128,128,2048,262144,0,261868,0,1048576,1047536,True
optimizer.safetensors,muon.blocks.4.mlp.c_proj.weight,256,128,2048,262144,0,261906,0,1048576,1047688,True
optimizer.safetensors,muon.blocks.4.mlp.c_proj.weight,384,128,2048,262144,0,261885,0,1048576,1047604,True
optimizer.safetensors,muon.blocks.5.attn.c_k.weight,0,128,512,65536,0,65496,0,262144,262048,True
optimizer.safetensors,muon.blocks.5.attn.c_k.weight,128,128,512,65536,0,65498,0,262144,262056,True
optimizer.safetensors,muon.blocks.5.attn.c_k.weight,256,128,512,65536,0,65508,0,262144,262096,True
optimizer.safetensors,muon.blocks.5.attn.c_k.weight,384,128,512,65536,0,65506,0,262144,262088,True
optimizer.safetensors,muon.blocks.5.attn.c_proj.weight,0,128,512,65536,0,65505,0,262144,262084,True
optimizer.safetensors,muon.blocks.5.attn.c_proj.weight,128,128,512,65536,0,65504,0,262144,262080,True
optimizer.safetensors,muon.blocks.5.attn.c_proj.weight,256,128,512,65536,0,65502,0,262144,262072,True
optimizer.safetensors,muon.blocks.5.attn.c_proj.weight,384,128,512,65536,0,65503,0,262144,262076,True
optimizer.safetensors,muon.blocks.5.attn.c_q.weight,0,128,512,65536,0,65510,0,262144,262104,True
optimizer.safetensors,muon.blocks.5.attn.c_q.weight,128,128,512,65536,0,65509,0,262144,262100,True
optimizer.safetensors,muon.blocks.5.attn.c_q.weight,256,128,512,65536,0,65504,0,262144,262080,True
optimizer.safetensors,muon.blocks.5.attn.c_q.weight,384,128,512,65536,0,65513,0,262144,262116,True
optimizer.safetensors,muon.blocks.5.attn.c_v.weight,0,128,512,65536,0,65512,0,262144,262112,True
optimizer.safetensors,muon.blocks.5.attn.c_v.weight,128,128,512,65536,0,65508,0,262144,262096,True
optimizer.safetensors,muon.blocks.5.attn.c_v.weight,256,128,512,65536,0,65506,0,262144,262088,True
optimizer.safetensors,muon.blocks.5.attn.c_v.weight,384,128,512,65536,0,65513,0,262144,262116,True
optimizer.safetensors,muon.blocks.5.attn.ve_gate.weight,0,4,32,128,0,128,0,512,576,True
optimizer.safetensors,muon.blocks.5.mlp.c_fc.weight,0,128,512,65536,0,65528,0,262144,262176,True
optimizer.safetensors,muon.blocks.5.mlp.c_fc.weight,128,128,512,65536,0,65518,0,262144,262136,True
optimizer.safetensors,muon.blocks.5.mlp.c_fc.weight,256,128,512,65536,0,65523,0,262144,262156,True
optimizer.safetensors,muon.blocks.5.mlp.c_fc.weight,384,128,512,65536,0,65519,0,262144,262140,True
optimizer.safetensors,muon.blocks.5.mlp.c_fc.weight,512,128,512,65536,0,65512,0,262144,262112,True
optimizer.safetensors,muon.blocks.5.mlp.c_fc.weight,640,128,512,65536,0,65510,0,262144,262104,True
optimizer.safetensors,muon.blocks.5.mlp.c_fc.weight,768,128,512,65536,0,65509,0,262144,262100,True
optimizer.safetensors,muon.blocks.5.mlp.c_fc.weight,896,128,512,65536,0,65515,0,262144,262124,True
optimizer.safetensors,muon.blocks.5.mlp.c_fc.weight,1024,128,512,65536,0,65522,0,262144,262152,True
optimizer.safetensors,muon.blocks.5.mlp.c_fc.weight,1152,128,512,65536,0,65514,0,262144,262120,True
optimizer.safetensors,muon.blocks.5.mlp.c_fc.weight,1280,128,512,65536,0,65516,0,262144,262128,True
optimizer.safetensors,muon.blocks.5.mlp.c_fc.weight,1408,128,512,65536,0,65509,0,262144,262100,True
optimizer.safetensors,muon.blocks.5.mlp.c_fc.weight,1536,128,512,65536,0,65515,0,262144,262124,True
optimizer.safetensors,muon.blocks.5.mlp.c_fc.weight,1664,128,512,65536,0,65526,0,262144,262168,True
optimizer.safetensors,muon.blocks.5.mlp.c_fc.weight,1792,128,512,65536,0,65521,0,262144,262148,True
optimizer.safetensors,muon.blocks.5.mlp.c_fc.weight,1920,128,512,65536,0,65518,0,262144,262136,True
optimizer.safetensors,muon.blocks.5.mlp.c_proj.weight,0,128,2048,262144,0,261808,0,1048576,1047296,True
optimizer.safetensors,muon.blocks.5.mlp.c_proj.weight,128,128,2048,262144,0,261795,0,1048576,1047244,True
optimizer.safetensors,muon.blocks.5.mlp.c_proj.weight,256,128,2048,262144,0,261795,0,1048576,1047244,True
optimizer.safetensors,muon.blocks.5.mlp.c_proj.weight,384,128,2048,262144,0,261803,0,1048576,1047276,True
optimizer.safetensors,muon.blocks.6.attn.c_k.weight,0,128,512,65536,0,65512,0,262144,262112,True
optimizer.safetensors,muon.blocks.6.attn.c_k.weight,128,128,512,65536,0,65511,0,262144,262108,True
optimizer.safetensors,muon.blocks.6.attn.c_k.weight,256,128,512,65536,0,65507,0,262144,262092,True
optimizer.safetensors,muon.blocks.6.attn.c_k.weight,384,128,512,65536,0,65513,0,262144,262116,True
optimizer.safetensors,muon.blocks.6.attn.c_proj.weight,0,128,512,65536,0,65505,0,262144,262084,True
optimizer.safetensors,muon.blocks.6.attn.c_proj.weight,128,128,512,65536,0,65516,0,262144,262128,True
optimizer.safetensors,muon.blocks.6.attn.c_proj.weight,256,128,512,65536,0,65498,0,262144,262056,True
optimizer.safetensors,muon.blocks.6.attn.c_proj.weight,384,128,512,65536,0,65513,0,262144,262116,True
optimizer.safetensors,muon.blocks.6.attn.c_q.weight,0,128,512,65536,0,65510,0,262144,262104,True
optimizer.safetensors,muon.blocks.6.attn.c_q.weight,128,128,512,65536,0,65507,0,262144,262092,True
optimizer.safetensors,muon.blocks.6.attn.c_q.weight,256,128,512,65536,0,65512,0,262144,262112,True
optimizer.safetensors,muon.blocks.6.attn.c_q.weight,384,128,512,65536,0,65512,0,262144,262112,True
optimizer.safetensors,muon.blocks.6.attn.c_v.weight,0,128,512,65536,0,65507,0,262144,262092,True
optimizer.safetensors,muon.blocks.6.attn.c_v.weight,128,128,512,65536,0,65503,0,262144,262076,True
optimizer.safetensors,muon.blocks.6.attn.c_v.weight,256,128,512,65536,0,65505,0,262144,262084,True
optimizer.safetensors,muon.blocks.6.attn.c_v.weight,384,128,512,65536,0,65499,0,262144,262060,True
optimizer.safetensors,muon.blocks.6.mlp.c_fc.weight,0,128,512,65536,0,65509,0,262144,262100,True
optimizer.safetensors,muon.blocks.6.mlp.c_fc.weight,128,128,512,65536,0,65519,0,262144,262140,True
optimizer.safetensors,muon.blocks.6.mlp.c_fc.weight,256,128,512,65536,0,65519,0,262144,262140,True
optimizer.safetensors,muon.blocks.6.mlp.c_fc.weight,384,128,512,65536,0,65516,0,262144,262128,True
optimizer.safetensors,muon.blocks.6.mlp.c_fc.weight,512,128,512,65536,0,65510,0,262144,262104,True
optimizer.safetensors,muon.blocks.6.mlp.c_fc.weight,640,128,512,65536,0,65513,0,262144,262116,True
optimizer.safetensors,muon.blocks.6.mlp.c_fc.weight,768,128,512,65536,0,65519,0,262144,262140,True
optimizer.safetensors,muon.blocks.6.mlp.c_fc.weight,896,128,512,65536,0,65516,0,262144,262128,True
optimizer.safetensors,muon.blocks.6.mlp.c_fc.weight,1024,128,512,65536,0,65517,0,262144,262132,True
optimizer.safetensors,muon.blocks.6.mlp.c_fc.weight,1152,128,512,65536,0,65509,0,262144,262100,True
optimizer.safetensors,muon.blocks.6.mlp.c_fc.weight,1280,128,512,65536,0,65519,0,262144,262140,True
optimizer.safetensors,muon.blocks.6.mlp.c_fc.weight,1408,128,512,65536,0,65511,0,262144,262108,True
optimizer.safetensors,muon.blocks.6.mlp.c_fc.weight,1536,128,512,65536,0,65518,0,262144,262136,True
optimizer.safetensors,muon.blocks.6.mlp.c_fc.weight,1664,128,512,65536,0,65521,0,262144,262148,True
optimizer.safetensors,muon.blocks.6.mlp.c_fc.weight,1792,128,512,65536,0,65521,0,262144,262148,True
optimizer.safetensors,muon.blocks.6.mlp.c_fc.weight,1920,128,512,65536,0,65516,0,262144,262128,True
optimizer.safetensors,muon.blocks.6.mlp.c_proj.weight,0,128,2048,262144,0,261737,0,1048576,1047012,True
optimizer.safetensors,muon.blocks.6.mlp.c_proj.weight,128,128,2048,262144,0,261814,0,1048576,1047320,True
optimizer.safetensors,muon.blocks.6.mlp.c_proj.weight,256,128,2048,262144,0,261766,0,1048576,1047128,True
optimizer.safetensors,muon.blocks.6.mlp.c_proj.weight,384,128,2048,262144,0,261780,0,1048576,1047184,True
optimizer.safetensors,muon.blocks.7.attn.c_k.weight,0,128,512,65536,0,65506,0,262144,262088,True
optimizer.safetensors,muon.blocks.7.attn.c_k.weight,128,128,512,65536,0,65502,0,262144,262072,True
optimizer.safetensors,muon.blocks.7.attn.c_k.weight,256,128,512,65536,0,65503,0,262144,262076,True
optimizer.safetensors,muon.blocks.7.attn.c_k.weight,384,128,512,65536,0,65490,0,262144,262024,True
optimizer.safetensors,muon.blocks.7.attn.c_proj.weight,0,128,512,65536,0,65508,0,262144,262096,True
optimizer.safetensors,muon.blocks.7.attn.c_proj.weight,128,128,512,65536,0,65498,0,262144,262056,True
optimizer.safetensors,muon.blocks.7.attn.c_proj.weight,256,128,512,65536,0,65510,0,262144,262104,True
optimizer.safetensors,muon.blocks.7.attn.c_proj.weight,384,128,512,65536,0,65493,0,262144,262036,True
optimizer.safetensors,muon.blocks.7.attn.c_q.weight,0,128,512,65536,0,65510,0,262144,262104,True
optimizer.safetensors,muon.blocks.7.attn.c_q.weight,128,128,512,65536,0,65513,0,262144,262116,True
optimizer.safetensors,muon.blocks.7.attn.c_q.weight,256,128,512,65536,0,65499,0,262144,262060,True
optimizer.safetensors,muon.blocks.7.attn.c_q.weight,384,128,512,65536,0,65506,0,262144,262088,True
optimizer.safetensors,muon.blocks.7.attn.c_v.weight,0,128,512,65536,0,65507,0,262144,262092,True
optimizer.safetensors,muon.blocks.7.attn.c_v.weight,128,128,512,65536,0,65503,0,262144,262076,True
optimizer.safetensors,muon.blocks.7.attn.c_v.weight,256,128,512,65536,0,65514,0,262144,262120,True
optimizer.safetensors,muon.blocks.7.attn.c_v.weight,384,128,512,65536,0,65503,0,262144,262076,True
optimizer.safetensors,muon.blocks.7.attn.ve_gate.weight,0,4,32,128,0,128,0,512,576,True
optimizer.safetensors,muon.blocks.7.mlp.c_fc.weight,0,128,512,65536,0,65512,0,262144,262112,True
optimizer.safetensors,muon.blocks.7.mlp.c_fc.weight,128,128,512,65536,0,65516,0,262144,262128,True
optimizer.safetensors,muon.blocks.7.mlp.c_fc.weight,256,128,512,65536,0,65518,0,262144,262136,True
optimizer.safetensors,muon.blocks.7.mlp.c_fc.weight,384,128,512,65536,0,65522,0,262144,262152,True
optimizer.safetensors,muon.blocks.7.mlp.c_fc.weight,512,128,512,65536,0,65510,0,262144,262104,True
optimizer.safetensors,muon.blocks.7.mlp.c_fc.weight,640,128,512,65536,0,65511,0,262144,262108,True
optimizer.safetensors,muon.blocks.7.mlp.c_fc.weight,768,128,512,65536,0,65516,0,262144,262128,True
optimizer.safetensors,muon.blocks.7.mlp.c_fc.weight,896,128,512,65536,0,65516,0,262144,262128,True
optimizer.safetensors,muon.blocks.7.mlp.c_fc.weight,1024,128,512,65536,0,65518,0,262144,262136,True
optimizer.safetensors,muon.blocks.7.mlp.c_fc.weight,1152,128,512,65536,0,65514,0,262144,262120,True
optimizer.safetensors,muon.blocks.7.mlp.c_fc.weight,1280,128,512,65536,0,65525,0,262144,262164,True
optimizer.safetensors,muon.blocks.7.mlp.c_fc.weight,1408,128,512,65536,0,65521,0,262144,262148,True
optimizer.safetensors,muon.blocks.7.mlp.c_fc.weight,1536,128,512,65536,0,65515,0,262144,262124,True
optimizer.safetensors,muon.blocks.7.mlp.c_fc.weight,1664,128,512,65536,0,65521,0,262144,262148,True
optimizer.safetensors,muon.blocks.7.mlp.c_fc.weight,1792,128,512,65536,0,65509,0,262144,262100,True
optimizer.safetensors,muon.blocks.7.mlp.c_fc.weight,1920,128,512,65536,0,65509,0,262144,262100,True
optimizer.safetensors,muon.blocks.7.mlp.c_proj.weight,0,128,2048,262144,0,261815,0,1048576,1047324,True
optimizer.safetensors,muon.blocks.7.mlp.c_proj.weight,128,128,2048,262144,0,261810,0,1048576,1047304,True
optimizer.safetensors,muon.blocks.7.mlp.c_proj.weight,256,128,2048,262144,0,261829,0,1048576,1047380,True
optimizer.safetensors,muon.blocks.7.mlp.c_proj.weight,384,128,2048,262144,0,261826,0,1048576,1047368,True
