file,tensor,row_start,rows,cols,cells,positive_zero_cells,nonzero_bit_patterns,special_cells,dense_bytes,dictionary_header_lower_bound_bytes,rejected_by_dictionary_bound
optimizer.safetensors,adam.lm_head.weight.m,0,128,512,65536,0,65528,0,262144,262176,True
optimizer.safetensors,adam.lm_head.weight.m,128,128,512,65536,0,65518,0,262144,262136,True
optimizer.safetensors,adam.lm_head.weight.m,256,128,512,65536,0,65516,0,262144,262128,True
optimizer.safetensors,adam.lm_head.weight.m,384,128,512,65536,0,65519,0,262144,262140,True
optimizer.safetensors,adam.lm_head.weight.m,512,128,512,65536,0,65515,0,262144,262124,True
optimizer.safetensors,adam.lm_head.weight.m,640,128,512,65536,0,65515,0,262144,262124,True
optimizer.safetensors,adam.lm_head.weight.m,768,128,512,65536,0,65524,0,262144,262160,True
optimizer.safetensors,adam.lm_head.weight.m,896,128,512,65536,0,65518,0,262144,262136,True
optimizer.safetensors,adam.lm_head.weight.m,1024,128,512,65536,0,65527,0,262144,262172,True
optimizer.safetensors,adam.lm_head.weight.m,1152,128,512,65536,0,65518,0,262144,262136,True
optimizer.safetensors,adam.lm_head.weight.m,1280,128,512,65536,0,65521,0,262144,262148,True
optimizer.safetensors,adam.lm_head.weight.m,1408,128,512,65536,0,65520,0,262144,262144,True
optimizer.safetensors,adam.lm_head.weight.m,1536,128,512,65536,0,65521,0,262144,262148,True
optimizer.safetensors,adam.lm_head.weight.m,1664,128,512,65536,0,65524,0,262144,262160,True
optimizer.safetensors,adam.lm_head.weight.m,1792,128,512,65536,0,65521,0,262144,262148,True
optimizer.safetensors,adam.lm_head.weight.m,1920,128,512,65536,0,65522,0,262144,262152,True
optimizer.safetensors,adam.lm_head.weight.m,2048,128,512,65536,0,65521,0,262144,262148,True
optimizer.safetensors,adam.lm_head.weight.m,2176,128,512,65536,0,65528,0,262144,262176,True
optimizer.safetensors,adam.lm_head.weight.m,2304,128,512,65536,0,65521,0,262144,262148,True
optimizer.safetensors,adam.lm_head.weight.m,2432,128,512,65536,0,65527,0,262144,262172,True
optimizer.safetensors,adam.lm_head.weight.m,2560,128,512,65536,0,65526,0,262144,262168,True
optimizer.safetensors,adam.lm_head.weight.m,2688,128,512,65536,0,65521,0,262144,262148,True
optimizer.safetensors,adam.lm_head.weight.m,2816,128,512,65536,0,65520,0,262144,262144,True
optimizer.safetensors,adam.lm_head.weight.m,2944,128,512,65536,0,65523,0,262144,262156,True
optimizer.safetensors,adam.lm_head.weight.m,3072,128,512,65536,0,65518,0,262144,262136,True
optimizer.safetensors,adam.lm_head.weight.m,3200,128,512,65536,0,65521,0,262144,262148,True
optimizer.safetensors,adam.lm_head.weight.m,3328,128,512,65536,0,65526,0,262144,262168,True
optimizer.safetensors,adam.lm_head.weight.m,3456,128,512,65536,0,65524,0,262144,262160,True
optimizer.safetensors,adam.lm_head.weight.m,3584,128,512,65536,0,65520,0,262144,262144,True
optimizer.safetensors,adam.lm_head.weight.m,3712,128,512,65536,0,65528,0,262144,262176,True
optimizer.safetensors,adam.lm_head.weight.m,3840,128,512,65536,0,65511,0,262144,262108,True
optimizer.safetensors,adam.lm_head.weight.m,3968,128,512,65536,0,65517,0,262144,262132,True
optimizer.safetensors,adam.lm_head.weight.m,4096,128,512,65536,0,65528,0,262144,262176,True
optimizer.safetensors,adam.lm_head.weight.m,4224,128,512,65536,0,65514,0,262144,262120,True
optimizer.safetensors,adam.lm_head.weight.m,4352,128,512,65536,0,65522,0,262144,262152,True
optimizer.safetensors,adam.lm_head.weight.m,4480,128,512,65536,0,65516,0,262144,262128,True
optimizer.safetensors,adam.lm_head.weight.m,4608,128,512,65536,0,65514,0,262144,262120,True
optimizer.safetensors,adam.lm_head.weight.m,4736,128,512,65536,0,65522,0,262144,262152,True
optimizer.safetensors,adam.lm_head.weight.m,4864,128,512,65536,0,65520,0,262144,262144,True
optimizer.safetensors,adam.lm_head.weight.m,4992,128,512,65536,0,65523,0,262144,262156,True
optimizer.safetensors,adam.lm_head.weight.m,5120,128,512,65536,0,65522,0,262144,262152,True
optimizer.safetensors,adam.lm_head.weight.m,5248,128,512,65536,0,65519,0,262144,262140,True
optimizer.safetensors,adam.lm_head.weight.m,5376,128,512,65536,0,65518,0,262144,262136,True
optimizer.safetensors,adam.lm_head.weight.m,5504,128,512,65536,0,65518,0,262144,262136,True
optimizer.safetensors,adam.lm_head.weight.m,5632,128,512,65536,0,65519,0,262144,262140,True
optimizer.safetensors,adam.lm_head.weight.m,5760,128,512,65536,0,65519,0,262144,262140,True
optimizer.safetensors,adam.lm_head.weight.m,5888,128,512,65536,0,65515,0,262144,262124,True
optimizer.safetensors,adam.lm_head.weight.m,6016,128,512,65536,0,65524,0,262144,262160,True
optimizer.safetensors,adam.lm_head.weight.m,6144,128,512,65536,0,65519,0,262144,262140,True
optimizer.safetensors,adam.lm_head.weight.m,6272,128,512,65536,0,65520,0,262144,262144,True
optimizer.safetensors,adam.lm_head.weight.m,6400,128,512,65536,0,65522,0,262144,262152,True
optimizer.safetensors,adam.lm_head.weight.m,6528,128,512,65536,0,65522,0,262144,262152,True
optimizer.safetensors,adam.lm_head.weight.m,6656,128,512,65536,0,65516,0,262144,262128,True
optimizer.safetensors,adam.lm_head.weight.m,6784,128,512,65536,0,65515,0,262144,262124,True
optimizer.safetensors,adam.lm_head.weight.m,6912,128,512,65536,0,65518,0,262144,262136,True
optimizer.safetensors,adam.lm_head.weight.m,7040,128,512,65536,0,65520,0,262144,262144,True
optimizer.safetensors,adam.lm_head.weight.m,7168,128,512,65536,0,65526,0,262144,262168,True
optimizer.safetensors,adam.lm_head.weight.m,7296,128,512,65536,0,65522,0,262144,262152,True
optimizer.safetensors,adam.lm_head.weight.m,7424,128,512,65536,0,65511,0,262144,262108,True
optimizer.safetensors,adam.lm_head.weight.m,7552,128,512,65536,0,65514,0,262144,262120,True
optimizer.safetensors,adam.lm_head.weight.m,7680,128,512,65536,0,65519,0,262144,262140,True
optimizer.safetensors,adam.lm_head.weight.m,7808,128,512,65536,0,65528,0,262144,262176,True
optimizer.safetensors,adam.lm_head.weight.m,7936,128,512,65536,0,65518,0,262144,262136,True
optimizer.safetensors,adam.lm_head.weight.m,8064,128,512,65536,0,65519,0,262144,262140,True
optimizer.safetensors,adam.lm_head.weight.m,8192,128,512,65536,0,65518,0,262144,262136,True
optimizer.safetensors,adam.lm_head.weight.m,8320,128,512,65536,0,65520,0,262144,262144,True
optimizer.safetensors,adam.lm_head.weight.m,8448,128,512,65536,0,65518,0,262144,262136,True
optimizer.safetensors,adam.lm_head.weight.m,8576,128,512,65536,0,65523,0,262144,262156,True
optimizer.safetensors,adam.lm_head.weight.m,8704,128,512,65536,0,65528,0,262144,262176,True
optimizer.safetensors,adam.lm_head.weight.m,8832,128,512,65536,0,65519,0,262144,262140,True
optimizer.safetensors,adam.lm_head.weight.m,8960,128,512,65536,0,65520,0,262144,262144,True
optimizer.safetensors,adam.lm_head.weight.m,9088,128,512,65536,0,65520,0,262144,262144,True
optimizer.safetensors,adam.lm_head.weight.m,9216,128,512,65536,0,65517,0,262144,262132,True
optimizer.safetensors,adam.lm_head.weight.m,9344,128,512,65536,0,65520,0,262144,262144,True
optimizer.safetensors,adam.lm_head.weight.m,9472,128,512,65536,0,65522,0,262144,262152,True
optimizer.safetensors,adam.lm_head.weight.m,9600,128,512,65536,0,65516,0,262144,262128,True
optimizer.safetensors,adam.lm_head.weight.m,9728,128,512,65536,0,65519,0,262144,262140,True
optimizer.safetensors,adam.lm_head.weight.m,9856,128,512,65536,0,65514,0,262144,262120,True
optimizer.safetensors,adam.lm_head.weight.m,9984,128,512,65536,0,65524,0,262144,262160,True
optimizer.safetensors,adam.lm_head.weight.m,10112,128,512,65536,0,65529,0,262144,262180,True
optimizer.safetensors,adam.lm_head.weight.m,10240,128,512,65536,0,65520,0,262144,262144,True
optimizer.safetensors,adam.lm_head.weight.m,10368,128,512,65536,0,65516,0,262144,262128,True
optimizer.safetensors,adam.lm_head.weight.m,10496,128,512,65536,0,65522,0,262144,262152,True
optimizer.safetensors,adam.lm_head.weight.m,10624,128,512,65536,0,65526,0,262144,262168,True
optimizer.safetensors,adam.lm_head.weight.m,10752,128,512,65536,0,65520,0,262144,262144,True
optimizer.safetensors,adam.lm_head.weight.m,10880,128,512,65536,0,65519,0,262144,262140,True
optimizer.safetensors,adam.lm_head.weight.m,11008,128,512,65536,0,65520,0,262144,262144,True
optimizer.safetensors,adam.lm_head.weight.m,11136,128,512,65536,0,65522,0,262144,262152,True
optimizer.safetensors,adam.lm_head.weight.m,11264,128,512,65536,0,65519,0,262144,262140,True
optimizer.safetensors,adam.lm_head.weight.m,11392,128,512,65536,0,65521,0,262144,262148,True
optimizer.safetensors,adam.lm_head.weight.m,11520,128,512,65536,0,65521,0,262144,262148,True
optimizer.safetensors,adam.lm_head.weight.m,11648,128,512,65536,0,65522,0,262144,262152,True
optimizer.safetensors,adam.lm_head.weight.m,11776,128,512,65536,0,65521,0,262144,262148,True
optimizer.safetensors,adam.lm_head.weight.m,11904,128,512,65536,0,65520,0,262144,262144,True
optimizer.safetensors,adam.lm_head.weight.m,12032,128,512,65536,0,65529,0,262144,262180,True
optimizer.safetensors,adam.lm_head.weight.m,12160,128,512,65536,0,65525,0,262144,262164,True
optimizer.safetensors,adam.lm_head.weight.m,12288,128,512,65536,0,65525,0,262144,262164,True
optimizer.safetensors,adam.lm_head.weight.m,12416,128,512,65536,0,65524,0,262144,262160,True
optimizer.safetensors,adam.lm_head.weight.m,12544,128,512,65536,0,65519,0,262144,262140,True
optimizer.safetensors,adam.lm_head.weight.m,12672,128,512,65536,0,65526,0,262144,262168,True
optimizer.safetensors,adam.lm_head.weight.m,12800,128,512,65536,0,65529,0,262144,262180,True
optimizer.safetensors,adam.lm_head.weight.m,12928,128,512,65536,0,65523,0,262144,262156,True
optimizer.safetensors,adam.lm_head.weight.m,13056,128,512,65536,0,65525,0,262144,262164,True
optimizer.safetensors,adam.lm_head.weight.m,13184,128,512,65536,0,65524,0,262144,262160,True
optimizer.safetensors,adam.lm_head.weight.m,13312,128,512,65536,0,65521,0,262144,262148,True
optimizer.safetensors,adam.lm_head.weight.m,13440,128,512,65536,0,65525,0,262144,262164,True
optimizer.safetensors,adam.lm_head.weight.m,13568,128,512,65536,0,65520,0,262144,262144,True
optimizer.safetensors,adam.lm_head.weight.m,13696,128,512,65536,0,65521,0,262144,262148,True
optimizer.safetensors,adam.lm_head.weight.m,13824,128,512,65536,0,65526,0,262144,262168,True
optimizer.safetensors,adam.lm_head.weight.m,13952,128,512,65536,0,65520,0,262144,262144,True
optimizer.safetensors,adam.lm_head.weight.m,14080,128,512,65536,0,65513,0,262144,262116,True
optimizer.safetensors,adam.lm_head.weight.m,14208,128,512,65536,0,65525,0,262144,262164,True
optimizer.safetensors,adam.lm_head.weight.m,14336,128,512,65536,0,65519,0,262144,262140,True
optimizer.safetensors,adam.lm_head.weight.m,14464,128,512,65536,0,65516,0,262144,262128,True
optimizer.safetensors,adam.lm_head.weight.m,14592,128,512,65536,0,65526,0,262144,262168,True
optimizer.safetensors,adam.lm_head.weight.m,14720,128,512,65536,0,65517,0,262144,262132,True
optimizer.safetensors,adam.lm_head.weight.m,14848,128,512,65536,0,65516,0,262144,262128,True
optimizer.safetensors,adam.lm_head.weight.m,14976,128,512,65536,0,65522,0,262144,262152,True
optimizer.safetensors,adam.lm_head.weight.m,15104,128,512,65536,0,65526,0,262144,262168,True
optimizer.safetensors,adam.lm_head.weight.m,15232,128,512,65536,0,65524,0,262144,262160,True
optimizer.safetensors,adam.lm_head.weight.m,15360,128,512,65536,0,65521,0,262144,262148,True
optimizer.safetensors,adam.lm_head.weight.m,15488,128,512,65536,0,65523,0,262144,262156,True
optimizer.safetensors,adam.lm_head.weight.m,15616,128,512,65536,0,65525,0,262144,262164,True
optimizer.safetensors,adam.lm_head.weight.m,15744,128,512,65536,0,65524,0,262144,262160,True
optimizer.safetensors,adam.lm_head.weight.m,15872,128,512,65536,0,65524,0,262144,262160,True
optimizer.safetensors,adam.lm_head.weight.m,16000,128,512,65536,0,65521,0,262144,262148,True
optimizer.safetensors,adam.lm_head.weight.m,16128,128,512,65536,0,65527,0,262144,262172,True
optimizer.safetensors,adam.lm_head.weight.m,16256,128,512,65536,0,65521,0,262144,262148,True
optimizer.safetensors,adam.lm_head.weight.m,16384,128,512,65536,0,65520,0,262144,262144,True
optimizer.safetensors,adam.lm_head.weight.m,16512,128,512,65536,0,65524,0,262144,262160,True
optimizer.safetensors,adam.lm_head.weight.m,16640,128,512,65536,0,65526,0,262144,262168,True
optimizer.safetensors,adam.lm_head.weight.m,16768,128,512,65536,0,65522,0,262144,262152,True
optimizer.safetensors,adam.lm_head.weight.m,16896,128,512,65536,0,65526,0,262144,262168,True
optimizer.safetensors,adam.lm_head.weight.m,17024,128,512,65536,0,65526,0,262144,262168,True
optimizer.safetensors,adam.lm_head.weight.m,17152,128,512,65536,0,65520,0,262144,262144,True
optimizer.safetensors,adam.lm_head.weight.m,17280,128,512,65536,0,65522,0,262144,262152,True
optimizer.safetensors,adam.lm_head.weight.m,17408,128,512,65536,0,65523,0,262144,262156,True
optimizer.safetensors,adam.lm_head.weight.m,17536,128,512,65536,0,65525,0,262144,262164,True
optimizer.safetensors,adam.lm_head.weight.m,17664,128,512,65536,0,65524,0,262144,262160,True
optimizer.safetensors,adam.lm_head.weight.m,17792,128,512,65536,0,65522,0,262144,262152,True
optimizer.safetensors,adam.lm_head.weight.m,17920,128,512,65536,0,65511,0,262144,262108,True
optimizer.safetensors,adam.lm_head.weight.m,18048,128,512,65536,0,65514,0,262144,262120,True
optimizer.safetensors,adam.lm_head.weight.m,18176,128,512,65536,0,65524,0,262144,262160,True
optimizer.safetensors,adam.lm_head.weight.m,18304,128,512,65536,0,65518,0,262144,262136,True
optimizer.safetensors,adam.lm_head.weight.m,18432,128,512,65536,0,65527,0,262144,262172,True
optimizer.safetensors,adam.lm_head.weight.m,18560,128,512,65536,0,65522,0,262144,262152,True
optimizer.safetensors,adam.lm_head.weight.m,18688,128,512,65536,0,65522,0,262144,262152,True
optimizer.safetensors,adam.lm_head.weight.m,18816,128,512,65536,0,65527,0,262144,262172,True
optimizer.safetensors,adam.lm_head.weight.m,18944,128,512,65536,0,65520,0,262144,262144,True
optimizer.safetensors,adam.lm_head.weight.m,19072,128,512,65536,0,65519,0,262144,262140,True
optimizer.safetensors,adam.lm_head.weight.m,19200,128,512,65536,0,65520,0,262144,262144,True
optimizer.safetensors,adam.lm_head.weight.m,19328,128,512,65536,0,65520,0,262144,262144,True
optimizer.safetensors,adam.lm_head.weight.m,19456,128,512,65536,0,65522,0,262144,262152,True
optimizer.safetensors,adam.lm_head.weight.m,19584,128,512,65536,0,65526,0,262144,262168,True
optimizer.safetensors,adam.lm_head.weight.m,19712,128,512,65536,0,65523,0,262144,262156,True
optimizer.safetensors,adam.lm_head.weight.m,19840,128,512,65536,0,65522,0,262144,262152,True
optimizer.safetensors,adam.lm_head.weight.m,19968,128,512,65536,0,65525,0,262144,262164,True
optimizer.safetensors,adam.lm_head.weight.m,20096,128,512,65536,0,65526,0,262144,262168,True
optimizer.safetensors,adam.lm_head.weight.m,20224,128,512,65536,0,65525,0,262144,262164,True
optimizer.safetensors,adam.lm_head.weight.m,20352,128,512,65536,0,65524,0,262144,262160,True
optimizer.safetensors,adam.lm_head.weight.m,20480,128,512,65536,0,65521,0,262144,262148,True
optimizer.safetensors,adam.lm_head.weight.m,20608,128,512,65536,0,65524,0,262144,262160,True
optimizer.safetensors,adam.lm_head.weight.m,20736,128,512,65536,0,65519,0,262144,262140,True
optimizer.safetensors,adam.lm_head.weight.m,20864,128,512,65536,0,65520,0,262144,262144,True
optimizer.safetensors,adam.lm_head.weight.m,20992,128,512,65536,0,65519,0,262144,262140,True
optimizer.safetensors,adam.lm_head.weight.m,21120,128,512,65536,0,65516,0,262144,262128,True
optimizer.safetensors,adam.lm_head.weight.m,21248,128,512,65536,0,65522,0,262144,262152,True
optimizer.safetensors,adam.lm_head.weight.m,21376,128,512,65536,0,65518,0,262144,262136,True
optimizer.safetensors,adam.lm_head.weight.m,21504,128,512,65536,0,65524,0,262144,262160,True
optimizer.safetensors,adam.lm_head.weight.m,21632,128,512,65536,0,65519,0,262144,262140,True
optimizer.safetensors,adam.lm_head.weight.m,21760,128,512,65536,0,65519,0,262144,262140,True
optimizer.safetensors,adam.lm_head.weight.m,21888,128,512,65536,0,65518,0,262144,262136,True
optimizer.safetensors,adam.lm_head.weight.m,22016,128,512,65536,0,65525,0,262144,262164,True
optimizer.safetensors,adam.lm_head.weight.m,22144,128,512,65536,0,65519,0,262144,262140,True
optimizer.safetensors,adam.lm_head.weight.m,22272,128,512,65536,0,65523,0,262144,262156,True
optimizer.safetensors,adam.lm_head.weight.m,22400,128,512,65536,0,65525,0,262144,262164,True
optimizer.safetensors,adam.lm_head.weight.m,22528,128,512,65536,0,65518,0,262144,262136,True
optimizer.safetensors,adam.lm_head.weight.m,22656,128,512,65536,0,65514,0,262144,262120,True
optimizer.safetensors,adam.lm_head.weight.m,22784,128,512,65536,0,65517,0,262144,262132,True
optimizer.safetensors,adam.lm_head.weight.m,22912,128,512,65536,0,65525,0,262144,262164,True
optimizer.safetensors,adam.lm_head.weight.m,23040,128,512,65536,0,65519,0,262144,262140,True
optimizer.safetensors,adam.lm_head.weight.m,23168,128,512,65536,0,65516,0,262144,262128,True
optimizer.safetensors,adam.lm_head.weight.m,23296,128,512,65536,0,65519,0,262144,262140,True
optimizer.safetensors,adam.lm_head.weight.m,23424,128,512,65536,0,65519,0,262144,262140,True
optimizer.safetensors,adam.lm_head.weight.m,23552,128,512,65536,0,65519,0,262144,262140,True
optimizer.safetensors,adam.lm_head.weight.m,23680,128,512,65536,0,65524,0,262144,262160,True
optimizer.safetensors,adam.lm_head.weight.m,23808,128,512,65536,0,65524,0,262144,262160,True
optimizer.safetensors,adam.lm_head.weight.m,23936,128,512,65536,0,65520,0,262144,262144,True
optimizer.safetensors,adam.lm_head.weight.m,24064,128,512,65536,0,65529,0,262144,262180,True
optimizer.safetensors,adam.lm_head.weight.m,24192,128,512,65536,0,65517,0,262144,262132,True
optimizer.safetensors,adam.lm_head.weight.m,24320,128,512,65536,0,65522,0,262144,262152,True
optimizer.safetensors,adam.lm_head.weight.m,24448,128,512,65536,0,65527,0,262144,262172,True
optimizer.safetensors,adam.lm_head.weight.m,24576,128,512,65536,0,65524,0,262144,262160,True
optimizer.safetensors,adam.lm_head.weight.m,24704,128,512,65536,0,65519,0,262144,262140,True
optimizer.safetensors,adam.lm_head.weight.m,24832,128,512,65536,0,65520,0,262144,262144,True
optimizer.safetensors,adam.lm_head.weight.m,24960,128,512,65536,0,65523,0,262144,262156,True
optimizer.safetensors,adam.lm_head.weight.m,25088,128,512,65536,0,65522,0,262144,262152,True
optimizer.safetensors,adam.lm_head.weight.m,25216,128,512,65536,0,65515,0,262144,262124,True
optimizer.safetensors,adam.lm_head.weight.m,25344,128,512,65536,0,65521,0,262144,262148,True
optimizer.safetensors,adam.lm_head.weight.m,25472,128,512,65536,0,65517,0,262144,262132,True
optimizer.safetensors,adam.lm_head.weight.m,25600,128,512,65536,0,65521,0,262144,262148,True
optimizer.safetensors,adam.lm_head.weight.m,25728,128,512,65536,0,65522,0,262144,262152,True
optimizer.safetensors,adam.lm_head.weight.m,25856,128,512,65536,0,65520,0,262144,262144,True
optimizer.safetensors,adam.lm_head.weight.m,25984,128,512,65536,0,65521,0,262144,262148,True
optimizer.safetensors,adam.lm_head.weight.m,26112,128,512,65536,0,65512,0,262144,262112,True
optimizer.safetensors,adam.lm_head.weight.m,26240,128,512,65536,0,65524,0,262144,262160,True
optimizer.safetensors,adam.lm_head.weight.m,26368,128,512,65536,0,65526,0,262144,262168,True
optimizer.safetensors,adam.lm_head.weight.m,26496,128,512,65536,0,65524,0,262144,262160,True
optimizer.safetensors,adam.lm_head.weight.m,26624,128,512,65536,0,65527,0,262144,262172,True
optimizer.safetensors,adam.lm_head.weight.m,26752,128,512,65536,0,65521,0,262144,262148,True
optimizer.safetensors,adam.lm_head.weight.m,26880,128,512,65536,0,65520,0,262144,262144,True
optimizer.safetensors,adam.lm_head.weight.m,27008,128,512,65536,0,65517,0,262144,262132,True
optimizer.safetensors,adam.lm_head.weight.m,27136,128,512,65536,0,65526,0,262144,262168,True
optimizer.safetensors,adam.lm_head.weight.m,27264,128,512,65536,0,65521,0,262144,262148,True
optimizer.safetensors,adam.lm_head.weight.m,27392,128,512,65536,0,65518,0,262144,262136,True
optimizer.safetensors,adam.lm_head.weight.m,27520,128,512,65536,0,65526,0,262144,262168,True
optimizer.safetensors,adam.lm_head.weight.m,27648,128,512,65536,0,65519,0,262144,262140,True
optimizer.safetensors,adam.lm_head.weight.m,27776,128,512,65536,0,65521,0,262144,262148,True
optimizer.safetensors,adam.lm_head.weight.m,27904,128,512,65536,0,65515,0,262144,262124,True
optimizer.safetensors,adam.lm_head.weight.m,28032,128,512,65536,0,65522,0,262144,262152,True
optimizer.safetensors,adam.lm_head.weight.m,28160,128,512,65536,0,65528,0,262144,262176,True
optimizer.safetensors,adam.lm_head.weight.m,28288,128,512,65536,0,65528,0,262144,262176,True
optimizer.safetensors,adam.lm_head.weight.m,28416,128,512,65536,0,65514,0,262144,262120,True
optimizer.safetensors,adam.lm_head.weight.m,28544,128,512,65536,0,65526,0,262144,262168,True
optimizer.safetensors,adam.lm_head.weight.m,28672,128,512,65536,0,65521,0,262144,262148,True
optimizer.safetensors,adam.lm_head.weight.m,28800,128,512,65536,0,65522,0,262144,262152,True
optimizer.safetensors,adam.lm_head.weight.m,28928,128,512,65536,0,65515,0,262144,262124,True
optimizer.safetensors,adam.lm_head.weight.m,29056,128,512,65536,0,65531,0,262144,262188,True
optimizer.safetensors,adam.lm_head.weight.m,29184,128,512,65536,0,65524,0,262144,262160,True
optimizer.safetensors,adam.lm_head.weight.m,29312,128,512,65536,0,65526,0,262144,262168,True
optimizer.safetensors,adam.lm_head.weight.m,29440,128,512,65536,0,65520,0,262144,262144,True
optimizer.safetensors,adam.lm_head.weight.m,29568,128,512,65536,0,65518,0,262144,262136,True
optimizer.safetensors,adam.lm_head.weight.m,29696,128,512,65536,0,65529,0,262144,262180,True
optimizer.safetensors,adam.lm_head.weight.m,29824,128,512,65536,0,65523,0,262144,262156,True
optimizer.safetensors,adam.lm_head.weight.m,29952,128,512,65536,0,65524,0,262144,262160,True
optimizer.safetensors,adam.lm_head.weight.m,30080,128,512,65536,0,65521,0,262144,262148,True
optimizer.safetensors,adam.lm_head.weight.m,30208,128,512,65536,0,65513,0,262144,262116,True
optimizer.safetensors,adam.lm_head.weight.m,30336,128,512,65536,0,65522,0,262144,262152,True
optimizer.safetensors,adam.lm_head.weight.m,30464,128,512,65536,0,65524,0,262144,262160,True
optimizer.safetensors,adam.lm_head.weight.m,30592,128,512,65536,0,65525,0,262144,262164,True
optimizer.safetensors,adam.lm_head.weight.m,30720,128,512,65536,0,65518,0,262144,262136,True
optimizer.safetensors,adam.lm_head.weight.m,30848,128,512,65536,0,65515,0,262144,262124,True
optimizer.safetensors,adam.lm_head.weight.m,30976,128,512,65536,0,65520,0,262144,262144,True
optimizer.safetensors,adam.lm_head.weight.m,31104,128,512,65536,0,65527,0,262144,262172,True
optimizer.safetensors,adam.lm_head.weight.m,31232,128,512,65536,0,65518,0,262144,262136,True
optimizer.safetensors,adam.lm_head.weight.m,31360,128,512,65536,0,65513,0,262144,262116,True
optimizer.safetensors,adam.lm_head.weight.m,31488,128,512,65536,0,65515,0,262144,262124,True
optimizer.safetensors,adam.lm_head.weight.m,31616,128,512,65536,0,65520,0,262144,262144,True
optimizer.safetensors,adam.lm_head.weight.m,31744,128,512,65536,0,65520,0,262144,262144,True
optimizer.safetensors,adam.lm_head.weight.m,31872,128,512,65536,0,65521,0,262144,262148,True
optimizer.safetensors,adam.lm_head.weight.m,32000,128,512,65536,0,65522,0,262144,262152,True
optimizer.safetensors,adam.lm_head.weight.m,32128,128,512,65536,0,65526,0,262144,262168,True
optimizer.safetensors,adam.lm_head.weight.m,32256,128,512,65536,0,65526,0,262144,262168,True
optimizer.safetensors,adam.lm_head.weight.m,32384,128,512,65536,0,65527,0,262144,262172,True
optimizer.safetensors,adam.lm_head.weight.m,32512,128,512,65536,0,65526,0,262144,262168,True
optimizer.safetensors,adam.lm_head.weight.m,32640,128,512,65536,0,65526,0,262144,262168,True
optimizer.safetensors,adam.lm_head.weight.v,0,128,512,65536,0,65501,0,262144,262068,True
optimizer.safetensors,adam.lm_head.weight.v,128,128,512,65536,0,65532,0,262144,262192,True
optimizer.safetensors,adam.lm_head.weight.v,256,128,512,65536,0,65507,0,262144,262092,True
optimizer.safetensors,adam.lm_head.weight.v,384,128,512,65536,0,65505,0,262144,262084,True
optimizer.safetensors,adam.lm_head.weight.v,512,128,512,65536,0,65503,0,262144,262076,True
optimizer.safetensors,adam.lm_head.weight.v,640,128,512,65536,0,65511,0,262144,262108,True
optimizer.safetensors,adam.lm_head.weight.v,768,128,512,65536,0,65514,0,262144,262120,True
optimizer.safetensors,adam.lm_head.weight.v,896,128,512,65536,0,65510,0,262144,262104,True
optimizer.safetensors,adam.lm_head.weight.v,1024,128,512,65536,0,65512,0,262144,262112,True
optimizer.safetensors,adam.lm_head.weight.v,1152,128,512,65536,0,65513,0,262144,262116,True
optimizer.safetensors,adam.lm_head.weight.v,1280,128,512,65536,0,65505,0,262144,262084,True
optimizer.safetensors,adam.lm_head.weight.v,1408,128,512,65536,0,65513,0,262144,262116,True
optimizer.safetensors,adam.lm_head.weight.v,1536,128,512,65536,0,65510,0,262144,262104,True
optimizer.safetensors,adam.lm_head.weight.v,1664,128,512,65536,0,65516,0,262144,262128,True
optimizer.safetensors,adam.lm_head.weight.v,1792,128,512,65536,0,65513,0,262144,262116,True
optimizer.safetensors,adam.lm_head.weight.v,1920,128,512,65536,0,65513,0,262144,262116,True
optimizer.safetensors,adam.lm_head.weight.v,2048,128,512,65536,0,65503,0,262144,262076,True
optimizer.safetensors,adam.lm_head.weight.v,2176,128,512,65536,0,65514,0,262144,262120,True
optimizer.safetensors,adam.lm_head.weight.v,2304,128,512,65536,0,65499,0,262144,262060,True
optimizer.safetensors,adam.lm_head.weight.v,2432,128,512,65536,0,65506,0,262144,262088,True
optimizer.safetensors,adam.lm_head.weight.v,2560,128,512,65536,0,65508,0,262144,262096,True
optimizer.safetensors,adam.lm_head.weight.v,2688,128,512,65536,0,65512,0,262144,262112,True
optimizer.safetensors,adam.lm_head.weight.v,2816,128,512,65536,0,65515,0,262144,262124,True
optimizer.safetensors,adam.lm_head.weight.v,2944,128,512,65536,0,65518,0,262144,262136,True
optimizer.safetensors,adam.lm_head.weight.v,3072,128,512,65536,0,65485,0,262144,262004,True
optimizer.safetensors,adam.lm_head.weight.v,3200,128,512,65536,0,65498,0,262144,262056,True
optimizer.safetensors,adam.lm_head.weight.v,3328,128,512,65536,0,65502,0,262144,262072,True
optimizer.safetensors,adam.lm_head.weight.v,3456,128,512,65536,0,65495,0,262144,262044,True
optimizer.safetensors,adam.lm_head.weight.v,3584,128,512,65536,0,65506,0,262144,262088,True
optimizer.safetensors,adam.lm_head.weight.v,3712,128,512,65536,0,65512,0,262144,262112,True
optimizer.safetensors,adam.lm_head.weight.v,3840,128,512,65536,0,65506,0,262144,262088,True
optimizer.safetensors,adam.lm_head.weight.v,3968,128,512,65536,0,65501,0,262144,262068,True
optimizer.safetensors,adam.lm_head.weight.v,4096,128,512,65536,0,65508,0,262144,262096,True
optimizer.safetensors,adam.lm_head.weight.v,4224,128,512,65536,0,65497,0,262144,262052,True
optimizer.safetensors,adam.lm_head.weight.v,4352,128,512,65536,0,65493,0,262144,262036,True
optimizer.safetensors,adam.lm_head.weight.v,4480,128,512,65536,0,65507,0,262144,262092,True
optimizer.safetensors,adam.lm_head.weight.v,4608,128,512,65536,0,65507,0,262144,262092,True
optimizer.safetensors,adam.lm_head.weight.v,4736,128,512,65536,0,65490,0,262144,262024,True
optimizer.safetensors,adam.lm_head.weight.v,4864,128,512,65536,0,65504,0,262144,262080,True
optimizer.safetensors,adam.lm_head.weight.v,4992,128,512,65536,0,65510,0,262144,262104,True
optimizer.safetensors,adam.lm_head.weight.v,5120,128,512,65536,0,65497,0,262144,262052,True
optimizer.safetensors,adam.lm_head.weight.v,5248,128,512,65536,0,65503,0,262144,262076,True
optimizer.safetensors,adam.lm_head.weight.v,5376,128,512,65536,0,65495,0,262144,262044,True
optimizer.safetensors,adam.lm_head.weight.v,5504,128,512,65536,0,65511,0,262144,262108,True
optimizer.safetensors,adam.lm_head.weight.v,5632,128,512,65536,0,65503,0,262144,262076,True
optimizer.safetensors,adam.lm_head.weight.v,5760,128,512,65536,0,65503,0,262144,262076,True
optimizer.safetensors,adam.lm_head.weight.v,5888,128,512,65536,0,65505,0,262144,262084,True
optimizer.safetensors,adam.lm_head.weight.v,6016,128,512,65536,0,65505,0,262144,262084,True
optimizer.safetensors,adam.lm_head.weight.v,6144,128,512,65536,0,65498,0,262144,262056,True
optimizer.safetensors,adam.lm_head.weight.v,6272,128,512,65536,0,65501,0,262144,262068,True
optimizer.safetensors,adam.lm_head.weight.v,6400,128,512,65536,0,65505,0,262144,262084,True
optimizer.safetensors,adam.lm_head.weight.v,6528,128,512,65536,0,65507,0,262144,262092,True
optimizer.safetensors,adam.lm_head.weight.v,6656,128,512,65536,0,65517,0,262144,262132,True
optimizer.safetensors,adam.lm_head.weight.v,6784,128,512,65536,0,65498,0,262144,262056,True
optimizer.safetensors,adam.lm_head.weight.v,6912,128,512,65536,0,65498,0,262144,262056,True
optimizer.safetensors,adam.lm_head.weight.v,7040,128,512,65536,0,65506,0,262144,262088,True
optimizer.safetensors,adam.lm_head.weight.v,7168,128,512,65536,0,65513,0,262144,262116,True
optimizer.safetensors,adam.lm_head.weight.v,7296,128,512,65536,0,65508,0,262144,262096,True
optimizer.safetensors,adam.lm_head.weight.v,7424,128,512,65536,0,65498,0,262144,262056,True
optimizer.safetensors,adam.lm_head.weight.v,7552,128,512,65536,0,65502,0,262144,262072,True
optimizer.safetensors,adam.lm_head.weight.v,7680,128,512,65536,0,65508,0,262144,262096,True
optimizer.safetensors,adam.lm_head.weight.v,7808,128,512,65536,0,65505,0,262144,262084,True
optimizer.safetensors,adam.lm_head.weight.v,7936,128,512,65536,0,65505,0,262144,262084,True
optimizer.safetensors,adam.lm_head.weight.v,8064,128,512,65536,0,65510,0,262144,262104,True
optimizer.safetensors,adam.lm_head.weight.v,8192,128,512,65536,0,65512,0,262144,262112,True
optimizer.safetensors,adam.lm_head.weight.v,8320,128,512,65536,0,65502,0,262144,262072,True
optimizer.safetensors,adam.lm_head.weight.v,8448,128,512,65536,0,65510,0,262144,262104,True
optimizer.safetensors,adam.lm_head.weight.v,8576,128,512,65536,0,65510,0,262144,262104,True
optimizer.safetensors,adam.lm_head.weight.v,8704,128,512,65536,0,65508,0,262144,262096,True
optimizer.safetensors,adam.lm_head.weight.v,8832,128,512,65536,0,65509,0,262144,262100,True
optimizer.safetensors,adam.lm_head.weight.v,8960,128,512,65536,0,65499,0,262144,262060,True
optimizer.safetensors,adam.lm_head.weight.v,9088,128,512,65536,0,65507,0,262144,262092,True
optimizer.safetensors,adam.lm_head.weight.v,9216,128,512,65536,0,65502,0,262144,262072,True
optimizer.safetensors,adam.lm_head.weight.v,9344,128,512,65536,0,65496,0,262144,262048,True
optimizer.safetensors,adam.lm_head.weight.v,9472,128,512,65536,0,65506,0,262144,262088,True
optimizer.safetensors,adam.lm_head.weight.v,9600,128,512,65536,0,65508,0,262144,262096,True
optimizer.safetensors,adam.lm_head.weight.v,9728,128,512,65536,0,65505,0,262144,262084,True
optimizer.safetensors,adam.lm_head.weight.v,9856,128,512,65536,0,65494,0,262144,262040,True
optimizer.safetensors,adam.lm_head.weight.v,9984,128,512,65536,0,65507,0,262144,262092,True
optimizer.safetensors,adam.lm_head.weight.v,10112,128,512,65536,0,65508,0,262144,262096,True
optimizer.safetensors,adam.lm_head.weight.v,10240,128,512,65536,0,65508,0,262144,262096,True
optimizer.safetensors,adam.lm_head.weight.v,10368,128,512,65536,0,65512,0,262144,262112,True
optimizer.safetensors,adam.lm_head.weight.v,10496,128,512,65536,0,65504,0,262144,262080,True
optimizer.safetensors,adam.lm_head.weight.v,10624,128,512,65536,0,65512,0,262144,262112,True
optimizer.safetensors,adam.lm_head.weight.v,10752,128,512,65536,0,65499,0,262144,262060,True
optimizer.safetensors,adam.lm_head.weight.v,10880,128,512,65536,0,65502,0,262144,262072,True
optimizer.safetensors,adam.lm_head.weight.v,11008,128,512,65536,0,65492,0,262144,262032,True
optimizer.safetensors,adam.lm_head.weight.v,11136,128,512,65536,0,65500,0,262144,262064,True
optimizer.safetensors,adam.lm_head.weight.v,11264,128,512,65536,0,65506,0,262144,262088,True
optimizer.safetensors,adam.lm_head.weight.v,11392,128,512,65536,0,65501,0,262144,262068,True
optimizer.safetensors,adam.lm_head.weight.v,11520,128,512,65536,0,65509,0,262144,262100,True
optimizer.safetensors,adam.lm_head.weight.v,11648,128,512,65536,0,65513,0,262144,262116,True
optimizer.safetensors,adam.lm_head.weight.v,11776,128,512,65536,0,65512,0,262144,262112,True
optimizer.safetensors,adam.lm_head.weight.v,11904,128,512,65536,0,65516,0,262144,262128,True
optimizer.safetensors,adam.lm_head.weight.v,12032,128,512,65536,0,65507,0,262144,262092,True
optimizer.safetensors,adam.lm_head.weight.v,12160,128,512,65536,0,65512,0,262144,262112,True
optimizer.safetensors,adam.lm_head.weight.v,12288,128,512,65536,0,65518,0,262144,262136,True
optimizer.safetensors,adam.lm_head.weight.v,12416,128,512,65536,0,65500,0,262144,262064,True
optimizer.safetensors,adam.lm_head.weight.v,12544,128,512,65536,0,65518,0,262144,262136,True
optimizer.safetensors,adam.lm_head.weight.v,12672,128,512,65536,0,65507,0,262144,262092,True
optimizer.safetensors,adam.lm_head.weight.v,12800,128,512,65536,0,65513,0,262144,262116,True
optimizer.safetensors,adam.lm_head.weight.v,12928,128,512,65536,0,65506,0,262144,262088,True
optimizer.safetensors,adam.lm_head.weight.v,13056,128,512,65536,0,65517,0,262144,262132,True
optimizer.safetensors,adam.lm_head.weight.v,13184,128,512,65536,0,65510,0,262144,262104,True
optimizer.safetensors,adam.lm_head.weight.v,13312,128,512,65536,0,65511,0,262144,262108,True
optimizer.safetensors,adam.lm_head.weight.v,13440,128,512,65536,0,65511,0,262144,262108,True
optimizer.safetensors,adam.lm_head.weight.v,13568,128,512,65536,0,65509,0,262144,262100,True
optimizer.safetensors,adam.lm_head.weight.v,13696,128,512,65536,0,65514,0,262144,262120,True
optimizer.safetensors,adam.lm_head.weight.v,13824,128,512,65536,0,65501,0,262144,262068,True
optimizer.safetensors,adam.lm_head.weight.v,13952,128,512,65536,0,65512,0,262144,262112,True
optimizer.safetensors,adam.lm_head.weight.v,14080,128,512,65536,0,65507,0,262144,262092,True
optimizer.safetensors,adam.lm_head.weight.v,14208,128,512,65536,0,65496,0,262144,262048,True
optimizer.safetensors,adam.lm_head.weight.v,14336,128,512,65536,0,65506,0,262144,262088,True
optimizer.safetensors,adam.lm_head.weight.v,14464,128,512,65536,0,65511,0,262144,262108,True
optimizer.safetensors,adam.lm_head.weight.v,14592,128,512,65536,0,65509,0,262144,262100,True
optimizer.safetensors,adam.lm_head.weight.v,14720,128,512,65536,0,65505,0,262144,262084,True
optimizer.safetensors,adam.lm_head.weight.v,14848,128,512,65536,0,65501,0,262144,262068,True
optimizer.safetensors,adam.lm_head.weight.v,14976,128,512,65536,0,65513,0,262144,262116,True
optimizer.safetensors,adam.lm_head.weight.v,15104,128,512,65536,0,65513,0,262144,262116,True
optimizer.safetensors,adam.lm_head.weight.v,15232,128,512,65536,0,65518,0,262144,262136,True
optimizer.safetensors,adam.lm_head.weight.v,15360,128,512,65536,0,65505,0,262144,262084,True
optimizer.safetensors,adam.lm_head.weight.v,15488,128,512,65536,0,65514,0,262144,262120,True
optimizer.safetensors,adam.lm_head.weight.v,15616,128,512,65536,0,65516,0,262144,262128,True
optimizer.safetensors,adam.lm_head.weight.v,15744,128,512,65536,0,65511,0,262144,262108,True
optimizer.safetensors,adam.lm_head.weight.v,15872,128,512,65536,0,65505,0,262144,262084,True
optimizer.safetensors,adam.lm_head.weight.v,16000,128,512,65536,0,65515,0,262144,262124,True
optimizer.safetensors,adam.lm_head.weight.v,16128,128,512,65536,0,65517,0,262144,262132,True
optimizer.safetensors,adam.lm_head.weight.v,16256,128,512,65536,0,65506,0,262144,262088,True
optimizer.safetensors,adam.lm_head.weight.v,16384,128,512,65536,0,65515,0,262144,262124,True
optimizer.safetensors,adam.lm_head.weight.v,16512,128,512,65536,0,65515,0,262144,262124,True
optimizer.safetensors,adam.lm_head.weight.v,16640,128,512,65536,0,65513,0,262144,262116,True
optimizer.safetensors,adam.lm_head.weight.v,16768,128,512,65536,0,65512,0,262144,262112,True
optimizer.safetensors,adam.lm_head.weight.v,16896,128,512,65536,0,65508,0,262144,262096,True
optimizer.safetensors,adam.lm_head.weight.v,17024,128,512,65536,0,65508,0,262144,262096,True
optimizer.safetensors,adam.lm_head.weight.v,17152,128,512,65536,0,65505,0,262144,262084,True
optimizer.safetensors,adam.lm_head.weight.v,17280,128,512,65536,0,65519,0,262144,262140,True
optimizer.safetensors,adam.lm_head.weight.v,17408,128,512,65536,0,65502,0,262144,262072,True
optimizer.safetensors,adam.lm_head.weight.v,17536,128,512,65536,0,65516,0,262144,262128,True
optimizer.safetensors,adam.lm_head.weight.v,17664,128,512,65536,0,65519,0,262144,262140,True
optimizer.safetensors,adam.lm_head.weight.v,17792,128,512,65536,0,65517,0,262144,262132,True
optimizer.safetensors,adam.lm_head.weight.v,17920,128,512,65536,0,65504,0,262144,262080,True
optimizer.safetensors,adam.lm_head.weight.v,18048,128,512,65536,0,65510,0,262144,262104,True
optimizer.safetensors,adam.lm_head.weight.v,18176,128,512,65536,0,65512,0,262144,262112,True
optimizer.safetensors,adam.lm_head.weight.v,18304,128,512,65536,0,65514,0,262144,262120,True
optimizer.safetensors,adam.lm_head.weight.v,18432,128,512,65536,0,65505,0,262144,262084,True
optimizer.safetensors,adam.lm_head.weight.v,18560,128,512,65536,0,65507,0,262144,262092,True
optimizer.safetensors,adam.lm_head.weight.v,18688,128,512,65536,0,65509,0,262144,262100,True
optimizer.safetensors,adam.lm_head.weight.v,18816,128,512,65536,0,65509,0,262144,262100,True
optimizer.safetensors,adam.lm_head.weight.v,18944,128,512,65536,0,65508,0,262144,262096,True
optimizer.safetensors,adam.lm_head.weight.v,19072,128,512,65536,0,65504,0,262144,262080,True
optimizer.safetensors,adam.lm_head.weight.v,19200,128,512,65536,0,65508,0,262144,262096,True
optimizer.safetensors,adam.lm_head.weight.v,19328,128,512,65536,0,65512,0,262144,262112,True
optimizer.safetensors,adam.lm_head.weight.v,19456,128,512,65536,0,65509,0,262144,262100,True
optimizer.safetensors,adam.lm_head.weight.v,19584,128,512,65536,0,65519,0,262144,262140,True
optimizer.safetensors,adam.lm_head.weight.v,19712,128,512,65536,0,65513,0,262144,262116,True
optimizer.safetensors,adam.lm_head.weight.v,19840,128,512,65536,0,65509,0,262144,262100,True
optimizer.safetensors,adam.lm_head.weight.v,19968,128,512,65536,0,65503,0,262144,262076,True
optimizer.safetensors,adam.lm_head.weight.v,20096,128,512,65536,0,65505,0,262144,262084,True
optimizer.safetensors,adam.lm_head.weight.v,20224,128,512,65536,0,65515,0,262144,262124,True
optimizer.safetensors,adam.lm_head.weight.v,20352,128,512,65536,0,65523,0,262144,262156,True
optimizer.safetensors,adam.lm_head.weight.v,20480,128,512,65536,0,65518,0,262144,262136,True
optimizer.safetensors,adam.lm_head.weight.v,20608,128,512,65536,0,65516,0,262144,262128,True
optimizer.safetensors,adam.lm_head.weight.v,20736,128,512,65536,0,65515,0,262144,262124,True
optimizer.safetensors,adam.lm_head.weight.v,20864,128,512,65536,0,65509,0,262144,262100,True
optimizer.safetensors,adam.lm_head.weight.v,20992,128,512,65536,0,65513,0,262144,262116,True
optimizer.safetensors,adam.lm_head.weight.v,21120,128,512,65536,0,65517,0,262144,262132,True
optimizer.safetensors,adam.lm_head.weight.v,21248,128,512,65536,0,65523,0,262144,262156,True
optimizer.safetensors,adam.lm_head.weight.v,21376,128,512,65536,0,65521,0,262144,262148,True
optimizer.safetensors,adam.lm_head.weight.v,21504,128,512,65536,0,65514,0,262144,262120,True
optimizer.safetensors,adam.lm_head.weight.v,21632,128,512,65536,0,65514,0,262144,262120,True
optimizer.safetensors,adam.lm_head.weight.v,21760,128,512,65536,0,65520,0,262144,262144,True
optimizer.safetensors,adam.lm_head.weight.v,21888,128,512,65536,0,65512,0,262144,262112,True
optimizer.safetensors,adam.lm_head.weight.v,22016,128,512,65536,0,65515,0,262144,262124,True
optimizer.safetensors,adam.lm_head.weight.v,22144,128,512,65536,0,65513,0,262144,262116,True
optimizer.safetensors,adam.lm_head.weight.v,22272,128,512,65536,0,65514,0,262144,262120,True
optimizer.safetensors,adam.lm_head.weight.v,22400,128,512,65536,0,65520,0,262144,262144,True
optimizer.safetensors,adam.lm_head.weight.v,22528,128,512,65536,0,65515,0,262144,262124,True
optimizer.safetensors,adam.lm_head.weight.v,22656,128,512,65536,0,65519,0,262144,262140,True
optimizer.safetensors,adam.lm_head.weight.v,22784,128,512,65536,0,65520,0,262144,262144,True
optimizer.safetensors,adam.lm_head.weight.v,22912,128,512,65536,0,65509,0,262144,262100,True
optimizer.safetensors,adam.lm_head.weight.v,23040,128,512,65536,0,65514,0,262144,262120,True
optimizer.safetensors,adam.lm_head.weight.v,23168,128,512,65536,0,65521,0,262144,262148,True
optimizer.safetensors,adam.lm_head.weight.v,23296,128,512,65536,0,65520,0,262144,262144,True
optimizer.safetensors,adam.lm_head.weight.v,23424,128,512,65536,0,65524,0,262144,262160,True
optimizer.safetensors,adam.lm_head.weight.v,23552,128,512,65536,0,65519,0,262144,262140,True
optimizer.safetensors,adam.lm_head.weight.v,23680,128,512,65536,0,65515,0,262144,262124,True
optimizer.safetensors,adam.lm_head.weight.v,23808,128,512,65536,0,65517,0,262144,262132,True
optimizer.safetensors,adam.lm_head.weight.v,23936,128,512,65536,0,65512,0,262144,262112,True
optimizer.safetensors,adam.lm_head.weight.v,24064,128,512,65536,0,65518,0,262144,262136,True
optimizer.safetensors,adam.lm_head.weight.v,24192,128,512,65536,0,65518,0,262144,262136,True
optimizer.safetensors,adam.lm_head.weight.v,24320,128,512,65536,0,65499,0,262144,262060,True
optimizer.safetensors,adam.lm_head.weight.v,24448,128,512,65536,0,65515,0,262144,262124,True
optimizer.safetensors,adam.lm_head.weight.v,24576,128,512,65536,0,65509,0,262144,262100,True
optimizer.safetensors,adam.lm_head.weight.v,24704,128,512,65536,0,65517,0,262144,262132,True
optimizer.safetensors,adam.lm_head.weight.v,24832,128,512,65536,0,65522,0,262144,262152,True
optimizer.safetensors,adam.lm_head.weight.v,24960,128,512,65536,0,65516,0,262144,262128,True
optimizer.safetensors,adam.lm_head.weight.v,25088,128,512,65536,0,65517,0,262144,262132,True
optimizer.safetensors,adam.lm_head.weight.v,25216,128,512,65536,0,65523,0,262144,262156,True
optimizer.safetensors,adam.lm_head.weight.v,25344,128,512,65536,0,65514,0,262144,262120,True
optimizer.safetensors,adam.lm_head.weight.v,25472,128,512,65536,0,65503,0,262144,262076,True
optimizer.safetensors,adam.lm_head.weight.v,25600,128,512,65536,0,65511,0,262144,262108,True
optimizer.safetensors,adam.lm_head.weight.v,25728,128,512,65536,0,65514,0,262144,262120,True
optimizer.safetensors,adam.lm_head.weight.v,25856,128,512,65536,0,65510,0,262144,262104,True
optimizer.safetensors,adam.lm_head.weight.v,25984,128,512,65536,0,65525,0,262144,262164,True
optimizer.safetensors,adam.lm_head.weight.v,26112,128,512,65536,0,65516,0,262144,262128,True
optimizer.safetensors,adam.lm_head.weight.v,26240,128,512,65536,0,65525,0,262144,262164,True
optimizer.safetensors,adam.lm_head.weight.v,26368,128,512,65536,0,65509,0,262144,262100,True
optimizer.safetensors,adam.lm_head.weight.v,26496,128,512,65536,0,65516,0,262144,262128,True
optimizer.safetensors,adam.lm_head.weight.v,26624,128,512,65536,0,65519,0,262144,262140,True
optimizer.safetensors,adam.lm_head.weight.v,26752,128,512,65536,0,65517,0,262144,262132,True
optimizer.safetensors,adam.lm_head.weight.v,26880,128,512,65536,0,65525,0,262144,262164,True
optimizer.safetensors,adam.lm_head.weight.v,27008,128,512,65536,0,65518,0,262144,262136,True
optimizer.safetensors,adam.lm_head.weight.v,27136,128,512,65536,0,65518,0,262144,262136,True
optimizer.safetensors,adam.lm_head.weight.v,27264,128,512,65536,0,65516,0,262144,262128,True
optimizer.safetensors,adam.lm_head.weight.v,27392,128,512,65536,0,65516,0,262144,262128,True
optimizer.safetensors,adam.lm_head.weight.v,27520,128,512,65536,0,65512,0,262144,262112,True
optimizer.safetensors,adam.lm_head.weight.v,27648,128,512,65536,0,65527,0,262144,262172,True
optimizer.safetensors,adam.lm_head.weight.v,27776,128,512,65536,0,65523,0,262144,262156,True
optimizer.safetensors,adam.lm_head.weight.v,27904,128,512,65536,0,65517,0,262144,262132,True
optimizer.safetensors,adam.lm_head.weight.v,28032,128,512,65536,0,65518,0,262144,262136,True
optimizer.safetensors,adam.lm_head.weight.v,28160,128,512,65536,0,65520,0,262144,262144,True
optimizer.safetensors,adam.lm_head.weight.v,28288,128,512,65536,0,65512,0,262144,262112,True
optimizer.safetensors,adam.lm_head.weight.v,28416,128,512,65536,0,65520,0,262144,262144,True
optimizer.safetensors,adam.lm_head.weight.v,28544,128,512,65536,0,65516,0,262144,262128,True
optimizer.safetensors,adam.lm_head.weight.v,28672,128,512,65536,0,65516,0,262144,262128,True
optimizer.safetensors,adam.lm_head.weight.v,28800,128,512,65536,0,65522,0,262144,262152,True
optimizer.safetensors,adam.lm_head.weight.v,28928,128,512,65536,0,65514,0,262144,262120,True
optimizer.safetensors,adam.lm_head.weight.v,29056,128,512,65536,0,65519,0,262144,262140,True
optimizer.safetensors,adam.lm_head.weight.v,29184,128,512,65536,0,65521,0,262144,262148,True
optimizer.safetensors,adam.lm_head.weight.v,29312,128,512,65536,0,65521,0,262144,262148,True
optimizer.safetensors,adam.lm_head.weight.v,29440,128,512,65536,0,65519,0,262144,262140,True
optimizer.safetensors,adam.lm_head.weight.v,29568,128,512,65536,0,65525,0,262144,262164,True
optimizer.safetensors,adam.lm_head.weight.v,29696,128,512,65536,0,65521,0,262144,262148,True
optimizer.safetensors,adam.lm_head.weight.v,29824,128,512,65536,0,65523,0,262144,262156,True
optimizer.safetensors,adam.lm_head.weight.v,29952,128,512,65536,0,65514,0,262144,262120,True
optimizer.safetensors,adam.lm_head.weight.v,30080,128,512,65536,0,65526,0,262144,262168,True
optimizer.safetensors,adam.lm_head.weight.v,30208,128,512,65536,0,65517,0,262144,262132,True
optimizer.safetensors,adam.lm_head.weight.v,30336,128,512,65536,0,65518,0,262144,262136,True
optimizer.safetensors,adam.lm_head.weight.v,30464,128,512,65536,0,65517,0,262144,262132,True
optimizer.safetensors,adam.lm_head.weight.v,30592,128,512,65536,0,65528,0,262144,262176,True
optimizer.safetensors,adam.lm_head.weight.v,30720,128,512,65536,0,65519,0,262144,262140,True
optimizer.safetensors,adam.lm_head.weight.v,30848,128,512,65536,0,65516,0,262144,262128,True
optimizer.safetensors,adam.lm_head.weight.v,30976,128,512,65536,0,65513,0,262144,262116,True
optimizer.safetensors,adam.lm_head.weight.v,31104,128,512,65536,0,65522,0,262144,262152,True
optimizer.safetensors,adam.lm_head.weight.v,31232,128,512,65536,0,65520,0,262144,262144,True
optimizer.safetensors,adam.lm_head.weight.v,31360,128,512,65536,0,65526,0,262144,262168,True
optimizer.safetensors,adam.lm_head.weight.v,31488,128,512,65536,0,65518,0,262144,262136,True
optimizer.safetensors,adam.lm_head.weight.v,31616,128,512,65536,0,65525,0,262144,262164,True
optimizer.safetensors,adam.lm_head.weight.v,31744,128,512,65536,0,65526,0,262144,262168,True
optimizer.safetensors,adam.lm_head.weight.v,31872,128,512,65536,0,65523,0,262144,262156,True
optimizer.safetensors,adam.lm_head.weight.v,32000,128,512,65536,0,65521,0,262144,262148,True
optimizer.safetensors,adam.lm_head.weight.v,32128,128,512,65536,0,65520,0,262144,262144,True
optimizer.safetensors,adam.lm_head.weight.v,32256,128,512,65536,0,65523,0,262144,262156,True
optimizer.safetensors,adam.lm_head.weight.v,32384,128,512,65536,0,65522,0,262144,262152,True
optimizer.safetensors,adam.lm_head.weight.v,32512,128,512,65536,0,65515,0,262144,262124,True
optimizer.safetensors,adam.lm_head.weight.v,32640,128,512,65536,0,65520,0,262144,262144,True
optimizer.safetensors,adam.value_embeds.1.weight.m,0,128,512,65536,16896,48636,0,262144,194608,False
optimizer.safetensors,adam.value_embeds.1.weight.m,128,128,512,65536,14467,51063,0,262144,204316,False
optimizer.safetensors,adam.value_embeds.1.weight.m,256,128,512,65536,0,65520,0,262144,262144,True
optimizer.safetensors,adam.value_embeds.1.weight.m,384,128,512,65536,0,65527,0,262144,262172,True
optimizer.safetensors,adam.value_embeds.1.weight.m,512,128,512,65536,0,65521,0,262144,262148,True
optimizer.safetensors,adam.value_embeds.1.weight.m,640,128,512,65536,1024,64507,0,262144,258092,True
optimizer.safetensors,adam.value_embeds.1.weight.m,768,128,512,65536,512,65013,0,262144,260116,True
optimizer.safetensors,adam.value_embeds.1.weight.m,896,128,512,65536,1024,64506,0,262144,258088,True
optimizer.safetensors,adam.value_embeds.1.weight.m,1024,128,512,65536,0,65527,0,262144,262172,True
optimizer.safetensors,adam.value_embeds.1.weight.m,1152,128,512,65536,512,65016,0,262144,260128,True
optimizer.safetensors,adam.value_embeds.1.weight.m,1280,128,512,65536,0,65524,0,262144,262160,True
optimizer.safetensors,adam.value_embeds.1.weight.m,1408,128,512,65536,1703,63820,0,262144,255344,True
optimizer.safetensors,adam.value_embeds.1.weight.m,1536,128,512,65536,994,64527,0,262144,258172,True
optimizer.safetensors,adam.value_embeds.1.weight.m,1664,128,512,65536,1536,63992,0,262144,256032,True
optimizer.safetensors,adam.value_embeds.1.weight.m,1792,128,512,65536,1648,63876,0,262144,255568,True
optimizer.safetensors,adam.value_embeds.1.weight.m,1920,128,512,65536,1536,63994,0,262144,256040,True
optimizer.safetensors,adam.value_embeds.1.weight.m,2048,128,512,65536,1024,64506,0,262144,258088,True
optimizer.safetensors,adam.value_embeds.1.weight.m,2176,128,512,65536,1305,64221,0,262144,256948,True
optimizer.safetensors,adam.value_embeds.1.weight.m,2304,128,512,65536,2046,63478,0,262144,253976,True
optimizer.safetensors,adam.value_embeds.1.weight.m,2432,128,512,65536,1024,64500,0,262144,258064,True
optimizer.safetensors,adam.value_embeds.1.weight.m,2560,128,512,65536,2560,62968,0,262144,251936,True
optimizer.safetensors,adam.value_embeds.1.weight.m,2688,128,512,65536,1024,64501,0,262144,258068,True
optimizer.safetensors,adam.value_embeds.1.weight.m,2816,128,512,65536,2048,63479,0,262144,253980,True
optimizer.safetensors,adam.value_embeds.1.weight.m,2944,128,512,65536,1537,63987,0,262144,256012,True
optimizer.safetensors,adam.value_embeds.1.weight.m,3072,128,512,65536,512,65016,0,262144,260128,True
optimizer.safetensors,adam.value_embeds.1.weight.m,3200,128,512,65536,1536,63990,0,262144,256024,True
optimizer.safetensors,adam.value_embeds.1.weight.m,3328,128,512,65536,2560,62962,0,262144,251912,True
optimizer.safetensors,adam.value_embeds.1.weight.m,3456,128,512,65536,1536,63990,0,262144,256024,True
optimizer.safetensors,adam.value_embeds.1.weight.m,3584,128,512,65536,512,65015,0,262144,260124,True
optimizer.safetensors,adam.value_embeds.1.weight.m,3712,128,512,65536,1665,63853,0,262144,255476,True
optimizer.safetensors,adam.value_embeds.1.weight.m,3840,128,512,65536,1024,64501,0,262144,258068,True
optimizer.safetensors,adam.value_embeds.1.weight.m,3968,128,512,65536,1536,63996,0,262144,256048,True
optimizer.safetensors,adam.value_embeds.1.weight.m,4096,128,512,65536,512,65006,0,262144,260088,True
optimizer.safetensors,adam.value_embeds.1.weight.m,4224,128,512,65536,512,65011,0,262144,260108,True
optimizer.safetensors,adam.value_embeds.1.weight.m,4352,128,512,65536,643,64880,0,262144,259584,True
optimizer.safetensors,adam.value_embeds.1.weight.m,4480,128,512,65536,2048,63480,0,262144,253984,True
optimizer.safetensors,adam.value_embeds.1.weight.m,4608,128,512,65536,565,64955,0,262144,259884,True
optimizer.safetensors,adam.value_embeds.1.weight.m,4736,128,512,65536,1024,64495,0,262144,258044,True
optimizer.safetensors,adam.value_embeds.1.weight.m,4864,128,512,65536,1536,63992,0,262144,256032,True
optimizer.safetensors,adam.value_embeds.1.weight.m,4992,128,512,65536,2560,62962,0,262144,251912,True
optimizer.safetensors,adam.value_embeds.1.weight.m,5120,128,512,65536,2048,63474,0,262144,253960,True
optimizer.safetensors,adam.value_embeds.1.weight.m,5248,128,512,65536,1536,63989,0,262144,256020,True
optimizer.safetensors,adam.value_embeds.1.weight.m,5376,128,512,65536,1543,63977,0,262144,255972,True
optimizer.safetensors,adam.value_embeds.1.weight.m,5504,128,512,65536,2730,62799,0,262144,251260,True
optimizer.safetensors,adam.value_embeds.1.weight.m,5632,128,512,65536,2132,63396,0,262144,253648,True
optimizer.safetensors,adam.value_embeds.1.weight.m,5760,128,512,65536,2048,63479,0,262144,253980,True
optimizer.safetensors,adam.value_embeds.1.weight.m,5888,128,512,65536,0,65527,0,262144,262172,True
optimizer.safetensors,adam.value_embeds.1.weight.m,6016,128,512,65536,0,65528,0,262144,262176,True
optimizer.safetensors,adam.value_embeds.1.weight.m,6144,128,512,65536,1536,63993,0,262144,256036,True
optimizer.safetensors,adam.value_embeds.1.weight.m,6272,128,512,65536,1024,64509,0,262144,258100,True
optimizer.safetensors,adam.value_embeds.1.weight.m,6400,128,512,65536,2560,62960,0,262144,251904,True
optimizer.safetensors,adam.value_embeds.1.weight.m,6528,128,512,65536,2048,63470,0,262144,253944,True
optimizer.safetensors,adam.value_embeds.1.weight.m,6656,128,512,65536,2818,62706,0,262144,250888,True
optimizer.safetensors,adam.value_embeds.1.weight.m,6784,128,512,65536,2560,62970,0,262144,251944,True
optimizer.safetensors,adam.value_embeds.1.weight.m,6912,128,512,65536,1024,64508,0,262144,258096,True
optimizer.safetensors,adam.value_embeds.1.weight.m,7040,128,512,65536,1024,64495,0,262144,258044,True
optimizer.safetensors,adam.value_embeds.1.weight.m,7168,128,512,65536,2048,63478,0,262144,253976,True
optimizer.safetensors,adam.value_embeds.1.weight.m,7296,128,512,65536,1051,64471,0,262144,257948,True
optimizer.safetensors,adam.value_embeds.1.weight.m,7424,128,512,65536,1540,63987,0,262144,256012,True
optimizer.safetensors,adam.value_embeds.1.weight.m,7552,128,512,65536,1536,63984,0,262144,256000,True
optimizer.safetensors,adam.value_embeds.1.weight.m,7680,128,512,65536,1024,64506,0,262144,258088,True
optimizer.safetensors,adam.value_embeds.1.weight.m,7808,128,512,65536,2048,63477,0,262144,253972,True
optimizer.safetensors,adam.value_embeds.1.weight.m,7936,128,512,65536,1024,64494,0,262144,258040,True
optimizer.safetensors,adam.value_embeds.1.weight.m,8064,128,512,65536,1024,64499,0,262144,258060,True
optimizer.safetensors,adam.value_embeds.1.weight.m,8192,128,512,65536,1536,63987,0,262144,256012,True
optimizer.safetensors,adam.value_embeds.1.weight.m,8320,128,512,65536,1536,63982,0,262144,255992,True
optimizer.safetensors,adam.value_embeds.1.weight.m,8448,128,512,65536,2048,63479,0,262144,253980,True
optimizer.safetensors,adam.value_embeds.1.weight.m,8576,128,512,65536,2048,63479,0,262144,253980,True
optimizer.safetensors,adam.value_embeds.1.weight.m,8704,128,512,65536,3072,62453,0,262144,249876,True
optimizer.safetensors,adam.value_embeds.1.weight.m,8832,128,512,65536,2540,62984,0,262144,252000,True
optimizer.safetensors,adam.value_embeds.1.weight.m,8960,128,512,65536,2560,62964,0,262144,251920,True
optimizer.safetensors,adam.value_embeds.1.weight.m,9088,128,512,65536,1533,63995,0,262144,256044,True
optimizer.safetensors,adam.value_embeds.1.weight.m,9216,128,512,65536,1024,64496,0,262144,258048,True
optimizer.safetensors,adam.value_embeds.1.weight.m,9344,128,512,65536,512,65014,0,262144,260120,True
optimizer.safetensors,adam.value_embeds.1.weight.m,9472,128,512,65536,2277,63246,0,262144,253048,True
optimizer.safetensors,adam.value_embeds.1.weight.m,9600,128,512,65536,512,65017,0,262144,260132,True
optimizer.safetensors,adam.value_embeds.1.weight.m,9728,128,512,65536,1175,64351,0,262144,257468,True
optimizer.safetensors,adam.value_embeds.1.weight.m,9856,128,512,65536,1024,64499,0,262144,258060,True
optimizer.safetensors,adam.value_embeds.1.weight.m,9984,128,512,65536,3072,62456,0,262144,249888,True
optimizer.safetensors,adam.value_embeds.1.weight.m,10112,128,512,65536,1535,63992,0,262144,256032,True
optimizer.safetensors,adam.value_embeds.1.weight.m,10240,128,512,65536,1024,64504,0,262144,258080,True
optimizer.safetensors,adam.value_embeds.1.weight.m,10368,128,512,65536,1024,64500,0,262144,258064,True
optimizer.safetensors,adam.value_embeds.1.weight.m,10496,128,512,65536,512,65013,0,262144,260116,True
optimizer.safetensors,adam.value_embeds.1.weight.m,10624,128,512,65536,1160,64371,0,262144,257548,True
optimizer.safetensors,adam.value_embeds.1.weight.m,10752,128,512,65536,1024,64498,0,262144,258056,True
optimizer.safetensors,adam.value_embeds.1.weight.m,10880,128,512,65536,1536,63986,0,262144,256008,True
optimizer.safetensors,adam.value_embeds.1.weight.m,11008,128,512,65536,1024,64502,0,262144,258072,True
optimizer.safetensors,adam.value_embeds.1.weight.m,11136,128,512,65536,1024,64496,0,262144,258048,True
optimizer.safetensors,adam.value_embeds.1.weight.m,11264,128,512,65536,512,65010,0,262144,260104,True
optimizer.safetensors,adam.value_embeds.1.weight.m,11392,128,512,65536,1440,64077,0,262144,256372,True
optimizer.safetensors,adam.value_embeds.1.weight.m,11520,128,512,65536,2770,62758,0,262144,251096,True
optimizer.safetensors,adam.value_embeds.1.weight.m,11648,128,512,65536,2610,62913,0,262144,251716,True
optimizer.safetensors,adam.value_embeds.1.weight.m,11776,128,512,65536,2081,63442,0,262144,253832,True
optimizer.safetensors,adam.value_embeds.1.weight.m,11904,128,512,65536,1536,63985,0,262144,256004,True
optimizer.safetensors,adam.value_embeds.1.weight.m,12032,128,512,65536,1536,63990,0,262144,256024,True
optimizer.safetensors,adam.value_embeds.1.weight.m,12160,128,512,65536,2349,63169,0,262144,252740,True
optimizer.safetensors,adam.value_embeds.1.weight.m,12288,128,512,65536,2602,62926,0,262144,251768,True
optimizer.safetensors,adam.value_embeds.1.weight.m,12416,128,512,65536,2621,62899,0,262144,251660,True
optimizer.safetensors,adam.value_embeds.1.weight.m,12544,128,512,65536,2093,63427,0,262144,253772,True
optimizer.safetensors,adam.value_embeds.1.weight.m,12672,128,512,65536,908,64620,0,262144,258544,True
optimizer.safetensors,adam.value_embeds.1.weight.m,12800,128,512,65536,2048,63476,0,262144,253968,True
optimizer.safetensors,adam.value_embeds.1.weight.m,12928,128,512,65536,1027,64489,0,262144,258020,True
optimizer.safetensors,adam.value_embeds.1.weight.m,13056,128,512,65536,1512,64017,0,262144,256132,True
optimizer.safetensors,adam.value_embeds.1.weight.m,13184,128,512,65536,1024,64500,0,262144,258064,True
optimizer.safetensors,adam.value_embeds.1.weight.m,13312,128,512,65536,512,65009,0,262144,260100,True
optimizer.safetensors,adam.value_embeds.1.weight.m,13440,128,512,65536,2394,63129,0,262144,252580,True
optimizer.safetensors,adam.value_embeds.1.weight.m,13568,128,512,65536,1655,63870,0,262144,255544,True
optimizer.safetensors,adam.value_embeds.1.weight.m,13696,128,512,65536,1024,64500,0,262144,258064,True
optimizer.safetensors,adam.value_embeds.1.weight.m,13824,128,512,65536,2048,63472,0,262144,253952,True
optimizer.safetensors,adam.value_embeds.1.weight.m,13952,128,512,65536,512,65012,0,262144,260112,True
optimizer.safetensors,adam.value_embeds.1.weight.m,14080,128,512,65536,3067,62459,0,262144,249900,True
optimizer.safetensors,adam.value_embeds.1.weight.m,14208,128,512,65536,3072,62449,0,262144,249860,True
optimizer.safetensors,adam.value_embeds.1.weight.m,14336,128,512,65536,2048,63476,0,262144,253968,True
optimizer.safetensors,adam.value_embeds.1.weight.m,14464,128,512,65536,514,65009,0,262144,260100,True
optimizer.safetensors,adam.value_embeds.1.weight.m,14592,128,512,65536,0,65522,0,262144,262152,True
optimizer.safetensors,adam.value_embeds.1.weight.m,14720,128,512,65536,1024,64502,0,262144,258072,True
optimizer.safetensors,adam.value_embeds.1.weight.m,14848,128,512,65536,1024,64504,0,262144,258080,True
optimizer.safetensors,adam.value_embeds.1.weight.m,14976,128,512,65536,1024,64503,0,262144,258076,True
optimizer.safetensors,adam.value_embeds.1.weight.m,15104,128,512,65536,1024,64504,0,262144,258080,True
optimizer.safetensors,adam.value_embeds.1.weight.m,15232,128,512,65536,2066,63458,0,262144,253896,True
optimizer.safetensors,adam.value_embeds.1.weight.m,15360,128,512,65536,2422,63099,0,262144,252460,True
optimizer.safetensors,adam.value_embeds.1.weight.m,15488,128,512,65536,1680,63848,0,262144,255456,True
optimizer.safetensors,adam.value_embeds.1.weight.m,15616,128,512,65536,0,65527,0,262144,262172,True
optimizer.safetensors,adam.value_embeds.1.weight.m,15744,128,512,65536,1024,64502,0,262144,258072,True
optimizer.safetensors,adam.value_embeds.1.weight.m,15872,128,512,65536,631,64889,0,262144,259620,True
optimizer.safetensors,adam.value_embeds.1.weight.m,16000,128,512,65536,1536,63990,0,262144,256024,True
optimizer.safetensors,adam.value_embeds.1.weight.m,16128,128,512,65536,2839,62686,0,262144,250808,True
optimizer.safetensors,adam.value_embeds.1.weight.m,16256,128,512,65536,2048,63469,0,262144,253940,True
optimizer.safetensors,adam.value_embeds.1.weight.m,16384,128,512,65536,2562,62957,0,262144,251892,True
optimizer.safetensors,adam.value_embeds.1.weight.m,16512,128,512,65536,1024,64505,0,262144,258084,True
optimizer.safetensors,adam.value_embeds.1.weight.m,16640,128,512,65536,2312,63216,0,262144,252928,True
optimizer.safetensors,adam.value_embeds.1.weight.m,16768,128,512,65536,2560,62959,0,262144,251900,True
optimizer.safetensors,adam.value_embeds.1.weight.m,16896,128,512,65536,512,65015,0,262144,260124,True
optimizer.safetensors,adam.value_embeds.1.weight.m,17024,128,512,65536,2560,62957,0,262144,251892,True
optimizer.safetensors,adam.value_embeds.1.weight.m,17152,128,512,65536,1024,64501,0,262144,258068,True
optimizer.safetensors,adam.value_embeds.1.weight.m,17280,128,512,65536,2613,62909,0,262144,251700,True
optimizer.safetensors,adam.value_embeds.1.weight.m,17408,128,512,65536,1536,63986,0,262144,256008,True
optimizer.safetensors,adam.value_embeds.1.weight.m,17536,128,512,65536,683,64837,0,262144,259412,True
optimizer.safetensors,adam.value_embeds.1.weight.m,17664,128,512,65536,1500,64023,0,262144,256156,True
optimizer.safetensors,adam.value_embeds.1.weight.m,17792,128,512,65536,1996,63526,0,262144,254168,True
optimizer.safetensors,adam.value_embeds.1.weight.m,17920,128,512,65536,2190,63336,0,262144,253408,True
optimizer.safetensors,adam.value_embeds.1.weight.m,18048,128,512,65536,2067,63457,0,262144,253892,True
optimizer.safetensors,adam.value_embeds.1.weight.m,18176,128,512,65536,2560,62964,0,262144,251920,True
optimizer.safetensors,adam.value_embeds.1.weight.m,18304,128,512,65536,513,65010,0,262144,260104,True
optimizer.safetensors,adam.value_embeds.1.weight.m,18432,128,512,65536,512,65015,0,262144,260124,True
optimizer.safetensors,adam.value_embeds.1.weight.m,18560,128,512,65536,1026,64496,0,262144,258048,True
optimizer.safetensors,adam.value_embeds.1.weight.m,18688,128,512,65536,2580,62945,0,262144,251844,True
optimizer.safetensors,adam.value_embeds.1.weight.m,18816,128,512,65536,1240,64282,0,262144,257192,True
optimizer.safetensors,adam.value_embeds.1.weight.m,18944,128,512,65536,1024,64502,0,262144,258072,True
optimizer.safetensors,adam.value_embeds.1.weight.m,19072,128,512,65536,939,64584,0,262144,258400,True
optimizer.safetensors,adam.value_embeds.1.weight.m,19200,128,512,65536,2675,62847,0,262144,251452,True
optimizer.safetensors,adam.value_embeds.1.weight.m,19328,128,512,65536,1536,63993,0,262144,256036,True
optimizer.safetensors,adam.value_embeds.1.weight.m,19456,128,512,65536,1009,64519,0,262144,258140,True
optimizer.safetensors,adam.value_embeds.1.weight.m,19584,128,512,65536,1767,63759,0,262144,255100,True
optimizer.safetensors,adam.value_embeds.1.weight.m,19712,128,512,65536,1543,63977,0,262144,255972,True
optimizer.safetensors,adam.value_embeds.1.weight.m,19840,128,512,65536,4104,61422,0,262144,245752,False
optimizer.safetensors,adam.value_embeds.1.weight.m,19968,128,512,65536,1024,64506,0,262144,258088,True
optimizer.safetensors,adam.value_embeds.1.weight.m,20096,128,512,65536,2048,63471,0,262144,253948,True
optimizer.safetensors,adam.value_embeds.1.weight.m,20224,128,512,65536,4012,61516,0,262144,246128,False
optimizer.safetensors,adam.value_embeds.1.weight.m,20352,128,512,65536,3072,62447,0,262144,249852,True
optimizer.safetensors,adam.value_embeds.1.weight.m,20480,128,512,65536,1024,64500,0,262144,258064,True
optimizer.safetensors,adam.value_embeds.1.weight.m,20608,128,512,65536,512,65013,0,262144,260116,True
optimizer.safetensors,adam.value_embeds.1.weight.m,20736,128,512,65536,1865,63658,0,262144,254696,True
optimizer.safetensors,adam.value_embeds.1.weight.m,20864,128,512,65536,2050,63482,0,262144,253992,True
optimizer.safetensors,adam.value_embeds.1.weight.m,20992,128,512,65536,2048,63477,0,262144,253972,True
optimizer.safetensors,adam.value_embeds.1.weight.m,21120,128,512,65536,2562,62956,0,262144,251888,True
optimizer.safetensors,adam.value_embeds.1.weight.m,21248,128,512,65536,3072,62458,0,262144,249896,True
optimizer.safetensors,adam.value_embeds.1.weight.m,21376,128,512,65536,2559,62967,0,262144,251932,True
optimizer.safetensors,adam.value_embeds.1.weight.m,21504,128,512,65536,3572,61959,0,262144,247900,False
optimizer.safetensors,adam.value_embeds.1.weight.m,21632,128,512,65536,1536,63988,0,262144,256016,True
optimizer.safetensors,adam.value_embeds.1.weight.m,21760,128,512,65536,1025,64505,0,262144,258084,True
optimizer.safetensors,adam.value_embeds.1.weight.m,21888,128,512,65536,1230,64298,0,262144,257256,True
optimizer.safetensors,adam.value_embeds.1.weight.m,22016,128,512,65536,1536,63988,0,262144,256016,True
optimizer.safetensors,adam.value_embeds.1.weight.m,22144,128,512,65536,1550,63978,0,262144,255976,True
optimizer.safetensors,adam.value_embeds.1.weight.m,22272,128,512,65536,2524,63004,0,262144,252080,True
optimizer.safetensors,adam.value_embeds.1.weight.m,22400,128,512,65536,2268,63257,0,262144,253092,True
optimizer.safetensors,adam.value_embeds.1.weight.m,22528,128,512,65536,2083,63442,0,262144,253832,True
optimizer.safetensors,adam.value_embeds.1.weight.m,22656,128,512,65536,1024,64495,0,262144,258044,True
optimizer.safetensors,adam.value_embeds.1.weight.m,22784,128,512,65536,1683,63843,0,262144,255436,True
optimizer.safetensors,adam.value_embeds.1.weight.m,22912,128,512,65536,2567,62955,0,262144,251884,True
optimizer.safetensors,adam.value_embeds.1.weight.m,23040,128,512,65536,1616,63906,0,262144,255688,True
optimizer.safetensors,adam.value_embeds.1.weight.m,23168,128,512,65536,1548,63972,0,262144,255952,True
optimizer.safetensors,adam.value_embeds.1.weight.m,23296,128,512,65536,1536,63980,0,262144,255984,True
optimizer.safetensors,adam.value_embeds.1.weight.m,23424,128,512,65536,0,65522,0,262144,262152,True
optimizer.safetensors,adam.value_embeds.1.weight.m,23552,128,512,65536,2186,63339,0,262144,253420,True
optimizer.safetensors,adam.value_embeds.1.weight.m,23680,128,512,65536,3075,62449,0,262144,249860,True
optimizer.safetensors,adam.value_embeds.1.weight.m,23808,128,512,65536,3031,62497,0,262144,250052,True
optimizer.safetensors,adam.value_embeds.1.weight.m,23936,128,512,65536,1536,63986,0,262144,256008,True
optimizer.safetensors,adam.value_embeds.1.weight.m,24064,128,512,65536,2061,63458,0,262144,253896,True
optimizer.safetensors,adam.value_embeds.1.weight.m,24192,128,512,65536,512,65010,0,262144,260104,True
optimizer.safetensors,adam.value_embeds.1.weight.m,24320,128,512,65536,1536,63991,0,262144,256028,True
optimizer.safetensors,adam.value_embeds.1.weight.m,24448,128,512,65536,3350,62176,0,262144,248768,False
optimizer.safetensors,adam.value_embeds.1.weight.m,24576,128,512,65536,2560,62968,0,262144,251936,True
optimizer.safetensors,adam.value_embeds.1.weight.m,24704,128,512,65536,2382,63140,0,262144,252624,True
optimizer.safetensors,adam.value_embeds.1.weight.m,24832,128,512,65536,3082,62448,0,262144,249856,True
optimizer.safetensors,adam.value_embeds.1.weight.m,24960,128,512,65536,4105,61428,0,262144,245776,False
optimizer.safetensors,adam.value_embeds.1.weight.m,25088,128,512,65536,2560,62967,0,262144,251932,True
optimizer.safetensors,adam.value_embeds.1.weight.m,25216,128,512,65536,1024,64499,0,262144,258060,True
optimizer.safetensors,adam.value_embeds.1.weight.m,25344,128,512,65536,3584,61943,0,262144,247836,False
optimizer.safetensors,adam.value_embeds.1.weight.m,25472,128,512,65536,1536,63993,0,262144,256036,True
optimizer.safetensors,adam.value_embeds.1.weight.m,25600,128,512,65536,1523,64000,0,262144,256064,True
optimizer.safetensors,adam.value_embeds.1.weight.m,25728,128,512,65536,2079,63447,0,262144,253852,True
optimizer.safetensors,adam.value_embeds.1.weight.m,25856,128,512,65536,1536,63989,0,262144,256020,True
optimizer.safetensors,adam.value_embeds.1.weight.m,25984,128,512,65536,3072,62453,0,262144,249876,True
optimizer.safetensors,adam.value_embeds.1.weight.m,26112,128,512,65536,2853,62661,0,262144,250708,True
optimizer.safetensors,adam.value_embeds.1.weight.m,26240,128,512,65536,1536,63997,0,262144,256052,True
optimizer.safetensors,adam.value_embeds.1.weight.m,26368,128,512,65536,2049,63480,0,262144,253984,True
optimizer.safetensors,adam.value_embeds.1.weight.m,26496,128,512,65536,2560,62961,0,262144,251908,True
optimizer.safetensors,adam.value_embeds.1.weight.m,26624,128,512,65536,3586,61941,0,262144,247828,False
optimizer.safetensors,adam.value_embeds.1.weight.m,26752,128,512,65536,525,64997,0,262144,260052,True
optimizer.safetensors,adam.value_embeds.1.weight.m,26880,128,512,65536,1136,64388,0,262144,257616,True
optimizer.safetensors,adam.value_embeds.1.weight.m,27008,128,512,65536,2234,63290,0,262144,253224,True
optimizer.safetensors,adam.value_embeds.1.weight.m,27136,128,512,65536,517,65009,0,262144,260100,True
optimizer.safetensors,adam.value_embeds.1.weight.m,27264,128,512,65536,512,65010,0,262144,260104,True
optimizer.safetensors,adam.value_embeds.1.weight.m,27392,128,512,65536,2050,63478,0,262144,253976,True
optimizer.safetensors,adam.value_embeds.1.weight.m,27520,128,512,65536,2707,62821,0,262144,251348,True
optimizer.safetensors,adam.value_embeds.1.weight.m,27648,128,512,65536,3584,61943,0,262144,247836,False
optimizer.safetensors,adam.value_embeds.1.weight.m,27776,128,512,65536,1536,63988,0,262144,256016,True
optimizer.safetensors,adam.value_embeds.1.weight.m,27904,128,512,65536,1754,63768,0,262144,255136,True
optimizer.safetensors,adam.value_embeds.1.weight.m,28032,128,512,65536,3584,61938,0,262144,247816,False
optimizer.safetensors,adam.value_embeds.1.weight.m,28160,128,512,65536,2050,63477,0,262144,253972,True
optimizer.safetensors,adam.value_embeds.1.weight.m,28288,128,512,65536,3621,61910,0,262144,247704,False
optimizer.safetensors,adam.value_embeds.1.weight.m,28416,128,512,65536,2560,62967,0,262144,251932,True
optimizer.safetensors,adam.value_embeds.1.weight.m,28544,128,512,65536,3589,61942,0,262144,247832,False
optimizer.safetensors,adam.value_embeds.1.weight.m,28672,128,512,65536,1024,64504,0,262144,258080,True
optimizer.safetensors,adam.value_embeds.1.weight.m,28800,128,512,65536,2468,63057,0,262144,252292,True
optimizer.safetensors,adam.value_embeds.1.weight.m,28928,128,512,65536,1655,63866,0,262144,255528,True
optimizer.safetensors,adam.value_embeds.1.weight.m,29056,128,512,65536,1696,63834,0,262144,255400,True
optimizer.safetensors,adam.value_embeds.1.weight.m,29184,128,512,65536,2080,63444,0,262144,253840,True
optimizer.safetensors,adam.value_embeds.1.weight.m,29312,128,512,65536,4427,61101,0,262144,244468,False
optimizer.safetensors,adam.value_embeds.1.weight.m,29440,128,512,65536,2061,63465,0,262144,253924,True
optimizer.safetensors,adam.value_embeds.1.weight.m,29568,128,512,65536,2048,63482,0,262144,253992,True
optimizer.safetensors,adam.value_embeds.1.weight.m,29696,128,512,65536,2509,63015,0,262144,252124,True
optimizer.safetensors,adam.value_embeds.1.weight.m,29824,128,512,65536,2643,62884,0,262144,251600,True
optimizer.safetensors,adam.value_embeds.1.weight.m,29952,128,512,65536,2302,63223,0,262144,252956,True
optimizer.safetensors,adam.value_embeds.1.weight.m,30080,128,512,65536,2423,63103,0,262144,252476,True
optimizer.safetensors,adam.value_embeds.1.weight.m,30208,128,512,65536,1024,64498,0,262144,258056,True
optimizer.safetensors,adam.value_embeds.1.weight.m,30336,128,512,65536,1026,64490,0,262144,258024,True
optimizer.safetensors,adam.value_embeds.1.weight.m,30464,128,512,65536,3075,62449,0,262144,249860,True
optimizer.safetensors,adam.value_embeds.1.weight.m,30592,128,512,65536,2810,62712,0,262144,250912,True
optimizer.safetensors,adam.value_embeds.1.weight.m,30720,128,512,65536,1056,64464,0,262144,257920,True
optimizer.safetensors,adam.value_embeds.1.weight.m,30848,128,512,65536,1208,64320,0,262144,257344,True
optimizer.safetensors,adam.value_embeds.1.weight.m,30976,128,512,65536,1536,63992,0,262144,256032,True
optimizer.safetensors,adam.value_embeds.1.weight.m,31104,128,512,65536,2561,62965,0,262144,251924,True
optimizer.safetensors,adam.value_embeds.1.weight.m,31232,128,512,65536,1115,64413,0,262144,257716,True
optimizer.safetensors,adam.value_embeds.1.weight.m,31360,128,512,65536,1685,63844,0,262144,255440,True
optimizer.safetensors,adam.value_embeds.1.weight.m,31488,128,512,65536,1682,63843,0,262144,255436,True
optimizer.safetensors,adam.value_embeds.1.weight.m,31616,128,512,65536,1536,63993,0,262144,256036,True
optimizer.safetensors,adam.value_embeds.1.weight.m,31744,128,512,65536,4994,60528,0,262144,242176,False
optimizer.safetensors,adam.value_embeds.1.weight.m,31872,128,512,65536,40,65491,0,262144,262028,True
optimizer.safetensors,adam.value_embeds.1.weight.m,32000,128,512,65536,1134,64390,0,262144,257624,True
optimizer.safetensors,adam.value_embeds.1.weight.m,32128,128,512,65536,0,65528,0,262144,262176,True
optimizer.safetensors,adam.value_embeds.1.weight.m,32256,128,512,65536,2609,62915,0,262144,251724,True
optimizer.safetensors,adam.value_embeds.1.weight.m,32384,128,512,65536,3584,61941,0,262144,247828,False
optimizer.safetensors,adam.value_embeds.1.weight.m,32512,128,512,65536,1079,64449,0,262144,257860,True
optimizer.safetensors,adam.value_embeds.1.weight.m,32640,128,512,65536,7680,57850,0,262144,231464,False
optimizer.safetensors,adam.value_embeds.1.weight.v,0,128,512,65536,16896,48634,0,262144,194600,False
optimizer.safetensors,adam.value_embeds.1.weight.v,128,128,512,65536,14336,51181,0,262144,204788,False
optimizer.safetensors,adam.value_embeds.1.weight.v,256,128,512,65536,0,65521,0,262144,262148,True
optimizer.safetensors,adam.value_embeds.1.weight.v,384,128,512,65536,0,65523,0,262144,262156,True
optimizer.safetensors,adam.value_embeds.1.weight.v,512,128,512,65536,0,65516,0,262144,262128,True
optimizer.safetensors,adam.value_embeds.1.weight.v,640,128,512,65536,1024,64496,0,262144,258048,True
optimizer.safetensors,adam.value_embeds.1.weight.v,768,128,512,65536,512,65013,0,262144,260116,True
optimizer.safetensors,adam.value_embeds.1.weight.v,896,128,512,65536,1024,64493,0,262144,258036,True
optimizer.safetensors,adam.value_embeds.1.weight.v,1024,128,512,65536,0,65520,0,262144,262144,True
optimizer.safetensors,adam.value_embeds.1.weight.v,1152,128,512,65536,0,65518,0,262144,262136,True
optimizer.safetensors,adam.value_embeds.1.weight.v,1280,128,512,65536,0,65522,0,262144,262152,True
optimizer.safetensors,adam.value_embeds.1.weight.v,1408,128,512,65536,1536,63982,0,262144,255992,True
optimizer.safetensors,adam.value_embeds.1.weight.v,1536,128,512,65536,0,65517,0,262144,262132,True
optimizer.safetensors,adam.value_embeds.1.weight.v,1664,128,512,65536,1024,64490,0,262144,258024,True
optimizer.safetensors,adam.value_embeds.1.weight.v,1792,128,512,65536,512,65007,0,262144,260092,True
optimizer.safetensors,adam.value_embeds.1.weight.v,1920,128,512,65536,1024,64498,0,262144,258056,True
optimizer.safetensors,adam.value_embeds.1.weight.v,2048,128,512,65536,512,65006,0,262144,260088,True
optimizer.safetensors,adam.value_embeds.1.weight.v,2176,128,512,65536,512,65001,0,262144,260068,True
optimizer.safetensors,adam.value_embeds.1.weight.v,2304,128,512,65536,1024,64492,0,262144,258032,True
optimizer.safetensors,adam.value_embeds.1.weight.v,2432,128,512,65536,512,65012,0,262144,260112,True
optimizer.safetensors,adam.value_embeds.1.weight.v,2560,128,512,65536,2048,63476,0,262144,253968,True
optimizer.safetensors,adam.value_embeds.1.weight.v,2688,128,512,65536,512,65003,0,262144,260076,True
optimizer.safetensors,adam.value_embeds.1.weight.v,2816,128,512,65536,1024,64497,0,262144,258052,True
optimizer.safetensors,adam.value_embeds.1.weight.v,2944,128,512,65536,1024,64501,0,262144,258068,True
optimizer.safetensors,adam.value_embeds.1.weight.v,3072,128,512,65536,512,65010,0,262144,260104,True
optimizer.safetensors,adam.value_embeds.1.weight.v,3200,128,512,65536,1024,64490,0,262144,258024,True
optimizer.safetensors,adam.value_embeds.1.weight.v,3328,128,512,65536,2048,63473,0,262144,253956,True
optimizer.safetensors,adam.value_embeds.1.weight.v,3456,128,512,65536,1536,63974,0,262144,255960,True
optimizer.safetensors,adam.value_embeds.1.weight.v,3584,128,512,65536,512,65008,0,262144,260096,True
optimizer.safetensors,adam.value_embeds.1.weight.v,3712,128,512,65536,1536,63974,0,262144,255960,True
optimizer.safetensors,adam.value_embeds.1.weight.v,3840,128,512,65536,0,65517,0,262144,262132,True
optimizer.safetensors,adam.value_embeds.1.weight.v,3968,128,512,65536,1024,64488,0,262144,258016,True
optimizer.safetensors,adam.value_embeds.1.weight.v,4096,128,512,65536,512,65000,0,262144,260064,True
optimizer.safetensors,adam.value_embeds.1.weight.v,4224,128,512,65536,512,65007,0,262144,260092,True
optimizer.safetensors,adam.value_embeds.1.weight.v,4352,128,512,65536,512,65001,0,262144,260068,True
optimizer.safetensors,adam.value_embeds.1.weight.v,4480,128,512,65536,1536,63988,0,262144,256016,True
optimizer.safetensors,adam.value_embeds.1.weight.v,4608,128,512,65536,512,65011,0,262144,260108,True
optimizer.safetensors,adam.value_embeds.1.weight.v,4736,128,512,65536,1024,64486,0,262144,258008,True
optimizer.safetensors,adam.value_embeds.1.weight.v,4864,128,512,65536,1536,63976,0,262144,255968,True
optimizer.safetensors,adam.value_embeds.1.weight.v,4992,128,512,65536,2048,63474,0,262144,253960,True
optimizer.safetensors,adam.value_embeds.1.weight.v,5120,128,512,65536,1024,64491,0,262144,258028,True
optimizer.safetensors,adam.value_embeds.1.weight.v,5248,128,512,65536,1536,63979,0,262144,255980,True
optimizer.safetensors,adam.value_embeds.1.weight.v,5376,128,512,65536,1024,64498,0,262144,258056,True
optimizer.safetensors,adam.value_embeds.1.weight.v,5504,128,512,65536,2560,62959,0,262144,251900,True
optimizer.safetensors,adam.value_embeds.1.weight.v,5632,128,512,65536,1536,63979,0,262144,255980,True
optimizer.safetensors,adam.value_embeds.1.weight.v,5760,128,512,65536,2048,63467,0,262144,253932,True
optimizer.safetensors,adam.value_embeds.1.weight.v,5888,128,512,65536,0,65517,0,262144,262132,True
optimizer.safetensors,adam.value_embeds.1.weight.v,6016,128,512,65536,0,65505,0,262144,262084,True
optimizer.safetensors,adam.value_embeds.1.weight.v,6144,128,512,65536,512,65001,0,262144,260068,True
optimizer.safetensors,adam.value_embeds.1.weight.v,6272,128,512,65536,1024,64490,0,262144,258024,True
optimizer.safetensors,adam.value_embeds.1.weight.v,6400,128,512,65536,2048,63471,0,262144,253948,True
optimizer.safetensors,adam.value_embeds.1.weight.v,6528,128,512,65536,2048,63473,0,262144,253956,True
optimizer.safetensors,adam.value_embeds.1.weight.v,6656,128,512,65536,1536,63975,0,262144,255964,True
optimizer.safetensors,adam.value_embeds.1.weight.v,6784,128,512,65536,2048,63468,0,262144,253936,True
optimizer.safetensors,adam.value_embeds.1.weight.v,6912,128,512,65536,1024,64488,0,262144,258016,True
optimizer.safetensors,adam.value_embeds.1.weight.v,7040,128,512,65536,0,65512,0,262144,262112,True
optimizer.safetensors,adam.value_embeds.1.weight.v,7168,128,512,65536,2048,63470,0,262144,253944,True
optimizer.safetensors,adam.value_embeds.1.weight.v,7296,128,512,65536,512,65004,0,262144,260080,True
optimizer.safetensors,adam.value_embeds.1.weight.v,7424,128,512,65536,512,65007,0,262144,260092,True
optimizer.safetensors,adam.value_embeds.1.weight.v,7552,128,512,65536,1024,64494,0,262144,258040,True
optimizer.safetensors,adam.value_embeds.1.weight.v,7680,128,512,65536,0,65513,0,262144,262116,True
optimizer.safetensors,adam.value_embeds.1.weight.v,7808,128,512,65536,1024,64490,0,262144,258024,True
optimizer.safetensors,adam.value_embeds.1.weight.v,7936,128,512,65536,512,65001,0,262144,260068,True
optimizer.safetensors,adam.value_embeds.1.weight.v,8064,128,512,65536,512,64992,0,262144,260032,True
optimizer.safetensors,adam.value_embeds.1.weight.v,8192,128,512,65536,1024,64496,0,262144,258048,True
optimizer.safetensors,adam.value_embeds.1.weight.v,8320,128,512,65536,512,65002,0,262144,260072,True
optimizer.safetensors,adam.value_embeds.1.weight.v,8448,128,512,65536,1024,64486,0,262144,258008,True
optimizer.safetensors,adam.value_embeds.1.weight.v,8576,128,512,65536,1536,63980,0,262144,255984,True
optimizer.safetensors,adam.value_embeds.1.weight.v,8704,128,512,65536,1024,64488,0,262144,258016,True
optimizer.safetensors,adam.value_embeds.1.weight.v,8832,128,512,65536,1024,64498,0,262144,258056,True
optimizer.safetensors,adam.value_embeds.1.weight.v,8960,128,512,65536,1024,64492,0,262144,258032,True
optimizer.safetensors,adam.value_embeds.1.weight.v,9088,128,512,65536,1024,64491,0,262144,258028,True
optimizer.safetensors,adam.value_embeds.1.weight.v,9216,128,512,65536,512,65002,0,262144,260072,True
optimizer.safetensors,adam.value_embeds.1.weight.v,9344,128,512,65536,512,65003,0,262144,260076,True
optimizer.safetensors,adam.value_embeds.1.weight.v,9472,128,512,65536,2048,63470,0,262144,253944,True
optimizer.safetensors,adam.value_embeds.1.weight.v,9600,128,512,65536,0,65508,0,262144,262096,True
optimizer.safetensors,adam.value_embeds.1.weight.v,9728,128,512,65536,1024,64485,0,262144,258004,True
optimizer.safetensors,adam.value_embeds.1.weight.v,9856,128,512,65536,1024,64488,0,262144,258016,True
optimizer.safetensors,adam.value_embeds.1.weight.v,9984,128,512,65536,1536,63975,0,262144,255964,True
optimizer.safetensors,adam.value_embeds.1.weight.v,10112,128,512,65536,1024,64492,0,262144,258032,True
optimizer.safetensors,adam.value_embeds.1.weight.v,10240,128,512,65536,1024,64487,0,262144,258012,True
optimizer.safetensors,adam.value_embeds.1.weight.v,10368,128,512,65536,1024,64479,0,262144,257980,True
optimizer.safetensors,adam.value_embeds.1.weight.v,10496,128,512,65536,0,65516,0,262144,262128,True
optimizer.safetensors,adam.value_embeds.1.weight.v,10624,128,512,65536,512,65004,0,262144,260080,True
optimizer.safetensors,adam.value_embeds.1.weight.v,10752,128,512,65536,0,65514,0,262144,262120,True
optimizer.safetensors,adam.value_embeds.1.weight.v,10880,128,512,65536,1024,64495,0,262144,258044,True
optimizer.safetensors,adam.value_embeds.1.weight.v,11008,128,512,65536,512,64989,0,262144,260020,True
optimizer.safetensors,adam.value_embeds.1.weight.v,11136,128,512,65536,0,65509,0,262144,262100,True
optimizer.safetensors,adam.value_embeds.1.weight.v,11264,128,512,65536,512,64994,0,262144,260040,True
optimizer.safetensors,adam.value_embeds.1.weight.v,11392,128,512,65536,512,65004,0,262144,260080,True
optimizer.safetensors,adam.value_embeds.1.weight.v,11520,128,512,65536,2048,63472,0,262144,253952,True
optimizer.safetensors,adam.value_embeds.1.weight.v,11648,128,512,65536,2048,63459,0,262144,253900,True
optimizer.safetensors,adam.value_embeds.1.weight.v,11776,128,512,65536,512,64999,0,262144,260060,True
optimizer.safetensors,adam.value_embeds.1.weight.v,11904,128,512,65536,1536,63982,0,262144,255992,True
optimizer.safetensors,adam.value_embeds.1.weight.v,12032,128,512,65536,1024,64495,0,262144,258044,True
optimizer.safetensors,adam.value_embeds.1.weight.v,12160,128,512,65536,2048,63462,0,262144,253912,True
optimizer.safetensors,adam.value_embeds.1.weight.v,12288,128,512,65536,1024,64491,0,262144,258028,True
optimizer.safetensors,adam.value_embeds.1.weight.v,12416,128,512,65536,1536,63977,0,262144,255972,True
optimizer.safetensors,adam.value_embeds.1.weight.v,12544,128,512,65536,1024,64495,0,262144,258044,True
optimizer.safetensors,adam.value_embeds.1.weight.v,12672,128,512,65536,512,65001,0,262144,260068,True
optimizer.safetensors,adam.value_embeds.1.weight.v,12800,128,512,65536,512,64998,0,262144,260056,True
optimizer.safetensors,adam.value_embeds.1.weight.v,12928,128,512,65536,1024,64485,0,262144,258004,True
optimizer.safetensors,adam.value_embeds.1.weight.v,13056,128,512,65536,512,64992,0,262144,260032,True
optimizer.safetensors,adam.value_embeds.1.weight.v,13184,128,512,65536,1024,64489,0,262144,258020,True
optimizer.safetensors,adam.value_embeds.1.weight.v,13312,128,512,65536,512,64998,0,262144,260056,True
optimizer.safetensors,adam.value_embeds.1.weight.v,13440,128,512,65536,1024,64487,0,262144,258012,True
optimizer.safetensors,adam.value_embeds.1.weight.v,13568,128,512,65536,1024,64490,0,262144,258024,True
optimizer.safetensors,adam.value_embeds.1.weight.v,13696,128,512,65536,1024,64488,0,262144,258016,True
optimizer.safetensors,adam.value_embeds.1.weight.v,13824,128,512,65536,1024,64483,0,262144,257996,True
optimizer.safetensors,adam.value_embeds.1.weight.v,13952,128,512,65536,512,64996,0,262144,260048,True
optimizer.safetensors,adam.value_embeds.1.weight.v,14080,128,512,65536,1024,64498,0,262144,258056,True
optimizer.safetensors,adam.value_embeds.1.weight.v,14208,128,512,65536,2048,63462,0,262144,253912,True
optimizer.safetensors,adam.value_embeds.1.weight.v,14336,128,512,65536,512,65002,0,262144,260072,True
optimizer.safetensors,adam.value_embeds.1.weight.v,14464,128,512,65536,0,65514,0,262144,262120,True
optimizer.safetensors,adam.value_embeds.1.weight.v,14592,128,512,65536,0,65516,0,262144,262128,True
optimizer.safetensors,adam.value_embeds.1.weight.v,14720,128,512,65536,512,64994,0,262144,260040,True
optimizer.safetensors,adam.value_embeds.1.weight.v,14848,128,512,65536,512,65000,0,262144,260064,True
optimizer.safetensors,adam.value_embeds.1.weight.v,14976,128,512,65536,1024,64479,0,262144,257980,True
optimizer.safetensors,adam.value_embeds.1.weight.v,15104,128,512,65536,512,64996,0,262144,260048,True
optimizer.safetensors,adam.value_embeds.1.weight.v,15232,128,512,65536,1024,64493,0,262144,258036,True
optimizer.safetensors,adam.value_embeds.1.weight.v,15360,128,512,65536,1536,63973,0,262144,255956,True
optimizer.safetensors,adam.value_embeds.1.weight.v,15488,128,512,65536,1536,63977,0,262144,255972,True
optimizer.safetensors,adam.value_embeds.1.weight.v,15616,128,512,65536,0,65515,0,262144,262124,True
optimizer.safetensors,adam.value_embeds.1.weight.v,15744,128,512,65536,512,64995,0,262144,260044,True
optimizer.safetensors,adam.value_embeds.1.weight.v,15872,128,512,65536,0,65506,0,262144,262088,True
optimizer.safetensors,adam.value_embeds.1.weight.v,16000,128,512,65536,1024,64484,0,262144,258000,True
optimizer.safetensors,adam.value_embeds.1.weight.v,16128,128,512,65536,1024,64484,0,262144,258000,True
optimizer.safetensors,adam.value_embeds.1.weight.v,16256,128,512,65536,2048,63463,0,262144,253916,True
optimizer.safetensors,adam.value_embeds.1.weight.v,16384,128,512,65536,1536,63972,0,262144,255952,True
optimizer.safetensors,adam.value_embeds.1.weight.v,16512,128,512,65536,0,65503,0,262144,262076,True
optimizer.safetensors,adam.value_embeds.1.weight.v,16640,128,512,65536,1536,63977,0,262144,255972,True
optimizer.safetensors,adam.value_embeds.1.weight.v,16768,128,512,65536,2560,62951,0,262144,251868,True
optimizer.safetensors,adam.value_embeds.1.weight.v,16896,128,512,65536,512,65000,0,262144,260064,True
optimizer.safetensors,adam.value_embeds.1.weight.v,17024,128,512,65536,2048,63454,0,262144,253880,True
optimizer.safetensors,adam.value_embeds.1.weight.v,17152,128,512,65536,512,64997,0,262144,260052,True
optimizer.safetensors,adam.value_embeds.1.weight.v,17280,128,512,65536,512,64999,0,262144,260060,True
optimizer.safetensors,adam.value_embeds.1.weight.v,17408,128,512,65536,512,64995,0,262144,260044,True
optimizer.safetensors,adam.value_embeds.1.weight.v,17536,128,512,65536,512,64984,0,262144,260000,True
optimizer.safetensors,adam.value_embeds.1.weight.v,17664,128,512,65536,512,65003,0,262144,260076,True
optimizer.safetensors,adam.value_embeds.1.weight.v,17792,128,512,65536,512,64998,0,262144,260056,True
optimizer.safetensors,adam.value_embeds.1.weight.v,17920,128,512,65536,1536,63973,0,262144,255956,True
optimizer.safetensors,adam.value_embeds.1.weight.v,18048,128,512,65536,512,64985,0,262144,260004,True
optimizer.safetensors,adam.value_embeds.1.weight.v,18176,128,512,65536,512,65004,0,262144,260080,True
optimizer.safetensors,adam.value_embeds.1.weight.v,18304,128,512,65536,512,64991,0,262144,260028,True
optimizer.safetensors,adam.value_embeds.1.weight.v,18432,128,512,65536,512,64994,0,262144,260040,True
optimizer.safetensors,adam.value_embeds.1.weight.v,18560,128,512,65536,512,64993,0,262144,260036,True
optimizer.safetensors,adam.value_embeds.1.weight.v,18688,128,512,65536,1536,63977,0,262144,255972,True
optimizer.safetensors,adam.value_embeds.1.weight.v,18816,128,512,65536,1024,64492,0,262144,258032,True
optimizer.safetensors,adam.value_embeds.1.weight.v,18944,128,512,65536,512,64991,0,262144,260028,True
optimizer.safetensors,adam.value_embeds.1.weight.v,19072,128,512,65536,0,65516,0,262144,262128,True
optimizer.safetensors,adam.value_embeds.1.weight.v,19200,128,512,65536,1536,63971,0,262144,255948,True
optimizer.safetensors,adam.value_embeds.1.weight.v,19328,128,512,65536,1024,64484,0,262144,258000,True
optimizer.safetensors,adam.value_embeds.1.weight.v,19456,128,512,65536,0,65502,0,262144,262072,True
optimizer.safetensors,adam.value_embeds.1.weight.v,19584,128,512,65536,512,65004,0,262144,260080,True
optimizer.safetensors,adam.value_embeds.1.weight.v,19712,128,512,65536,1024,64484,0,262144,258000,True
optimizer.safetensors,adam.value_embeds.1.weight.v,19840,128,512,65536,2560,62950,0,262144,251864,True
optimizer.safetensors,adam.value_embeds.1.weight.v,19968,128,512,65536,1024,64483,0,262144,257996,True
optimizer.safetensors,adam.value_embeds.1.weight.v,20096,128,512,65536,512,64995,0,262144,260044,True
optimizer.safetensors,adam.value_embeds.1.weight.v,20224,128,512,65536,2560,62950,0,262144,251864,True
optimizer.safetensors,adam.value_embeds.1.weight.v,20352,128,512,65536,1536,63973,0,262144,255956,True
optimizer.safetensors,adam.value_embeds.1.weight.v,20480,128,512,65536,0,65514,0,262144,262120,True
optimizer.safetensors,adam.value_embeds.1.weight.v,20608,128,512,65536,0,65512,0,262144,262112,True
optimizer.safetensors,adam.value_embeds.1.weight.v,20736,128,512,65536,1024,64481,0,262144,257988,True
optimizer.safetensors,adam.value_embeds.1.weight.v,20864,128,512,65536,512,64999,0,262144,260060,True
optimizer.safetensors,adam.value_embeds.1.weight.v,20992,128,512,65536,512,64999,0,262144,260060,True
optimizer.safetensors,adam.value_embeds.1.weight.v,21120,128,512,65536,2048,63465,0,262144,253924,True
optimizer.safetensors,adam.value_embeds.1.weight.v,21248,128,512,65536,1024,64499,0,262144,258060,True
optimizer.safetensors,adam.value_embeds.1.weight.v,21376,128,512,65536,0,65512,0,262144,262112,True
optimizer.safetensors,adam.value_embeds.1.weight.v,21504,128,512,65536,1536,63972,0,262144,255952,True
optimizer.safetensors,adam.value_embeds.1.weight.v,21632,128,512,65536,512,64993,0,262144,260036,True
optimizer.safetensors,adam.value_embeds.1.weight.v,21760,128,512,65536,512,65004,0,262144,260080,True
optimizer.safetensors,adam.value_embeds.1.weight.v,21888,128,512,65536,513,64989,0,262144,260020,True
optimizer.safetensors,adam.value_embeds.1.weight.v,22016,128,512,65536,512,64994,0,262144,260040,True
optimizer.safetensors,adam.value_embeds.1.weight.v,22144,128,512,65536,512,64987,0,262144,260012,True
optimizer.safetensors,adam.value_embeds.1.weight.v,22272,128,512,65536,1536,63973,0,262144,255956,True
optimizer.safetensors,adam.value_embeds.1.weight.v,22400,128,512,65536,1024,64488,0,262144,258016,True
optimizer.safetensors,adam.value_embeds.1.weight.v,22528,128,512,65536,512,64994,0,262144,260040,True
optimizer.safetensors,adam.value_embeds.1.weight.v,22656,128,512,65536,512,65000,0,262144,260064,True
optimizer.safetensors,adam.value_embeds.1.weight.v,22784,128,512,65536,0,65504,0,262144,262080,True
optimizer.safetensors,adam.value_embeds.1.weight.v,22912,128,512,65536,1536,63979,0,262144,255980,True
optimizer.safetensors,adam.value_embeds.1.weight.v,23040,128,512,65536,1024,64465,0,262144,257924,True
optimizer.safetensors,adam.value_embeds.1.weight.v,23168,128,512,65536,512,64998,0,262144,260056,True
optimizer.safetensors,adam.value_embeds.1.weight.v,23296,128,512,65536,1024,64477,0,262144,257972,True
optimizer.safetensors,adam.value_embeds.1.weight.v,23424,128,512,65536,0,65508,0,262144,262096,True
optimizer.safetensors,adam.value_embeds.1.weight.v,23552,128,512,65536,1536,63974,0,262144,255960,True
optimizer.safetensors,adam.value_embeds.1.weight.v,23680,128,512,65536,1024,64475,0,262144,257964,True
optimizer.safetensors,adam.value_embeds.1.weight.v,23808,128,512,65536,512,64992,0,262144,260032,True
optimizer.safetensors,adam.value_embeds.1.weight.v,23936,128,512,65536,512,64989,0,262144,260020,True
optimizer.safetensors,adam.value_embeds.1.weight.v,24064,128,512,65536,1536,63973,0,262144,255956,True
optimizer.safetensors,adam.value_embeds.1.weight.v,24192,128,512,65536,0,65500,0,262144,262064,True
optimizer.safetensors,adam.value_embeds.1.weight.v,24320,128,512,65536,512,64994,0,262144,260040,True
optimizer.safetensors,adam.value_embeds.1.weight.v,24448,128,512,65536,512,64999,0,262144,260060,True
optimizer.safetensors,adam.value_embeds.1.weight.v,24576,128,512,65536,1536,63971,0,262144,255948,True
optimizer.safetensors,adam.value_embeds.1.weight.v,24704,128,512,65536,1536,63970,0,262144,255944,True
optimizer.safetensors,adam.value_embeds.1.weight.v,24832,128,512,65536,512,65006,0,262144,260088,True
optimizer.safetensors,adam.value_embeds.1.weight.v,24960,128,512,65536,2048,63461,0,262144,253908,True
optimizer.safetensors,adam.value_embeds.1.weight.v,25088,128,512,65536,2048,63459,0,262144,253900,True
optimizer.safetensors,adam.value_embeds.1.weight.v,25216,128,512,65536,1024,64491,0,262144,258028,True
optimizer.safetensors,adam.value_embeds.1.weight.v,25344,128,512,65536,2048,63454,0,262144,253880,True
optimizer.safetensors,adam.value_embeds.1.weight.v,25472,128,512,65536,0,65505,0,262144,262084,True
optimizer.safetensors,adam.value_embeds.1.weight.v,25600,128,512,65536,0,65509,0,262144,262100,True
optimizer.safetensors,adam.value_embeds.1.weight.v,25728,128,512,65536,1024,64487,0,262144,258012,True
optimizer.safetensors,adam.value_embeds.1.weight.v,25856,128,512,65536,1024,64473,0,262144,257956,True
optimizer.safetensors,adam.value_embeds.1.weight.v,25984,128,512,65536,1536,63975,0,262144,255964,True
optimizer.safetensors,adam.value_embeds.1.weight.v,26112,128,512,65536,512,64989,0,262144,260020,True
optimizer.safetensors,adam.value_embeds.1.weight.v,26240,128,512,65536,512,64999,0,262144,260060,True
optimizer.safetensors,adam.value_embeds.1.weight.v,26368,128,512,65536,512,64982,0,262144,259992,True
optimizer.safetensors,adam.value_embeds.1.weight.v,26496,128,512,65536,1024,64482,0,262144,257992,True
optimizer.safetensors,adam.value_embeds.1.weight.v,26624,128,512,65536,2048,63462,0,262144,253912,True
optimizer.safetensors,adam.value_embeds.1.weight.v,26752,128,512,65536,0,65511,0,262144,262108,True
optimizer.safetensors,adam.value_embeds.1.weight.v,26880,128,512,65536,0,65500,0,262144,262064,True
optimizer.safetensors,adam.value_embeds.1.weight.v,27008,128,512,65536,1024,64485,0,262144,258004,True
optimizer.safetensors,adam.value_embeds.1.weight.v,27136,128,512,65536,0,65502,0,262144,262072,True
optimizer.safetensors,adam.value_embeds.1.weight.v,27264,128,512,65536,512,64998,0,262144,260056,True
optimizer.safetensors,adam.value_embeds.1.weight.v,27392,128,512,65536,1024,64490,0,262144,258024,True
optimizer.safetensors,adam.value_embeds.1.weight.v,27520,128,512,65536,1024,64489,0,262144,258020,True
optimizer.safetensors,adam.value_embeds.1.weight.v,27648,128,512,65536,1536,63962,0,262144,255912,True
optimizer.safetensors,adam.value_embeds.1.weight.v,27776,128,512,65536,1536,63973,0,262144,255956,True
optimizer.safetensors,adam.value_embeds.1.weight.v,27904,128,512,65536,0,65510,0,262144,262104,True
optimizer.safetensors,adam.value_embeds.1.weight.v,28032,128,512,65536,2560,62952,0,262144,251872,True
optimizer.safetensors,adam.value_embeds.1.weight.v,28160,128,512,65536,1536,63973,0,262144,255956,True
optimizer.safetensors,adam.value_embeds.1.weight.v,28288,128,512,65536,2048,63456,0,262144,253888,True
optimizer.safetensors,adam.value_embeds.1.weight.v,28416,128,512,65536,2048,63452,0,262144,253872,True
optimizer.safetensors,adam.value_embeds.1.weight.v,28544,128,512,65536,1024,64479,0,262144,257980,True
optimizer.safetensors,adam.value_embeds.1.weight.v,28672,128,512,65536,512,64995,0,262144,260044,True
optimizer.safetensors,adam.value_embeds.1.weight.v,28800,128,512,65536,512,65006,0,262144,260088,True
optimizer.safetensors,adam.value_embeds.1.weight.v,28928,128,512,65536,512,64987,0,262144,260012,True
optimizer.safetensors,adam.value_embeds.1.weight.v,29056,128,512,65536,1024,64481,0,262144,257988,True
optimizer.safetensors,adam.value_embeds.1.weight.v,29184,128,512,65536,512,64997,0,262144,260052,True
optimizer.safetensors,adam.value_embeds.1.weight.v,29312,128,512,65536,2560,62947,0,262144,251852,True
optimizer.safetensors,adam.value_embeds.1.weight.v,29440,128,512,65536,1536,63977,0,262144,255972,True
optimizer.safetensors,adam.value_embeds.1.weight.v,29568,128,512,65536,0,65506,0,262144,262088,True
optimizer.safetensors,adam.value_embeds.1.weight.v,29696,128,512,65536,1536,63958,0,262144,255896,True
optimizer.safetensors,adam.value_embeds.1.weight.v,29824,128,512,65536,2048,63455,0,262144,253884,True
optimizer.safetensors,adam.value_embeds.1.weight.v,29952,128,512,65536,1024,64482,0,262144,257992,True
optimizer.safetensors,adam.value_embeds.1.weight.v,30080,128,512,65536,1536,63971,0,262144,255948,True
optimizer.safetensors,adam.value_embeds.1.weight.v,30208,128,512,65536,512,64993,0,262144,260036,True
optimizer.safetensors,adam.value_embeds.1.weight.v,30336,128,512,65536,512,64984,0,262144,260000,True
optimizer.safetensors,adam.value_embeds.1.weight.v,30464,128,512,65536,1024,64490,0,262144,258024,True
optimizer.safetensors,adam.value_embeds.1.weight.v,30592,128,512,65536,1024,64479,0,262144,257980,True
optimizer.safetensors,adam.value_embeds.1.weight.v,30720,128,512,65536,0,65498,0,262144,262056,True
optimizer.safetensors,adam.value_embeds.1.weight.v,30848,128,512,65536,512,64999,0,262144,260060,True
optimizer.safetensors,adam.value_embeds.1.weight.v,30976,128,512,65536,1024,64478,0,262144,257976,True
optimizer.safetensors,adam.value_embeds.1.weight.v,31104,128,512,65536,512,64987,0,262144,260012,True
optimizer.safetensors,adam.value_embeds.1.weight.v,31232,128,512,65536,512,64990,0,262144,260024,True
optimizer.safetensors,adam.value_embeds.1.weight.v,31360,128,512,65536,512,64994,0,262144,260040,True
optimizer.safetensors,adam.value_embeds.1.weight.v,31488,128,512,65536,1024,64469,0,262144,257940,True
optimizer.safetensors,adam.value_embeds.1.weight.v,31616,128,512,65536,1024,64487,0,262144,258012,True
optimizer.safetensors,adam.value_embeds.1.weight.v,31744,128,512,65536,1024,64492,0,262144,258032,True
optimizer.safetensors,adam.value_embeds.1.weight.v,31872,128,512,65536,0,65502,0,262144,262072,True
optimizer.safetensors,adam.value_embeds.1.weight.v,32000,128,512,65536,0,65502,0,262144,262072,True
optimizer.safetensors,adam.value_embeds.1.weight.v,32128,128,512,65536,0,65503,0,262144,262076,True
optimizer.safetensors,adam.value_embeds.1.weight.v,32256,128,512,65536,0,65512,0,262144,262112,True
optimizer.safetensors,adam.value_embeds.1.weight.v,32384,128,512,65536,512,64995,0,262144,260044,True
optimizer.safetensors,adam.value_embeds.1.weight.v,32512,128,512,65536,0,65501,0,262144,262068,True
optimizer.safetensors,adam.value_embeds.1.weight.v,32640,128,512,65536,4608,60909,0,262144,243700,False
optimizer.safetensors,adam.value_embeds.3.weight.m,0,128,512,65536,16896,48636,0,262144,194608,False
optimizer.safetensors,adam.value_embeds.3.weight.m,128,128,512,65536,14416,51107,0,262144,204492,False
optimizer.safetensors,adam.value_embeds.3.weight.m,256,128,512,65536,0,65525,0,262144,262164,True
optimizer.safetensors,adam.value_embeds.3.weight.m,384,128,512,65536,0,65523,0,262144,262156,True
optimizer.safetensors,adam.value_embeds.3.weight.m,512,128,512,65536,0,65528,0,262144,262176,True
optimizer.safetensors,adam.value_embeds.3.weight.m,640,128,512,65536,1025,64507,0,262144,258092,True
optimizer.safetensors,adam.value_embeds.3.weight.m,768,128,512,65536,512,65017,0,262144,260132,True
optimizer.safetensors,adam.value_embeds.3.weight.m,896,128,512,65536,1024,64501,0,262144,258068,True
optimizer.safetensors,adam.value_embeds.3.weight.m,1024,128,512,65536,0,65528,0,262144,262176,True
optimizer.safetensors,adam.value_embeds.3.weight.m,1152,128,512,65536,512,65011,0,262144,260108,True
optimizer.safetensors,adam.value_embeds.3.weight.m,1280,128,512,65536,0,65522,0,262144,262152,True
optimizer.safetensors,adam.value_embeds.3.weight.m,1408,128,512,65536,2019,63507,0,262144,254092,True
optimizer.safetensors,adam.value_embeds.3.weight.m,1536,128,512,65536,1024,64502,0,262144,258072,True
optimizer.safetensors,adam.value_embeds.3.weight.m,1664,128,512,65536,1536,63989,0,262144,256020,True
optimizer.safetensors,adam.value_embeds.3.weight.m,1792,128,512,65536,2039,63487,0,262144,254012,True
optimizer.safetensors,adam.value_embeds.3.weight.m,1920,128,512,65536,1536,63990,0,262144,256024,True
optimizer.safetensors,adam.value_embeds.3.weight.m,2048,128,512,65536,1024,64499,0,262144,258060,True
optimizer.safetensors,adam.value_embeds.3.weight.m,2176,128,512,65536,1481,64050,0,262144,256264,True
optimizer.safetensors,adam.value_embeds.3.weight.m,2304,128,512,65536,2054,63474,0,262144,253960,True
optimizer.safetensors,adam.value_embeds.3.weight.m,2432,128,512,65536,1024,64503,0,262144,258076,True
optimizer.safetensors,adam.value_embeds.3.weight.m,2560,128,512,65536,2560,62961,0,262144,251908,True
optimizer.safetensors,adam.value_embeds.3.weight.m,2688,128,512,65536,1024,64498,0,262144,258056,True
optimizer.safetensors,adam.value_embeds.3.weight.m,2816,128,512,65536,2048,63475,0,262144,253964,True
optimizer.safetensors,adam.value_embeds.3.weight.m,2944,128,512,65536,1536,63983,0,262144,255996,True
optimizer.safetensors,adam.value_embeds.3.weight.m,3072,128,512,65536,512,65018,0,262144,260136,True
optimizer.safetensors,adam.value_embeds.3.weight.m,3200,128,512,65536,1536,63993,0,262144,256036,True
optimizer.safetensors,adam.value_embeds.3.weight.m,3328,128,512,65536,2560,62967,0,262144,251932,True
optimizer.safetensors,adam.value_embeds.3.weight.m,3456,128,512,65536,1536,63986,0,262144,256008,True
optimizer.safetensors,adam.value_embeds.3.weight.m,3584,128,512,65536,512,65013,0,262144,260116,True
optimizer.safetensors,adam.value_embeds.3.weight.m,3712,128,512,65536,2006,63521,0,262144,254148,True
optimizer.safetensors,adam.value_embeds.3.weight.m,3840,128,512,65536,1024,64508,0,262144,258096,True
optimizer.safetensors,adam.value_embeds.3.weight.m,3968,128,512,65536,1536,63983,0,262144,255996,True
optimizer.safetensors,adam.value_embeds.3.weight.m,4096,128,512,65536,512,65019,0,262144,260140,True
optimizer.safetensors,adam.value_embeds.3.weight.m,4224,128,512,65536,512,65014,0,262144,260120,True
optimizer.safetensors,adam.value_embeds.3.weight.m,4352,128,512,65536,732,64794,0,262144,259240,True
optimizer.safetensors,adam.value_embeds.3.weight.m,4480,128,512,65536,2048,63478,0,262144,253976,True
optimizer.safetensors,adam.value_embeds.3.weight.m,4608,128,512,65536,683,64841,0,262144,259428,True
optimizer.safetensors,adam.value_embeds.3.weight.m,4736,128,512,65536,1024,64501,0,262144,258068,True
optimizer.safetensors,adam.value_embeds.3.weight.m,4864,128,512,65536,1536,63985,0,262144,256004,True
optimizer.safetensors,adam.value_embeds.3.weight.m,4992,128,512,65536,2560,62963,0,262144,251916,True
optimizer.safetensors,adam.value_embeds.3.weight.m,5120,128,512,65536,2048,63475,0,262144,253964,True
optimizer.safetensors,adam.value_embeds.3.weight.m,5248,128,512,65536,1536,63984,0,262144,256000,True
optimizer.safetensors,adam.value_embeds.3.weight.m,5376,128,512,65536,1598,63924,0,262144,255760,True
optimizer.safetensors,adam.value_embeds.3.weight.m,5504,128,512,65536,2758,62769,0,262144,251140,True
optimizer.safetensors,adam.value_embeds.3.weight.m,5632,128,512,65536,2401,63127,0,262144,252572,True
optimizer.safetensors,adam.value_embeds.3.weight.m,5760,128,512,65536,2048,63480,0,262144,253984,True
optimizer.safetensors,adam.value_embeds.3.weight.m,5888,128,512,65536,0,65517,0,262144,262132,True
optimizer.safetensors,adam.value_embeds.3.weight.m,6016,128,512,65536,0,65525,0,262144,262164,True
optimizer.safetensors,adam.value_embeds.3.weight.m,6144,128,512,65536,1536,63993,0,262144,256036,True
optimizer.safetensors,adam.value_embeds.3.weight.m,6272,128,512,65536,1024,64500,0,262144,258064,True
optimizer.safetensors,adam.value_embeds.3.weight.m,6400,128,512,65536,2560,62968,0,262144,251936,True
optimizer.safetensors,adam.value_embeds.3.weight.m,6528,128,512,65536,2048,63471,0,262144,253948,True
optimizer.safetensors,adam.value_embeds.3.weight.m,6656,128,512,65536,2844,62677,0,262144,250772,True
optimizer.safetensors,adam.value_embeds.3.weight.m,6784,128,512,65536,2560,62964,0,262144,251920,True
optimizer.safetensors,adam.value_embeds.3.weight.m,6912,128,512,65536,1024,64501,0,262144,258068,True
optimizer.safetensors,adam.value_embeds.3.weight.m,7040,128,512,65536,1026,64490,0,262144,258024,True
optimizer.safetensors,adam.value_embeds.3.weight.m,7168,128,512,65536,2048,63479,0,262144,253980,True
optimizer.safetensors,adam.value_embeds.3.weight.m,7296,128,512,65536,1049,64480,0,262144,257984,True
optimizer.safetensors,adam.value_embeds.3.weight.m,7424,128,512,65536,1536,63985,0,262144,256004,True
optimizer.safetensors,adam.value_embeds.3.weight.m,7552,128,512,65536,1536,63991,0,262144,256028,True
optimizer.safetensors,adam.value_embeds.3.weight.m,7680,128,512,65536,1024,64504,0,262144,258080,True
optimizer.safetensors,adam.value_embeds.3.weight.m,7808,128,512,65536,2048,63472,0,262144,253952,True
optimizer.safetensors,adam.value_embeds.3.weight.m,7936,128,512,65536,1024,64498,0,262144,258056,True
optimizer.safetensors,adam.value_embeds.3.weight.m,8064,128,512,65536,1024,64500,0,262144,258064,True
optimizer.safetensors,adam.value_embeds.3.weight.m,8192,128,512,65536,1536,63987,0,262144,256012,True
optimizer.safetensors,adam.value_embeds.3.weight.m,8320,128,512,65536,1536,63989,0,262144,256020,True
optimizer.safetensors,adam.value_embeds.3.weight.m,8448,128,512,65536,2048,63465,0,262144,253924,True
optimizer.safetensors,adam.value_embeds.3.weight.m,8576,128,512,65536,2048,63471,0,262144,253948,True
optimizer.safetensors,adam.value_embeds.3.weight.m,8704,128,512,65536,3072,62454,0,262144,249880,True
optimizer.safetensors,adam.value_embeds.3.weight.m,8832,128,512,65536,2969,62551,0,262144,250268,True
optimizer.safetensors,adam.value_embeds.3.weight.m,8960,128,512,65536,2560,62965,0,262144,251924,True
optimizer.safetensors,adam.value_embeds.3.weight.m,9088,128,512,65536,1536,63989,0,262144,256020,True
optimizer.safetensors,adam.value_embeds.3.weight.m,9216,128,512,65536,1024,64493,0,262144,258036,True
optimizer.safetensors,adam.value_embeds.3.weight.m,9344,128,512,65536,512,65006,0,262144,260088,True
optimizer.safetensors,adam.value_embeds.3.weight.m,9472,128,512,65536,2559,62964,0,262144,251920,True
optimizer.safetensors,adam.value_embeds.3.weight.m,9600,128,512,65536,512,65011,0,262144,260108,True
optimizer.safetensors,adam.value_embeds.3.weight.m,9728,128,512,65536,1306,64216,0,262144,256928,True
optimizer.safetensors,adam.value_embeds.3.weight.m,9856,128,512,65536,1024,64499,0,262144,258060,True
optimizer.safetensors,adam.value_embeds.3.weight.m,9984,128,512,65536,3072,62452,0,262144,249872,True
optimizer.safetensors,adam.value_embeds.3.weight.m,10112,128,512,65536,1842,63683,0,262144,254796,True
optimizer.safetensors,adam.value_embeds.3.weight.m,10240,128,512,65536,1024,64499,0,262144,258060,True
optimizer.safetensors,adam.value_embeds.3.weight.m,10368,128,512,65536,1024,64500,0,262144,258064,True
optimizer.safetensors,adam.value_embeds.3.weight.m,10496,128,512,65536,512,65012,0,262144,260112,True
optimizer.safetensors,adam.value_embeds.3.weight.m,10624,128,512,65536,1198,64329,0,262144,257380,True
optimizer.safetensors,adam.value_embeds.3.weight.m,10752,128,512,65536,1024,64504,0,262144,258080,True
optimizer.safetensors,adam.value_embeds.3.weight.m,10880,128,512,65536,1536,63984,0,262144,256000,True
optimizer.safetensors,adam.value_embeds.3.weight.m,11008,128,512,65536,1024,64501,0,262144,258068,True
optimizer.safetensors,adam.value_embeds.3.weight.m,11136,128,512,65536,1024,64494,0,262144,258040,True
optimizer.safetensors,adam.value_embeds.3.weight.m,11264,128,512,65536,512,65012,0,262144,260112,True
optimizer.safetensors,adam.value_embeds.3.weight.m,11392,128,512,65536,1548,63972,0,262144,255952,True
optimizer.safetensors,adam.value_embeds.3.weight.m,11520,128,512,65536,2896,62632,0,262144,250592,True
optimizer.safetensors,adam.value_embeds.3.weight.m,11648,128,512,65536,2571,62956,0,262144,251888,True
optimizer.safetensors,adam.value_embeds.3.weight.m,11776,128,512,65536,2093,63422,0,262144,253752,True
optimizer.safetensors,adam.value_embeds.3.weight.m,11904,128,512,65536,1536,63986,0,262144,256008,True
optimizer.safetensors,adam.value_embeds.3.weight.m,12032,128,512,65536,1536,63986,0,262144,256008,True
optimizer.safetensors,adam.value_embeds.3.weight.m,12160,128,512,65536,2472,63050,0,262144,252264,True
optimizer.safetensors,adam.value_embeds.3.weight.m,12288,128,512,65536,2734,62791,0,262144,251228,True
optimizer.safetensors,adam.value_embeds.3.weight.m,12416,128,512,65536,2630,62896,0,262144,251648,True
optimizer.safetensors,adam.value_embeds.3.weight.m,12544,128,512,65536,2209,63318,0,262144,253336,True
optimizer.safetensors,adam.value_embeds.3.weight.m,12672,128,512,65536,1290,64230,0,262144,256984,True
optimizer.safetensors,adam.value_embeds.3.weight.m,12800,128,512,65536,2048,63478,0,262144,253976,True
optimizer.safetensors,adam.value_embeds.3.weight.m,12928,128,512,65536,1026,64494,0,262144,258040,True
optimizer.safetensors,adam.value_embeds.3.weight.m,13056,128,512,65536,1536,63990,0,262144,256024,True
optimizer.safetensors,adam.value_embeds.3.weight.m,13184,128,512,65536,1024,64498,0,262144,258056,True
optimizer.safetensors,adam.value_embeds.3.weight.m,13312,128,512,65536,512,65012,0,262144,260112,True
optimizer.safetensors,adam.value_embeds.3.weight.m,13440,128,512,65536,2563,62956,0,262144,251888,True
optimizer.safetensors,adam.value_embeds.3.weight.m,13568,128,512,65536,1573,63949,0,262144,255860,True
optimizer.safetensors,adam.value_embeds.3.weight.m,13696,128,512,65536,1024,64502,0,262144,258072,True
optimizer.safetensors,adam.value_embeds.3.weight.m,13824,128,512,65536,2048,63473,0,262144,253956,True
optimizer.safetensors,adam.value_embeds.3.weight.m,13952,128,512,65536,512,65011,0,262144,260108,True
optimizer.safetensors,adam.value_embeds.3.weight.m,14080,128,512,65536,3072,62461,0,262144,249908,True
optimizer.safetensors,adam.value_embeds.3.weight.m,14208,128,512,65536,3072,62455,0,262144,249884,True
optimizer.safetensors,adam.value_embeds.3.weight.m,14336,128,512,65536,2048,63479,0,262144,253980,True
optimizer.safetensors,adam.value_embeds.3.weight.m,14464,128,512,65536,516,65008,0,262144,260096,True
optimizer.safetensors,adam.value_embeds.3.weight.m,14592,128,512,65536,0,65513,0,262144,262116,True
optimizer.safetensors,adam.value_embeds.3.weight.m,14720,128,512,65536,1024,64497,0,262144,258052,True
optimizer.safetensors,adam.value_embeds.3.weight.m,14848,128,512,65536,1024,64494,0,262144,258040,True
optimizer.safetensors,adam.value_embeds.3.weight.m,14976,128,512,65536,1024,64504,0,262144,258080,True
optimizer.safetensors,adam.value_embeds.3.weight.m,15104,128,512,65536,1024,64497,0,262144,258052,True
optimizer.safetensors,adam.value_embeds.3.weight.m,15232,128,512,65536,2058,63460,0,262144,253904,True
optimizer.safetensors,adam.value_embeds.3.weight.m,15360,128,512,65536,2540,62985,0,262144,252004,True
optimizer.safetensors,adam.value_embeds.3.weight.m,15488,128,512,65536,1679,63841,0,262144,255428,True
optimizer.safetensors,adam.value_embeds.3.weight.m,15616,128,512,65536,0,65525,0,262144,262164,True
optimizer.safetensors,adam.value_embeds.3.weight.m,15744,128,512,65536,1025,64501,0,262144,258068,True
optimizer.safetensors,adam.value_embeds.3.weight.m,15872,128,512,65536,774,64745,0,262144,259044,True
optimizer.safetensors,adam.value_embeds.3.weight.m,16000,128,512,65536,1536,63985,0,262144,256004,True
optimizer.safetensors,adam.value_embeds.3.weight.m,16128,128,512,65536,3090,62433,0,262144,249796,True
optimizer.safetensors,adam.value_embeds.3.weight.m,16256,128,512,65536,2048,63481,0,262144,253988,True
optimizer.safetensors,adam.value_embeds.3.weight.m,16384,128,512,65536,2564,62965,0,262144,251924,True
optimizer.safetensors,adam.value_embeds.3.weight.m,16512,128,512,65536,1024,64503,0,262144,258076,True
optimizer.safetensors,adam.value_embeds.3.weight.m,16640,128,512,65536,2560,62952,0,262144,251872,True
optimizer.safetensors,adam.value_embeds.3.weight.m,16768,128,512,65536,2560,62964,0,262144,251920,True
optimizer.safetensors,adam.value_embeds.3.weight.m,16896,128,512,65536,512,65014,0,262144,260120,True
optimizer.safetensors,adam.value_embeds.3.weight.m,17024,128,512,65536,2560,62963,0,262144,251916,True
optimizer.safetensors,adam.value_embeds.3.weight.m,17152,128,512,65536,1024,64495,0,262144,258044,True
optimizer.safetensors,adam.value_embeds.3.weight.m,17280,128,512,65536,2617,62910,0,262144,251704,True
optimizer.safetensors,adam.value_embeds.3.weight.m,17408,128,512,65536,1536,63991,0,262144,256028,True
optimizer.safetensors,adam.value_embeds.3.weight.m,17536,128,512,65536,803,64723,0,262144,258956,True
optimizer.safetensors,adam.value_embeds.3.weight.m,17664,128,512,65536,1484,64046,0,262144,256248,True
optimizer.safetensors,adam.value_embeds.3.weight.m,17792,128,512,65536,2407,63111,0,262144,252508,True
optimizer.safetensors,adam.value_embeds.3.weight.m,17920,128,512,65536,2363,63159,0,262144,252700,True
optimizer.safetensors,adam.value_embeds.3.weight.m,18048,128,512,65536,2384,63143,0,262144,252636,True
optimizer.safetensors,adam.value_embeds.3.weight.m,18176,128,512,65536,2560,62968,0,262144,251936,True
optimizer.safetensors,adam.value_embeds.3.weight.m,18304,128,512,65536,512,65016,0,262144,260128,True
optimizer.safetensors,adam.value_embeds.3.weight.m,18432,128,512,65536,515,65007,0,262144,260092,True
optimizer.safetensors,adam.value_embeds.3.weight.m,18560,128,512,65536,1025,64502,0,262144,258072,True
optimizer.safetensors,adam.value_embeds.3.weight.m,18688,128,512,65536,2603,62923,0,262144,251756,True
optimizer.safetensors,adam.value_embeds.3.weight.m,18816,128,512,65536,1344,64179,0,262144,256780,True
optimizer.safetensors,adam.value_embeds.3.weight.m,18944,128,512,65536,1024,64499,0,262144,258060,True
optimizer.safetensors,adam.value_embeds.3.weight.m,19072,128,512,65536,1025,64499,0,262144,258060,True
optimizer.safetensors,adam.value_embeds.3.weight.m,19200,128,512,65536,2790,62733,0,262144,250996,True
optimizer.safetensors,adam.value_embeds.3.weight.m,19328,128,512,65536,1536,63986,0,262144,256008,True
optimizer.safetensors,adam.value_embeds.3.weight.m,19456,128,512,65536,1025,64503,0,262144,258076,True
optimizer.safetensors,adam.value_embeds.3.weight.m,19584,128,512,65536,2185,63337,0,262144,253412,True
optimizer.safetensors,adam.value_embeds.3.weight.m,19712,128,512,65536,1541,63983,0,262144,255996,True
optimizer.safetensors,adam.value_embeds.3.weight.m,19840,128,512,65536,4110,61409,0,262144,245700,False
optimizer.safetensors,adam.value_embeds.3.weight.m,19968,128,512,65536,1024,64505,0,262144,258084,True
optimizer.safetensors,adam.value_embeds.3.weight.m,20096,128,512,65536,2048,63480,0,262144,253984,True
optimizer.safetensors,adam.value_embeds.3.weight.m,20224,128,512,65536,4096,61421,0,262144,245748,False
optimizer.safetensors,adam.value_embeds.3.weight.m,20352,128,512,65536,3072,62454,0,262144,249880,True
optimizer.safetensors,adam.value_embeds.3.weight.m,20480,128,512,65536,1024,64502,0,262144,258072,True
optimizer.safetensors,adam.value_embeds.3.weight.m,20608,128,512,65536,512,65014,0,262144,260120,True
optimizer.safetensors,adam.value_embeds.3.weight.m,20736,128,512,65536,2048,63476,0,262144,253968,True
optimizer.safetensors,adam.value_embeds.3.weight.m,20864,128,512,65536,2049,63477,0,262144,253972,True
optimizer.safetensors,adam.value_embeds.3.weight.m,20992,128,512,65536,2048,63482,0,262144,253992,True
optimizer.safetensors,adam.value_embeds.3.weight.m,21120,128,512,65536,2596,62928,0,262144,251776,True
optimizer.safetensors,adam.value_embeds.3.weight.m,21248,128,512,65536,3072,62455,0,262144,249884,True
optimizer.safetensors,adam.value_embeds.3.weight.m,21376,128,512,65536,2560,62969,0,262144,251940,True
optimizer.safetensors,adam.value_embeds.3.weight.m,21504,128,512,65536,3584,61942,0,262144,247832,False
optimizer.safetensors,adam.value_embeds.3.weight.m,21632,128,512,65536,1536,63989,0,262144,256020,True
optimizer.safetensors,adam.value_embeds.3.weight.m,21760,128,512,65536,1024,64508,0,262144,258096,True
optimizer.safetensors,adam.value_embeds.3.weight.m,21888,128,512,65536,1427,64099,0,262144,256460,True
optimizer.safetensors,adam.value_embeds.3.weight.m,22016,128,512,65536,1536,63987,0,262144,256012,True
optimizer.safetensors,adam.value_embeds.3.weight.m,22144,128,512,65536,1548,63973,0,262144,255956,True
optimizer.safetensors,adam.value_embeds.3.weight.m,22272,128,512,65536,2412,63120,0,262144,252544,True
optimizer.safetensors,adam.value_embeds.3.weight.m,22400,128,512,65536,2492,63034,0,262144,252200,True
optimizer.safetensors,adam.value_embeds.3.weight.m,22528,128,512,65536,2075,63453,0,262144,253876,True
optimizer.safetensors,adam.value_embeds.3.weight.m,22656,128,512,65536,1024,64496,0,262144,258048,True
optimizer.safetensors,adam.value_embeds.3.weight.m,22784,128,512,65536,1801,63719,0,262144,254940,True
optimizer.safetensors,adam.value_embeds.3.weight.m,22912,128,512,65536,2562,62955,0,262144,251884,True
optimizer.safetensors,adam.value_embeds.3.weight.m,23040,128,512,65536,1564,63955,0,262144,255884,True
optimizer.safetensors,adam.value_embeds.3.weight.m,23168,128,512,65536,1646,63877,0,262144,255572,True
optimizer.safetensors,adam.value_embeds.3.weight.m,23296,128,512,65536,1536,63989,0,262144,256020,True
optimizer.safetensors,adam.value_embeds.3.weight.m,23424,128,512,65536,0,65519,0,262144,262140,True
optimizer.safetensors,adam.value_embeds.3.weight.m,23552,128,512,65536,2204,63324,0,262144,253360,True
optimizer.safetensors,adam.value_embeds.3.weight.m,23680,128,512,65536,3076,62456,0,262144,249888,True
optimizer.safetensors,adam.value_embeds.3.weight.m,23808,128,512,65536,3072,62456,0,262144,249888,True
optimizer.safetensors,adam.value_embeds.3.weight.m,23936,128,512,65536,1536,63984,0,262144,256000,True
optimizer.safetensors,adam.value_embeds.3.weight.m,24064,128,512,65536,2058,63465,0,262144,253924,True
optimizer.safetensors,adam.value_embeds.3.weight.m,24192,128,512,65536,512,65017,0,262144,260132,True
optimizer.safetensors,adam.value_embeds.3.weight.m,24320,128,512,65536,1536,63991,0,262144,256028,True
optimizer.safetensors,adam.value_embeds.3.weight.m,24448,128,512,65536,3396,62131,0,262144,248588,False
optimizer.safetensors,adam.value_embeds.3.weight.m,24576,128,512,65536,2560,62962,0,262144,251912,True
optimizer.safetensors,adam.value_embeds.3.weight.m,24704,128,512,65536,2682,62846,0,262144,251448,True
optimizer.safetensors,adam.value_embeds.3.weight.m,24832,128,512,65536,3080,62444,0,262144,249840,True
optimizer.safetensors,adam.value_embeds.3.weight.m,24960,128,512,65536,4105,61420,0,262144,245744,False
optimizer.safetensors,adam.value_embeds.3.weight.m,25088,128,512,65536,2560,62968,0,262144,251936,True
optimizer.safetensors,adam.value_embeds.3.weight.m,25216,128,512,65536,1024,64494,0,262144,258040,True
optimizer.safetensors,adam.value_embeds.3.weight.m,25344,128,512,65536,3631,61887,0,262144,247612,False
optimizer.safetensors,adam.value_embeds.3.weight.m,25472,128,512,65536,1536,63985,0,262144,256004,True
optimizer.safetensors,adam.value_embeds.3.weight.m,25600,128,512,65536,1540,63987,0,262144,256012,True
optimizer.safetensors,adam.value_embeds.3.weight.m,25728,128,512,65536,2177,63344,0,262144,253440,True
optimizer.safetensors,adam.value_embeds.3.weight.m,25856,128,512,65536,1536,63987,0,262144,256012,True
optimizer.safetensors,adam.value_embeds.3.weight.m,25984,128,512,65536,3073,62450,0,262144,249864,True
optimizer.safetensors,adam.value_embeds.3.weight.m,26112,128,512,65536,3056,62474,0,262144,249960,True
optimizer.safetensors,adam.value_embeds.3.weight.m,26240,128,512,65536,1648,63881,0,262144,255588,True
optimizer.safetensors,adam.value_embeds.3.weight.m,26368,128,512,65536,2069,63458,0,262144,253896,True
optimizer.safetensors,adam.value_embeds.3.weight.m,26496,128,512,65536,2561,62967,0,262144,251932,True
optimizer.safetensors,adam.value_embeds.3.weight.m,26624,128,512,65536,3586,61941,0,262144,247828,False
optimizer.safetensors,adam.value_embeds.3.weight.m,26752,128,512,65536,519,65007,0,262144,260092,True
optimizer.safetensors,adam.value_embeds.3.weight.m,26880,128,512,65536,1255,64268,0,262144,257136,True
optimizer.safetensors,adam.value_embeds.3.weight.m,27008,128,512,65536,2439,63091,0,262144,252428,True
optimizer.safetensors,adam.value_embeds.3.weight.m,27136,128,512,65536,522,64999,0,262144,260060,True
optimizer.safetensors,adam.value_embeds.3.weight.m,27264,128,512,65536,512,65016,0,262144,260128,True
optimizer.safetensors,adam.value_embeds.3.weight.m,27392,128,512,65536,2050,63477,0,262144,253972,True
optimizer.safetensors,adam.value_embeds.3.weight.m,27520,128,512,65536,2929,62592,0,262144,250432,True
optimizer.safetensors,adam.value_embeds.3.weight.m,27648,128,512,65536,3584,61945,0,262144,247844,False
optimizer.safetensors,adam.value_embeds.3.weight.m,27776,128,512,65536,1536,63988,0,262144,256016,True
optimizer.safetensors,adam.value_embeds.3.weight.m,27904,128,512,65536,2258,63272,0,262144,253152,True
optimizer.safetensors,adam.value_embeds.3.weight.m,28032,128,512,65536,3584,61942,0,262144,247832,False
optimizer.safetensors,adam.value_embeds.3.weight.m,28160,128,512,65536,2050,63479,0,262144,253980,True
optimizer.safetensors,adam.value_embeds.3.weight.m,28288,128,512,65536,3727,61796,0,262144,247248,False
optimizer.safetensors,adam.value_embeds.3.weight.m,28416,128,512,65536,2560,62961,0,262144,251908,True
optimizer.safetensors,adam.value_embeds.3.weight.m,28544,128,512,65536,3584,61940,0,262144,247824,False
optimizer.safetensors,adam.value_embeds.3.weight.m,28672,128,512,65536,1024,64502,0,262144,258072,True
optimizer.safetensors,adam.value_embeds.3.weight.m,28800,128,512,65536,2744,62787,0,262144,251212,True
optimizer.safetensors,adam.value_embeds.3.weight.m,28928,128,512,65536,1545,63981,0,262144,255988,True
optimizer.safetensors,adam.value_embeds.3.weight.m,29056,128,512,65536,2044,63486,0,262144,254008,True
optimizer.safetensors,adam.value_embeds.3.weight.m,29184,128,512,65536,2067,63457,0,262144,253892,True
optimizer.safetensors,adam.value_embeds.3.weight.m,29312,128,512,65536,4622,60907,0,262144,243692,False
optimizer.safetensors,adam.value_embeds.3.weight.m,29440,128,512,65536,2120,63406,0,262144,253688,True
optimizer.safetensors,adam.value_embeds.3.weight.m,29568,128,512,65536,2048,63481,0,262144,253988,True
optimizer.safetensors,adam.value_embeds.3.weight.m,29696,128,512,65536,2834,62689,0,262144,250820,True
optimizer.safetensors,adam.value_embeds.3.weight.m,29824,128,512,65536,2863,62665,0,262144,250724,True
optimizer.safetensors,adam.value_embeds.3.weight.m,29952,128,512,65536,2583,62944,0,262144,251840,True
optimizer.safetensors,adam.value_embeds.3.weight.m,30080,128,512,65536,2431,63096,0,262144,252448,True
optimizer.safetensors,adam.value_embeds.3.weight.m,30208,128,512,65536,1024,64503,0,262144,258076,True
optimizer.safetensors,adam.value_embeds.3.weight.m,30336,128,512,65536,1032,64496,0,262144,258048,True
optimizer.safetensors,adam.value_embeds.3.weight.m,30464,128,512,65536,3090,62437,0,262144,249812,True
optimizer.safetensors,adam.value_embeds.3.weight.m,30592,128,512,65536,3115,62408,0,262144,249696,True
optimizer.safetensors,adam.value_embeds.3.weight.m,30720,128,512,65536,1136,64389,0,262144,257620,True
optimizer.safetensors,adam.value_embeds.3.weight.m,30848,128,512,65536,1499,64027,0,262144,256172,True
optimizer.safetensors,adam.value_embeds.3.weight.m,30976,128,512,65536,1536,63993,0,262144,256036,True
optimizer.safetensors,adam.value_embeds.3.weight.m,31104,128,512,65536,2563,62959,0,262144,251900,True
optimizer.safetensors,adam.value_embeds.3.weight.m,31232,128,512,65536,1050,64473,0,262144,257956,True
optimizer.safetensors,adam.value_embeds.3.weight.m,31360,128,512,65536,1891,63641,0,262144,254628,True
optimizer.safetensors,adam.value_embeds.3.weight.m,31488,128,512,65536,1780,63744,0,262144,255040,True
optimizer.safetensors,adam.value_embeds.3.weight.m,31616,128,512,65536,1536,63993,0,262144,256036,True
optimizer.safetensors,adam.value_embeds.3.weight.m,31744,128,512,65536,5049,60480,0,262144,241984,False
optimizer.safetensors,adam.value_embeds.3.weight.m,31872,128,512,65536,86,65435,0,262144,261804,True
optimizer.safetensors,adam.value_embeds.3.weight.m,32000,128,512,65536,1069,64450,0,262144,257864,True
optimizer.safetensors,adam.value_embeds.3.weight.m,32128,128,512,65536,0,65522,0,262144,262152,True
optimizer.safetensors,adam.value_embeds.3.weight.m,32256,128,512,65536,2567,62963,0,262144,251916,True
optimizer.safetensors,adam.value_embeds.3.weight.m,32384,128,512,65536,3584,61939,0,262144,247820,False
optimizer.safetensors,adam.value_embeds.3.weight.m,32512,128,512,65536,1122,64403,0,262144,257676,True
optimizer.safetensors,adam.value_embeds.3.weight.m,32640,128,512,65536,7680,57848,0,262144,231456,False
optimizer.safetensors,adam.value_embeds.3.weight.v,0,128,512,65536,16896,48635,0,262144,194604,False
optimizer.safetensors,adam.value_embeds.3.weight.v,128,128,512,65536,14336,51183,0,262144,204796,False
optimizer.safetensors,adam.value_embeds.3.weight.v,256,128,512,65536,0,65522,0,262144,262152,True
optimizer.safetensors,adam.value_embeds.3.weight.v,384,128,512,65536,0,65525,0,262144,262164,True
optimizer.safetensors,adam.value_embeds.3.weight.v,512,128,512,65536,0,65519,0,262144,262140,True
optimizer.safetensors,adam.value_embeds.3.weight.v,640,128,512,65536,1024,64500,0,262144,258064,True
optimizer.safetensors,adam.value_embeds.3.weight.v,768,128,512,65536,512,65016,0,262144,260128,True
optimizer.safetensors,adam.value_embeds.3.weight.v,896,128,512,65536,1024,64503,0,262144,258076,True
optimizer.safetensors,adam.value_embeds.3.weight.v,1024,128,512,65536,0,65523,0,262144,262156,True
optimizer.safetensors,adam.value_embeds.3.weight.v,1152,128,512,65536,0,65520,0,262144,262144,True
optimizer.safetensors,adam.value_embeds.3.weight.v,1280,128,512,65536,0,65518,0,262144,262136,True
optimizer.safetensors,adam.value_embeds.3.weight.v,1408,128,512,65536,1536,63986,0,262144,256008,True
optimizer.safetensors,adam.value_embeds.3.weight.v,1536,128,512,65536,0,65517,0,262144,262132,True
optimizer.safetensors,adam.value_embeds.3.weight.v,1664,128,512,65536,1024,64493,0,262144,258036,True
optimizer.safetensors,adam.value_embeds.3.weight.v,1792,128,512,65536,512,65017,0,262144,260132,True
optimizer.safetensors,adam.value_embeds.3.weight.v,1920,128,512,65536,1024,64502,0,262144,258072,True
optimizer.safetensors,adam.value_embeds.3.weight.v,2048,128,512,65536,512,65009,0,262144,260100,True
optimizer.safetensors,adam.value_embeds.3.weight.v,2176,128,512,65536,512,65011,0,262144,260108,True
optimizer.safetensors,adam.value_embeds.3.weight.v,2304,128,512,65536,1024,64492,0,262144,258032,True
optimizer.safetensors,adam.value_embeds.3.weight.v,2432,128,512,65536,512,65005,0,262144,260084,True
optimizer.safetensors,adam.value_embeds.3.weight.v,2560,128,512,65536,2048,63474,0,262144,253960,True
optimizer.safetensors,adam.value_embeds.3.weight.v,2688,128,512,65536,512,65004,0,262144,260080,True
optimizer.safetensors,adam.value_embeds.3.weight.v,2816,128,512,65536,1024,64494,0,262144,258040,True
optimizer.safetensors,adam.value_embeds.3.weight.v,2944,128,512,65536,1024,64504,0,262144,258080,True
optimizer.safetensors,adam.value_embeds.3.weight.v,3072,128,512,65536,512,65010,0,262144,260104,True
optimizer.safetensors,adam.value_embeds.3.weight.v,3200,128,512,65536,1024,64490,0,262144,258024,True
optimizer.safetensors,adam.value_embeds.3.weight.v,3328,128,512,65536,2048,63476,0,262144,253968,True
optimizer.safetensors,adam.value_embeds.3.weight.v,3456,128,512,65536,1536,63977,0,262144,255972,True
optimizer.safetensors,adam.value_embeds.3.weight.v,3584,128,512,65536,512,64999,0,262144,260060,True
optimizer.safetensors,adam.value_embeds.3.weight.v,3712,128,512,65536,1536,63990,0,262144,256024,True
optimizer.safetensors,adam.value_embeds.3.weight.v,3840,128,512,65536,0,65515,0,262144,262124,True
optimizer.safetensors,adam.value_embeds.3.weight.v,3968,128,512,65536,1024,64499,0,262144,258060,True
optimizer.safetensors,adam.value_embeds.3.weight.v,4096,128,512,65536,512,65007,0,262144,260092,True
optimizer.safetensors,adam.value_embeds.3.weight.v,4224,128,512,65536,512,65010,0,262144,260104,True
optimizer.safetensors,adam.value_embeds.3.weight.v,4352,128,512,65536,512,65015,0,262144,260124,True
optimizer.safetensors,adam.value_embeds.3.weight.v,4480,128,512,65536,1536,63982,0,262144,255992,True
optimizer.safetensors,adam.value_embeds.3.weight.v,4608,128,512,65536,512,65003,0,262144,260076,True
optimizer.safetensors,adam.value_embeds.3.weight.v,4736,128,512,65536,1024,64493,0,262144,258036,True
optimizer.safetensors,adam.value_embeds.3.weight.v,4864,128,512,65536,1536,63972,0,262144,255952,True
optimizer.safetensors,adam.value_embeds.3.weight.v,4992,128,512,65536,2048,63473,0,262144,253956,True
optimizer.safetensors,adam.value_embeds.3.weight.v,5120,128,512,65536,1024,64500,0,262144,258064,True
optimizer.safetensors,adam.value_embeds.3.weight.v,5248,128,512,65536,1536,63982,0,262144,255992,True
optimizer.safetensors,adam.value_embeds.3.weight.v,5376,128,512,65536,1024,64495,0,262144,258044,True
optimizer.safetensors,adam.value_embeds.3.weight.v,5504,128,512,65536,2560,62954,0,262144,251880,True
optimizer.safetensors,adam.value_embeds.3.weight.v,5632,128,512,65536,1536,63980,0,262144,255984,True
optimizer.safetensors,adam.value_embeds.3.weight.v,5760,128,512,65536,2048,63473,0,262144,253956,True
optimizer.safetensors,adam.value_embeds.3.weight.v,5888,128,512,65536,0,65513,0,262144,262116,True
optimizer.safetensors,adam.value_embeds.3.weight.v,6016,128,512,65536,0,65517,0,262144,262132,True
optimizer.safetensors,adam.value_embeds.3.weight.v,6144,128,512,65536,512,64993,0,262144,260036,True
optimizer.safetensors,adam.value_embeds.3.weight.v,6272,128,512,65536,1024,64486,0,262144,258008,True
optimizer.safetensors,adam.value_embeds.3.weight.v,6400,128,512,65536,2048,63472,0,262144,253952,True
optimizer.safetensors,adam.value_embeds.3.weight.v,6528,128,512,65536,2048,63461,0,262144,253908,True
optimizer.safetensors,adam.value_embeds.3.weight.v,6656,128,512,65536,1536,63986,0,262144,256008,True
optimizer.safetensors,adam.value_embeds.3.weight.v,6784,128,512,65536,2048,63468,0,262144,253936,True
optimizer.safetensors,adam.value_embeds.3.weight.v,6912,128,512,65536,1024,64488,0,262144,258016,True
optimizer.safetensors,adam.value_embeds.3.weight.v,7040,128,512,65536,0,65526,0,262144,262168,True
optimizer.safetensors,adam.value_embeds.3.weight.v,7168,128,512,65536,2048,63465,0,262144,253924,True
optimizer.safetensors,adam.value_embeds.3.weight.v,7296,128,512,65536,512,65012,0,262144,260112,True
optimizer.safetensors,adam.value_embeds.3.weight.v,7424,128,512,65536,512,64995,0,262144,260044,True
optimizer.safetensors,adam.value_embeds.3.weight.v,7552,128,512,65536,1024,64489,0,262144,258020,True
optimizer.safetensors,adam.value_embeds.3.weight.v,7680,128,512,65536,0,65519,0,262144,262140,True
optimizer.safetensors,adam.value_embeds.3.weight.v,7808,128,512,65536,1024,64492,0,262144,258032,True
optimizer.safetensors,adam.value_embeds.3.weight.v,7936,128,512,65536,512,65000,0,262144,260064,True
optimizer.safetensors,adam.value_embeds.3.weight.v,8064,128,512,65536,512,65008,0,262144,260096,True
optimizer.safetensors,adam.value_embeds.3.weight.v,8192,128,512,65536,1024,64492,0,262144,258032,True
optimizer.safetensors,adam.value_embeds.3.weight.v,8320,128,512,65536,512,64999,0,262144,260060,True
optimizer.safetensors,adam.value_embeds.3.weight.v,8448,128,512,65536,1024,64486,0,262144,258008,True
optimizer.safetensors,adam.value_embeds.3.weight.v,8576,128,512,65536,1536,63976,0,262144,255968,True
optimizer.safetensors,adam.value_embeds.3.weight.v,8704,128,512,65536,1024,64491,0,262144,258028,True
optimizer.safetensors,adam.value_embeds.3.weight.v,8832,128,512,65536,1024,64497,0,262144,258052,True
optimizer.safetensors,adam.value_embeds.3.weight.v,8960,128,512,65536,1024,64490,0,262144,258024,True
optimizer.safetensors,adam.value_embeds.3.weight.v,9088,128,512,65536,1024,64496,0,262144,258048,True
optimizer.safetensors,adam.value_embeds.3.weight.v,9216,128,512,65536,512,65005,0,262144,260084,True
optimizer.safetensors,adam.value_embeds.3.weight.v,9344,128,512,65536,512,65007,0,262144,260092,True
optimizer.safetensors,adam.value_embeds.3.weight.v,9472,128,512,65536,2048,63468,0,262144,253936,True
optimizer.safetensors,adam.value_embeds.3.weight.v,9600,128,512,65536,0,65515,0,262144,262124,True
optimizer.safetensors,adam.value_embeds.3.weight.v,9728,128,512,65536,1024,64496,0,262144,258048,True
optimizer.safetensors,adam.value_embeds.3.weight.v,9856,128,512,65536,1024,64489,0,262144,258020,True
optimizer.safetensors,adam.value_embeds.3.weight.v,9984,128,512,65536,1536,63978,0,262144,255976,True
optimizer.safetensors,adam.value_embeds.3.weight.v,10112,128,512,65536,1024,64493,0,262144,258036,True
optimizer.safetensors,adam.value_embeds.3.weight.v,10240,128,512,65536,1024,64492,0,262144,258032,True
optimizer.safetensors,adam.value_embeds.3.weight.v,10368,128,512,65536,1024,64499,0,262144,258060,True
optimizer.safetensors,adam.value_embeds.3.weight.v,10496,128,512,65536,0,65512,0,262144,262112,True
optimizer.safetensors,adam.value_embeds.3.weight.v,10624,128,512,65536,512,65004,0,262144,260080,True
optimizer.safetensors,adam.value_embeds.3.weight.v,10752,128,512,65536,0,65510,0,262144,262104,True
optimizer.safetensors,adam.value_embeds.3.weight.v,10880,128,512,65536,1024,64488,0,262144,258016,True
optimizer.safetensors,adam.value_embeds.3.weight.v,11008,128,512,65536,512,64999,0,262144,260060,True
optimizer.safetensors,adam.value_embeds.3.weight.v,11136,128,512,65536,0,65520,0,262144,262144,True
optimizer.safetensors,adam.value_embeds.3.weight.v,11264,128,512,65536,512,64999,0,262144,260060,True
optimizer.safetensors,adam.value_embeds.3.weight.v,11392,128,512,65536,512,65002,0,262144,260072,True
optimizer.safetensors,adam.value_embeds.3.weight.v,11520,128,512,65536,2048,63479,0,262144,253980,True
optimizer.safetensors,adam.value_embeds.3.weight.v,11648,128,512,65536,2048,63462,0,262144,253912,True
optimizer.safetensors,adam.value_embeds.3.weight.v,11776,128,512,65536,512,64999,0,262144,260060,True
optimizer.safetensors,adam.value_embeds.3.weight.v,11904,128,512,65536,1536,63977,0,262144,255972,True
optimizer.safetensors,adam.value_embeds.3.weight.v,12032,128,512,65536,1024,64499,0,262144,258060,True
optimizer.safetensors,adam.value_embeds.3.weight.v,12160,128,512,65536,2048,63460,0,262144,253904,True
optimizer.safetensors,adam.value_embeds.3.weight.v,12288,128,512,65536,1024,64482,0,262144,257992,True
optimizer.safetensors,adam.value_embeds.3.weight.v,12416,128,512,65536,1536,63977,0,262144,255972,True
optimizer.safetensors,adam.value_embeds.3.weight.v,12544,128,512,65536,1024,64490,0,262144,258024,True
optimizer.safetensors,adam.value_embeds.3.weight.v,12672,128,512,65536,512,65004,0,262144,260080,True
optimizer.safetensors,adam.value_embeds.3.weight.v,12800,128,512,65536,512,65011,0,262144,260108,True
optimizer.safetensors,adam.value_embeds.3.weight.v,12928,128,512,65536,1024,64485,0,262144,258004,True
optimizer.safetensors,adam.value_embeds.3.weight.v,13056,128,512,65536,512,65007,0,262144,260092,True
optimizer.safetensors,adam.value_embeds.3.weight.v,13184,128,512,65536,1024,64485,0,262144,258004,True
optimizer.safetensors,adam.value_embeds.3.weight.v,13312,128,512,65536,512,65003,0,262144,260076,True
optimizer.safetensors,adam.value_embeds.3.weight.v,13440,128,512,65536,1024,64492,0,262144,258032,True
optimizer.safetensors,adam.value_embeds.3.weight.v,13568,128,512,65536,1024,64487,0,262144,258012,True
optimizer.safetensors,adam.value_embeds.3.weight.v,13696,128,512,65536,1024,64499,0,262144,258060,True
optimizer.safetensors,adam.value_embeds.3.weight.v,13824,128,512,65536,1024,64488,0,262144,258016,True
optimizer.safetensors,adam.value_embeds.3.weight.v,13952,128,512,65536,512,65002,0,262144,260072,True
optimizer.safetensors,adam.value_embeds.3.weight.v,14080,128,512,65536,1024,64492,0,262144,258032,True
optimizer.safetensors,adam.value_embeds.3.weight.v,14208,128,512,65536,2048,63476,0,262144,253968,True
optimizer.safetensors,adam.value_embeds.3.weight.v,14336,128,512,65536,512,64998,0,262144,260056,True
optimizer.safetensors,adam.value_embeds.3.weight.v,14464,128,512,65536,0,65503,0,262144,262076,True
optimizer.safetensors,adam.value_embeds.3.weight.v,14592,128,512,65536,0,65515,0,262144,262124,True
optimizer.safetensors,adam.value_embeds.3.weight.v,14720,128,512,65536,512,65004,0,262144,260080,True
optimizer.safetensors,adam.value_embeds.3.weight.v,14848,128,512,65536,512,64995,0,262144,260044,True
optimizer.safetensors,adam.value_embeds.3.weight.v,14976,128,512,65536,1024,64488,0,262144,258016,True
optimizer.safetensors,adam.value_embeds.3.weight.v,15104,128,512,65536,512,65000,0,262144,260064,True
optimizer.safetensors,adam.value_embeds.3.weight.v,15232,128,512,65536,1024,64484,0,262144,258000,True
optimizer.safetensors,adam.value_embeds.3.weight.v,15360,128,512,65536,1536,63969,0,262144,255940,True
optimizer.safetensors,adam.value_embeds.3.weight.v,15488,128,512,65536,1536,63978,0,262144,255976,True
optimizer.safetensors,adam.value_embeds.3.weight.v,15616,128,512,65536,0,65506,0,262144,262088,True
optimizer.safetensors,adam.value_embeds.3.weight.v,15744,128,512,65536,512,64994,0,262144,260040,True
optimizer.safetensors,adam.value_embeds.3.weight.v,15872,128,512,65536,0,65511,0,262144,262108,True
optimizer.safetensors,adam.value_embeds.3.weight.v,16000,128,512,65536,1024,64495,0,262144,258044,True
optimizer.safetensors,adam.value_embeds.3.weight.v,16128,128,512,65536,1024,64490,0,262144,258024,True
optimizer.safetensors,adam.value_embeds.3.weight.v,16256,128,512,65536,2048,63459,0,262144,253900,True
optimizer.safetensors,adam.value_embeds.3.weight.v,16384,128,512,65536,1536,63969,0,262144,255940,True
optimizer.safetensors,adam.value_embeds.3.weight.v,16512,128,512,65536,0,65507,0,262144,262092,True
optimizer.safetensors,adam.value_embeds.3.weight.v,16640,128,512,65536,1536,63976,0,262144,255968,True
optimizer.safetensors,adam.value_embeds.3.weight.v,16768,128,512,65536,2560,62956,0,262144,251888,True
optimizer.safetensors,adam.value_embeds.3.weight.v,16896,128,512,65536,512,64992,0,262144,260032,True
optimizer.safetensors,adam.value_embeds.3.weight.v,17024,128,512,65536,2048,63456,0,262144,253888,True
optimizer.safetensors,adam.value_embeds.3.weight.v,17152,128,512,65536,512,64994,0,262144,260040,True
optimizer.safetensors,adam.value_embeds.3.weight.v,17280,128,512,65536,512,65001,0,262144,260068,True
optimizer.safetensors,adam.value_embeds.3.weight.v,17408,128,512,65536,512,64999,0,262144,260060,True
optimizer.safetensors,adam.value_embeds.3.weight.v,17536,128,512,65536,512,64993,0,262144,260036,True
optimizer.safetensors,adam.value_embeds.3.weight.v,17664,128,512,65536,512,64994,0,262144,260040,True
optimizer.safetensors,adam.value_embeds.3.weight.v,17792,128,512,65536,512,64996,0,262144,260048,True
optimizer.safetensors,adam.value_embeds.3.weight.v,17920,128,512,65536,1536,63970,0,262144,255944,True
optimizer.safetensors,adam.value_embeds.3.weight.v,18048,128,512,65536,512,65003,0,262144,260076,True
optimizer.safetensors,adam.value_embeds.3.weight.v,18176,128,512,65536,512,64996,0,262144,260048,True
optimizer.safetensors,adam.value_embeds.3.weight.v,18304,128,512,65536,512,64994,0,262144,260040,True
optimizer.safetensors,adam.value_embeds.3.weight.v,18432,128,512,65536,512,64994,0,262144,260040,True
optimizer.safetensors,adam.value_embeds.3.weight.v,18560,128,512,65536,512,64985,0,262144,260004,True
optimizer.safetensors,adam.value_embeds.3.weight.v,18688,128,512,65536,1536,63976,0,262144,255968,True
optimizer.safetensors,adam.value_embeds.3.weight.v,18816,128,512,65536,1024,64485,0,262144,258004,True
optimizer.safetensors,adam.value_embeds.3.weight.v,18944,128,512,65536,512,64996,0,262144,260048,True
optimizer.safetensors,adam.value_embeds.3.weight.v,19072,128,512,65536,0,65509,0,262144,262100,True
optimizer.safetensors,adam.value_embeds.3.weight.v,19200,128,512,65536,1536,63975,0,262144,255964,True
optimizer.safetensors,adam.value_embeds.3.weight.v,19328,128,512,65536,1024,64490,0,262144,258024,True
optimizer.safetensors,adam.value_embeds.3.weight.v,19456,128,512,65536,0,65515,0,262144,262124,True
optimizer.safetensors,adam.value_embeds.3.weight.v,19584,128,512,65536,512,64998,0,262144,260056,True
optimizer.safetensors,adam.value_embeds.3.weight.v,19712,128,512,65536,1024,64489,0,262144,258020,True
optimizer.safetensors,adam.value_embeds.3.weight.v,19840,128,512,65536,2560,62945,0,262144,251844,True
optimizer.safetensors,adam.value_embeds.3.weight.v,19968,128,512,65536,1024,64486,0,262144,258008,True
optimizer.safetensors,adam.value_embeds.3.weight.v,20096,128,512,65536,512,64995,0,262144,260044,True
optimizer.safetensors,adam.value_embeds.3.weight.v,20224,128,512,65536,2560,62958,0,262144,251896,True
optimizer.safetensors,adam.value_embeds.3.weight.v,20352,128,512,65536,1538,63971,0,262144,255948,True
optimizer.safetensors,adam.value_embeds.3.weight.v,20480,128,512,65536,0,65508,0,262144,262096,True
optimizer.safetensors,adam.value_embeds.3.weight.v,20608,128,512,65536,0,65505,0,262144,262084,True
optimizer.safetensors,adam.value_embeds.3.weight.v,20736,128,512,65536,1024,64488,0,262144,258016,True
optimizer.safetensors,adam.value_embeds.3.weight.v,20864,128,512,65536,513,64996,0,262144,260048,True
optimizer.safetensors,adam.value_embeds.3.weight.v,20992,128,512,65536,512,64999,0,262144,260060,True
optimizer.safetensors,adam.value_embeds.3.weight.v,21120,128,512,65536,2048,63465,0,262144,253924,True
optimizer.safetensors,adam.value_embeds.3.weight.v,21248,128,512,65536,1024,64489,0,262144,258020,True
optimizer.safetensors,adam.value_embeds.3.weight.v,21376,128,512,65536,0,65505,0,262144,262084,True
optimizer.safetensors,adam.value_embeds.3.weight.v,21504,128,512,65536,1536,63979,0,262144,255980,True
optimizer.safetensors,adam.value_embeds.3.weight.v,21632,128,512,65536,512,64998,0,262144,260056,True
optimizer.safetensors,adam.value_embeds.3.weight.v,21760,128,512,65536,512,64999,0,262144,260060,True
optimizer.safetensors,adam.value_embeds.3.weight.v,21888,128,512,65536,512,64990,0,262144,260024,True
optimizer.safetensors,adam.value_embeds.3.weight.v,22016,128,512,65536,512,65001,0,262144,260068,True
optimizer.safetensors,adam.value_embeds.3.weight.v,22144,128,512,65536,512,65000,0,262144,260064,True
optimizer.safetensors,adam.value_embeds.3.weight.v,22272,128,512,65536,1536,63956,0,262144,255888,True
optimizer.safetensors,adam.value_embeds.3.weight.v,22400,128,512,65536,1024,64477,0,262144,257972,True
optimizer.safetensors,adam.value_embeds.3.weight.v,22528,128,512,65536,512,64990,0,262144,260024,True
optimizer.safetensors,adam.value_embeds.3.weight.v,22656,128,512,65536,512,64996,0,262144,260048,True
optimizer.safetensors,adam.value_embeds.3.weight.v,22784,128,512,65536,0,65503,0,262144,262076,True
optimizer.safetensors,adam.value_embeds.3.weight.v,22912,128,512,65536,1536,63977,0,262144,255972,True
optimizer.safetensors,adam.value_embeds.3.weight.v,23040,128,512,65536,1024,64476,0,262144,257968,True
optimizer.safetensors,adam.value_embeds.3.weight.v,23168,128,512,65536,512,65004,0,262144,260080,True
optimizer.safetensors,adam.value_embeds.3.weight.v,23296,128,512,65536,1026,64485,0,262144,258004,True
optimizer.safetensors,adam.value_embeds.3.weight.v,23424,128,512,65536,0,65511,0,262144,262108,True
optimizer.safetensors,adam.value_embeds.3.weight.v,23552,128,512,65536,1536,63974,0,262144,255960,True
optimizer.safetensors,adam.value_embeds.3.weight.v,23680,128,512,65536,1024,64487,0,262144,258012,True
optimizer.safetensors,adam.value_embeds.3.weight.v,23808,128,512,65536,512,65004,0,262144,260080,True
optimizer.safetensors,adam.value_embeds.3.weight.v,23936,128,512,65536,512,65005,0,262144,260084,True
optimizer.safetensors,adam.value_embeds.3.weight.v,24064,128,512,65536,1536,63964,0,262144,255920,True
optimizer.safetensors,adam.value_embeds.3.weight.v,24192,128,512,65536,0,65499,0,262144,262060,True
optimizer.safetensors,adam.value_embeds.3.weight.v,24320,128,512,65536,512,64992,0,262144,260032,True
optimizer.safetensors,adam.value_embeds.3.weight.v,24448,128,512,65536,520,64996,0,262144,260048,True
optimizer.safetensors,adam.value_embeds.3.weight.v,24576,128,512,65536,1536,63984,0,262144,256000,True
optimizer.safetensors,adam.value_embeds.3.weight.v,24704,128,512,65536,1536,63975,0,262144,255964,True
optimizer.safetensors,adam.value_embeds.3.weight.v,24832,128,512,65536,512,64996,0,262144,260048,True
optimizer.safetensors,adam.value_embeds.3.weight.v,24960,128,512,65536,2048,63450,0,262144,253864,True
optimizer.safetensors,adam.value_embeds.3.weight.v,25088,128,512,65536,2048,63453,0,262144,253876,True
optimizer.safetensors,adam.value_embeds.3.weight.v,25216,128,512,65536,1024,64491,0,262144,258028,True
optimizer.safetensors,adam.value_embeds.3.weight.v,25344,128,512,65536,2049,63457,0,262144,253892,True
optimizer.safetensors,adam.value_embeds.3.weight.v,25472,128,512,65536,0,65504,0,262144,262080,True
optimizer.safetensors,adam.value_embeds.3.weight.v,25600,128,512,65536,0,65504,0,262144,262080,True
optimizer.safetensors,adam.value_embeds.3.weight.v,25728,128,512,65536,1024,64478,0,262144,257976,True
optimizer.safetensors,adam.value_embeds.3.weight.v,25856,128,512,65536,1024,64480,0,262144,257984,True
optimizer.safetensors,adam.value_embeds.3.weight.v,25984,128,512,65536,1536,63973,0,262144,255956,True
optimizer.safetensors,adam.value_embeds.3.weight.v,26112,128,512,65536,512,64992,0,262144,260032,True
optimizer.safetensors,adam.value_embeds.3.weight.v,26240,128,512,65536,512,64990,0,262144,260024,True
optimizer.safetensors,adam.value_embeds.3.weight.v,26368,128,512,65536,512,65002,0,262144,260072,True
optimizer.safetensors,adam.value_embeds.3.weight.v,26496,128,512,65536,1024,64485,0,262144,258004,True
optimizer.safetensors,adam.value_embeds.3.weight.v,26624,128,512,65536,2048,63461,0,262144,253908,True
optimizer.safetensors,adam.value_embeds.3.weight.v,26752,128,512,65536,0,65501,0,262144,262068,True
optimizer.safetensors,adam.value_embeds.3.weight.v,26880,128,512,65536,0,65508,0,262144,262096,True
optimizer.safetensors,adam.value_embeds.3.weight.v,27008,128,512,65536,1024,64484,0,262144,258000,True
optimizer.safetensors,adam.value_embeds.3.weight.v,27136,128,512,65536,0,65494,0,262144,262040,True
optimizer.safetensors,adam.value_embeds.3.weight.v,27264,128,512,65536,512,64979,0,262144,259980,True
optimizer.safetensors,adam.value_embeds.3.weight.v,27392,128,512,65536,1024,64485,0,262144,258004,True
optimizer.safetensors,adam.value_embeds.3.weight.v,27520,128,512,65536,1024,64494,0,262144,258040,True
optimizer.safetensors,adam.value_embeds.3.weight.v,27648,128,512,65536,1536,63963,0,262144,255916,True
optimizer.safetensors,adam.value_embeds.3.weight.v,27776,128,512,65536,1536,63964,0,262144,255920,True
optimizer.safetensors,adam.value_embeds.3.weight.v,27904,128,512,65536,0,65509,0,262144,262100,True
optimizer.safetensors,adam.value_embeds.3.weight.v,28032,128,512,65536,2560,62955,0,262144,251884,True
optimizer.safetensors,adam.value_embeds.3.weight.v,28160,128,512,65536,1536,63967,0,262144,255932,True
optimizer.safetensors,adam.value_embeds.3.weight.v,28288,128,512,65536,2048,63465,0,262144,253924,True
optimizer.safetensors,adam.value_embeds.3.weight.v,28416,128,512,65536,2048,63458,0,262144,253896,True
optimizer.safetensors,adam.value_embeds.3.weight.v,28544,128,512,65536,1025,64489,0,262144,258020,True
optimizer.safetensors,adam.value_embeds.3.weight.v,28672,128,512,65536,512,64996,0,262144,260048,True
optimizer.safetensors,adam.value_embeds.3.weight.v,28800,128,512,65536,512,65001,0,262144,260068,True
optimizer.safetensors,adam.value_embeds.3.weight.v,28928,128,512,65536,512,64999,0,262144,260060,True
optimizer.safetensors,adam.value_embeds.3.weight.v,29056,128,512,65536,1024,64484,0,262144,258000,True
optimizer.safetensors,adam.value_embeds.3.weight.v,29184,128,512,65536,512,65000,0,262144,260064,True
optimizer.safetensors,adam.value_embeds.3.weight.v,29312,128,512,65536,2560,62952,0,262144,251872,True
optimizer.safetensors,adam.value_embeds.3.weight.v,29440,128,512,65536,1536,63968,0,262144,255936,True
optimizer.safetensors,adam.value_embeds.3.weight.v,29568,128,512,65536,0,65499,0,262144,262060,True
optimizer.safetensors,adam.value_embeds.3.weight.v,29696,128,512,65536,1536,63959,0,262144,255900,True
optimizer.safetensors,adam.value_embeds.3.weight.v,29824,128,512,65536,2048,63457,0,262144,253892,True
optimizer.safetensors,adam.value_embeds.3.weight.v,29952,128,512,65536,1024,64491,0,262144,258028,True
optimizer.safetensors,adam.value_embeds.3.weight.v,30080,128,512,65536,1536,63964,0,262144,255920,True
optimizer.safetensors,adam.value_embeds.3.weight.v,30208,128,512,65536,512,64995,0,262144,260044,True
optimizer.safetensors,adam.value_embeds.3.weight.v,30336,128,512,65536,512,64996,0,262144,260048,True
optimizer.safetensors,adam.value_embeds.3.weight.v,30464,128,512,65536,1024,64477,0,262144,257972,True
optimizer.safetensors,adam.value_embeds.3.weight.v,30592,128,512,65536,1024,64478,0,262144,257976,True
optimizer.safetensors,adam.value_embeds.3.weight.v,30720,128,512,65536,0,65497,0,262144,262052,True
optimizer.safetensors,adam.value_embeds.3.weight.v,30848,128,512,65536,512,64995,0,262144,260044,True
optimizer.safetensors,adam.value_embeds.3.weight.v,30976,128,512,65536,1024,64481,0,262144,257988,True
optimizer.safetensors,adam.value_embeds.3.weight.v,31104,128,512,65536,512,64981,0,262144,259988,True
optimizer.safetensors,adam.value_embeds.3.weight.v,31232,128,512,65536,512,64987,0,262144,260012,True
optimizer.safetensors,adam.value_embeds.3.weight.v,31360,128,512,65536,512,64986,0,262144,260008,True
optimizer.safetensors,adam.value_embeds.3.weight.v,31488,128,512,65536,1024,64491,0,262144,258028,True
optimizer.safetensors,adam.value_embeds.3.weight.v,31616,128,512,65536,1024,64483,0,262144,257996,True
optimizer.safetensors,adam.value_embeds.3.weight.v,31744,128,512,65536,1024,64477,0,262144,257972,True
optimizer.safetensors,adam.value_embeds.3.weight.v,31872,128,512,65536,0,65504,0,262144,262080,True
optimizer.safetensors,adam.value_embeds.3.weight.v,32000,128,512,65536,0,65512,0,262144,262112,True
optimizer.safetensors,adam.value_embeds.3.weight.v,32128,128,512,65536,0,65503,0,262144,262076,True
optimizer.safetensors,adam.value_embeds.3.weight.v,32256,128,512,65536,0,65509,0,262144,262100,True
optimizer.safetensors,adam.value_embeds.3.weight.v,32384,128,512,65536,513,64992,0,262144,260032,True
optimizer.safetensors,adam.value_embeds.3.weight.v,32512,128,512,65536,0,65503,0,262144,262076,True
optimizer.safetensors,adam.value_embeds.3.weight.v,32640,128,512,65536,4608,60902,0,262144,243672,False
optimizer.safetensors,adam.value_embeds.5.weight.m,0,128,512,65536,17024,48503,0,262144,194076,False
optimizer.safetensors,adam.value_embeds.5.weight.m,128,128,512,65536,14553,50974,0,262144,203960,False
optimizer.safetensors,adam.value_embeds.5.weight.m,256,128,512,65536,0,65519,0,262144,262140,True
optimizer.safetensors,adam.value_embeds.5.weight.m,384,128,512,65536,0,65529,0,262144,262180,True
optimizer.safetensors,adam.value_embeds.5.weight.m,512,128,512,65536,0,65520,0,262144,262144,True
optimizer.safetensors,adam.value_embeds.5.weight.m,640,128,512,65536,1031,64493,0,262144,258036,True
optimizer.safetensors,adam.value_embeds.5.weight.m,768,128,512,65536,512,65013,0,262144,260116,True
optimizer.safetensors,adam.value_embeds.5.weight.m,896,128,512,65536,1024,64500,0,262144,258064,True
optimizer.safetensors,adam.value_embeds.5.weight.m,1024,128,512,65536,0,65529,0,262144,262180,True
optimizer.safetensors,adam.value_embeds.5.weight.m,1152,128,512,65536,512,65018,0,262144,260136,True
optimizer.safetensors,adam.value_embeds.5.weight.m,1280,128,512,65536,0,65529,0,262144,262180,True
optimizer.safetensors,adam.value_embeds.5.weight.m,1408,128,512,65536,1916,63608,0,262144,254496,True
optimizer.safetensors,adam.value_embeds.5.weight.m,1536,128,512,65536,1024,64503,0,262144,258076,True
optimizer.safetensors,adam.value_embeds.5.weight.m,1664,128,512,65536,1536,63996,0,262144,256048,True
optimizer.safetensors,adam.value_embeds.5.weight.m,1792,128,512,65536,2025,63501,0,262144,254068,True
optimizer.safetensors,adam.value_embeds.5.weight.m,1920,128,512,65536,1536,63991,0,262144,256028,True
optimizer.safetensors,adam.value_embeds.5.weight.m,2048,128,512,65536,1024,64503,0,262144,258076,True
optimizer.safetensors,adam.value_embeds.5.weight.m,2176,128,512,65536,1504,64024,0,262144,256160,True
optimizer.safetensors,adam.value_embeds.5.weight.m,2304,128,512,65536,2067,63457,0,262144,253892,True
optimizer.safetensors,adam.value_embeds.5.weight.m,2432,128,512,65536,1024,64502,0,262144,258072,True
optimizer.safetensors,adam.value_embeds.5.weight.m,2560,128,512,65536,2561,62971,0,262144,251948,True
optimizer.safetensors,adam.value_embeds.5.weight.m,2688,128,512,65536,1024,64503,0,262144,258076,True
optimizer.safetensors,adam.value_embeds.5.weight.m,2816,128,512,65536,2048,63478,0,262144,253976,True
optimizer.safetensors,adam.value_embeds.5.weight.m,2944,128,512,65536,1536,63993,0,262144,256036,True
optimizer.safetensors,adam.value_embeds.5.weight.m,3072,128,512,65536,512,65013,0,262144,260116,True
optimizer.safetensors,adam.value_embeds.5.weight.m,3200,128,512,65536,1536,63990,0,262144,256024,True
optimizer.safetensors,adam.value_embeds.5.weight.m,3328,128,512,65536,2560,62969,0,262144,251940,True
optimizer.safetensors,adam.value_embeds.5.weight.m,3456,128,512,65536,1536,63992,0,262144,256032,True
optimizer.safetensors,adam.value_embeds.5.weight.m,3584,128,512,65536,512,65010,0,262144,260104,True
optimizer.safetensors,adam.value_embeds.5.weight.m,3712,128,512,65536,1708,63814,0,262144,255320,True
optimizer.safetensors,adam.value_embeds.5.weight.m,3840,128,512,65536,1024,64502,0,262144,258072,True
optimizer.safetensors,adam.value_embeds.5.weight.m,3968,128,512,65536,1536,63989,0,262144,256020,True
optimizer.safetensors,adam.value_embeds.5.weight.m,4096,128,512,65536,512,65015,0,262144,260124,True
optimizer.safetensors,adam.value_embeds.5.weight.m,4224,128,512,65536,512,65022,0,262144,260152,True
optimizer.safetensors,adam.value_embeds.5.weight.m,4352,128,512,65536,826,64691,0,262144,258828,True
optimizer.safetensors,adam.value_embeds.5.weight.m,4480,128,512,65536,2048,63480,0,262144,253984,True
optimizer.safetensors,adam.value_embeds.5.weight.m,4608,128,512,65536,819,64706,0,262144,258888,True
optimizer.safetensors,adam.value_embeds.5.weight.m,4736,128,512,65536,1024,64504,0,262144,258080,True
optimizer.safetensors,adam.value_embeds.5.weight.m,4864,128,512,65536,1536,63991,0,262144,256028,True
optimizer.safetensors,adam.value_embeds.5.weight.m,4992,128,512,65536,2560,62966,0,262144,251928,True
optimizer.safetensors,adam.value_embeds.5.weight.m,5120,128,512,65536,2048,63476,0,262144,253968,True
optimizer.safetensors,adam.value_embeds.5.weight.m,5248,128,512,65536,1536,63991,0,262144,256028,True
optimizer.safetensors,adam.value_embeds.5.weight.m,5376,128,512,65536,1591,63934,0,262144,255800,True
optimizer.safetensors,adam.value_embeds.5.weight.m,5504,128,512,65536,2775,62755,0,262144,251084,True
optimizer.safetensors,adam.value_embeds.5.weight.m,5632,128,512,65536,2448,63077,0,262144,252372,True
optimizer.safetensors,adam.value_embeds.5.weight.m,5760,128,512,65536,2048,63480,0,262144,253984,True
optimizer.safetensors,adam.value_embeds.5.weight.m,5888,128,512,65536,0,65528,0,262144,262176,True
optimizer.safetensors,adam.value_embeds.5.weight.m,6016,128,512,65536,0,65522,0,262144,262152,True
optimizer.safetensors,adam.value_embeds.5.weight.m,6144,128,512,65536,1536,63986,0,262144,256008,True
optimizer.safetensors,adam.value_embeds.5.weight.m,6272,128,512,65536,1024,64501,0,262144,258068,True
optimizer.safetensors,adam.value_embeds.5.weight.m,6400,128,512,65536,2560,62970,0,262144,251944,True
optimizer.safetensors,adam.value_embeds.5.weight.m,6528,128,512,65536,2048,63478,0,262144,253976,True
optimizer.safetensors,adam.value_embeds.5.weight.m,6656,128,512,65536,2948,62574,0,262144,250360,True
optimizer.safetensors,adam.value_embeds.5.weight.m,6784,128,512,65536,2560,62969,0,262144,251940,True
optimizer.safetensors,adam.value_embeds.5.weight.m,6912,128,512,65536,1024,64497,0,262144,258052,True
optimizer.safetensors,adam.value_embeds.5.weight.m,7040,128,512,65536,1033,64490,0,262144,258024,True
optimizer.safetensors,adam.value_embeds.5.weight.m,7168,128,512,65536,2048,63472,0,262144,253952,True
optimizer.safetensors,adam.value_embeds.5.weight.m,7296,128,512,65536,1081,64449,0,262144,257860,True
optimizer.safetensors,adam.value_embeds.5.weight.m,7424,128,512,65536,1548,63969,0,262144,255940,True
optimizer.safetensors,adam.value_embeds.5.weight.m,7552,128,512,65536,1536,63985,0,262144,256004,True
optimizer.safetensors,adam.value_embeds.5.weight.m,7680,128,512,65536,1024,64504,0,262144,258080,True
optimizer.safetensors,adam.value_embeds.5.weight.m,7808,128,512,65536,2048,63471,0,262144,253948,True
optimizer.safetensors,adam.value_embeds.5.weight.m,7936,128,512,65536,1024,64501,0,262144,258068,True
optimizer.safetensors,adam.value_embeds.5.weight.m,8064,128,512,65536,1024,64500,0,262144,258064,True
optimizer.safetensors,adam.value_embeds.5.weight.m,8192,128,512,65536,1541,63988,0,262144,256016,True
optimizer.safetensors,adam.value_embeds.5.weight.m,8320,128,512,65536,1536,63987,0,262144,256012,True
optimizer.safetensors,adam.value_embeds.5.weight.m,8448,128,512,65536,2048,63477,0,262144,253972,True
optimizer.safetensors,adam.value_embeds.5.weight.m,8576,128,512,65536,2048,63480,0,262144,253984,True
optimizer.safetensors,adam.value_embeds.5.weight.m,8704,128,512,65536,3072,62457,0,262144,249892,True
optimizer.safetensors,adam.value_embeds.5.weight.m,8832,128,512,65536,2996,62529,0,262144,250180,True
optimizer.safetensors,adam.value_embeds.5.weight.m,8960,128,512,65536,2560,62967,0,262144,251932,True
optimizer.safetensors,adam.value_embeds.5.weight.m,9088,128,512,65536,1536,63991,0,262144,256028,True
optimizer.safetensors,adam.value_embeds.5.weight.m,9216,128,512,65536,1024,64495,0,262144,258044,True
optimizer.safetensors,adam.value_embeds.5.weight.m,9344,128,512,65536,512,65015,0,262144,260124,True
optimizer.safetensors,adam.value_embeds.5.weight.m,9472,128,512,65536,2475,63048,0,262144,252256,True
optimizer.safetensors,adam.value_embeds.5.weight.m,9600,128,512,65536,512,65010,0,262144,260104,True
optimizer.safetensors,adam.value_embeds.5.weight.m,9728,128,512,65536,1491,64033,0,262144,256196,True
optimizer.safetensors,adam.value_embeds.5.weight.m,9856,128,512,65536,1024,64499,0,262144,258060,True
optimizer.safetensors,adam.value_embeds.5.weight.m,9984,128,512,65536,3073,62452,0,262144,249872,True
optimizer.safetensors,adam.value_embeds.5.weight.m,10112,128,512,65536,1960,63559,0,262144,254300,True
optimizer.safetensors,adam.value_embeds.5.weight.m,10240,128,512,65536,1024,64490,0,262144,258024,True
optimizer.safetensors,adam.value_embeds.5.weight.m,10368,128,512,65536,1024,64504,0,262144,258080,True
optimizer.safetensors,adam.value_embeds.5.weight.m,10496,128,512,65536,512,65009,0,262144,260100,True
optimizer.safetensors,adam.value_embeds.5.weight.m,10624,128,512,65536,1283,64242,0,262144,257032,True
optimizer.safetensors,adam.value_embeds.5.weight.m,10752,128,512,65536,1024,64499,0,262144,258060,True
optimizer.safetensors,adam.value_embeds.5.weight.m,10880,128,512,65536,1536,63991,0,262144,256028,True
optimizer.safetensors,adam.value_embeds.5.weight.m,11008,128,512,65536,1024,64498,0,262144,258056,True
optimizer.safetensors,adam.value_embeds.5.weight.m,11136,128,512,65536,1024,64501,0,262144,258068,True
optimizer.safetensors,adam.value_embeds.5.weight.m,11264,128,512,65536,512,65011,0,262144,260108,True
optimizer.safetensors,adam.value_embeds.5.weight.m,11392,128,512,65536,1485,64031,0,262144,256188,True
optimizer.safetensors,adam.value_embeds.5.weight.m,11520,128,512,65536,3072,62452,0,262144,249872,True
optimizer.safetensors,adam.value_embeds.5.weight.m,11648,128,512,65536,2562,62961,0,262144,251908,True
optimizer.safetensors,adam.value_embeds.5.weight.m,11776,128,512,65536,2153,63371,0,262144,253548,True
optimizer.safetensors,adam.value_embeds.5.weight.m,11904,128,512,65536,1536,63985,0,262144,256004,True
optimizer.safetensors,adam.value_embeds.5.weight.m,12032,128,512,65536,1537,63986,0,262144,256008,True
optimizer.safetensors,adam.value_embeds.5.weight.m,12160,128,512,65536,2529,62988,0,262144,252016,True
optimizer.safetensors,adam.value_embeds.5.weight.m,12288,128,512,65536,2677,62848,0,262144,251456,True
optimizer.safetensors,adam.value_embeds.5.weight.m,12416,128,512,65536,2661,62864,0,262144,251520,True
optimizer.safetensors,adam.value_embeds.5.weight.m,12544,128,512,65536,2217,63306,0,262144,253288,True
optimizer.safetensors,adam.value_embeds.5.weight.m,12672,128,512,65536,1251,64267,0,262144,257132,True
optimizer.safetensors,adam.value_embeds.5.weight.m,12800,128,512,65536,2048,63475,0,262144,253964,True
optimizer.safetensors,adam.value_embeds.5.weight.m,12928,128,512,65536,1058,64469,0,262144,257940,True
optimizer.safetensors,adam.value_embeds.5.weight.m,13056,128,512,65536,1536,63994,0,262144,256040,True
optimizer.safetensors,adam.value_embeds.5.weight.m,13184,128,512,65536,1024,64504,0,262144,258080,True
optimizer.safetensors,adam.value_embeds.5.weight.m,13312,128,512,65536,512,65019,0,262144,260140,True
optimizer.safetensors,adam.value_embeds.5.weight.m,13440,128,512,65536,2564,62955,0,262144,251884,True
optimizer.safetensors,adam.value_embeds.5.weight.m,13568,128,512,65536,1795,63731,0,262144,254988,True
optimizer.safetensors,adam.value_embeds.5.weight.m,13696,128,512,65536,1024,64495,0,262144,258044,True
optimizer.safetensors,adam.value_embeds.5.weight.m,13824,128,512,65536,2048,63473,0,262144,253956,True
optimizer.safetensors,adam.value_embeds.5.weight.m,13952,128,512,65536,512,65014,0,262144,260120,True
optimizer.safetensors,adam.value_embeds.5.weight.m,14080,128,512,65536,2983,62545,0,262144,250244,True
optimizer.safetensors,adam.value_embeds.5.weight.m,14208,128,512,65536,3072,62453,0,262144,249876,True
optimizer.safetensors,adam.value_embeds.5.weight.m,14336,128,512,65536,2048,63472,0,262144,253952,True
optimizer.safetensors,adam.value_embeds.5.weight.m,14464,128,512,65536,518,65002,0,262144,260072,True
optimizer.safetensors,adam.value_embeds.5.weight.m,14592,128,512,65536,0,65529,0,262144,262180,True
optimizer.safetensors,adam.value_embeds.5.weight.m,14720,128,512,65536,1024,64500,0,262144,258064,True
optimizer.safetensors,adam.value_embeds.5.weight.m,14848,128,512,65536,1024,64503,0,262144,258076,True
optimizer.safetensors,adam.value_embeds.5.weight.m,14976,128,512,65536,1024,64501,0,262144,258068,True
optimizer.safetensors,adam.value_embeds.5.weight.m,15104,128,512,65536,1024,64504,0,262144,258080,True
optimizer.safetensors,adam.value_embeds.5.weight.m,15232,128,512,65536,2070,63453,0,262144,253876,True
optimizer.safetensors,adam.value_embeds.5.weight.m,15360,128,512,65536,2560,62957,0,262144,251892,True
optimizer.safetensors,adam.value_embeds.5.weight.m,15488,128,512,65536,1738,63784,0,262144,255200,True
optimizer.safetensors,adam.value_embeds.5.weight.m,15616,128,512,65536,0,65527,0,262144,262172,True
optimizer.safetensors,adam.value_embeds.5.weight.m,15744,128,512,65536,1025,64495,0,262144,258044,True
optimizer.safetensors,adam.value_embeds.5.weight.m,15872,128,512,65536,785,64740,0,262144,259024,True
optimizer.safetensors,adam.value_embeds.5.weight.m,16000,128,512,65536,1536,63987,0,262144,256012,True
optimizer.safetensors,adam.value_embeds.5.weight.m,16128,128,512,65536,3061,62465,0,262144,249924,True
optimizer.safetensors,adam.value_embeds.5.weight.m,16256,128,512,65536,2048,63474,0,262144,253960,True
optimizer.safetensors,adam.value_embeds.5.weight.m,16384,128,512,65536,2570,62954,0,262144,251880,True
optimizer.safetensors,adam.value_embeds.5.weight.m,16512,128,512,65536,1024,64496,0,262144,258048,True
optimizer.safetensors,adam.value_embeds.5.weight.m,16640,128,512,65536,2560,62965,0,262144,251924,True
optimizer.safetensors,adam.value_embeds.5.weight.m,16768,128,512,65536,2560,62960,0,262144,251904,True
optimizer.safetensors,adam.value_embeds.5.weight.m,16896,128,512,65536,512,65011,0,262144,260108,True
optimizer.safetensors,adam.value_embeds.5.weight.m,17024,128,512,65536,2560,62966,0,262144,251928,True
optimizer.safetensors,adam.value_embeds.5.weight.m,17152,128,512,65536,1024,64496,0,262144,258048,True
optimizer.safetensors,adam.value_embeds.5.weight.m,17280,128,512,65536,2607,62922,0,262144,251752,True
optimizer.safetensors,adam.value_embeds.5.weight.m,17408,128,512,65536,1536,63985,0,262144,256004,True
optimizer.safetensors,adam.value_embeds.5.weight.m,17536,128,512,65536,868,64650,0,262144,258664,True
optimizer.safetensors,adam.value_embeds.5.weight.m,17664,128,512,65536,1536,63991,0,262144,256028,True
optimizer.safetensors,adam.value_embeds.5.weight.m,17792,128,512,65536,2450,63068,0,262144,252336,True
optimizer.safetensors,adam.value_embeds.5.weight.m,17920,128,512,65536,2507,63019,0,262144,252140,True
optimizer.safetensors,adam.value_embeds.5.weight.m,18048,128,512,65536,2375,63151,0,262144,252668,True
optimizer.safetensors,adam.value_embeds.5.weight.m,18176,128,512,65536,2560,62965,0,262144,251924,True
optimizer.safetensors,adam.value_embeds.5.weight.m,18304,128,512,65536,513,65016,0,262144,260128,True
optimizer.safetensors,adam.value_embeds.5.weight.m,18432,128,512,65536,512,65013,0,262144,260116,True
optimizer.safetensors,adam.value_embeds.5.weight.m,18560,128,512,65536,1029,64492,0,262144,258032,True
optimizer.safetensors,adam.value_embeds.5.weight.m,18688,128,512,65536,2569,62958,0,262144,251896,True
optimizer.safetensors,adam.value_embeds.5.weight.m,18816,128,512,65536,1505,64019,0,262144,256140,True
optimizer.safetensors,adam.value_embeds.5.weight.m,18944,128,512,65536,1024,64502,0,262144,258072,True
optimizer.safetensors,adam.value_embeds.5.weight.m,19072,128,512,65536,1025,64503,0,262144,258076,True
optimizer.safetensors,adam.value_embeds.5.weight.m,19200,128,512,65536,2957,62570,0,262144,250344,True
optimizer.safetensors,adam.value_embeds.5.weight.m,19328,128,512,65536,1536,63989,0,262144,256020,True
optimizer.safetensors,adam.value_embeds.5.weight.m,19456,128,512,65536,1025,64501,0,262144,258068,True
optimizer.safetensors,adam.value_embeds.5.weight.m,19584,128,512,65536,2199,63320,0,262144,253344,True
optimizer.safetensors,adam.value_embeds.5.weight.m,19712,128,512,65536,1547,63975,0,262144,255964,True
optimizer.safetensors,adam.value_embeds.5.weight.m,19840,128,512,65536,4108,61417,0,262144,245732,False
optimizer.safetensors,adam.value_embeds.5.weight.m,19968,128,512,65536,1024,64502,0,262144,258072,True
optimizer.safetensors,adam.value_embeds.5.weight.m,20096,128,512,65536,2048,63478,0,262144,253976,True
optimizer.safetensors,adam.value_embeds.5.weight.m,20224,128,512,65536,4096,61423,0,262144,245756,False
optimizer.safetensors,adam.value_embeds.5.weight.m,20352,128,512,65536,3072,62455,0,262144,249884,True
optimizer.safetensors,adam.value_embeds.5.weight.m,20480,128,512,65536,1024,64499,0,262144,258060,True
optimizer.safetensors,adam.value_embeds.5.weight.m,20608,128,512,65536,512,65016,0,262144,260128,True
optimizer.safetensors,adam.value_embeds.5.weight.m,20736,128,512,65536,2048,63481,0,262144,253988,True
optimizer.safetensors,adam.value_embeds.5.weight.m,20864,128,512,65536,2050,63475,0,262144,253964,True
optimizer.safetensors,adam.value_embeds.5.weight.m,20992,128,512,65536,2048,63479,0,262144,253980,True
optimizer.safetensors,adam.value_embeds.5.weight.m,21120,128,512,65536,2568,62958,0,262144,251896,True
optimizer.safetensors,adam.value_embeds.5.weight.m,21248,128,512,65536,3072,62455,0,262144,249884,True
optimizer.safetensors,adam.value_embeds.5.weight.m,21376,128,512,65536,2560,62964,0,262144,251920,True
optimizer.safetensors,adam.value_embeds.5.weight.m,21504,128,512,65536,3587,61940,0,262144,247824,False
optimizer.safetensors,adam.value_embeds.5.weight.m,21632,128,512,65536,1536,63987,0,262144,256012,True
optimizer.safetensors,adam.value_embeds.5.weight.m,21760,128,512,65536,1026,64500,0,262144,258064,True
optimizer.safetensors,adam.value_embeds.5.weight.m,21888,128,512,65536,1330,64200,0,262144,256864,True
optimizer.safetensors,adam.value_embeds.5.weight.m,22016,128,512,65536,1536,63981,0,262144,255988,True
optimizer.safetensors,adam.value_embeds.5.weight.m,22144,128,512,65536,1614,63915,0,262144,255724,True
optimizer.safetensors,adam.value_embeds.5.weight.m,22272,128,512,65536,2484,63044,0,262144,252240,True
optimizer.safetensors,adam.value_embeds.5.weight.m,22400,128,512,65536,2441,63082,0,262144,252392,True
optimizer.safetensors,adam.value_embeds.5.weight.m,22528,128,512,65536,2103,63426,0,262144,253768,True
optimizer.safetensors,adam.value_embeds.5.weight.m,22656,128,512,65536,1024,64493,0,262144,258036,True
optimizer.safetensors,adam.value_embeds.5.weight.m,22784,128,512,65536,1863,63654,0,262144,254680,True
optimizer.safetensors,adam.value_embeds.5.weight.m,22912,128,512,65536,2563,62960,0,262144,251904,True
optimizer.safetensors,adam.value_embeds.5.weight.m,23040,128,512,65536,1657,63861,0,262144,255508,True
optimizer.safetensors,adam.value_embeds.5.weight.m,23168,128,512,65536,1719,63804,0,262144,255280,True
optimizer.safetensors,adam.value_embeds.5.weight.m,23296,128,512,65536,1536,63991,0,262144,256028,True
optimizer.safetensors,adam.value_embeds.5.weight.m,23424,128,512,65536,1,65521,0,262144,262148,True
optimizer.safetensors,adam.value_embeds.5.weight.m,23552,128,512,65536,2397,63134,0,262144,252600,True
optimizer.safetensors,adam.value_embeds.5.weight.m,23680,128,512,65536,3074,62454,0,262144,249880,True
optimizer.safetensors,adam.value_embeds.5.weight.m,23808,128,512,65536,3072,62456,0,262144,249888,True
optimizer.safetensors,adam.value_embeds.5.weight.m,23936,128,512,65536,1537,63991,0,262144,256028,True
optimizer.safetensors,adam.value_embeds.5.weight.m,24064,128,512,65536,2178,63350,0,262144,253464,True
optimizer.safetensors,adam.value_embeds.5.weight.m,24192,128,512,65536,512,65013,0,262144,260116,True
optimizer.safetensors,adam.value_embeds.5.weight.m,24320,128,512,65536,1536,63992,0,262144,256032,True
optimizer.safetensors,adam.value_embeds.5.weight.m,24448,128,512,65536,3454,62069,0,262144,248340,False
optimizer.safetensors,adam.value_embeds.5.weight.m,24576,128,512,65536,2560,62961,0,262144,251908,True
optimizer.safetensors,adam.value_embeds.5.weight.m,24704,128,512,65536,2798,62727,0,262144,250972,True
optimizer.safetensors,adam.value_embeds.5.weight.m,24832,128,512,65536,3086,62436,0,262144,249808,True
optimizer.safetensors,adam.value_embeds.5.weight.m,24960,128,512,65536,4114,61414,0,262144,245720,False
optimizer.safetensors,adam.value_embeds.5.weight.m,25088,128,512,65536,2560,62971,0,262144,251948,True
optimizer.safetensors,adam.value_embeds.5.weight.m,25216,128,512,65536,1024,64496,0,262144,258048,True
optimizer.safetensors,adam.value_embeds.5.weight.m,25344,128,512,65536,3593,61934,0,262144,247800,False
optimizer.safetensors,adam.value_embeds.5.weight.m,25472,128,512,65536,1536,63990,0,262144,256024,True
optimizer.safetensors,adam.value_embeds.5.weight.m,25600,128,512,65536,1538,63992,0,262144,256032,True
optimizer.safetensors,adam.value_embeds.5.weight.m,25728,128,512,65536,2214,63317,0,262144,253332,True
optimizer.safetensors,adam.value_embeds.5.weight.m,25856,128,512,65536,1536,63993,0,262144,256036,True
optimizer.safetensors,adam.value_embeds.5.weight.m,25984,128,512,65536,3072,62456,0,262144,249888,True
optimizer.safetensors,adam.value_embeds.5.weight.m,26112,128,512,65536,3072,62454,0,262144,249880,True
optimizer.safetensors,adam.value_embeds.5.weight.m,26240,128,512,65536,1588,63940,0,262144,255824,True
optimizer.safetensors,adam.value_embeds.5.weight.m,26368,128,512,65536,2087,63441,0,262144,253828,True
optimizer.safetensors,adam.value_embeds.5.weight.m,26496,128,512,65536,2564,62963,0,262144,251916,True
optimizer.safetensors,adam.value_embeds.5.weight.m,26624,128,512,65536,3614,61914,0,262144,247720,False
optimizer.safetensors,adam.value_embeds.5.weight.m,26752,128,512,65536,515,65013,0,262144,260116,True
optimizer.safetensors,adam.value_embeds.5.weight.m,26880,128,512,65536,1217,64310,0,262144,257304,True
optimizer.safetensors,adam.value_embeds.5.weight.m,27008,128,512,65536,2461,63066,0,262144,252328,True
optimizer.safetensors,adam.value_embeds.5.weight.m,27136,128,512,65536,518,65002,0,262144,260072,True
optimizer.safetensors,adam.value_embeds.5.weight.m,27264,128,512,65536,512,65017,0,262144,260132,True
optimizer.safetensors,adam.value_embeds.5.weight.m,27392,128,512,65536,2054,63472,0,262144,253952,True
optimizer.safetensors,adam.value_embeds.5.weight.m,27520,128,512,65536,3068,62457,0,262144,249892,True
optimizer.safetensors,adam.value_embeds.5.weight.m,27648,128,512,65536,3586,61938,0,262144,247816,False
optimizer.safetensors,adam.value_embeds.5.weight.m,27776,128,512,65536,1536,63987,0,262144,256012,True
optimizer.safetensors,adam.value_embeds.5.weight.m,27904,128,512,65536,2201,63328,0,262144,253376,True
optimizer.safetensors,adam.value_embeds.5.weight.m,28032,128,512,65536,3584,61939,0,262144,247820,False
optimizer.safetensors,adam.value_embeds.5.weight.m,28160,128,512,65536,2050,63473,0,262144,253956,True
optimizer.safetensors,adam.value_embeds.5.weight.m,28288,128,512,65536,3746,61777,0,262144,247172,False
optimizer.safetensors,adam.value_embeds.5.weight.m,28416,128,512,65536,2560,62968,0,262144,251936,True
optimizer.safetensors,adam.value_embeds.5.weight.m,28544,128,512,65536,3585,61939,0,262144,247820,False
optimizer.safetensors,adam.value_embeds.5.weight.m,28672,128,512,65536,1024,64500,0,262144,258064,True
optimizer.safetensors,adam.value_embeds.5.weight.m,28800,128,512,65536,2892,62638,0,262144,250616,True
optimizer.safetensors,adam.value_embeds.5.weight.m,28928,128,512,65536,1565,63962,0,262144,255912,True
optimizer.safetensors,adam.value_embeds.5.weight.m,29056,128,512,65536,1952,63574,0,262144,254360,True
optimizer.safetensors,adam.value_embeds.5.weight.m,29184,128,512,65536,2063,63468,0,262144,253936,True
optimizer.safetensors,adam.value_embeds.5.weight.m,29312,128,512,65536,4847,60678,0,262144,242776,False
optimizer.safetensors,adam.value_embeds.5.weight.m,29440,128,512,65536,2160,63363,0,262144,253516,True
optimizer.safetensors,adam.value_embeds.5.weight.m,29568,128,512,65536,2048,63474,0,262144,253960,True
optimizer.safetensors,adam.value_embeds.5.weight.m,29696,128,512,65536,2853,62675,0,262144,250764,True
optimizer.safetensors,adam.value_embeds.5.weight.m,29824,128,512,65536,3206,62323,0,262144,249356,True
optimizer.safetensors,adam.value_embeds.5.weight.m,29952,128,512,65536,2486,63044,0,262144,252240,True
optimizer.safetensors,adam.value_embeds.5.weight.m,30080,128,512,65536,2527,63002,0,262144,252072,True
optimizer.safetensors,adam.value_embeds.5.weight.m,30208,128,512,65536,1024,64501,0,262144,258068,True
optimizer.safetensors,adam.value_embeds.5.weight.m,30336,128,512,65536,1036,64493,0,262144,258036,True
optimizer.safetensors,adam.value_embeds.5.weight.m,30464,128,512,65536,3084,62444,0,262144,249840,True
optimizer.safetensors,adam.value_embeds.5.weight.m,30592,128,512,65536,3239,62284,0,262144,249200,True
optimizer.safetensors,adam.value_embeds.5.weight.m,30720,128,512,65536,1201,64325,0,262144,257364,True
optimizer.safetensors,adam.value_embeds.5.weight.m,30848,128,512,65536,1301,64222,0,262144,256952,True
optimizer.safetensors,adam.value_embeds.5.weight.m,30976,128,512,65536,1536,63986,0,262144,256008,True
optimizer.safetensors,adam.value_embeds.5.weight.m,31104,128,512,65536,2562,62968,0,262144,251936,True
optimizer.safetensors,adam.value_embeds.5.weight.m,31232,128,512,65536,1077,64447,0,262144,257852,True
optimizer.safetensors,adam.value_embeds.5.weight.m,31360,128,512,65536,2061,63460,0,262144,253904,True
optimizer.safetensors,adam.value_embeds.5.weight.m,31488,128,512,65536,1778,63754,0,262144,255080,True
optimizer.safetensors,adam.value_embeds.5.weight.m,31616,128,512,65536,1536,63991,0,262144,256028,True
optimizer.safetensors,adam.value_embeds.5.weight.m,31744,128,512,65536,5119,60407,0,262144,241692,False
optimizer.safetensors,adam.value_embeds.5.weight.m,31872,128,512,65536,146,65381,0,262144,261588,True
optimizer.safetensors,adam.value_embeds.5.weight.m,32000,128,512,65536,1143,64388,0,262144,257616,True
optimizer.safetensors,adam.value_embeds.5.weight.m,32128,128,512,65536,2,65523,0,262144,262156,True
optimizer.safetensors,adam.value_embeds.5.weight.m,32256,128,512,65536,2576,62953,0,262144,251876,True
optimizer.safetensors,adam.value_embeds.5.weight.m,32384,128,512,65536,3588,61938,0,262144,247816,False
optimizer.safetensors,adam.value_embeds.5.weight.m,32512,128,512,65536,1081,64446,0,262144,257848,True
optimizer.safetensors,adam.value_embeds.5.weight.m,32640,128,512,65536,7680,57853,0,262144,231476,False
optimizer.safetensors,adam.value_embeds.5.weight.v,0,128,512,65536,16896,48636,0,262144,194608,False
optimizer.safetensors,adam.value_embeds.5.weight.v,128,128,512,65536,14336,51191,0,262144,204828,False
optimizer.safetensors,adam.value_embeds.5.weight.v,256,128,512,65536,0,65524,0,262144,262160,True
optimizer.safetensors,adam.value_embeds.5.weight.v,384,128,512,65536,0,65525,0,262144,262164,True
optimizer.safetensors,adam.value_embeds.5.weight.v,512,128,512,65536,0,65521,0,262144,262148,True
optimizer.safetensors,adam.value_embeds.5.weight.v,640,128,512,65536,1024,64498,0,262144,258056,True
optimizer.safetensors,adam.value_embeds.5.weight.v,768,128,512,65536,512,65006,0,262144,260088,True
optimizer.safetensors,adam.value_embeds.5.weight.v,896,128,512,65536,1024,64507,0,262144,258092,True
optimizer.safetensors,adam.value_embeds.5.weight.v,1024,128,512,65536,0,65524,0,262144,262160,True
optimizer.safetensors,adam.value_embeds.5.weight.v,1152,128,512,65536,0,65528,0,262144,262176,True
optimizer.safetensors,adam.value_embeds.5.weight.v,1280,128,512,65536,0,65521,0,262144,262148,True
optimizer.safetensors,adam.value_embeds.5.weight.v,1408,128,512,65536,1536,63989,0,262144,256020,True
optimizer.safetensors,adam.value_embeds.5.weight.v,1536,128,512,65536,0,65527,0,262144,262172,True
optimizer.safetensors,adam.value_embeds.5.weight.v,1664,128,512,65536,1024,64495,0,262144,258044,True
optimizer.safetensors,adam.value_embeds.5.weight.v,1792,128,512,65536,512,65008,0,262144,260096,True
optimizer.safetensors,adam.value_embeds.5.weight.v,1920,128,512,65536,1024,64502,0,262144,258072,True
optimizer.safetensors,adam.value_embeds.5.weight.v,2048,128,512,65536,513,65003,0,262144,260076,True
optimizer.safetensors,adam.value_embeds.5.weight.v,2176,128,512,65536,512,65013,0,262144,260116,True
optimizer.safetensors,adam.value_embeds.5.weight.v,2304,128,512,65536,1024,64497,0,262144,258052,True
optimizer.safetensors,adam.value_embeds.5.weight.v,2432,128,512,65536,512,65006,0,262144,260088,True
optimizer.safetensors,adam.value_embeds.5.weight.v,2560,128,512,65536,2048,63482,0,262144,253992,True
optimizer.safetensors,adam.value_embeds.5.weight.v,2688,128,512,65536,512,65010,0,262144,260104,True
optimizer.safetensors,adam.value_embeds.5.weight.v,2816,128,512,65536,1024,64499,0,262144,258060,True
optimizer.safetensors,adam.value_embeds.5.weight.v,2944,128,512,65536,1024,64503,0,262144,258076,True
optimizer.safetensors,adam.value_embeds.5.weight.v,3072,128,512,65536,512,65004,0,262144,260080,True
optimizer.safetensors,adam.value_embeds.5.weight.v,3200,128,512,65536,1024,64496,0,262144,258048,True
optimizer.safetensors,adam.value_embeds.5.weight.v,3328,128,512,65536,2048,63476,0,262144,253968,True
optimizer.safetensors,adam.value_embeds.5.weight.v,3456,128,512,65536,1536,63993,0,262144,256036,True
optimizer.safetensors,adam.value_embeds.5.weight.v,3584,128,512,65536,512,65014,0,262144,260120,True
optimizer.safetensors,adam.value_embeds.5.weight.v,3712,128,512,65536,1539,63991,0,262144,256028,True
optimizer.safetensors,adam.value_embeds.5.weight.v,3840,128,512,65536,0,65520,0,262144,262144,True
optimizer.safetensors,adam.value_embeds.5.weight.v,3968,128,512,65536,1024,64496,0,262144,258048,True
optimizer.safetensors,adam.value_embeds.5.weight.v,4096,128,512,65536,512,65010,0,262144,260104,True
optimizer.safetensors,adam.value_embeds.5.weight.v,4224,128,512,65536,512,65003,0,262144,260076,True
optimizer.safetensors,adam.value_embeds.5.weight.v,4352,128,512,65536,512,65015,0,262144,260124,True
optimizer.safetensors,adam.value_embeds.5.weight.v,4480,128,512,65536,1536,63987,0,262144,256012,True
optimizer.safetensors,adam.value_embeds.5.weight.v,4608,128,512,65536,512,65005,0,262144,260084,True
optimizer.safetensors,adam.value_embeds.5.weight.v,4736,128,512,65536,1024,64498,0,262144,258056,True
optimizer.safetensors,adam.value_embeds.5.weight.v,4864,128,512,65536,1536,63981,0,262144,255988,True
optimizer.safetensors,adam.value_embeds.5.weight.v,4992,128,512,65536,2049,63473,0,262144,253956,True
optimizer.safetensors,adam.value_embeds.5.weight.v,5120,128,512,65536,1024,64490,0,262144,258024,True
optimizer.safetensors,adam.value_embeds.5.weight.v,5248,128,512,65536,1536,63988,0,262144,256016,True
optimizer.safetensors,adam.value_embeds.5.weight.v,5376,128,512,65536,1024,64496,0,262144,258048,True
optimizer.safetensors,adam.value_embeds.5.weight.v,5504,128,512,65536,2560,62959,0,262144,251900,True
optimizer.safetensors,adam.value_embeds.5.weight.v,5632,128,512,65536,1536,63985,0,262144,256004,True
optimizer.safetensors,adam.value_embeds.5.weight.v,5760,128,512,65536,2048,63475,0,262144,253964,True
optimizer.safetensors,adam.value_embeds.5.weight.v,5888,128,512,65536,0,65520,0,262144,262144,True
optimizer.safetensors,adam.value_embeds.5.weight.v,6016,128,512,65536,0,65518,0,262144,262136,True
optimizer.safetensors,adam.value_embeds.5.weight.v,6144,128,512,65536,512,65006,0,262144,260088,True
optimizer.safetensors,adam.value_embeds.5.weight.v,6272,128,512,65536,1024,64496,0,262144,258048,True
optimizer.safetensors,adam.value_embeds.5.weight.v,6400,128,512,65536,2048,63472,0,262144,253952,True
optimizer.safetensors,adam.value_embeds.5.weight.v,6528,128,512,65536,2048,63468,0,262144,253936,True
optimizer.safetensors,adam.value_embeds.5.weight.v,6656,128,512,65536,1536,63983,0,262144,255996,True
optimizer.safetensors,adam.value_embeds.5.weight.v,6784,128,512,65536,2048,63471,0,262144,253948,True
optimizer.safetensors,adam.value_embeds.5.weight.v,6912,128,512,65536,1024,64499,0,262144,258060,True
optimizer.safetensors,adam.value_embeds.5.weight.v,7040,128,512,65536,0,65524,0,262144,262160,True
optimizer.safetensors,adam.value_embeds.5.weight.v,7168,128,512,65536,2048,63471,0,262144,253948,True
optimizer.safetensors,adam.value_embeds.5.weight.v,7296,128,512,65536,512,65006,0,262144,260088,True
optimizer.safetensors,adam.value_embeds.5.weight.v,7424,128,512,65536,512,65009,0,262144,260100,True
optimizer.safetensors,adam.value_embeds.5.weight.v,7552,128,512,65536,1024,64495,0,262144,258044,True
optimizer.safetensors,adam.value_embeds.5.weight.v,7680,128,512,65536,0,65524,0,262144,262160,True
optimizer.safetensors,adam.value_embeds.5.weight.v,7808,128,512,65536,1024,64495,0,262144,258044,True
optimizer.safetensors,adam.value_embeds.5.weight.v,7936,128,512,65536,512,65008,0,262144,260096,True
optimizer.safetensors,adam.value_embeds.5.weight.v,8064,128,512,65536,512,65008,0,262144,260096,True
optimizer.safetensors,adam.value_embeds.5.weight.v,8192,128,512,65536,1024,64498,0,262144,258056,True
optimizer.safetensors,adam.value_embeds.5.weight.v,8320,128,512,65536,512,65002,0,262144,260072,True
optimizer.safetensors,adam.value_embeds.5.weight.v,8448,128,512,65536,1024,64498,0,262144,258056,True
optimizer.safetensors,adam.value_embeds.5.weight.v,8576,128,512,65536,1537,63985,0,262144,256004,True
optimizer.safetensors,adam.value_embeds.5.weight.v,8704,128,512,65536,1024,64494,0,262144,258040,True
optimizer.safetensors,adam.value_embeds.5.weight.v,8832,128,512,65536,1024,64494,0,262144,258040,True
optimizer.safetensors,adam.value_embeds.5.weight.v,8960,128,512,65536,1024,64497,0,262144,258052,True
optimizer.safetensors,adam.value_embeds.5.weight.v,9088,128,512,65536,1024,64494,0,262144,258040,True
optimizer.safetensors,adam.value_embeds.5.weight.v,9216,128,512,65536,512,65004,0,262144,260080,True
optimizer.safetensors,adam.value_embeds.5.weight.v,9344,128,512,65536,512,65011,0,262144,260108,True
optimizer.safetensors,adam.value_embeds.5.weight.v,9472,128,512,65536,2048,63469,0,262144,253940,True
optimizer.safetensors,adam.value_embeds.5.weight.v,9600,128,512,65536,0,65521,0,262144,262148,True
optimizer.safetensors,adam.value_embeds.5.weight.v,9728,128,512,65536,1024,64497,0,262144,258052,True
optimizer.safetensors,adam.value_embeds.5.weight.v,9856,128,512,65536,1024,64494,0,262144,258040,True
optimizer.safetensors,adam.value_embeds.5.weight.v,9984,128,512,65536,1536,63978,0,262144,255976,True
optimizer.safetensors,adam.value_embeds.5.weight.v,10112,128,512,65536,1024,64488,0,262144,258016,True
optimizer.safetensors,adam.value_embeds.5.weight.v,10240,128,512,65536,1024,64491,0,262144,258028,True
optimizer.safetensors,adam.value_embeds.5.weight.v,10368,128,512,65536,1024,64495,0,262144,258044,True
optimizer.safetensors,adam.value_embeds.5.weight.v,10496,128,512,65536,0,65520,0,262144,262144,True
optimizer.safetensors,adam.value_embeds.5.weight.v,10624,128,512,65536,512,65007,0,262144,260092,True
optimizer.safetensors,adam.value_embeds.5.weight.v,10752,128,512,65536,0,65515,0,262144,262124,True
optimizer.safetensors,adam.value_embeds.5.weight.v,10880,128,512,65536,1024,64486,0,262144,258008,True
optimizer.safetensors,adam.value_embeds.5.weight.v,11008,128,512,65536,512,65005,0,262144,260084,True
optimizer.safetensors,adam.value_embeds.5.weight.v,11136,128,512,65536,0,65518,0,262144,262136,True
optimizer.safetensors,adam.value_embeds.5.weight.v,11264,128,512,65536,512,65005,0,262144,260084,True
optimizer.safetensors,adam.value_embeds.5.weight.v,11392,128,512,65536,512,64998,0,262144,260056,True
optimizer.safetensors,adam.value_embeds.5.weight.v,11520,128,512,65536,2048,63478,0,262144,253976,True
optimizer.safetensors,adam.value_embeds.5.weight.v,11648,128,512,65536,2048,63467,0,262144,253932,True
optimizer.safetensors,adam.value_embeds.5.weight.v,11776,128,512,65536,512,65002,0,262144,260072,True
optimizer.safetensors,adam.value_embeds.5.weight.v,11904,128,512,65536,1536,63981,0,262144,255988,True
optimizer.safetensors,adam.value_embeds.5.weight.v,12032,128,512,65536,1024,64498,0,262144,258056,True
optimizer.safetensors,adam.value_embeds.5.weight.v,12160,128,512,65536,2048,63465,0,262144,253924,True
optimizer.safetensors,adam.value_embeds.5.weight.v,12288,128,512,65536,1024,64494,0,262144,258040,True
optimizer.safetensors,adam.value_embeds.5.weight.v,12416,128,512,65536,1536,63982,0,262144,255992,True
optimizer.safetensors,adam.value_embeds.5.weight.v,12544,128,512,65536,1024,64487,0,262144,258012,True
optimizer.safetensors,adam.value_embeds.5.weight.v,12672,128,512,65536,512,65000,0,262144,260064,True
optimizer.safetensors,adam.value_embeds.5.weight.v,12800,128,512,65536,512,65015,0,262144,260124,True
optimizer.safetensors,adam.value_embeds.5.weight.v,12928,128,512,65536,1024,64484,0,262144,258000,True
optimizer.safetensors,adam.value_embeds.5.weight.v,13056,128,512,65536,512,65009,0,262144,260100,True
optimizer.safetensors,adam.value_embeds.5.weight.v,13184,128,512,65536,1024,64495,0,262144,258044,True
optimizer.safetensors,adam.value_embeds.5.weight.v,13312,128,512,65536,512,65005,0,262144,260084,True
optimizer.safetensors,adam.value_embeds.5.weight.v,13440,128,512,65536,1024,64494,0,262144,258040,True
optimizer.safetensors,adam.value_embeds.5.weight.v,13568,128,512,65536,1025,64495,0,262144,258044,True
optimizer.safetensors,adam.value_embeds.5.weight.v,13696,128,512,65536,1024,64486,0,262144,258008,True
optimizer.safetensors,adam.value_embeds.5.weight.v,13824,128,512,65536,1024,64493,0,262144,258036,True
optimizer.safetensors,adam.value_embeds.5.weight.v,13952,128,512,65536,512,65008,0,262144,260096,True
optimizer.safetensors,adam.value_embeds.5.weight.v,14080,128,512,65536,1024,64478,0,262144,257976,True
optimizer.safetensors,adam.value_embeds.5.weight.v,14208,128,512,65536,2048,63466,0,262144,253928,True
optimizer.safetensors,adam.value_embeds.5.weight.v,14336,128,512,65536,512,65000,0,262144,260064,True
optimizer.safetensors,adam.value_embeds.5.weight.v,14464,128,512,65536,0,65519,0,262144,262140,True
optimizer.safetensors,adam.value_embeds.5.weight.v,14592,128,512,65536,0,65509,0,262144,262100,True
optimizer.safetensors,adam.value_embeds.5.weight.v,14720,128,512,65536,512,65008,0,262144,260096,True
optimizer.safetensors,adam.value_embeds.5.weight.v,14848,128,512,65536,512,65005,0,262144,260084,True
optimizer.safetensors,adam.value_embeds.5.weight.v,14976,128,512,65536,1024,64494,0,262144,258040,True
optimizer.safetensors,adam.value_embeds.5.weight.v,15104,128,512,65536,512,65000,0,262144,260064,True
optimizer.safetensors,adam.value_embeds.5.weight.v,15232,128,512,65536,1024,64493,0,262144,258036,True
optimizer.safetensors,adam.value_embeds.5.weight.v,15360,128,512,65536,1536,63967,0,262144,255932,True
optimizer.safetensors,adam.value_embeds.5.weight.v,15488,128,512,65536,1536,63982,0,262144,255992,True
optimizer.safetensors,adam.value_embeds.5.weight.v,15616,128,512,65536,0,65510,0,262144,262104,True
optimizer.safetensors,adam.value_embeds.5.weight.v,15744,128,512,65536,512,64991,0,262144,260028,True
optimizer.safetensors,adam.value_embeds.5.weight.v,15872,128,512,65536,0,65515,0,262144,262124,True
optimizer.safetensors,adam.value_embeds.5.weight.v,16000,128,512,65536,1024,64485,0,262144,258004,True
optimizer.safetensors,adam.value_embeds.5.weight.v,16128,128,512,65536,1024,64485,0,262144,258004,True
optimizer.safetensors,adam.value_embeds.5.weight.v,16256,128,512,65536,2048,63464,0,262144,253920,True
optimizer.safetensors,adam.value_embeds.5.weight.v,16384,128,512,65536,1536,63981,0,262144,255988,True
optimizer.safetensors,adam.value_embeds.5.weight.v,16512,128,512,65536,0,65514,0,262144,262120,True
optimizer.safetensors,adam.value_embeds.5.weight.v,16640,128,512,65536,1536,63966,0,262144,255928,True
optimizer.safetensors,adam.value_embeds.5.weight.v,16768,128,512,65536,2560,62955,0,262144,251884,True
optimizer.safetensors,adam.value_embeds.5.weight.v,16896,128,512,65536,512,65001,0,262144,260068,True
optimizer.safetensors,adam.value_embeds.5.weight.v,17024,128,512,65536,2048,63459,0,262144,253900,True
optimizer.safetensors,adam.value_embeds.5.weight.v,17152,128,512,65536,512,65006,0,262144,260088,True
optimizer.safetensors,adam.value_embeds.5.weight.v,17280,128,512,65536,512,65001,0,262144,260068,True
optimizer.safetensors,adam.value_embeds.5.weight.v,17408,128,512,65536,512,64992,0,262144,260032,True
optimizer.safetensors,adam.value_embeds.5.weight.v,17536,128,512,65536,512,65000,0,262144,260064,True
optimizer.safetensors,adam.value_embeds.5.weight.v,17664,128,512,65536,512,64998,0,262144,260056,True
optimizer.safetensors,adam.value_embeds.5.weight.v,17792,128,512,65536,512,65002,0,262144,260072,True
optimizer.safetensors,adam.value_embeds.5.weight.v,17920,128,512,65536,1536,63984,0,262144,256000,True
optimizer.safetensors,adam.value_embeds.5.weight.v,18048,128,512,65536,512,65000,0,262144,260064,True
optimizer.safetensors,adam.value_embeds.5.weight.v,18176,128,512,65536,512,65005,0,262144,260084,True
optimizer.safetensors,adam.value_embeds.5.weight.v,18304,128,512,65536,512,65002,0,262144,260072,True
optimizer.safetensors,adam.value_embeds.5.weight.v,18432,128,512,65536,512,64997,0,262144,260052,True
optimizer.safetensors,adam.value_embeds.5.weight.v,18560,128,512,65536,512,65009,0,262144,260100,True
optimizer.safetensors,adam.value_embeds.5.weight.v,18688,128,512,65536,1536,63979,0,262144,255980,True
optimizer.safetensors,adam.value_embeds.5.weight.v,18816,128,512,65536,1024,64491,0,262144,258028,True
optimizer.safetensors,adam.value_embeds.5.weight.v,18944,128,512,65536,512,65010,0,262144,260104,True
optimizer.safetensors,adam.value_embeds.5.weight.v,19072,128,512,65536,0,65517,0,262144,262132,True
optimizer.safetensors,adam.value_embeds.5.weight.v,19200,128,512,65536,1536,63968,0,262144,255936,True
optimizer.safetensors,adam.value_embeds.5.weight.v,19328,128,512,65536,1024,64493,0,262144,258036,True
optimizer.safetensors,adam.value_embeds.5.weight.v,19456,128,512,65536,0,65511,0,262144,262108,True
optimizer.safetensors,adam.value_embeds.5.weight.v,19584,128,512,65536,512,65003,0,262144,260076,True
optimizer.safetensors,adam.value_embeds.5.weight.v,19712,128,512,65536,1024,64490,0,262144,258024,True
optimizer.safetensors,adam.value_embeds.5.weight.v,19840,128,512,65536,2560,62945,0,262144,251844,True
optimizer.safetensors,adam.value_embeds.5.weight.v,19968,128,512,65536,1024,64485,0,262144,258004,True
optimizer.safetensors,adam.value_embeds.5.weight.v,20096,128,512,65536,512,65010,0,262144,260104,True
optimizer.safetensors,adam.value_embeds.5.weight.v,20224,128,512,65536,2560,62952,0,262144,251872,True
optimizer.safetensors,adam.value_embeds.5.weight.v,20352,128,512,65536,1542,63974,0,262144,255960,True
optimizer.safetensors,adam.value_embeds.5.weight.v,20480,128,512,65536,0,65511,0,262144,262108,True
optimizer.safetensors,adam.value_embeds.5.weight.v,20608,128,512,65536,0,65510,0,262144,262104,True
optimizer.safetensors,adam.value_embeds.5.weight.v,20736,128,512,65536,1024,64482,0,262144,257992,True
optimizer.safetensors,adam.value_embeds.5.weight.v,20864,128,512,65536,512,65002,0,262144,260072,True
optimizer.safetensors,adam.value_embeds.5.weight.v,20992,128,512,65536,512,65000,0,262144,260064,True
optimizer.safetensors,adam.value_embeds.5.weight.v,21120,128,512,65536,2048,63461,0,262144,253908,True
optimizer.safetensors,adam.value_embeds.5.weight.v,21248,128,512,65536,1024,64485,0,262144,258004,True
optimizer.safetensors,adam.value_embeds.5.weight.v,21376,128,512,65536,0,65516,0,262144,262128,True
optimizer.safetensors,adam.value_embeds.5.weight.v,21504,128,512,65536,1536,63970,0,262144,255944,True
optimizer.safetensors,adam.value_embeds.5.weight.v,21632,128,512,65536,512,64995,0,262144,260044,True
optimizer.safetensors,adam.value_embeds.5.weight.v,21760,128,512,65536,512,65004,0,262144,260080,True
optimizer.safetensors,adam.value_embeds.5.weight.v,21888,128,512,65536,512,65001,0,262144,260068,True
optimizer.safetensors,adam.value_embeds.5.weight.v,22016,128,512,65536,512,65004,0,262144,260080,True
optimizer.safetensors,adam.value_embeds.5.weight.v,22144,128,512,65536,512,65002,0,262144,260072,True
optimizer.safetensors,adam.value_embeds.5.weight.v,22272,128,512,65536,1536,63976,0,262144,255968,True
optimizer.safetensors,adam.value_embeds.5.weight.v,22400,128,512,65536,1024,64486,0,262144,258008,True
optimizer.safetensors,adam.value_embeds.5.weight.v,22528,128,512,65536,512,65003,0,262144,260076,True
optimizer.safetensors,adam.value_embeds.5.weight.v,22656,128,512,65536,512,65005,0,262144,260084,True
optimizer.safetensors,adam.value_embeds.5.weight.v,22784,128,512,65536,0,65507,0,262144,262092,True
optimizer.safetensors,adam.value_embeds.5.weight.v,22912,128,512,65536,1536,63977,0,262144,255972,True
optimizer.safetensors,adam.value_embeds.5.weight.v,23040,128,512,65536,1024,64487,0,262144,258012,True
optimizer.safetensors,adam.value_embeds.5.weight.v,23168,128,512,65536,512,65000,0,262144,260064,True
optimizer.safetensors,adam.value_embeds.5.weight.v,23296,128,512,65536,1026,64489,0,262144,258020,True
optimizer.safetensors,adam.value_embeds.5.weight.v,23424,128,512,65536,0,65506,0,262144,262088,True
optimizer.safetensors,adam.value_embeds.5.weight.v,23552,128,512,65536,1536,63971,0,262144,255948,True
optimizer.safetensors,adam.value_embeds.5.weight.v,23680,128,512,65536,1024,64487,0,262144,258012,True
optimizer.safetensors,adam.value_embeds.5.weight.v,23808,128,512,65536,512,64989,0,262144,260020,True
optimizer.safetensors,adam.value_embeds.5.weight.v,23936,128,512,65536,512,64990,0,262144,260024,True
optimizer.safetensors,adam.value_embeds.5.weight.v,24064,128,512,65536,1536,63971,0,262144,255948,True
optimizer.safetensors,adam.value_embeds.5.weight.v,24192,128,512,65536,0,65510,0,262144,262104,True
optimizer.safetensors,adam.value_embeds.5.weight.v,24320,128,512,65536,512,64997,0,262144,260052,True
optimizer.safetensors,adam.value_embeds.5.weight.v,24448,128,512,65536,524,64996,0,262144,260048,True
optimizer.safetensors,adam.value_embeds.5.weight.v,24576,128,512,65536,1536,63975,0,262144,255964,True
optimizer.safetensors,adam.value_embeds.5.weight.v,24704,128,512,65536,1536,63973,0,262144,255956,True
optimizer.safetensors,adam.value_embeds.5.weight.v,24832,128,512,65536,512,64997,0,262144,260052,True
optimizer.safetensors,adam.value_embeds.5.weight.v,24960,128,512,65536,2048,63462,0,262144,253912,True
optimizer.safetensors,adam.value_embeds.5.weight.v,25088,128,512,65536,2048,63463,0,262144,253916,True
optimizer.safetensors,adam.value_embeds.5.weight.v,25216,128,512,65536,1024,64489,0,262144,258020,True
optimizer.safetensors,adam.value_embeds.5.weight.v,25344,128,512,65536,2049,63472,0,262144,253952,True
optimizer.safetensors,adam.value_embeds.5.weight.v,25472,128,512,65536,0,65503,0,262144,262076,True
optimizer.safetensors,adam.value_embeds.5.weight.v,25600,128,512,65536,0,65507,0,262144,262092,True
optimizer.safetensors,adam.value_embeds.5.weight.v,25728,128,512,65536,1024,64471,0,262144,257948,True
optimizer.safetensors,adam.value_embeds.5.weight.v,25856,128,512,65536,1024,64491,0,262144,258028,True
optimizer.safetensors,adam.value_embeds.5.weight.v,25984,128,512,65536,1536,63978,0,262144,255976,True
optimizer.safetensors,adam.value_embeds.5.weight.v,26112,128,512,65536,512,65004,0,262144,260080,True
optimizer.safetensors,adam.value_embeds.5.weight.v,26240,128,512,65536,512,65006,0,262144,260088,True
optimizer.safetensors,adam.value_embeds.5.weight.v,26368,128,512,65536,512,65000,0,262144,260064,True
optimizer.safetensors,adam.value_embeds.5.weight.v,26496,128,512,65536,1024,64480,0,262144,257984,True
optimizer.safetensors,adam.value_embeds.5.weight.v,26624,128,512,65536,2048,63452,0,262144,253872,True
optimizer.safetensors,adam.value_embeds.5.weight.v,26752,128,512,65536,0,65515,0,262144,262124,True
optimizer.safetensors,adam.value_embeds.5.weight.v,26880,128,512,65536,0,65516,0,262144,262128,True
optimizer.safetensors,adam.value_embeds.5.weight.v,27008,128,512,65536,1024,64490,0,262144,258024,True
optimizer.safetensors,adam.value_embeds.5.weight.v,27136,128,512,65536,0,65514,0,262144,262120,True
optimizer.safetensors,adam.value_embeds.5.weight.v,27264,128,512,65536,512,65001,0,262144,260068,True
optimizer.safetensors,adam.value_embeds.5.weight.v,27392,128,512,65536,1024,64485,0,262144,258004,True
optimizer.safetensors,adam.value_embeds.5.weight.v,27520,128,512,65536,1024,64483,0,262144,257996,True
optimizer.safetensors,adam.value_embeds.5.weight.v,27648,128,512,65536,1536,63977,0,262144,255972,True
optimizer.safetensors,adam.value_embeds.5.weight.v,27776,128,512,65536,1536,63973,0,262144,255956,True
optimizer.safetensors,adam.value_embeds.5.weight.v,27904,128,512,65536,0,65507,0,262144,262092,True
optimizer.safetensors,adam.value_embeds.5.weight.v,28032,128,512,65536,2560,62950,0,262144,251864,True
optimizer.safetensors,adam.value_embeds.5.weight.v,28160,128,512,65536,1536,63976,0,262144,255968,True
optimizer.safetensors,adam.value_embeds.5.weight.v,28288,128,512,65536,2048,63465,0,262144,253924,True
optimizer.safetensors,adam.value_embeds.5.weight.v,28416,128,512,65536,2048,63467,0,262144,253932,True
optimizer.safetensors,adam.value_embeds.5.weight.v,28544,128,512,65536,1024,64493,0,262144,258036,True
optimizer.safetensors,adam.value_embeds.5.weight.v,28672,128,512,65536,512,64990,0,262144,260024,True
optimizer.safetensors,adam.value_embeds.5.weight.v,28800,128,512,65536,513,64997,0,262144,260052,True
optimizer.safetensors,adam.value_embeds.5.weight.v,28928,128,512,65536,512,65004,0,262144,260080,True
optimizer.safetensors,adam.value_embeds.5.weight.v,29056,128,512,65536,1024,64488,0,262144,258016,True
optimizer.safetensors,adam.value_embeds.5.weight.v,29184,128,512,65536,512,64997,0,262144,260052,True
optimizer.safetensors,adam.value_embeds.5.weight.v,29312,128,512,65536,2560,62948,0,262144,251856,True
optimizer.safetensors,adam.value_embeds.5.weight.v,29440,128,512,65536,1536,63966,0,262144,255928,True
optimizer.safetensors,adam.value_embeds.5.weight.v,29568,128,512,65536,0,65506,0,262144,262088,True
optimizer.safetensors,adam.value_embeds.5.weight.v,29696,128,512,65536,1536,63975,0,262144,255964,True
optimizer.safetensors,adam.value_embeds.5.weight.v,29824,128,512,65536,2048,63456,0,262144,253888,True
optimizer.safetensors,adam.value_embeds.5.weight.v,29952,128,512,65536,1024,64487,0,262144,258012,True
optimizer.safetensors,adam.value_embeds.5.weight.v,30080,128,512,65536,1536,63973,0,262144,255956,True
optimizer.safetensors,adam.value_embeds.5.weight.v,30208,128,512,65536,512,64999,0,262144,260060,True
optimizer.safetensors,adam.value_embeds.5.weight.v,30336,128,512,65536,512,64989,0,262144,260020,True
optimizer.safetensors,adam.value_embeds.5.weight.v,30464,128,512,65536,1024,64486,0,262144,258008,True
optimizer.safetensors,adam.value_embeds.5.weight.v,30592,128,512,65536,1026,64486,0,262144,258008,True
optimizer.safetensors,adam.value_embeds.5.weight.v,30720,128,512,65536,0,65508,0,262144,262096,True
optimizer.safetensors,adam.value_embeds.5.weight.v,30848,128,512,65536,512,65007,0,262144,260092,True
optimizer.safetensors,adam.value_embeds.5.weight.v,30976,128,512,65536,1024,64496,0,262144,258048,True
optimizer.safetensors,adam.value_embeds.5.weight.v,31104,128,512,65536,512,64989,0,262144,260020,True
optimizer.safetensors,adam.value_embeds.5.weight.v,31232,128,512,65536,512,64979,0,262144,259980,True
optimizer.safetensors,adam.value_embeds.5.weight.v,31360,128,512,65536,512,64998,0,262144,260056,True
optimizer.safetensors,adam.value_embeds.5.weight.v,31488,128,512,65536,1024,64477,0,262144,257972,True
optimizer.safetensors,adam.value_embeds.5.weight.v,31616,128,512,65536,1024,64481,0,262144,257988,True
optimizer.safetensors,adam.value_embeds.5.weight.v,31744,128,512,65536,1024,64484,0,262144,258000,True
optimizer.safetensors,adam.value_embeds.5.weight.v,31872,128,512,65536,0,65505,0,262144,262084,True
optimizer.safetensors,adam.value_embeds.5.weight.v,32000,128,512,65536,0,65515,0,262144,262124,True
optimizer.safetensors,adam.value_embeds.5.weight.v,32128,128,512,65536,0,65510,0,262144,262104,True
optimizer.safetensors,adam.value_embeds.5.weight.v,32256,128,512,65536,0,65516,0,262144,262128,True
optimizer.safetensors,adam.value_embeds.5.weight.v,32384,128,512,65536,512,64989,0,262144,260020,True
optimizer.safetensors,adam.value_embeds.5.weight.v,32512,128,512,65536,0,65502,0,262144,262072,True
optimizer.safetensors,adam.value_embeds.5.weight.v,32640,128,512,65536,4608,60910,0,262144,243704,False
optimizer.safetensors,adam.value_embeds.7.weight.m,0,128,512,65536,17025,48504,0,262144,194080,False
optimizer.safetensors,adam.value_embeds.7.weight.m,128,128,512,65536,14486,51037,0,262144,204212,False
optimizer.safetensors,adam.value_embeds.7.weight.m,256,128,512,65536,0,65523,0,262144,262156,True
optimizer.safetensors,adam.value_embeds.7.weight.m,384,128,512,65536,0,65515,0,262144,262124,True
optimizer.safetensors,adam.value_embeds.7.weight.m,512,128,512,65536,0,65525,0,262144,262164,True
optimizer.safetensors,adam.value_embeds.7.weight.m,640,128,512,65536,1025,64503,0,262144,258076,True
optimizer.safetensors,adam.value_embeds.7.weight.m,768,128,512,65536,512,65015,0,262144,260124,True
optimizer.safetensors,adam.value_embeds.7.weight.m,896,128,512,65536,1024,64508,0,262144,258096,True
optimizer.safetensors,adam.value_embeds.7.weight.m,1024,128,512,65536,0,65527,0,262144,262172,True
optimizer.safetensors,adam.value_embeds.7.weight.m,1152,128,512,65536,512,65019,0,262144,260140,True
optimizer.safetensors,adam.value_embeds.7.weight.m,1280,128,512,65536,0,65526,0,262144,262168,True
optimizer.safetensors,adam.value_embeds.7.weight.m,1408,128,512,65536,1953,63574,0,262144,254360,True
optimizer.safetensors,adam.value_embeds.7.weight.m,1536,128,512,65536,1024,64505,0,262144,258084,True
optimizer.safetensors,adam.value_embeds.7.weight.m,1664,128,512,65536,1536,63990,0,262144,256024,True
optimizer.safetensors,adam.value_embeds.7.weight.m,1792,128,512,65536,1937,63591,0,262144,254428,True
optimizer.safetensors,adam.value_embeds.7.weight.m,1920,128,512,65536,1536,63985,0,262144,256004,True
optimizer.safetensors,adam.value_embeds.7.weight.m,2048,128,512,65536,1024,64501,0,262144,258068,True
optimizer.safetensors,adam.value_embeds.7.weight.m,2176,128,512,65536,1475,64054,0,262144,256280,True
optimizer.safetensors,adam.value_embeds.7.weight.m,2304,128,512,65536,2046,63481,0,262144,253988,True
optimizer.safetensors,adam.value_embeds.7.weight.m,2432,128,512,65536,1024,64502,0,262144,258072,True
optimizer.safetensors,adam.value_embeds.7.weight.m,2560,128,512,65536,2565,62961,0,262144,251908,True
optimizer.safetensors,adam.value_embeds.7.weight.m,2688,128,512,65536,1024,64498,0,262144,258056,True
optimizer.safetensors,adam.value_embeds.7.weight.m,2816,128,512,65536,2048,63482,0,262144,253992,True
optimizer.safetensors,adam.value_embeds.7.weight.m,2944,128,512,65536,1537,63989,0,262144,256020,True
optimizer.safetensors,adam.value_embeds.7.weight.m,3072,128,512,65536,512,65013,0,262144,260116,True
optimizer.safetensors,adam.value_embeds.7.weight.m,3200,128,512,65536,1536,63993,0,262144,256036,True
optimizer.safetensors,adam.value_embeds.7.weight.m,3328,128,512,65536,2560,62967,0,262144,251932,True
optimizer.safetensors,adam.value_embeds.7.weight.m,3456,128,512,65536,1536,63994,0,262144,256040,True
optimizer.safetensors,adam.value_embeds.7.weight.m,3584,128,512,65536,512,65012,0,262144,260112,True
optimizer.safetensors,adam.value_embeds.7.weight.m,3712,128,512,65536,1806,63722,0,262144,254952,True
optimizer.safetensors,adam.value_embeds.7.weight.m,3840,128,512,65536,1024,64501,0,262144,258068,True
optimizer.safetensors,adam.value_embeds.7.weight.m,3968,128,512,65536,1536,63989,0,262144,256020,True
optimizer.safetensors,adam.value_embeds.7.weight.m,4096,128,512,65536,512,65009,0,262144,260100,True
optimizer.safetensors,adam.value_embeds.7.weight.m,4224,128,512,65536,512,65014,0,262144,260120,True
optimizer.safetensors,adam.value_embeds.7.weight.m,4352,128,512,65536,801,64723,0,262144,258956,True
optimizer.safetensors,adam.value_embeds.7.weight.m,4480,128,512,65536,2048,63473,0,262144,253956,True
optimizer.safetensors,adam.value_embeds.7.weight.m,4608,128,512,65536,747,64775,0,262144,259164,True
optimizer.safetensors,adam.value_embeds.7.weight.m,4736,128,512,65536,1024,64502,0,262144,258072,True
optimizer.safetensors,adam.value_embeds.7.weight.m,4864,128,512,65536,1536,63992,0,262144,256032,True
optimizer.safetensors,adam.value_embeds.7.weight.m,4992,128,512,65536,2560,62963,0,262144,251916,True
optimizer.safetensors,adam.value_embeds.7.weight.m,5120,128,512,65536,2048,63476,0,262144,253968,True
optimizer.safetensors,adam.value_embeds.7.weight.m,5248,128,512,65536,1536,63981,0,262144,255988,True
optimizer.safetensors,adam.value_embeds.7.weight.m,5376,128,512,65536,1583,63945,0,262144,255844,True
optimizer.safetensors,adam.value_embeds.7.weight.m,5504,128,512,65536,2738,62792,0,262144,251232,True
optimizer.safetensors,adam.value_embeds.7.weight.m,5632,128,512,65536,2397,63129,0,262144,252580,True
optimizer.safetensors,adam.value_embeds.7.weight.m,5760,128,512,65536,2048,63478,0,262144,253976,True
optimizer.safetensors,adam.value_embeds.7.weight.m,5888,128,512,65536,0,65523,0,262144,262156,True
optimizer.safetensors,adam.value_embeds.7.weight.m,6016,128,512,65536,0,65528,0,262144,262176,True
optimizer.safetensors,adam.value_embeds.7.weight.m,6144,128,512,65536,1536,63990,0,262144,256024,True
optimizer.safetensors,adam.value_embeds.7.weight.m,6272,128,512,65536,1024,64493,0,262144,258036,True
optimizer.safetensors,adam.value_embeds.7.weight.m,6400,128,512,65536,2560,62963,0,262144,251916,True
optimizer.safetensors,adam.value_embeds.7.weight.m,6528,128,512,65536,2048,63476,0,262144,253968,True
optimizer.safetensors,adam.value_embeds.7.weight.m,6656,128,512,65536,2832,62695,0,262144,250844,True
optimizer.safetensors,adam.value_embeds.7.weight.m,6784,128,512,65536,2560,62968,0,262144,251936,True
optimizer.safetensors,adam.value_embeds.7.weight.m,6912,128,512,65536,1024,64502,0,262144,258072,True
optimizer.safetensors,adam.value_embeds.7.weight.m,7040,128,512,65536,1029,64494,0,262144,258040,True
optimizer.safetensors,adam.value_embeds.7.weight.m,7168,128,512,65536,2048,63474,0,262144,253960,True
optimizer.safetensors,adam.value_embeds.7.weight.m,7296,128,512,65536,1072,64452,0,262144,257872,True
optimizer.safetensors,adam.value_embeds.7.weight.m,7424,128,512,65536,1578,63945,0,262144,255844,True
optimizer.safetensors,adam.value_embeds.7.weight.m,7552,128,512,65536,1536,63985,0,262144,256004,True
optimizer.safetensors,adam.value_embeds.7.weight.m,7680,128,512,65536,1024,64500,0,262144,258064,True
optimizer.safetensors,adam.value_embeds.7.weight.m,7808,128,512,65536,2048,63480,0,262144,253984,True
optimizer.safetensors,adam.value_embeds.7.weight.m,7936,128,512,65536,1024,64500,0,262144,258064,True
optimizer.safetensors,adam.value_embeds.7.weight.m,8064,128,512,65536,1024,64500,0,262144,258064,True
optimizer.safetensors,adam.value_embeds.7.weight.m,8192,128,512,65536,1555,63966,0,262144,255928,True
optimizer.safetensors,adam.value_embeds.7.weight.m,8320,128,512,65536,1536,63981,0,262144,255988,True
optimizer.safetensors,adam.value_embeds.7.weight.m,8448,128,512,65536,2048,63475,0,262144,253964,True
optimizer.safetensors,adam.value_embeds.7.weight.m,8576,128,512,65536,2048,63480,0,262144,253984,True
optimizer.safetensors,adam.value_embeds.7.weight.m,8704,128,512,65536,3072,62455,0,262144,249884,True
optimizer.safetensors,adam.value_embeds.7.weight.m,8832,128,512,65536,2761,62766,0,262144,251128,True
optimizer.safetensors,adam.value_embeds.7.weight.m,8960,128,512,65536,2560,62968,0,262144,251936,True
optimizer.safetensors,adam.value_embeds.7.weight.m,9088,128,512,65536,1507,64019,0,262144,256140,True
optimizer.safetensors,adam.value_embeds.7.weight.m,9216,128,512,65536,1024,64499,0,262144,258060,True
optimizer.safetensors,adam.value_embeds.7.weight.m,9344,128,512,65536,512,65017,0,262144,260132,True
optimizer.safetensors,adam.value_embeds.7.weight.m,9472,128,512,65536,2503,63022,0,262144,252152,True
optimizer.safetensors,adam.value_embeds.7.weight.m,9600,128,512,65536,512,65010,0,262144,260104,True
optimizer.safetensors,adam.value_embeds.7.weight.m,9728,128,512,65536,1331,64193,0,262144,256836,True
optimizer.safetensors,adam.value_embeds.7.weight.m,9856,128,512,65536,1024,64505,0,262144,258084,True
optimizer.safetensors,adam.value_embeds.7.weight.m,9984,128,512,65536,3072,62456,0,262144,249888,True
optimizer.safetensors,adam.value_embeds.7.weight.m,10112,128,512,65536,1827,63697,0,262144,254852,True
optimizer.safetensors,adam.value_embeds.7.weight.m,10240,128,512,65536,1024,64498,0,262144,258056,True
optimizer.safetensors,adam.value_embeds.7.weight.m,10368,128,512,65536,1024,64497,0,262144,258052,True
optimizer.safetensors,adam.value_embeds.7.weight.m,10496,128,512,65536,512,65010,0,262144,260104,True
optimizer.safetensors,adam.value_embeds.7.weight.m,10624,128,512,65536,1161,64361,0,262144,257508,True
optimizer.safetensors,adam.value_embeds.7.weight.m,10752,128,512,65536,1024,64500,0,262144,258064,True
optimizer.safetensors,adam.value_embeds.7.weight.m,10880,128,512,65536,1536,63985,0,262144,256004,True
optimizer.safetensors,adam.value_embeds.7.weight.m,11008,128,512,65536,1024,64500,0,262144,258064,True
optimizer.safetensors,adam.value_embeds.7.weight.m,11136,128,512,65536,1024,64503,0,262144,258076,True
optimizer.safetensors,adam.value_embeds.7.weight.m,11264,128,512,65536,512,65007,0,262144,260092,True
optimizer.safetensors,adam.value_embeds.7.weight.m,11392,128,512,65536,1450,64071,0,262144,256348,True
optimizer.safetensors,adam.value_embeds.7.weight.m,11520,128,512,65536,2857,62671,0,262144,250748,True
optimizer.safetensors,adam.value_embeds.7.weight.m,11648,128,512,65536,2564,62959,0,262144,251900,True
optimizer.safetensors,adam.value_embeds.7.weight.m,11776,128,512,65536,2133,63389,0,262144,253620,True
optimizer.safetensors,adam.value_embeds.7.weight.m,11904,128,512,65536,1536,63987,0,262144,256012,True
optimizer.safetensors,adam.value_embeds.7.weight.m,12032,128,512,65536,1536,63989,0,262144,256020,True
optimizer.safetensors,adam.value_embeds.7.weight.m,12160,128,512,65536,2437,63087,0,262144,252412,True
optimizer.safetensors,adam.value_embeds.7.weight.m,12288,128,512,65536,2591,62936,0,262144,251808,True
optimizer.safetensors,adam.value_embeds.7.weight.m,12416,128,512,65536,2595,62931,0,262144,251788,True
optimizer.safetensors,adam.value_embeds.7.weight.m,12544,128,512,65536,2196,63327,0,262144,253372,True
optimizer.safetensors,adam.value_embeds.7.weight.m,12672,128,512,65536,1198,64323,0,262144,257356,True
optimizer.safetensors,adam.value_embeds.7.weight.m,12800,128,512,65536,2048,63475,0,262144,253964,True
optimizer.safetensors,adam.value_embeds.7.weight.m,12928,128,512,65536,1139,64384,0,262144,257600,True
optimizer.safetensors,adam.value_embeds.7.weight.m,13056,128,512,65536,1454,64066,0,262144,256328,True
optimizer.safetensors,adam.value_embeds.7.weight.m,13184,128,512,65536,1024,64498,0,262144,258056,True
optimizer.safetensors,adam.value_embeds.7.weight.m,13312,128,512,65536,512,65005,0,262144,260084,True
optimizer.safetensors,adam.value_embeds.7.weight.m,13440,128,512,65536,2563,62959,0,262144,251900,True
optimizer.safetensors,adam.value_embeds.7.weight.m,13568,128,512,65536,1682,63840,0,262144,255424,True
optimizer.safetensors,adam.value_embeds.7.weight.m,13696,128,512,65536,1024,64497,0,262144,258052,True
optimizer.safetensors,adam.value_embeds.7.weight.m,13824,128,512,65536,2048,63472,0,262144,253952,True
optimizer.safetensors,adam.value_embeds.7.weight.m,13952,128,512,65536,512,65010,0,262144,260104,True
optimizer.safetensors,adam.value_embeds.7.weight.m,14080,128,512,65536,2973,62551,0,262144,250268,True
optimizer.safetensors,adam.value_embeds.7.weight.m,14208,128,512,65536,3072,62451,0,262144,249868,True
optimizer.safetensors,adam.value_embeds.7.weight.m,14336,128,512,65536,2048,63477,0,262144,253972,True
optimizer.safetensors,adam.value_embeds.7.weight.m,14464,128,512,65536,531,64997,0,262144,260052,True
optimizer.safetensors,adam.value_embeds.7.weight.m,14592,128,512,65536,0,65518,0,262144,262136,True
optimizer.safetensors,adam.value_embeds.7.weight.m,14720,128,512,65536,1024,64491,0,262144,258028,True
optimizer.safetensors,adam.value_embeds.7.weight.m,14848,128,512,65536,1024,64498,0,262144,258056,True
optimizer.safetensors,adam.value_embeds.7.weight.m,14976,128,512,65536,1024,64501,0,262144,258068,True
optimizer.safetensors,adam.value_embeds.7.weight.m,15104,128,512,65536,1024,64503,0,262144,258076,True
optimizer.safetensors,adam.value_embeds.7.weight.m,15232,128,512,65536,2075,63451,0,262144,253868,True
optimizer.safetensors,adam.value_embeds.7.weight.m,15360,128,512,65536,2475,63050,0,262144,252264,True
optimizer.safetensors,adam.value_embeds.7.weight.m,15488,128,512,65536,1678,63850,0,262144,255464,True
optimizer.safetensors,adam.value_embeds.7.weight.m,15616,128,512,65536,0,65524,0,262144,262160,True
optimizer.safetensors,adam.value_embeds.7.weight.m,15744,128,512,65536,1024,64503,0,262144,258076,True
optimizer.safetensors,adam.value_embeds.7.weight.m,15872,128,512,65536,746,64771,0,262144,259148,True
optimizer.safetensors,adam.value_embeds.7.weight.m,16000,128,512,65536,1536,63990,0,262144,256024,True
optimizer.safetensors,adam.value_embeds.7.weight.m,16128,128,512,65536,2975,62550,0,262144,250264,True
optimizer.safetensors,adam.value_embeds.7.weight.m,16256,128,512,65536,2048,63476,0,262144,253968,True
optimizer.safetensors,adam.value_embeds.7.weight.m,16384,128,512,65536,2565,62959,0,262144,251900,True
optimizer.safetensors,adam.value_embeds.7.weight.m,16512,128,512,65536,1024,64496,0,262144,258048,True
optimizer.safetensors,adam.value_embeds.7.weight.m,16640,128,512,65536,2458,63063,0,262144,252316,True
optimizer.safetensors,adam.value_embeds.7.weight.m,16768,128,512,65536,2560,62963,0,262144,251916,True
optimizer.safetensors,adam.value_embeds.7.weight.m,16896,128,512,65536,512,65013,0,262144,260116,True
optimizer.safetensors,adam.value_embeds.7.weight.m,17024,128,512,65536,2560,62966,0,262144,251928,True
optimizer.safetensors,adam.value_embeds.7.weight.m,17152,128,512,65536,1024,64492,0,262144,258032,True
optimizer.safetensors,adam.value_embeds.7.weight.m,17280,128,512,65536,2613,62915,0,262144,251724,True
optimizer.safetensors,adam.value_embeds.7.weight.m,17408,128,512,65536,1536,63986,0,262144,256008,True
optimizer.safetensors,adam.value_embeds.7.weight.m,17536,128,512,65536,904,64620,0,262144,258544,True
optimizer.safetensors,adam.value_embeds.7.weight.m,17664,128,512,65536,1461,64069,0,262144,256340,True
optimizer.safetensors,adam.value_embeds.7.weight.m,17792,128,512,65536,2409,63117,0,262144,252532,True
optimizer.safetensors,adam.value_embeds.7.weight.m,17920,128,512,65536,2266,63259,0,262144,253100,True
optimizer.safetensors,adam.value_embeds.7.weight.m,18048,128,512,65536,2427,63094,0,262144,252440,True
optimizer.safetensors,adam.value_embeds.7.weight.m,18176,128,512,65536,2560,62966,0,262144,251928,True
optimizer.safetensors,adam.value_embeds.7.weight.m,18304,128,512,65536,514,65009,0,262144,260100,True
optimizer.safetensors,adam.value_embeds.7.weight.m,18432,128,512,65536,514,65012,0,262144,260112,True
optimizer.safetensors,adam.value_embeds.7.weight.m,18560,128,512,65536,1027,64499,0,262144,258060,True
optimizer.safetensors,adam.value_embeds.7.weight.m,18688,128,512,65536,2578,62951,0,262144,251868,True
optimizer.safetensors,adam.value_embeds.7.weight.m,18816,128,512,65536,1243,64278,0,262144,257176,True
optimizer.safetensors,adam.value_embeds.7.weight.m,18944,128,512,65536,1024,64496,0,262144,258048,True
optimizer.safetensors,adam.value_embeds.7.weight.m,19072,128,512,65536,954,64573,0,262144,258356,True
optimizer.safetensors,adam.value_embeds.7.weight.m,19200,128,512,65536,2787,62741,0,262144,251028,True
optimizer.safetensors,adam.value_embeds.7.weight.m,19328,128,512,65536,1536,63995,0,262144,256044,True
optimizer.safetensors,adam.value_embeds.7.weight.m,19456,128,512,65536,1024,64508,0,262144,258096,True
optimizer.safetensors,adam.value_embeds.7.weight.m,19584,128,512,65536,2134,63392,0,262144,253632,True
optimizer.safetensors,adam.value_embeds.7.weight.m,19712,128,512,65536,1537,63979,0,262144,255980,True
optimizer.safetensors,adam.value_embeds.7.weight.m,19840,128,512,65536,4112,61416,0,262144,245728,False
optimizer.safetensors,adam.value_embeds.7.weight.m,19968,128,512,65536,1024,64506,0,262144,258088,True
optimizer.safetensors,adam.value_embeds.7.weight.m,20096,128,512,65536,2049,63476,0,262144,253968,True
optimizer.safetensors,adam.value_embeds.7.weight.m,20224,128,512,65536,4091,61428,0,262144,245776,False
optimizer.safetensors,adam.value_embeds.7.weight.m,20352,128,512,65536,3072,62454,0,262144,249880,True
optimizer.safetensors,adam.value_embeds.7.weight.m,20480,128,512,65536,1024,64503,0,262144,258076,True
optimizer.safetensors,adam.value_embeds.7.weight.m,20608,128,512,65536,512,65014,0,262144,260120,True
optimizer.safetensors,adam.value_embeds.7.weight.m,20736,128,512,65536,2048,63479,0,262144,253980,True
optimizer.safetensors,adam.value_embeds.7.weight.m,20864,128,512,65536,2052,63475,0,262144,253964,True
optimizer.safetensors,adam.value_embeds.7.weight.m,20992,128,512,65536,2048,63475,0,262144,253964,True
optimizer.safetensors,adam.value_embeds.7.weight.m,21120,128,512,65536,2573,62953,0,262144,251876,True
optimizer.safetensors,adam.value_embeds.7.weight.m,21248,128,512,65536,3080,62447,0,262144,249852,True
optimizer.safetensors,adam.value_embeds.7.weight.m,21376,128,512,65536,2560,62965,0,262144,251924,True
optimizer.safetensors,adam.value_embeds.7.weight.m,21504,128,512,65536,3584,61941,0,262144,247828,False
optimizer.safetensors,adam.value_embeds.7.weight.m,21632,128,512,65536,1537,63996,0,262144,256048,True
optimizer.safetensors,adam.value_embeds.7.weight.m,21760,128,512,65536,1033,64493,0,262144,258036,True
optimizer.safetensors,adam.value_embeds.7.weight.m,21888,128,512,65536,1358,64167,0,262144,256732,True
optimizer.safetensors,adam.value_embeds.7.weight.m,22016,128,512,65536,1536,63993,0,262144,256036,True
optimizer.safetensors,adam.value_embeds.7.weight.m,22144,128,512,65536,1561,63964,0,262144,255920,True
optimizer.safetensors,adam.value_embeds.7.weight.m,22272,128,512,65536,2405,63121,0,262144,252548,True
optimizer.safetensors,adam.value_embeds.7.weight.m,22400,128,512,65536,2465,63064,0,262144,252320,True
optimizer.safetensors,adam.value_embeds.7.weight.m,22528,128,512,65536,2239,63292,0,262144,253232,True
optimizer.safetensors,adam.value_embeds.7.weight.m,22656,128,512,65536,1024,64494,0,262144,258040,True
optimizer.safetensors,adam.value_embeds.7.weight.m,22784,128,512,65536,1799,63726,0,262144,254968,True
optimizer.safetensors,adam.value_embeds.7.weight.m,22912,128,512,65536,2563,62960,0,262144,251904,True
optimizer.safetensors,adam.value_embeds.7.weight.m,23040,128,512,65536,1650,63875,0,262144,255564,True
optimizer.safetensors,adam.value_embeds.7.weight.m,23168,128,512,65536,1737,63785,0,262144,255204,True
optimizer.safetensors,adam.value_embeds.7.weight.m,23296,128,512,65536,1536,63989,0,262144,256020,True
optimizer.safetensors,adam.value_embeds.7.weight.m,23424,128,512,65536,0,65530,0,262144,262184,True
optimizer.safetensors,adam.value_embeds.7.weight.m,23552,128,512,65536,2242,63284,0,262144,253200,True
optimizer.safetensors,adam.value_embeds.7.weight.m,23680,128,512,65536,3075,62453,0,262144,249876,True
optimizer.safetensors,adam.value_embeds.7.weight.m,23808,128,512,65536,3071,62457,0,262144,249892,True
optimizer.safetensors,adam.value_embeds.7.weight.m,23936,128,512,65536,1536,63990,0,262144,256024,True
optimizer.safetensors,adam.value_embeds.7.weight.m,24064,128,512,65536,2110,63414,0,262144,253720,True
optimizer.safetensors,adam.value_embeds.7.weight.m,24192,128,512,65536,512,64998,0,262144,260056,True
optimizer.safetensors,adam.value_embeds.7.weight.m,24320,128,512,65536,1536,63990,0,262144,256024,True
optimizer.safetensors,adam.value_embeds.7.weight.m,24448,128,512,65536,3461,62068,0,262144,248336,False
optimizer.safetensors,adam.value_embeds.7.weight.m,24576,128,512,65536,2560,62968,0,262144,251936,True
optimizer.safetensors,adam.value_embeds.7.weight.m,24704,128,512,65536,2573,62957,0,262144,251892,True
optimizer.safetensors,adam.value_embeds.7.weight.m,24832,128,512,65536,3080,62453,0,262144,249876,True
optimizer.safetensors,adam.value_embeds.7.weight.m,24960,128,512,65536,4187,61347,0,262144,245452,False
optimizer.safetensors,adam.value_embeds.7.weight.m,25088,128,512,65536,2560,62967,0,262144,251932,True
optimizer.safetensors,adam.value_embeds.7.weight.m,25216,128,512,65536,1024,64496,0,262144,258048,True
optimizer.safetensors,adam.value_embeds.7.weight.m,25344,128,512,65536,3592,61932,0,262144,247792,False
optimizer.safetensors,adam.value_embeds.7.weight.m,25472,128,512,65536,1536,63987,0,262144,256012,True
optimizer.safetensors,adam.value_embeds.7.weight.m,25600,128,512,65536,1540,63983,0,262144,255996,True
optimizer.safetensors,adam.value_embeds.7.weight.m,25728,128,512,65536,2219,63312,0,262144,253312,True
optimizer.safetensors,adam.value_embeds.7.weight.m,25856,128,512,65536,1536,63985,0,262144,256004,True
optimizer.safetensors,adam.value_embeds.7.weight.m,25984,128,512,65536,3072,62453,0,262144,249876,True
optimizer.safetensors,adam.value_embeds.7.weight.m,26112,128,512,65536,3072,62455,0,262144,249884,True
optimizer.safetensors,adam.value_embeds.7.weight.m,26240,128,512,65536,1564,63959,0,262144,255900,True
optimizer.safetensors,adam.value_embeds.7.weight.m,26368,128,512,65536,2051,63477,0,262144,253972,True
optimizer.safetensors,adam.value_embeds.7.weight.m,26496,128,512,65536,2563,62963,0,262144,251916,True
optimizer.safetensors,adam.value_embeds.7.weight.m,26624,128,512,65536,3670,61850,0,262144,247464,False
optimizer.safetensors,adam.value_embeds.7.weight.m,26752,128,512,65536,514,65011,0,262144,260108,True
optimizer.safetensors,adam.value_embeds.7.weight.m,26880,128,512,65536,1235,64294,0,262144,257240,True
optimizer.safetensors,adam.value_embeds.7.weight.m,27008,128,512,65536,2495,63033,0,262144,252196,True
optimizer.safetensors,adam.value_embeds.7.weight.m,27136,128,512,65536,517,65008,0,262144,260096,True
optimizer.safetensors,adam.value_embeds.7.weight.m,27264,128,512,65536,512,65014,0,262144,260120,True
optimizer.safetensors,adam.value_embeds.7.weight.m,27392,128,512,65536,2085,63442,0,262144,253832,True
optimizer.safetensors,adam.value_embeds.7.weight.m,27520,128,512,65536,2841,62682,0,262144,250792,True
optimizer.safetensors,adam.value_embeds.7.weight.m,27648,128,512,65536,3584,61943,0,262144,247836,False
optimizer.safetensors,adam.value_embeds.7.weight.m,27776,128,512,65536,1536,63989,0,262144,256020,True
optimizer.safetensors,adam.value_embeds.7.weight.m,27904,128,512,65536,2122,63405,0,262144,253684,True
optimizer.safetensors,adam.value_embeds.7.weight.m,28032,128,512,65536,3584,61945,0,262144,247844,False
optimizer.safetensors,adam.value_embeds.7.weight.m,28160,128,512,65536,2048,63476,0,262144,253968,True
optimizer.safetensors,adam.value_embeds.7.weight.m,28288,128,512,65536,3762,61760,0,262144,247104,False
optimizer.safetensors,adam.value_embeds.7.weight.m,28416,128,512,65536,2561,62965,0,262144,251924,True
optimizer.safetensors,adam.value_embeds.7.weight.m,28544,128,512,65536,3584,61942,0,262144,247832,False
optimizer.safetensors,adam.value_embeds.7.weight.m,28672,128,512,65536,1024,64502,0,262144,258072,True
optimizer.safetensors,adam.value_embeds.7.weight.m,28800,128,512,65536,2713,62818,0,262144,251336,True
optimizer.safetensors,adam.value_embeds.7.weight.m,28928,128,512,65536,1545,63984,0,262144,256000,True
optimizer.safetensors,adam.value_embeds.7.weight.m,29056,128,512,65536,1946,63581,0,262144,254388,True
optimizer.safetensors,adam.value_embeds.7.weight.m,29184,128,512,65536,2097,63431,0,262144,253788,True
optimizer.safetensors,adam.value_embeds.7.weight.m,29312,128,512,65536,4644,60880,0,262144,243584,False
optimizer.safetensors,adam.value_embeds.7.weight.m,29440,128,512,65536,2128,63401,0,262144,253668,True
optimizer.safetensors,adam.value_embeds.7.weight.m,29568,128,512,65536,2048,63479,0,262144,253980,True
optimizer.safetensors,adam.value_embeds.7.weight.m,29696,128,512,65536,2675,62853,0,262144,251476,True
optimizer.safetensors,adam.value_embeds.7.weight.m,29824,128,512,65536,2762,62769,0,262144,251140,True
optimizer.safetensors,adam.value_embeds.7.weight.m,29952,128,512,65536,2458,63067,0,262144,252332,True
optimizer.safetensors,adam.value_embeds.7.weight.m,30080,128,512,65536,2314,63218,0,262144,252936,True
optimizer.safetensors,adam.value_embeds.7.weight.m,30208,128,512,65536,1026,64498,0,262144,258056,True
optimizer.safetensors,adam.value_embeds.7.weight.m,30336,128,512,65536,1141,64387,0,262144,257612,True
optimizer.safetensors,adam.value_embeds.7.weight.m,30464,128,512,65536,3080,62450,0,262144,249864,True
optimizer.safetensors,adam.value_embeds.7.weight.m,30592,128,512,65536,3048,62480,0,262144,249984,True
optimizer.safetensors,adam.value_embeds.7.weight.m,30720,128,512,65536,1079,64449,0,262144,257860,True
optimizer.safetensors,adam.value_embeds.7.weight.m,30848,128,512,65536,1439,64082,0,262144,256392,True
optimizer.safetensors,adam.value_embeds.7.weight.m,30976,128,512,65536,1536,63993,0,262144,256036,True
optimizer.safetensors,adam.value_embeds.7.weight.m,31104,128,512,65536,2574,62950,0,262144,251864,True
optimizer.safetensors,adam.value_embeds.7.weight.m,31232,128,512,65536,1043,64482,0,262144,257992,True
optimizer.safetensors,adam.value_embeds.7.weight.m,31360,128,512,65536,1911,63618,0,262144,254536,True
optimizer.safetensors,adam.value_embeds.7.weight.m,31488,128,512,65536,1749,63773,0,262144,255156,True
optimizer.safetensors,adam.value_embeds.7.weight.m,31616,128,512,65536,1536,63988,0,262144,256016,True
optimizer.safetensors,adam.value_embeds.7.weight.m,31744,128,512,65536,5068,60463,0,262144,241916,False
optimizer.safetensors,adam.value_embeds.7.weight.m,31872,128,512,65536,150,65372,0,262144,261552,True
optimizer.safetensors,adam.value_embeds.7.weight.m,32000,128,512,65536,1083,64442,0,262144,257832,True
optimizer.safetensors,adam.value_embeds.7.weight.m,32128,128,512,65536,20,65506,0,262144,262088,True
optimizer.safetensors,adam.value_embeds.7.weight.m,32256,128,512,65536,2577,62951,0,262144,251868,True
optimizer.safetensors,adam.value_embeds.7.weight.m,32384,128,512,65536,3584,61944,0,262144,247840,False
optimizer.safetensors,adam.value_embeds.7.weight.m,32512,128,512,65536,1079,64451,0,262144,257868,True
optimizer.safetensors,adam.value_embeds.7.weight.m,32640,128,512,65536,7680,57842,0,262144,231432,False
optimizer.safetensors,adam.value_embeds.7.weight.v,0,128,512,65536,16896,48630,0,262144,194584,False
optimizer.safetensors,adam.value_embeds.7.weight.v,128,128,512,65536,14336,51187,0,262144,204812,False
optimizer.safetensors,adam.value_embeds.7.weight.v,256,128,512,65536,0,65525,0,262144,262164,True
optimizer.safetensors,adam.value_embeds.7.weight.v,384,128,512,65536,0,65517,0,262144,262132,True
optimizer.safetensors,adam.value_embeds.7.weight.v,512,128,512,65536,0,65519,0,262144,262140,True
optimizer.safetensors,adam.value_embeds.7.weight.v,640,128,512,65536,1024,64503,0,262144,258076,True
optimizer.safetensors,adam.value_embeds.7.weight.v,768,128,512,65536,512,65016,0,262144,260128,True
optimizer.safetensors,adam.value_embeds.7.weight.v,896,128,512,65536,1024,64493,0,262144,258036,True
optimizer.safetensors,adam.value_embeds.7.weight.v,1024,128,512,65536,0,65521,0,262144,262148,True
optimizer.safetensors,adam.value_embeds.7.weight.v,1152,128,512,65536,0,65528,0,262144,262176,True
optimizer.safetensors,adam.value_embeds.7.weight.v,1280,128,512,65536,0,65525,0,262144,262164,True
optimizer.safetensors,adam.value_embeds.7.weight.v,1408,128,512,65536,1536,63988,0,262144,256016,True
optimizer.safetensors,adam.value_embeds.7.weight.v,1536,128,512,65536,0,65519,0,262144,262140,True
optimizer.safetensors,adam.value_embeds.7.weight.v,1664,128,512,65536,1024,64494,0,262144,258040,True
optimizer.safetensors,adam.value_embeds.7.weight.v,1792,128,512,65536,512,65012,0,262144,260112,True
optimizer.safetensors,adam.value_embeds.7.weight.v,1920,128,512,65536,1024,64493,0,262144,258036,True
optimizer.safetensors,adam.value_embeds.7.weight.v,2048,128,512,65536,512,65014,0,262144,260120,True
optimizer.safetensors,adam.value_embeds.7.weight.v,2176,128,512,65536,512,65012,0,262144,260112,True
optimizer.safetensors,adam.value_embeds.7.weight.v,2304,128,512,65536,1024,64500,0,262144,258064,True
optimizer.safetensors,adam.value_embeds.7.weight.v,2432,128,512,65536,512,65009,0,262144,260100,True
optimizer.safetensors,adam.value_embeds.7.weight.v,2560,128,512,65536,2048,63477,0,262144,253972,True
optimizer.safetensors,adam.value_embeds.7.weight.v,2688,128,512,65536,512,65017,0,262144,260132,True
optimizer.safetensors,adam.value_embeds.7.weight.v,2816,128,512,65536,1025,64491,0,262144,258028,True
optimizer.safetensors,adam.value_embeds.7.weight.v,2944,128,512,65536,1024,64502,0,262144,258072,True
optimizer.safetensors,adam.value_embeds.7.weight.v,3072,128,512,65536,512,65010,0,262144,260104,True
optimizer.safetensors,adam.value_embeds.7.weight.v,3200,128,512,65536,1024,64497,0,262144,258052,True
optimizer.safetensors,adam.value_embeds.7.weight.v,3328,128,512,65536,2049,63478,0,262144,253976,True
optimizer.safetensors,adam.value_embeds.7.weight.v,3456,128,512,65536,1536,63983,0,262144,255996,True
optimizer.safetensors,adam.value_embeds.7.weight.v,3584,128,512,65536,512,65006,0,262144,260088,True
optimizer.safetensors,adam.value_embeds.7.weight.v,3712,128,512,65536,1536,63987,0,262144,256012,True
optimizer.safetensors,adam.value_embeds.7.weight.v,3840,128,512,65536,0,65521,0,262144,262148,True
optimizer.safetensors,adam.value_embeds.7.weight.v,3968,128,512,65536,1024,64499,0,262144,258060,True
optimizer.safetensors,adam.value_embeds.7.weight.v,4096,128,512,65536,512,65008,0,262144,260096,True
optimizer.safetensors,adam.value_embeds.7.weight.v,4224,128,512,65536,512,65013,0,262144,260116,True
optimizer.safetensors,adam.value_embeds.7.weight.v,4352,128,512,65536,512,65010,0,262144,260104,True
optimizer.safetensors,adam.value_embeds.7.weight.v,4480,128,512,65536,1536,63986,0,262144,256008,True
optimizer.safetensors,adam.value_embeds.7.weight.v,4608,128,512,65536,512,65005,0,262144,260084,True
optimizer.safetensors,adam.value_embeds.7.weight.v,4736,128,512,65536,1024,64495,0,262144,258044,True
optimizer.safetensors,adam.value_embeds.7.weight.v,4864,128,512,65536,1536,63982,0,262144,255992,True
optimizer.safetensors,adam.value_embeds.7.weight.v,4992,128,512,65536,2048,63473,0,262144,253956,True
optimizer.safetensors,adam.value_embeds.7.weight.v,5120,128,512,65536,1024,64496,0,262144,258048,True
optimizer.safetensors,adam.value_embeds.7.weight.v,5248,128,512,65536,1536,63984,0,262144,256000,True
optimizer.safetensors,adam.value_embeds.7.weight.v,5376,128,512,65536,1024,64489,0,262144,258020,True
optimizer.safetensors,adam.value_embeds.7.weight.v,5504,128,512,65536,2560,62962,0,262144,251912,True
optimizer.safetensors,adam.value_embeds.7.weight.v,5632,128,512,65536,1536,63984,0,262144,256000,True
optimizer.safetensors,adam.value_embeds.7.weight.v,5760,128,512,65536,2048,63480,0,262144,253984,True
optimizer.safetensors,adam.value_embeds.7.weight.v,5888,128,512,65536,0,65516,0,262144,262128,True
optimizer.safetensors,adam.value_embeds.7.weight.v,6016,128,512,65536,0,65517,0,262144,262132,True
optimizer.safetensors,adam.value_embeds.7.weight.v,6144,128,512,65536,512,64999,0,262144,260060,True
optimizer.safetensors,adam.value_embeds.7.weight.v,6272,128,512,65536,1024,64489,0,262144,258020,True
optimizer.safetensors,adam.value_embeds.7.weight.v,6400,128,512,65536,2048,63475,0,262144,253964,True
optimizer.safetensors,adam.value_embeds.7.weight.v,6528,128,512,65536,2048,63474,0,262144,253960,True
optimizer.safetensors,adam.value_embeds.7.weight.v,6656,128,512,65536,1536,63986,0,262144,256008,True
optimizer.safetensors,adam.value_embeds.7.weight.v,6784,128,512,65536,2048,63468,0,262144,253936,True
optimizer.safetensors,adam.value_embeds.7.weight.v,6912,128,512,65536,1024,64501,0,262144,258068,True
optimizer.safetensors,adam.value_embeds.7.weight.v,7040,128,512,65536,0,65516,0,262144,262128,True
optimizer.safetensors,adam.value_embeds.7.weight.v,7168,128,512,65536,2048,63471,0,262144,253948,True
optimizer.safetensors,adam.value_embeds.7.weight.v,7296,128,512,65536,512,65009,0,262144,260100,True
optimizer.safetensors,adam.value_embeds.7.weight.v,7424,128,512,65536,512,65007,0,262144,260092,True
optimizer.safetensors,adam.value_embeds.7.weight.v,7552,128,512,65536,1024,64494,0,262144,258040,True
optimizer.safetensors,adam.value_embeds.7.weight.v,7680,128,512,65536,0,65513,0,262144,262116,True
optimizer.safetensors,adam.value_embeds.7.weight.v,7808,128,512,65536,1024,64489,0,262144,258020,True
optimizer.safetensors,adam.value_embeds.7.weight.v,7936,128,512,65536,512,65004,0,262144,260080,True
optimizer.safetensors,adam.value_embeds.7.weight.v,8064,128,512,65536,512,65000,0,262144,260064,True
optimizer.safetensors,adam.value_embeds.7.weight.v,8192,128,512,65536,1024,64496,0,262144,258048,True
optimizer.safetensors,adam.value_embeds.7.weight.v,8320,128,512,65536,512,65004,0,262144,260080,True
optimizer.safetensors,adam.value_embeds.7.weight.v,8448,128,512,65536,1024,64490,0,262144,258024,True
optimizer.safetensors,adam.value_embeds.7.weight.v,8576,128,512,65536,1536,63974,0,262144,255960,True
optimizer.safetensors,adam.value_embeds.7.weight.v,8704,128,512,65536,1024,64491,0,262144,258028,True
optimizer.safetensors,adam.value_embeds.7.weight.v,8832,128,512,65536,1024,64498,0,262144,258056,True
optimizer.safetensors,adam.value_embeds.7.weight.v,8960,128,512,65536,1024,64494,0,262144,258040,True
optimizer.safetensors,adam.value_embeds.7.weight.v,9088,128,512,65536,1024,64487,0,262144,258012,True
optimizer.safetensors,adam.value_embeds.7.weight.v,9216,128,512,65536,512,65008,0,262144,260096,True
optimizer.safetensors,adam.value_embeds.7.weight.v,9344,128,512,65536,512,65006,0,262144,260088,True
optimizer.safetensors,adam.value_embeds.7.weight.v,9472,128,512,65536,2048,63467,0,262144,253932,True
optimizer.safetensors,adam.value_embeds.7.weight.v,9600,128,512,65536,0,65515,0,262144,262124,True
optimizer.safetensors,adam.value_embeds.7.weight.v,9728,128,512,65536,1024,64496,0,262144,258048,True
optimizer.safetensors,adam.value_embeds.7.weight.v,9856,128,512,65536,1024,64492,0,262144,258032,True
optimizer.safetensors,adam.value_embeds.7.weight.v,9984,128,512,65536,1536,63988,0,262144,256016,True
optimizer.safetensors,adam.value_embeds.7.weight.v,10112,128,512,65536,1024,64499,0,262144,258060,True
optimizer.safetensors,adam.value_embeds.7.weight.v,10240,128,512,65536,1024,64496,0,262144,258048,True
optimizer.safetensors,adam.value_embeds.7.weight.v,10368,128,512,65536,1024,64496,0,262144,258048,True
optimizer.safetensors,adam.value_embeds.7.weight.v,10496,128,512,65536,0,65527,0,262144,262172,True
optimizer.safetensors,adam.value_embeds.7.weight.v,10624,128,512,65536,512,65012,0,262144,260112,True
optimizer.safetensors,adam.value_embeds.7.weight.v,10752,128,512,65536,0,65518,0,262144,262136,True
optimizer.safetensors,adam.value_embeds.7.weight.v,10880,128,512,65536,1024,64495,0,262144,258044,True
optimizer.safetensors,adam.value_embeds.7.weight.v,11008,128,512,65536,512,64996,0,262144,260048,True
optimizer.safetensors,adam.value_embeds.7.weight.v,11136,128,512,65536,0,65517,0,262144,262132,True
optimizer.safetensors,adam.value_embeds.7.weight.v,11264,128,512,65536,512,64997,0,262144,260052,True
optimizer.safetensors,adam.value_embeds.7.weight.v,11392,128,512,65536,512,65007,0,262144,260092,True
optimizer.safetensors,adam.value_embeds.7.weight.v,11520,128,512,65536,2048,63473,0,262144,253956,True
optimizer.safetensors,adam.value_embeds.7.weight.v,11648,128,512,65536,2048,63466,0,262144,253928,True
optimizer.safetensors,adam.value_embeds.7.weight.v,11776,128,512,65536,512,64998,0,262144,260056,True
optimizer.safetensors,adam.value_embeds.7.weight.v,11904,128,512,65536,1536,63974,0,262144,255960,True
optimizer.safetensors,adam.value_embeds.7.weight.v,12032,128,512,65536,1024,64491,0,262144,258028,True
optimizer.safetensors,adam.value_embeds.7.weight.v,12160,128,512,65536,2048,63462,0,262144,253912,True
optimizer.safetensors,adam.value_embeds.7.weight.v,12288,128,512,65536,1024,64482,0,262144,257992,True
optimizer.safetensors,adam.value_embeds.7.weight.v,12416,128,512,65536,1536,63975,0,262144,255964,True
optimizer.safetensors,adam.value_embeds.7.weight.v,12544,128,512,65536,1024,64488,0,262144,258016,True
optimizer.safetensors,adam.value_embeds.7.weight.v,12672,128,512,65536,512,65002,0,262144,260072,True
optimizer.safetensors,adam.value_embeds.7.weight.v,12800,128,512,65536,512,65003,0,262144,260076,True
optimizer.safetensors,adam.value_embeds.7.weight.v,12928,128,512,65536,1024,64495,0,262144,258044,True
optimizer.safetensors,adam.value_embeds.7.weight.v,13056,128,512,65536,512,65010,0,262144,260104,True
optimizer.safetensors,adam.value_embeds.7.weight.v,13184,128,512,65536,1024,64488,0,262144,258016,True
optimizer.safetensors,adam.value_embeds.7.weight.v,13312,128,512,65536,512,65002,0,262144,260072,True
optimizer.safetensors,adam.value_embeds.7.weight.v,13440,128,512,65536,1024,64492,0,262144,258032,True
optimizer.safetensors,adam.value_embeds.7.weight.v,13568,128,512,65536,1025,64492,0,262144,258032,True
optimizer.safetensors,adam.value_embeds.7.weight.v,13696,128,512,65536,1024,64491,0,262144,258028,True
optimizer.safetensors,adam.value_embeds.7.weight.v,13824,128,512,65536,1024,64485,0,262144,258004,True
optimizer.safetensors,adam.value_embeds.7.weight.v,13952,128,512,65536,512,64999,0,262144,260060,True
optimizer.safetensors,adam.value_embeds.7.weight.v,14080,128,512,65536,1024,64490,0,262144,258024,True
optimizer.safetensors,adam.value_embeds.7.weight.v,14208,128,512,65536,2048,63465,0,262144,253924,True
optimizer.safetensors,adam.value_embeds.7.weight.v,14336,128,512,65536,512,65008,0,262144,260096,True
optimizer.safetensors,adam.value_embeds.7.weight.v,14464,128,512,65536,0,65515,0,262144,262124,True
optimizer.safetensors,adam.value_embeds.7.weight.v,14592,128,512,65536,0,65515,0,262144,262124,True
optimizer.safetensors,adam.value_embeds.7.weight.v,14720,128,512,65536,512,65001,0,262144,260068,True
optimizer.safetensors,adam.value_embeds.7.weight.v,14848,128,512,65536,512,65005,0,262144,260084,True
optimizer.safetensors,adam.value_embeds.7.weight.v,14976,128,512,65536,1024,64491,0,262144,258028,True
optimizer.safetensors,adam.value_embeds.7.weight.v,15104,128,512,65536,512,64993,0,262144,260036,True
optimizer.safetensors,adam.value_embeds.7.weight.v,15232,128,512,65536,1024,64490,0,262144,258024,True
optimizer.safetensors,adam.value_embeds.7.weight.v,15360,128,512,65536,1536,63973,0,262144,255956,True
optimizer.safetensors,adam.value_embeds.7.weight.v,15488,128,512,65536,1536,63976,0,262144,255968,True
optimizer.safetensors,adam.value_embeds.7.weight.v,15616,128,512,65536,0,65511,0,262144,262108,True
optimizer.safetensors,adam.value_embeds.7.weight.v,15744,128,512,65536,512,64997,0,262144,260052,True
optimizer.safetensors,adam.value_embeds.7.weight.v,15872,128,512,65536,0,65517,0,262144,262132,True
optimizer.safetensors,adam.value_embeds.7.weight.v,16000,128,512,65536,1024,64493,0,262144,258036,True
optimizer.safetensors,adam.value_embeds.7.weight.v,16128,128,512,65536,1024,64489,0,262144,258020,True
optimizer.safetensors,adam.value_embeds.7.weight.v,16256,128,512,65536,2048,63466,0,262144,253928,True
optimizer.safetensors,adam.value_embeds.7.weight.v,16384,128,512,65536,1536,63979,0,262144,255980,True
optimizer.safetensors,adam.value_embeds.7.weight.v,16512,128,512,65536,0,65512,0,262144,262112,True
optimizer.safetensors,adam.value_embeds.7.weight.v,16640,128,512,65536,1536,63974,0,262144,255960,True
optimizer.safetensors,adam.value_embeds.7.weight.v,16768,128,512,65536,2560,62949,0,262144,251860,True
optimizer.safetensors,adam.value_embeds.7.weight.v,16896,128,512,65536,512,65004,0,262144,260080,True
optimizer.safetensors,adam.value_embeds.7.weight.v,17024,128,512,65536,2048,63463,0,262144,253916,True
optimizer.safetensors,adam.value_embeds.7.weight.v,17152,128,512,65536,512,64999,0,262144,260060,True
optimizer.safetensors,adam.value_embeds.7.weight.v,17280,128,512,65536,512,65005,0,262144,260084,True
optimizer.safetensors,adam.value_embeds.7.weight.v,17408,128,512,65536,512,64993,0,262144,260036,True
optimizer.safetensors,adam.value_embeds.7.weight.v,17536,128,512,65536,512,65006,0,262144,260088,True
optimizer.safetensors,adam.value_embeds.7.weight.v,17664,128,512,65536,512,65004,0,262144,260080,True
optimizer.safetensors,adam.value_embeds.7.weight.v,17792,128,512,65536,513,64989,0,262144,260020,True
optimizer.safetensors,adam.value_embeds.7.weight.v,17920,128,512,65536,1536,63976,0,262144,255968,True
optimizer.safetensors,adam.value_embeds.7.weight.v,18048,128,512,65536,512,65002,0,262144,260072,True
optimizer.safetensors,adam.value_embeds.7.weight.v,18176,128,512,65536,512,64997,0,262144,260052,True
optimizer.safetensors,adam.value_embeds.7.weight.v,18304,128,512,65536,512,64996,0,262144,260048,True
optimizer.safetensors,adam.value_embeds.7.weight.v,18432,128,512,65536,512,65002,0,262144,260072,True
optimizer.safetensors,adam.value_embeds.7.weight.v,18560,128,512,65536,512,65012,0,262144,260112,True
optimizer.safetensors,adam.value_embeds.7.weight.v,18688,128,512,65536,1536,63977,0,262144,255972,True
optimizer.safetensors,adam.value_embeds.7.weight.v,18816,128,512,65536,1024,64485,0,262144,258004,True
optimizer.safetensors,adam.value_embeds.7.weight.v,18944,128,512,65536,512,65004,0,262144,260080,True
optimizer.safetensors,adam.value_embeds.7.weight.v,19072,128,512,65536,0,65508,0,262144,262096,True
optimizer.safetensors,adam.value_embeds.7.weight.v,19200,128,512,65536,1536,63961,0,262144,255908,True
optimizer.safetensors,adam.value_embeds.7.weight.v,19328,128,512,65536,1024,64492,0,262144,258032,True
optimizer.safetensors,adam.value_embeds.7.weight.v,19456,128,512,65536,0,65517,0,262144,262132,True
optimizer.safetensors,adam.value_embeds.7.weight.v,19584,128,512,65536,512,64995,0,262144,260044,True
optimizer.safetensors,adam.value_embeds.7.weight.v,19712,128,512,65536,1024,64483,0,262144,257996,True
optimizer.safetensors,adam.value_embeds.7.weight.v,19840,128,512,65536,2560,62954,0,262144,251880,True
optimizer.safetensors,adam.value_embeds.7.weight.v,19968,128,512,65536,1024,64489,0,262144,258020,True
optimizer.safetensors,adam.value_embeds.7.weight.v,20096,128,512,65536,512,65003,0,262144,260076,True
optimizer.safetensors,adam.value_embeds.7.weight.v,20224,128,512,65536,2560,62953,0,262144,251876,True
optimizer.safetensors,adam.value_embeds.7.weight.v,20352,128,512,65536,1542,63969,0,262144,255940,True
optimizer.safetensors,adam.value_embeds.7.weight.v,20480,128,512,65536,0,65517,0,262144,262132,True
optimizer.safetensors,adam.value_embeds.7.weight.v,20608,128,512,65536,0,65512,0,262144,262112,True
optimizer.safetensors,adam.value_embeds.7.weight.v,20736,128,512,65536,1024,64492,0,262144,258032,True
optimizer.safetensors,adam.value_embeds.7.weight.v,20864,128,512,65536,512,64996,0,262144,260048,True
optimizer.safetensors,adam.value_embeds.7.weight.v,20992,128,512,65536,512,65004,0,262144,260080,True
optimizer.safetensors,adam.value_embeds.7.weight.v,21120,128,512,65536,2048,63463,0,262144,253916,True
optimizer.safetensors,adam.value_embeds.7.weight.v,21248,128,512,65536,1024,64492,0,262144,258032,True
optimizer.safetensors,adam.value_embeds.7.weight.v,21376,128,512,65536,0,65520,0,262144,262144,True
optimizer.safetensors,adam.value_embeds.7.weight.v,21504,128,512,65536,1536,63980,0,262144,255984,True
optimizer.safetensors,adam.value_embeds.7.weight.v,21632,128,512,65536,513,65003,0,262144,260076,True
optimizer.safetensors,adam.value_embeds.7.weight.v,21760,128,512,65536,512,65004,0,262144,260080,True
optimizer.safetensors,adam.value_embeds.7.weight.v,21888,128,512,65536,512,64997,0,262144,260052,True
optimizer.safetensors,adam.value_embeds.7.weight.v,22016,128,512,65536,512,65009,0,262144,260100,True
optimizer.safetensors,adam.value_embeds.7.weight.v,22144,128,512,65536,512,65005,0,262144,260084,True
optimizer.safetensors,adam.value_embeds.7.weight.v,22272,128,512,65536,1536,63981,0,262144,255988,True
optimizer.safetensors,adam.value_embeds.7.weight.v,22400,128,512,65536,1024,64491,0,262144,258028,True
optimizer.safetensors,adam.value_embeds.7.weight.v,22528,128,512,65536,512,65002,0,262144,260072,True
optimizer.safetensors,adam.value_embeds.7.weight.v,22656,128,512,65536,512,65004,0,262144,260080,True
optimizer.safetensors,adam.value_embeds.7.weight.v,22784,128,512,65536,0,65502,0,262144,262072,True
optimizer.safetensors,adam.value_embeds.7.weight.v,22912,128,512,65536,1536,63983,0,262144,255996,True
optimizer.safetensors,adam.value_embeds.7.weight.v,23040,128,512,65536,1024,64487,0,262144,258012,True
optimizer.safetensors,adam.value_embeds.7.weight.v,23168,128,512,65536,512,65001,0,262144,260068,True
optimizer.safetensors,adam.value_embeds.7.weight.v,23296,128,512,65536,1026,64489,0,262144,258020,True
optimizer.safetensors,adam.value_embeds.7.weight.v,23424,128,512,65536,0,65513,0,262144,262116,True
optimizer.safetensors,adam.value_embeds.7.weight.v,23552,128,512,65536,1536,63979,0,262144,255980,True
optimizer.safetensors,adam.value_embeds.7.weight.v,23680,128,512,65536,1024,64493,0,262144,258036,True
optimizer.safetensors,adam.value_embeds.7.weight.v,23808,128,512,65536,512,65003,0,262144,260076,True
optimizer.safetensors,adam.value_embeds.7.weight.v,23936,128,512,65536,512,64994,0,262144,260040,True
optimizer.safetensors,adam.value_embeds.7.weight.v,24064,128,512,65536,1536,63960,0,262144,255904,True
optimizer.safetensors,adam.value_embeds.7.weight.v,24192,128,512,65536,0,65500,0,262144,262064,True
optimizer.safetensors,adam.value_embeds.7.weight.v,24320,128,512,65536,512,64994,0,262144,260040,True
optimizer.safetensors,adam.value_embeds.7.weight.v,24448,128,512,65536,526,64982,0,262144,259992,True
optimizer.safetensors,adam.value_embeds.7.weight.v,24576,128,512,65536,1536,63967,0,262144,255932,True
optimizer.safetensors,adam.value_embeds.7.weight.v,24704,128,512,65536,1536,63967,0,262144,255932,True
optimizer.safetensors,adam.value_embeds.7.weight.v,24832,128,512,65536,512,64999,0,262144,260060,True
optimizer.safetensors,adam.value_embeds.7.weight.v,24960,128,512,65536,2048,63469,0,262144,253940,True
optimizer.safetensors,adam.value_embeds.7.weight.v,25088,128,512,65536,2048,63464,0,262144,253920,True
optimizer.safetensors,adam.value_embeds.7.weight.v,25216,128,512,65536,1024,64487,0,262144,258012,True
optimizer.safetensors,adam.value_embeds.7.weight.v,25344,128,512,65536,2048,63463,0,262144,253916,True
optimizer.safetensors,adam.value_embeds.7.weight.v,25472,128,512,65536,0,65507,0,262144,262092,True
optimizer.safetensors,adam.value_embeds.7.weight.v,25600,128,512,65536,0,65511,0,262144,262108,True
optimizer.safetensors,adam.value_embeds.7.weight.v,25728,128,512,65536,1024,64483,0,262144,257996,True
optimizer.safetensors,adam.value_embeds.7.weight.v,25856,128,512,65536,1024,64484,0,262144,258000,True
optimizer.safetensors,adam.value_embeds.7.weight.v,25984,128,512,65536,1536,63973,0,262144,255956,True
optimizer.safetensors,adam.value_embeds.7.weight.v,26112,128,512,65536,512,64997,0,262144,260052,True
optimizer.safetensors,adam.value_embeds.7.weight.v,26240,128,512,65536,512,64999,0,262144,260060,True
optimizer.safetensors,adam.value_embeds.7.weight.v,26368,128,512,65536,512,65005,0,262144,260084,True
optimizer.safetensors,adam.value_embeds.7.weight.v,26496,128,512,65536,1024,64494,0,262144,258040,True
optimizer.safetensors,adam.value_embeds.7.weight.v,26624,128,512,65536,2048,63459,0,262144,253900,True
optimizer.safetensors,adam.value_embeds.7.weight.v,26752,128,512,65536,0,65506,0,262144,262088,True
optimizer.safetensors,adam.value_embeds.7.weight.v,26880,128,512,65536,0,65510,0,262144,262104,True
optimizer.safetensors,adam.value_embeds.7.weight.v,27008,128,512,65536,1024,64478,0,262144,257976,True
optimizer.safetensors,adam.value_embeds.7.weight.v,27136,128,512,65536,0,65509,0,262144,262100,True
optimizer.safetensors,adam.value_embeds.7.weight.v,27264,128,512,65536,512,65010,0,262144,260104,True
optimizer.safetensors,adam.value_embeds.7.weight.v,27392,128,512,65536,1024,64494,0,262144,258040,True
optimizer.safetensors,adam.value_embeds.7.weight.v,27520,128,512,65536,1024,64492,0,262144,258032,True
optimizer.safetensors,adam.value_embeds.7.weight.v,27648,128,512,65536,1536,63982,0,262144,255992,True
optimizer.safetensors,adam.value_embeds.7.weight.v,27776,128,512,65536,1536,63982,0,262144,255992,True
optimizer.safetensors,adam.value_embeds.7.weight.v,27904,128,512,65536,0,65504,0,262144,262080,True
optimizer.safetensors,adam.value_embeds.7.weight.v,28032,128,512,65536,2560,62941,0,262144,251828,True
optimizer.safetensors,adam.value_embeds.7.weight.v,28160,128,512,65536,1536,63967,0,262144,255932,True
optimizer.safetensors,adam.value_embeds.7.weight.v,28288,128,512,65536,2048,63470,0,262144,253944,True
optimizer.safetensors,adam.value_embeds.7.weight.v,28416,128,512,65536,2048,63463,0,262144,253916,True
optimizer.safetensors,adam.value_embeds.7.weight.v,28544,128,512,65536,1025,64484,0,262144,258000,True
optimizer.safetensors,adam.value_embeds.7.weight.v,28672,128,512,65536,512,65002,0,262144,260072,True
optimizer.safetensors,adam.value_embeds.7.weight.v,28800,128,512,65536,512,64998,0,262144,260056,True
optimizer.safetensors,adam.value_embeds.7.weight.v,28928,128,512,65536,512,64996,0,262144,260048,True
optimizer.safetensors,adam.value_embeds.7.weight.v,29056,128,512,65536,1024,64481,0,262144,257988,True
optimizer.safetensors,adam.value_embeds.7.weight.v,29184,128,512,65536,512,64994,0,262144,260040,True
optimizer.safetensors,adam.value_embeds.7.weight.v,29312,128,512,65536,2560,62955,0,262144,251884,True
optimizer.safetensors,adam.value_embeds.7.weight.v,29440,128,512,65536,1536,63971,0,262144,255948,True
optimizer.safetensors,adam.value_embeds.7.weight.v,29568,128,512,65536,0,65513,0,262144,262116,True
optimizer.safetensors,adam.value_embeds.7.weight.v,29696,128,512,65536,1536,63974,0,262144,255960,True
optimizer.safetensors,adam.value_embeds.7.weight.v,29824,128,512,65536,2048,63458,0,262144,253896,True
optimizer.safetensors,adam.value_embeds.7.weight.v,29952,128,512,65536,1024,64493,0,262144,258036,True
optimizer.safetensors,adam.value_embeds.7.weight.v,30080,128,512,65536,1536,63973,0,262144,255956,True
optimizer.safetensors,adam.value_embeds.7.weight.v,30208,128,512,65536,512,64997,0,262144,260052,True
optimizer.safetensors,adam.value_embeds.7.weight.v,30336,128,512,65536,512,65002,0,262144,260072,True
optimizer.safetensors,adam.value_embeds.7.weight.v,30464,128,512,65536,1024,64492,0,262144,258032,True
optimizer.safetensors,adam.value_embeds.7.weight.v,30592,128,512,65536,1024,64497,0,262144,258052,True
optimizer.safetensors,adam.value_embeds.7.weight.v,30720,128,512,65536,0,65509,0,262144,262100,True
optimizer.safetensors,adam.value_embeds.7.weight.v,30848,128,512,65536,512,64987,0,262144,260012,True
optimizer.safetensors,adam.value_embeds.7.weight.v,30976,128,512,65536,1024,64480,0,262144,257984,True
optimizer.safetensors,adam.value_embeds.7.weight.v,31104,128,512,65536,512,64976,0,262144,259968,True
optimizer.safetensors,adam.value_embeds.7.weight.v,31232,128,512,65536,512,64985,0,262144,260004,True
optimizer.safetensors,adam.value_embeds.7.weight.v,31360,128,512,65536,512,65000,0,262144,260064,True
optimizer.safetensors,adam.value_embeds.7.weight.v,31488,128,512,65536,1024,64480,0,262144,257984,True
optimizer.safetensors,adam.value_embeds.7.weight.v,31616,128,512,65536,1024,64477,0,262144,257972,True
optimizer.safetensors,adam.value_embeds.7.weight.v,31744,128,512,65536,1027,64480,0,262144,257984,True
optimizer.safetensors,adam.value_embeds.7.weight.v,31872,128,512,65536,0,65505,0,262144,262084,True
optimizer.safetensors,adam.value_embeds.7.weight.v,32000,128,512,65536,0,65517,0,262144,262132,True
optimizer.safetensors,adam.value_embeds.7.weight.v,32128,128,512,65536,0,65510,0,262144,262104,True
optimizer.safetensors,adam.value_embeds.7.weight.v,32256,128,512,65536,0,65518,0,262144,262136,True
optimizer.safetensors,adam.value_embeds.7.weight.v,32384,128,512,65536,513,65006,0,262144,260088,True
optimizer.safetensors,adam.value_embeds.7.weight.v,32512,128,512,65536,0,65501,0,262144,262068,True
optimizer.safetensors,adam.value_embeds.7.weight.v,32640,128,512,65536,4608,60901,0,262144,243668,False
optimizer.safetensors,adam.wte.weight.m,0,128,512,65536,16896,48631,0,262144,194588,False
optimizer.safetensors,adam.wte.weight.m,128,128,512,65536,14337,51184,0,262144,204800,False
optimizer.safetensors,adam.wte.weight.m,256,128,512,65536,0,65520,0,262144,262144,True
optimizer.safetensors,adam.wte.weight.m,384,128,512,65536,0,65520,0,262144,262144,True
optimizer.safetensors,adam.wte.weight.m,512,128,512,65536,0,65515,0,262144,262124,True
optimizer.safetensors,adam.wte.weight.m,640,128,512,65536,1024,64498,0,262144,258056,True
optimizer.safetensors,adam.wte.weight.m,768,128,512,65536,512,65009,0,262144,260100,True
optimizer.safetensors,adam.wte.weight.m,896,128,512,65536,1024,64487,0,262144,258012,True
optimizer.safetensors,adam.wte.weight.m,1024,128,512,65536,0,65521,0,262144,262148,True
optimizer.safetensors,adam.wte.weight.m,1152,128,512,65536,512,65014,0,262144,260120,True
optimizer.safetensors,adam.wte.weight.m,1280,128,512,65536,0,65525,0,262144,262164,True
optimizer.safetensors,adam.wte.weight.m,1408,128,512,65536,1536,63985,0,262144,256004,True
optimizer.safetensors,adam.wte.weight.m,1536,128,512,65536,528,64994,0,262144,260040,True
optimizer.safetensors,adam.wte.weight.m,1664,128,512,65536,1113,64409,0,262144,257700,True
optimizer.safetensors,adam.wte.weight.m,1792,128,512,65536,1539,63982,0,262144,255992,True
optimizer.safetensors,adam.wte.weight.m,1920,128,512,65536,1080,64442,0,262144,257832,True
optimizer.safetensors,adam.wte.weight.m,2048,128,512,65536,1024,64491,0,262144,258028,True
optimizer.safetensors,adam.wte.weight.m,2176,128,512,65536,1025,64491,0,262144,258028,True
optimizer.safetensors,adam.wte.weight.m,2304,128,512,65536,1539,63984,0,262144,256000,True
optimizer.safetensors,adam.wte.weight.m,2432,128,512,65536,1024,64496,0,262144,258048,True
optimizer.safetensors,adam.wte.weight.m,2560,128,512,65536,2560,62964,0,262144,251920,True
optimizer.safetensors,adam.wte.weight.m,2688,128,512,65536,1024,64489,0,262144,258020,True
optimizer.safetensors,adam.wte.weight.m,2816,128,512,65536,2033,63485,0,262144,254004,True
optimizer.safetensors,adam.wte.weight.m,2944,128,512,65536,1536,63985,0,262144,256004,True
optimizer.safetensors,adam.wte.weight.m,3072,128,512,65536,512,65011,0,262144,260108,True
optimizer.safetensors,adam.wte.weight.m,3200,128,512,65536,1536,63985,0,262144,256004,True
optimizer.safetensors,adam.wte.weight.m,3328,128,512,65536,2560,62963,0,262144,251916,True
optimizer.safetensors,adam.wte.weight.m,3456,128,512,65536,1536,63988,0,262144,256016,True
optimizer.safetensors,adam.wte.weight.m,3584,128,512,65536,512,65008,0,262144,260096,True
optimizer.safetensors,adam.wte.weight.m,3712,128,512,65536,1536,63984,0,262144,256000,True
optimizer.safetensors,adam.wte.weight.m,3840,128,512,65536,1024,64503,0,262144,258076,True
optimizer.safetensors,adam.wte.weight.m,3968,128,512,65536,1139,64376,0,262144,257568,True
optimizer.safetensors,adam.wte.weight.m,4096,128,512,65536,512,65011,0,262144,260108,True
optimizer.safetensors,adam.wte.weight.m,4224,128,512,65536,512,65012,0,262144,260112,True
optimizer.safetensors,adam.wte.weight.m,4352,128,512,65536,513,65008,0,262144,260096,True
optimizer.safetensors,adam.wte.weight.m,4480,128,512,65536,1613,63910,0,262144,255704,True
optimizer.safetensors,adam.wte.weight.m,4608,128,512,65536,512,65010,0,262144,260104,True
optimizer.safetensors,adam.wte.weight.m,4736,128,512,65536,1024,64492,0,262144,258032,True
optimizer.safetensors,adam.wte.weight.m,4864,128,512,65536,1536,63988,0,262144,256016,True
optimizer.safetensors,adam.wte.weight.m,4992,128,512,65536,2560,62957,0,262144,251892,True
optimizer.safetensors,adam.wte.weight.m,5120,128,512,65536,1624,63896,0,262144,255648,True
optimizer.safetensors,adam.wte.weight.m,5248,128,512,65536,1536,63982,0,262144,255992,True
optimizer.safetensors,adam.wte.weight.m,5376,128,512,65536,1536,63993,0,262144,256036,True
optimizer.safetensors,adam.wte.weight.m,5504,128,512,65536,2560,62953,0,262144,251876,True
optimizer.safetensors,adam.wte.weight.m,5632,128,512,65536,2048,63474,0,262144,253960,True
optimizer.safetensors,adam.wte.weight.m,5760,128,512,65536,2048,63465,0,262144,253924,True
optimizer.safetensors,adam.wte.weight.m,5888,128,512,65536,0,65511,0,262144,262108,True
optimizer.safetensors,adam.wte.weight.m,6016,128,512,65536,0,65518,0,262144,262136,True
optimizer.safetensors,adam.wte.weight.m,6144,128,512,65536,1422,64099,0,262144,256460,True
optimizer.safetensors,adam.wte.weight.m,6272,128,512,65536,1024,64493,0,262144,258036,True
optimizer.safetensors,adam.wte.weight.m,6400,128,512,65536,2560,62961,0,262144,251908,True
optimizer.safetensors,adam.wte.weight.m,6528,128,512,65536,2048,63475,0,262144,253964,True
optimizer.safetensors,adam.wte.weight.m,6656,128,512,65536,2560,62967,0,262144,251932,True
optimizer.safetensors,adam.wte.weight.m,6784,128,512,65536,2560,62965,0,262144,251924,True
optimizer.safetensors,adam.wte.weight.m,6912,128,512,65536,1024,64490,0,262144,258024,True
optimizer.safetensors,adam.wte.weight.m,7040,128,512,65536,1024,64499,0,262144,258060,True
optimizer.safetensors,adam.wte.weight.m,7168,128,512,65536,2048,63473,0,262144,253956,True
optimizer.safetensors,adam.wte.weight.m,7296,128,512,65536,940,64582,0,262144,258392,True
optimizer.safetensors,adam.wte.weight.m,7424,128,512,65536,1536,63985,0,262144,256004,True
optimizer.safetensors,adam.wte.weight.m,7552,128,512,65536,1536,63983,0,262144,255996,True
optimizer.safetensors,adam.wte.weight.m,7680,128,512,65536,1024,64495,0,262144,258044,True
optimizer.safetensors,adam.wte.weight.m,7808,128,512,65536,2048,63469,0,262144,253940,True
optimizer.safetensors,adam.wte.weight.m,7936,128,512,65536,1024,64494,0,262144,258040,True
optimizer.safetensors,adam.wte.weight.m,8064,128,512,65536,1024,64489,0,262144,258020,True
optimizer.safetensors,adam.wte.weight.m,8192,128,512,65536,1536,63985,0,262144,256004,True
optimizer.safetensors,adam.wte.weight.m,8320,128,512,65536,1536,63973,0,262144,255956,True
optimizer.safetensors,adam.wte.weight.m,8448,128,512,65536,2048,63468,0,262144,253936,True
optimizer.safetensors,adam.wte.weight.m,8576,128,512,65536,2048,63466,0,262144,253928,True
optimizer.safetensors,adam.wte.weight.m,8704,128,512,65536,3072,62447,0,262144,249852,True
optimizer.safetensors,adam.wte.weight.m,8832,128,512,65536,2049,63472,0,262144,253952,True
optimizer.safetensors,adam.wte.weight.m,8960,128,512,65536,2560,62957,0,262144,251892,True
optimizer.safetensors,adam.wte.weight.m,9088,128,512,65536,1029,64499,0,262144,258060,True
optimizer.safetensors,adam.wte.weight.m,9216,128,512,65536,1024,64493,0,262144,258036,True
optimizer.safetensors,adam.wte.weight.m,9344,128,512,65536,512,65002,0,262144,260072,True
optimizer.safetensors,adam.wte.weight.m,9472,128,512,65536,2048,63475,0,262144,253964,True
optimizer.safetensors,adam.wte.weight.m,9600,128,512,65536,512,65003,0,262144,260076,True
optimizer.safetensors,adam.wte.weight.m,9728,128,512,65536,1024,64495,0,262144,258044,True
optimizer.safetensors,adam.wte.weight.m,9856,128,512,65536,1024,64502,0,262144,258072,True
optimizer.safetensors,adam.wte.weight.m,9984,128,512,65536,3072,62447,0,262144,249852,True
optimizer.safetensors,adam.wte.weight.m,10112,128,512,65536,1026,64492,0,262144,258032,True
optimizer.safetensors,adam.wte.weight.m,10240,128,512,65536,1024,64497,0,262144,258052,True
optimizer.safetensors,adam.wte.weight.m,10368,128,512,65536,1024,64499,0,262144,258060,True
optimizer.safetensors,adam.wte.weight.m,10496,128,512,65536,512,65011,0,262144,260108,True
optimizer.safetensors,adam.wte.weight.m,10624,128,512,65536,1024,64496,0,262144,258048,True
optimizer.safetensors,adam.wte.weight.m,10752,128,512,65536,1024,64493,0,262144,258036,True
optimizer.safetensors,adam.wte.weight.m,10880,128,512,65536,1536,63986,0,262144,256008,True
optimizer.safetensors,adam.wte.weight.m,11008,128,512,65536,1024,64498,0,262144,258056,True
optimizer.safetensors,adam.wte.weight.m,11136,128,512,65536,1024,64503,0,262144,258076,True
optimizer.safetensors,adam.wte.weight.m,11264,128,512,65536,512,65007,0,262144,260092,True
optimizer.safetensors,adam.wte.weight.m,11392,128,512,65536,1025,64498,0,262144,258056,True
optimizer.safetensors,adam.wte.weight.m,11520,128,512,65536,2560,62965,0,262144,251924,True
optimizer.safetensors,adam.wte.weight.m,11648,128,512,65536,2560,62956,0,262144,251888,True
optimizer.safetensors,adam.wte.weight.m,11776,128,512,65536,2048,63470,0,262144,253944,True
optimizer.safetensors,adam.wte.weight.m,11904,128,512,65536,1536,63981,0,262144,255988,True
optimizer.safetensors,adam.wte.weight.m,12032,128,512,65536,1536,63987,0,262144,256012,True
optimizer.safetensors,adam.wte.weight.m,12160,128,512,65536,2050,63467,0,262144,253932,True
optimizer.safetensors,adam.wte.weight.m,12288,128,512,65536,2561,62966,0,262144,251928,True
optimizer.safetensors,adam.wte.weight.m,12416,128,512,65536,2560,62964,0,262144,251920,True
optimizer.safetensors,adam.wte.weight.m,12544,128,512,65536,2048,63478,0,262144,253976,True
optimizer.safetensors,adam.wte.weight.m,12672,128,512,65536,523,65003,0,262144,260076,True
optimizer.safetensors,adam.wte.weight.m,12800,128,512,65536,2048,63472,0,262144,253952,True
optimizer.safetensors,adam.wte.weight.m,12928,128,512,65536,1024,64489,0,262144,258020,True
optimizer.safetensors,adam.wte.weight.m,13056,128,512,65536,1029,64495,0,262144,258044,True
optimizer.safetensors,adam.wte.weight.m,13184,128,512,65536,1024,64498,0,262144,258056,True
optimizer.safetensors,adam.wte.weight.m,13312,128,512,65536,512,65010,0,262144,260104,True
optimizer.safetensors,adam.wte.weight.m,13440,128,512,65536,2058,63455,0,262144,253884,True
optimizer.safetensors,adam.wte.weight.m,13568,128,512,65536,1536,63987,0,262144,256012,True
optimizer.safetensors,adam.wte.weight.m,13696,128,512,65536,1024,64502,0,262144,258072,True
optimizer.safetensors,adam.wte.weight.m,13824,128,512,65536,1564,63958,0,262144,255896,True
optimizer.safetensors,adam.wte.weight.m,13952,128,512,65536,512,65009,0,262144,260100,True
optimizer.safetensors,adam.wte.weight.m,14080,128,512,65536,2132,63391,0,262144,253628,True
optimizer.safetensors,adam.wte.weight.m,14208,128,512,65536,2604,62917,0,262144,251732,True
optimizer.safetensors,adam.wte.weight.m,14336,128,512,65536,2048,63467,0,262144,253932,True
optimizer.safetensors,adam.wte.weight.m,14464,128,512,65536,512,65011,0,262144,260108,True
optimizer.safetensors,adam.wte.weight.m,14592,128,512,65536,0,65511,0,262144,262108,True
optimizer.safetensors,adam.wte.weight.m,14720,128,512,65536,1024,64493,0,262144,258036,True
optimizer.safetensors,adam.wte.weight.m,14848,128,512,65536,1024,64498,0,262144,258056,True
optimizer.safetensors,adam.wte.weight.m,14976,128,512,65536,1024,64494,0,262144,258040,True
optimizer.safetensors,adam.wte.weight.m,15104,128,512,65536,1024,64497,0,262144,258052,True
optimizer.safetensors,adam.wte.weight.m,15232,128,512,65536,2048,63475,0,262144,253964,True
optimizer.safetensors,adam.wte.weight.m,15360,128,512,65536,1794,63731,0,262144,254988,True
optimizer.safetensors,adam.wte.weight.m,15488,128,512,65536,1536,63991,0,262144,256028,True
optimizer.safetensors,adam.wte.weight.m,15616,128,512,65536,0,65526,0,262144,262168,True
optimizer.safetensors,adam.wte.weight.m,15744,128,512,65536,1024,64502,0,262144,258072,True
optimizer.safetensors,adam.wte.weight.m,15872,128,512,65536,513,65007,0,262144,260092,True
optimizer.safetensors,adam.wte.weight.m,16000,128,512,65536,1536,63986,0,262144,256008,True
optimizer.safetensors,adam.wte.weight.m,16128,128,512,65536,2562,62959,0,262144,251900,True
optimizer.safetensors,adam.wte.weight.m,16256,128,512,65536,2048,63479,0,262144,253980,True
optimizer.safetensors,adam.wte.weight.m,16384,128,512,65536,2560,62964,0,262144,251920,True
optimizer.safetensors,adam.wte.weight.m,16512,128,512,65536,746,64777,0,262144,259172,True
optimizer.safetensors,adam.wte.weight.m,16640,128,512,65536,2050,63474,0,262144,253960,True
optimizer.safetensors,adam.wte.weight.m,16768,128,512,65536,2560,62960,0,262144,251904,True
optimizer.safetensors,adam.wte.weight.m,16896,128,512,65536,512,65012,0,262144,260112,True
optimizer.safetensors,adam.wte.weight.m,17024,128,512,65536,2560,62966,0,262144,251928,True
optimizer.safetensors,adam.wte.weight.m,17152,128,512,65536,1024,64493,0,262144,258036,True
optimizer.safetensors,adam.wte.weight.m,17280,128,512,65536,2086,63440,0,262144,253824,True
optimizer.safetensors,adam.wte.weight.m,17408,128,512,65536,1536,63988,0,262144,256016,True
optimizer.safetensors,adam.wte.weight.m,17536,128,512,65536,512,65009,0,262144,260100,True
optimizer.safetensors,adam.wte.weight.m,17664,128,512,65536,1030,64495,0,262144,258044,True
optimizer.safetensors,adam.wte.weight.m,17792,128,512,65536,1542,63982,0,262144,255992,True
optimizer.safetensors,adam.wte.weight.m,17920,128,512,65536,2048,63479,0,262144,253980,True
optimizer.safetensors,adam.wte.weight.m,18048,128,512,65536,1267,64249,0,262144,257060,True
optimizer.safetensors,adam.wte.weight.m,18176,128,512,65536,2560,62965,0,262144,251924,True
optimizer.safetensors,adam.wte.weight.m,18304,128,512,65536,512,65007,0,262144,260092,True
optimizer.safetensors,adam.wte.weight.m,18432,128,512,65536,512,65012,0,262144,260112,True
optimizer.safetensors,adam.wte.weight.m,18560,128,512,65536,1024,64496,0,262144,258048,True
optimizer.safetensors,adam.wte.weight.m,18688,128,512,65536,2560,62964,0,262144,251920,True
optimizer.safetensors,adam.wte.weight.m,18816,128,512,65536,1026,64497,0,262144,258052,True
optimizer.safetensors,adam.wte.weight.m,18944,128,512,65536,1024,64497,0,262144,258052,True
optimizer.safetensors,adam.wte.weight.m,19072,128,512,65536,513,65014,0,262144,260120,True
optimizer.safetensors,adam.wte.weight.m,19200,128,512,65536,2059,63461,0,262144,253908,True
optimizer.safetensors,adam.wte.weight.m,19328,128,512,65536,1536,63981,0,262144,255988,True
optimizer.safetensors,adam.wte.weight.m,19456,128,512,65536,539,64983,0,262144,259996,True
optimizer.safetensors,adam.wte.weight.m,19584,128,512,65536,1034,64499,0,262144,258060,True
optimizer.safetensors,adam.wte.weight.m,19712,128,512,65536,1536,63987,0,262144,256012,True
optimizer.safetensors,adam.wte.weight.m,19840,128,512,65536,3654,61860,0,262144,247504,False
optimizer.safetensors,adam.wte.weight.m,19968,128,512,65536,1024,64503,0,262144,258076,True
optimizer.safetensors,adam.wte.weight.m,20096,128,512,65536,2048,63473,0,262144,253956,True
optimizer.safetensors,adam.wte.weight.m,20224,128,512,65536,3601,61917,0,262144,247732,False
optimizer.safetensors,adam.wte.weight.m,20352,128,512,65536,2612,62915,0,262144,251724,True
optimizer.safetensors,adam.wte.weight.m,20480,128,512,65536,479,65039,0,262144,260220,True
optimizer.safetensors,adam.wte.weight.m,20608,128,512,65536,512,65014,0,262144,260120,True
optimizer.safetensors,adam.wte.weight.m,20736,128,512,65536,1539,63986,0,262144,256008,True
optimizer.safetensors,adam.wte.weight.m,20864,128,512,65536,1636,63890,0,262144,255624,True
optimizer.safetensors,adam.wte.weight.m,20992,128,512,65536,2048,63472,0,262144,253952,True
optimizer.safetensors,adam.wte.weight.m,21120,128,512,65536,2560,62961,0,262144,251908,True
optimizer.safetensors,adam.wte.weight.m,21248,128,512,65536,2590,62933,0,262144,251796,True
optimizer.safetensors,adam.wte.weight.m,21376,128,512,65536,2002,63527,0,262144,254172,True
optimizer.safetensors,adam.wte.weight.m,21504,128,512,65536,2845,62681,0,262144,250788,True
optimizer.safetensors,adam.wte.weight.m,21632,128,512,65536,1536,63995,0,262144,256044,True
optimizer.safetensors,adam.wte.weight.m,21760,128,512,65536,1024,64499,0,262144,258060,True
optimizer.safetensors,adam.wte.weight.m,21888,128,512,65536,1025,64497,0,262144,258052,True
optimizer.safetensors,adam.wte.weight.m,22016,128,512,65536,1536,63987,0,262144,256012,True
optimizer.safetensors,adam.wte.weight.m,22144,128,512,65536,1536,63986,0,262144,256008,True
optimizer.safetensors,adam.wte.weight.m,22272,128,512,65536,2053,63466,0,262144,253928,True
optimizer.safetensors,adam.wte.weight.m,22400,128,512,65536,2048,63476,0,262144,253968,True
optimizer.safetensors,adam.wte.weight.m,22528,128,512,65536,2048,63475,0,262144,253964,True
optimizer.safetensors,adam.wte.weight.m,22656,128,512,65536,884,64638,0,262144,258616,True
optimizer.safetensors,adam.wte.weight.m,22784,128,512,65536,1536,63990,0,262144,256024,True
optimizer.safetensors,adam.wte.weight.m,22912,128,512,65536,2313,63212,0,262144,252912,True
optimizer.safetensors,adam.wte.weight.m,23040,128,512,65536,1536,63987,0,262144,256012,True
optimizer.safetensors,adam.wte.weight.m,23168,128,512,65536,1382,64140,0,262144,256624,True
optimizer.safetensors,adam.wte.weight.m,23296,128,512,65536,1536,63990,0,262144,256024,True
optimizer.safetensors,adam.wte.weight.m,23424,128,512,65536,0,65524,0,262144,262160,True
optimizer.safetensors,adam.wte.weight.m,23552,128,512,65536,2048,63479,0,262144,253980,True
optimizer.safetensors,adam.wte.weight.m,23680,128,512,65536,2879,62643,0,262144,250636,True
optimizer.safetensors,adam.wte.weight.m,23808,128,512,65536,2195,63329,0,262144,253380,True
optimizer.safetensors,adam.wte.weight.m,23936,128,512,65536,698,64819,0,262144,259340,True
optimizer.safetensors,adam.wte.weight.m,24064,128,512,65536,2048,63478,0,262144,253976,True
optimizer.safetensors,adam.wte.weight.m,24192,128,512,65536,512,65014,0,262144,260120,True
optimizer.safetensors,adam.wte.weight.m,24320,128,512,65536,1271,64249,0,262144,257060,True
optimizer.safetensors,adam.wte.weight.m,24448,128,512,65536,3072,62450,0,262144,249864,True
optimizer.safetensors,adam.wte.weight.m,24576,128,512,65536,2560,62966,0,262144,251928,True
optimizer.safetensors,adam.wte.weight.m,24704,128,512,65536,2048,63480,0,262144,253984,True
optimizer.safetensors,adam.wte.weight.m,24832,128,512,65536,3071,62456,0,262144,249888,True
optimizer.safetensors,adam.wte.weight.m,24960,128,512,65536,3634,61893,0,262144,247636,False
optimizer.safetensors,adam.wte.weight.m,25088,128,512,65536,2560,62966,0,262144,251928,True
optimizer.safetensors,adam.wte.weight.m,25216,128,512,65536,1024,64498,0,262144,258056,True
optimizer.safetensors,adam.wte.weight.m,25344,128,512,65536,3565,61954,0,262144,247880,False
optimizer.safetensors,adam.wte.weight.m,25472,128,512,65536,1084,64435,0,262144,257804,True
optimizer.safetensors,adam.wte.weight.m,25600,128,512,65536,607,64920,0,262144,259744,True
optimizer.safetensors,adam.wte.weight.m,25728,128,512,65536,2048,63476,0,262144,253968,True
optimizer.safetensors,adam.wte.weight.m,25856,128,512,65536,1536,63984,0,262144,256000,True
optimizer.safetensors,adam.wte.weight.m,25984,128,512,65536,3072,62453,0,262144,249876,True
optimizer.safetensors,adam.wte.weight.m,26112,128,512,65536,1582,63947,0,262144,255852,True
optimizer.safetensors,adam.wte.weight.m,26240,128,512,65536,1536,63986,0,262144,256008,True
optimizer.safetensors,adam.wte.weight.m,26368,128,512,65536,2048,63476,0,262144,253968,True
optimizer.safetensors,adam.wte.weight.m,26496,128,512,65536,2560,62965,0,262144,251924,True
optimizer.safetensors,adam.wte.weight.m,26624,128,512,65536,3584,61938,0,262144,247816,False
optimizer.safetensors,adam.wte.weight.m,26752,128,512,65536,512,65016,0,262144,260128,True
optimizer.safetensors,adam.wte.weight.m,26880,128,512,65536,523,65008,0,262144,260096,True
optimizer.safetensors,adam.wte.weight.m,27008,128,512,65536,2049,63478,0,262144,253976,True
optimizer.safetensors,adam.wte.weight.m,27136,128,512,65536,512,65010,0,262144,260104,True
optimizer.safetensors,adam.wte.weight.m,27264,128,512,65536,512,65014,0,262144,260120,True
optimizer.safetensors,adam.wte.weight.m,27392,128,512,65536,2048,63480,0,262144,253984,True
optimizer.safetensors,adam.wte.weight.m,27520,128,512,65536,2090,63436,0,262144,253808,True
optimizer.safetensors,adam.wte.weight.m,27648,128,512,65536,3584,61941,0,262144,247828,False
optimizer.safetensors,adam.wte.weight.m,27776,128,512,65536,1536,63987,0,262144,256012,True
optimizer.safetensors,adam.wte.weight.m,27904,128,512,65536,1537,63989,0,262144,256020,True
optimizer.safetensors,adam.wte.weight.m,28032,128,512,65536,3584,61939,0,262144,247820,False
optimizer.safetensors,adam.wte.weight.m,28160,128,512,65536,2048,63469,0,262144,253940,True
optimizer.safetensors,adam.wte.weight.m,28288,128,512,65536,3586,61938,0,262144,247816,False
optimizer.safetensors,adam.wte.weight.m,28416,128,512,65536,2560,62962,0,262144,251912,True
optimizer.safetensors,adam.wte.weight.m,28544,128,512,65536,3584,61940,0,262144,247824,False
optimizer.safetensors,adam.wte.weight.m,28672,128,512,65536,1024,64502,0,262144,258072,True
optimizer.safetensors,adam.wte.weight.m,28800,128,512,65536,1658,63866,0,262144,255528,True
optimizer.safetensors,adam.wte.weight.m,28928,128,512,65536,1536,63992,0,262144,256032,True
optimizer.safetensors,adam.wte.weight.m,29056,128,512,65536,1542,63986,0,262144,256008,True
optimizer.safetensors,adam.wte.weight.m,29184,128,512,65536,1708,63820,0,262144,255344,True
optimizer.safetensors,adam.wte.weight.m,29312,128,512,65536,3651,61869,0,262144,247540,False
optimizer.safetensors,adam.wte.weight.m,29440,128,512,65536,2048,63480,0,262144,253984,True
optimizer.safetensors,adam.wte.weight.m,29568,128,512,65536,2048,63470,0,262144,253944,True
optimizer.safetensors,adam.wte.weight.m,29696,128,512,65536,2054,63469,0,262144,253940,True
optimizer.safetensors,adam.wte.weight.m,29824,128,512,65536,2051,63477,0,262144,253972,True
optimizer.safetensors,adam.wte.weight.m,29952,128,512,65536,2051,63472,0,262144,253952,True
optimizer.safetensors,adam.wte.weight.m,30080,128,512,65536,2049,63477,0,262144,253972,True
optimizer.safetensors,adam.wte.weight.m,30208,128,512,65536,1024,64503,0,262144,258076,True
optimizer.safetensors,adam.wte.weight.m,30336,128,512,65536,1024,64497,0,262144,258052,True
optimizer.safetensors,adam.wte.weight.m,30464,128,512,65536,3072,62455,0,262144,249884,True
optimizer.safetensors,adam.wte.weight.m,30592,128,512,65536,2067,63459,0,262144,253900,True
optimizer.safetensors,adam.wte.weight.m,30720,128,512,65536,1024,64500,0,262144,258064,True
optimizer.safetensors,adam.wte.weight.m,30848,128,512,65536,1027,64499,0,262144,258060,True
optimizer.safetensors,adam.wte.weight.m,30976,128,512,65536,1040,64482,0,262144,257992,True
optimizer.safetensors,adam.wte.weight.m,31104,128,512,65536,2262,63262,0,262144,253112,True
optimizer.safetensors,adam.wte.weight.m,31232,128,512,65536,1025,64499,0,262144,258060,True
optimizer.safetensors,adam.wte.weight.m,31360,128,512,65536,1477,64049,0,262144,256260,True
optimizer.safetensors,adam.wte.weight.m,31488,128,512,65536,1536,63987,0,262144,256012,True
optimizer.safetensors,adam.wte.weight.m,31616,128,512,65536,1182,64341,0,262144,257428,True
optimizer.safetensors,adam.wte.weight.m,31744,128,512,65536,4609,60920,0,262144,243744,False
optimizer.safetensors,adam.wte.weight.m,31872,128,512,65536,0,65526,0,262144,262168,True
optimizer.safetensors,adam.wte.weight.m,32000,128,512,65536,1024,64499,0,262144,258060,True
optimizer.safetensors,adam.wte.weight.m,32128,128,512,65536,0,65521,0,262144,262148,True
optimizer.safetensors,adam.wte.weight.m,32256,128,512,65536,2560,62962,0,262144,251912,True
optimizer.safetensors,adam.wte.weight.m,32384,128,512,65536,3149,62378,0,262144,249576,True
optimizer.safetensors,adam.wte.weight.m,32512,128,512,65536,1024,64505,0,262144,258084,True
optimizer.safetensors,adam.wte.weight.m,32640,128,512,65536,7657,57868,0,262144,231536,False
optimizer.safetensors,adam.wte.weight.v,0,128,512,65536,16896,48619,0,262144,194540,False
optimizer.safetensors,adam.wte.weight.v,128,128,512,65536,14336,51179,0,262144,204780,False
optimizer.safetensors,adam.wte.weight.v,256,128,512,65536,0,65502,0,262144,262072,True
optimizer.safetensors,adam.wte.weight.v,384,128,512,65536,0,65508,0,262144,262096,True
optimizer.safetensors,adam.wte.weight.v,512,128,512,65536,0,65509,0,262144,262100,True
optimizer.safetensors,adam.wte.weight.v,640,128,512,65536,1024,64493,0,262144,258036,True
optimizer.safetensors,adam.wte.weight.v,768,128,512,65536,512,64988,0,262144,260016,True
optimizer.safetensors,adam.wte.weight.v,896,128,512,65536,1024,64487,0,262144,258012,True
optimizer.safetensors,adam.wte.weight.v,1024,128,512,65536,0,65504,0,262144,262080,True
optimizer.safetensors,adam.wte.weight.v,1152,128,512,65536,0,65505,0,262144,262084,True
optimizer.safetensors,adam.wte.weight.v,1280,128,512,65536,0,65509,0,262144,262100,True
optimizer.safetensors,adam.wte.weight.v,1408,128,512,65536,1536,63966,0,262144,255928,True
optimizer.safetensors,adam.wte.weight.v,1536,128,512,65536,0,65507,0,262144,262092,True
optimizer.safetensors,adam.wte.weight.v,1664,128,512,65536,1024,64487,0,262144,258012,True
optimizer.safetensors,adam.wte.weight.v,1792,128,512,65536,512,64996,0,262144,260048,True
optimizer.safetensors,adam.wte.weight.v,1920,128,512,65536,1024,64481,0,262144,257988,True
optimizer.safetensors,adam.wte.weight.v,2048,128,512,65536,512,64984,0,262144,260000,True
optimizer.safetensors,adam.wte.weight.v,2176,128,512,65536,512,64993,0,262144,260036,True
optimizer.safetensors,adam.wte.weight.v,2304,128,512,65536,1024,64486,0,262144,258008,True
optimizer.safetensors,adam.wte.weight.v,2432,128,512,65536,512,64982,0,262144,259992,True
optimizer.safetensors,adam.wte.weight.v,2560,128,512,65536,2048,63459,0,262144,253900,True
optimizer.safetensors,adam.wte.weight.v,2688,128,512,65536,512,64988,0,262144,260016,True
optimizer.safetensors,adam.wte.weight.v,2816,128,512,65536,1024,64477,0,262144,257972,True
optimizer.safetensors,adam.wte.weight.v,2944,128,512,65536,1024,64483,0,262144,257996,True
optimizer.safetensors,adam.wte.weight.v,3072,128,512,65536,512,64980,0,262144,259984,True
optimizer.safetensors,adam.wte.weight.v,3200,128,512,65536,1024,64469,0,262144,257940,True
optimizer.safetensors,adam.wte.weight.v,3328,128,512,65536,2048,63452,0,262144,253872,True
optimizer.safetensors,adam.wte.weight.v,3456,128,512,65536,1536,63955,0,262144,255884,True
optimizer.safetensors,adam.wte.weight.v,3584,128,512,65536,512,64989,0,262144,260020,True
optimizer.safetensors,adam.wte.weight.v,3712,128,512,65536,1536,63952,0,262144,255872,True
optimizer.safetensors,adam.wte.weight.v,3840,128,512,65536,0,65499,0,262144,262060,True
optimizer.safetensors,adam.wte.weight.v,3968,128,512,65536,1024,64472,0,262144,257952,True
optimizer.safetensors,adam.wte.weight.v,4096,128,512,65536,512,64989,0,262144,260020,True
optimizer.safetensors,adam.wte.weight.v,4224,128,512,65536,512,64987,0,262144,260012,True
optimizer.safetensors,adam.wte.weight.v,4352,128,512,65536,512,64973,0,262144,259956,True
optimizer.safetensors,adam.wte.weight.v,4480,128,512,65536,1536,63949,0,262144,255860,True
optimizer.safetensors,adam.wte.weight.v,4608,128,512,65536,512,64977,0,262144,259972,True
optimizer.safetensors,adam.wte.weight.v,4736,128,512,65536,1024,64472,0,262144,257952,True
optimizer.safetensors,adam.wte.weight.v,4864,128,512,65536,1536,63955,0,262144,255884,True
optimizer.safetensors,adam.wte.weight.v,4992,128,512,65536,2048,63447,0,262144,253852,True
optimizer.safetensors,adam.wte.weight.v,5120,128,512,65536,1024,64477,0,262144,257972,True
optimizer.safetensors,adam.wte.weight.v,5248,128,512,65536,1536,63959,0,262144,255900,True
optimizer.safetensors,adam.wte.weight.v,5376,128,512,65536,1024,64470,0,262144,257944,True
optimizer.safetensors,adam.wte.weight.v,5504,128,512,65536,2560,62931,0,262144,251788,True
optimizer.safetensors,adam.wte.weight.v,5632,128,512,65536,1536,63963,0,262144,255916,True
optimizer.safetensors,adam.wte.weight.v,5760,128,512,65536,2048,63442,0,262144,253832,True
optimizer.safetensors,adam.wte.weight.v,5888,128,512,65536,0,65496,0,262144,262048,True
optimizer.safetensors,adam.wte.weight.v,6016,128,512,65536,0,65494,0,262144,262040,True
optimizer.safetensors,adam.wte.weight.v,6144,128,512,65536,512,64980,0,262144,259984,True
optimizer.safetensors,adam.wte.weight.v,6272,128,512,65536,1024,64466,0,262144,257928,True
optimizer.safetensors,adam.wte.weight.v,6400,128,512,65536,2048,63439,0,262144,253820,True
optimizer.safetensors,adam.wte.weight.v,6528,128,512,65536,2048,63438,0,262144,253816,True
optimizer.safetensors,adam.wte.weight.v,6656,128,512,65536,1536,63965,0,262144,255924,True
optimizer.safetensors,adam.wte.weight.v,6784,128,512,65536,2048,63445,0,262144,253844,True
optimizer.safetensors,adam.wte.weight.v,6912,128,512,65536,1024,64473,0,262144,257956,True
optimizer.safetensors,adam.wte.weight.v,7040,128,512,65536,0,65490,0,262144,262024,True
optimizer.safetensors,adam.wte.weight.v,7168,128,512,65536,2048,63449,0,262144,253860,True
optimizer.safetensors,adam.wte.weight.v,7296,128,512,65536,512,64989,0,262144,260020,True
optimizer.safetensors,adam.wte.weight.v,7424,128,512,65536,512,64955,0,262144,259884,True
optimizer.safetensors,adam.wte.weight.v,7552,128,512,65536,1024,64480,0,262144,257984,True
optimizer.safetensors,adam.wte.weight.v,7680,128,512,65536,0,65494,0,262144,262040,True
optimizer.safetensors,adam.wte.weight.v,7808,128,512,65536,1024,64472,0,262144,257952,True
optimizer.safetensors,adam.wte.weight.v,7936,128,512,65536,512,64984,0,262144,260000,True
optimizer.safetensors,adam.wte.weight.v,8064,128,512,65536,512,64994,0,262144,260040,True
optimizer.safetensors,adam.wte.weight.v,8192,128,512,65536,1024,64464,0,262144,257920,True
optimizer.safetensors,adam.wte.weight.v,8320,128,512,65536,512,64984,0,262144,260000,True
optimizer.safetensors,adam.wte.weight.v,8448,128,512,65536,1024,64472,0,262144,257952,True
optimizer.safetensors,adam.wte.weight.v,8576,128,512,65536,1536,63959,0,262144,255900,True
optimizer.safetensors,adam.wte.weight.v,8704,128,512,65536,1024,64466,0,262144,257928,True
optimizer.safetensors,adam.wte.weight.v,8832,128,512,65536,1024,64469,0,262144,257940,True
optimizer.safetensors,adam.wte.weight.v,8960,128,512,65536,1024,64470,0,262144,257944,True
optimizer.safetensors,adam.wte.weight.v,9088,128,512,65536,1024,64468,0,262144,257936,True
optimizer.safetensors,adam.wte.weight.v,9216,128,512,65536,512,64986,0,262144,260008,True
optimizer.safetensors,adam.wte.weight.v,9344,128,512,65536,512,64958,0,262144,259896,True
optimizer.safetensors,adam.wte.weight.v,9472,128,512,65536,2048,63448,0,262144,253856,True
optimizer.safetensors,adam.wte.weight.v,9600,128,512,65536,0,65492,0,262144,262032,True
optimizer.safetensors,adam.wte.weight.v,9728,128,512,65536,1024,64482,0,262144,257992,True
optimizer.safetensors,adam.wte.weight.v,9856,128,512,65536,1024,64468,0,262144,257936,True
optimizer.safetensors,adam.wte.weight.v,9984,128,512,65536,1536,63969,0,262144,255940,True
optimizer.safetensors,adam.wte.weight.v,10112,128,512,65536,1024,64472,0,262144,257952,True
optimizer.safetensors,adam.wte.weight.v,10240,128,512,65536,1024,64473,0,262144,257956,True
optimizer.safetensors,adam.wte.weight.v,10368,128,512,65536,1024,64470,0,262144,257944,True
optimizer.safetensors,adam.wte.weight.v,10496,128,512,65536,0,65489,0,262144,262020,True
optimizer.safetensors,adam.wte.weight.v,10624,128,512,65536,512,64991,0,262144,260028,True
optimizer.safetensors,adam.wte.weight.v,10752,128,512,65536,0,65496,0,262144,262048,True
optimizer.safetensors,adam.wte.weight.v,10880,128,512,65536,1024,64467,0,262144,257932,True
optimizer.safetensors,adam.wte.weight.v,11008,128,512,65536,512,64977,0,262144,259972,True
optimizer.safetensors,adam.wte.weight.v,11136,128,512,65536,0,65501,0,262144,262068,True
optimizer.safetensors,adam.wte.weight.v,11264,128,512,65536,512,64972,0,262144,259952,True
optimizer.safetensors,adam.wte.weight.v,11392,128,512,65536,512,64975,0,262144,259964,True
optimizer.safetensors,adam.wte.weight.v,11520,128,512,65536,2048,63450,0,262144,253864,True
optimizer.safetensors,adam.wte.weight.v,11648,128,512,65536,2048,63450,0,262144,253864,True
optimizer.safetensors,adam.wte.weight.v,11776,128,512,65536,512,64966,0,262144,259928,True
optimizer.safetensors,adam.wte.weight.v,11904,128,512,65536,1536,63956,0,262144,255888,True
optimizer.safetensors,adam.wte.weight.v,12032,128,512,65536,1024,64476,0,262144,257968,True
optimizer.safetensors,adam.wte.weight.v,12160,128,512,65536,2048,63429,0,262144,253780,True
optimizer.safetensors,adam.wte.weight.v,12288,128,512,65536,1024,64467,0,262144,257932,True
optimizer.safetensors,adam.wte.weight.v,12416,128,512,65536,1536,63963,0,262144,255916,True
optimizer.safetensors,adam.wte.weight.v,12544,128,512,65536,1024,64473,0,262144,257956,True
optimizer.safetensors,adam.wte.weight.v,12672,128,512,65536,512,64975,0,262144,259964,True
optimizer.safetensors,adam.wte.weight.v,12800,128,512,65536,0,65500,0,262144,262064,True
optimizer.safetensors,adam.wte.weight.v,12928,128,512,65536,1024,64463,0,262144,257916,True
optimizer.safetensors,adam.wte.weight.v,13056,128,512,65536,512,64986,0,262144,260008,True
optimizer.safetensors,adam.wte.weight.v,13184,128,512,65536,1024,64470,0,262144,257944,True
optimizer.safetensors,adam.wte.weight.v,13312,128,512,65536,512,64967,0,262144,259932,True
optimizer.safetensors,adam.wte.weight.v,13440,128,512,65536,1024,64464,0,262144,257920,True
optimizer.safetensors,adam.wte.weight.v,13568,128,512,65536,1024,64475,0,262144,257964,True
optimizer.safetensors,adam.wte.weight.v,13696,128,512,65536,1024,64465,0,262144,257924,True
optimizer.safetensors,adam.wte.weight.v,13824,128,512,65536,1024,64474,0,262144,257960,True
optimizer.safetensors,adam.wte.weight.v,13952,128,512,65536,512,64983,0,262144,259996,True
optimizer.safetensors,adam.wte.weight.v,14080,128,512,65536,1024,64476,0,262144,257968,True
optimizer.safetensors,adam.wte.weight.v,14208,128,512,65536,2048,63433,0,262144,253796,True
optimizer.safetensors,adam.wte.weight.v,14336,128,512,65536,512,64983,0,262144,259996,True
optimizer.safetensors,adam.wte.weight.v,14464,128,512,65536,0,65492,0,262144,262032,True
optimizer.safetensors,adam.wte.weight.v,14592,128,512,65536,0,65498,0,262144,262056,True
optimizer.safetensors,adam.wte.weight.v,14720,128,512,65536,512,64979,0,262144,259980,True
optimizer.safetensors,adam.wte.weight.v,14848,128,512,65536,512,64970,0,262144,259944,True
optimizer.safetensors,adam.wte.weight.v,14976,128,512,65536,1024,64477,0,262144,257972,True
optimizer.safetensors,adam.wte.weight.v,15104,128,512,65536,512,64979,0,262144,259980,True
optimizer.safetensors,adam.wte.weight.v,15232,128,512,65536,1024,64466,0,262144,257928,True
optimizer.safetensors,adam.wte.weight.v,15360,128,512,65536,1536,63957,0,262144,255892,True
optimizer.safetensors,adam.wte.weight.v,15488,128,512,65536,1536,63959,0,262144,255900,True
optimizer.safetensors,adam.wte.weight.v,15616,128,512,65536,0,65493,0,262144,262036,True
optimizer.safetensors,adam.wte.weight.v,15744,128,512,65536,512,64979,0,262144,259980,True
optimizer.safetensors,adam.wte.weight.v,15872,128,512,65536,0,65505,0,262144,262084,True
optimizer.safetensors,adam.wte.weight.v,16000,128,512,65536,1024,64463,0,262144,257916,True
optimizer.safetensors,adam.wte.weight.v,16128,128,512,65536,1024,64472,0,262144,257952,True
optimizer.safetensors,adam.wte.weight.v,16256,128,512,65536,2048,63451,0,262144,253868,True
optimizer.safetensors,adam.wte.weight.v,16384,128,512,65536,1536,63953,0,262144,255876,True
optimizer.safetensors,adam.wte.weight.v,16512,128,512,65536,0,65478,0,262144,261976,True
optimizer.safetensors,adam.wte.weight.v,16640,128,512,65536,1536,63969,0,262144,255940,True
optimizer.safetensors,adam.wte.weight.v,16768,128,512,65536,2560,62935,0,262144,251804,True
optimizer.safetensors,adam.wte.weight.v,16896,128,512,65536,512,64980,0,262144,259984,True
optimizer.safetensors,adam.wte.weight.v,17024,128,512,65536,2048,63441,0,262144,253828,True
optimizer.safetensors,adam.wte.weight.v,17152,128,512,65536,512,64974,0,262144,259960,True
optimizer.safetensors,adam.wte.weight.v,17280,128,512,65536,512,64976,0,262144,259968,True
optimizer.safetensors,adam.wte.weight.v,17408,128,512,65536,512,64974,0,262144,259960,True
optimizer.safetensors,adam.wte.weight.v,17536,128,512,65536,512,64970,0,262144,259944,True
optimizer.safetensors,adam.wte.weight.v,17664,128,512,65536,512,64993,0,262144,260036,True
optimizer.safetensors,adam.wte.weight.v,17792,128,512,65536,512,64977,0,262144,259972,True
optimizer.safetensors,adam.wte.weight.v,17920,128,512,65536,1536,63962,0,262144,255912,True
optimizer.safetensors,adam.wte.weight.v,18048,128,512,65536,512,64989,0,262144,260020,True
optimizer.safetensors,adam.wte.weight.v,18176,128,512,65536,512,64965,0,262144,259924,True
optimizer.safetensors,adam.wte.weight.v,18304,128,512,65536,512,64992,0,262144,260032,True
optimizer.safetensors,adam.wte.weight.v,18432,128,512,65536,512,64963,0,262144,259916,True
optimizer.safetensors,adam.wte.weight.v,18560,128,512,65536,512,64976,0,262144,259968,True
optimizer.safetensors,adam.wte.weight.v,18688,128,512,65536,1536,63956,0,262144,255888,True
optimizer.safetensors,adam.wte.weight.v,18816,128,512,65536,1024,64481,0,262144,257988,True
optimizer.safetensors,adam.wte.weight.v,18944,128,512,65536,512,64981,0,262144,259988,True
optimizer.safetensors,adam.wte.weight.v,19072,128,512,65536,0,65488,0,262144,262016,True
optimizer.safetensors,adam.wte.weight.v,19200,128,512,65536,1536,63964,0,262144,255920,True
optimizer.safetensors,adam.wte.weight.v,19328,128,512,65536,1024,64458,0,262144,257896,True
optimizer.safetensors,adam.wte.weight.v,19456,128,512,65536,0,65497,0,262144,262052,True
optimizer.safetensors,adam.wte.weight.v,19584,128,512,65536,512,64985,0,262144,260004,True
optimizer.safetensors,adam.wte.weight.v,19712,128,512,65536,1024,64482,0,262144,257992,True
optimizer.safetensors,adam.wte.weight.v,19840,128,512,65536,2560,62932,0,262144,251792,True
optimizer.safetensors,adam.wte.weight.v,19968,128,512,65536,1024,64471,0,262144,257948,True
optimizer.safetensors,adam.wte.weight.v,20096,128,512,65536,512,64990,0,262144,260024,True
optimizer.safetensors,adam.wte.weight.v,20224,128,512,65536,2560,62934,0,262144,251800,True
optimizer.safetensors,adam.wte.weight.v,20352,128,512,65536,1536,63966,0,262144,255928,True
optimizer.safetensors,adam.wte.weight.v,20480,128,512,65536,0,65503,0,262144,262076,True
optimizer.safetensors,adam.wte.weight.v,20608,128,512,65536,0,65484,0,262144,262000,True
optimizer.safetensors,adam.wte.weight.v,20736,128,512,65536,1024,64470,0,262144,257944,True
optimizer.safetensors,adam.wte.weight.v,20864,128,512,65536,512,64993,0,262144,260036,True
optimizer.safetensors,adam.wte.weight.v,20992,128,512,65536,512,64978,0,262144,259976,True
optimizer.safetensors,adam.wte.weight.v,21120,128,512,65536,2048,63453,0,262144,253876,True
optimizer.safetensors,adam.wte.weight.v,21248,128,512,65536,1024,64471,0,262144,257948,True
optimizer.safetensors,adam.wte.weight.v,21376,128,512,65536,0,65481,0,262144,261988,True
optimizer.safetensors,adam.wte.weight.v,21504,128,512,65536,1536,63952,0,262144,255872,True
optimizer.safetensors,adam.wte.weight.v,21632,128,512,65536,512,64972,0,262144,259952,True
optimizer.safetensors,adam.wte.weight.v,21760,128,512,65536,512,64977,0,262144,259972,True
optimizer.safetensors,adam.wte.weight.v,21888,128,512,65536,512,64984,0,262144,260000,True
optimizer.safetensors,adam.wte.weight.v,22016,128,512,65536,512,64988,0,262144,260016,True
optimizer.safetensors,adam.wte.weight.v,22144,128,512,65536,512,64985,0,262144,260004,True
optimizer.safetensors,adam.wte.weight.v,22272,128,512,65536,1536,63966,0,262144,255928,True
optimizer.safetensors,adam.wte.weight.v,22400,128,512,65536,1024,64460,0,262144,257904,True
optimizer.safetensors,adam.wte.weight.v,22528,128,512,65536,512,64988,0,262144,260016,True
optimizer.safetensors,adam.wte.weight.v,22656,128,512,65536,512,64990,0,262144,260024,True
optimizer.safetensors,adam.wte.weight.v,22784,128,512,65536,0,65500,0,262144,262064,True
optimizer.safetensors,adam.wte.weight.v,22912,128,512,65536,1536,63947,0,262144,255852,True
optimizer.safetensors,adam.wte.weight.v,23040,128,512,65536,1024,64457,0,262144,257892,True
optimizer.safetensors,adam.wte.weight.v,23168,128,512,65536,512,64987,0,262144,260012,True
optimizer.safetensors,adam.wte.weight.v,23296,128,512,65536,1024,64458,0,262144,257896,True
optimizer.safetensors,adam.wte.weight.v,23424,128,512,65536,0,65481,0,262144,261988,True
optimizer.safetensors,adam.wte.weight.v,23552,128,512,65536,1536,63952,0,262144,255872,True
optimizer.safetensors,adam.wte.weight.v,23680,128,512,65536,1024,64469,0,262144,257940,True
optimizer.safetensors,adam.wte.weight.v,23808,128,512,65536,512,64994,0,262144,260040,True
optimizer.safetensors,adam.wte.weight.v,23936,128,512,65536,512,64972,0,262144,259952,True
optimizer.safetensors,adam.wte.weight.v,24064,128,512,65536,1536,63959,0,262144,255900,True
optimizer.safetensors,adam.wte.weight.v,24192,128,512,65536,0,65487,0,262144,262012,True
optimizer.safetensors,adam.wte.weight.v,24320,128,512,65536,512,64976,0,262144,259968,True
optimizer.safetensors,adam.wte.weight.v,24448,128,512,65536,512,64984,0,262144,260000,True
optimizer.safetensors,adam.wte.weight.v,24576,128,512,65536,1536,63955,0,262144,255884,True
optimizer.safetensors,adam.wte.weight.v,24704,128,512,65536,1536,63955,0,262144,255884,True
optimizer.safetensors,adam.wte.weight.v,24832,128,512,65536,512,64969,0,262144,259940,True
optimizer.safetensors,adam.wte.weight.v,24960,128,512,65536,2048,63445,0,262144,253844,True
optimizer.safetensors,adam.wte.weight.v,25088,128,512,65536,2048,63444,0,262144,253840,True
optimizer.safetensors,adam.wte.weight.v,25216,128,512,65536,1024,64465,0,262144,257924,True
optimizer.safetensors,adam.wte.weight.v,25344,128,512,65536,2048,63438,0,262144,253816,True
optimizer.safetensors,adam.wte.weight.v,25472,128,512,65536,0,65470,0,262144,261944,True
optimizer.safetensors,adam.wte.weight.v,25600,128,512,65536,0,65494,0,262144,262040,True
optimizer.safetensors,adam.wte.weight.v,25728,128,512,65536,1024,64464,0,262144,257920,True
optimizer.safetensors,adam.wte.weight.v,25856,128,512,65536,1024,64461,0,262144,257908,True
optimizer.safetensors,adam.wte.weight.v,25984,128,512,65536,1536,63944,0,262144,255840,True
optimizer.safetensors,adam.wte.weight.v,26112,128,512,65536,512,64989,0,262144,260020,True
optimizer.safetensors,adam.wte.weight.v,26240,128,512,65536,512,64991,0,262144,260028,True
optimizer.safetensors,adam.wte.weight.v,26368,128,512,65536,512,64985,0,262144,260004,True
optimizer.safetensors,adam.wte.weight.v,26496,128,512,65536,1024,64476,0,262144,257968,True
optimizer.safetensors,adam.wte.weight.v,26624,128,512,65536,2048,63446,0,262144,253848,True
optimizer.safetensors,adam.wte.weight.v,26752,128,512,65536,0,65496,0,262144,262048,True
optimizer.safetensors,adam.wte.weight.v,26880,128,512,65536,0,65486,0,262144,262008,True
optimizer.safetensors,adam.wte.weight.v,27008,128,512,65536,1024,64463,0,262144,257916,True
optimizer.safetensors,adam.wte.weight.v,27136,128,512,65536,0,65494,0,262144,262040,True
optimizer.safetensors,adam.wte.weight.v,27264,128,512,65536,512,64983,0,262144,259996,True
optimizer.safetensors,adam.wte.weight.v,27392,128,512,65536,1024,64485,0,262144,258004,True
optimizer.safetensors,adam.wte.weight.v,27520,128,512,65536,1024,64488,0,262144,258016,True
optimizer.safetensors,adam.wte.weight.v,27648,128,512,65536,1536,63958,0,262144,255896,True
optimizer.safetensors,adam.wte.weight.v,27776,128,512,65536,1536,63947,0,262144,255852,True
optimizer.safetensors,adam.wte.weight.v,27904,128,512,65536,0,65491,0,262144,262028,True
optimizer.safetensors,adam.wte.weight.v,28032,128,512,65536,2560,62941,0,262144,251828,True
optimizer.safetensors,adam.wte.weight.v,28160,128,512,65536,1536,63963,0,262144,255916,True
optimizer.safetensors,adam.wte.weight.v,28288,128,512,65536,2048,63445,0,262144,253844,True
optimizer.safetensors,adam.wte.weight.v,28416,128,512,65536,2048,63441,0,262144,253828,True
optimizer.safetensors,adam.wte.weight.v,28544,128,512,65536,1024,64467,0,262144,257932,True
optimizer.safetensors,adam.wte.weight.v,28672,128,512,65536,512,64972,0,262144,259952,True
optimizer.safetensors,adam.wte.weight.v,28800,128,512,65536,512,64991,0,262144,260028,True
optimizer.safetensors,adam.wte.weight.v,28928,128,512,65536,512,64990,0,262144,260024,True
optimizer.safetensors,adam.wte.weight.v,29056,128,512,65536,1024,64482,0,262144,257992,True
optimizer.safetensors,adam.wte.weight.v,29184,128,512,65536,512,64987,0,262144,260012,True
optimizer.safetensors,adam.wte.weight.v,29312,128,512,65536,2560,62933,0,262144,251796,True
optimizer.safetensors,adam.wte.weight.v,29440,128,512,65536,1536,63953,0,262144,255876,True
optimizer.safetensors,adam.wte.weight.v,29568,128,512,65536,0,65495,0,262144,262044,True
optimizer.safetensors,adam.wte.weight.v,29696,128,512,65536,1536,63963,0,262144,255916,True
optimizer.safetensors,adam.wte.weight.v,29824,128,512,65536,2048,63451,0,262144,253868,True
optimizer.safetensors,adam.wte.weight.v,29952,128,512,65536,1024,64466,0,262144,257928,True
optimizer.safetensors,adam.wte.weight.v,30080,128,512,65536,1536,63963,0,262144,255916,True
optimizer.safetensors,adam.wte.weight.v,30208,128,512,65536,512,64968,0,262144,259936,True
optimizer.safetensors,adam.wte.weight.v,30336,128,512,65536,512,64967,0,262144,259932,True
optimizer.safetensors,adam.wte.weight.v,30464,128,512,65536,1024,64473,0,262144,257956,True
optimizer.safetensors,adam.wte.weight.v,30592,128,512,65536,1024,64469,0,262144,257940,True
optimizer.safetensors,adam.wte.weight.v,30720,128,512,65536,0,65486,0,262144,262008,True
optimizer.safetensors,adam.wte.weight.v,30848,128,512,65536,512,64982,0,262144,259992,True
optimizer.safetensors,adam.wte.weight.v,30976,128,512,65536,1024,64461,0,262144,257908,True
optimizer.safetensors,adam.wte.weight.v,31104,128,512,65536,512,64985,0,262144,260004,True
optimizer.safetensors,adam.wte.weight.v,31232,128,512,65536,512,64983,0,262144,259996,True
optimizer.safetensors,adam.wte.weight.v,31360,128,512,65536,512,64983,0,262144,259996,True
optimizer.safetensors,adam.wte.weight.v,31488,128,512,65536,1024,64468,0,262144,257936,True
optimizer.safetensors,adam.wte.weight.v,31616,128,512,65536,1024,64459,0,262144,257900,True
optimizer.safetensors,adam.wte.weight.v,31744,128,512,65536,1024,64479,0,262144,257980,True
optimizer.safetensors,adam.wte.weight.v,31872,128,512,65536,0,65491,0,262144,262028,True
optimizer.safetensors,adam.wte.weight.v,32000,128,512,65536,0,65502,0,262144,262072,True
optimizer.safetensors,adam.wte.weight.v,32128,128,512,65536,0,65497,0,262144,262052,True
optimizer.safetensors,adam.wte.weight.v,32256,128,512,65536,0,65505,0,262144,262084,True
optimizer.safetensors,adam.wte.weight.v,32384,128,512,65536,512,64982,0,262144,259992,True
optimizer.safetensors,adam.wte.weight.v,32512,128,512,65536,0,65489,0,262144,262020,True
optimizer.safetensors,adam.wte.weight.v,32640,128,512,65536,4608,60893,0,262144,243636,False
optimizer.safetensors,muon.blocks.0.attn.c_k.weight,0,128,512,65536,0,65501,0,262144,262068,True
optimizer.safetensors,muon.blocks.0.attn.c_k.weight,128,128,512,65536,0,65504,0,262144,262080,True
optimizer.safetensors,muon.blocks.0.attn.c_k.weight,256,128,512,65536,0,65513,0,262144,262116,True
optimizer.safetensors,muon.blocks.0.attn.c_k.weight,384,128,512,65536,0,65501,0,262144,262068,True
optimizer.safetensors,muon.blocks.0.attn.c_proj.weight,0,128,512,65536,0,65514,0,262144,262120,True
optimizer.safetensors,muon.blocks.0.attn.c_proj.weight,128,128,512,65536,0,65499,0,262144,262060,True
optimizer.safetensors,muon.blocks.0.attn.c_proj.weight,256,128,512,65536,0,65513,0,262144,262116,True
optimizer.safetensors,muon.blocks.0.attn.c_proj.weight,384,128,512,65536,0,65506,0,262144,262088,True
optimizer.safetensors,muon.blocks.0.attn.c_q.weight,0,128,512,65536,0,65503,0,262144,262076,True
optimizer.safetensors,muon.blocks.0.attn.c_q.weight,128,128,512,65536,0,65508,0,262144,262096,True
optimizer.safetensors,muon.blocks.0.attn.c_q.weight,256,128,512,65536,0,65509,0,262144,262100,True
optimizer.safetensors,muon.blocks.0.attn.c_q.weight,384,128,512,65536,0,65507,0,262144,262092,True
optimizer.safetensors,muon.blocks.0.attn.c_v.weight,0,128,512,65536,0,65509,0,262144,262100,True
optimizer.safetensors,muon.blocks.0.attn.c_v.weight,128,128,512,65536,0,65517,0,262144,262132,True
optimizer.safetensors,muon.blocks.0.attn.c_v.weight,256,128,512,65536,0,65495,0,262144,262044,True
optimizer.safetensors,muon.blocks.0.attn.c_v.weight,384,128,512,65536,0,65501,0,262144,262068,True
optimizer.safetensors,muon.blocks.0.mlp.c_fc.weight,0,128,512,65536,0,65502,0,262144,262072,True
optimizer.safetensors,muon.blocks.0.mlp.c_fc.weight,128,128,512,65536,0,65500,0,262144,262064,True
optimizer.safetensors,muon.blocks.0.mlp.c_fc.weight,256,128,512,65536,0,65507,0,262144,262092,True
optimizer.safetensors,muon.blocks.0.mlp.c_fc.weight,384,128,512,65536,0,65505,0,262144,262084,True
optimizer.safetensors,muon.blocks.0.mlp.c_fc.weight,512,128,512,65536,0,65501,0,262144,262068,True
optimizer.safetensors,muon.blocks.0.mlp.c_fc.weight,640,128,512,65536,0,65511,0,262144,262108,True
optimizer.safetensors,muon.blocks.0.mlp.c_fc.weight,768,128,512,65536,0,65504,0,262144,262080,True
optimizer.safetensors,muon.blocks.0.mlp.c_fc.weight,896,128,512,65536,0,65504,0,262144,262080,True
optimizer.safetensors,muon.blocks.0.mlp.c_fc.weight,1024,128,512,65536,0,65500,0,262144,262064,True
optimizer.safetensors,muon.blocks.0.mlp.c_fc.weight,1152,128,512,65536,0,65501,0,262144,262068,True
optimizer.safetensors,muon.blocks.0.mlp.c_fc.weight,1280,128,512,65536,0,65505,0,262144,262084,True
optimizer.safetensors,muon.blocks.0.mlp.c_fc.weight,1408,128,512,65536,0,65517,0,262144,262132,True
optimizer.safetensors,muon.blocks.0.mlp.c_fc.weight,1536,128,512,65536,0,65510,0,262144,262104,True
optimizer.safetensors,muon.blocks.0.mlp.c_fc.weight,1664,128,512,65536,0,65512,0,262144,262112,True
optimizer.safetensors,muon.blocks.0.mlp.c_fc.weight,1792,128,512,65536,0,65510,0,262144,262104,True
optimizer.safetensors,muon.blocks.0.mlp.c_fc.weight,1920,128,512,65536,0,65522,0,262144,262152,True
optimizer.safetensors,muon.blocks.0.mlp.c_proj.weight,0,128,2048,262144,0,261720,0,1048576,1046944,True
optimizer.safetensors,muon.blocks.0.mlp.c_proj.weight,128,128,2048,262144,0,261718,0,1048576,1046936,True
optimizer.safetensors,muon.blocks.0.mlp.c_proj.weight,256,128,2048,262144,0,261728,0,1048576,1046976,True
optimizer.safetensors,muon.blocks.0.mlp.c_proj.weight,384,128,2048,262144,0,261772,0,1048576,1047152,True
optimizer.safetensors,muon.blocks.1.attn.c_k.weight,0,128,512,65536,0,65509,0,262144,262100,True
optimizer.safetensors,muon.blocks.1.attn.c_k.weight,128,128,512,65536,0,65503,0,262144,262076,True
optimizer.safetensors,muon.blocks.1.attn.c_k.weight,256,128,512,65536,0,65503,0,262144,262076,True
optimizer.safetensors,muon.blocks.1.attn.c_k.weight,384,128,512,65536,0,65502,0,262144,262072,True
optimizer.safetensors,muon.blocks.1.attn.c_proj.weight,0,128,512,65536,0,65503,0,262144,262076,True
optimizer.safetensors,muon.blocks.1.attn.c_proj.weight,128,128,512,65536,0,65497,0,262144,262052,True
optimizer.safetensors,muon.blocks.1.attn.c_proj.weight,256,128,512,65536,0,65507,0,262144,262092,True
optimizer.safetensors,muon.blocks.1.attn.c_proj.weight,384,128,512,65536,0,65503,0,262144,262076,True
optimizer.safetensors,muon.blocks.1.attn.c_q.weight,0,128,512,65536,0,65508,0,262144,262096,True
optimizer.safetensors,muon.blocks.1.attn.c_q.weight,128,128,512,65536,0,65492,0,262144,262032,True
optimizer.safetensors,muon.blocks.1.attn.c_q.weight,256,128,512,65536,0,65509,0,262144,262100,True
optimizer.safetensors,muon.blocks.1.attn.c_q.weight,384,128,512,65536,0,65505,0,262144,262084,True
optimizer.safetensors,muon.blocks.1.attn.c_v.weight,0,128,512,65536,0,65511,0,262144,262108,True
optimizer.safetensors,muon.blocks.1.attn.c_v.weight,128,128,512,65536,0,65494,0,262144,262040,True
optimizer.safetensors,muon.blocks.1.attn.c_v.weight,256,128,512,65536,0,65501,0,262144,262068,True
optimizer.safetensors,muon.blocks.1.attn.c_v.weight,384,128,512,65536,0,65508,0,262144,262096,True
optimizer.safetensors,muon.blocks.1.attn.ve_gate.weight,0,4,32,128,0,128,0,512,576,True
optimizer.safetensors,muon.blocks.1.mlp.c_fc.weight,0,128,512,65536,0,65515,0,262144,262124,True
optimizer.safetensors,muon.blocks.1.mlp.c_fc.weight,128,128,512,65536,0,65515,0,262144,262124,True
optimizer.safetensors,muon.blocks.1.mlp.c_fc.weight,256,128,512,65536,0,65521,0,262144,262148,True
optimizer.safetensors,muon.blocks.1.mlp.c_fc.weight,384,128,512,65536,0,65523,0,262144,262156,True
optimizer.safetensors,muon.blocks.1.mlp.c_fc.weight,512,128,512,65536,0,65516,0,262144,262128,True
optimizer.safetensors,muon.blocks.1.mlp.c_fc.weight,640,128,512,65536,0,65515,0,262144,262124,True
optimizer.safetensors,muon.blocks.1.mlp.c_fc.weight,768,128,512,65536,0,65519,0,262144,262140,True
optimizer.safetensors,muon.blocks.1.mlp.c_fc.weight,896,128,512,65536,0,65519,0,262144,262140,True
optimizer.safetensors,muon.blocks.1.mlp.c_fc.weight,1024,128,512,65536,0,65511,0,262144,262108,True
optimizer.safetensors,muon.blocks.1.mlp.c_fc.weight,1152,128,512,65536,0,65515,0,262144,262124,True
optimizer.safetensors,muon.blocks.1.mlp.c_fc.weight,1280,128,512,65536,0,65514,0,262144,262120,True
optimizer.safetensors,muon.blocks.1.mlp.c_fc.weight,1408,128,512,65536,0,65511,0,262144,262108,True
optimizer.safetensors,muon.blocks.1.mlp.c_fc.weight,1536,128,512,65536,0,65515,0,262144,262124,True
optimizer.safetensors,muon.blocks.1.mlp.c_fc.weight,1664,128,512,65536,0,65522,0,262144,262152,True
optimizer.safetensors,muon.blocks.1.mlp.c_fc.weight,1792,128,512,65536,0,65511,0,262144,262108,True
optimizer.safetensors,muon.blocks.1.mlp.c_fc.weight,1920,128,512,65536,0,65512,0,262144,262112,True
optimizer.safetensors,muon.blocks.1.mlp.c_proj.weight,0,128,2048,262144,0,261827,0,1048576,1047372,True
optimizer.safetensors,muon.blocks.1.mlp.c_proj.weight,128,128,2048,262144,0,261840,0,1048576,1047424,True
optimizer.safetensors,muon.blocks.1.mlp.c_proj.weight,256,128,2048,262144,0,261822,0,1048576,1047352,True
optimizer.safetensors,muon.blocks.1.mlp.c_proj.weight,384,128,2048,262144,0,261839,0,1048576,1047420,True
optimizer.safetensors,muon.blocks.2.attn.c_k.weight,0,128,512,65536,0,65505,0,262144,262084,True
optimizer.safetensors,muon.blocks.2.attn.c_k.weight,128,128,512,65536,0,65512,0,262144,262112,True
optimizer.safetensors,muon.blocks.2.attn.c_k.weight,256,128,512,65536,0,65501,0,262144,262068,True
optimizer.safetensors,muon.blocks.2.attn.c_k.weight,384,128,512,65536,0,65494,0,262144,262040,True
optimizer.safetensors,muon.blocks.2.attn.c_proj.weight,0,128,512,65536,0,65497,0,262144,262052,True
optimizer.safetensors,muon.blocks.2.attn.c_proj.weight,128,128,512,65536,0,65509,0,262144,262100,True
optimizer.safetensors,muon.blocks.2.attn.c_proj.weight,256,128,512,65536,0,65515,0,262144,262124,True
optimizer.safetensors,muon.blocks.2.attn.c_proj.weight,384,128,512,65536,0,65513,0,262144,262116,True
optimizer.safetensors,muon.blocks.2.attn.c_q.weight,0,128,512,65536,0,65503,0,262144,262076,True
optimizer.safetensors,muon.blocks.2.attn.c_q.weight,128,128,512,65536,0,65505,0,262144,262084,True
optimizer.safetensors,muon.blocks.2.attn.c_q.weight,256,128,512,65536,0,65505,0,262144,262084,True
optimizer.safetensors,muon.blocks.2.attn.c_q.weight,384,128,512,65536,0,65487,0,262144,262012,True
optimizer.safetensors,muon.blocks.2.attn.c_v.weight,0,128,512,65536,0,65503,0,262144,262076,True
optimizer.safetensors,muon.blocks.2.attn.c_v.weight,128,128,512,65536,0,65506,0,262144,262088,True
optimizer.safetensors,muon.blocks.2.attn.c_v.weight,256,128,512,65536,0,65501,0,262144,262068,True
optimizer.safetensors,muon.blocks.2.attn.c_v.weight,384,128,512,65536,0,65508,0,262144,262096,True
optimizer.safetensors,muon.blocks.2.mlp.c_fc.weight,0,128,512,65536,0,65516,0,262144,262128,True
optimizer.safetensors,muon.blocks.2.mlp.c_fc.weight,128,128,512,65536,0,65510,0,262144,262104,True
optimizer.safetensors,muon.blocks.2.mlp.c_fc.weight,256,128,512,65536,0,65513,0,262144,262116,True
optimizer.safetensors,muon.blocks.2.mlp.c_fc.weight,384,128,512,65536,0,65517,0,262144,262132,True
optimizer.safetensors,muon.blocks.2.mlp.c_fc.weight,512,128,512,65536,0,65518,0,262144,262136,True
optimizer.safetensors,muon.blocks.2.mlp.c_fc.weight,640,128,512,65536,0,65521,0,262144,262148,True
optimizer.safetensors,muon.blocks.2.mlp.c_fc.weight,768,128,512,65536,0,65520,0,262144,262144,True
optimizer.safetensors,muon.blocks.2.mlp.c_fc.weight,896,128,512,65536,0,65521,0,262144,262148,True
optimizer.safetensors,muon.blocks.2.mlp.c_fc.weight,1024,128,512,65536,0,65516,0,262144,262128,True
optimizer.safetensors,muon.blocks.2.mlp.c_fc.weight,1152,128,512,65536,0,65515,0,262144,262124,True
optimizer.safetensors,muon.blocks.2.mlp.c_fc.weight,1280,128,512,65536,0,65510,0,262144,262104,True
optimizer.safetensors,muon.blocks.2.mlp.c_fc.weight,1408,128,512,65536,0,65511,0,262144,262108,True
optimizer.safetensors,muon.blocks.2.mlp.c_fc.weight,1536,128,512,65536,0,65517,0,262144,262132,True
optimizer.safetensors,muon.blocks.2.mlp.c_fc.weight,1664,128,512,65536,0,65521,0,262144,262148,True
optimizer.safetensors,muon.blocks.2.mlp.c_fc.weight,1792,128,512,65536,0,65517,0,262144,262132,True
optimizer.safetensors,muon.blocks.2.mlp.c_fc.weight,1920,128,512,65536,0,65516,0,262144,262128,True
optimizer.safetensors,muon.blocks.2.mlp.c_proj.weight,0,128,2048,262144,0,261853,0,1048576,1047476,True
optimizer.safetensors,muon.blocks.2.mlp.c_proj.weight,128,128,2048,262144,0,261823,0,1048576,1047356,True
optimizer.safetensors,muon.blocks.2.mlp.c_proj.weight,256,128,2048,262144,0,261818,0,1048576,1047336,True
optimizer.safetensors,muon.blocks.2.mlp.c_proj.weight,384,128,2048,262144,0,261840,0,1048576,1047424,True
optimizer.safetensors,muon.blocks.3.attn.c_k.weight,0,128,512,65536,0,65503,0,262144,262076,True
optimizer.safetensors,muon.blocks.3.attn.c_k.weight,128,128,512,65536,0,65503,0,262144,262076,True
optimizer.safetensors,muon.blocks.3.attn.c_k.weight,256,128,512,65536,0,65501,0,262144,262068,True
optimizer.safetensors,muon.blocks.3.attn.c_k.weight,384,128,512,65536,0,65509,0,262144,262100,True
optimizer.safetensors,muon.blocks.3.attn.c_proj.weight,0,128,512,65536,0,65510,0,262144,262104,True
optimizer.safetensors,muon.blocks.3.attn.c_proj.weight,128,128,512,65536,0,65500,0,262144,262064,True
optimizer.safetensors,muon.blocks.3.attn.c_proj.weight,256,128,512,65536,0,65499,0,262144,262060,True
optimizer.safetensors,muon.blocks.3.attn.c_proj.weight,384,128,512,65536,0,65505,0,262144,262084,True
optimizer.safetensors,muon.blocks.3.attn.c_q.weight,0,128,512,65536,0,65502,0,262144,262072,True
optimizer.safetensors,muon.blocks.3.attn.c_q.weight,128,128,512,65536,0,65499,0,262144,262060,True
optimizer.safetensors,muon.blocks.3.attn.c_q.weight,256,128,512,65536,0,65503,0,262144,262076,True
optimizer.safetensors,muon.blocks.3.attn.c_q.weight,384,128,512,65536,0,65507,0,262144,262092,True
optimizer.safetensors,muon.blocks.3.attn.c_v.weight,0,128,512,65536,0,65506,0,262144,262088,True
optimizer.safetensors,muon.blocks.3.attn.c_v.weight,128,128,512,65536,0,65510,0,262144,262104,True
optimizer.safetensors,muon.blocks.3.attn.c_v.weight,256,128,512,65536,0,65508,0,262144,262096,True
optimizer.safetensors,muon.blocks.3.attn.c_v.weight,384,128,512,65536,0,65500,0,262144,262064,True
optimizer.safetensors,muon.blocks.3.attn.ve_gate.weight,0,4,32,128,0,128,0,512,576,True
optimizer.safetensors,muon.blocks.3.mlp.c_fc.weight,0,128,512,65536,0,65522,0,262144,262152,True
optimizer.safetensors,muon.blocks.3.mlp.c_fc.weight,128,128,512,65536,0,65509,0,262144,262100,True
optimizer.safetensors,muon.blocks.3.mlp.c_fc.weight,256,128,512,65536,0,65524,0,262144,262160,True
optimizer.safetensors,muon.blocks.3.mlp.c_fc.weight,384,128,512,65536,0,65512,0,262144,262112,True
optimizer.safetensors,muon.blocks.3.mlp.c_fc.weight,512,128,512,65536,0,65519,0,262144,262140,True
optimizer.safetensors,muon.blocks.3.mlp.c_fc.weight,640,128,512,65536,0,65518,0,262144,262136,True
optimizer.safetensors,muon.blocks.3.mlp.c_fc.weight,768,128,512,65536,0,65513,0,262144,262116,True
optimizer.safetensors,muon.blocks.3.mlp.c_fc.weight,896,128,512,65536,0,65514,0,262144,262120,True
optimizer.safetensors,muon.blocks.3.mlp.c_fc.weight,1024,128,512,65536,0,65513,0,262144,262116,True
optimizer.safetensors,muon.blocks.3.mlp.c_fc.weight,1152,128,512,65536,0,65514,0,262144,262120,True
optimizer.safetensors,muon.blocks.3.mlp.c_fc.weight,1280,128,512,65536,0,65514,0,262144,262120,True
optimizer.safetensors,muon.blocks.3.mlp.c_fc.weight,1408,128,512,65536,0,65504,0,262144,262080,True
optimizer.safetensors,muon.blocks.3.mlp.c_fc.weight,1536,128,512,65536,0,65509,0,262144,262100,True
optimizer.safetensors,muon.blocks.3.mlp.c_fc.weight,1664,128,512,65536,0,65520,0,262144,262144,True
optimizer.safetensors,muon.blocks.3.mlp.c_fc.weight,1792,128,512,65536,0,65500,0,262144,262064,True
optimizer.safetensors,muon.blocks.3.mlp.c_fc.weight,1920,128,512,65536,0,65513,0,262144,262116,True
optimizer.safetensors,muon.blocks.3.mlp.c_proj.weight,0,128,2048,262144,0,261811,0,1048576,1047308,True
optimizer.safetensors,muon.blocks.3.mlp.c_proj.weight,128,128,2048,262144,0,261822,0,1048576,1047352,True
optimizer.safetensors,muon.blocks.3.mlp.c_proj.weight,256,128,2048,262144,0,261802,0,1048576,1047272,True
optimizer.safetensors,muon.blocks.3.mlp.c_proj.weight,384,128,2048,262144,0,261836,0,1048576,1047408,True
optimizer.safetensors,muon.blocks.4.attn.c_k.weight,0,128,512,65536,0,65504,0,262144,262080,True
optimizer.safetensors,muon.blocks.4.attn.c_k.weight,128,128,512,65536,0,65510,0,262144,262104,True
optimizer.safetensors,muon.blocks.4.attn.c_k.weight,256,128,512,65536,0,65508,0,262144,262096,True
optimizer.safetensors,muon.blocks.4.attn.c_k.weight,384,128,512,65536,0,65509,0,262144,262100,True
optimizer.safetensors,muon.blocks.4.attn.c_proj.weight,0,128,512,65536,0,65510,0,262144,262104,True
optimizer.safetensors,muon.blocks.4.attn.c_proj.weight,128,128,512,65536,0,65521,0,262144,262148,True
optimizer.safetensors,muon.blocks.4.attn.c_proj.weight,256,128,512,65536,0,65493,0,262144,262036,True
optimizer.safetensors,muon.blocks.4.attn.c_proj.weight,384,128,512,65536,0,65512,0,262144,262112,True
optimizer.safetensors,muon.blocks.4.attn.c_q.weight,0,128,512,65536,0,65508,0,262144,262096,True
optimizer.safetensors,muon.blocks.4.attn.c_q.weight,128,128,512,65536,0,65502,0,262144,262072,True
optimizer.safetensors,muon.blocks.4.attn.c_q.weight,256,128,512,65536,0,65509,0,262144,262100,True
optimizer.safetensors,muon.blocks.4.attn.c_q.weight,384,128,512,65536,0,65509,0,262144,262100,True
optimizer.safetensors,muon.blocks.4.attn.c_v.weight,0,128,512,65536,0,65498,0,262144,262056,True
optimizer.safetensors,muon.blocks.4.attn.c_v.weight,128,128,512,65536,0,65512,0,262144,262112,True
optimizer.safetensors,muon.blocks.4.attn.c_v.weight,256,128,512,65536,0,65503,0,262144,262076,True
optimizer.safetensors,muon.blocks.4.attn.c_v.weight,384,128,512,65536,0,65499,0,262144,262060,True
optimizer.safetensors,muon.blocks.4.mlp.c_fc.weight,0,128,512,65536,0,65523,0,262144,262156,True
optimizer.safetensors,muon.blocks.4.mlp.c_fc.weight,128,128,512,65536,0,65524,0,262144,262160,True
optimizer.safetensors,muon.blocks.4.mlp.c_fc.weight,256,128,512,65536,0,65514,0,262144,262120,True
optimizer.safetensors,muon.blocks.4.mlp.c_fc.weight,384,128,512,65536,0,65521,0,262144,262148,True
optimizer.safetensors,muon.blocks.4.mlp.c_fc.weight,512,128,512,65536,0,65518,0,262144,262136,True
optimizer.safetensors,muon.blocks.4.mlp.c_fc.weight,640,128,512,65536,0,65528,0,262144,262176,True
optimizer.safetensors,muon.blocks.4.mlp.c_fc.weight,768,128,512,65536,0,65512,0,262144,262112,True
optimizer.safetensors,muon.blocks.4.mlp.c_fc.weight,896,128,512,65536,0,65520,0,262144,262144,True
optimizer.safetensors,muon.blocks.4.mlp.c_fc.weight,1024,128,512,65536,0,65509,0,262144,262100,True
optimizer.safetensors,muon.blocks.4.mlp.c_fc.weight,1152,128,512,65536,0,65517,0,262144,262132,True
optimizer.safetensors,muon.blocks.4.mlp.c_fc.weight,1280,128,512,65536,0,65518,0,262144,262136,True
optimizer.safetensors,muon.blocks.4.mlp.c_fc.weight,1408,128,512,65536,0,65510,0,262144,262104,True
optimizer.safetensors,muon.blocks.4.mlp.c_fc.weight,1536,128,512,65536,0,65516,0,262144,262128,True
optimizer.safetensors,muon.blocks.4.mlp.c_fc.weight,1664,128,512,65536,0,65514,0,262144,262120,True
optimizer.safetensors,muon.blocks.4.mlp.c_fc.weight,1792,128,512,65536,0,65512,0,262144,262112,True
optimizer.safetensors,muon.blocks.4.mlp.c_fc.weight,1920,128,512,65536,0,65521,0,262144,262148,True
optimizer.safetensors,muon.blocks.4.mlp.c_proj.weight,0,128,2048,262144,0,261828,0,1048576,1047376,True
optimizer.safetensors,muon.blocks.4.mlp.c_proj.weight,128,128,2048,262144,0,261826,0,1048576,1047368,True
optimizer.safetensors,muon.blocks.4.mlp.c_proj.weight,256,128,2048,262144,0,261829,0,1048576,1047380,True
optimizer.safetensors,muon.blocks.4.mlp.c_proj.weight,384,128,2048,262144,0,261827,0,1048576,1047372,True
optimizer.safetensors,muon.blocks.5.attn.c_k.weight,0,128,512,65536,0,65507,0,262144,262092,True
optimizer.safetensors,muon.blocks.5.attn.c_k.weight,128,128,512,65536,0,65497,0,262144,262052,True
optimizer.safetensors,muon.blocks.5.attn.c_k.weight,256,128,512,65536,0,65501,0,262144,262068,True
optimizer.safetensors,muon.blocks.5.attn.c_k.weight,384,128,512,65536,0,65506,0,262144,262088,True
optimizer.safetensors,muon.blocks.5.attn.c_proj.weight,0,128,512,65536,0,65498,0,262144,262056,True
optimizer.safetensors,muon.blocks.5.attn.c_proj.weight,128,128,512,65536,0,65506,0,262144,262088,True
optimizer.safetensors,muon.blocks.5.attn.c_proj.weight,256,128,512,65536,0,65508,0,262144,262096,True
optimizer.safetensors,muon.blocks.5.attn.c_proj.weight,384,128,512,65536,0,65503,0,262144,262076,True
optimizer.safetensors,muon.blocks.5.attn.c_q.weight,0,128,512,65536,0,65516,0,262144,262128,True
optimizer.safetensors,muon.blocks.5.attn.c_q.weight,128,128,512,65536,0,65513,0,262144,262116,True
optimizer.safetensors,muon.blocks.5.attn.c_q.weight,256,128,512,65536,0,65515,0,262144,262124,True
optimizer.safetensors,muon.blocks.5.attn.c_q.weight,384,128,512,65536,0,65512,0,262144,262112,True
optimizer.safetensors,muon.blocks.5.attn.c_v.weight,0,128,512,65536,0,65511,0,262144,262108,True
optimizer.safetensors,muon.blocks.5.attn.c_v.weight,128,128,512,65536,0,65510,0,262144,262104,True
optimizer.safetensors,muon.blocks.5.attn.c_v.weight,256,128,512,65536,0,65502,0,262144,262072,True
optimizer.safetensors,muon.blocks.5.attn.c_v.weight,384,128,512,65536,0,65498,0,262144,262056,True
optimizer.safetensors,muon.blocks.5.attn.ve_gate.weight,0,4,32,128,0,128,0,512,576,True
optimizer.safetensors,muon.blocks.5.mlp.c_fc.weight,0,128,512,65536,0,65508,0,262144,262096,True
optimizer.safetensors,muon.blocks.5.mlp.c_fc.weight,128,128,512,65536,0,65510,0,262144,262104,True
optimizer.safetensors,muon.blocks.5.mlp.c_fc.weight,256,128,512,65536,0,65521,0,262144,262148,True
optimizer.safetensors,muon.blocks.5.mlp.c_fc.weight,384,128,512,65536,0,65512,0,262144,262112,True
optimizer.safetensors,muon.blocks.5.mlp.c_fc.weight,512,128,512,65536,0,65518,0,262144,262136,True
optimizer.safetensors,muon.blocks.5.mlp.c_fc.weight,640,128,512,65536,0,65522,0,262144,262152,True
optimizer.safetensors,muon.blocks.5.mlp.c_fc.weight,768,128,512,65536,0,65515,0,262144,262124,True
optimizer.safetensors,muon.blocks.5.mlp.c_fc.weight,896,128,512,65536,0,65514,0,262144,262120,True
optimizer.safetensors,muon.blocks.5.mlp.c_fc.weight,1024,128,512,65536,0,65518,0,262144,262136,True
optimizer.safetensors,muon.blocks.5.mlp.c_fc.weight,1152,128,512,65536,0,65517,0,262144,262132,True
optimizer.safetensors,muon.blocks.5.mlp.c_fc.weight,1280,128,512,65536,0,65511,0,262144,262108,True
optimizer.safetensors,muon.blocks.5.mlp.c_fc.weight,1408,128,512,65536,0,65523,0,262144,262156,True
optimizer.safetensors,muon.blocks.5.mlp.c_fc.weight,1536,128,512,65536,0,65514,0,262144,262120,True
optimizer.safetensors,muon.blocks.5.mlp.c_fc.weight,1664,128,512,65536,0,65521,0,262144,262148,True
optimizer.safetensors,muon.blocks.5.mlp.c_fc.weight,1792,128,512,65536,0,65517,0,262144,262132,True
optimizer.safetensors,muon.blocks.5.mlp.c_fc.weight,1920,128,512,65536,0,65519,0,262144,262140,True
optimizer.safetensors,muon.blocks.5.mlp.c_proj.weight,0,128,2048,262144,0,261812,0,1048576,1047312,True
optimizer.safetensors,muon.blocks.5.mlp.c_proj.weight,128,128,2048,262144,0,261791,0,1048576,1047228,True
optimizer.safetensors,muon.blocks.5.mlp.c_proj.weight,256,128,2048,262144,0,261814,0,1048576,1047320,True
optimizer.safetensors,muon.blocks.5.mlp.c_proj.weight,384,128,2048,262144,0,261814,0,1048576,1047320,True
optimizer.safetensors,muon.blocks.6.attn.c_k.weight,0,128,512,65536,0,65506,0,262144,262088,True
optimizer.safetensors,muon.blocks.6.attn.c_k.weight,128,128,512,65536,0,65509,0,262144,262100,True
optimizer.safetensors,muon.blocks.6.attn.c_k.weight,256,128,512,65536,0,65508,0,262144,262096,True
optimizer.safetensors,muon.blocks.6.attn.c_k.weight,384,128,512,65536,0,65511,0,262144,262108,True
optimizer.safetensors,muon.blocks.6.attn.c_proj.weight,0,128,512,65536,0,65499,0,262144,262060,True
optimizer.safetensors,muon.blocks.6.attn.c_proj.weight,128,128,512,65536,0,65500,0,262144,262064,True
optimizer.safetensors,muon.blocks.6.attn.c_proj.weight,256,128,512,65536,0,65510,0,262144,262104,True
optimizer.safetensors,muon.blocks.6.attn.c_proj.weight,384,128,512,65536,0,65509,0,262144,262100,True
optimizer.safetensors,muon.blocks.6.attn.c_q.weight,0,128,512,65536,0,65499,0,262144,262060,True
optimizer.safetensors,muon.blocks.6.attn.c_q.weight,128,128,512,65536,0,65514,0,262144,262120,True
optimizer.safetensors,muon.blocks.6.attn.c_q.weight,256,128,512,65536,0,65517,0,262144,262132,True
optimizer.safetensors,muon.blocks.6.attn.c_q.weight,384,128,512,65536,0,65500,0,262144,262064,True
optimizer.safetensors,muon.blocks.6.attn.c_v.weight,0,128,512,65536,0,65501,0,262144,262068,True
optimizer.safetensors,muon.blocks.6.attn.c_v.weight,128,128,512,65536,0,65494,0,262144,262040,True
optimizer.safetensors,muon.blocks.6.attn.c_v.weight,256,128,512,65536,0,65510,0,262144,262104,True
optimizer.safetensors,muon.blocks.6.attn.c_v.weight,384,128,512,65536,0,65510,0,262144,262104,True
optimizer.safetensors,muon.blocks.6.mlp.c_fc.weight,0,128,512,65536,0,65516,0,262144,262128,True
optimizer.safetensors,muon.blocks.6.mlp.c_fc.weight,128,128,512,65536,0,65525,0,262144,262164,True
optimizer.safetensors,muon.blocks.6.mlp.c_fc.weight,256,128,512,65536,0,65516,0,262144,262128,True
optimizer.safetensors,muon.blocks.6.mlp.c_fc.weight,384,128,512,65536,0,65521,0,262144,262148,True
optimizer.safetensors,muon.blocks.6.mlp.c_fc.weight,512,128,512,65536,0,65516,0,262144,262128,True
optimizer.safetensors,muon.blocks.6.mlp.c_fc.weight,640,128,512,65536,0,65512,0,262144,262112,True
optimizer.safetensors,muon.blocks.6.mlp.c_fc.weight,768,128,512,65536,0,65517,0,262144,262132,True
optimizer.safetensors,muon.blocks.6.mlp.c_fc.weight,896,128,512,65536,0,65514,0,262144,262120,True
optimizer.safetensors,muon.blocks.6.mlp.c_fc.weight,1024,128,512,65536,0,65521,0,262144,262148,True
optimizer.safetensors,muon.blocks.6.mlp.c_fc.weight,1152,128,512,65536,0,65519,0,262144,262140,True
optimizer.safetensors,muon.blocks.6.mlp.c_fc.weight,1280,128,512,65536,0,65518,0,262144,262136,True
optimizer.safetensors,muon.blocks.6.mlp.c_fc.weight,1408,128,512,65536,0,65517,0,262144,262132,True
optimizer.safetensors,muon.blocks.6.mlp.c_fc.weight,1536,128,512,65536,0,65516,0,262144,262128,True
optimizer.safetensors,muon.blocks.6.mlp.c_fc.weight,1664,128,512,65536,0,65512,0,262144,262112,True
optimizer.safetensors,muon.blocks.6.mlp.c_fc.weight,1792,128,512,65536,0,65521,0,262144,262148,True
optimizer.safetensors,muon.blocks.6.mlp.c_fc.weight,1920,128,512,65536,0,65510,0,262144,262104,True
optimizer.safetensors,muon.blocks.6.mlp.c_proj.weight,0,128,2048,262144,0,261795,0,1048576,1047244,True
optimizer.safetensors,muon.blocks.6.mlp.c_proj.weight,128,128,2048,262144,0,261800,0,1048576,1047264,True
optimizer.safetensors,muon.blocks.6.mlp.c_proj.weight,256,128,2048,262144,0,261791,0,1048576,1047228,True
optimizer.safetensors,muon.blocks.6.mlp.c_proj.weight,384,128,2048,262144,0,261814,0,1048576,1047320,True
optimizer.safetensors,muon.blocks.7.attn.c_k.weight,0,128,512,65536,0,65502,0,262144,262072,True
optimizer.safetensors,muon.blocks.7.attn.c_k.weight,128,128,512,65536,0,65504,0,262144,262080,True
optimizer.safetensors,muon.blocks.7.attn.c_k.weight,256,128,512,65536,0,65502,0,262144,262072,True
optimizer.safetensors,muon.blocks.7.attn.c_k.weight,384,128,512,65536,0,65508,0,262144,262096,True
optimizer.safetensors,muon.blocks.7.attn.c_proj.weight,0,128,512,65536,0,65499,0,262144,262060,True
optimizer.safetensors,muon.blocks.7.attn.c_proj.weight,128,128,512,65536,0,65506,0,262144,262088,True
optimizer.safetensors,muon.blocks.7.attn.c_proj.weight,256,128,512,65536,0,65505,0,262144,262084,True
optimizer.safetensors,muon.blocks.7.attn.c_proj.weight,384,128,512,65536,0,65510,0,262144,262104,True
optimizer.safetensors,muon.blocks.7.attn.c_q.weight,0,128,512,65536,0,65495,0,262144,262044,True
optimizer.safetensors,muon.blocks.7.attn.c_q.weight,128,128,512,65536,0,65505,0,262144,262084,True
optimizer.safetensors,muon.blocks.7.attn.c_q.weight,256,128,512,65536,0,65515,0,262144,262124,True
optimizer.safetensors,muon.blocks.7.attn.c_q.weight,384,128,512,65536,0,65517,0,262144,262132,True
optimizer.safetensors,muon.blocks.7.attn.c_v.weight,0,128,512,65536,0,65504,0,262144,262080,True
optimizer.safetensors,muon.blocks.7.attn.c_v.weight,128,128,512,65536,0,65501,0,262144,262068,True
optimizer.safetensors,muon.blocks.7.attn.c_v.weight,256,128,512,65536,0,65491,0,262144,262028,True
optimizer.safetensors,muon.blocks.7.attn.c_v.weight,384,128,512,65536,0,65507,0,262144,262092,True
optimizer.safetensors,muon.blocks.7.attn.ve_gate.weight,0,4,32,128,0,128,0,512,576,True
optimizer.safetensors,muon.blocks.7.mlp.c_fc.weight,0,128,512,65536,0,65520,0,262144,262144,True
optimizer.safetensors,muon.blocks.7.mlp.c_fc.weight,128,128,512,65536,0,65516,0,262144,262128,True
optimizer.safetensors,muon.blocks.7.mlp.c_fc.weight,256,128,512,65536,0,65519,0,262144,262140,True
optimizer.safetensors,muon.blocks.7.mlp.c_fc.weight,384,128,512,65536,0,65519,0,262144,262140,True
optimizer.safetensors,muon.blocks.7.mlp.c_fc.weight,512,128,512,65536,0,65525,0,262144,262164,True
optimizer.safetensors,muon.blocks.7.mlp.c_fc.weight,640,128,512,65536,0,65520,0,262144,262144,True
optimizer.safetensors,muon.blocks.7.mlp.c_fc.weight,768,128,512,65536,0,65523,0,262144,262156,True
optimizer.safetensors,muon.blocks.7.mlp.c_fc.weight,896,128,512,65536,0,65521,0,262144,262148,True
optimizer.safetensors,muon.blocks.7.mlp.c_fc.weight,1024,128,512,65536,0,65522,0,262144,262152,True
optimizer.safetensors,muon.blocks.7.mlp.c_fc.weight,1152,128,512,65536,0,65520,0,262144,262144,True
optimizer.safetensors,muon.blocks.7.mlp.c_fc.weight,1280,128,512,65536,0,65517,0,262144,262132,True
optimizer.safetensors,muon.blocks.7.mlp.c_fc.weight,1408,128,512,65536,0,65511,0,262144,262108,True
optimizer.safetensors,muon.blocks.7.mlp.c_fc.weight,1536,128,512,65536,0,65523,0,262144,262156,True
optimizer.safetensors,muon.blocks.7.mlp.c_fc.weight,1664,128,512,65536,0,65517,0,262144,262132,True
optimizer.safetensors,muon.blocks.7.mlp.c_fc.weight,1792,128,512,65536,0,65519,0,262144,262140,True
optimizer.safetensors,muon.blocks.7.mlp.c_fc.weight,1920,128,512,65536,0,65520,0,262144,262144,True
optimizer.safetensors,muon.blocks.7.mlp.c_proj.weight,0,128,2048,262144,0,261850,0,1048576,1047464,True
optimizer.safetensors,muon.blocks.7.mlp.c_proj.weight,128,128,2048,262144,0,261816,0,1048576,1047328,True
optimizer.safetensors,muon.blocks.7.mlp.c_proj.weight,256,128,2048,262144,0,261875,0,1048576,1047564,True
optimizer.safetensors,muon.blocks.7.mlp.c_proj.weight,384,128,2048,262144,0,261837,0,1048576,1047412,True
