file,tensor,row_start,rows,cols,cells,positive_zero_cells,nonzero_bit_patterns,special_cells,dense_bytes,dictionary_header_lower_bound_bytes,rejected_by_dictionary_bound
optimizer.safetensors,adam.lm_head.weight.m,0,128,512,65536,0,65523,0,262144,262156,True
optimizer.safetensors,adam.lm_head.weight.m,128,128,512,65536,0,65510,0,262144,262104,True
optimizer.safetensors,adam.lm_head.weight.m,256,128,512,65536,0,65513,0,262144,262116,True
optimizer.safetensors,adam.lm_head.weight.m,384,128,512,65536,0,65521,0,262144,262148,True
optimizer.safetensors,adam.lm_head.weight.m,512,128,512,65536,0,65513,0,262144,262116,True
optimizer.safetensors,adam.lm_head.weight.m,640,128,512,65536,0,65516,0,262144,262128,True
optimizer.safetensors,adam.lm_head.weight.m,768,128,512,65536,0,65514,0,262144,262120,True
optimizer.safetensors,adam.lm_head.weight.m,896,128,512,65536,0,65519,0,262144,262140,True
optimizer.safetensors,adam.lm_head.weight.m,1024,128,512,65536,0,65521,0,262144,262148,True
optimizer.safetensors,adam.lm_head.weight.m,1152,128,512,65536,0,65515,0,262144,262124,True
optimizer.safetensors,adam.lm_head.weight.m,1280,128,512,65536,0,65522,0,262144,262152,True
optimizer.safetensors,adam.lm_head.weight.m,1408,128,512,65536,0,65515,0,262144,262124,True
optimizer.safetensors,adam.lm_head.weight.m,1536,128,512,65536,0,65508,0,262144,262096,True
optimizer.safetensors,adam.lm_head.weight.m,1664,128,512,65536,0,65520,0,262144,262144,True
optimizer.safetensors,adam.lm_head.weight.m,1792,128,512,65536,0,65526,0,262144,262168,True
optimizer.safetensors,adam.lm_head.weight.m,1920,128,512,65536,0,65523,0,262144,262156,True
optimizer.safetensors,adam.lm_head.weight.m,2048,128,512,65536,0,65512,0,262144,262112,True
optimizer.safetensors,adam.lm_head.weight.m,2176,128,512,65536,0,65526,0,262144,262168,True
optimizer.safetensors,adam.lm_head.weight.m,2304,128,512,65536,0,65517,0,262144,262132,True
optimizer.safetensors,adam.lm_head.weight.m,2432,128,512,65536,0,65519,0,262144,262140,True
optimizer.safetensors,adam.lm_head.weight.m,2560,128,512,65536,0,65516,0,262144,262128,True
optimizer.safetensors,adam.lm_head.weight.m,2688,128,512,65536,0,65524,0,262144,262160,True
optimizer.safetensors,adam.lm_head.weight.m,2816,128,512,65536,0,65516,0,262144,262128,True
optimizer.safetensors,adam.lm_head.weight.m,2944,128,512,65536,0,65517,0,262144,262132,True
optimizer.safetensors,adam.lm_head.weight.m,3072,128,512,65536,0,65517,0,262144,262132,True
optimizer.safetensors,adam.lm_head.weight.m,3200,128,512,65536,0,65512,0,262144,262112,True
optimizer.safetensors,adam.lm_head.weight.m,3328,128,512,65536,0,65509,0,262144,262100,True
optimizer.safetensors,adam.lm_head.weight.m,3456,128,512,65536,0,65507,0,262144,262092,True
optimizer.safetensors,adam.lm_head.weight.m,3584,128,512,65536,0,65516,0,262144,262128,True
optimizer.safetensors,adam.lm_head.weight.m,3712,128,512,65536,0,65515,0,262144,262124,True
optimizer.safetensors,adam.lm_head.weight.m,3840,128,512,65536,0,65514,0,262144,262120,True
optimizer.safetensors,adam.lm_head.weight.m,3968,128,512,65536,0,65514,0,262144,262120,True
optimizer.safetensors,adam.lm_head.weight.m,4096,128,512,65536,0,65514,0,262144,262120,True
optimizer.safetensors,adam.lm_head.weight.m,4224,128,512,65536,0,65513,0,262144,262116,True
optimizer.safetensors,adam.lm_head.weight.m,4352,128,512,65536,0,65518,0,262144,262136,True
optimizer.safetensors,adam.lm_head.weight.m,4480,128,512,65536,0,65519,0,262144,262140,True
optimizer.safetensors,adam.lm_head.weight.m,4608,128,512,65536,0,65514,0,262144,262120,True
optimizer.safetensors,adam.lm_head.weight.m,4736,128,512,65536,0,65511,0,262144,262108,True
optimizer.safetensors,adam.lm_head.weight.m,4864,128,512,65536,0,65522,0,262144,262152,True
optimizer.safetensors,adam.lm_head.weight.m,4992,128,512,65536,0,65525,0,262144,262164,True
optimizer.safetensors,adam.lm_head.weight.m,5120,128,512,65536,0,65516,0,262144,262128,True
optimizer.safetensors,adam.lm_head.weight.m,5248,128,512,65536,0,65507,0,262144,262092,True
optimizer.safetensors,adam.lm_head.weight.m,5376,128,512,65536,0,65524,0,262144,262160,True
optimizer.safetensors,adam.lm_head.weight.m,5504,128,512,65536,0,65512,0,262144,262112,True
optimizer.safetensors,adam.lm_head.weight.m,5632,128,512,65536,0,65519,0,262144,262140,True
optimizer.safetensors,adam.lm_head.weight.m,5760,128,512,65536,0,65521,0,262144,262148,True
optimizer.safetensors,adam.lm_head.weight.m,5888,128,512,65536,0,65521,0,262144,262148,True
optimizer.safetensors,adam.lm_head.weight.m,6016,128,512,65536,0,65518,0,262144,262136,True
optimizer.safetensors,adam.lm_head.weight.m,6144,128,512,65536,0,65526,0,262144,262168,True
optimizer.safetensors,adam.lm_head.weight.m,6272,128,512,65536,0,65511,0,262144,262108,True
optimizer.safetensors,adam.lm_head.weight.m,6400,128,512,65536,0,65524,0,262144,262160,True
optimizer.safetensors,adam.lm_head.weight.m,6528,128,512,65536,0,65518,0,262144,262136,True
optimizer.safetensors,adam.lm_head.weight.m,6656,128,512,65536,0,65524,0,262144,262160,True
optimizer.safetensors,adam.lm_head.weight.m,6784,128,512,65536,0,65522,0,262144,262152,True
optimizer.safetensors,adam.lm_head.weight.m,6912,128,512,65536,0,65520,0,262144,262144,True
optimizer.safetensors,adam.lm_head.weight.m,7040,128,512,65536,0,65509,0,262144,262100,True
optimizer.safetensors,adam.lm_head.weight.m,7168,128,512,65536,0,65522,0,262144,262152,True
optimizer.safetensors,adam.lm_head.weight.m,7296,128,512,65536,0,65524,0,262144,262160,True
optimizer.safetensors,adam.lm_head.weight.m,7424,128,512,65536,0,65514,0,262144,262120,True
optimizer.safetensors,adam.lm_head.weight.m,7552,128,512,65536,0,65520,0,262144,262144,True
optimizer.safetensors,adam.lm_head.weight.m,7680,128,512,65536,0,65526,0,262144,262168,True
optimizer.safetensors,adam.lm_head.weight.m,7808,128,512,65536,0,65520,0,262144,262144,True
optimizer.safetensors,adam.lm_head.weight.m,7936,128,512,65536,0,65512,0,262144,262112,True
optimizer.safetensors,adam.lm_head.weight.m,8064,128,512,65536,0,65514,0,262144,262120,True
optimizer.safetensors,adam.lm_head.weight.m,8192,128,512,65536,0,65519,0,262144,262140,True
optimizer.safetensors,adam.lm_head.weight.m,8320,128,512,65536,0,65514,0,262144,262120,True
optimizer.safetensors,adam.lm_head.weight.m,8448,128,512,65536,0,65517,0,262144,262132,True
optimizer.safetensors,adam.lm_head.weight.m,8576,128,512,65536,0,65515,0,262144,262124,True
optimizer.safetensors,adam.lm_head.weight.m,8704,128,512,65536,0,65525,0,262144,262164,True
optimizer.safetensors,adam.lm_head.weight.m,8832,128,512,65536,0,65517,0,262144,262132,True
optimizer.safetensors,adam.lm_head.weight.m,8960,128,512,65536,0,65515,0,262144,262124,True
optimizer.safetensors,adam.lm_head.weight.m,9088,128,512,65536,0,65510,0,262144,262104,True
optimizer.safetensors,adam.lm_head.weight.m,9216,128,512,65536,0,65511,0,262144,262108,True
optimizer.safetensors,adam.lm_head.weight.m,9344,128,512,65536,0,65522,0,262144,262152,True
optimizer.safetensors,adam.lm_head.weight.m,9472,128,512,65536,0,65518,0,262144,262136,True
optimizer.safetensors,adam.lm_head.weight.m,9600,128,512,65536,0,65516,0,262144,262128,True
optimizer.safetensors,adam.lm_head.weight.m,9728,128,512,65536,0,65519,0,262144,262140,True
optimizer.safetensors,adam.lm_head.weight.m,9856,128,512,65536,0,65516,0,262144,262128,True
optimizer.safetensors,adam.lm_head.weight.m,9984,128,512,65536,0,65524,0,262144,262160,True
optimizer.safetensors,adam.lm_head.weight.m,10112,128,512,65536,0,65516,0,262144,262128,True
optimizer.safetensors,adam.lm_head.weight.m,10240,128,512,65536,0,65512,0,262144,262112,True
optimizer.safetensors,adam.lm_head.weight.m,10368,128,512,65536,0,65522,0,262144,262152,True
optimizer.safetensors,adam.lm_head.weight.m,10496,128,512,65536,0,65520,0,262144,262144,True
optimizer.safetensors,adam.lm_head.weight.m,10624,128,512,65536,0,65526,0,262144,262168,True
optimizer.safetensors,adam.lm_head.weight.m,10752,128,512,65536,0,65516,0,262144,262128,True
optimizer.safetensors,adam.lm_head.weight.m,10880,128,512,65536,0,65518,0,262144,262136,True
optimizer.safetensors,adam.lm_head.weight.m,11008,128,512,65536,0,65520,0,262144,262144,True
optimizer.safetensors,adam.lm_head.weight.m,11136,128,512,65536,0,65522,0,262144,262152,True
optimizer.safetensors,adam.lm_head.weight.m,11264,128,512,65536,0,65516,0,262144,262128,True
optimizer.safetensors,adam.lm_head.weight.m,11392,128,512,65536,0,65523,0,262144,262156,True
optimizer.safetensors,adam.lm_head.weight.m,11520,128,512,65536,0,65524,0,262144,262160,True
optimizer.safetensors,adam.lm_head.weight.m,11648,128,512,65536,0,65516,0,262144,262128,True
optimizer.safetensors,adam.lm_head.weight.m,11776,128,512,65536,0,65522,0,262144,262152,True
optimizer.safetensors,adam.lm_head.weight.m,11904,128,512,65536,0,65508,0,262144,262096,True
optimizer.safetensors,adam.lm_head.weight.m,12032,128,512,65536,0,65521,0,262144,262148,True
optimizer.safetensors,adam.lm_head.weight.m,12160,128,512,65536,0,65522,0,262144,262152,True
optimizer.safetensors,adam.lm_head.weight.m,12288,128,512,65536,0,65515,0,262144,262124,True
optimizer.safetensors,adam.lm_head.weight.m,12416,128,512,65536,0,65512,0,262144,262112,True
optimizer.safetensors,adam.lm_head.weight.m,12544,128,512,65536,0,65516,0,262144,262128,True
optimizer.safetensors,adam.lm_head.weight.m,12672,128,512,65536,0,65513,0,262144,262116,True
optimizer.safetensors,adam.lm_head.weight.m,12800,128,512,65536,0,65526,0,262144,262168,True
optimizer.safetensors,adam.lm_head.weight.m,12928,128,512,65536,0,65521,0,262144,262148,True
optimizer.safetensors,adam.lm_head.weight.m,13056,128,512,65536,0,65510,0,262144,262104,True
optimizer.safetensors,adam.lm_head.weight.m,13184,128,512,65536,0,65516,0,262144,262128,True
optimizer.safetensors,adam.lm_head.weight.m,13312,128,512,65536,0,65524,0,262144,262160,True
optimizer.safetensors,adam.lm_head.weight.m,13440,128,512,65536,0,65518,0,262144,262136,True
optimizer.safetensors,adam.lm_head.weight.m,13568,128,512,65536,0,65516,0,262144,262128,True
optimizer.safetensors,adam.lm_head.weight.m,13696,128,512,65536,0,65520,0,262144,262144,True
optimizer.safetensors,adam.lm_head.weight.m,13824,128,512,65536,0,65512,0,262144,262112,True
optimizer.safetensors,adam.lm_head.weight.m,13952,128,512,65536,0,65515,0,262144,262124,True
optimizer.safetensors,adam.lm_head.weight.m,14080,128,512,65536,0,65515,0,262144,262124,True
optimizer.safetensors,adam.lm_head.weight.m,14208,128,512,65536,0,65518,0,262144,262136,True
optimizer.safetensors,adam.lm_head.weight.m,14336,128,512,65536,0,65514,0,262144,262120,True
optimizer.safetensors,adam.lm_head.weight.m,14464,128,512,65536,0,65513,0,262144,262116,True
optimizer.safetensors,adam.lm_head.weight.m,14592,128,512,65536,0,65510,0,262144,262104,True
optimizer.safetensors,adam.lm_head.weight.m,14720,128,512,65536,0,65514,0,262144,262120,True
optimizer.safetensors,adam.lm_head.weight.m,14848,128,512,65536,0,65528,0,262144,262176,True
optimizer.safetensors,adam.lm_head.weight.m,14976,128,512,65536,0,65511,0,262144,262108,True
optimizer.safetensors,adam.lm_head.weight.m,15104,128,512,65536,0,65522,0,262144,262152,True
optimizer.safetensors,adam.lm_head.weight.m,15232,128,512,65536,0,65520,0,262144,262144,True
optimizer.safetensors,adam.lm_head.weight.m,15360,128,512,65536,0,65521,0,262144,262148,True
optimizer.safetensors,adam.lm_head.weight.m,15488,128,512,65536,0,65515,0,262144,262124,True
optimizer.safetensors,adam.lm_head.weight.m,15616,128,512,65536,0,65516,0,262144,262128,True
optimizer.safetensors,adam.lm_head.weight.m,15744,128,512,65536,0,65514,0,262144,262120,True
optimizer.safetensors,adam.lm_head.weight.m,15872,128,512,65536,0,65526,0,262144,262168,True
optimizer.safetensors,adam.lm_head.weight.m,16000,128,512,65536,0,65516,0,262144,262128,True
optimizer.safetensors,adam.lm_head.weight.m,16128,128,512,65536,0,65516,0,262144,262128,True
optimizer.safetensors,adam.lm_head.weight.m,16256,128,512,65536,0,65513,0,262144,262116,True
optimizer.safetensors,adam.lm_head.weight.m,16384,128,512,65536,0,65523,0,262144,262156,True
optimizer.safetensors,adam.lm_head.weight.m,16512,128,512,65536,0,65510,0,262144,262104,True
optimizer.safetensors,adam.lm_head.weight.m,16640,128,512,65536,0,65520,0,262144,262144,True
optimizer.safetensors,adam.lm_head.weight.m,16768,128,512,65536,0,65517,0,262144,262132,True
optimizer.safetensors,adam.lm_head.weight.m,16896,128,512,65536,0,65521,0,262144,262148,True
optimizer.safetensors,adam.lm_head.weight.m,17024,128,512,65536,0,65514,0,262144,262120,True
optimizer.safetensors,adam.lm_head.weight.m,17152,128,512,65536,0,65518,0,262144,262136,True
optimizer.safetensors,adam.lm_head.weight.m,17280,128,512,65536,0,65514,0,262144,262120,True
optimizer.safetensors,adam.lm_head.weight.m,17408,128,512,65536,0,65520,0,262144,262144,True
optimizer.safetensors,adam.lm_head.weight.m,17536,128,512,65536,0,65515,0,262144,262124,True
optimizer.safetensors,adam.lm_head.weight.m,17664,128,512,65536,0,65522,0,262144,262152,True
optimizer.safetensors,adam.lm_head.weight.m,17792,128,512,65536,0,65517,0,262144,262132,True
optimizer.safetensors,adam.lm_head.weight.m,17920,128,512,65536,0,65511,0,262144,262108,True
optimizer.safetensors,adam.lm_head.weight.m,18048,128,512,65536,0,65505,0,262144,262084,True
optimizer.safetensors,adam.lm_head.weight.m,18176,128,512,65536,0,65520,0,262144,262144,True
optimizer.safetensors,adam.lm_head.weight.m,18304,128,512,65536,0,65512,0,262144,262112,True
optimizer.safetensors,adam.lm_head.weight.m,18432,128,512,65536,0,65513,0,262144,262116,True
optimizer.safetensors,adam.lm_head.weight.m,18560,128,512,65536,0,65522,0,262144,262152,True
optimizer.safetensors,adam.lm_head.weight.m,18688,128,512,65536,0,65513,0,262144,262116,True
optimizer.safetensors,adam.lm_head.weight.m,18816,128,512,65536,0,65517,0,262144,262132,True
optimizer.safetensors,adam.lm_head.weight.m,18944,128,512,65536,0,65520,0,262144,262144,True
optimizer.safetensors,adam.lm_head.weight.m,19072,128,512,65536,0,65517,0,262144,262132,True
optimizer.safetensors,adam.lm_head.weight.m,19200,128,512,65536,0,65522,0,262144,262152,True
optimizer.safetensors,adam.lm_head.weight.m,19328,128,512,65536,0,65519,0,262144,262140,True
optimizer.safetensors,adam.lm_head.weight.m,19456,128,512,65536,0,65523,0,262144,262156,True
optimizer.safetensors,adam.lm_head.weight.m,19584,128,512,65536,0,65518,0,262144,262136,True
optimizer.safetensors,adam.lm_head.weight.m,19712,128,512,65536,0,65523,0,262144,262156,True
optimizer.safetensors,adam.lm_head.weight.m,19840,128,512,65536,0,65522,0,262144,262152,True
optimizer.safetensors,adam.lm_head.weight.m,19968,128,512,65536,0,65518,0,262144,262136,True
optimizer.safetensors,adam.lm_head.weight.m,20096,128,512,65536,0,65520,0,262144,262144,True
optimizer.safetensors,adam.lm_head.weight.m,20224,128,512,65536,0,65516,0,262144,262128,True
optimizer.safetensors,adam.lm_head.weight.m,20352,128,512,65536,0,65517,0,262144,262132,True
optimizer.safetensors,adam.lm_head.weight.m,20480,128,512,65536,0,65510,0,262144,262104,True
optimizer.safetensors,adam.lm_head.weight.m,20608,128,512,65536,0,65516,0,262144,262128,True
optimizer.safetensors,adam.lm_head.weight.m,20736,128,512,65536,0,65518,0,262144,262136,True
optimizer.safetensors,adam.lm_head.weight.m,20864,128,512,65536,0,65515,0,262144,262124,True
optimizer.safetensors,adam.lm_head.weight.m,20992,128,512,65536,0,65511,0,262144,262108,True
optimizer.safetensors,adam.lm_head.weight.m,21120,128,512,65536,0,65519,0,262144,262140,True
optimizer.safetensors,adam.lm_head.weight.m,21248,128,512,65536,0,65511,0,262144,262108,True
optimizer.safetensors,adam.lm_head.weight.m,21376,128,512,65536,0,65522,0,262144,262152,True
optimizer.safetensors,adam.lm_head.weight.m,21504,128,512,65536,0,65513,0,262144,262116,True
optimizer.safetensors,adam.lm_head.weight.m,21632,128,512,65536,0,65515,0,262144,262124,True
optimizer.safetensors,adam.lm_head.weight.m,21760,128,512,65536,0,65520,0,262144,262144,True
optimizer.safetensors,adam.lm_head.weight.m,21888,128,512,65536,0,65520,0,262144,262144,True
optimizer.safetensors,adam.lm_head.weight.m,22016,128,512,65536,0,65520,0,262144,262144,True
optimizer.safetensors,adam.lm_head.weight.m,22144,128,512,65536,0,65514,0,262144,262120,True
optimizer.safetensors,adam.lm_head.weight.m,22272,128,512,65536,0,65512,0,262144,262112,True
optimizer.safetensors,adam.lm_head.weight.m,22400,128,512,65536,0,65515,0,262144,262124,True
optimizer.safetensors,adam.lm_head.weight.m,22528,128,512,65536,0,65515,0,262144,262124,True
optimizer.safetensors,adam.lm_head.weight.m,22656,128,512,65536,0,65518,0,262144,262136,True
optimizer.safetensors,adam.lm_head.weight.m,22784,128,512,65536,0,65512,0,262144,262112,True
optimizer.safetensors,adam.lm_head.weight.m,22912,128,512,65536,0,65516,0,262144,262128,True
optimizer.safetensors,adam.lm_head.weight.m,23040,128,512,65536,0,65518,0,262144,262136,True
optimizer.safetensors,adam.lm_head.weight.m,23168,128,512,65536,0,65517,0,262144,262132,True
optimizer.safetensors,adam.lm_head.weight.m,23296,128,512,65536,0,65509,0,262144,262100,True
optimizer.safetensors,adam.lm_head.weight.m,23424,128,512,65536,0,65517,0,262144,262132,True
optimizer.safetensors,adam.lm_head.weight.m,23552,128,512,65536,0,65514,0,262144,262120,True
optimizer.safetensors,adam.lm_head.weight.m,23680,128,512,65536,0,65516,0,262144,262128,True
optimizer.safetensors,adam.lm_head.weight.m,23808,128,512,65536,0,65513,0,262144,262116,True
optimizer.safetensors,adam.lm_head.weight.m,23936,128,512,65536,0,65521,0,262144,262148,True
optimizer.safetensors,adam.lm_head.weight.m,24064,128,512,65536,0,65518,0,262144,262136,True
optimizer.safetensors,adam.lm_head.weight.m,24192,128,512,65536,0,65513,0,262144,262116,True
optimizer.safetensors,adam.lm_head.weight.m,24320,128,512,65536,0,65517,0,262144,262132,True
optimizer.safetensors,adam.lm_head.weight.m,24448,128,512,65536,0,65514,0,262144,262120,True
optimizer.safetensors,adam.lm_head.weight.m,24576,128,512,65536,0,65511,0,262144,262108,True
optimizer.safetensors,adam.lm_head.weight.m,24704,128,512,65536,0,65519,0,262144,262140,True
optimizer.safetensors,adam.lm_head.weight.m,24832,128,512,65536,0,65524,0,262144,262160,True
optimizer.safetensors,adam.lm_head.weight.m,24960,128,512,65536,0,65517,0,262144,262132,True
optimizer.safetensors,adam.lm_head.weight.m,25088,128,512,65536,0,65520,0,262144,262144,True
optimizer.safetensors,adam.lm_head.weight.m,25216,128,512,65536,0,65515,0,262144,262124,True
optimizer.safetensors,adam.lm_head.weight.m,25344,128,512,65536,0,65518,0,262144,262136,True
optimizer.safetensors,adam.lm_head.weight.m,25472,128,512,65536,0,65509,0,262144,262100,True
optimizer.safetensors,adam.lm_head.weight.m,25600,128,512,65536,0,65517,0,262144,262132,True
optimizer.safetensors,adam.lm_head.weight.m,25728,128,512,65536,0,65510,0,262144,262104,True
optimizer.safetensors,adam.lm_head.weight.m,25856,128,512,65536,0,65524,0,262144,262160,True
optimizer.safetensors,adam.lm_head.weight.m,25984,128,512,65536,0,65516,0,262144,262128,True
optimizer.safetensors,adam.lm_head.weight.m,26112,128,512,65536,0,65516,0,262144,262128,True
optimizer.safetensors,adam.lm_head.weight.m,26240,128,512,65536,0,65522,0,262144,262152,True
optimizer.safetensors,adam.lm_head.weight.m,26368,128,512,65536,0,65502,0,262144,262072,True
optimizer.safetensors,adam.lm_head.weight.m,26496,128,512,65536,0,65520,0,262144,262144,True
optimizer.safetensors,adam.lm_head.weight.m,26624,128,512,65536,0,65520,0,262144,262144,True
optimizer.safetensors,adam.lm_head.weight.m,26752,128,512,65536,0,65517,0,262144,262132,True
optimizer.safetensors,adam.lm_head.weight.m,26880,128,512,65536,0,65512,0,262144,262112,True
optimizer.safetensors,adam.lm_head.weight.m,27008,128,512,65536,0,65517,0,262144,262132,True
optimizer.safetensors,adam.lm_head.weight.m,27136,128,512,65536,0,65521,0,262144,262148,True
optimizer.safetensors,adam.lm_head.weight.m,27264,128,512,65536,0,65513,0,262144,262116,True
optimizer.safetensors,adam.lm_head.weight.m,27392,128,512,65536,0,65517,0,262144,262132,True
optimizer.safetensors,adam.lm_head.weight.m,27520,128,512,65536,0,65525,0,262144,262164,True
optimizer.safetensors,adam.lm_head.weight.m,27648,128,512,65536,0,65518,0,262144,262136,True
optimizer.safetensors,adam.lm_head.weight.m,27776,128,512,65536,0,65514,0,262144,262120,True
optimizer.safetensors,adam.lm_head.weight.m,27904,128,512,65536,0,65515,0,262144,262124,True
optimizer.safetensors,adam.lm_head.weight.m,28032,128,512,65536,0,65509,0,262144,262100,True
optimizer.safetensors,adam.lm_head.weight.m,28160,128,512,65536,0,65511,0,262144,262108,True
optimizer.safetensors,adam.lm_head.weight.m,28288,128,512,65536,0,65516,0,262144,262128,True
optimizer.safetensors,adam.lm_head.weight.m,28416,128,512,65536,0,65514,0,262144,262120,True
optimizer.safetensors,adam.lm_head.weight.m,28544,128,512,65536,0,65511,0,262144,262108,True
optimizer.safetensors,adam.lm_head.weight.m,28672,128,512,65536,0,65514,0,262144,262120,True
optimizer.safetensors,adam.lm_head.weight.m,28800,128,512,65536,0,65512,0,262144,262112,True
optimizer.safetensors,adam.lm_head.weight.m,28928,128,512,65536,0,65513,0,262144,262116,True
optimizer.safetensors,adam.lm_head.weight.m,29056,128,512,65536,0,65513,0,262144,262116,True
optimizer.safetensors,adam.lm_head.weight.m,29184,128,512,65536,0,65508,0,262144,262096,True
optimizer.safetensors,adam.lm_head.weight.m,29312,128,512,65536,0,65514,0,262144,262120,True
optimizer.safetensors,adam.lm_head.weight.m,29440,128,512,65536,0,65519,0,262144,262140,True
optimizer.safetensors,adam.lm_head.weight.m,29568,128,512,65536,0,65515,0,262144,262124,True
optimizer.safetensors,adam.lm_head.weight.m,29696,128,512,65536,0,65520,0,262144,262144,True
optimizer.safetensors,adam.lm_head.weight.m,29824,128,512,65536,0,65512,0,262144,262112,True
optimizer.safetensors,adam.lm_head.weight.m,29952,128,512,65536,0,65499,0,262144,262060,True
optimizer.safetensors,adam.lm_head.weight.m,30080,128,512,65536,0,65515,0,262144,262124,True
optimizer.safetensors,adam.lm_head.weight.m,30208,128,512,65536,0,65514,0,262144,262120,True
optimizer.safetensors,adam.lm_head.weight.m,30336,128,512,65536,0,65514,0,262144,262120,True
optimizer.safetensors,adam.lm_head.weight.m,30464,128,512,65536,0,65518,0,262144,262136,True
optimizer.safetensors,adam.lm_head.weight.m,30592,128,512,65536,0,65518,0,262144,262136,True
optimizer.safetensors,adam.lm_head.weight.m,30720,128,512,65536,0,65508,0,262144,262096,True
optimizer.safetensors,adam.lm_head.weight.m,30848,128,512,65536,0,65519,0,262144,262140,True
optimizer.safetensors,adam.lm_head.weight.m,30976,128,512,65536,0,65518,0,262144,262136,True
optimizer.safetensors,adam.lm_head.weight.m,31104,128,512,65536,0,65512,0,262144,262112,True
optimizer.safetensors,adam.lm_head.weight.m,31232,128,512,65536,0,65502,0,262144,262072,True
optimizer.safetensors,adam.lm_head.weight.m,31360,128,512,65536,0,65516,0,262144,262128,True
optimizer.safetensors,adam.lm_head.weight.m,31488,128,512,65536,0,65506,0,262144,262088,True
optimizer.safetensors,adam.lm_head.weight.m,31616,128,512,65536,0,65516,0,262144,262128,True
optimizer.safetensors,adam.lm_head.weight.m,31744,128,512,65536,0,65517,0,262144,262132,True
optimizer.safetensors,adam.lm_head.weight.m,31872,128,512,65536,0,65515,0,262144,262124,True
optimizer.safetensors,adam.lm_head.weight.m,32000,128,512,65536,0,65522,0,262144,262152,True
optimizer.safetensors,adam.lm_head.weight.m,32128,128,512,65536,0,65514,0,262144,262120,True
optimizer.safetensors,adam.lm_head.weight.m,32256,128,512,65536,0,65512,0,262144,262112,True
optimizer.safetensors,adam.lm_head.weight.m,32384,128,512,65536,0,65512,0,262144,262112,True
optimizer.safetensors,adam.lm_head.weight.m,32512,128,512,65536,0,65518,0,262144,262136,True
optimizer.safetensors,adam.lm_head.weight.m,32640,128,512,65536,0,65518,0,262144,262136,True
optimizer.safetensors,adam.lm_head.weight.v,0,128,512,65536,0,65520,0,262144,262144,True
optimizer.safetensors,adam.lm_head.weight.v,128,128,512,65536,0,65513,0,262144,262116,True
optimizer.safetensors,adam.lm_head.weight.v,256,128,512,65536,0,65502,0,262144,262072,True
optimizer.safetensors,adam.lm_head.weight.v,384,128,512,65536,0,65516,0,262144,262128,True
optimizer.safetensors,adam.lm_head.weight.v,512,128,512,65536,0,65512,0,262144,262112,True
optimizer.safetensors,adam.lm_head.weight.v,640,128,512,65536,0,65521,0,262144,262148,True
optimizer.safetensors,adam.lm_head.weight.v,768,128,512,65536,0,65519,0,262144,262140,True
optimizer.safetensors,adam.lm_head.weight.v,896,128,512,65536,0,65520,0,262144,262144,True
optimizer.safetensors,adam.lm_head.weight.v,1024,128,512,65536,0,65509,0,262144,262100,True
optimizer.safetensors,adam.lm_head.weight.v,1152,128,512,65536,0,65512,0,262144,262112,True
optimizer.safetensors,adam.lm_head.weight.v,1280,128,512,65536,0,65513,0,262144,262116,True
optimizer.safetensors,adam.lm_head.weight.v,1408,128,512,65536,0,65514,0,262144,262120,True
optimizer.safetensors,adam.lm_head.weight.v,1536,128,512,65536,0,65505,0,262144,262084,True
optimizer.safetensors,adam.lm_head.weight.v,1664,128,512,65536,0,65523,0,262144,262156,True
optimizer.safetensors,adam.lm_head.weight.v,1792,128,512,65536,0,65514,0,262144,262120,True
optimizer.safetensors,adam.lm_head.weight.v,1920,128,512,65536,0,65510,0,262144,262104,True
optimizer.safetensors,adam.lm_head.weight.v,2048,128,512,65536,0,65504,0,262144,262080,True
optimizer.safetensors,adam.lm_head.weight.v,2176,128,512,65536,0,65510,0,262144,262104,True
optimizer.safetensors,adam.lm_head.weight.v,2304,128,512,65536,0,65512,0,262144,262112,True
optimizer.safetensors,adam.lm_head.weight.v,2432,128,512,65536,0,65508,0,262144,262096,True
optimizer.safetensors,adam.lm_head.weight.v,2560,128,512,65536,0,65510,0,262144,262104,True
optimizer.safetensors,adam.lm_head.weight.v,2688,128,512,65536,0,65514,0,262144,262120,True
optimizer.safetensors,adam.lm_head.weight.v,2816,128,512,65536,0,65506,0,262144,262088,True
optimizer.safetensors,adam.lm_head.weight.v,2944,128,512,65536,0,65515,0,262144,262124,True
optimizer.safetensors,adam.lm_head.weight.v,3072,128,512,65536,0,65512,0,262144,262112,True
optimizer.safetensors,adam.lm_head.weight.v,3200,128,512,65536,0,65508,0,262144,262096,True
optimizer.safetensors,adam.lm_head.weight.v,3328,128,512,65536,0,65513,0,262144,262116,True
optimizer.safetensors,adam.lm_head.weight.v,3456,128,512,65536,0,65512,0,262144,262112,True
optimizer.safetensors,adam.lm_head.weight.v,3584,128,512,65536,0,65502,0,262144,262072,True
optimizer.safetensors,adam.lm_head.weight.v,3712,128,512,65536,0,65512,0,262144,262112,True
optimizer.safetensors,adam.lm_head.weight.v,3840,128,512,65536,0,65499,0,262144,262060,True
optimizer.safetensors,adam.lm_head.weight.v,3968,128,512,65536,0,65511,0,262144,262108,True
optimizer.safetensors,adam.lm_head.weight.v,4096,128,512,65536,0,65503,0,262144,262076,True
optimizer.safetensors,adam.lm_head.weight.v,4224,128,512,65536,0,65498,0,262144,262056,True
optimizer.safetensors,adam.lm_head.weight.v,4352,128,512,65536,0,65505,0,262144,262084,True
optimizer.safetensors,adam.lm_head.weight.v,4480,128,512,65536,0,65509,0,262144,262100,True
optimizer.safetensors,adam.lm_head.weight.v,4608,128,512,65536,0,65502,0,262144,262072,True
optimizer.safetensors,adam.lm_head.weight.v,4736,128,512,65536,0,65508,0,262144,262096,True
optimizer.safetensors,adam.lm_head.weight.v,4864,128,512,65536,0,65501,0,262144,262068,True
optimizer.safetensors,adam.lm_head.weight.v,4992,128,512,65536,0,65507,0,262144,262092,True
optimizer.safetensors,adam.lm_head.weight.v,5120,128,512,65536,0,65505,0,262144,262084,True
optimizer.safetensors,adam.lm_head.weight.v,5248,128,512,65536,0,65501,0,262144,262068,True
optimizer.safetensors,adam.lm_head.weight.v,5376,128,512,65536,0,65506,0,262144,262088,True
optimizer.safetensors,adam.lm_head.weight.v,5504,128,512,65536,0,65513,0,262144,262116,True
optimizer.safetensors,adam.lm_head.weight.v,5632,128,512,65536,0,65494,0,262144,262040,True
optimizer.safetensors,adam.lm_head.weight.v,5760,128,512,65536,0,65503,0,262144,262076,True
optimizer.safetensors,adam.lm_head.weight.v,5888,128,512,65536,0,65502,0,262144,262072,True
optimizer.safetensors,adam.lm_head.weight.v,6016,128,512,65536,0,65514,0,262144,262120,True
optimizer.safetensors,adam.lm_head.weight.v,6144,128,512,65536,0,65498,0,262144,262056,True
optimizer.safetensors,adam.lm_head.weight.v,6272,128,512,65536,0,65507,0,262144,262092,True
optimizer.safetensors,adam.lm_head.weight.v,6400,128,512,65536,0,65513,0,262144,262116,True
optimizer.safetensors,adam.lm_head.weight.v,6528,128,512,65536,0,65507,0,262144,262092,True
optimizer.safetensors,adam.lm_head.weight.v,6656,128,512,65536,0,65511,0,262144,262108,True
optimizer.safetensors,adam.lm_head.weight.v,6784,128,512,65536,0,65497,0,262144,262052,True
optimizer.safetensors,adam.lm_head.weight.v,6912,128,512,65536,0,65502,0,262144,262072,True
optimizer.safetensors,adam.lm_head.weight.v,7040,128,512,65536,0,65509,0,262144,262100,True
optimizer.safetensors,adam.lm_head.weight.v,7168,128,512,65536,0,65505,0,262144,262084,True
optimizer.safetensors,adam.lm_head.weight.v,7296,128,512,65536,0,65504,0,262144,262080,True
optimizer.safetensors,adam.lm_head.weight.v,7424,128,512,65536,0,65501,0,262144,262068,True
optimizer.safetensors,adam.lm_head.weight.v,7552,128,512,65536,0,65507,0,262144,262092,True
optimizer.safetensors,adam.lm_head.weight.v,7680,128,512,65536,0,65505,0,262144,262084,True
optimizer.safetensors,adam.lm_head.weight.v,7808,128,512,65536,0,65497,0,262144,262052,True
optimizer.safetensors,adam.lm_head.weight.v,7936,128,512,65536,0,65509,0,262144,262100,True
optimizer.safetensors,adam.lm_head.weight.v,8064,128,512,65536,0,65508,0,262144,262096,True
optimizer.safetensors,adam.lm_head.weight.v,8192,128,512,65536,0,65509,0,262144,262100,True
optimizer.safetensors,adam.lm_head.weight.v,8320,128,512,65536,0,65487,0,262144,262012,True
optimizer.safetensors,adam.lm_head.weight.v,8448,128,512,65536,0,65504,0,262144,262080,True
optimizer.safetensors,adam.lm_head.weight.v,8576,128,512,65536,0,65503,0,262144,262076,True
optimizer.safetensors,adam.lm_head.weight.v,8704,128,512,65536,0,65495,0,262144,262044,True
optimizer.safetensors,adam.lm_head.weight.v,8832,128,512,65536,0,65509,0,262144,262100,True
optimizer.safetensors,adam.lm_head.weight.v,8960,128,512,65536,0,65517,0,262144,262132,True
optimizer.safetensors,adam.lm_head.weight.v,9088,128,512,65536,0,65501,0,262144,262068,True
optimizer.safetensors,adam.lm_head.weight.v,9216,128,512,65536,0,65507,0,262144,262092,True
optimizer.safetensors,adam.lm_head.weight.v,9344,128,512,65536,0,65512,0,262144,262112,True
optimizer.safetensors,adam.lm_head.weight.v,9472,128,512,65536,0,65509,0,262144,262100,True
optimizer.safetensors,adam.lm_head.weight.v,9600,128,512,65536,0,65505,0,262144,262084,True
optimizer.safetensors,adam.lm_head.weight.v,9728,128,512,65536,0,65510,0,262144,262104,True
optimizer.safetensors,adam.lm_head.weight.v,9856,128,512,65536,0,65499,0,262144,262060,True
optimizer.safetensors,adam.lm_head.weight.v,9984,128,512,65536,0,65504,0,262144,262080,True
optimizer.safetensors,adam.lm_head.weight.v,10112,128,512,65536,0,65507,0,262144,262092,True
optimizer.safetensors,adam.lm_head.weight.v,10240,128,512,65536,0,65503,0,262144,262076,True
optimizer.safetensors,adam.lm_head.weight.v,10368,128,512,65536,0,65505,0,262144,262084,True
optimizer.safetensors,adam.lm_head.weight.v,10496,128,512,65536,0,65496,0,262144,262048,True
optimizer.safetensors,adam.lm_head.weight.v,10624,128,512,65536,0,65508,0,262144,262096,True
optimizer.safetensors,adam.lm_head.weight.v,10752,128,512,65536,0,65508,0,262144,262096,True
optimizer.safetensors,adam.lm_head.weight.v,10880,128,512,65536,0,65514,0,262144,262120,True
optimizer.safetensors,adam.lm_head.weight.v,11008,128,512,65536,0,65507,0,262144,262092,True
optimizer.safetensors,adam.lm_head.weight.v,11136,128,512,65536,0,65505,0,262144,262084,True
optimizer.safetensors,adam.lm_head.weight.v,11264,128,512,65536,0,65509,0,262144,262100,True
optimizer.safetensors,adam.lm_head.weight.v,11392,128,512,65536,0,65510,0,262144,262104,True
optimizer.safetensors,adam.lm_head.weight.v,11520,128,512,65536,0,65516,0,262144,262128,True
optimizer.safetensors,adam.lm_head.weight.v,11648,128,512,65536,0,65504,0,262144,262080,True
optimizer.safetensors,adam.lm_head.weight.v,11776,128,512,65536,0,65511,0,262144,262108,True
optimizer.safetensors,adam.lm_head.weight.v,11904,128,512,65536,0,65503,0,262144,262076,True
optimizer.safetensors,adam.lm_head.weight.v,12032,128,512,65536,0,65517,0,262144,262132,True
optimizer.safetensors,adam.lm_head.weight.v,12160,128,512,65536,0,65512,0,262144,262112,True
optimizer.safetensors,adam.lm_head.weight.v,12288,128,512,65536,0,65504,0,262144,262080,True
optimizer.safetensors,adam.lm_head.weight.v,12416,128,512,65536,0,65506,0,262144,262088,True
optimizer.safetensors,adam.lm_head.weight.v,12544,128,512,65536,0,65513,0,262144,262116,True
optimizer.safetensors,adam.lm_head.weight.v,12672,128,512,65536,0,65510,0,262144,262104,True
optimizer.safetensors,adam.lm_head.weight.v,12800,128,512,65536,0,65497,0,262144,262052,True
optimizer.safetensors,adam.lm_head.weight.v,12928,128,512,65536,0,65511,0,262144,262108,True
optimizer.safetensors,adam.lm_head.weight.v,13056,128,512,65536,0,65506,0,262144,262088,True
optimizer.safetensors,adam.lm_head.weight.v,13184,128,512,65536,0,65514,0,262144,262120,True
optimizer.safetensors,adam.lm_head.weight.v,13312,128,512,65536,0,65519,0,262144,262140,True
optimizer.safetensors,adam.lm_head.weight.v,13440,128,512,65536,0,65515,0,262144,262124,True
optimizer.safetensors,adam.lm_head.weight.v,13568,128,512,65536,0,65515,0,262144,262124,True
optimizer.safetensors,adam.lm_head.weight.v,13696,128,512,65536,0,65504,0,262144,262080,True
optimizer.safetensors,adam.lm_head.weight.v,13824,128,512,65536,0,65511,0,262144,262108,True
optimizer.safetensors,adam.lm_head.weight.v,13952,128,512,65536,0,65516,0,262144,262128,True
optimizer.safetensors,adam.lm_head.weight.v,14080,128,512,65536,0,65520,0,262144,262144,True
optimizer.safetensors,adam.lm_head.weight.v,14208,128,512,65536,0,65503,0,262144,262076,True
optimizer.safetensors,adam.lm_head.weight.v,14336,128,512,65536,0,65519,0,262144,262140,True
optimizer.safetensors,adam.lm_head.weight.v,14464,128,512,65536,0,65514,0,262144,262120,True
optimizer.safetensors,adam.lm_head.weight.v,14592,128,512,65536,0,65507,0,262144,262092,True
optimizer.safetensors,adam.lm_head.weight.v,14720,128,512,65536,0,65500,0,262144,262064,True
optimizer.safetensors,adam.lm_head.weight.v,14848,128,512,65536,0,65512,0,262144,262112,True
optimizer.safetensors,adam.lm_head.weight.v,14976,128,512,65536,0,65499,0,262144,262060,True
optimizer.safetensors,adam.lm_head.weight.v,15104,128,512,65536,0,65513,0,262144,262116,True
optimizer.safetensors,adam.lm_head.weight.v,15232,128,512,65536,0,65509,0,262144,262100,True
optimizer.safetensors,adam.lm_head.weight.v,15360,128,512,65536,0,65508,0,262144,262096,True
optimizer.safetensors,adam.lm_head.weight.v,15488,128,512,65536,0,65509,0,262144,262100,True
optimizer.safetensors,adam.lm_head.weight.v,15616,128,512,65536,0,65510,0,262144,262104,True
optimizer.safetensors,adam.lm_head.weight.v,15744,128,512,65536,0,65505,0,262144,262084,True
optimizer.safetensors,adam.lm_head.weight.v,15872,128,512,65536,0,65508,0,262144,262096,True
optimizer.safetensors,adam.lm_head.weight.v,16000,128,512,65536,0,65518,0,262144,262136,True
optimizer.safetensors,adam.lm_head.weight.v,16128,128,512,65536,0,65505,0,262144,262084,True
optimizer.safetensors,adam.lm_head.weight.v,16256,128,512,65536,0,65510,0,262144,262104,True
optimizer.safetensors,adam.lm_head.weight.v,16384,128,512,65536,0,65511,0,262144,262108,True
optimizer.safetensors,adam.lm_head.weight.v,16512,128,512,65536,0,65513,0,262144,262116,True
optimizer.safetensors,adam.lm_head.weight.v,16640,128,512,65536,0,65513,0,262144,262116,True
optimizer.safetensors,adam.lm_head.weight.v,16768,128,512,65536,0,65511,0,262144,262108,True
optimizer.safetensors,adam.lm_head.weight.v,16896,128,512,65536,0,65504,0,262144,262080,True
optimizer.safetensors,adam.lm_head.weight.v,17024,128,512,65536,0,65505,0,262144,262084,True
optimizer.safetensors,adam.lm_head.weight.v,17152,128,512,65536,0,65514,0,262144,262120,True
optimizer.safetensors,adam.lm_head.weight.v,17280,128,512,65536,0,65524,0,262144,262160,True
optimizer.safetensors,adam.lm_head.weight.v,17408,128,512,65536,0,65514,0,262144,262120,True
optimizer.safetensors,adam.lm_head.weight.v,17536,128,512,65536,0,65516,0,262144,262128,True
optimizer.safetensors,adam.lm_head.weight.v,17664,128,512,65536,0,65517,0,262144,262132,True
optimizer.safetensors,adam.lm_head.weight.v,17792,128,512,65536,0,65514,0,262144,262120,True
optimizer.safetensors,adam.lm_head.weight.v,17920,128,512,65536,0,65515,0,262144,262124,True
optimizer.safetensors,adam.lm_head.weight.v,18048,128,512,65536,0,65509,0,262144,262100,True
optimizer.safetensors,adam.lm_head.weight.v,18176,128,512,65536,0,65512,0,262144,262112,True
optimizer.safetensors,adam.lm_head.weight.v,18304,128,512,65536,0,65511,0,262144,262108,True
optimizer.safetensors,adam.lm_head.weight.v,18432,128,512,65536,0,65499,0,262144,262060,True
optimizer.safetensors,adam.lm_head.weight.v,18560,128,512,65536,0,65519,0,262144,262140,True
optimizer.safetensors,adam.lm_head.weight.v,18688,128,512,65536,0,65506,0,262144,262088,True
optimizer.safetensors,adam.lm_head.weight.v,18816,128,512,65536,0,65512,0,262144,262112,True
optimizer.safetensors,adam.lm_head.weight.v,18944,128,512,65536,0,65508,0,262144,262096,True
optimizer.safetensors,adam.lm_head.weight.v,19072,128,512,65536,0,65514,0,262144,262120,True
optimizer.safetensors,adam.lm_head.weight.v,19200,128,512,65536,0,65511,0,262144,262108,True
optimizer.safetensors,adam.lm_head.weight.v,19328,128,512,65536,0,65512,0,262144,262112,True
optimizer.safetensors,adam.lm_head.weight.v,19456,128,512,65536,0,65511,0,262144,262108,True
optimizer.safetensors,adam.lm_head.weight.v,19584,128,512,65536,0,65519,0,262144,262140,True
optimizer.safetensors,adam.lm_head.weight.v,19712,128,512,65536,0,65505,0,262144,262084,True
optimizer.safetensors,adam.lm_head.weight.v,19840,128,512,65536,0,65511,0,262144,262108,True
optimizer.safetensors,adam.lm_head.weight.v,19968,128,512,65536,0,65504,0,262144,262080,True
optimizer.safetensors,adam.lm_head.weight.v,20096,128,512,65536,0,65509,0,262144,262100,True
optimizer.safetensors,adam.lm_head.weight.v,20224,128,512,65536,0,65505,0,262144,262084,True
optimizer.safetensors,adam.lm_head.weight.v,20352,128,512,65536,0,65516,0,262144,262128,True
optimizer.safetensors,adam.lm_head.weight.v,20480,128,512,65536,0,65506,0,262144,262088,True
optimizer.safetensors,adam.lm_head.weight.v,20608,128,512,65536,0,65506,0,262144,262088,True
optimizer.safetensors,adam.lm_head.weight.v,20736,128,512,65536,0,65511,0,262144,262108,True
optimizer.safetensors,adam.lm_head.weight.v,20864,128,512,65536,0,65511,0,262144,262108,True
optimizer.safetensors,adam.lm_head.weight.v,20992,128,512,65536,0,65519,0,262144,262140,True
optimizer.safetensors,adam.lm_head.weight.v,21120,128,512,65536,0,65515,0,262144,262124,True
optimizer.safetensors,adam.lm_head.weight.v,21248,128,512,65536,0,65519,0,262144,262140,True
optimizer.safetensors,adam.lm_head.weight.v,21376,128,512,65536,0,65516,0,262144,262128,True
optimizer.safetensors,adam.lm_head.weight.v,21504,128,512,65536,0,65515,0,262144,262124,True
optimizer.safetensors,adam.lm_head.weight.v,21632,128,512,65536,0,65509,0,262144,262100,True
optimizer.safetensors,adam.lm_head.weight.v,21760,128,512,65536,0,65508,0,262144,262096,True
optimizer.safetensors,adam.lm_head.weight.v,21888,128,512,65536,0,65515,0,262144,262124,True
optimizer.safetensors,adam.lm_head.weight.v,22016,128,512,65536,0,65504,0,262144,262080,True
optimizer.safetensors,adam.lm_head.weight.v,22144,128,512,65536,0,65516,0,262144,262128,True
optimizer.safetensors,adam.lm_head.weight.v,22272,128,512,65536,0,65504,0,262144,262080,True
optimizer.safetensors,adam.lm_head.weight.v,22400,128,512,65536,0,65511,0,262144,262108,True
optimizer.safetensors,adam.lm_head.weight.v,22528,128,512,65536,0,65526,0,262144,262168,True
optimizer.safetensors,adam.lm_head.weight.v,22656,128,512,65536,0,65519,0,262144,262140,True
optimizer.safetensors,adam.lm_head.weight.v,22784,128,512,65536,0,65516,0,262144,262128,True
optimizer.safetensors,adam.lm_head.weight.v,22912,128,512,65536,0,65508,0,262144,262096,True
optimizer.safetensors,adam.lm_head.weight.v,23040,128,512,65536,0,65515,0,262144,262124,True
optimizer.safetensors,adam.lm_head.weight.v,23168,128,512,65536,0,65516,0,262144,262128,True
optimizer.safetensors,adam.lm_head.weight.v,23296,128,512,65536,0,65510,0,262144,262104,True
optimizer.safetensors,adam.lm_head.weight.v,23424,128,512,65536,0,65512,0,262144,262112,True
optimizer.safetensors,adam.lm_head.weight.v,23552,128,512,65536,0,65518,0,262144,262136,True
optimizer.safetensors,adam.lm_head.weight.v,23680,128,512,65536,0,65526,0,262144,262168,True
optimizer.safetensors,adam.lm_head.weight.v,23808,128,512,65536,0,65515,0,262144,262124,True
optimizer.safetensors,adam.lm_head.weight.v,23936,128,512,65536,0,65516,0,262144,262128,True
optimizer.safetensors,adam.lm_head.weight.v,24064,128,512,65536,0,65512,0,262144,262112,True
optimizer.safetensors,adam.lm_head.weight.v,24192,128,512,65536,0,65511,0,262144,262108,True
optimizer.safetensors,adam.lm_head.weight.v,24320,128,512,65536,0,65510,0,262144,262104,True
optimizer.safetensors,adam.lm_head.weight.v,24448,128,512,65536,0,65515,0,262144,262124,True
optimizer.safetensors,adam.lm_head.weight.v,24576,128,512,65536,0,65510,0,262144,262104,True
optimizer.safetensors,adam.lm_head.weight.v,24704,128,512,65536,0,65513,0,262144,262116,True
optimizer.safetensors,adam.lm_head.weight.v,24832,128,512,65536,0,65512,0,262144,262112,True
optimizer.safetensors,adam.lm_head.weight.v,24960,128,512,65536,0,65516,0,262144,262128,True
optimizer.safetensors,adam.lm_head.weight.v,25088,128,512,65536,0,65516,0,262144,262128,True
optimizer.safetensors,adam.lm_head.weight.v,25216,128,512,65536,0,65507,0,262144,262092,True
optimizer.safetensors,adam.lm_head.weight.v,25344,128,512,65536,0,65518,0,262144,262136,True
optimizer.safetensors,adam.lm_head.weight.v,25472,128,512,65536,0,65512,0,262144,262112,True
optimizer.safetensors,adam.lm_head.weight.v,25600,128,512,65536,0,65513,0,262144,262116,True
optimizer.safetensors,adam.lm_head.weight.v,25728,128,512,65536,0,65520,0,262144,262144,True
optimizer.safetensors,adam.lm_head.weight.v,25856,128,512,65536,0,65517,0,262144,262132,True
optimizer.safetensors,adam.lm_head.weight.v,25984,128,512,65536,0,65515,0,262144,262124,True
optimizer.safetensors,adam.lm_head.weight.v,26112,128,512,65536,0,65511,0,262144,262108,True
optimizer.safetensors,adam.lm_head.weight.v,26240,128,512,65536,0,65510,0,262144,262104,True
optimizer.safetensors,adam.lm_head.weight.v,26368,128,512,65536,0,65516,0,262144,262128,True
optimizer.safetensors,adam.lm_head.weight.v,26496,128,512,65536,0,65507,0,262144,262092,True
optimizer.safetensors,adam.lm_head.weight.v,26624,128,512,65536,0,65506,0,262144,262088,True
optimizer.safetensors,adam.lm_head.weight.v,26752,128,512,65536,0,65514,0,262144,262120,True
optimizer.safetensors,adam.lm_head.weight.v,26880,128,512,65536,0,65515,0,262144,262124,True
optimizer.safetensors,adam.lm_head.weight.v,27008,128,512,65536,0,65520,0,262144,262144,True
optimizer.safetensors,adam.lm_head.weight.v,27136,128,512,65536,0,65520,0,262144,262144,True
optimizer.safetensors,adam.lm_head.weight.v,27264,128,512,65536,0,65517,0,262144,262132,True
optimizer.safetensors,adam.lm_head.weight.v,27392,128,512,65536,0,65496,0,262144,262048,True
optimizer.safetensors,adam.lm_head.weight.v,27520,128,512,65536,0,65507,0,262144,262092,True
optimizer.safetensors,adam.lm_head.weight.v,27648,128,512,65536,0,65509,0,262144,262100,True
optimizer.safetensors,adam.lm_head.weight.v,27776,128,512,65536,0,65514,0,262144,262120,True
optimizer.safetensors,adam.lm_head.weight.v,27904,128,512,65536,0,65515,0,262144,262124,True
optimizer.safetensors,adam.lm_head.weight.v,28032,128,512,65536,0,65515,0,262144,262124,True
optimizer.safetensors,adam.lm_head.weight.v,28160,128,512,65536,0,65509,0,262144,262100,True
optimizer.safetensors,adam.lm_head.weight.v,28288,128,512,65536,0,65521,0,262144,262148,True
optimizer.safetensors,adam.lm_head.weight.v,28416,128,512,65536,0,65518,0,262144,262136,True
optimizer.safetensors,adam.lm_head.weight.v,28544,128,512,65536,0,65512,0,262144,262112,True
optimizer.safetensors,adam.lm_head.weight.v,28672,128,512,65536,0,65512,0,262144,262112,True
optimizer.safetensors,adam.lm_head.weight.v,28800,128,512,65536,0,65516,0,262144,262128,True
optimizer.safetensors,adam.lm_head.weight.v,28928,128,512,65536,0,65520,0,262144,262144,True
optimizer.safetensors,adam.lm_head.weight.v,29056,128,512,65536,0,65509,0,262144,262100,True
optimizer.safetensors,adam.lm_head.weight.v,29184,128,512,65536,0,65513,0,262144,262116,True
optimizer.safetensors,adam.lm_head.weight.v,29312,128,512,65536,0,65518,0,262144,262136,True
optimizer.safetensors,adam.lm_head.weight.v,29440,128,512,65536,0,65510,0,262144,262104,True
optimizer.safetensors,adam.lm_head.weight.v,29568,128,512,65536,0,65515,0,262144,262124,True
optimizer.safetensors,adam.lm_head.weight.v,29696,128,512,65536,0,65517,0,262144,262132,True
optimizer.safetensors,adam.lm_head.weight.v,29824,128,512,65536,0,65509,0,262144,262100,True
optimizer.safetensors,adam.lm_head.weight.v,29952,128,512,65536,0,65507,0,262144,262092,True
optimizer.safetensors,adam.lm_head.weight.v,30080,128,512,65536,0,65506,0,262144,262088,True
optimizer.safetensors,adam.lm_head.weight.v,30208,128,512,65536,0,65515,0,262144,262124,True
optimizer.safetensors,adam.lm_head.weight.v,30336,128,512,65536,0,65520,0,262144,262144,True
optimizer.safetensors,adam.lm_head.weight.v,30464,128,512,65536,0,65517,0,262144,262132,True
optimizer.safetensors,adam.lm_head.weight.v,30592,128,512,65536,0,65518,0,262144,262136,True
optimizer.safetensors,adam.lm_head.weight.v,30720,128,512,65536,0,65518,0,262144,262136,True
optimizer.safetensors,adam.lm_head.weight.v,30848,128,512,65536,0,65516,0,262144,262128,True
optimizer.safetensors,adam.lm_head.weight.v,30976,128,512,65536,0,65512,0,262144,262112,True
optimizer.safetensors,adam.lm_head.weight.v,31104,128,512,65536,0,65510,0,262144,262104,True
optimizer.safetensors,adam.lm_head.weight.v,31232,128,512,65536,0,65516,0,262144,262128,True
optimizer.safetensors,adam.lm_head.weight.v,31360,128,512,65536,0,65518,0,262144,262136,True
optimizer.safetensors,adam.lm_head.weight.v,31488,128,512,65536,0,65522,0,262144,262152,True
optimizer.safetensors,adam.lm_head.weight.v,31616,128,512,65536,0,65509,0,262144,262100,True
optimizer.safetensors,adam.lm_head.weight.v,31744,128,512,65536,0,65519,0,262144,262140,True
optimizer.safetensors,adam.lm_head.weight.v,31872,128,512,65536,0,65511,0,262144,262108,True
optimizer.safetensors,adam.lm_head.weight.v,32000,128,512,65536,0,65518,0,262144,262136,True
optimizer.safetensors,adam.lm_head.weight.v,32128,128,512,65536,0,65520,0,262144,262144,True
optimizer.safetensors,adam.lm_head.weight.v,32256,128,512,65536,0,65516,0,262144,262128,True
optimizer.safetensors,adam.lm_head.weight.v,32384,128,512,65536,0,65515,0,262144,262124,True
optimizer.safetensors,adam.lm_head.weight.v,32512,128,512,65536,0,65516,0,262144,262128,True
optimizer.safetensors,adam.lm_head.weight.v,32640,128,512,65536,0,65519,0,262144,262140,True
optimizer.safetensors,adam.value_embeds.1.weight.m,0,128,512,65536,17408,48121,0,262144,192548,False
optimizer.safetensors,adam.value_embeds.1.weight.m,128,128,512,65536,21504,44027,0,262144,176172,False
optimizer.safetensors,adam.value_embeds.1.weight.m,256,128,512,65536,512,65001,0,262144,260068,True
optimizer.safetensors,adam.value_embeds.1.weight.m,384,128,512,65536,0,65521,0,262144,262148,True
optimizer.safetensors,adam.value_embeds.1.weight.m,512,128,512,65536,0,65526,0,262144,262168,True
optimizer.safetensors,adam.value_embeds.1.weight.m,640,128,512,65536,1536,63988,0,262144,256016,True
optimizer.safetensors,adam.value_embeds.1.weight.m,768,128,512,65536,2048,63480,0,262144,253984,True
optimizer.safetensors,adam.value_embeds.1.weight.m,896,128,512,65536,3072,62452,0,262144,249872,True
optimizer.safetensors,adam.value_embeds.1.weight.m,1024,128,512,65536,1536,63984,0,262144,256000,True
optimizer.safetensors,adam.value_embeds.1.weight.m,1152,128,512,65536,1024,64505,0,262144,258084,True
optimizer.safetensors,adam.value_embeds.1.weight.m,1280,128,512,65536,2560,62963,0,262144,251916,True
optimizer.safetensors,adam.value_embeds.1.weight.m,1408,128,512,65536,5632,59890,0,262144,239624,False
optimizer.safetensors,adam.value_embeds.1.weight.m,1536,128,512,65536,1024,64504,0,262144,258080,True
optimizer.safetensors,adam.value_embeds.1.weight.m,1664,128,512,65536,3584,61939,0,262144,247820,False
optimizer.safetensors,adam.value_embeds.1.weight.m,1792,128,512,65536,2560,62966,0,262144,251928,True
optimizer.safetensors,adam.value_embeds.1.weight.m,1920,128,512,65536,2048,63476,0,262144,253968,True
optimizer.safetensors,adam.value_embeds.1.weight.m,2048,128,512,65536,3072,62448,0,262144,249856,True
optimizer.safetensors,adam.value_embeds.1.weight.m,2176,128,512,65536,3584,61940,0,262144,247824,False
optimizer.safetensors,adam.value_embeds.1.weight.m,2304,128,512,65536,3072,62452,0,262144,249872,True
optimizer.safetensors,adam.value_embeds.1.weight.m,2432,128,512,65536,3584,61937,0,262144,247812,False
optimizer.safetensors,adam.value_embeds.1.weight.m,2560,128,512,65536,4096,61423,0,262144,245756,False
optimizer.safetensors,adam.value_embeds.1.weight.m,2688,128,512,65536,2048,63475,0,262144,253964,True
optimizer.safetensors,adam.value_embeds.1.weight.m,2816,128,512,65536,4096,61424,0,262144,245760,False
optimizer.safetensors,adam.value_embeds.1.weight.m,2944,128,512,65536,4608,60914,0,262144,243720,False
optimizer.safetensors,adam.value_embeds.1.weight.m,3072,128,512,65536,2560,62955,0,262144,251884,True
optimizer.safetensors,adam.value_embeds.1.weight.m,3200,128,512,65536,2560,62970,0,262144,251944,True
optimizer.safetensors,adam.value_embeds.1.weight.m,3328,128,512,65536,2048,63472,0,262144,253952,True
optimizer.safetensors,adam.value_embeds.1.weight.m,3456,128,512,65536,5120,60408,0,262144,241696,False
optimizer.safetensors,adam.value_embeds.1.weight.m,3584,128,512,65536,3072,62455,0,262144,249884,True
optimizer.safetensors,adam.value_embeds.1.weight.m,3712,128,512,65536,7168,58353,0,262144,233476,False
optimizer.safetensors,adam.value_embeds.1.weight.m,3840,128,512,65536,1536,63980,0,262144,255984,True
optimizer.safetensors,adam.value_embeds.1.weight.m,3968,128,512,65536,3584,61938,0,262144,247816,False
optimizer.safetensors,adam.value_embeds.1.weight.m,4096,128,512,65536,2560,62962,0,262144,251912,True
optimizer.safetensors,adam.value_embeds.1.weight.m,4224,128,512,65536,2048,63479,0,262144,253980,True
optimizer.safetensors,adam.value_embeds.1.weight.m,4352,128,512,65536,3072,62449,0,262144,249860,True
optimizer.safetensors,adam.value_embeds.1.weight.m,4480,128,512,65536,4096,61432,0,262144,245792,False
optimizer.safetensors,adam.value_embeds.1.weight.m,4608,128,512,65536,2560,62956,0,262144,251888,True
optimizer.safetensors,adam.value_embeds.1.weight.m,4736,128,512,65536,2560,62959,0,262144,251900,True
optimizer.safetensors,adam.value_embeds.1.weight.m,4864,128,512,65536,3072,62445,0,262144,249844,True
optimizer.safetensors,adam.value_embeds.1.weight.m,4992,128,512,65536,3072,62444,0,262144,249840,True
optimizer.safetensors,adam.value_embeds.1.weight.m,5120,128,512,65536,2560,62961,0,262144,251908,True
optimizer.safetensors,adam.value_embeds.1.weight.m,5248,128,512,65536,4096,61417,0,262144,245732,False
optimizer.safetensors,adam.value_embeds.1.weight.m,5376,128,512,65536,2048,63476,0,262144,253968,True
optimizer.safetensors,adam.value_embeds.1.weight.m,5504,128,512,65536,5632,59885,0,262144,239604,False
optimizer.safetensors,adam.value_embeds.1.weight.m,5632,128,512,65536,4608,60911,0,262144,243708,False
optimizer.safetensors,adam.value_embeds.1.weight.m,5760,128,512,65536,5632,59889,0,262144,239620,False
optimizer.safetensors,adam.value_embeds.1.weight.m,5888,128,512,65536,4096,61416,0,262144,245728,False
optimizer.safetensors,adam.value_embeds.1.weight.m,6016,128,512,65536,2048,63471,0,262144,253948,True
optimizer.safetensors,adam.value_embeds.1.weight.m,6144,128,512,65536,3072,62451,0,262144,249868,True
optimizer.safetensors,adam.value_embeds.1.weight.m,6272,128,512,65536,3584,61940,0,262144,247824,False
optimizer.safetensors,adam.value_embeds.1.weight.m,6400,128,512,65536,4608,60921,0,262144,243748,False
optimizer.safetensors,adam.value_embeds.1.weight.m,6528,128,512,65536,4608,60912,0,262144,243712,False
optimizer.safetensors,adam.value_embeds.1.weight.m,6656,128,512,65536,4608,60921,0,262144,243748,False
optimizer.safetensors,adam.value_embeds.1.weight.m,6784,128,512,65536,3584,61935,0,262144,247804,False
optimizer.safetensors,adam.value_embeds.1.weight.m,6912,128,512,65536,4608,60915,0,262144,243724,False
optimizer.safetensors,adam.value_embeds.1.weight.m,7040,128,512,65536,4096,61428,0,262144,245776,False
optimizer.safetensors,adam.value_embeds.1.weight.m,7168,128,512,65536,4096,61428,0,262144,245776,False
optimizer.safetensors,adam.value_embeds.1.weight.m,7296,128,512,65536,5120,60406,0,262144,241688,False
optimizer.safetensors,adam.value_embeds.1.weight.m,7424,128,512,65536,4096,61424,0,262144,245760,False
optimizer.safetensors,adam.value_embeds.1.weight.m,7552,128,512,65536,5120,60406,0,262144,241688,False
optimizer.safetensors,adam.value_embeds.1.weight.m,7680,128,512,65536,3584,61937,0,262144,247812,False
optimizer.safetensors,adam.value_embeds.1.weight.m,7808,128,512,65536,3072,62446,0,262144,249848,True
optimizer.safetensors,adam.value_embeds.1.weight.m,7936,128,512,65536,4096,61418,0,262144,245736,False
optimizer.safetensors,adam.value_embeds.1.weight.m,8064,128,512,65536,4096,61432,0,262144,245792,False
optimizer.safetensors,adam.value_embeds.1.weight.m,8192,128,512,65536,3072,62442,0,262144,249832,True
optimizer.safetensors,adam.value_embeds.1.weight.m,8320,128,512,65536,3584,61943,0,262144,247836,False
optimizer.safetensors,adam.value_embeds.1.weight.m,8448,128,512,65536,2048,63472,0,262144,253952,True
optimizer.safetensors,adam.value_embeds.1.weight.m,8576,128,512,65536,7168,58358,0,262144,233496,False
optimizer.safetensors,adam.value_embeds.1.weight.m,8704,128,512,65536,4096,61422,0,262144,245752,False
optimizer.safetensors,adam.value_embeds.1.weight.m,8832,128,512,65536,4096,61431,0,262144,245788,False
optimizer.safetensors,adam.value_embeds.1.weight.m,8960,128,512,65536,6144,59376,0,262144,237568,False
optimizer.safetensors,adam.value_embeds.1.weight.m,9088,128,512,65536,3072,62449,0,262144,249860,True
optimizer.safetensors,adam.value_embeds.1.weight.m,9216,128,512,65536,3584,61940,0,262144,247824,False
optimizer.safetensors,adam.value_embeds.1.weight.m,9344,128,512,65536,4096,61422,0,262144,245752,False
optimizer.safetensors,adam.value_embeds.1.weight.m,9472,128,512,65536,5120,60405,0,262144,241684,False
optimizer.safetensors,adam.value_embeds.1.weight.m,9600,128,512,65536,2048,63474,0,262144,253960,True
optimizer.safetensors,adam.value_embeds.1.weight.m,9728,128,512,65536,4096,61423,0,262144,245756,False
optimizer.safetensors,adam.value_embeds.1.weight.m,9856,128,512,65536,4096,61429,0,262144,245780,False
optimizer.safetensors,adam.value_embeds.1.weight.m,9984,128,512,65536,3584,61940,0,262144,247824,False
optimizer.safetensors,adam.value_embeds.1.weight.m,10112,128,512,65536,6144,59380,0,262144,237584,False
optimizer.safetensors,adam.value_embeds.1.weight.m,10240,128,512,65536,4096,61425,0,262144,245764,False
optimizer.safetensors,adam.value_embeds.1.weight.m,10368,128,512,65536,4096,61419,0,262144,245740,False
optimizer.safetensors,adam.value_embeds.1.weight.m,10496,128,512,65536,6144,59377,0,262144,237572,False
optimizer.safetensors,adam.value_embeds.1.weight.m,10624,128,512,65536,5632,59887,0,262144,239612,False
optimizer.safetensors,adam.value_embeds.1.weight.m,10752,128,512,65536,3072,62446,0,262144,249848,True
optimizer.safetensors,adam.value_embeds.1.weight.m,10880,128,512,65536,2560,62966,0,262144,251928,True
optimizer.safetensors,adam.value_embeds.1.weight.m,11008,128,512,65536,2560,62960,0,262144,251904,True
optimizer.safetensors,adam.value_embeds.1.weight.m,11136,128,512,65536,5632,59891,0,262144,239628,False
optimizer.safetensors,adam.value_embeds.1.weight.m,11264,128,512,65536,3584,61934,0,262144,247800,False
optimizer.safetensors,adam.value_embeds.1.weight.m,11392,128,512,65536,3584,61932,0,262144,247792,False
optimizer.safetensors,adam.value_embeds.1.weight.m,11520,128,512,65536,7680,57843,0,262144,231436,False
optimizer.safetensors,adam.value_embeds.1.weight.m,11648,128,512,65536,6144,59381,0,262144,237588,False
optimizer.safetensors,adam.value_embeds.1.weight.m,11776,128,512,65536,6144,59371,0,262144,237548,False
optimizer.safetensors,adam.value_embeds.1.weight.m,11904,128,512,65536,5632,59886,0,262144,239608,False
optimizer.safetensors,adam.value_embeds.1.weight.m,12032,128,512,65536,6144,59384,0,262144,237600,False
optimizer.safetensors,adam.value_embeds.1.weight.m,12160,128,512,65536,3584,61935,0,262144,247804,False
optimizer.safetensors,adam.value_embeds.1.weight.m,12288,128,512,65536,4608,60915,0,262144,243724,False
optimizer.safetensors,adam.value_embeds.1.weight.m,12416,128,512,65536,3072,62449,0,262144,249860,True
optimizer.safetensors,adam.value_embeds.1.weight.m,12544,128,512,65536,5632,59894,0,262144,239640,False
optimizer.safetensors,adam.value_embeds.1.weight.m,12672,128,512,65536,6144,59381,0,262144,237588,False
optimizer.safetensors,adam.value_embeds.1.weight.m,12800,128,512,65536,6144,59384,0,262144,237600,False
optimizer.safetensors,adam.value_embeds.1.weight.m,12928,128,512,65536,5632,59887,0,262144,239612,False
optimizer.safetensors,adam.value_embeds.1.weight.m,13056,128,512,65536,5632,59887,0,262144,239612,False
optimizer.safetensors,adam.value_embeds.1.weight.m,13184,128,512,65536,4096,61429,0,262144,245780,False
optimizer.safetensors,adam.value_embeds.1.weight.m,13312,128,512,65536,5632,59891,0,262144,239628,False
optimizer.safetensors,adam.value_embeds.1.weight.m,13440,128,512,65536,5632,59890,0,262144,239624,False
optimizer.safetensors,adam.value_embeds.1.weight.m,13568,128,512,65536,7168,58358,0,262144,233496,False
optimizer.safetensors,adam.value_embeds.1.weight.m,13696,128,512,65536,4096,61427,0,262144,245772,False
optimizer.safetensors,adam.value_embeds.1.weight.m,13824,128,512,65536,5632,59891,0,262144,239628,False
optimizer.safetensors,adam.value_embeds.1.weight.m,13952,128,512,65536,4096,61426,0,262144,245768,False
optimizer.safetensors,adam.value_embeds.1.weight.m,14080,128,512,65536,9728,55795,0,262144,223244,False
optimizer.safetensors,adam.value_embeds.1.weight.m,14208,128,512,65536,6656,58875,0,262144,235564,False
optimizer.safetensors,adam.value_embeds.1.weight.m,14336,128,512,65536,7168,58355,0,262144,233484,False
optimizer.safetensors,adam.value_embeds.1.weight.m,14464,128,512,65536,2048,63480,0,262144,253984,True
optimizer.safetensors,adam.value_embeds.1.weight.m,14592,128,512,65536,4096,61428,0,262144,245776,False
optimizer.safetensors,adam.value_embeds.1.weight.m,14720,128,512,65536,4096,61410,0,262144,245704,False
optimizer.safetensors,adam.value_embeds.1.weight.m,14848,128,512,65536,3072,62450,0,262144,249864,True
optimizer.safetensors,adam.value_embeds.1.weight.m,14976,128,512,65536,3584,61941,0,262144,247828,False
optimizer.safetensors,adam.value_embeds.1.weight.m,15104,128,512,65536,5120,60402,0,262144,241672,False
optimizer.safetensors,adam.value_embeds.1.weight.m,15232,128,512,65536,6656,58866,0,262144,235528,False
optimizer.safetensors,adam.value_embeds.1.weight.m,15360,128,512,65536,9216,56312,0,262144,225312,False
optimizer.safetensors,adam.value_embeds.1.weight.m,15488,128,512,65536,7168,58352,0,262144,233472,False
optimizer.safetensors,adam.value_embeds.1.weight.m,15616,128,512,65536,7680,57849,0,262144,231460,False
optimizer.safetensors,adam.value_embeds.1.weight.m,15744,128,512,65536,5120,60406,0,262144,241688,False
optimizer.safetensors,adam.value_embeds.1.weight.m,15872,128,512,65536,6144,59381,0,262144,237588,False
optimizer.safetensors,adam.value_embeds.1.weight.m,16000,128,512,65536,4096,61429,0,262144,245780,False
optimizer.safetensors,adam.value_embeds.1.weight.m,16128,128,512,65536,6144,59377,0,262144,237572,False
optimizer.safetensors,adam.value_embeds.1.weight.m,16256,128,512,65536,5120,60402,0,262144,241672,False
optimizer.safetensors,adam.value_embeds.1.weight.m,16384,128,512,65536,6656,58868,0,262144,235536,False
optimizer.safetensors,adam.value_embeds.1.weight.m,16512,128,512,65536,3072,62455,0,262144,249884,True
optimizer.safetensors,adam.value_embeds.1.weight.m,16640,128,512,65536,8704,56818,0,262144,227336,False
optimizer.safetensors,adam.value_embeds.1.weight.m,16768,128,512,65536,7168,58356,0,262144,233488,False
optimizer.safetensors,adam.value_embeds.1.weight.m,16896,128,512,65536,5632,59892,0,262144,239632,False
optimizer.safetensors,adam.value_embeds.1.weight.m,17024,128,512,65536,6144,59378,0,262144,237576,False
optimizer.safetensors,adam.value_embeds.1.weight.m,17152,128,512,65536,5632,59893,0,262144,239636,False
optimizer.safetensors,adam.value_embeds.1.weight.m,17280,128,512,65536,5632,59885,0,262144,239604,False
optimizer.safetensors,adam.value_embeds.1.weight.m,17408,128,512,65536,7680,57846,0,262144,231448,False
optimizer.safetensors,adam.value_embeds.1.weight.m,17536,128,512,65536,7168,58350,0,262144,233464,False
optimizer.safetensors,adam.value_embeds.1.weight.m,17664,128,512,65536,4096,61425,0,262144,245764,False
optimizer.safetensors,adam.value_embeds.1.weight.m,17792,128,512,65536,7680,57844,0,262144,231440,False
optimizer.safetensors,adam.value_embeds.1.weight.m,17920,128,512,65536,7168,58359,0,262144,233500,False
optimizer.safetensors,adam.value_embeds.1.weight.m,18048,128,512,65536,6656,58870,0,262144,235544,False
optimizer.safetensors,adam.value_embeds.1.weight.m,18176,128,512,65536,5120,60401,0,262144,241668,False
optimizer.safetensors,adam.value_embeds.1.weight.m,18304,128,512,65536,7680,57845,0,262144,231444,False
optimizer.safetensors,adam.value_embeds.1.weight.m,18432,128,512,65536,4096,61428,0,262144,245776,False
optimizer.safetensors,adam.value_embeds.1.weight.m,18560,128,512,65536,8704,56820,0,262144,227344,False
optimizer.safetensors,adam.value_embeds.1.weight.m,18688,128,512,65536,8192,57329,0,262144,229380,False
optimizer.safetensors,adam.value_embeds.1.weight.m,18816,128,512,65536,9728,55799,0,262144,223260,False
optimizer.safetensors,adam.value_embeds.1.weight.m,18944,128,512,65536,7680,57840,0,262144,231424,False
optimizer.safetensors,adam.value_embeds.1.weight.m,19072,128,512,65536,6656,58872,0,262144,235552,False
optimizer.safetensors,adam.value_embeds.1.weight.m,19200,128,512,65536,5632,59899,0,262144,239660,False
optimizer.safetensors,adam.value_embeds.1.weight.m,19328,128,512,65536,5120,60401,0,262144,241668,False
optimizer.safetensors,adam.value_embeds.1.weight.m,19456,128,512,65536,9728,55796,0,262144,223248,False
optimizer.safetensors,adam.value_embeds.1.weight.m,19584,128,512,65536,7168,58356,0,262144,233488,False
optimizer.safetensors,adam.value_embeds.1.weight.m,19712,128,512,65536,7168,58351,0,262144,233468,False
optimizer.safetensors,adam.value_embeds.1.weight.m,19840,128,512,65536,11264,54263,0,262144,217116,False
optimizer.safetensors,adam.value_embeds.1.weight.m,19968,128,512,65536,8192,57335,0,262144,229404,False
optimizer.safetensors,adam.value_embeds.1.weight.m,20096,128,512,65536,6144,59382,0,262144,237592,False
optimizer.safetensors,adam.value_embeds.1.weight.m,20224,128,512,65536,7168,58356,0,262144,233488,False
optimizer.safetensors,adam.value_embeds.1.weight.m,20352,128,512,65536,11776,53755,0,262144,215084,False
optimizer.safetensors,adam.value_embeds.1.weight.m,20480,128,512,65536,5632,59889,0,262144,239620,False
optimizer.safetensors,adam.value_embeds.1.weight.m,20608,128,512,65536,6656,58859,0,262144,235500,False
optimizer.safetensors,adam.value_embeds.1.weight.m,20736,128,512,65536,6144,59382,0,262144,237592,False
optimizer.safetensors,adam.value_embeds.1.weight.m,20864,128,512,65536,8192,57336,0,262144,229408,False
optimizer.safetensors,adam.value_embeds.1.weight.m,20992,128,512,65536,7168,58361,0,262144,233508,False
optimizer.safetensors,adam.value_embeds.1.weight.m,21120,128,512,65536,11776,53749,0,262144,215060,False
optimizer.safetensors,adam.value_embeds.1.weight.m,21248,128,512,65536,7680,57847,0,262144,231452,False
optimizer.safetensors,adam.value_embeds.1.weight.m,21376,128,512,65536,10752,54771,0,262144,219148,False
optimizer.safetensors,adam.value_embeds.1.weight.m,21504,128,512,65536,8192,57326,0,262144,229368,False
optimizer.safetensors,adam.value_embeds.1.weight.m,21632,128,512,65536,10240,55282,0,262144,221192,False
optimizer.safetensors,adam.value_embeds.1.weight.m,21760,128,512,65536,10240,55284,0,262144,221200,False
optimizer.safetensors,adam.value_embeds.1.weight.m,21888,128,512,65536,4608,60916,0,262144,243728,False
optimizer.safetensors,adam.value_embeds.1.weight.m,22016,128,512,65536,8192,57334,0,262144,229400,False
optimizer.safetensors,adam.value_embeds.1.weight.m,22144,128,512,65536,6144,59379,0,262144,237580,False
optimizer.safetensors,adam.value_embeds.1.weight.m,22272,128,512,65536,11264,54263,0,262144,217116,False
optimizer.safetensors,adam.value_embeds.1.weight.m,22400,128,512,65536,12800,52727,0,262144,210972,False
optimizer.safetensors,adam.value_embeds.1.weight.m,22528,128,512,65536,9728,55800,0,262144,223264,False
optimizer.safetensors,adam.value_embeds.1.weight.m,22656,128,512,65536,7168,58361,0,262144,233508,False
optimizer.safetensors,adam.value_embeds.1.weight.m,22784,128,512,65536,8192,57334,0,262144,229400,False
optimizer.safetensors,adam.value_embeds.1.weight.m,22912,128,512,65536,7680,57840,0,262144,231424,False
optimizer.safetensors,adam.value_embeds.1.weight.m,23040,128,512,65536,7680,57846,0,262144,231448,False
optimizer.safetensors,adam.value_embeds.1.weight.m,23168,128,512,65536,11776,53745,0,262144,215044,False
optimizer.safetensors,adam.value_embeds.1.weight.m,23296,128,512,65536,13824,51701,0,262144,206868,False
optimizer.safetensors,adam.value_embeds.1.weight.m,23424,128,512,65536,7168,58357,0,262144,233492,False
optimizer.safetensors,adam.value_embeds.1.weight.m,23552,128,512,65536,14336,51191,0,262144,204828,False
optimizer.safetensors,adam.value_embeds.1.weight.m,23680,128,512,65536,12800,52727,0,262144,210972,False
optimizer.safetensors,adam.value_embeds.1.weight.m,23808,128,512,65536,14848,50676,0,262144,202768,False
optimizer.safetensors,adam.value_embeds.1.weight.m,23936,128,512,65536,10752,54777,0,262144,219172,False
optimizer.safetensors,adam.value_embeds.1.weight.m,24064,128,512,65536,12800,52726,0,262144,210968,False
optimizer.safetensors,adam.value_embeds.1.weight.m,24192,128,512,65536,8704,56822,0,262144,227352,False
optimizer.safetensors,adam.value_embeds.1.weight.m,24320,128,512,65536,8192,57333,0,262144,229396,False
optimizer.safetensors,adam.value_embeds.1.weight.m,24448,128,512,65536,7680,57847,0,262144,231452,False
optimizer.safetensors,adam.value_embeds.1.weight.m,24576,128,512,65536,11264,54257,0,262144,217092,False
optimizer.safetensors,adam.value_embeds.1.weight.m,24704,128,512,65536,16896,48633,0,262144,194596,False
optimizer.safetensors,adam.value_embeds.1.weight.m,24832,128,512,65536,10240,55282,0,262144,221192,False
optimizer.safetensors,adam.value_embeds.1.weight.m,24960,128,512,65536,15360,50164,0,262144,200720,False
optimizer.safetensors,adam.value_embeds.1.weight.m,25088,128,512,65536,14848,50680,0,262144,202784,False
optimizer.safetensors,adam.value_embeds.1.weight.m,25216,128,512,65536,10240,55284,0,262144,221200,False
optimizer.safetensors,adam.value_embeds.1.weight.m,25344,128,512,65536,12288,53236,0,262144,213008,False
optimizer.safetensors,adam.value_embeds.1.weight.m,25472,128,512,65536,15360,50164,0,262144,200720,False
optimizer.safetensors,adam.value_embeds.1.weight.m,25600,128,512,65536,11776,53757,0,262144,215092,False
optimizer.safetensors,adam.value_embeds.1.weight.m,25728,128,512,65536,13312,52210,0,262144,208904,False
optimizer.safetensors,adam.value_embeds.1.weight.m,25856,128,512,65536,10240,55286,0,262144,221208,False
optimizer.safetensors,adam.value_embeds.1.weight.m,25984,128,512,65536,10240,55279,0,262144,221180,False
optimizer.safetensors,adam.value_embeds.1.weight.m,26112,128,512,65536,12288,53237,0,262144,213012,False
optimizer.safetensors,adam.value_embeds.1.weight.m,26240,128,512,65536,14336,51191,0,262144,204828,False
optimizer.safetensors,adam.value_embeds.1.weight.m,26368,128,512,65536,12800,52723,0,262144,210956,False
optimizer.safetensors,adam.value_embeds.1.weight.m,26496,128,512,65536,12800,52729,0,262144,210980,False
optimizer.safetensors,adam.value_embeds.1.weight.m,26624,128,512,65536,14336,51191,0,262144,204828,False
optimizer.safetensors,adam.value_embeds.1.weight.m,26752,128,512,65536,10752,54773,0,262144,219156,False
optimizer.safetensors,adam.value_embeds.1.weight.m,26880,128,512,65536,10240,55284,0,262144,221200,False
optimizer.safetensors,adam.value_embeds.1.weight.m,27008,128,512,65536,10752,54772,0,262144,219152,False
optimizer.safetensors,adam.value_embeds.1.weight.m,27136,128,512,65536,14336,51185,0,262144,204804,False
optimizer.safetensors,adam.value_embeds.1.weight.m,27264,128,512,65536,13312,52210,0,262144,208904,False
optimizer.safetensors,adam.value_embeds.1.weight.m,27392,128,512,65536,17920,47608,0,262144,190496,False
optimizer.safetensors,adam.value_embeds.1.weight.m,27520,128,512,65536,15360,50167,0,262144,200732,False
optimizer.safetensors,adam.value_embeds.1.weight.m,27648,128,512,65536,11776,53753,0,262144,215076,False
optimizer.safetensors,adam.value_embeds.1.weight.m,27776,128,512,65536,14848,50681,0,262144,202788,False
optimizer.safetensors,adam.value_embeds.1.weight.m,27904,128,512,65536,16384,49144,0,262144,196640,False
optimizer.safetensors,adam.value_embeds.1.weight.m,28032,128,512,65536,13312,52205,0,262144,208884,False
optimizer.safetensors,adam.value_embeds.1.weight.m,28160,128,512,65536,12800,52723,0,262144,210956,False
optimizer.safetensors,adam.value_embeds.1.weight.m,28288,128,512,65536,15360,50167,0,262144,200732,False
optimizer.safetensors,adam.value_embeds.1.weight.m,28416,128,512,65536,15872,49657,0,262144,198692,False
optimizer.safetensors,adam.value_embeds.1.weight.m,28544,128,512,65536,13312,52212,0,262144,208912,False
optimizer.safetensors,adam.value_embeds.1.weight.m,28672,128,512,65536,10240,55289,0,262144,221220,False
optimizer.safetensors,adam.value_embeds.1.weight.m,28800,128,512,65536,18432,47098,0,262144,188456,False
optimizer.safetensors,adam.value_embeds.1.weight.m,28928,128,512,65536,16896,48636,0,262144,194608,False
optimizer.safetensors,adam.value_embeds.1.weight.m,29056,128,512,65536,19968,45560,0,262144,182304,False
optimizer.safetensors,adam.value_embeds.1.weight.m,29184,128,512,65536,14336,51188,0,262144,204816,False
optimizer.safetensors,adam.value_embeds.1.weight.m,29312,128,512,65536,17408,48120,0,262144,192544,False
optimizer.safetensors,adam.value_embeds.1.weight.m,29440,128,512,65536,13824,51706,0,262144,206888,False
optimizer.safetensors,adam.value_embeds.1.weight.m,29568,128,512,65536,14848,50679,0,262144,202780,False
optimizer.safetensors,adam.value_embeds.1.weight.m,29696,128,512,65536,19968,45562,0,262144,182312,False
optimizer.safetensors,adam.value_embeds.1.weight.m,29824,128,512,65536,12800,52730,0,262144,210984,False
optimizer.safetensors,adam.value_embeds.1.weight.m,29952,128,512,65536,14848,50680,0,262144,202784,False
optimizer.safetensors,adam.value_embeds.1.weight.m,30080,128,512,65536,18432,47097,0,262144,188452,False
optimizer.safetensors,adam.value_embeds.1.weight.m,30208,128,512,65536,15360,50167,0,262144,200732,False
optimizer.safetensors,adam.value_embeds.1.weight.m,30336,128,512,65536,15360,50166,0,262144,200728,False
optimizer.safetensors,adam.value_embeds.1.weight.m,30464,128,512,65536,16896,48631,0,262144,194588,False
optimizer.safetensors,adam.value_embeds.1.weight.m,30592,128,512,65536,17920,47609,0,262144,190500,False
optimizer.safetensors,adam.value_embeds.1.weight.m,30720,128,512,65536,12800,52720,0,262144,210944,False
optimizer.safetensors,adam.value_embeds.1.weight.m,30848,128,512,65536,13824,51702,0,262144,206872,False
optimizer.safetensors,adam.value_embeds.1.weight.m,30976,128,512,65536,19968,45561,0,262144,182308,False
optimizer.safetensors,adam.value_embeds.1.weight.m,31104,128,512,65536,18432,47096,0,262144,188448,False
optimizer.safetensors,adam.value_embeds.1.weight.m,31232,128,512,65536,19456,46070,0,262144,184344,False
optimizer.safetensors,adam.value_embeds.1.weight.m,31360,128,512,65536,14336,51188,0,262144,204816,False
optimizer.safetensors,adam.value_embeds.1.weight.m,31488,128,512,65536,15872,49656,0,262144,198688,False
optimizer.safetensors,adam.value_embeds.1.weight.m,31616,128,512,65536,21504,44025,0,262144,176164,False
optimizer.safetensors,adam.value_embeds.1.weight.m,31744,128,512,65536,15360,50163,0,262144,200716,False
optimizer.safetensors,adam.value_embeds.1.weight.m,31872,128,512,65536,15360,50169,0,262144,200740,False
optimizer.safetensors,adam.value_embeds.1.weight.m,32000,128,512,65536,15872,49654,0,262144,198680,False
optimizer.safetensors,adam.value_embeds.1.weight.m,32128,128,512,65536,16896,48628,0,262144,194576,False
optimizer.safetensors,adam.value_embeds.1.weight.m,32256,128,512,65536,18944,46586,0,262144,186408,False
optimizer.safetensors,adam.value_embeds.1.weight.m,32384,128,512,65536,14848,50681,0,262144,202788,False
optimizer.safetensors,adam.value_embeds.1.weight.m,32512,128,512,65536,22528,42997,0,262144,172052,False
optimizer.safetensors,adam.value_embeds.1.weight.m,32640,128,512,65536,23040,42488,0,262144,170016,False
optimizer.safetensors,adam.value_embeds.1.weight.v,0,128,512,65536,17408,48112,0,262144,192512,False
optimizer.safetensors,adam.value_embeds.1.weight.v,128,128,512,65536,21504,44016,0,262144,176128,False
optimizer.safetensors,adam.value_embeds.1.weight.v,256,128,512,65536,512,65001,0,262144,260068,True
optimizer.safetensors,adam.value_embeds.1.weight.v,384,128,512,65536,0,65518,0,262144,262136,True
optimizer.safetensors,adam.value_embeds.1.weight.v,512,128,512,65536,0,65521,0,262144,262148,True
optimizer.safetensors,adam.value_embeds.1.weight.v,640,128,512,65536,1536,63981,0,262144,255988,True
optimizer.safetensors,adam.value_embeds.1.weight.v,768,128,512,65536,2048,63469,0,262144,253940,True
optimizer.safetensors,adam.value_embeds.1.weight.v,896,128,512,65536,3072,62444,0,262144,249840,True
optimizer.safetensors,adam.value_embeds.1.weight.v,1024,128,512,65536,1536,63977,0,262144,255972,True
optimizer.safetensors,adam.value_embeds.1.weight.v,1152,128,512,65536,1024,64493,0,262144,258036,True
optimizer.safetensors,adam.value_embeds.1.weight.v,1280,128,512,65536,2560,62956,0,262144,251888,True
optimizer.safetensors,adam.value_embeds.1.weight.v,1408,128,512,65536,5632,59887,0,262144,239612,False
optimizer.safetensors,adam.value_embeds.1.weight.v,1536,128,512,65536,1024,64483,0,262144,257996,True
optimizer.safetensors,adam.value_embeds.1.weight.v,1664,128,512,65536,3584,61933,0,262144,247796,False
optimizer.safetensors,adam.value_embeds.1.weight.v,1792,128,512,65536,2560,62955,0,262144,251884,True
optimizer.safetensors,adam.value_embeds.1.weight.v,1920,128,512,65536,2048,63451,0,262144,253868,True
optimizer.safetensors,adam.value_embeds.1.weight.v,2048,128,512,65536,3072,62441,0,262144,249828,True
optimizer.safetensors,adam.value_embeds.1.weight.v,2176,128,512,65536,3584,61933,0,262144,247796,False
optimizer.safetensors,adam.value_embeds.1.weight.v,2304,128,512,65536,3072,62433,0,262144,249796,True
optimizer.safetensors,adam.value_embeds.1.weight.v,2432,128,512,65536,3584,61929,0,262144,247780,False
optimizer.safetensors,adam.value_embeds.1.weight.v,2560,128,512,65536,4096,61421,0,262144,245748,False
optimizer.safetensors,adam.value_embeds.1.weight.v,2688,128,512,65536,2048,63458,0,262144,253896,True
optimizer.safetensors,adam.value_embeds.1.weight.v,2816,128,512,65536,4096,61414,0,262144,245720,False
optimizer.safetensors,adam.value_embeds.1.weight.v,2944,128,512,65536,4608,60912,0,262144,243712,False
optimizer.safetensors,adam.value_embeds.1.weight.v,3072,128,512,65536,2560,62961,0,262144,251908,True
optimizer.safetensors,adam.value_embeds.1.weight.v,3200,128,512,65536,2560,62953,0,262144,251876,True
optimizer.safetensors,adam.value_embeds.1.weight.v,3328,128,512,65536,2048,63462,0,262144,253912,True
optimizer.safetensors,adam.value_embeds.1.weight.v,3456,128,512,65536,5120,60392,0,262144,241632,False
optimizer.safetensors,adam.value_embeds.1.weight.v,3584,128,512,65536,3072,62429,0,262144,249780,True
optimizer.safetensors,adam.value_embeds.1.weight.v,3712,128,512,65536,7168,58346,0,262144,233448,False
optimizer.safetensors,adam.value_embeds.1.weight.v,3840,128,512,65536,1536,63976,0,262144,255968,True
optimizer.safetensors,adam.value_embeds.1.weight.v,3968,128,512,65536,3584,61923,0,262144,247756,False
optimizer.safetensors,adam.value_embeds.1.weight.v,4096,128,512,65536,2560,62946,0,262144,251848,True
optimizer.safetensors,adam.value_embeds.1.weight.v,4224,128,512,65536,2048,63464,0,262144,253920,True
optimizer.safetensors,adam.value_embeds.1.weight.v,4352,128,512,65536,3072,62435,0,262144,249804,True
optimizer.safetensors,adam.value_embeds.1.weight.v,4480,128,512,65536,4096,61414,0,262144,245720,False
optimizer.safetensors,adam.value_embeds.1.weight.v,4608,128,512,65536,2560,62948,0,262144,251856,True
optimizer.safetensors,adam.value_embeds.1.weight.v,4736,128,512,65536,2560,62956,0,262144,251888,True
optimizer.safetensors,adam.value_embeds.1.weight.v,4864,128,512,65536,3072,62433,0,262144,249796,True
optimizer.safetensors,adam.value_embeds.1.weight.v,4992,128,512,65536,3072,62446,0,262144,249848,True
optimizer.safetensors,adam.value_embeds.1.weight.v,5120,128,512,65536,2560,62948,0,262144,251856,True
optimizer.safetensors,adam.value_embeds.1.weight.v,5248,128,512,65536,4096,61420,0,262144,245744,False
optimizer.safetensors,adam.value_embeds.1.weight.v,5376,128,512,65536,2048,63463,0,262144,253916,True
optimizer.safetensors,adam.value_embeds.1.weight.v,5504,128,512,65536,5632,59886,0,262144,239608,False
optimizer.safetensors,adam.value_embeds.1.weight.v,5632,128,512,65536,4608,60901,0,262144,243668,False
optimizer.safetensors,adam.value_embeds.1.weight.v,5760,128,512,65536,5632,59882,0,262144,239592,False
optimizer.safetensors,adam.value_embeds.1.weight.v,5888,128,512,65536,4096,61417,0,262144,245732,False
optimizer.safetensors,adam.value_embeds.1.weight.v,6016,128,512,65536,2048,63456,0,262144,253888,True
optimizer.safetensors,adam.value_embeds.1.weight.v,6144,128,512,65536,3072,62447,0,262144,249852,True
optimizer.safetensors,adam.value_embeds.1.weight.v,6272,128,512,65536,3584,61922,0,262144,247752,False
optimizer.safetensors,adam.value_embeds.1.weight.v,6400,128,512,65536,4608,60911,0,262144,243708,False
optimizer.safetensors,adam.value_embeds.1.weight.v,6528,128,512,65536,4608,60899,0,262144,243660,False
optimizer.safetensors,adam.value_embeds.1.weight.v,6656,128,512,65536,4608,60901,0,262144,243668,False
optimizer.safetensors,adam.value_embeds.1.weight.v,6784,128,512,65536,3584,61922,0,262144,247752,False
optimizer.safetensors,adam.value_embeds.1.weight.v,6912,128,512,65536,4608,60903,0,262144,243676,False
optimizer.safetensors,adam.value_embeds.1.weight.v,7040,128,512,65536,4096,61414,0,262144,245720,False
optimizer.safetensors,adam.value_embeds.1.weight.v,7168,128,512,65536,4096,61408,0,262144,245696,False
optimizer.safetensors,adam.value_embeds.1.weight.v,7296,128,512,65536,5120,60391,0,262144,241628,False
optimizer.safetensors,adam.value_embeds.1.weight.v,7424,128,512,65536,4096,61405,0,262144,245684,False
optimizer.safetensors,adam.value_embeds.1.weight.v,7552,128,512,65536,5120,60383,0,262144,241596,False
optimizer.safetensors,adam.value_embeds.1.weight.v,7680,128,512,65536,3584,61927,0,262144,247772,False
optimizer.safetensors,adam.value_embeds.1.weight.v,7808,128,512,65536,3072,62436,0,262144,249808,True
optimizer.safetensors,adam.value_embeds.1.weight.v,7936,128,512,65536,4096,61405,0,262144,245684,False
optimizer.safetensors,adam.value_embeds.1.weight.v,8064,128,512,65536,4096,61413,0,262144,245716,False
optimizer.safetensors,adam.value_embeds.1.weight.v,8192,128,512,65536,3072,62435,0,262144,249804,True
optimizer.safetensors,adam.value_embeds.1.weight.v,8320,128,512,65536,3584,61921,0,262144,247748,False
optimizer.safetensors,adam.value_embeds.1.weight.v,8448,128,512,65536,2048,63467,0,262144,253932,True
optimizer.safetensors,adam.value_embeds.1.weight.v,8576,128,512,65536,7168,58328,0,262144,233376,False
optimizer.safetensors,adam.value_embeds.1.weight.v,8704,128,512,65536,4096,61416,0,262144,245728,False
optimizer.safetensors,adam.value_embeds.1.weight.v,8832,128,512,65536,4096,61407,0,262144,245692,False
optimizer.safetensors,adam.value_embeds.1.weight.v,8960,128,512,65536,6144,59372,0,262144,237552,False
optimizer.safetensors,adam.value_embeds.1.weight.v,9088,128,512,65536,3072,62441,0,262144,249828,True
optimizer.safetensors,adam.value_embeds.1.weight.v,9216,128,512,65536,3584,61920,0,262144,247744,False
optimizer.safetensors,adam.value_embeds.1.weight.v,9344,128,512,65536,4096,61405,0,262144,245684,False
optimizer.safetensors,adam.value_embeds.1.weight.v,9472,128,512,65536,5120,60385,0,262144,241604,False
optimizer.safetensors,adam.value_embeds.1.weight.v,9600,128,512,65536,2048,63457,0,262144,253892,True
optimizer.safetensors,adam.value_embeds.1.weight.v,9728,128,512,65536,4096,61411,0,262144,245708,False
optimizer.safetensors,adam.value_embeds.1.weight.v,9856,128,512,65536,4096,61409,0,262144,245700,False
optimizer.safetensors,adam.value_embeds.1.weight.v,9984,128,512,65536,3584,61930,0,262144,247784,False
optimizer.safetensors,adam.value_embeds.1.weight.v,10112,128,512,65536,6144,59368,0,262144,237536,False
optimizer.safetensors,adam.value_embeds.1.weight.v,10240,128,512,65536,4096,61413,0,262144,245716,False
optimizer.safetensors,adam.value_embeds.1.weight.v,10368,128,512,65536,4096,61414,0,262144,245720,False
optimizer.safetensors,adam.value_embeds.1.weight.v,10496,128,512,65536,6144,59355,0,262144,237484,False
optimizer.safetensors,adam.value_embeds.1.weight.v,10624,128,512,65536,5632,59874,0,262144,239560,False
optimizer.safetensors,adam.value_embeds.1.weight.v,10752,128,512,65536,3072,62438,0,262144,249816,True
optimizer.safetensors,adam.value_embeds.1.weight.v,10880,128,512,65536,2560,62947,0,262144,251852,True
optimizer.safetensors,adam.value_embeds.1.weight.v,11008,128,512,65536,2560,62949,0,262144,251860,True
optimizer.safetensors,adam.value_embeds.1.weight.v,11136,128,512,65536,5632,59887,0,262144,239612,False
optimizer.safetensors,adam.value_embeds.1.weight.v,11264,128,512,65536,3584,61908,0,262144,247696,False
optimizer.safetensors,adam.value_embeds.1.weight.v,11392,128,512,65536,3584,61919,0,262144,247740,False
optimizer.safetensors,adam.value_embeds.1.weight.v,11520,128,512,65536,7680,57818,0,262144,231336,False
optimizer.safetensors,adam.value_embeds.1.weight.v,11648,128,512,65536,6144,59364,0,262144,237520,False
optimizer.safetensors,adam.value_embeds.1.weight.v,11776,128,512,65536,6144,59363,0,262144,237516,False
optimizer.safetensors,adam.value_embeds.1.weight.v,11904,128,512,65536,5632,59867,0,262144,239532,False
optimizer.safetensors,adam.value_embeds.1.weight.v,12032,128,512,65536,6144,59355,0,262144,237484,False
optimizer.safetensors,adam.value_embeds.1.weight.v,12160,128,512,65536,3584,61920,0,262144,247744,False
optimizer.safetensors,adam.value_embeds.1.weight.v,12288,128,512,65536,4608,60883,0,262144,243596,False
optimizer.safetensors,adam.value_embeds.1.weight.v,12416,128,512,65536,3072,62436,0,262144,249808,True
optimizer.safetensors,adam.value_embeds.1.weight.v,12544,128,512,65536,5632,59877,0,262144,239572,False
optimizer.safetensors,adam.value_embeds.1.weight.v,12672,128,512,65536,6144,59354,0,262144,237480,False
optimizer.safetensors,adam.value_embeds.1.weight.v,12800,128,512,65536,6144,59366,0,262144,237528,False
optimizer.safetensors,adam.value_embeds.1.weight.v,12928,128,512,65536,5632,59874,0,262144,239560,False
optimizer.safetensors,adam.value_embeds.1.weight.v,13056,128,512,65536,5632,59874,0,262144,239560,False
optimizer.safetensors,adam.value_embeds.1.weight.v,13184,128,512,65536,4096,61407,0,262144,245692,False
optimizer.safetensors,adam.value_embeds.1.weight.v,13312,128,512,65536,5632,59873,0,262144,239556,False
optimizer.safetensors,adam.value_embeds.1.weight.v,13440,128,512,65536,5632,59873,0,262144,239556,False
optimizer.safetensors,adam.value_embeds.1.weight.v,13568,128,512,65536,7168,58338,0,262144,233416,False
optimizer.safetensors,adam.value_embeds.1.weight.v,13696,128,512,65536,4096,61399,0,262144,245660,False
optimizer.safetensors,adam.value_embeds.1.weight.v,13824,128,512,65536,5632,59869,0,262144,239540,False
optimizer.safetensors,adam.value_embeds.1.weight.v,13952,128,512,65536,4096,61413,0,262144,245716,False
optimizer.safetensors,adam.value_embeds.1.weight.v,14080,128,512,65536,9728,55773,0,262144,223156,False
optimizer.safetensors,adam.value_embeds.1.weight.v,14208,128,512,65536,6656,58849,0,262144,235460,False
optimizer.safetensors,adam.value_embeds.1.weight.v,14336,128,512,65536,7168,58343,0,262144,233436,False
optimizer.safetensors,adam.value_embeds.1.weight.v,14464,128,512,65536,2048,63451,0,262144,253868,True
optimizer.safetensors,adam.value_embeds.1.weight.v,14592,128,512,65536,4096,61399,0,262144,245660,False
optimizer.safetensors,adam.value_embeds.1.weight.v,14720,128,512,65536,4096,61415,0,262144,245724,False
optimizer.safetensors,adam.value_embeds.1.weight.v,14848,128,512,65536,3072,62430,0,262144,249784,True
optimizer.safetensors,adam.value_embeds.1.weight.v,14976,128,512,65536,3584,61923,0,262144,247756,False
optimizer.safetensors,adam.value_embeds.1.weight.v,15104,128,512,65536,5120,60387,0,262144,241612,False
optimizer.safetensors,adam.value_embeds.1.weight.v,15232,128,512,65536,6656,58849,0,262144,235460,False
optimizer.safetensors,adam.value_embeds.1.weight.v,15360,128,512,65536,9216,56298,0,262144,225256,False
optimizer.safetensors,adam.value_embeds.1.weight.v,15488,128,512,65536,7168,58332,0,262144,233392,False
optimizer.safetensors,adam.value_embeds.1.weight.v,15616,128,512,65536,7680,57826,0,262144,231368,False
optimizer.safetensors,adam.value_embeds.1.weight.v,15744,128,512,65536,5120,60389,0,262144,241620,False
optimizer.safetensors,adam.value_embeds.1.weight.v,15872,128,512,65536,6144,59368,0,262144,237536,False
optimizer.safetensors,adam.value_embeds.1.weight.v,16000,128,512,65536,4096,61403,0,262144,245676,False
optimizer.safetensors,adam.value_embeds.1.weight.v,16128,128,512,65536,6144,59362,0,262144,237512,False
optimizer.safetensors,adam.value_embeds.1.weight.v,16256,128,512,65536,5120,60387,0,262144,241612,False
optimizer.safetensors,adam.value_embeds.1.weight.v,16384,128,512,65536,6656,58846,0,262144,235448,False
optimizer.safetensors,adam.value_embeds.1.weight.v,16512,128,512,65536,3072,62421,0,262144,249748,True
optimizer.safetensors,adam.value_embeds.1.weight.v,16640,128,512,65536,8704,56803,0,262144,227276,False
optimizer.safetensors,adam.value_embeds.1.weight.v,16768,128,512,65536,7168,58336,0,262144,233408,False
optimizer.safetensors,adam.value_embeds.1.weight.v,16896,128,512,65536,5632,59870,0,262144,239544,False
optimizer.safetensors,adam.value_embeds.1.weight.v,17024,128,512,65536,6144,59357,0,262144,237492,False
optimizer.safetensors,adam.value_embeds.1.weight.v,17152,128,512,65536,5632,59875,0,262144,239564,False
optimizer.safetensors,adam.value_embeds.1.weight.v,17280,128,512,65536,5632,59873,0,262144,239556,False
optimizer.safetensors,adam.value_embeds.1.weight.v,17408,128,512,65536,7680,57829,0,262144,231380,False
optimizer.safetensors,adam.value_embeds.1.weight.v,17536,128,512,65536,7168,58341,0,262144,233428,False
optimizer.safetensors,adam.value_embeds.1.weight.v,17664,128,512,65536,4096,61404,0,262144,245680,False
optimizer.safetensors,adam.value_embeds.1.weight.v,17792,128,512,65536,7680,57825,0,262144,231364,False
optimizer.safetensors,adam.value_embeds.1.weight.v,17920,128,512,65536,7168,58333,0,262144,233396,False
optimizer.safetensors,adam.value_embeds.1.weight.v,18048,128,512,65536,6656,58851,0,262144,235468,False
optimizer.safetensors,adam.value_embeds.1.weight.v,18176,128,512,65536,5120,60388,0,262144,241616,False
optimizer.safetensors,adam.value_embeds.1.weight.v,18304,128,512,65536,7680,57831,0,262144,231388,False
optimizer.safetensors,adam.value_embeds.1.weight.v,18432,128,512,65536,4096,61406,0,262144,245688,False
optimizer.safetensors,adam.value_embeds.1.weight.v,18560,128,512,65536,8704,56801,0,262144,227268,False
optimizer.safetensors,adam.value_embeds.1.weight.v,18688,128,512,65536,8192,57314,0,262144,229320,False
optimizer.safetensors,adam.value_embeds.1.weight.v,18816,128,512,65536,9728,55782,0,262144,223192,False
optimizer.safetensors,adam.value_embeds.1.weight.v,18944,128,512,65536,7680,57819,0,262144,231340,False
optimizer.safetensors,adam.value_embeds.1.weight.v,19072,128,512,65536,6656,58840,0,262144,235424,False
optimizer.safetensors,adam.value_embeds.1.weight.v,19200,128,512,65536,5632,59861,0,262144,239508,False
optimizer.safetensors,adam.value_embeds.1.weight.v,19328,128,512,65536,5120,60360,0,262144,241504,False
optimizer.safetensors,adam.value_embeds.1.weight.v,19456,128,512,65536,9728,55772,0,262144,223152,False
optimizer.safetensors,adam.value_embeds.1.weight.v,19584,128,512,65536,7168,58342,0,262144,233432,False
optimizer.safetensors,adam.value_embeds.1.weight.v,19712,128,512,65536,7168,58330,0,262144,233384,False
optimizer.safetensors,adam.value_embeds.1.weight.v,19840,128,512,65536,11264,54245,0,262144,217044,False
optimizer.safetensors,adam.value_embeds.1.weight.v,19968,128,512,65536,8192,57318,0,262144,229336,False
optimizer.safetensors,adam.value_embeds.1.weight.v,20096,128,512,65536,6144,59355,0,262144,237484,False
optimizer.safetensors,adam.value_embeds.1.weight.v,20224,128,512,65536,7168,58346,0,262144,233448,False
optimizer.safetensors,adam.value_embeds.1.weight.v,20352,128,512,65536,11776,53733,0,262144,214996,False
optimizer.safetensors,adam.value_embeds.1.weight.v,20480,128,512,65536,5632,59873,0,262144,239556,False
optimizer.safetensors,adam.value_embeds.1.weight.v,20608,128,512,65536,6656,58849,0,262144,235460,False
optimizer.safetensors,adam.value_embeds.1.weight.v,20736,128,512,65536,6144,59365,0,262144,237524,False
optimizer.safetensors,adam.value_embeds.1.weight.v,20864,128,512,65536,8192,57314,0,262144,229320,False
optimizer.safetensors,adam.value_embeds.1.weight.v,20992,128,512,65536,7168,58339,0,262144,233420,False
optimizer.safetensors,adam.value_embeds.1.weight.v,21120,128,512,65536,11776,53732,0,262144,214992,False
optimizer.safetensors,adam.value_embeds.1.weight.v,21248,128,512,65536,7680,57831,0,262144,231388,False
optimizer.safetensors,adam.value_embeds.1.weight.v,21376,128,512,65536,10752,54749,0,262144,219060,False
optimizer.safetensors,adam.value_embeds.1.weight.v,21504,128,512,65536,8192,57321,0,262144,229348,False
optimizer.safetensors,adam.value_embeds.1.weight.v,21632,128,512,65536,10240,55262,0,262144,221112,False
optimizer.safetensors,adam.value_embeds.1.weight.v,21760,128,512,65536,10240,55264,0,262144,221120,False
optimizer.safetensors,adam.value_embeds.1.weight.v,21888,128,512,65536,4608,60884,0,262144,243600,False
optimizer.safetensors,adam.value_embeds.1.weight.v,22016,128,512,65536,8192,57308,0,262144,229296,False
optimizer.safetensors,adam.value_embeds.1.weight.v,22144,128,512,65536,6144,59358,0,262144,237496,False
optimizer.safetensors,adam.value_embeds.1.weight.v,22272,128,512,65536,11264,54239,0,262144,217020,False
optimizer.safetensors,adam.value_embeds.1.weight.v,22400,128,512,65536,12800,52712,0,262144,210912,False
optimizer.safetensors,adam.value_embeds.1.weight.v,22528,128,512,65536,9728,55776,0,262144,223168,False
optimizer.safetensors,adam.value_embeds.1.weight.v,22656,128,512,65536,7168,58335,0,262144,233404,False
optimizer.safetensors,adam.value_embeds.1.weight.v,22784,128,512,65536,8192,57311,0,262144,229308,False
optimizer.safetensors,adam.value_embeds.1.weight.v,22912,128,512,65536,7680,57828,0,262144,231376,False
optimizer.safetensors,adam.value_embeds.1.weight.v,23040,128,512,65536,7680,57827,0,262144,231372,False
optimizer.safetensors,adam.value_embeds.1.weight.v,23168,128,512,65536,11776,53735,0,262144,215004,False
optimizer.safetensors,adam.value_embeds.1.weight.v,23296,128,512,65536,13824,51691,0,262144,206828,False
optimizer.safetensors,adam.value_embeds.1.weight.v,23424,128,512,65536,7168,58339,0,262144,233420,False
optimizer.safetensors,adam.value_embeds.1.weight.v,23552,128,512,65536,14336,51179,0,262144,204780,False
optimizer.safetensors,adam.value_embeds.1.weight.v,23680,128,512,65536,12800,52703,0,262144,210876,False
optimizer.safetensors,adam.value_embeds.1.weight.v,23808,128,512,65536,14848,50667,0,262144,202732,False
optimizer.safetensors,adam.value_embeds.1.weight.v,23936,128,512,65536,10752,54751,0,262144,219068,False
optimizer.safetensors,adam.value_embeds.1.weight.v,24064,128,512,65536,12800,52707,0,262144,210892,False
optimizer.safetensors,adam.value_embeds.1.weight.v,24192,128,512,65536,8704,56808,0,262144,227296,False
optimizer.safetensors,adam.value_embeds.1.weight.v,24320,128,512,65536,8192,57312,0,262144,229312,False
optimizer.safetensors,adam.value_embeds.1.weight.v,24448,128,512,65536,7680,57823,0,262144,231356,False
optimizer.safetensors,adam.value_embeds.1.weight.v,24576,128,512,65536,11264,54252,0,262144,217072,False
optimizer.safetensors,adam.value_embeds.1.weight.v,24704,128,512,65536,16896,48624,0,262144,194560,False
optimizer.safetensors,adam.value_embeds.1.weight.v,24832,128,512,65536,10240,55264,0,262144,221120,False
optimizer.safetensors,adam.value_embeds.1.weight.v,24960,128,512,65536,15360,50157,0,262144,200692,False
optimizer.safetensors,adam.value_embeds.1.weight.v,25088,128,512,65536,14848,50666,0,262144,202728,False
optimizer.safetensors,adam.value_embeds.1.weight.v,25216,128,512,65536,10240,55267,0,262144,221132,False
optimizer.safetensors,adam.value_embeds.1.weight.v,25344,128,512,65536,12288,53211,0,262144,212908,False
optimizer.safetensors,adam.value_embeds.1.weight.v,25472,128,512,65536,15360,50158,0,262144,200696,False
optimizer.safetensors,adam.value_embeds.1.weight.v,25600,128,512,65536,11776,53730,0,262144,214984,False
optimizer.safetensors,adam.value_embeds.1.weight.v,25728,128,512,65536,13312,52204,0,262144,208880,False
optimizer.safetensors,adam.value_embeds.1.weight.v,25856,128,512,65536,10240,55267,0,262144,221132,False
optimizer.safetensors,adam.value_embeds.1.weight.v,25984,128,512,65536,10240,55267,0,262144,221132,False
optimizer.safetensors,adam.value_embeds.1.weight.v,26112,128,512,65536,12288,53221,0,262144,212948,False
optimizer.safetensors,adam.value_embeds.1.weight.v,26240,128,512,65536,14336,51162,0,262144,204712,False
optimizer.safetensors,adam.value_embeds.1.weight.v,26368,128,512,65536,12800,52712,0,262144,210912,False
optimizer.safetensors,adam.value_embeds.1.weight.v,26496,128,512,65536,12800,52714,0,262144,210920,False
optimizer.safetensors,adam.value_embeds.1.weight.v,26624,128,512,65536,14336,51181,0,262144,204788,False
optimizer.safetensors,adam.value_embeds.1.weight.v,26752,128,512,65536,10752,54754,0,262144,219080,False
optimizer.safetensors,adam.value_embeds.1.weight.v,26880,128,512,65536,10240,55263,0,262144,221116,False
optimizer.safetensors,adam.value_embeds.1.weight.v,27008,128,512,65536,10752,54756,0,262144,219088,False
optimizer.safetensors,adam.value_embeds.1.weight.v,27136,128,512,65536,14336,51176,0,262144,204768,False
optimizer.safetensors,adam.value_embeds.1.weight.v,27264,128,512,65536,13312,52198,0,262144,208856,False
optimizer.safetensors,adam.value_embeds.1.weight.v,27392,128,512,65536,17920,47592,0,262144,190432,False
optimizer.safetensors,adam.value_embeds.1.weight.v,27520,128,512,65536,15360,50142,0,262144,200632,False
optimizer.safetensors,adam.value_embeds.1.weight.v,27648,128,512,65536,11776,53739,0,262144,215020,False
optimizer.safetensors,adam.value_embeds.1.weight.v,27776,128,512,65536,14848,50659,0,262144,202700,False
optimizer.safetensors,adam.value_embeds.1.weight.v,27904,128,512,65536,16384,49127,0,262144,196572,False
optimizer.safetensors,adam.value_embeds.1.weight.v,28032,128,512,65536,13312,52196,0,262144,208848,False
optimizer.safetensors,adam.value_embeds.1.weight.v,28160,128,512,65536,12800,52705,0,262144,210884,False
optimizer.safetensors,adam.value_embeds.1.weight.v,28288,128,512,65536,15360,50153,0,262144,200676,False
optimizer.safetensors,adam.value_embeds.1.weight.v,28416,128,512,65536,15872,49647,0,262144,198652,False
optimizer.safetensors,adam.value_embeds.1.weight.v,28544,128,512,65536,13312,52191,0,262144,208828,False
optimizer.safetensors,adam.value_embeds.1.weight.v,28672,128,512,65536,10240,55257,0,262144,221092,False
optimizer.safetensors,adam.value_embeds.1.weight.v,28800,128,512,65536,18432,47087,0,262144,188412,False
optimizer.safetensors,adam.value_embeds.1.weight.v,28928,128,512,65536,16896,48614,0,262144,194520,False
optimizer.safetensors,adam.value_embeds.1.weight.v,29056,128,512,65536,19968,45538,0,262144,182216,False
optimizer.safetensors,adam.value_embeds.1.weight.v,29184,128,512,65536,14336,51178,0,262144,204776,False
optimizer.safetensors,adam.value_embeds.1.weight.v,29312,128,512,65536,17408,48101,0,262144,192468,False
optimizer.safetensors,adam.value_embeds.1.weight.v,29440,128,512,65536,13824,51680,0,262144,206784,False
optimizer.safetensors,adam.value_embeds.1.weight.v,29568,128,512,65536,14848,50673,0,262144,202756,False
optimizer.safetensors,adam.value_embeds.1.weight.v,29696,128,512,65536,19968,45550,0,262144,182264,False
optimizer.safetensors,adam.value_embeds.1.weight.v,29824,128,512,65536,12800,52715,0,262144,210924,False
optimizer.safetensors,adam.value_embeds.1.weight.v,29952,128,512,65536,14848,50674,0,262144,202760,False
optimizer.safetensors,adam.value_embeds.1.weight.v,30080,128,512,65536,18432,47094,0,262144,188440,False
optimizer.safetensors,adam.value_embeds.1.weight.v,30208,128,512,65536,15360,50148,0,262144,200656,False
optimizer.safetensors,adam.value_embeds.1.weight.v,30336,128,512,65536,15360,50147,0,262144,200652,False
optimizer.safetensors,adam.value_embeds.1.weight.v,30464,128,512,65536,16896,48614,0,262144,194520,False
optimizer.safetensors,adam.value_embeds.1.weight.v,30592,128,512,65536,17920,47589,0,262144,190420,False
optimizer.safetensors,adam.value_embeds.1.weight.v,30720,128,512,65536,12800,52710,0,262144,210904,False
optimizer.safetensors,adam.value_embeds.1.weight.v,30848,128,512,65536,13824,51685,0,262144,206804,False
optimizer.safetensors,adam.value_embeds.1.weight.v,30976,128,512,65536,19968,45553,0,262144,182276,False
optimizer.safetensors,adam.value_embeds.1.weight.v,31104,128,512,65536,18432,47077,0,262144,188372,False
optimizer.safetensors,adam.value_embeds.1.weight.v,31232,128,512,65536,19456,46061,0,262144,184308,False
optimizer.safetensors,adam.value_embeds.1.weight.v,31360,128,512,65536,14336,51176,0,262144,204768,False
optimizer.safetensors,adam.value_embeds.1.weight.v,31488,128,512,65536,15872,49639,0,262144,198620,False
optimizer.safetensors,adam.value_embeds.1.weight.v,31616,128,512,65536,21504,44010,0,262144,176104,False
optimizer.safetensors,adam.value_embeds.1.weight.v,31744,128,512,65536,15360,50150,0,262144,200664,False
optimizer.safetensors,adam.value_embeds.1.weight.v,31872,128,512,65536,15360,50148,0,262144,200656,False
optimizer.safetensors,adam.value_embeds.1.weight.v,32000,128,512,65536,15872,49645,0,262144,198644,False
optimizer.safetensors,adam.value_embeds.1.weight.v,32128,128,512,65536,16896,48614,0,262144,194520,False
optimizer.safetensors,adam.value_embeds.1.weight.v,32256,128,512,65536,18944,46561,0,262144,186308,False
optimizer.safetensors,adam.value_embeds.1.weight.v,32384,128,512,65536,14848,50658,0,262144,202696,False
optimizer.safetensors,adam.value_embeds.1.weight.v,32512,128,512,65536,22528,42992,0,262144,172032,False
optimizer.safetensors,adam.value_embeds.1.weight.v,32640,128,512,65536,23040,42476,0,262144,169968,False
optimizer.safetensors,adam.value_embeds.3.weight.m,0,128,512,65536,17408,48118,0,262144,192536,False
optimizer.safetensors,adam.value_embeds.3.weight.m,128,128,512,65536,21504,44024,0,262144,176160,False
optimizer.safetensors,adam.value_embeds.3.weight.m,256,128,512,65536,512,65011,0,262144,260108,True
optimizer.safetensors,adam.value_embeds.3.weight.m,384,128,512,65536,0,65525,0,262144,262164,True
optimizer.safetensors,adam.value_embeds.3.weight.m,512,128,512,65536,0,65526,0,262144,262168,True
optimizer.safetensors,adam.value_embeds.3.weight.m,640,128,512,65536,1536,63992,0,262144,256032,True
optimizer.safetensors,adam.value_embeds.3.weight.m,768,128,512,65536,2048,63474,0,262144,253960,True
optimizer.safetensors,adam.value_embeds.3.weight.m,896,128,512,65536,3072,62450,0,262144,249864,True
optimizer.safetensors,adam.value_embeds.3.weight.m,1024,128,512,65536,1536,63986,0,262144,256008,True
optimizer.safetensors,adam.value_embeds.3.weight.m,1152,128,512,65536,1024,64493,0,262144,258036,True
optimizer.safetensors,adam.value_embeds.3.weight.m,1280,128,512,65536,2560,62967,0,262144,251932,True
optimizer.safetensors,adam.value_embeds.3.weight.m,1408,128,512,65536,5632,59898,0,262144,239656,False
optimizer.safetensors,adam.value_embeds.3.weight.m,1536,128,512,65536,1024,64502,0,262144,258072,True
optimizer.safetensors,adam.value_embeds.3.weight.m,1664,128,512,65536,3584,61944,0,262144,247840,False
optimizer.safetensors,adam.value_embeds.3.weight.m,1792,128,512,65536,2560,62968,0,262144,251936,True
optimizer.safetensors,adam.value_embeds.3.weight.m,1920,128,512,65536,2048,63476,0,262144,253968,True
optimizer.safetensors,adam.value_embeds.3.weight.m,2048,128,512,65536,3072,62449,0,262144,249860,True
optimizer.safetensors,adam.value_embeds.3.weight.m,2176,128,512,65536,3584,61946,0,262144,247848,False
optimizer.safetensors,adam.value_embeds.3.weight.m,2304,128,512,65536,3072,62450,0,262144,249864,True
optimizer.safetensors,adam.value_embeds.3.weight.m,2432,128,512,65536,3584,61939,0,262144,247820,False
optimizer.safetensors,adam.value_embeds.3.weight.m,2560,128,512,65536,4096,61426,0,262144,245768,False
optimizer.safetensors,adam.value_embeds.3.weight.m,2688,128,512,65536,2048,63475,0,262144,253964,True
optimizer.safetensors,adam.value_embeds.3.weight.m,2816,128,512,65536,4096,61427,0,262144,245772,False
optimizer.safetensors,adam.value_embeds.3.weight.m,2944,128,512,65536,4608,60919,0,262144,243740,False
optimizer.safetensors,adam.value_embeds.3.weight.m,3072,128,512,65536,2560,62965,0,262144,251924,True
optimizer.safetensors,adam.value_embeds.3.weight.m,3200,128,512,65536,2560,62958,0,262144,251896,True
optimizer.safetensors,adam.value_embeds.3.weight.m,3328,128,512,65536,2048,63474,0,262144,253960,True
optimizer.safetensors,adam.value_embeds.3.weight.m,3456,128,512,65536,5120,60409,0,262144,241700,False
optimizer.safetensors,adam.value_embeds.3.weight.m,3584,128,512,65536,3072,62457,0,262144,249892,True
optimizer.safetensors,adam.value_embeds.3.weight.m,3712,128,512,65536,7168,58355,0,262144,233484,False
optimizer.safetensors,adam.value_embeds.3.weight.m,3840,128,512,65536,1536,63993,0,262144,256036,True
optimizer.safetensors,adam.value_embeds.3.weight.m,3968,128,512,65536,3584,61943,0,262144,247836,False
optimizer.safetensors,adam.value_embeds.3.weight.m,4096,128,512,65536,2560,62965,0,262144,251924,True
optimizer.safetensors,adam.value_embeds.3.weight.m,4224,128,512,65536,2048,63479,0,262144,253980,True
optimizer.safetensors,adam.value_embeds.3.weight.m,4352,128,512,65536,3072,62450,0,262144,249864,True
optimizer.safetensors,adam.value_embeds.3.weight.m,4480,128,512,65536,4096,61429,0,262144,245780,False
optimizer.safetensors,adam.value_embeds.3.weight.m,4608,128,512,65536,2560,62963,0,262144,251916,True
optimizer.safetensors,adam.value_embeds.3.weight.m,4736,128,512,65536,2560,62965,0,262144,251924,True
optimizer.safetensors,adam.value_embeds.3.weight.m,4864,128,512,65536,3072,62453,0,262144,249876,True
optimizer.safetensors,adam.value_embeds.3.weight.m,4992,128,512,65536,3072,62450,0,262144,249864,True
optimizer.safetensors,adam.value_embeds.3.weight.m,5120,128,512,65536,2560,62961,0,262144,251908,True
optimizer.safetensors,adam.value_embeds.3.weight.m,5248,128,512,65536,4096,61428,0,262144,245776,False
optimizer.safetensors,adam.value_embeds.3.weight.m,5376,128,512,65536,2048,63474,0,262144,253960,True
optimizer.safetensors,adam.value_embeds.3.weight.m,5504,128,512,65536,5632,59890,0,262144,239624,False
optimizer.safetensors,adam.value_embeds.3.weight.m,5632,128,512,65536,4608,60917,0,262144,243732,False
optimizer.safetensors,adam.value_embeds.3.weight.m,5760,128,512,65536,5632,59887,0,262144,239612,False
optimizer.safetensors,adam.value_embeds.3.weight.m,5888,128,512,65536,4096,61425,0,262144,245764,False
optimizer.safetensors,adam.value_embeds.3.weight.m,6016,128,512,65536,2048,63477,0,262144,253972,True
optimizer.safetensors,adam.value_embeds.3.weight.m,6144,128,512,65536,3072,62449,0,262144,249860,True
optimizer.safetensors,adam.value_embeds.3.weight.m,6272,128,512,65536,3584,61938,0,262144,247816,False
optimizer.safetensors,adam.value_embeds.3.weight.m,6400,128,512,65536,4608,60918,0,262144,243736,False
optimizer.safetensors,adam.value_embeds.3.weight.m,6528,128,512,65536,4608,60911,0,262144,243708,False
optimizer.safetensors,adam.value_embeds.3.weight.m,6656,128,512,65536,4608,60917,0,262144,243732,False
optimizer.safetensors,adam.value_embeds.3.weight.m,6784,128,512,65536,3584,61938,0,262144,247816,False
optimizer.safetensors,adam.value_embeds.3.weight.m,6912,128,512,65536,4608,60914,0,262144,243720,False
optimizer.safetensors,adam.value_embeds.3.weight.m,7040,128,512,65536,4096,61425,0,262144,245764,False
optimizer.safetensors,adam.value_embeds.3.weight.m,7168,128,512,65536,4096,61429,0,262144,245780,False
optimizer.safetensors,adam.value_embeds.3.weight.m,7296,128,512,65536,5120,60407,0,262144,241692,False
optimizer.safetensors,adam.value_embeds.3.weight.m,7424,128,512,65536,4096,61426,0,262144,245768,False
optimizer.safetensors,adam.value_embeds.3.weight.m,7552,128,512,65536,5120,60403,0,262144,241676,False
optimizer.safetensors,adam.value_embeds.3.weight.m,7680,128,512,65536,3584,61941,0,262144,247828,False
optimizer.safetensors,adam.value_embeds.3.weight.m,7808,128,512,65536,3072,62451,0,262144,249868,True
optimizer.safetensors,adam.value_embeds.3.weight.m,7936,128,512,65536,4096,61428,0,262144,245776,False
optimizer.safetensors,adam.value_embeds.3.weight.m,8064,128,512,65536,4096,61428,0,262144,245776,False
optimizer.safetensors,adam.value_embeds.3.weight.m,8192,128,512,65536,3072,62450,0,262144,249864,True
optimizer.safetensors,adam.value_embeds.3.weight.m,8320,128,512,65536,3584,61936,0,262144,247808,False
optimizer.safetensors,adam.value_embeds.3.weight.m,8448,128,512,65536,2048,63476,0,262144,253968,True
optimizer.safetensors,adam.value_embeds.3.weight.m,8576,128,512,65536,7168,58355,0,262144,233484,False
optimizer.safetensors,adam.value_embeds.3.weight.m,8704,128,512,65536,4096,61430,0,262144,245784,False
optimizer.safetensors,adam.value_embeds.3.weight.m,8832,128,512,65536,4096,61431,0,262144,245788,False
optimizer.safetensors,adam.value_embeds.3.weight.m,8960,128,512,65536,6144,59379,0,262144,237580,False
optimizer.safetensors,adam.value_embeds.3.weight.m,9088,128,512,65536,3072,62444,0,262144,249840,True
optimizer.safetensors,adam.value_embeds.3.weight.m,9216,128,512,65536,3584,61943,0,262144,247836,False
optimizer.safetensors,adam.value_embeds.3.weight.m,9344,128,512,65536,4096,61423,0,262144,245756,False
optimizer.safetensors,adam.value_embeds.3.weight.m,9472,128,512,65536,5120,60407,0,262144,241692,False
optimizer.safetensors,adam.value_embeds.3.weight.m,9600,128,512,65536,2048,63474,0,262144,253960,True
optimizer.safetensors,adam.value_embeds.3.weight.m,9728,128,512,65536,4096,61427,0,262144,245772,False
optimizer.safetensors,adam.value_embeds.3.weight.m,9856,128,512,65536,4096,61427,0,262144,245772,False
optimizer.safetensors,adam.value_embeds.3.weight.m,9984,128,512,65536,3584,61939,0,262144,247820,False
optimizer.safetensors,adam.value_embeds.3.weight.m,10112,128,512,65536,6144,59380,0,262144,237584,False
optimizer.safetensors,adam.value_embeds.3.weight.m,10240,128,512,65536,4096,61429,0,262144,245780,False
optimizer.safetensors,adam.value_embeds.3.weight.m,10368,128,512,65536,4096,61426,0,262144,245768,False
optimizer.safetensors,adam.value_embeds.3.weight.m,10496,128,512,65536,6144,59378,0,262144,237576,False
optimizer.safetensors,adam.value_embeds.3.weight.m,10624,128,512,65536,5632,59897,0,262144,239652,False
optimizer.safetensors,adam.value_embeds.3.weight.m,10752,128,512,65536,3072,62454,0,262144,249880,True
optimizer.safetensors,adam.value_embeds.3.weight.m,10880,128,512,65536,2560,62962,0,262144,251912,True
optimizer.safetensors,adam.value_embeds.3.weight.m,11008,128,512,65536,2560,62964,0,262144,251920,True
optimizer.safetensors,adam.value_embeds.3.weight.m,11136,128,512,65536,5632,59897,0,262144,239652,False
optimizer.safetensors,adam.value_embeds.3.weight.m,11264,128,512,65536,3584,61937,0,262144,247812,False
optimizer.safetensors,adam.value_embeds.3.weight.m,11392,128,512,65536,3584,61943,0,262144,247836,False
optimizer.safetensors,adam.value_embeds.3.weight.m,11520,128,512,65536,7680,57840,0,262144,231424,False
optimizer.safetensors,adam.value_embeds.3.weight.m,11648,128,512,65536,6144,59382,0,262144,237592,False
optimizer.safetensors,adam.value_embeds.3.weight.m,11776,128,512,65536,6144,59378,0,262144,237576,False
optimizer.safetensors,adam.value_embeds.3.weight.m,11904,128,512,65536,5632,59892,0,262144,239632,False
optimizer.safetensors,adam.value_embeds.3.weight.m,12032,128,512,65536,6144,59377,0,262144,237572,False
optimizer.safetensors,adam.value_embeds.3.weight.m,12160,128,512,65536,3584,61946,0,262144,247848,False
optimizer.safetensors,adam.value_embeds.3.weight.m,12288,128,512,65536,4608,60915,0,262144,243724,False
optimizer.safetensors,adam.value_embeds.3.weight.m,12416,128,512,65536,3072,62450,0,262144,249864,True
optimizer.safetensors,adam.value_embeds.3.weight.m,12544,128,512,65536,5632,59893,0,262144,239636,False
optimizer.safetensors,adam.value_embeds.3.weight.m,12672,128,512,65536,6144,59384,0,262144,237600,False
optimizer.safetensors,adam.value_embeds.3.weight.m,12800,128,512,65536,6144,59376,0,262144,237568,False
optimizer.safetensors,adam.value_embeds.3.weight.m,12928,128,512,65536,5632,59892,0,262144,239632,False
optimizer.safetensors,adam.value_embeds.3.weight.m,13056,128,512,65536,5632,59890,0,262144,239624,False
optimizer.safetensors,adam.value_embeds.3.weight.m,13184,128,512,65536,4096,61432,0,262144,245792,False
optimizer.safetensors,adam.value_embeds.3.weight.m,13312,128,512,65536,5632,59890,0,262144,239624,False
optimizer.safetensors,adam.value_embeds.3.weight.m,13440,128,512,65536,5632,59888,0,262144,239616,False
optimizer.safetensors,adam.value_embeds.3.weight.m,13568,128,512,65536,7168,58356,0,262144,233488,False
optimizer.safetensors,adam.value_embeds.3.weight.m,13696,128,512,65536,4096,61428,0,262144,245776,False
optimizer.safetensors,adam.value_embeds.3.weight.m,13824,128,512,65536,5632,59895,0,262144,239644,False
optimizer.safetensors,adam.value_embeds.3.weight.m,13952,128,512,65536,4096,61429,0,262144,245780,False
optimizer.safetensors,adam.value_embeds.3.weight.m,14080,128,512,65536,9728,55797,0,262144,223252,False
optimizer.safetensors,adam.value_embeds.3.weight.m,14208,128,512,65536,6656,58870,0,262144,235544,False
optimizer.safetensors,adam.value_embeds.3.weight.m,14336,128,512,65536,7168,58360,0,262144,233504,False
optimizer.safetensors,adam.value_embeds.3.weight.m,14464,128,512,65536,2048,63467,0,262144,253932,True
optimizer.safetensors,adam.value_embeds.3.weight.m,14592,128,512,65536,4096,61431,0,262144,245788,False
optimizer.safetensors,adam.value_embeds.3.weight.m,14720,128,512,65536,4096,61430,0,262144,245784,False
optimizer.safetensors,adam.value_embeds.3.weight.m,14848,128,512,65536,3072,62450,0,262144,249864,True
optimizer.safetensors,adam.value_embeds.3.weight.m,14976,128,512,65536,3584,61937,0,262144,247812,False
optimizer.safetensors,adam.value_embeds.3.weight.m,15104,128,512,65536,5120,60407,0,262144,241692,False
optimizer.safetensors,adam.value_embeds.3.weight.m,15232,128,512,65536,6656,58869,0,262144,235540,False
optimizer.safetensors,adam.value_embeds.3.weight.m,15360,128,512,65536,9216,56312,0,262144,225312,False
optimizer.safetensors,adam.value_embeds.3.weight.m,15488,128,512,65536,7168,58353,0,262144,233476,False
optimizer.safetensors,adam.value_embeds.3.weight.m,15616,128,512,65536,7680,57842,0,262144,231432,False
optimizer.safetensors,adam.value_embeds.3.weight.m,15744,128,512,65536,5120,60408,0,262144,241696,False
optimizer.safetensors,adam.value_embeds.3.weight.m,15872,128,512,65536,6144,59381,0,262144,237588,False
optimizer.safetensors,adam.value_embeds.3.weight.m,16000,128,512,65536,4096,61427,0,262144,245772,False
optimizer.safetensors,adam.value_embeds.3.weight.m,16128,128,512,65536,6144,59378,0,262144,237576,False
optimizer.safetensors,adam.value_embeds.3.weight.m,16256,128,512,65536,5120,60407,0,262144,241692,False
optimizer.safetensors,adam.value_embeds.3.weight.m,16384,128,512,65536,6656,58869,0,262144,235540,False
optimizer.safetensors,adam.value_embeds.3.weight.m,16512,128,512,65536,3072,62449,0,262144,249860,True
optimizer.safetensors,adam.value_embeds.3.weight.m,16640,128,512,65536,8704,56815,0,262144,227324,False
optimizer.safetensors,adam.value_embeds.3.weight.m,16768,128,512,65536,7168,58358,0,262144,233496,False
optimizer.safetensors,adam.value_embeds.3.weight.m,16896,128,512,65536,5632,59894,0,262144,239640,False
optimizer.safetensors,adam.value_embeds.3.weight.m,17024,128,512,65536,6144,59381,0,262144,237588,False
optimizer.safetensors,adam.value_embeds.3.weight.m,17152,128,512,65536,5632,59888,0,262144,239616,False
optimizer.safetensors,adam.value_embeds.3.weight.m,17280,128,512,65536,5632,59893,0,262144,239636,False
optimizer.safetensors,adam.value_embeds.3.weight.m,17408,128,512,65536,7680,57849,0,262144,231460,False
optimizer.safetensors,adam.value_embeds.3.weight.m,17536,128,512,65536,7168,58349,0,262144,233460,False
optimizer.safetensors,adam.value_embeds.3.weight.m,17664,128,512,65536,4096,61432,0,262144,245792,False
optimizer.safetensors,adam.value_embeds.3.weight.m,17792,128,512,65536,7680,57842,0,262144,231432,False
optimizer.safetensors,adam.value_embeds.3.weight.m,17920,128,512,65536,7168,58358,0,262144,233496,False
optimizer.safetensors,adam.value_embeds.3.weight.m,18048,128,512,65536,6656,58868,0,262144,235536,False
optimizer.safetensors,adam.value_embeds.3.weight.m,18176,128,512,65536,5120,60408,0,262144,241696,False
optimizer.safetensors,adam.value_embeds.3.weight.m,18304,128,512,65536,7680,57844,0,262144,231440,False
optimizer.safetensors,adam.value_embeds.3.weight.m,18432,128,512,65536,4096,61429,0,262144,245780,False
optimizer.safetensors,adam.value_embeds.3.weight.m,18560,128,512,65536,8704,56818,0,262144,227336,False
optimizer.safetensors,adam.value_embeds.3.weight.m,18688,128,512,65536,8192,57330,0,262144,229384,False
optimizer.safetensors,adam.value_embeds.3.weight.m,18816,128,512,65536,9728,55799,0,262144,223260,False
optimizer.safetensors,adam.value_embeds.3.weight.m,18944,128,512,65536,7680,57843,0,262144,231436,False
optimizer.safetensors,adam.value_embeds.3.weight.m,19072,128,512,65536,6656,58864,0,262144,235520,False
optimizer.safetensors,adam.value_embeds.3.weight.m,19200,128,512,65536,5632,59886,0,262144,239608,False
optimizer.safetensors,adam.value_embeds.3.weight.m,19328,128,512,65536,5120,60402,0,262144,241672,False
optimizer.safetensors,adam.value_embeds.3.weight.m,19456,128,512,65536,9728,55794,0,262144,223240,False
optimizer.safetensors,adam.value_embeds.3.weight.m,19584,128,512,65536,7168,58348,0,262144,233456,False
optimizer.safetensors,adam.value_embeds.3.weight.m,19712,128,512,65536,7168,58359,0,262144,233500,False
optimizer.safetensors,adam.value_embeds.3.weight.m,19840,128,512,65536,11264,54257,0,262144,217092,False
optimizer.safetensors,adam.value_embeds.3.weight.m,19968,128,512,65536,8192,57329,0,262144,229380,False
optimizer.safetensors,adam.value_embeds.3.weight.m,20096,128,512,65536,6144,59377,0,262144,237572,False
optimizer.safetensors,adam.value_embeds.3.weight.m,20224,128,512,65536,7168,58357,0,262144,233492,False
optimizer.safetensors,adam.value_embeds.3.weight.m,20352,128,512,65536,11776,53753,0,262144,215076,False
optimizer.safetensors,adam.value_embeds.3.weight.m,20480,128,512,65536,5632,59893,0,262144,239636,False
optimizer.safetensors,adam.value_embeds.3.weight.m,20608,128,512,65536,6656,58867,0,262144,235532,False
optimizer.safetensors,adam.value_embeds.3.weight.m,20736,128,512,65536,6144,59381,0,262144,237588,False
optimizer.safetensors,adam.value_embeds.3.weight.m,20864,128,512,65536,8192,57327,0,262144,229372,False
optimizer.safetensors,adam.value_embeds.3.weight.m,20992,128,512,65536,7168,58357,0,262144,233492,False
optimizer.safetensors,adam.value_embeds.3.weight.m,21120,128,512,65536,11776,53749,0,262144,215060,False
optimizer.safetensors,adam.value_embeds.3.weight.m,21248,128,512,65536,7680,57845,0,262144,231444,False
optimizer.safetensors,adam.value_embeds.3.weight.m,21376,128,512,65536,10752,54776,0,262144,219168,False
optimizer.safetensors,adam.value_embeds.3.weight.m,21504,128,512,65536,8192,57338,0,262144,229416,False
optimizer.safetensors,adam.value_embeds.3.weight.m,21632,128,512,65536,10240,55290,0,262144,221224,False
optimizer.safetensors,adam.value_embeds.3.weight.m,21760,128,512,65536,10240,55283,0,262144,221196,False
optimizer.safetensors,adam.value_embeds.3.weight.m,21888,128,512,65536,4608,60918,0,262144,243736,False
optimizer.safetensors,adam.value_embeds.3.weight.m,22016,128,512,65536,8192,57330,0,262144,229384,False
optimizer.safetensors,adam.value_embeds.3.weight.m,22144,128,512,65536,6144,59380,0,262144,237584,False
optimizer.safetensors,adam.value_embeds.3.weight.m,22272,128,512,65536,11264,54258,0,262144,217096,False
optimizer.safetensors,adam.value_embeds.3.weight.m,22400,128,512,65536,12800,52727,0,262144,210972,False
optimizer.safetensors,adam.value_embeds.3.weight.m,22528,128,512,65536,9728,55796,0,262144,223248,False
optimizer.safetensors,adam.value_embeds.3.weight.m,22656,128,512,65536,7168,58361,0,262144,233508,False
optimizer.safetensors,adam.value_embeds.3.weight.m,22784,128,512,65536,8192,57335,0,262144,229404,False
optimizer.safetensors,adam.value_embeds.3.weight.m,22912,128,512,65536,7680,57845,0,262144,231444,False
optimizer.safetensors,adam.value_embeds.3.weight.m,23040,128,512,65536,7680,57850,0,262144,231464,False
optimizer.safetensors,adam.value_embeds.3.weight.m,23168,128,512,65536,11776,53750,0,262144,215064,False
optimizer.safetensors,adam.value_embeds.3.weight.m,23296,128,512,65536,13824,51707,0,262144,206892,False
optimizer.safetensors,adam.value_embeds.3.weight.m,23424,128,512,65536,7168,58352,0,262144,233472,False
optimizer.safetensors,adam.value_embeds.3.weight.m,23552,128,512,65536,14336,51186,0,262144,204808,False
optimizer.safetensors,adam.value_embeds.3.weight.m,23680,128,512,65536,12800,52731,0,262144,210988,False
optimizer.safetensors,adam.value_embeds.3.weight.m,23808,128,512,65536,14848,50676,0,262144,202768,False
optimizer.safetensors,adam.value_embeds.3.weight.m,23936,128,512,65536,10752,54771,0,262144,219148,False
optimizer.safetensors,adam.value_embeds.3.weight.m,24064,128,512,65536,12800,52723,0,262144,210956,False
optimizer.safetensors,adam.value_embeds.3.weight.m,24192,128,512,65536,8704,56823,0,262144,227356,False
optimizer.safetensors,adam.value_embeds.3.weight.m,24320,128,512,65536,8192,57331,0,262144,229388,False
optimizer.safetensors,adam.value_embeds.3.weight.m,24448,128,512,65536,7680,57841,0,262144,231428,False
optimizer.safetensors,adam.value_embeds.3.weight.m,24576,128,512,65536,11264,54263,0,262144,217116,False
optimizer.safetensors,adam.value_embeds.3.weight.m,24704,128,512,65536,16896,48630,0,262144,194584,False
optimizer.safetensors,adam.value_embeds.3.weight.m,24832,128,512,65536,10240,55286,0,262144,221208,False
optimizer.safetensors,adam.value_embeds.3.weight.m,24960,128,512,65536,15360,50164,0,262144,200720,False
optimizer.safetensors,adam.value_embeds.3.weight.m,25088,128,512,65536,14848,50675,0,262144,202764,False
optimizer.safetensors,adam.value_embeds.3.weight.m,25216,128,512,65536,10240,55284,0,262144,221200,False
optimizer.safetensors,adam.value_embeds.3.weight.m,25344,128,512,65536,12288,53238,0,262144,213016,False
optimizer.safetensors,adam.value_embeds.3.weight.m,25472,128,512,65536,15360,50167,0,262144,200732,False
optimizer.safetensors,adam.value_embeds.3.weight.m,25600,128,512,65536,11776,53751,0,262144,215068,False
optimizer.safetensors,adam.value_embeds.3.weight.m,25728,128,512,65536,13312,52214,0,262144,208920,False
optimizer.safetensors,adam.value_embeds.3.weight.m,25856,128,512,65536,10240,55290,0,262144,221224,False
optimizer.safetensors,adam.value_embeds.3.weight.m,25984,128,512,65536,10240,55293,0,262144,221236,False
optimizer.safetensors,adam.value_embeds.3.weight.m,26112,128,512,65536,12288,53240,0,262144,213024,False
optimizer.safetensors,adam.value_embeds.3.weight.m,26240,128,512,65536,14336,51193,0,262144,204836,False
optimizer.safetensors,adam.value_embeds.3.weight.m,26368,128,512,65536,12800,52732,0,262144,210992,False
optimizer.safetensors,adam.value_embeds.3.weight.m,26496,128,512,65536,12800,52726,0,262144,210968,False
optimizer.safetensors,adam.value_embeds.3.weight.m,26624,128,512,65536,14336,51190,0,262144,204824,False
optimizer.safetensors,adam.value_embeds.3.weight.m,26752,128,512,65536,10752,54779,0,262144,219180,False
optimizer.safetensors,adam.value_embeds.3.weight.m,26880,128,512,65536,10240,55281,0,262144,221188,False
optimizer.safetensors,adam.value_embeds.3.weight.m,27008,128,512,65536,10752,54778,0,262144,219176,False
optimizer.safetensors,adam.value_embeds.3.weight.m,27136,128,512,65536,14336,51189,0,262144,204820,False
optimizer.safetensors,adam.value_embeds.3.weight.m,27264,128,512,65536,13312,52213,0,262144,208916,False
optimizer.safetensors,adam.value_embeds.3.weight.m,27392,128,512,65536,17920,47605,0,262144,190484,False
optimizer.safetensors,adam.value_embeds.3.weight.m,27520,128,512,65536,15360,50170,0,262144,200744,False
optimizer.safetensors,adam.value_embeds.3.weight.m,27648,128,512,65536,11776,53751,0,262144,215068,False
optimizer.safetensors,adam.value_embeds.3.weight.m,27776,128,512,65536,14848,50677,0,262144,202772,False
optimizer.safetensors,adam.value_embeds.3.weight.m,27904,128,512,65536,16384,49136,0,262144,196608,False
optimizer.safetensors,adam.value_embeds.3.weight.m,28032,128,512,65536,13312,52208,0,262144,208896,False
optimizer.safetensors,adam.value_embeds.3.weight.m,28160,128,512,65536,12800,52722,0,262144,210952,False
optimizer.safetensors,adam.value_embeds.3.weight.m,28288,128,512,65536,15360,50160,0,262144,200704,False
optimizer.safetensors,adam.value_embeds.3.weight.m,28416,128,512,65536,15872,49656,0,262144,198688,False
optimizer.safetensors,adam.value_embeds.3.weight.m,28544,128,512,65536,13312,52207,0,262144,208892,False
optimizer.safetensors,adam.value_embeds.3.weight.m,28672,128,512,65536,10240,55279,0,262144,221180,False
optimizer.safetensors,adam.value_embeds.3.weight.m,28800,128,512,65536,18432,47097,0,262144,188452,False
optimizer.safetensors,adam.value_embeds.3.weight.m,28928,128,512,65536,16896,48630,0,262144,194584,False
optimizer.safetensors,adam.value_embeds.3.weight.m,29056,128,512,65536,19968,45563,0,262144,182316,False
optimizer.safetensors,adam.value_embeds.3.weight.m,29184,128,512,65536,14336,51192,0,262144,204832,False
optimizer.safetensors,adam.value_embeds.3.weight.m,29312,128,512,65536,17408,48122,0,262144,192552,False
optimizer.safetensors,adam.value_embeds.3.weight.m,29440,128,512,65536,13824,51700,0,262144,206864,False
optimizer.safetensors,adam.value_embeds.3.weight.m,29568,128,512,65536,14848,50677,0,262144,202772,False
optimizer.safetensors,adam.value_embeds.3.weight.m,29696,128,512,65536,19968,45557,0,262144,182292,False
optimizer.safetensors,adam.value_embeds.3.weight.m,29824,128,512,65536,12800,52731,0,262144,210988,False
optimizer.safetensors,adam.value_embeds.3.weight.m,29952,128,512,65536,14848,50680,0,262144,202784,False
optimizer.safetensors,adam.value_embeds.3.weight.m,30080,128,512,65536,18432,47099,0,262144,188460,False
optimizer.safetensors,adam.value_embeds.3.weight.m,30208,128,512,65536,15360,50167,0,262144,200732,False
optimizer.safetensors,adam.value_embeds.3.weight.m,30336,128,512,65536,15360,50170,0,262144,200744,False
optimizer.safetensors,adam.value_embeds.3.weight.m,30464,128,512,65536,16896,48633,0,262144,194596,False
optimizer.safetensors,adam.value_embeds.3.weight.m,30592,128,512,65536,17920,47612,0,262144,190512,False
optimizer.safetensors,adam.value_embeds.3.weight.m,30720,128,512,65536,12800,52727,0,262144,210972,False
optimizer.safetensors,adam.value_embeds.3.weight.m,30848,128,512,65536,13824,51705,0,262144,206884,False
optimizer.safetensors,adam.value_embeds.3.weight.m,30976,128,512,65536,19968,45556,0,262144,182288,False
optimizer.safetensors,adam.value_embeds.3.weight.m,31104,128,512,65536,18432,47093,0,262144,188436,False
optimizer.safetensors,adam.value_embeds.3.weight.m,31232,128,512,65536,19456,46072,0,262144,184352,False
optimizer.safetensors,adam.value_embeds.3.weight.m,31360,128,512,65536,14336,51192,0,262144,204832,False
optimizer.safetensors,adam.value_embeds.3.weight.m,31488,128,512,65536,15872,49654,0,262144,198680,False
optimizer.safetensors,adam.value_embeds.3.weight.m,31616,128,512,65536,21504,44020,0,262144,176144,False
optimizer.safetensors,adam.value_embeds.3.weight.m,31744,128,512,65536,15360,50166,0,262144,200728,False
optimizer.safetensors,adam.value_embeds.3.weight.m,31872,128,512,65536,15360,50167,0,262144,200732,False
optimizer.safetensors,adam.value_embeds.3.weight.m,32000,128,512,65536,15872,49657,0,262144,198692,False
optimizer.safetensors,adam.value_embeds.3.weight.m,32128,128,512,65536,16896,48631,0,262144,194588,False
optimizer.safetensors,adam.value_embeds.3.weight.m,32256,128,512,65536,18944,46584,0,262144,186400,False
optimizer.safetensors,adam.value_embeds.3.weight.m,32384,128,512,65536,14848,50678,0,262144,202776,False
optimizer.safetensors,adam.value_embeds.3.weight.m,32512,128,512,65536,22528,43000,0,262144,172064,False
optimizer.safetensors,adam.value_embeds.3.weight.m,32640,128,512,65536,23040,42490,0,262144,170024,False
optimizer.safetensors,adam.value_embeds.3.weight.v,0,128,512,65536,17408,48119,0,262144,192540,False
optimizer.safetensors,adam.value_embeds.3.weight.v,128,128,512,65536,21504,44017,0,262144,176132,False
optimizer.safetensors,adam.value_embeds.3.weight.v,256,128,512,65536,512,65004,0,262144,260080,True
optimizer.safetensors,adam.value_embeds.3.weight.v,384,128,512,65536,0,65518,0,262144,262136,True
optimizer.safetensors,adam.value_embeds.3.weight.v,512,128,512,65536,0,65524,0,262144,262160,True
optimizer.safetensors,adam.value_embeds.3.weight.v,640,128,512,65536,1536,63986,0,262144,256008,True
optimizer.safetensors,adam.value_embeds.3.weight.v,768,128,512,65536,2048,63473,0,262144,253956,True
optimizer.safetensors,adam.value_embeds.3.weight.v,896,128,512,65536,3072,62449,0,262144,249860,True
optimizer.safetensors,adam.value_embeds.3.weight.v,1024,128,512,65536,1536,63984,0,262144,256000,True
optimizer.safetensors,adam.value_embeds.3.weight.v,1152,128,512,65536,1024,64490,0,262144,258024,True
optimizer.safetensors,adam.value_embeds.3.weight.v,1280,128,512,65536,2560,62962,0,262144,251912,True
optimizer.safetensors,adam.value_embeds.3.weight.v,1408,128,512,65536,5632,59886,0,262144,239608,False
optimizer.safetensors,adam.value_embeds.3.weight.v,1536,128,512,65536,1024,64495,0,262144,258044,True
optimizer.safetensors,adam.value_embeds.3.weight.v,1664,128,512,65536,3584,61941,0,262144,247828,False
optimizer.safetensors,adam.value_embeds.3.weight.v,1792,128,512,65536,2560,62961,0,262144,251908,True
optimizer.safetensors,adam.value_embeds.3.weight.v,1920,128,512,65536,2048,63474,0,262144,253960,True
optimizer.safetensors,adam.value_embeds.3.weight.v,2048,128,512,65536,3072,62448,0,262144,249856,True
optimizer.safetensors,adam.value_embeds.3.weight.v,2176,128,512,65536,3584,61939,0,262144,247820,False
optimizer.safetensors,adam.value_embeds.3.weight.v,2304,128,512,65536,3072,62450,0,262144,249864,True
optimizer.safetensors,adam.value_embeds.3.weight.v,2432,128,512,65536,3584,61936,0,262144,247808,False
optimizer.safetensors,adam.value_embeds.3.weight.v,2560,128,512,65536,4096,61423,0,262144,245756,False
optimizer.safetensors,adam.value_embeds.3.weight.v,2688,128,512,65536,2048,63470,0,262144,253944,True
optimizer.safetensors,adam.value_embeds.3.weight.v,2816,128,512,65536,4096,61416,0,262144,245728,False
optimizer.safetensors,adam.value_embeds.3.weight.v,2944,128,512,65536,4608,60912,0,262144,243712,False
optimizer.safetensors,adam.value_embeds.3.weight.v,3072,128,512,65536,2560,62960,0,262144,251904,True
optimizer.safetensors,adam.value_embeds.3.weight.v,3200,128,512,65536,2560,62955,0,262144,251884,True
optimizer.safetensors,adam.value_embeds.3.weight.v,3328,128,512,65536,2048,63468,0,262144,253936,True
optimizer.safetensors,adam.value_embeds.3.weight.v,3456,128,512,65536,5120,60395,0,262144,241644,False
optimizer.safetensors,adam.value_embeds.3.weight.v,3584,128,512,65536,3072,62442,0,262144,249832,True
optimizer.safetensors,adam.value_embeds.3.weight.v,3712,128,512,65536,7168,58353,0,262144,233476,False
optimizer.safetensors,adam.value_embeds.3.weight.v,3840,128,512,65536,1536,63981,0,262144,255988,True
optimizer.safetensors,adam.value_embeds.3.weight.v,3968,128,512,65536,3584,61927,0,262144,247772,False
optimizer.safetensors,adam.value_embeds.3.weight.v,4096,128,512,65536,2560,62948,0,262144,251856,True
optimizer.safetensors,adam.value_embeds.3.weight.v,4224,128,512,65536,2048,63462,0,262144,253912,True
optimizer.safetensors,adam.value_embeds.3.weight.v,4352,128,512,65536,3072,62449,0,262144,249860,True
optimizer.safetensors,adam.value_embeds.3.weight.v,4480,128,512,65536,4096,61426,0,262144,245768,False
optimizer.safetensors,adam.value_embeds.3.weight.v,4608,128,512,65536,2560,62959,0,262144,251900,True
optimizer.safetensors,adam.value_embeds.3.weight.v,4736,128,512,65536,2560,62957,0,262144,251892,True
optimizer.safetensors,adam.value_embeds.3.weight.v,4864,128,512,65536,3072,62444,0,262144,249840,True
optimizer.safetensors,adam.value_embeds.3.weight.v,4992,128,512,65536,3072,62444,0,262144,249840,True
optimizer.safetensors,adam.value_embeds.3.weight.v,5120,128,512,65536,2560,62957,0,262144,251892,True
optimizer.safetensors,adam.value_embeds.3.weight.v,5248,128,512,65536,4096,61422,0,262144,245752,False
optimizer.safetensors,adam.value_embeds.3.weight.v,5376,128,512,65536,2048,63460,0,262144,253904,True
optimizer.safetensors,adam.value_embeds.3.weight.v,5504,128,512,65536,5632,59881,0,262144,239588,False
optimizer.safetensors,adam.value_embeds.3.weight.v,5632,128,512,65536,4608,60906,0,262144,243688,False
optimizer.safetensors,adam.value_embeds.3.weight.v,5760,128,512,65536,5632,59876,0,262144,239568,False
optimizer.safetensors,adam.value_embeds.3.weight.v,5888,128,512,65536,4096,61417,0,262144,245732,False
optimizer.safetensors,adam.value_embeds.3.weight.v,6016,128,512,65536,2048,63460,0,262144,253904,True
optimizer.safetensors,adam.value_embeds.3.weight.v,6144,128,512,65536,3072,62437,0,262144,249812,True
optimizer.safetensors,adam.value_embeds.3.weight.v,6272,128,512,65536,3584,61928,0,262144,247776,False
optimizer.safetensors,adam.value_embeds.3.weight.v,6400,128,512,65536,4608,60912,0,262144,243712,False
optimizer.safetensors,adam.value_embeds.3.weight.v,6528,128,512,65536,4608,60905,0,262144,243684,False
optimizer.safetensors,adam.value_embeds.3.weight.v,6656,128,512,65536,4608,60903,0,262144,243676,False
optimizer.safetensors,adam.value_embeds.3.weight.v,6784,128,512,65536,3584,61935,0,262144,247804,False
optimizer.safetensors,adam.value_embeds.3.weight.v,6912,128,512,65536,4608,60915,0,262144,243724,False
optimizer.safetensors,adam.value_embeds.3.weight.v,7040,128,512,65536,4096,61420,0,262144,245744,False
optimizer.safetensors,adam.value_embeds.3.weight.v,7168,128,512,65536,4096,61420,0,262144,245744,False
optimizer.safetensors,adam.value_embeds.3.weight.v,7296,128,512,65536,5120,60400,0,262144,241664,False
optimizer.safetensors,adam.value_embeds.3.weight.v,7424,128,512,65536,4096,61421,0,262144,245748,False
optimizer.safetensors,adam.value_embeds.3.weight.v,7552,128,512,65536,5120,60401,0,262144,241668,False
optimizer.safetensors,adam.value_embeds.3.weight.v,7680,128,512,65536,3584,61928,0,262144,247776,False
optimizer.safetensors,adam.value_embeds.3.weight.v,7808,128,512,65536,3072,62439,0,262144,249820,True
optimizer.safetensors,adam.value_embeds.3.weight.v,7936,128,512,65536,4096,61411,0,262144,245708,False
optimizer.safetensors,adam.value_embeds.3.weight.v,8064,128,512,65536,4096,61418,0,262144,245736,False
optimizer.safetensors,adam.value_embeds.3.weight.v,8192,128,512,65536,3072,62437,0,262144,249812,True
optimizer.safetensors,adam.value_embeds.3.weight.v,8320,128,512,65536,3584,61920,0,262144,247744,False
optimizer.safetensors,adam.value_embeds.3.weight.v,8448,128,512,65536,2048,63453,0,262144,253876,True
optimizer.safetensors,adam.value_embeds.3.weight.v,8576,128,512,65536,7168,58352,0,262144,233472,False
optimizer.safetensors,adam.value_embeds.3.weight.v,8704,128,512,65536,4096,61416,0,262144,245728,False
optimizer.safetensors,adam.value_embeds.3.weight.v,8832,128,512,65536,4096,61411,0,262144,245708,False
optimizer.safetensors,adam.value_embeds.3.weight.v,8960,128,512,65536,6144,59369,0,262144,237540,False
optimizer.safetensors,adam.value_embeds.3.weight.v,9088,128,512,65536,3072,62434,0,262144,249800,True
optimizer.safetensors,adam.value_embeds.3.weight.v,9216,128,512,65536,3584,61919,0,262144,247740,False
optimizer.safetensors,adam.value_embeds.3.weight.v,9344,128,512,65536,4096,61411,0,262144,245708,False
optimizer.safetensors,adam.value_embeds.3.weight.v,9472,128,512,65536,5120,60397,0,262144,241652,False
optimizer.safetensors,adam.value_embeds.3.weight.v,9600,128,512,65536,2048,63458,0,262144,253896,True
optimizer.safetensors,adam.value_embeds.3.weight.v,9728,128,512,65536,4096,61415,0,262144,245724,False
optimizer.safetensors,adam.value_embeds.3.weight.v,9856,128,512,65536,4096,61409,0,262144,245700,False
optimizer.safetensors,adam.value_embeds.3.weight.v,9984,128,512,65536,3584,61931,0,262144,247788,False
optimizer.safetensors,adam.value_embeds.3.weight.v,10112,128,512,65536,6144,59366,0,262144,237528,False
optimizer.safetensors,adam.value_embeds.3.weight.v,10240,128,512,65536,4096,61416,0,262144,245728,False
optimizer.safetensors,adam.value_embeds.3.weight.v,10368,128,512,65536,4096,61415,0,262144,245724,False
optimizer.safetensors,adam.value_embeds.3.weight.v,10496,128,512,65536,6144,59369,0,262144,237540,False
optimizer.safetensors,adam.value_embeds.3.weight.v,10624,128,512,65536,5632,59879,0,262144,239580,False
optimizer.safetensors,adam.value_embeds.3.weight.v,10752,128,512,65536,3072,62434,0,262144,249800,True
optimizer.safetensors,adam.value_embeds.3.weight.v,10880,128,512,65536,2560,62943,0,262144,251836,True
optimizer.safetensors,adam.value_embeds.3.weight.v,11008,128,512,65536,2560,62959,0,262144,251900,True
optimizer.safetensors,adam.value_embeds.3.weight.v,11136,128,512,65536,5632,59885,0,262144,239604,False
optimizer.safetensors,adam.value_embeds.3.weight.v,11264,128,512,65536,3584,61930,0,262144,247784,False
optimizer.safetensors,adam.value_embeds.3.weight.v,11392,128,512,65536,3584,61932,0,262144,247792,False
optimizer.safetensors,adam.value_embeds.3.weight.v,11520,128,512,65536,7680,57823,0,262144,231356,False
optimizer.safetensors,adam.value_embeds.3.weight.v,11648,128,512,65536,6144,59374,0,262144,237560,False
optimizer.safetensors,adam.value_embeds.3.weight.v,11776,128,512,65536,6144,59356,0,262144,237488,False
optimizer.safetensors,adam.value_embeds.3.weight.v,11904,128,512,65536,5632,59871,0,262144,239548,False
optimizer.safetensors,adam.value_embeds.3.weight.v,12032,128,512,65536,6144,59372,0,262144,237552,False
optimizer.safetensors,adam.value_embeds.3.weight.v,12160,128,512,65536,3584,61923,0,262144,247756,False
optimizer.safetensors,adam.value_embeds.3.weight.v,12288,128,512,65536,4608,60899,0,262144,243660,False
optimizer.safetensors,adam.value_embeds.3.weight.v,12416,128,512,65536,3072,62434,0,262144,249800,True
optimizer.safetensors,adam.value_embeds.3.weight.v,12544,128,512,65536,5632,59881,0,262144,239588,False
optimizer.safetensors,adam.value_embeds.3.weight.v,12672,128,512,65536,6144,59371,0,262144,237548,False
optimizer.safetensors,adam.value_embeds.3.weight.v,12800,128,512,65536,6144,59366,0,262144,237528,False
optimizer.safetensors,adam.value_embeds.3.weight.v,12928,128,512,65536,5632,59869,0,262144,239540,False
optimizer.safetensors,adam.value_embeds.3.weight.v,13056,128,512,65536,5632,59868,0,262144,239536,False
optimizer.safetensors,adam.value_embeds.3.weight.v,13184,128,512,65536,4096,61412,0,262144,245712,False
optimizer.safetensors,adam.value_embeds.3.weight.v,13312,128,512,65536,5632,59875,0,262144,239564,False
optimizer.safetensors,adam.value_embeds.3.weight.v,13440,128,512,65536,5632,59888,0,262144,239616,False
optimizer.safetensors,adam.value_embeds.3.weight.v,13568,128,512,65536,7168,58344,0,262144,233440,False
optimizer.safetensors,adam.value_embeds.3.weight.v,13696,128,512,65536,4096,61405,0,262144,245684,False
optimizer.safetensors,adam.value_embeds.3.weight.v,13824,128,512,65536,5632,59874,0,262144,239560,False
optimizer.safetensors,adam.value_embeds.3.weight.v,13952,128,512,65536,4096,61401,0,262144,245668,False
optimizer.safetensors,adam.value_embeds.3.weight.v,14080,128,512,65536,9728,55785,0,262144,223204,False
optimizer.safetensors,adam.value_embeds.3.weight.v,14208,128,512,65536,6656,58853,0,262144,235476,False
optimizer.safetensors,adam.value_embeds.3.weight.v,14336,128,512,65536,7168,58336,0,262144,233408,False
optimizer.safetensors,adam.value_embeds.3.weight.v,14464,128,512,65536,2048,63452,0,262144,253872,True
optimizer.safetensors,adam.value_embeds.3.weight.v,14592,128,512,65536,4096,61416,0,262144,245728,False
optimizer.safetensors,adam.value_embeds.3.weight.v,14720,128,512,65536,4096,61401,0,262144,245668,False
optimizer.safetensors,adam.value_embeds.3.weight.v,14848,128,512,65536,3072,62432,0,262144,249792,True
optimizer.safetensors,adam.value_embeds.3.weight.v,14976,128,512,65536,3584,61922,0,262144,247752,False
optimizer.safetensors,adam.value_embeds.3.weight.v,15104,128,512,65536,5120,60385,0,262144,241604,False
optimizer.safetensors,adam.value_embeds.3.weight.v,15232,128,512,65536,6656,58852,0,262144,235472,False
optimizer.safetensors,adam.value_embeds.3.weight.v,15360,128,512,65536,9216,56297,0,262144,225252,False
optimizer.safetensors,adam.value_embeds.3.weight.v,15488,128,512,65536,7168,58338,0,262144,233416,False
optimizer.safetensors,adam.value_embeds.3.weight.v,15616,128,512,65536,7680,57838,0,262144,231416,False
optimizer.safetensors,adam.value_embeds.3.weight.v,15744,128,512,65536,5120,60394,0,262144,241640,False
optimizer.safetensors,adam.value_embeds.3.weight.v,15872,128,512,65536,6144,59364,0,262144,237520,False
optimizer.safetensors,adam.value_embeds.3.weight.v,16000,128,512,65536,4096,61412,0,262144,245712,False
optimizer.safetensors,adam.value_embeds.3.weight.v,16128,128,512,65536,6144,59366,0,262144,237528,False
optimizer.safetensors,adam.value_embeds.3.weight.v,16256,128,512,65536,5120,60395,0,262144,241644,False
optimizer.safetensors,adam.value_embeds.3.weight.v,16384,128,512,65536,6656,58853,0,262144,235476,False
optimizer.safetensors,adam.value_embeds.3.weight.v,16512,128,512,65536,3072,62438,0,262144,249816,True
optimizer.safetensors,adam.value_embeds.3.weight.v,16640,128,512,65536,8704,56810,0,262144,227304,False
optimizer.safetensors,adam.value_embeds.3.weight.v,16768,128,512,65536,7168,58331,0,262144,233388,False
optimizer.safetensors,adam.value_embeds.3.weight.v,16896,128,512,65536,5632,59874,0,262144,239560,False
optimizer.safetensors,adam.value_embeds.3.weight.v,17024,128,512,65536,6144,59361,0,262144,237508,False
optimizer.safetensors,adam.value_embeds.3.weight.v,17152,128,512,65536,5632,59873,0,262144,239556,False
optimizer.safetensors,adam.value_embeds.3.weight.v,17280,128,512,65536,5632,59877,0,262144,239572,False
optimizer.safetensors,adam.value_embeds.3.weight.v,17408,128,512,65536,7680,57828,0,262144,231376,False
optimizer.safetensors,adam.value_embeds.3.weight.v,17536,128,512,65536,7168,58335,0,262144,233404,False
optimizer.safetensors,adam.value_embeds.3.weight.v,17664,128,512,65536,4096,61409,0,262144,245700,False
optimizer.safetensors,adam.value_embeds.3.weight.v,17792,128,512,65536,7680,57830,0,262144,231384,False
optimizer.safetensors,adam.value_embeds.3.weight.v,17920,128,512,65536,7168,58341,0,262144,233428,False
optimizer.safetensors,adam.value_embeds.3.weight.v,18048,128,512,65536,6656,58855,0,262144,235484,False
optimizer.safetensors,adam.value_embeds.3.weight.v,18176,128,512,65536,5120,60382,0,262144,241592,False
optimizer.safetensors,adam.value_embeds.3.weight.v,18304,128,512,65536,7680,57832,0,262144,231392,False
optimizer.safetensors,adam.value_embeds.3.weight.v,18432,128,512,65536,4096,61398,0,262144,245656,False
optimizer.safetensors,adam.value_embeds.3.weight.v,18560,128,512,65536,8704,56814,0,262144,227320,False
optimizer.safetensors,adam.value_embeds.3.weight.v,18688,128,512,65536,8192,57310,0,262144,229304,False
optimizer.safetensors,adam.value_embeds.3.weight.v,18816,128,512,65536,9728,55786,0,262144,223208,False
optimizer.safetensors,adam.value_embeds.3.weight.v,18944,128,512,65536,7680,57825,0,262144,231364,False
optimizer.safetensors,adam.value_embeds.3.weight.v,19072,128,512,65536,6656,58839,0,262144,235420,False
optimizer.safetensors,adam.value_embeds.3.weight.v,19200,128,512,65536,5632,59877,0,262144,239572,False
optimizer.safetensors,adam.value_embeds.3.weight.v,19328,128,512,65536,5120,60385,0,262144,241604,False
optimizer.safetensors,adam.value_embeds.3.weight.v,19456,128,512,65536,9728,55785,0,262144,223204,False
optimizer.safetensors,adam.value_embeds.3.weight.v,19584,128,512,65536,7168,58345,0,262144,233444,False
optimizer.safetensors,adam.value_embeds.3.weight.v,19712,128,512,65536,7168,58343,0,262144,233436,False
optimizer.safetensors,adam.value_embeds.3.weight.v,19840,128,512,65536,11264,54249,0,262144,217060,False
optimizer.safetensors,adam.value_embeds.3.weight.v,19968,128,512,65536,8192,57305,0,262144,229284,False
optimizer.safetensors,adam.value_embeds.3.weight.v,20096,128,512,65536,6144,59357,0,262144,237492,False
optimizer.safetensors,adam.value_embeds.3.weight.v,20224,128,512,65536,7168,58344,0,262144,233440,False
optimizer.safetensors,adam.value_embeds.3.weight.v,20352,128,512,65536,11776,53734,0,262144,215000,False
optimizer.safetensors,adam.value_embeds.3.weight.v,20480,128,512,65536,5632,59881,0,262144,239588,False
optimizer.safetensors,adam.value_embeds.3.weight.v,20608,128,512,65536,6656,58841,0,262144,235428,False
optimizer.safetensors,adam.value_embeds.3.weight.v,20736,128,512,65536,6144,59366,0,262144,237528,False
optimizer.safetensors,adam.value_embeds.3.weight.v,20864,128,512,65536,8192,57312,0,262144,229312,False
optimizer.safetensors,adam.value_embeds.3.weight.v,20992,128,512,65536,7168,58340,0,262144,233424,False
optimizer.safetensors,adam.value_embeds.3.weight.v,21120,128,512,65536,11776,53742,0,262144,215032,False
optimizer.safetensors,adam.value_embeds.3.weight.v,21248,128,512,65536,7680,57829,0,262144,231380,False
optimizer.safetensors,adam.value_embeds.3.weight.v,21376,128,512,65536,10752,54768,0,262144,219136,False
optimizer.safetensors,adam.value_embeds.3.weight.v,21504,128,512,65536,8192,57316,0,262144,229328,False
optimizer.safetensors,adam.value_embeds.3.weight.v,21632,128,512,65536,10240,55266,0,262144,221128,False
optimizer.safetensors,adam.value_embeds.3.weight.v,21760,128,512,65536,10240,55268,0,262144,221136,False
optimizer.safetensors,adam.value_embeds.3.weight.v,21888,128,512,65536,4608,60876,0,262144,243568,False
optimizer.safetensors,adam.value_embeds.3.weight.v,22016,128,512,65536,8192,57319,0,262144,229340,False
optimizer.safetensors,adam.value_embeds.3.weight.v,22144,128,512,65536,6144,59359,0,262144,237500,False
optimizer.safetensors,adam.value_embeds.3.weight.v,22272,128,512,65536,11264,54247,0,262144,217052,False
optimizer.safetensors,adam.value_embeds.3.weight.v,22400,128,512,65536,12800,52711,0,262144,210908,False
optimizer.safetensors,adam.value_embeds.3.weight.v,22528,128,512,65536,9728,55789,0,262144,223220,False
optimizer.safetensors,adam.value_embeds.3.weight.v,22656,128,512,65536,7168,58326,0,262144,233368,False
optimizer.safetensors,adam.value_embeds.3.weight.v,22784,128,512,65536,8192,57312,0,262144,229312,False
optimizer.safetensors,adam.value_embeds.3.weight.v,22912,128,512,65536,7680,57818,0,262144,231336,False
optimizer.safetensors,adam.value_embeds.3.weight.v,23040,128,512,65536,7680,57835,0,262144,231404,False
optimizer.safetensors,adam.value_embeds.3.weight.v,23168,128,512,65536,11776,53727,0,262144,214972,False
optimizer.safetensors,adam.value_embeds.3.weight.v,23296,128,512,65536,13824,51695,0,262144,206844,False
optimizer.safetensors,adam.value_embeds.3.weight.v,23424,128,512,65536,7168,58338,0,262144,233416,False
optimizer.safetensors,adam.value_embeds.3.weight.v,23552,128,512,65536,14336,51180,0,262144,204784,False
optimizer.safetensors,adam.value_embeds.3.weight.v,23680,128,512,65536,12800,52712,0,262144,210912,False
optimizer.safetensors,adam.value_embeds.3.weight.v,23808,128,512,65536,14848,50665,0,262144,202724,False
optimizer.safetensors,adam.value_embeds.3.weight.v,23936,128,512,65536,10752,54765,0,262144,219124,False
optimizer.safetensors,adam.value_embeds.3.weight.v,24064,128,512,65536,12800,52710,0,262144,210904,False
optimizer.safetensors,adam.value_embeds.3.weight.v,24192,128,512,65536,8704,56807,0,262144,227292,False
optimizer.safetensors,adam.value_embeds.3.weight.v,24320,128,512,65536,8192,57311,0,262144,229308,False
optimizer.safetensors,adam.value_embeds.3.weight.v,24448,128,512,65536,7680,57829,0,262144,231380,False
optimizer.safetensors,adam.value_embeds.3.weight.v,24576,128,512,65536,11264,54251,0,262144,217068,False
optimizer.safetensors,adam.value_embeds.3.weight.v,24704,128,512,65536,16896,48620,0,262144,194544,False
optimizer.safetensors,adam.value_embeds.3.weight.v,24832,128,512,65536,10240,55270,0,262144,221144,False
optimizer.safetensors,adam.value_embeds.3.weight.v,24960,128,512,65536,15360,50149,0,262144,200660,False
optimizer.safetensors,adam.value_embeds.3.weight.v,25088,128,512,65536,14848,50670,0,262144,202744,False
optimizer.safetensors,adam.value_embeds.3.weight.v,25216,128,512,65536,10240,55265,0,262144,221124,False
optimizer.safetensors,adam.value_embeds.3.weight.v,25344,128,512,65536,12288,53229,0,262144,212980,False
optimizer.safetensors,adam.value_embeds.3.weight.v,25472,128,512,65536,15360,50159,0,262144,200700,False
optimizer.safetensors,adam.value_embeds.3.weight.v,25600,128,512,65536,11776,53726,0,262144,214968,False
optimizer.safetensors,adam.value_embeds.3.weight.v,25728,128,512,65536,13312,52198,0,262144,208856,False
optimizer.safetensors,adam.value_embeds.3.weight.v,25856,128,512,65536,10240,55268,0,262144,221136,False
optimizer.safetensors,adam.value_embeds.3.weight.v,25984,128,512,65536,10240,55263,0,262144,221116,False
optimizer.safetensors,adam.value_embeds.3.weight.v,26112,128,512,65536,12288,53211,0,262144,212908,False
optimizer.safetensors,adam.value_embeds.3.weight.v,26240,128,512,65536,14336,51177,0,262144,204772,False
optimizer.safetensors,adam.value_embeds.3.weight.v,26368,128,512,65536,12800,52720,0,262144,210944,False
optimizer.safetensors,adam.value_embeds.3.weight.v,26496,128,512,65536,12800,52717,0,262144,210932,False
optimizer.safetensors,adam.value_embeds.3.weight.v,26624,128,512,65536,14336,51178,0,262144,204776,False
optimizer.safetensors,adam.value_embeds.3.weight.v,26752,128,512,65536,10752,54757,0,262144,219092,False
optimizer.safetensors,adam.value_embeds.3.weight.v,26880,128,512,65536,10240,55265,0,262144,221124,False
optimizer.safetensors,adam.value_embeds.3.weight.v,27008,128,512,65536,10752,54753,0,262144,219076,False
optimizer.safetensors,adam.value_embeds.3.weight.v,27136,128,512,65536,14336,51174,0,262144,204760,False
optimizer.safetensors,adam.value_embeds.3.weight.v,27264,128,512,65536,13312,52204,0,262144,208880,False
optimizer.safetensors,adam.value_embeds.3.weight.v,27392,128,512,65536,17920,47589,0,262144,190420,False
optimizer.safetensors,adam.value_embeds.3.weight.v,27520,128,512,65536,15360,50150,0,262144,200664,False
optimizer.safetensors,adam.value_embeds.3.weight.v,27648,128,512,65536,11776,53736,0,262144,215008,False
optimizer.safetensors,adam.value_embeds.3.weight.v,27776,128,512,65536,14848,50659,0,262144,202700,False
optimizer.safetensors,adam.value_embeds.3.weight.v,27904,128,512,65536,16384,49116,0,262144,196528,False
optimizer.safetensors,adam.value_embeds.3.weight.v,28032,128,512,65536,13312,52205,0,262144,208884,False
optimizer.safetensors,adam.value_embeds.3.weight.v,28160,128,512,65536,12800,52711,0,262144,210908,False
optimizer.safetensors,adam.value_embeds.3.weight.v,28288,128,512,65536,15360,50154,0,262144,200680,False
optimizer.safetensors,adam.value_embeds.3.weight.v,28416,128,512,65536,15872,49642,0,262144,198632,False
optimizer.safetensors,adam.value_embeds.3.weight.v,28544,128,512,65536,13312,52208,0,262144,208896,False
optimizer.safetensors,adam.value_embeds.3.weight.v,28672,128,512,65536,10240,55270,0,262144,221144,False
optimizer.safetensors,adam.value_embeds.3.weight.v,28800,128,512,65536,18432,47082,0,262144,188392,False
optimizer.safetensors,adam.value_embeds.3.weight.v,28928,128,512,65536,16896,48617,0,262144,194532,False
optimizer.safetensors,adam.value_embeds.3.weight.v,29056,128,512,65536,19968,45545,0,262144,182244,False
optimizer.safetensors,adam.value_embeds.3.weight.v,29184,128,512,65536,14336,51178,0,262144,204776,False
optimizer.safetensors,adam.value_embeds.3.weight.v,29312,128,512,65536,17408,48105,0,262144,192484,False
optimizer.safetensors,adam.value_embeds.3.weight.v,29440,128,512,65536,13824,51694,0,262144,206840,False
optimizer.safetensors,adam.value_embeds.3.weight.v,29568,128,512,65536,14848,50674,0,262144,202760,False
optimizer.safetensors,adam.value_embeds.3.weight.v,29696,128,512,65536,19968,45552,0,262144,182272,False
optimizer.safetensors,adam.value_embeds.3.weight.v,29824,128,512,65536,12800,52716,0,262144,210928,False
optimizer.safetensors,adam.value_embeds.3.weight.v,29952,128,512,65536,14848,50669,0,262144,202740,False
optimizer.safetensors,adam.value_embeds.3.weight.v,30080,128,512,65536,18432,47078,0,262144,188376,False
optimizer.safetensors,adam.value_embeds.3.weight.v,30208,128,512,65536,15360,50151,0,262144,200668,False
optimizer.safetensors,adam.value_embeds.3.weight.v,30336,128,512,65536,15360,50146,0,262144,200648,False
optimizer.safetensors,adam.value_embeds.3.weight.v,30464,128,512,65536,16896,48623,0,262144,194556,False
optimizer.safetensors,adam.value_embeds.3.weight.v,30592,128,512,65536,17920,47592,0,262144,190432,False
optimizer.safetensors,adam.value_embeds.3.weight.v,30720,128,512,65536,12800,52708,0,262144,210896,False
optimizer.safetensors,adam.value_embeds.3.weight.v,30848,128,512,65536,13824,51685,0,262144,206804,False
optimizer.safetensors,adam.value_embeds.3.weight.v,30976,128,512,65536,19968,45549,0,262144,182260,False
optimizer.safetensors,adam.value_embeds.3.weight.v,31104,128,512,65536,18432,47084,0,262144,188400,False
optimizer.safetensors,adam.value_embeds.3.weight.v,31232,128,512,65536,19456,46057,0,262144,184292,False
optimizer.safetensors,adam.value_embeds.3.weight.v,31360,128,512,65536,14336,51178,0,262144,204776,False
optimizer.safetensors,adam.value_embeds.3.weight.v,31488,128,512,65536,15872,49643,0,262144,198636,False
optimizer.safetensors,adam.value_embeds.3.weight.v,31616,128,512,65536,21504,44014,0,262144,176120,False
optimizer.safetensors,adam.value_embeds.3.weight.v,31744,128,512,65536,15360,50151,0,262144,200668,False
optimizer.safetensors,adam.value_embeds.3.weight.v,31872,128,512,65536,15360,50154,0,262144,200680,False
optimizer.safetensors,adam.value_embeds.3.weight.v,32000,128,512,65536,15872,49627,0,262144,198572,False
optimizer.safetensors,adam.value_embeds.3.weight.v,32128,128,512,65536,16896,48615,0,262144,194524,False
optimizer.safetensors,adam.value_embeds.3.weight.v,32256,128,512,65536,18944,46581,0,262144,186388,False
optimizer.safetensors,adam.value_embeds.3.weight.v,32384,128,512,65536,14848,50664,0,262144,202720,False
optimizer.safetensors,adam.value_embeds.3.weight.v,32512,128,512,65536,22528,42991,0,262144,172028,False
optimizer.safetensors,adam.value_embeds.3.weight.v,32640,128,512,65536,23040,42479,0,262144,169980,False
optimizer.safetensors,adam.value_embeds.5.weight.m,0,128,512,65536,17408,48125,0,262144,192564,False
optimizer.safetensors,adam.value_embeds.5.weight.m,128,128,512,65536,21504,44026,0,262144,176168,False
optimizer.safetensors,adam.value_embeds.5.weight.m,256,128,512,65536,512,65005,0,262144,260084,True
optimizer.safetensors,adam.value_embeds.5.weight.m,384,128,512,65536,0,65518,0,262144,262136,True
optimizer.safetensors,adam.value_embeds.5.weight.m,512,128,512,65536,0,65524,0,262144,262160,True
optimizer.safetensors,adam.value_embeds.5.weight.m,640,128,512,65536,1536,63990,0,262144,256024,True
optimizer.safetensors,adam.value_embeds.5.weight.m,768,128,512,65536,2048,63483,0,262144,253996,True
optimizer.safetensors,adam.value_embeds.5.weight.m,896,128,512,65536,3072,62450,0,262144,249864,True
optimizer.safetensors,adam.value_embeds.5.weight.m,1024,128,512,65536,1536,63989,0,262144,256020,True
optimizer.safetensors,adam.value_embeds.5.weight.m,1152,128,512,65536,1024,64501,0,262144,258068,True
optimizer.safetensors,adam.value_embeds.5.weight.m,1280,128,512,65536,2560,62967,0,262144,251932,True
optimizer.safetensors,adam.value_embeds.5.weight.m,1408,128,512,65536,5632,59898,0,262144,239656,False
optimizer.safetensors,adam.value_embeds.5.weight.m,1536,128,512,65536,1024,64500,0,262144,258064,True
optimizer.safetensors,adam.value_embeds.5.weight.m,1664,128,512,65536,3584,61941,0,262144,247828,False
optimizer.safetensors,adam.value_embeds.5.weight.m,1792,128,512,65536,2560,62965,0,262144,251924,True
optimizer.safetensors,adam.value_embeds.5.weight.m,1920,128,512,65536,2048,63480,0,262144,253984,True
optimizer.safetensors,adam.value_embeds.5.weight.m,2048,128,512,65536,3072,62456,0,262144,249888,True
optimizer.safetensors,adam.value_embeds.5.weight.m,2176,128,512,65536,3584,61938,0,262144,247816,False
optimizer.safetensors,adam.value_embeds.5.weight.m,2304,128,512,65536,3072,62460,0,262144,249904,True
optimizer.safetensors,adam.value_embeds.5.weight.m,2432,128,512,65536,3584,61939,0,262144,247820,False
optimizer.safetensors,adam.value_embeds.5.weight.m,2560,128,512,65536,4096,61430,0,262144,245784,False
optimizer.safetensors,adam.value_embeds.5.weight.m,2688,128,512,65536,2048,63475,0,262144,253964,True
optimizer.safetensors,adam.value_embeds.5.weight.m,2816,128,512,65536,4096,61427,0,262144,245772,False
optimizer.safetensors,adam.value_embeds.5.weight.m,2944,128,512,65536,4608,60921,0,262144,243748,False
optimizer.safetensors,adam.value_embeds.5.weight.m,3072,128,512,65536,2560,62958,0,262144,251896,True
optimizer.safetensors,adam.value_embeds.5.weight.m,3200,128,512,65536,2560,62967,0,262144,251932,True
optimizer.safetensors,adam.value_embeds.5.weight.m,3328,128,512,65536,2048,63481,0,262144,253988,True
optimizer.safetensors,adam.value_embeds.5.weight.m,3456,128,512,65536,5120,60408,0,262144,241696,False
optimizer.safetensors,adam.value_embeds.5.weight.m,3584,128,512,65536,3072,62450,0,262144,249864,True
optimizer.safetensors,adam.value_embeds.5.weight.m,3712,128,512,65536,7168,58355,0,262144,233484,False
optimizer.safetensors,adam.value_embeds.5.weight.m,3840,128,512,65536,1536,63992,0,262144,256032,True
optimizer.safetensors,adam.value_embeds.5.weight.m,3968,128,512,65536,3584,61938,0,262144,247816,False
optimizer.safetensors,adam.value_embeds.5.weight.m,4096,128,512,65536,2560,62968,0,262144,251936,True
optimizer.safetensors,adam.value_embeds.5.weight.m,4224,128,512,65536,2048,63473,0,262144,253956,True
optimizer.safetensors,adam.value_embeds.5.weight.m,4352,128,512,65536,3072,62451,0,262144,249868,True
optimizer.safetensors,adam.value_embeds.5.weight.m,4480,128,512,65536,4096,61427,0,262144,245772,False
optimizer.safetensors,adam.value_embeds.5.weight.m,4608,128,512,65536,2560,62963,0,262144,251916,True
optimizer.safetensors,adam.value_embeds.5.weight.m,4736,128,512,65536,2560,62961,0,262144,251908,True
optimizer.safetensors,adam.value_embeds.5.weight.m,4864,128,512,65536,3072,62454,0,262144,249880,True
optimizer.safetensors,adam.value_embeds.5.weight.m,4992,128,512,65536,3072,62453,0,262144,249876,True
optimizer.safetensors,adam.value_embeds.5.weight.m,5120,128,512,65536,2560,62965,0,262144,251924,True
optimizer.safetensors,adam.value_embeds.5.weight.m,5248,128,512,65536,4096,61433,0,262144,245796,False
optimizer.safetensors,adam.value_embeds.5.weight.m,5376,128,512,65536,2048,63479,0,262144,253980,True
optimizer.safetensors,adam.value_embeds.5.weight.m,5504,128,512,65536,5632,59889,0,262144,239620,False
optimizer.safetensors,adam.value_embeds.5.weight.m,5632,128,512,65536,4608,60919,0,262144,243740,False
optimizer.safetensors,adam.value_embeds.5.weight.m,5760,128,512,65536,5632,59891,0,262144,239628,False
optimizer.safetensors,adam.value_embeds.5.weight.m,5888,128,512,65536,4096,61422,0,262144,245752,False
optimizer.safetensors,adam.value_embeds.5.weight.m,6016,128,512,65536,2048,63477,0,262144,253972,True
optimizer.safetensors,adam.value_embeds.5.weight.m,6144,128,512,65536,3072,62449,0,262144,249860,True
optimizer.safetensors,adam.value_embeds.5.weight.m,6272,128,512,65536,3584,61939,0,262144,247820,False
optimizer.safetensors,adam.value_embeds.5.weight.m,6400,128,512,65536,4608,60920,0,262144,243744,False
optimizer.safetensors,adam.value_embeds.5.weight.m,6528,128,512,65536,4608,60919,0,262144,243740,False
optimizer.safetensors,adam.value_embeds.5.weight.m,6656,128,512,65536,4608,60915,0,262144,243724,False
optimizer.safetensors,adam.value_embeds.5.weight.m,6784,128,512,65536,3584,61939,0,262144,247820,False
optimizer.safetensors,adam.value_embeds.5.weight.m,6912,128,512,65536,4608,60912,0,262144,243712,False
optimizer.safetensors,adam.value_embeds.5.weight.m,7040,128,512,65536,4096,61428,0,262144,245776,False
optimizer.safetensors,adam.value_embeds.5.weight.m,7168,128,512,65536,4096,61427,0,262144,245772,False
optimizer.safetensors,adam.value_embeds.5.weight.m,7296,128,512,65536,5120,60406,0,262144,241688,False
optimizer.safetensors,adam.value_embeds.5.weight.m,7424,128,512,65536,4096,61431,0,262144,245788,False
optimizer.safetensors,adam.value_embeds.5.weight.m,7552,128,512,65536,5120,60404,0,262144,241680,False
optimizer.safetensors,adam.value_embeds.5.weight.m,7680,128,512,65536,3584,61943,0,262144,247836,False
optimizer.safetensors,adam.value_embeds.5.weight.m,7808,128,512,65536,3072,62450,0,262144,249864,True
optimizer.safetensors,adam.value_embeds.5.weight.m,7936,128,512,65536,4096,61431,0,262144,245788,False
optimizer.safetensors,adam.value_embeds.5.weight.m,8064,128,512,65536,4096,61426,0,262144,245768,False
optimizer.safetensors,adam.value_embeds.5.weight.m,8192,128,512,65536,3072,62452,0,262144,249872,True
optimizer.safetensors,adam.value_embeds.5.weight.m,8320,128,512,65536,3584,61937,0,262144,247812,False
optimizer.safetensors,adam.value_embeds.5.weight.m,8448,128,512,65536,2048,63480,0,262144,253984,True
optimizer.safetensors,adam.value_embeds.5.weight.m,8576,128,512,65536,7168,58362,0,262144,233512,False
optimizer.safetensors,adam.value_embeds.5.weight.m,8704,128,512,65536,4096,61427,0,262144,245772,False
optimizer.safetensors,adam.value_embeds.5.weight.m,8832,128,512,65536,4096,61424,0,262144,245760,False
optimizer.safetensors,adam.value_embeds.5.weight.m,8960,128,512,65536,6144,59381,0,262144,237588,False
optimizer.safetensors,adam.value_embeds.5.weight.m,9088,128,512,65536,3072,62448,0,262144,249856,True
optimizer.safetensors,adam.value_embeds.5.weight.m,9216,128,512,65536,3584,61937,0,262144,247812,False
optimizer.safetensors,adam.value_embeds.5.weight.m,9344,128,512,65536,4096,61431,0,262144,245788,False
optimizer.safetensors,adam.value_embeds.5.weight.m,9472,128,512,65536,5120,60407,0,262144,241692,False
optimizer.safetensors,adam.value_embeds.5.weight.m,9600,128,512,65536,2048,63476,0,262144,253968,True
optimizer.safetensors,adam.value_embeds.5.weight.m,9728,128,512,65536,4096,61424,0,262144,245760,False
optimizer.safetensors,adam.value_embeds.5.weight.m,9856,128,512,65536,4096,61429,0,262144,245780,False
optimizer.safetensors,adam.value_embeds.5.weight.m,9984,128,512,65536,3584,61943,0,262144,247836,False
optimizer.safetensors,adam.value_embeds.5.weight.m,10112,128,512,65536,6144,59384,0,262144,237600,False
optimizer.safetensors,adam.value_embeds.5.weight.m,10240,128,512,65536,4096,61425,0,262144,245764,False
optimizer.safetensors,adam.value_embeds.5.weight.m,10368,128,512,65536,4096,61425,0,262144,245764,False
optimizer.safetensors,adam.value_embeds.5.weight.m,10496,128,512,65536,6144,59379,0,262144,237580,False
optimizer.safetensors,adam.value_embeds.5.weight.m,10624,128,512,65536,5632,59892,0,262144,239632,False
optimizer.safetensors,adam.value_embeds.5.weight.m,10752,128,512,65536,3072,62445,0,262144,249844,True
optimizer.safetensors,adam.value_embeds.5.weight.m,10880,128,512,65536,2560,62963,0,262144,251916,True
optimizer.safetensors,adam.value_embeds.5.weight.m,11008,128,512,65536,2560,62972,0,262144,251952,True
optimizer.safetensors,adam.value_embeds.5.weight.m,11136,128,512,65536,5632,59890,0,262144,239624,False
optimizer.safetensors,adam.value_embeds.5.weight.m,11264,128,512,65536,3584,61939,0,262144,247820,False
optimizer.safetensors,adam.value_embeds.5.weight.m,11392,128,512,65536,3584,61933,0,262144,247796,False
optimizer.safetensors,adam.value_embeds.5.weight.m,11520,128,512,65536,7680,57841,0,262144,231428,False
optimizer.safetensors,adam.value_embeds.5.weight.m,11648,128,512,65536,6144,59382,0,262144,237592,False
optimizer.safetensors,adam.value_embeds.5.weight.m,11776,128,512,65536,6144,59381,0,262144,237588,False
optimizer.safetensors,adam.value_embeds.5.weight.m,11904,128,512,65536,5632,59896,0,262144,239648,False
optimizer.safetensors,adam.value_embeds.5.weight.m,12032,128,512,65536,6144,59383,0,262144,237596,False
optimizer.safetensors,adam.value_embeds.5.weight.m,12160,128,512,65536,3584,61939,0,262144,247820,False
optimizer.safetensors,adam.value_embeds.5.weight.m,12288,128,512,65536,4608,60920,0,262144,243744,False
optimizer.safetensors,adam.value_embeds.5.weight.m,12416,128,512,65536,3072,62448,0,262144,249856,True
optimizer.safetensors,adam.value_embeds.5.weight.m,12544,128,512,65536,5632,59891,0,262144,239628,False
optimizer.safetensors,adam.value_embeds.5.weight.m,12672,128,512,65536,6144,59378,0,262144,237576,False
optimizer.safetensors,adam.value_embeds.5.weight.m,12800,128,512,65536,6144,59380,0,262144,237584,False
optimizer.safetensors,adam.value_embeds.5.weight.m,12928,128,512,65536,5632,59894,0,262144,239640,False
optimizer.safetensors,adam.value_embeds.5.weight.m,13056,128,512,65536,5632,59892,0,262144,239632,False
optimizer.safetensors,adam.value_embeds.5.weight.m,13184,128,512,65536,4096,61430,0,262144,245784,False
optimizer.safetensors,adam.value_embeds.5.weight.m,13312,128,512,65536,5632,59893,0,262144,239636,False
optimizer.safetensors,adam.value_embeds.5.weight.m,13440,128,512,65536,5632,59890,0,262144,239624,False
optimizer.safetensors,adam.value_embeds.5.weight.m,13568,128,512,65536,7168,58350,0,262144,233464,False
optimizer.safetensors,adam.value_embeds.5.weight.m,13696,128,512,65536,4096,61422,0,262144,245752,False
optimizer.safetensors,adam.value_embeds.5.weight.m,13824,128,512,65536,5632,59891,0,262144,239628,False
optimizer.safetensors,adam.value_embeds.5.weight.m,13952,128,512,65536,4096,61426,0,262144,245768,False
optimizer.safetensors,adam.value_embeds.5.weight.m,14080,128,512,65536,9728,55795,0,262144,223244,False
optimizer.safetensors,adam.value_embeds.5.weight.m,14208,128,512,65536,6656,58868,0,262144,235536,False
optimizer.safetensors,adam.value_embeds.5.weight.m,14336,128,512,65536,7168,58358,0,262144,233496,False
optimizer.safetensors,adam.value_embeds.5.weight.m,14464,128,512,65536,2048,63475,0,262144,253964,True
optimizer.safetensors,adam.value_embeds.5.weight.m,14592,128,512,65536,4096,61432,0,262144,245792,False
optimizer.safetensors,adam.value_embeds.5.weight.m,14720,128,512,65536,4096,61416,0,262144,245728,False
optimizer.safetensors,adam.value_embeds.5.weight.m,14848,128,512,65536,3072,62447,0,262144,249852,True
optimizer.safetensors,adam.value_embeds.5.weight.m,14976,128,512,65536,3584,61937,0,262144,247812,False
optimizer.safetensors,adam.value_embeds.5.weight.m,15104,128,512,65536,5120,60406,0,262144,241688,False
optimizer.safetensors,adam.value_embeds.5.weight.m,15232,128,512,65536,6656,58867,0,262144,235532,False
optimizer.safetensors,adam.value_embeds.5.weight.m,15360,128,512,65536,9216,56309,0,262144,225300,False
optimizer.safetensors,adam.value_embeds.5.weight.m,15488,128,512,65536,7168,58355,0,262144,233484,False
optimizer.safetensors,adam.value_embeds.5.weight.m,15616,128,512,65536,7680,57842,0,262144,231432,False
optimizer.safetensors,adam.value_embeds.5.weight.m,15744,128,512,65536,5120,60403,0,262144,241676,False
optimizer.safetensors,adam.value_embeds.5.weight.m,15872,128,512,65536,6144,59382,0,262144,237592,False
optimizer.safetensors,adam.value_embeds.5.weight.m,16000,128,512,65536,4096,61426,0,262144,245768,False
optimizer.safetensors,adam.value_embeds.5.weight.m,16128,128,512,65536,6144,59376,0,262144,237568,False
optimizer.safetensors,adam.value_embeds.5.weight.m,16256,128,512,65536,5120,60405,0,262144,241684,False
optimizer.safetensors,adam.value_embeds.5.weight.m,16384,128,512,65536,6656,58870,0,262144,235544,False
optimizer.safetensors,adam.value_embeds.5.weight.m,16512,128,512,65536,3072,62452,0,262144,249872,True
optimizer.safetensors,adam.value_embeds.5.weight.m,16640,128,512,65536,8704,56813,0,262144,227316,False
optimizer.safetensors,adam.value_embeds.5.weight.m,16768,128,512,65536,7168,58354,0,262144,233480,False
optimizer.safetensors,adam.value_embeds.5.weight.m,16896,128,512,65536,5632,59893,0,262144,239636,False
optimizer.safetensors,adam.value_embeds.5.weight.m,17024,128,512,65536,6144,59385,0,262144,237604,False
optimizer.safetensors,adam.value_embeds.5.weight.m,17152,128,512,65536,5632,59892,0,262144,239632,False
optimizer.safetensors,adam.value_embeds.5.weight.m,17280,128,512,65536,5632,59888,0,262144,239616,False
optimizer.safetensors,adam.value_embeds.5.weight.m,17408,128,512,65536,7680,57849,0,262144,231460,False
optimizer.safetensors,adam.value_embeds.5.weight.m,17536,128,512,65536,7168,58356,0,262144,233488,False
optimizer.safetensors,adam.value_embeds.5.weight.m,17664,128,512,65536,4096,61427,0,262144,245772,False
optimizer.safetensors,adam.value_embeds.5.weight.m,17792,128,512,65536,7680,57841,0,262144,231428,False
optimizer.safetensors,adam.value_embeds.5.weight.m,17920,128,512,65536,7168,58352,0,262144,233472,False
optimizer.safetensors,adam.value_embeds.5.weight.m,18048,128,512,65536,6656,58867,0,262144,235532,False
optimizer.safetensors,adam.value_embeds.5.weight.m,18176,128,512,65536,5120,60404,0,262144,241680,False
optimizer.safetensors,adam.value_embeds.5.weight.m,18304,128,512,65536,7680,57843,0,262144,231436,False
optimizer.safetensors,adam.value_embeds.5.weight.m,18432,128,512,65536,4096,61433,0,262144,245796,False
optimizer.safetensors,adam.value_embeds.5.weight.m,18560,128,512,65536,8704,56822,0,262144,227352,False
optimizer.safetensors,adam.value_embeds.5.weight.m,18688,128,512,65536,8192,57326,0,262144,229368,False
optimizer.safetensors,adam.value_embeds.5.weight.m,18816,128,512,65536,9728,55798,0,262144,223256,False
optimizer.safetensors,adam.value_embeds.5.weight.m,18944,128,512,65536,7680,57840,0,262144,231424,False
optimizer.safetensors,adam.value_embeds.5.weight.m,19072,128,512,65536,6656,58863,0,262144,235516,False
optimizer.safetensors,adam.value_embeds.5.weight.m,19200,128,512,65536,5632,59892,0,262144,239632,False
optimizer.safetensors,adam.value_embeds.5.weight.m,19328,128,512,65536,5120,60403,0,262144,241676,False
optimizer.safetensors,adam.value_embeds.5.weight.m,19456,128,512,65536,9728,55798,0,262144,223256,False
optimizer.safetensors,adam.value_embeds.5.weight.m,19584,128,512,65536,7168,58358,0,262144,233496,False
optimizer.safetensors,adam.value_embeds.5.weight.m,19712,128,512,65536,7168,58355,0,262144,233484,False
optimizer.safetensors,adam.value_embeds.5.weight.m,19840,128,512,65536,11264,54261,0,262144,217108,False
optimizer.safetensors,adam.value_embeds.5.weight.m,19968,128,512,65536,8192,57330,0,262144,229384,False
optimizer.safetensors,adam.value_embeds.5.weight.m,20096,128,512,65536,6144,59379,0,262144,237580,False
optimizer.safetensors,adam.value_embeds.5.weight.m,20224,128,512,65536,7168,58355,0,262144,233484,False
optimizer.safetensors,adam.value_embeds.5.weight.m,20352,128,512,65536,11776,53755,0,262144,215084,False
optimizer.safetensors,adam.value_embeds.5.weight.m,20480,128,512,65536,5632,59893,0,262144,239636,False
optimizer.safetensors,adam.value_embeds.5.weight.m,20608,128,512,65536,6656,58871,0,262144,235548,False
optimizer.safetensors,adam.value_embeds.5.weight.m,20736,128,512,65536,6144,59375,0,262144,237564,False
optimizer.safetensors,adam.value_embeds.5.weight.m,20864,128,512,65536,8192,57334,0,262144,229400,False
optimizer.safetensors,adam.value_embeds.5.weight.m,20992,128,512,65536,7168,58354,0,262144,233480,False
optimizer.safetensors,adam.value_embeds.5.weight.m,21120,128,512,65536,11776,53753,0,262144,215076,False
optimizer.safetensors,adam.value_embeds.5.weight.m,21248,128,512,65536,7680,57844,0,262144,231440,False
optimizer.safetensors,adam.value_embeds.5.weight.m,21376,128,512,65536,10752,54775,0,262144,219164,False
optimizer.safetensors,adam.value_embeds.5.weight.m,21504,128,512,65536,8192,57337,0,262144,229412,False
optimizer.safetensors,adam.value_embeds.5.weight.m,21632,128,512,65536,10240,55288,0,262144,221216,False
optimizer.safetensors,adam.value_embeds.5.weight.m,21760,128,512,65536,10240,55288,0,262144,221216,False
optimizer.safetensors,adam.value_embeds.5.weight.m,21888,128,512,65536,4608,60909,0,262144,243700,False
optimizer.safetensors,adam.value_embeds.5.weight.m,22016,128,512,65536,8192,57329,0,262144,229380,False
optimizer.safetensors,adam.value_embeds.5.weight.m,22144,128,512,65536,6144,59376,0,262144,237568,False
optimizer.safetensors,adam.value_embeds.5.weight.m,22272,128,512,65536,11264,54261,0,262144,217108,False
optimizer.safetensors,adam.value_embeds.5.weight.m,22400,128,512,65536,12800,52721,0,262144,210948,False
optimizer.safetensors,adam.value_embeds.5.weight.m,22528,128,512,65536,9728,55796,0,262144,223248,False
optimizer.safetensors,adam.value_embeds.5.weight.m,22656,128,512,65536,7168,58355,0,262144,233484,False
optimizer.safetensors,adam.value_embeds.5.weight.m,22784,128,512,65536,8192,57337,0,262144,229412,False
optimizer.safetensors,adam.value_embeds.5.weight.m,22912,128,512,65536,7680,57846,0,262144,231448,False
optimizer.safetensors,adam.value_embeds.5.weight.m,23040,128,512,65536,7680,57850,0,262144,231464,False
optimizer.safetensors,adam.value_embeds.5.weight.m,23168,128,512,65536,11776,53753,0,262144,215076,False
optimizer.safetensors,adam.value_embeds.5.weight.m,23296,128,512,65536,13824,51698,0,262144,206856,False
optimizer.safetensors,adam.value_embeds.5.weight.m,23424,128,512,65536,7168,58349,0,262144,233460,False
optimizer.safetensors,adam.value_embeds.5.weight.m,23552,128,512,65536,14336,51190,0,262144,204824,False
optimizer.safetensors,adam.value_embeds.5.weight.m,23680,128,512,65536,12800,52722,0,262144,210952,False
optimizer.safetensors,adam.value_embeds.5.weight.m,23808,128,512,65536,14848,50673,0,262144,202756,False
optimizer.safetensors,adam.value_embeds.5.weight.m,23936,128,512,65536,10752,54773,0,262144,219156,False
optimizer.safetensors,adam.value_embeds.5.weight.m,24064,128,512,65536,12800,52726,0,262144,210968,False
optimizer.safetensors,adam.value_embeds.5.weight.m,24192,128,512,65536,8704,56825,0,262144,227364,False
optimizer.safetensors,adam.value_embeds.5.weight.m,24320,128,512,65536,8192,57331,0,262144,229388,False
optimizer.safetensors,adam.value_embeds.5.weight.m,24448,128,512,65536,7680,57838,0,262144,231416,False
optimizer.safetensors,adam.value_embeds.5.weight.m,24576,128,512,65536,11264,54268,0,262144,217136,False
optimizer.safetensors,adam.value_embeds.5.weight.m,24704,128,512,65536,16896,48631,0,262144,194588,False
optimizer.safetensors,adam.value_embeds.5.weight.m,24832,128,512,65536,10240,55288,0,262144,221216,False
optimizer.safetensors,adam.value_embeds.5.weight.m,24960,128,512,65536,15360,50173,0,262144,200756,False
optimizer.safetensors,adam.value_embeds.5.weight.m,25088,128,512,65536,14848,50679,0,262144,202780,False
optimizer.safetensors,adam.value_embeds.5.weight.m,25216,128,512,65536,10240,55287,0,262144,221212,False
optimizer.safetensors,adam.value_embeds.5.weight.m,25344,128,512,65536,12288,53239,0,262144,213020,False
optimizer.safetensors,adam.value_embeds.5.weight.m,25472,128,512,65536,15360,50163,0,262144,200716,False
optimizer.safetensors,adam.value_embeds.5.weight.m,25600,128,512,65536,11776,53752,0,262144,215072,False
optimizer.safetensors,adam.value_embeds.5.weight.m,25728,128,512,65536,13312,52220,0,262144,208944,False
optimizer.safetensors,adam.value_embeds.5.weight.m,25856,128,512,65536,10240,55288,0,262144,221216,False
optimizer.safetensors,adam.value_embeds.5.weight.m,25984,128,512,65536,10240,55285,0,262144,221204,False
optimizer.safetensors,adam.value_embeds.5.weight.m,26112,128,512,65536,12288,53241,0,262144,213028,False
optimizer.safetensors,adam.value_embeds.5.weight.m,26240,128,512,65536,14336,51192,0,262144,204832,False
optimizer.safetensors,adam.value_embeds.5.weight.m,26368,128,512,65536,12800,52721,0,262144,210948,False
optimizer.safetensors,adam.value_embeds.5.weight.m,26496,128,512,65536,12800,52731,0,262144,210988,False
optimizer.safetensors,adam.value_embeds.5.weight.m,26624,128,512,65536,14336,51190,0,262144,204824,False
optimizer.safetensors,adam.value_embeds.5.weight.m,26752,128,512,65536,10752,54770,0,262144,219144,False
optimizer.safetensors,adam.value_embeds.5.weight.m,26880,128,512,65536,10240,55290,0,262144,221224,False
optimizer.safetensors,adam.value_embeds.5.weight.m,27008,128,512,65536,10752,54773,0,262144,219156,False
optimizer.safetensors,adam.value_embeds.5.weight.m,27136,128,512,65536,14336,51193,0,262144,204836,False
optimizer.safetensors,adam.value_embeds.5.weight.m,27264,128,512,65536,13312,52214,0,262144,208920,False
optimizer.safetensors,adam.value_embeds.5.weight.m,27392,128,512,65536,17920,47609,0,262144,190500,False
optimizer.safetensors,adam.value_embeds.5.weight.m,27520,128,512,65536,15360,50168,0,262144,200736,False
optimizer.safetensors,adam.value_embeds.5.weight.m,27648,128,512,65536,11776,53749,0,262144,215060,False
optimizer.safetensors,adam.value_embeds.5.weight.m,27776,128,512,65536,14848,50680,0,262144,202784,False
optimizer.safetensors,adam.value_embeds.5.weight.m,27904,128,512,65536,16384,49141,0,262144,196628,False
optimizer.safetensors,adam.value_embeds.5.weight.m,28032,128,512,65536,13312,52219,0,262144,208940,False
optimizer.safetensors,adam.value_embeds.5.weight.m,28160,128,512,65536,12800,52729,0,262144,210980,False
optimizer.safetensors,adam.value_embeds.5.weight.m,28288,128,512,65536,15360,50166,0,262144,200728,False
optimizer.safetensors,adam.value_embeds.5.weight.m,28416,128,512,65536,15872,49658,0,262144,198696,False
optimizer.safetensors,adam.value_embeds.5.weight.m,28544,128,512,65536,13312,52217,0,262144,208932,False
optimizer.safetensors,adam.value_embeds.5.weight.m,28672,128,512,65536,10240,55282,0,262144,221192,False
optimizer.safetensors,adam.value_embeds.5.weight.m,28800,128,512,65536,18432,47097,0,262144,188452,False
optimizer.safetensors,adam.value_embeds.5.weight.m,28928,128,512,65536,16896,48629,0,262144,194580,False
optimizer.safetensors,adam.value_embeds.5.weight.m,29056,128,512,65536,19968,45557,0,262144,182292,False
optimizer.safetensors,adam.value_embeds.5.weight.m,29184,128,512,65536,14336,51195,0,262144,204844,False
optimizer.safetensors,adam.value_embeds.5.weight.m,29312,128,512,65536,17408,48121,0,262144,192548,False
optimizer.safetensors,adam.value_embeds.5.weight.m,29440,128,512,65536,13824,51700,0,262144,206864,False
optimizer.safetensors,adam.value_embeds.5.weight.m,29568,128,512,65536,14848,50681,0,262144,202788,False
optimizer.safetensors,adam.value_embeds.5.weight.m,29696,128,512,65536,19968,45563,0,262144,182316,False
optimizer.safetensors,adam.value_embeds.5.weight.m,29824,128,512,65536,12800,52724,0,262144,210960,False
optimizer.safetensors,adam.value_embeds.5.weight.m,29952,128,512,65536,14848,50683,0,262144,202796,False
optimizer.safetensors,adam.value_embeds.5.weight.m,30080,128,512,65536,18432,47096,0,262144,188448,False
optimizer.safetensors,adam.value_embeds.5.weight.m,30208,128,512,65536,15360,50165,0,262144,200724,False
optimizer.safetensors,adam.value_embeds.5.weight.m,30336,128,512,65536,15360,50167,0,262144,200732,False
optimizer.safetensors,adam.value_embeds.5.weight.m,30464,128,512,65536,16896,48634,0,262144,194600,False
optimizer.safetensors,adam.value_embeds.5.weight.m,30592,128,512,65536,17920,47608,0,262144,190496,False
optimizer.safetensors,adam.value_embeds.5.weight.m,30720,128,512,65536,12800,52725,0,262144,210964,False
optimizer.safetensors,adam.value_embeds.5.weight.m,30848,128,512,65536,13824,51705,0,262144,206884,False
optimizer.safetensors,adam.value_embeds.5.weight.m,30976,128,512,65536,19968,45560,0,262144,182304,False
optimizer.safetensors,adam.value_embeds.5.weight.m,31104,128,512,65536,18432,47093,0,262144,188436,False
optimizer.safetensors,adam.value_embeds.5.weight.m,31232,128,512,65536,19456,46069,0,262144,184340,False
optimizer.safetensors,adam.value_embeds.5.weight.m,31360,128,512,65536,14336,51191,0,262144,204828,False
optimizer.safetensors,adam.value_embeds.5.weight.m,31488,128,512,65536,15872,49655,0,262144,198684,False
optimizer.safetensors,adam.value_embeds.5.weight.m,31616,128,512,65536,21504,44025,0,262144,176164,False
optimizer.safetensors,adam.value_embeds.5.weight.m,31744,128,512,65536,15360,50168,0,262144,200736,False
optimizer.safetensors,adam.value_embeds.5.weight.m,31872,128,512,65536,15360,50163,0,262144,200716,False
optimizer.safetensors,adam.value_embeds.5.weight.m,32000,128,512,65536,15872,49652,0,262144,198672,False
optimizer.safetensors,adam.value_embeds.5.weight.m,32128,128,512,65536,16896,48634,0,262144,194600,False
optimizer.safetensors,adam.value_embeds.5.weight.m,32256,128,512,65536,18944,46582,0,262144,186392,False
optimizer.safetensors,adam.value_embeds.5.weight.m,32384,128,512,65536,14848,50676,0,262144,202768,False
optimizer.safetensors,adam.value_embeds.5.weight.m,32512,128,512,65536,22528,42999,0,262144,172060,False
optimizer.safetensors,adam.value_embeds.5.weight.m,32640,128,512,65536,23040,42493,0,262144,170036,False
optimizer.safetensors,adam.value_embeds.5.weight.v,0,128,512,65536,17408,48116,0,262144,192528,False
optimizer.safetensors,adam.value_embeds.5.weight.v,128,128,512,65536,21504,44018,0,262144,176136,False
optimizer.safetensors,adam.value_embeds.5.weight.v,256,128,512,65536,512,65003,0,262144,260076,True
optimizer.safetensors,adam.value_embeds.5.weight.v,384,128,512,65536,0,65526,0,262144,262168,True
optimizer.safetensors,adam.value_embeds.5.weight.v,512,128,512,65536,0,65526,0,262144,262168,True
optimizer.safetensors,adam.value_embeds.5.weight.v,640,128,512,65536,1536,63984,0,262144,256000,True
optimizer.safetensors,adam.value_embeds.5.weight.v,768,128,512,65536,2048,63473,0,262144,253956,True
optimizer.safetensors,adam.value_embeds.5.weight.v,896,128,512,65536,3072,62447,0,262144,249852,True
optimizer.safetensors,adam.value_embeds.5.weight.v,1024,128,512,65536,1536,63984,0,262144,256000,True
optimizer.safetensors,adam.value_embeds.5.weight.v,1152,128,512,65536,1024,64494,0,262144,258040,True
optimizer.safetensors,adam.value_embeds.5.weight.v,1280,128,512,65536,2560,62958,0,262144,251896,True
optimizer.safetensors,adam.value_embeds.5.weight.v,1408,128,512,65536,5632,59880,0,262144,239584,False
optimizer.safetensors,adam.value_embeds.5.weight.v,1536,128,512,65536,1024,64500,0,262144,258064,True
optimizer.safetensors,adam.value_embeds.5.weight.v,1664,128,512,65536,3584,61944,0,262144,247840,False
optimizer.safetensors,adam.value_embeds.5.weight.v,1792,128,512,65536,2560,62961,0,262144,251908,True
optimizer.safetensors,adam.value_embeds.5.weight.v,1920,128,512,65536,2048,63472,0,262144,253952,True
optimizer.safetensors,adam.value_embeds.5.weight.v,2048,128,512,65536,3072,62450,0,262144,249864,True
optimizer.safetensors,adam.value_embeds.5.weight.v,2176,128,512,65536,3584,61937,0,262144,247812,False
optimizer.safetensors,adam.value_embeds.5.weight.v,2304,128,512,65536,3072,62448,0,262144,249856,True
optimizer.safetensors,adam.value_embeds.5.weight.v,2432,128,512,65536,3584,61939,0,262144,247820,False
optimizer.safetensors,adam.value_embeds.5.weight.v,2560,128,512,65536,4096,61418,0,262144,245736,False
optimizer.safetensors,adam.value_embeds.5.weight.v,2688,128,512,65536,2048,63474,0,262144,253960,True
optimizer.safetensors,adam.value_embeds.5.weight.v,2816,128,512,65536,4096,61420,0,262144,245744,False
optimizer.safetensors,adam.value_embeds.5.weight.v,2944,128,512,65536,4608,60908,0,262144,243696,False
optimizer.safetensors,adam.value_embeds.5.weight.v,3072,128,512,65536,2560,62959,0,262144,251900,True
optimizer.safetensors,adam.value_embeds.5.weight.v,3200,128,512,65536,2560,62959,0,262144,251900,True
optimizer.safetensors,adam.value_embeds.5.weight.v,3328,128,512,65536,2048,63474,0,262144,253960,True
optimizer.safetensors,adam.value_embeds.5.weight.v,3456,128,512,65536,5120,60399,0,262144,241660,False
optimizer.safetensors,adam.value_embeds.5.weight.v,3584,128,512,65536,3072,62445,0,262144,249844,True
optimizer.safetensors,adam.value_embeds.5.weight.v,3712,128,512,65536,7168,58352,0,262144,233472,False
optimizer.safetensors,adam.value_embeds.5.weight.v,3840,128,512,65536,1536,63979,0,262144,255980,True
optimizer.safetensors,adam.value_embeds.5.weight.v,3968,128,512,65536,3584,61929,0,262144,247780,False
optimizer.safetensors,adam.value_embeds.5.weight.v,4096,128,512,65536,2560,62959,0,262144,251900,True
optimizer.safetensors,adam.value_embeds.5.weight.v,4224,128,512,65536,2048,63463,0,262144,253916,True
optimizer.safetensors,adam.value_embeds.5.weight.v,4352,128,512,65536,3072,62448,0,262144,249856,True
optimizer.safetensors,adam.value_embeds.5.weight.v,4480,128,512,65536,4096,61421,0,262144,245748,False
optimizer.safetensors,adam.value_embeds.5.weight.v,4608,128,512,65536,2560,62956,0,262144,251888,True
optimizer.safetensors,adam.value_embeds.5.weight.v,4736,128,512,65536,2560,62956,0,262144,251888,True
optimizer.safetensors,adam.value_embeds.5.weight.v,4864,128,512,65536,3072,62439,0,262144,249820,True
optimizer.safetensors,adam.value_embeds.5.weight.v,4992,128,512,65536,3072,62443,0,262144,249836,True
optimizer.safetensors,adam.value_embeds.5.weight.v,5120,128,512,65536,2560,62956,0,262144,251888,True
optimizer.safetensors,adam.value_embeds.5.weight.v,5248,128,512,65536,4096,61417,0,262144,245732,False
optimizer.safetensors,adam.value_embeds.5.weight.v,5376,128,512,65536,2048,63460,0,262144,253904,True
optimizer.safetensors,adam.value_embeds.5.weight.v,5504,128,512,65536,5632,59888,0,262144,239616,False
optimizer.safetensors,adam.value_embeds.5.weight.v,5632,128,512,65536,4608,60904,0,262144,243680,False
optimizer.safetensors,adam.value_embeds.5.weight.v,5760,128,512,65536,5632,59879,0,262144,239580,False
optimizer.safetensors,adam.value_embeds.5.weight.v,5888,128,512,65536,4096,61416,0,262144,245728,False
optimizer.safetensors,adam.value_embeds.5.weight.v,6016,128,512,65536,2048,63463,0,262144,253916,True
optimizer.safetensors,adam.value_embeds.5.weight.v,6144,128,512,65536,3072,62425,0,262144,249764,True
optimizer.safetensors,adam.value_embeds.5.weight.v,6272,128,512,65536,3584,61932,0,262144,247792,False
optimizer.safetensors,adam.value_embeds.5.weight.v,6400,128,512,65536,4608,60904,0,262144,243680,False
optimizer.safetensors,adam.value_embeds.5.weight.v,6528,128,512,65536,4608,60905,0,262144,243684,False
optimizer.safetensors,adam.value_embeds.5.weight.v,6656,128,512,65536,4608,60910,0,262144,243704,False
optimizer.safetensors,adam.value_embeds.5.weight.v,6784,128,512,65536,3584,61933,0,262144,247796,False
optimizer.safetensors,adam.value_embeds.5.weight.v,6912,128,512,65536,4608,60913,0,262144,243716,False
optimizer.safetensors,adam.value_embeds.5.weight.v,7040,128,512,65536,4096,61416,0,262144,245728,False
optimizer.safetensors,adam.value_embeds.5.weight.v,7168,128,512,65536,4096,61418,0,262144,245736,False
optimizer.safetensors,adam.value_embeds.5.weight.v,7296,128,512,65536,5120,60390,0,262144,241624,False
optimizer.safetensors,adam.value_embeds.5.weight.v,7424,128,512,65536,4096,61423,0,262144,245756,False
optimizer.safetensors,adam.value_embeds.5.weight.v,7552,128,512,65536,5120,60393,0,262144,241636,False
optimizer.safetensors,adam.value_embeds.5.weight.v,7680,128,512,65536,3584,61931,0,262144,247788,False
optimizer.safetensors,adam.value_embeds.5.weight.v,7808,128,512,65536,3072,62445,0,262144,249844,True
optimizer.safetensors,adam.value_embeds.5.weight.v,7936,128,512,65536,4096,61418,0,262144,245736,False
optimizer.safetensors,adam.value_embeds.5.weight.v,8064,128,512,65536,4096,61412,0,262144,245712,False
optimizer.safetensors,adam.value_embeds.5.weight.v,8192,128,512,65536,3072,62434,0,262144,249800,True
optimizer.safetensors,adam.value_embeds.5.weight.v,8320,128,512,65536,3584,61925,0,262144,247764,False
optimizer.safetensors,adam.value_embeds.5.weight.v,8448,128,512,65536,2048,63469,0,262144,253940,True
optimizer.safetensors,adam.value_embeds.5.weight.v,8576,128,512,65536,7168,58354,0,262144,233480,False
optimizer.safetensors,adam.value_embeds.5.weight.v,8704,128,512,65536,4096,61412,0,262144,245712,False
optimizer.safetensors,adam.value_embeds.5.weight.v,8832,128,512,65536,4096,61420,0,262144,245744,False
optimizer.safetensors,adam.value_embeds.5.weight.v,8960,128,512,65536,6144,59373,0,262144,237556,False
optimizer.safetensors,adam.value_embeds.5.weight.v,9088,128,512,65536,3072,62439,0,262144,249820,True
optimizer.safetensors,adam.value_embeds.5.weight.v,9216,128,512,65536,3584,61927,0,262144,247772,False
optimizer.safetensors,adam.value_embeds.5.weight.v,9344,128,512,65536,4096,61413,0,262144,245716,False
optimizer.safetensors,adam.value_embeds.5.weight.v,9472,128,512,65536,5120,60395,0,262144,241644,False
optimizer.safetensors,adam.value_embeds.5.weight.v,9600,128,512,65536,2048,63457,0,262144,253892,True
optimizer.safetensors,adam.value_embeds.5.weight.v,9728,128,512,65536,4096,61422,0,262144,245752,False
optimizer.safetensors,adam.value_embeds.5.weight.v,9856,128,512,65536,4096,61413,0,262144,245716,False
optimizer.safetensors,adam.value_embeds.5.weight.v,9984,128,512,65536,3584,61923,0,262144,247756,False
optimizer.safetensors,adam.value_embeds.5.weight.v,10112,128,512,65536,6144,59365,0,262144,237524,False
optimizer.safetensors,adam.value_embeds.5.weight.v,10240,128,512,65536,4096,61417,0,262144,245732,False
optimizer.safetensors,adam.value_embeds.5.weight.v,10368,128,512,65536,4096,61413,0,262144,245716,False
optimizer.safetensors,adam.value_embeds.5.weight.v,10496,128,512,65536,6144,59370,0,262144,237544,False
optimizer.safetensors,adam.value_embeds.5.weight.v,10624,128,512,65536,5632,59882,0,262144,239592,False
optimizer.safetensors,adam.value_embeds.5.weight.v,10752,128,512,65536,3072,62437,0,262144,249812,True
optimizer.safetensors,adam.value_embeds.5.weight.v,10880,128,512,65536,2560,62949,0,262144,251860,True
optimizer.safetensors,adam.value_embeds.5.weight.v,11008,128,512,65536,2560,62944,0,262144,251840,True
optimizer.safetensors,adam.value_embeds.5.weight.v,11136,128,512,65536,5632,59887,0,262144,239612,False
optimizer.safetensors,adam.value_embeds.5.weight.v,11264,128,512,65536,3584,61927,0,262144,247772,False
optimizer.safetensors,adam.value_embeds.5.weight.v,11392,128,512,65536,3584,61930,0,262144,247784,False
optimizer.safetensors,adam.value_embeds.5.weight.v,11520,128,512,65536,7680,57837,0,262144,231412,False
optimizer.safetensors,adam.value_embeds.5.weight.v,11648,128,512,65536,6144,59375,0,262144,237564,False
optimizer.safetensors,adam.value_embeds.5.weight.v,11776,128,512,65536,6144,59363,0,262144,237516,False
optimizer.safetensors,adam.value_embeds.5.weight.v,11904,128,512,65536,5632,59879,0,262144,239580,False
optimizer.safetensors,adam.value_embeds.5.weight.v,12032,128,512,65536,6144,59369,0,262144,237540,False
optimizer.safetensors,adam.value_embeds.5.weight.v,12160,128,512,65536,3584,61927,0,262144,247772,False
optimizer.safetensors,adam.value_embeds.5.weight.v,12288,128,512,65536,4608,60901,0,262144,243668,False
optimizer.safetensors,adam.value_embeds.5.weight.v,12416,128,512,65536,3072,62437,0,262144,249812,True
optimizer.safetensors,adam.value_embeds.5.weight.v,12544,128,512,65536,5632,59876,0,262144,239568,False
optimizer.safetensors,adam.value_embeds.5.weight.v,12672,128,512,65536,6144,59359,0,262144,237500,False
optimizer.safetensors,adam.value_embeds.5.weight.v,12800,128,512,65536,6144,59362,0,262144,237512,False
optimizer.safetensors,adam.value_embeds.5.weight.v,12928,128,512,65536,5632,59887,0,262144,239612,False
optimizer.safetensors,adam.value_embeds.5.weight.v,13056,128,512,65536,5632,59879,0,262144,239580,False
optimizer.safetensors,adam.value_embeds.5.weight.v,13184,128,512,65536,4096,61420,0,262144,245744,False
optimizer.safetensors,adam.value_embeds.5.weight.v,13312,128,512,65536,5632,59868,0,262144,239536,False
optimizer.safetensors,adam.value_embeds.5.weight.v,13440,128,512,65536,5632,59876,0,262144,239568,False
optimizer.safetensors,adam.value_embeds.5.weight.v,13568,128,512,65536,7168,58331,0,262144,233388,False
optimizer.safetensors,adam.value_embeds.5.weight.v,13696,128,512,65536,4096,61408,0,262144,245696,False
optimizer.safetensors,adam.value_embeds.5.weight.v,13824,128,512,65536,5632,59876,0,262144,239568,False
optimizer.safetensors,adam.value_embeds.5.weight.v,13952,128,512,65536,4096,61410,0,262144,245704,False
optimizer.safetensors,adam.value_embeds.5.weight.v,14080,128,512,65536,9728,55786,0,262144,223208,False
optimizer.safetensors,adam.value_embeds.5.weight.v,14208,128,512,65536,6656,58844,0,262144,235440,False
optimizer.safetensors,adam.value_embeds.5.weight.v,14336,128,512,65536,7168,58333,0,262144,233396,False
optimizer.safetensors,adam.value_embeds.5.weight.v,14464,128,512,65536,2048,63453,0,262144,253876,True
optimizer.safetensors,adam.value_embeds.5.weight.v,14592,128,512,65536,4096,61416,0,262144,245728,False
optimizer.safetensors,adam.value_embeds.5.weight.v,14720,128,512,65536,4096,61406,0,262144,245688,False
optimizer.safetensors,adam.value_embeds.5.weight.v,14848,128,512,65536,3072,62438,0,262144,249816,True
optimizer.safetensors,adam.value_embeds.5.weight.v,14976,128,512,65536,3584,61922,0,262144,247752,False
optimizer.safetensors,adam.value_embeds.5.weight.v,15104,128,512,65536,5120,60387,0,262144,241612,False
optimizer.safetensors,adam.value_embeds.5.weight.v,15232,128,512,65536,6656,58852,0,262144,235472,False
optimizer.safetensors,adam.value_embeds.5.weight.v,15360,128,512,65536,9216,56305,0,262144,225284,False
optimizer.safetensors,adam.value_embeds.5.weight.v,15488,128,512,65536,7168,58343,0,262144,233436,False
optimizer.safetensors,adam.value_embeds.5.weight.v,15616,128,512,65536,7680,57823,0,262144,231356,False
optimizer.safetensors,adam.value_embeds.5.weight.v,15744,128,512,65536,5120,60384,0,262144,241600,False
optimizer.safetensors,adam.value_embeds.5.weight.v,15872,128,512,65536,6144,59366,0,262144,237528,False
optimizer.safetensors,adam.value_embeds.5.weight.v,16000,128,512,65536,4096,61408,0,262144,245696,False
optimizer.safetensors,adam.value_embeds.5.weight.v,16128,128,512,65536,6144,59361,0,262144,237508,False
optimizer.safetensors,adam.value_embeds.5.weight.v,16256,128,512,65536,5120,60384,0,262144,241600,False
optimizer.safetensors,adam.value_embeds.5.weight.v,16384,128,512,65536,6656,58861,0,262144,235508,False
optimizer.safetensors,adam.value_embeds.5.weight.v,16512,128,512,65536,3072,62440,0,262144,249824,True
optimizer.safetensors,adam.value_embeds.5.weight.v,16640,128,512,65536,8704,56799,0,262144,227260,False
optimizer.safetensors,adam.value_embeds.5.weight.v,16768,128,512,65536,7168,58330,0,262144,233384,False
optimizer.safetensors,adam.value_embeds.5.weight.v,16896,128,512,65536,5632,59891,0,262144,239628,False
optimizer.safetensors,adam.value_embeds.5.weight.v,17024,128,512,65536,6144,59358,0,262144,237496,False
optimizer.safetensors,adam.value_embeds.5.weight.v,17152,128,512,65536,5632,59875,0,262144,239564,False
optimizer.safetensors,adam.value_embeds.5.weight.v,17280,128,512,65536,5632,59876,0,262144,239568,False
optimizer.safetensors,adam.value_embeds.5.weight.v,17408,128,512,65536,7680,57829,0,262144,231380,False
optimizer.safetensors,adam.value_embeds.5.weight.v,17536,128,512,65536,7168,58335,0,262144,233404,False
optimizer.safetensors,adam.value_embeds.5.weight.v,17664,128,512,65536,4096,61411,0,262144,245708,False
optimizer.safetensors,adam.value_embeds.5.weight.v,17792,128,512,65536,7680,57833,0,262144,231396,False
optimizer.safetensors,adam.value_embeds.5.weight.v,17920,128,512,65536,7168,58337,0,262144,233412,False
optimizer.safetensors,adam.value_embeds.5.weight.v,18048,128,512,65536,6656,58855,0,262144,235484,False
optimizer.safetensors,adam.value_embeds.5.weight.v,18176,128,512,65536,5120,60393,0,262144,241636,False
optimizer.safetensors,adam.value_embeds.5.weight.v,18304,128,512,65536,7680,57836,0,262144,231408,False
optimizer.safetensors,adam.value_embeds.5.weight.v,18432,128,512,65536,4096,61410,0,262144,245704,False
optimizer.safetensors,adam.value_embeds.5.weight.v,18560,128,512,65536,8704,56814,0,262144,227320,False
optimizer.safetensors,adam.value_embeds.5.weight.v,18688,128,512,65536,8192,57311,0,262144,229308,False
optimizer.safetensors,adam.value_embeds.5.weight.v,18816,128,512,65536,9728,55789,0,262144,223220,False
optimizer.safetensors,adam.value_embeds.5.weight.v,18944,128,512,65536,7680,57822,0,262144,231352,False
optimizer.safetensors,adam.value_embeds.5.weight.v,19072,128,512,65536,6656,58850,0,262144,235464,False
optimizer.safetensors,adam.value_embeds.5.weight.v,19200,128,512,65536,5632,59877,0,262144,239572,False
optimizer.safetensors,adam.value_embeds.5.weight.v,19328,128,512,65536,5120,60380,0,262144,241584,False
optimizer.safetensors,adam.value_embeds.5.weight.v,19456,128,512,65536,9728,55783,0,262144,223196,False
optimizer.safetensors,adam.value_embeds.5.weight.v,19584,128,512,65536,7168,58345,0,262144,233444,False
optimizer.safetensors,adam.value_embeds.5.weight.v,19712,128,512,65536,7168,58333,0,262144,233396,False
optimizer.safetensors,adam.value_embeds.5.weight.v,19840,128,512,65536,11264,54238,0,262144,217016,False
optimizer.safetensors,adam.value_embeds.5.weight.v,19968,128,512,65536,8192,57317,0,262144,229332,False
optimizer.safetensors,adam.value_embeds.5.weight.v,20096,128,512,65536,6144,59351,0,262144,237468,False
optimizer.safetensors,adam.value_embeds.5.weight.v,20224,128,512,65536,7168,58335,0,262144,233404,False
optimizer.safetensors,adam.value_embeds.5.weight.v,20352,128,512,65536,11776,53736,0,262144,215008,False
optimizer.safetensors,adam.value_embeds.5.weight.v,20480,128,512,65536,5632,59884,0,262144,239600,False
optimizer.safetensors,adam.value_embeds.5.weight.v,20608,128,512,65536,6656,58849,0,262144,235460,False
optimizer.safetensors,adam.value_embeds.5.weight.v,20736,128,512,65536,6144,59361,0,262144,237508,False
optimizer.safetensors,adam.value_embeds.5.weight.v,20864,128,512,65536,8192,57312,0,262144,229312,False
optimizer.safetensors,adam.value_embeds.5.weight.v,20992,128,512,65536,7168,58337,0,262144,233412,False
optimizer.safetensors,adam.value_embeds.5.weight.v,21120,128,512,65536,11776,53737,0,262144,215012,False
optimizer.safetensors,adam.value_embeds.5.weight.v,21248,128,512,65536,7680,57820,0,262144,231344,False
optimizer.safetensors,adam.value_embeds.5.weight.v,21376,128,512,65536,10752,54750,0,262144,219064,False
optimizer.safetensors,adam.value_embeds.5.weight.v,21504,128,512,65536,8192,57312,0,262144,229312,False
optimizer.safetensors,adam.value_embeds.5.weight.v,21632,128,512,65536,10240,55273,0,262144,221156,False
optimizer.safetensors,adam.value_embeds.5.weight.v,21760,128,512,65536,10240,55269,0,262144,221140,False
optimizer.safetensors,adam.value_embeds.5.weight.v,21888,128,512,65536,4608,60887,0,262144,243612,False
optimizer.safetensors,adam.value_embeds.5.weight.v,22016,128,512,65536,8192,57321,0,262144,229348,False
optimizer.safetensors,adam.value_embeds.5.weight.v,22144,128,512,65536,6144,59362,0,262144,237512,False
optimizer.safetensors,adam.value_embeds.5.weight.v,22272,128,512,65536,11264,54246,0,262144,217048,False
optimizer.safetensors,adam.value_embeds.5.weight.v,22400,128,512,65536,12800,52710,0,262144,210904,False
optimizer.safetensors,adam.value_embeds.5.weight.v,22528,128,512,65536,9728,55785,0,262144,223204,False
optimizer.safetensors,adam.value_embeds.5.weight.v,22656,128,512,65536,7168,58340,0,262144,233424,False
optimizer.safetensors,adam.value_embeds.5.weight.v,22784,128,512,65536,8192,57320,0,262144,229344,False
optimizer.safetensors,adam.value_embeds.5.weight.v,22912,128,512,65536,7680,57831,0,262144,231388,False
optimizer.safetensors,adam.value_embeds.5.weight.v,23040,128,512,65536,7680,57832,0,262144,231392,False
optimizer.safetensors,adam.value_embeds.5.weight.v,23168,128,512,65536,11776,53737,0,262144,215012,False
optimizer.safetensors,adam.value_embeds.5.weight.v,23296,128,512,65536,13824,51691,0,262144,206828,False
optimizer.safetensors,adam.value_embeds.5.weight.v,23424,128,512,65536,7168,58335,0,262144,233404,False
optimizer.safetensors,adam.value_embeds.5.weight.v,23552,128,512,65536,14336,51180,0,262144,204784,False
optimizer.safetensors,adam.value_embeds.5.weight.v,23680,128,512,65536,12800,52708,0,262144,210896,False
optimizer.safetensors,adam.value_embeds.5.weight.v,23808,128,512,65536,14848,50668,0,262144,202736,False
optimizer.safetensors,adam.value_embeds.5.weight.v,23936,128,512,65536,10752,54749,0,262144,219060,False
optimizer.safetensors,adam.value_embeds.5.weight.v,24064,128,512,65536,12800,52710,0,262144,210904,False
optimizer.safetensors,adam.value_embeds.5.weight.v,24192,128,512,65536,8704,56804,0,262144,227280,False
optimizer.safetensors,adam.value_embeds.5.weight.v,24320,128,512,65536,8192,57316,0,262144,229328,False
optimizer.safetensors,adam.value_embeds.5.weight.v,24448,128,512,65536,7680,57825,0,262144,231364,False
optimizer.safetensors,adam.value_embeds.5.weight.v,24576,128,512,65536,11264,54250,0,262144,217064,False
optimizer.safetensors,adam.value_embeds.5.weight.v,24704,128,512,65536,16896,48619,0,262144,194540,False
optimizer.safetensors,adam.value_embeds.5.weight.v,24832,128,512,65536,10240,55267,0,262144,221132,False
optimizer.safetensors,adam.value_embeds.5.weight.v,24960,128,512,65536,15360,50152,0,262144,200672,False
optimizer.safetensors,adam.value_embeds.5.weight.v,25088,128,512,65536,14848,50658,0,262144,202696,False
optimizer.safetensors,adam.value_embeds.5.weight.v,25216,128,512,65536,10240,55269,0,262144,221140,False
optimizer.safetensors,adam.value_embeds.5.weight.v,25344,128,512,65536,12288,53220,0,262144,212944,False
optimizer.safetensors,adam.value_embeds.5.weight.v,25472,128,512,65536,15360,50150,0,262144,200664,False
optimizer.safetensors,adam.value_embeds.5.weight.v,25600,128,512,65536,11776,53731,0,262144,214988,False
optimizer.safetensors,adam.value_embeds.5.weight.v,25728,128,512,65536,13312,52203,0,262144,208876,False
optimizer.safetensors,adam.value_embeds.5.weight.v,25856,128,512,65536,10240,55270,0,262144,221144,False
optimizer.safetensors,adam.value_embeds.5.weight.v,25984,128,512,65536,10240,55271,0,262144,221148,False
optimizer.safetensors,adam.value_embeds.5.weight.v,26112,128,512,65536,12288,53228,0,262144,212976,False
optimizer.safetensors,adam.value_embeds.5.weight.v,26240,128,512,65536,14336,51174,0,262144,204760,False
optimizer.safetensors,adam.value_embeds.5.weight.v,26368,128,512,65536,12800,52710,0,262144,210904,False
optimizer.safetensors,adam.value_embeds.5.weight.v,26496,128,512,65536,12800,52718,0,262144,210936,False
optimizer.safetensors,adam.value_embeds.5.weight.v,26624,128,512,65536,14336,51173,0,262144,204756,False
optimizer.safetensors,adam.value_embeds.5.weight.v,26752,128,512,65536,10752,54755,0,262144,219084,False
optimizer.safetensors,adam.value_embeds.5.weight.v,26880,128,512,65536,10240,55278,0,262144,221176,False
optimizer.safetensors,adam.value_embeds.5.weight.v,27008,128,512,65536,10752,54751,0,262144,219068,False
optimizer.safetensors,adam.value_embeds.5.weight.v,27136,128,512,65536,14336,51177,0,262144,204772,False
optimizer.safetensors,adam.value_embeds.5.weight.v,27264,128,512,65536,13312,52203,0,262144,208876,False
optimizer.safetensors,adam.value_embeds.5.weight.v,27392,128,512,65536,17920,47594,0,262144,190440,False
optimizer.safetensors,adam.value_embeds.5.weight.v,27520,128,512,65536,15360,50154,0,262144,200680,False
optimizer.safetensors,adam.value_embeds.5.weight.v,27648,128,512,65536,11776,53733,0,262144,214996,False
optimizer.safetensors,adam.value_embeds.5.weight.v,27776,128,512,65536,14848,50661,0,262144,202708,False
optimizer.safetensors,adam.value_embeds.5.weight.v,27904,128,512,65536,16384,49129,0,262144,196580,False
optimizer.safetensors,adam.value_embeds.5.weight.v,28032,128,512,65536,13312,52200,0,262144,208864,False
optimizer.safetensors,adam.value_embeds.5.weight.v,28160,128,512,65536,12800,52703,0,262144,210876,False
optimizer.safetensors,adam.value_embeds.5.weight.v,28288,128,512,65536,15360,50154,0,262144,200680,False
optimizer.safetensors,adam.value_embeds.5.weight.v,28416,128,512,65536,15872,49648,0,262144,198656,False
optimizer.safetensors,adam.value_embeds.5.weight.v,28544,128,512,65536,13312,52198,0,262144,208856,False
optimizer.safetensors,adam.value_embeds.5.weight.v,28672,128,512,65536,10240,55262,0,262144,221112,False
optimizer.safetensors,adam.value_embeds.5.weight.v,28800,128,512,65536,18432,47083,0,262144,188396,False
optimizer.safetensors,adam.value_embeds.5.weight.v,28928,128,512,65536,16896,48609,0,262144,194500,False
optimizer.safetensors,adam.value_embeds.5.weight.v,29056,128,512,65536,19968,45538,0,262144,182216,False
optimizer.safetensors,adam.value_embeds.5.weight.v,29184,128,512,65536,14336,51176,0,262144,204768,False
optimizer.safetensors,adam.value_embeds.5.weight.v,29312,128,512,65536,17408,48105,0,262144,192484,False
optimizer.safetensors,adam.value_embeds.5.weight.v,29440,128,512,65536,13824,51684,0,262144,206800,False
optimizer.safetensors,adam.value_embeds.5.weight.v,29568,128,512,65536,14848,50664,0,262144,202720,False
optimizer.safetensors,adam.value_embeds.5.weight.v,29696,128,512,65536,19968,45556,0,262144,182288,False
optimizer.safetensors,adam.value_embeds.5.weight.v,29824,128,512,65536,12800,52719,0,262144,210940,False
optimizer.safetensors,adam.value_embeds.5.weight.v,29952,128,512,65536,14848,50668,0,262144,202736,False
optimizer.safetensors,adam.value_embeds.5.weight.v,30080,128,512,65536,18432,47087,0,262144,188412,False
optimizer.safetensors,adam.value_embeds.5.weight.v,30208,128,512,65536,15360,50156,0,262144,200688,False
optimizer.safetensors,adam.value_embeds.5.weight.v,30336,128,512,65536,15360,50154,0,262144,200680,False
optimizer.safetensors,adam.value_embeds.5.weight.v,30464,128,512,65536,16896,48624,0,262144,194560,False
optimizer.safetensors,adam.value_embeds.5.weight.v,30592,128,512,65536,17920,47592,0,262144,190432,False
optimizer.safetensors,adam.value_embeds.5.weight.v,30720,128,512,65536,12800,52714,0,262144,210920,False
optimizer.safetensors,adam.value_embeds.5.weight.v,30848,128,512,65536,13824,51675,0,262144,206764,False
optimizer.safetensors,adam.value_embeds.5.weight.v,30976,128,512,65536,19968,45547,0,262144,182252,False
optimizer.safetensors,adam.value_embeds.5.weight.v,31104,128,512,65536,18432,47085,0,262144,188404,False
optimizer.safetensors,adam.value_embeds.5.weight.v,31232,128,512,65536,19456,46061,0,262144,184308,False
optimizer.safetensors,adam.value_embeds.5.weight.v,31360,128,512,65536,14336,51167,0,262144,204732,False
optimizer.safetensors,adam.value_embeds.5.weight.v,31488,128,512,65536,15872,49642,0,262144,198632,False
optimizer.safetensors,adam.value_embeds.5.weight.v,31616,128,512,65536,21504,44010,0,262144,176104,False
optimizer.safetensors,adam.value_embeds.5.weight.v,31744,128,512,65536,15360,50153,0,262144,200676,False
optimizer.safetensors,adam.value_embeds.5.weight.v,31872,128,512,65536,15360,50145,0,262144,200644,False
optimizer.safetensors,adam.value_embeds.5.weight.v,32000,128,512,65536,15872,49643,0,262144,198636,False
optimizer.safetensors,adam.value_embeds.5.weight.v,32128,128,512,65536,16896,48616,0,262144,194528,False
optimizer.safetensors,adam.value_embeds.5.weight.v,32256,128,512,65536,18944,46575,0,262144,186364,False
optimizer.safetensors,adam.value_embeds.5.weight.v,32384,128,512,65536,14848,50663,0,262144,202716,False
optimizer.safetensors,adam.value_embeds.5.weight.v,32512,128,512,65536,22528,42985,0,262144,172004,False
optimizer.safetensors,adam.value_embeds.5.weight.v,32640,128,512,65536,23040,42480,0,262144,169984,False
optimizer.safetensors,adam.value_embeds.7.weight.m,0,128,512,65536,17408,48126,0,262144,192568,False
optimizer.safetensors,adam.value_embeds.7.weight.m,128,128,512,65536,21504,44019,0,262144,176140,False
optimizer.safetensors,adam.value_embeds.7.weight.m,256,128,512,65536,512,65014,0,262144,260120,True
optimizer.safetensors,adam.value_embeds.7.weight.m,384,128,512,65536,0,65522,0,262144,262152,True
optimizer.safetensors,adam.value_embeds.7.weight.m,512,128,512,65536,0,65525,0,262144,262164,True
optimizer.safetensors,adam.value_embeds.7.weight.m,640,128,512,65536,1536,63987,0,262144,256012,True
optimizer.safetensors,adam.value_embeds.7.weight.m,768,128,512,65536,2048,63485,0,262144,254004,True
optimizer.safetensors,adam.value_embeds.7.weight.m,896,128,512,65536,3072,62454,0,262144,249880,True
optimizer.safetensors,adam.value_embeds.7.weight.m,1024,128,512,65536,1536,63989,0,262144,256020,True
optimizer.safetensors,adam.value_embeds.7.weight.m,1152,128,512,65536,1024,64503,0,262144,258076,True
optimizer.safetensors,adam.value_embeds.7.weight.m,1280,128,512,65536,2560,62965,0,262144,251924,True
optimizer.safetensors,adam.value_embeds.7.weight.m,1408,128,512,65536,5632,59900,0,262144,239664,False
optimizer.safetensors,adam.value_embeds.7.weight.m,1536,128,512,65536,1024,64498,0,262144,258056,True
optimizer.safetensors,adam.value_embeds.7.weight.m,1664,128,512,65536,3584,61942,0,262144,247832,False
optimizer.safetensors,adam.value_embeds.7.weight.m,1792,128,512,65536,2560,62964,0,262144,251920,True
optimizer.safetensors,adam.value_embeds.7.weight.m,1920,128,512,65536,2048,63479,0,262144,253980,True
optimizer.safetensors,adam.value_embeds.7.weight.m,2048,128,512,65536,3072,62453,0,262144,249876,True
optimizer.safetensors,adam.value_embeds.7.weight.m,2176,128,512,65536,3584,61944,0,262144,247840,False
optimizer.safetensors,adam.value_embeds.7.weight.m,2304,128,512,65536,3072,62457,0,262144,249892,True
optimizer.safetensors,adam.value_embeds.7.weight.m,2432,128,512,65536,3584,61944,0,262144,247840,False
optimizer.safetensors,adam.value_embeds.7.weight.m,2560,128,512,65536,4096,61433,0,262144,245796,False
optimizer.safetensors,adam.value_embeds.7.weight.m,2688,128,512,65536,2048,63480,0,262144,253984,True
optimizer.safetensors,adam.value_embeds.7.weight.m,2816,128,512,65536,4096,61433,0,262144,245796,False
optimizer.safetensors,adam.value_embeds.7.weight.m,2944,128,512,65536,4608,60922,0,262144,243752,False
optimizer.safetensors,adam.value_embeds.7.weight.m,3072,128,512,65536,2560,62966,0,262144,251928,True
optimizer.safetensors,adam.value_embeds.7.weight.m,3200,128,512,65536,2560,62967,0,262144,251932,True
optimizer.safetensors,adam.value_embeds.7.weight.m,3328,128,512,65536,2048,63482,0,262144,253992,True
optimizer.safetensors,adam.value_embeds.7.weight.m,3456,128,512,65536,5120,60404,0,262144,241680,False
optimizer.safetensors,adam.value_embeds.7.weight.m,3584,128,512,65536,3072,62452,0,262144,249872,True
optimizer.safetensors,adam.value_embeds.7.weight.m,3712,128,512,65536,7168,58353,0,262144,233476,False
optimizer.safetensors,adam.value_embeds.7.weight.m,3840,128,512,65536,1536,63989,0,262144,256020,True
optimizer.safetensors,adam.value_embeds.7.weight.m,3968,128,512,65536,3584,61933,0,262144,247796,False
optimizer.safetensors,adam.value_embeds.7.weight.m,4096,128,512,65536,2560,62971,0,262144,251948,True
optimizer.safetensors,adam.value_embeds.7.weight.m,4224,128,512,65536,2048,63473,0,262144,253956,True
optimizer.safetensors,adam.value_embeds.7.weight.m,4352,128,512,65536,3072,62453,0,262144,249876,True
optimizer.safetensors,adam.value_embeds.7.weight.m,4480,128,512,65536,4096,61428,0,262144,245776,False
optimizer.safetensors,adam.value_embeds.7.weight.m,4608,128,512,65536,2560,62968,0,262144,251936,True
optimizer.safetensors,adam.value_embeds.7.weight.m,4736,128,512,65536,2560,62964,0,262144,251920,True
optimizer.safetensors,adam.value_embeds.7.weight.m,4864,128,512,65536,3072,62451,0,262144,249868,True
optimizer.safetensors,adam.value_embeds.7.weight.m,4992,128,512,65536,3072,62452,0,262144,249872,True
optimizer.safetensors,adam.value_embeds.7.weight.m,5120,128,512,65536,2560,62967,0,262144,251932,True
optimizer.safetensors,adam.value_embeds.7.weight.m,5248,128,512,65536,4096,61429,0,262144,245780,False
optimizer.safetensors,adam.value_embeds.7.weight.m,5376,128,512,65536,2048,63477,0,262144,253972,True
optimizer.safetensors,adam.value_embeds.7.weight.m,5504,128,512,65536,5632,59895,0,262144,239644,False
optimizer.safetensors,adam.value_embeds.7.weight.m,5632,128,512,65536,4608,60918,0,262144,243736,False
optimizer.safetensors,adam.value_embeds.7.weight.m,5760,128,512,65536,5632,59891,0,262144,239628,False
optimizer.safetensors,adam.value_embeds.7.weight.m,5888,128,512,65536,4096,61428,0,262144,245776,False
optimizer.safetensors,adam.value_embeds.7.weight.m,6016,128,512,65536,2048,63476,0,262144,253968,True
optimizer.safetensors,adam.value_embeds.7.weight.m,6144,128,512,65536,3072,62446,0,262144,249848,True
optimizer.safetensors,adam.value_embeds.7.weight.m,6272,128,512,65536,3584,61943,0,262144,247836,False
optimizer.safetensors,adam.value_embeds.7.weight.m,6400,128,512,65536,4608,60918,0,262144,243736,False
optimizer.safetensors,adam.value_embeds.7.weight.m,6528,128,512,65536,4608,60913,0,262144,243716,False
optimizer.safetensors,adam.value_embeds.7.weight.m,6656,128,512,65536,4608,60918,0,262144,243736,False
optimizer.safetensors,adam.value_embeds.7.weight.m,6784,128,512,65536,3584,61938,0,262144,247816,False
optimizer.safetensors,adam.value_embeds.7.weight.m,6912,128,512,65536,4608,60916,0,262144,243728,False
optimizer.safetensors,adam.value_embeds.7.weight.m,7040,128,512,65536,4096,61434,0,262144,245800,False
optimizer.safetensors,adam.value_embeds.7.weight.m,7168,128,512,65536,4096,61427,0,262144,245772,False
optimizer.safetensors,adam.value_embeds.7.weight.m,7296,128,512,65536,5120,60407,0,262144,241692,False
optimizer.safetensors,adam.value_embeds.7.weight.m,7424,128,512,65536,4096,61430,0,262144,245784,False
optimizer.safetensors,adam.value_embeds.7.weight.m,7552,128,512,65536,5120,60401,0,262144,241668,False
optimizer.safetensors,adam.value_embeds.7.weight.m,7680,128,512,65536,3584,61935,0,262144,247804,False
optimizer.safetensors,adam.value_embeds.7.weight.m,7808,128,512,65536,3072,62459,0,262144,249900,True
optimizer.safetensors,adam.value_embeds.7.weight.m,7936,128,512,65536,4096,61428,0,262144,245776,False
optimizer.safetensors,adam.value_embeds.7.weight.m,8064,128,512,65536,4096,61425,0,262144,245764,False
optimizer.safetensors,adam.value_embeds.7.weight.m,8192,128,512,65536,3072,62452,0,262144,249872,True
optimizer.safetensors,adam.value_embeds.7.weight.m,8320,128,512,65536,3584,61943,0,262144,247836,False
optimizer.safetensors,adam.value_embeds.7.weight.m,8448,128,512,65536,2048,63481,0,262144,253988,True
optimizer.safetensors,adam.value_embeds.7.weight.m,8576,128,512,65536,7168,58361,0,262144,233508,False
optimizer.safetensors,adam.value_embeds.7.weight.m,8704,128,512,65536,4096,61426,0,262144,245768,False
optimizer.safetensors,adam.value_embeds.7.weight.m,8832,128,512,65536,4096,61427,0,262144,245772,False
optimizer.safetensors,adam.value_embeds.7.weight.m,8960,128,512,65536,6144,59383,0,262144,237596,False
optimizer.safetensors,adam.value_embeds.7.weight.m,9088,128,512,65536,3072,62451,0,262144,249868,True
optimizer.safetensors,adam.value_embeds.7.weight.m,9216,128,512,65536,3584,61941,0,262144,247828,False
optimizer.safetensors,adam.value_embeds.7.weight.m,9344,128,512,65536,4096,61432,0,262144,245792,False
optimizer.safetensors,adam.value_embeds.7.weight.m,9472,128,512,65536,5120,60406,0,262144,241688,False
optimizer.safetensors,adam.value_embeds.7.weight.m,9600,128,512,65536,2048,63477,0,262144,253972,True
optimizer.safetensors,adam.value_embeds.7.weight.m,9728,128,512,65536,4096,61431,0,262144,245788,False
optimizer.safetensors,adam.value_embeds.7.weight.m,9856,128,512,65536,4096,61428,0,262144,245776,False
optimizer.safetensors,adam.value_embeds.7.weight.m,9984,128,512,65536,3584,61941,0,262144,247828,False
optimizer.safetensors,adam.value_embeds.7.weight.m,10112,128,512,65536,6144,59385,0,262144,237604,False
optimizer.safetensors,adam.value_embeds.7.weight.m,10240,128,512,65536,4096,61428,0,262144,245776,False
optimizer.safetensors,adam.value_embeds.7.weight.m,10368,128,512,65536,4096,61429,0,262144,245780,False
optimizer.safetensors,adam.value_embeds.7.weight.m,10496,128,512,65536,6144,59377,0,262144,237572,False
optimizer.safetensors,adam.value_embeds.7.weight.m,10624,128,512,65536,5632,59895,0,262144,239644,False
optimizer.safetensors,adam.value_embeds.7.weight.m,10752,128,512,65536,3072,62452,0,262144,249872,True
optimizer.safetensors,adam.value_embeds.7.weight.m,10880,128,512,65536,2560,62955,0,262144,251884,True
optimizer.safetensors,adam.value_embeds.7.weight.m,11008,128,512,65536,2560,62968,0,262144,251936,True
optimizer.safetensors,adam.value_embeds.7.weight.m,11136,128,512,65536,5632,59891,0,262144,239628,False
optimizer.safetensors,adam.value_embeds.7.weight.m,11264,128,512,65536,3584,61942,0,262144,247832,False
optimizer.safetensors,adam.value_embeds.7.weight.m,11392,128,512,65536,3584,61934,0,262144,247800,False
optimizer.safetensors,adam.value_embeds.7.weight.m,11520,128,512,65536,7680,57843,0,262144,231436,False
optimizer.safetensors,adam.value_embeds.7.weight.m,11648,128,512,65536,6144,59386,0,262144,237608,False
optimizer.safetensors,adam.value_embeds.7.weight.m,11776,128,512,65536,6144,59379,0,262144,237580,False
optimizer.safetensors,adam.value_embeds.7.weight.m,11904,128,512,65536,5632,59892,0,262144,239632,False
optimizer.safetensors,adam.value_embeds.7.weight.m,12032,128,512,65536,6144,59384,0,262144,237600,False
optimizer.safetensors,adam.value_embeds.7.weight.m,12160,128,512,65536,3584,61937,0,262144,247812,False
optimizer.safetensors,adam.value_embeds.7.weight.m,12288,128,512,65536,4608,60917,0,262144,243732,False
optimizer.safetensors,adam.value_embeds.7.weight.m,12416,128,512,65536,3072,62449,0,262144,249860,True
optimizer.safetensors,adam.value_embeds.7.weight.m,12544,128,512,65536,5632,59891,0,262144,239628,False
optimizer.safetensors,adam.value_embeds.7.weight.m,12672,128,512,65536,6144,59383,0,262144,237596,False
optimizer.safetensors,adam.value_embeds.7.weight.m,12800,128,512,65536,6144,59382,0,262144,237592,False
optimizer.safetensors,adam.value_embeds.7.weight.m,12928,128,512,65536,5632,59890,0,262144,239624,False
optimizer.safetensors,adam.value_embeds.7.weight.m,13056,128,512,65536,5632,59892,0,262144,239632,False
optimizer.safetensors,adam.value_embeds.7.weight.m,13184,128,512,65536,4096,61431,0,262144,245788,False
optimizer.safetensors,adam.value_embeds.7.weight.m,13312,128,512,65536,5632,59894,0,262144,239640,False
optimizer.safetensors,adam.value_embeds.7.weight.m,13440,128,512,65536,5632,59891,0,262144,239628,False
optimizer.safetensors,adam.value_embeds.7.weight.m,13568,128,512,65536,7168,58350,0,262144,233464,False
optimizer.safetensors,adam.value_embeds.7.weight.m,13696,128,512,65536,4096,61424,0,262144,245760,False
optimizer.safetensors,adam.value_embeds.7.weight.m,13824,128,512,65536,5632,59886,0,262144,239608,False
optimizer.safetensors,adam.value_embeds.7.weight.m,13952,128,512,65536,4096,61424,0,262144,245760,False
optimizer.safetensors,adam.value_embeds.7.weight.m,14080,128,512,65536,9728,55798,0,262144,223256,False
optimizer.safetensors,adam.value_embeds.7.weight.m,14208,128,512,65536,6656,58868,0,262144,235536,False
optimizer.safetensors,adam.value_embeds.7.weight.m,14336,128,512,65536,7168,58357,0,262144,233492,False
optimizer.safetensors,adam.value_embeds.7.weight.m,14464,128,512,65536,2048,63474,0,262144,253960,True
optimizer.safetensors,adam.value_embeds.7.weight.m,14592,128,512,65536,4096,61430,0,262144,245784,False
optimizer.safetensors,adam.value_embeds.7.weight.m,14720,128,512,65536,4096,61426,0,262144,245768,False
optimizer.safetensors,adam.value_embeds.7.weight.m,14848,128,512,65536,3072,62444,0,262144,249840,True
optimizer.safetensors,adam.value_embeds.7.weight.m,14976,128,512,65536,3584,61942,0,262144,247832,False
optimizer.safetensors,adam.value_embeds.7.weight.m,15104,128,512,65536,5120,60406,0,262144,241688,False
optimizer.safetensors,adam.value_embeds.7.weight.m,15232,128,512,65536,6656,58867,0,262144,235532,False
optimizer.safetensors,adam.value_embeds.7.weight.m,15360,128,512,65536,9216,56310,0,262144,225304,False
optimizer.safetensors,adam.value_embeds.7.weight.m,15488,128,512,65536,7168,58348,0,262144,233456,False
optimizer.safetensors,adam.value_embeds.7.weight.m,15616,128,512,65536,7680,57848,0,262144,231456,False
optimizer.safetensors,adam.value_embeds.7.weight.m,15744,128,512,65536,5120,60407,0,262144,241692,False
optimizer.safetensors,adam.value_embeds.7.weight.m,15872,128,512,65536,6144,59382,0,262144,237592,False
optimizer.safetensors,adam.value_embeds.7.weight.m,16000,128,512,65536,4096,61431,0,262144,245788,False
optimizer.safetensors,adam.value_embeds.7.weight.m,16128,128,512,65536,6144,59380,0,262144,237584,False
optimizer.safetensors,adam.value_embeds.7.weight.m,16256,128,512,65536,5120,60408,0,262144,241696,False
optimizer.safetensors,adam.value_embeds.7.weight.m,16384,128,512,65536,6656,58869,0,262144,235540,False
optimizer.safetensors,adam.value_embeds.7.weight.m,16512,128,512,65536,3072,62449,0,262144,249860,True
optimizer.safetensors,adam.value_embeds.7.weight.m,16640,128,512,65536,8704,56826,0,262144,227368,False
optimizer.safetensors,adam.value_embeds.7.weight.m,16768,128,512,65536,7168,58353,0,262144,233476,False
optimizer.safetensors,adam.value_embeds.7.weight.m,16896,128,512,65536,5632,59893,0,262144,239636,False
optimizer.safetensors,adam.value_embeds.7.weight.m,17024,128,512,65536,6144,59378,0,262144,237576,False
optimizer.safetensors,adam.value_embeds.7.weight.m,17152,128,512,65536,5632,59895,0,262144,239644,False
optimizer.safetensors,adam.value_embeds.7.weight.m,17280,128,512,65536,5632,59886,0,262144,239608,False
optimizer.safetensors,adam.value_embeds.7.weight.m,17408,128,512,65536,7680,57849,0,262144,231460,False
optimizer.safetensors,adam.value_embeds.7.weight.m,17536,128,512,65536,7168,58357,0,262144,233492,False
optimizer.safetensors,adam.value_embeds.7.weight.m,17664,128,512,65536,4096,61428,0,262144,245776,False
optimizer.safetensors,adam.value_embeds.7.weight.m,17792,128,512,65536,7680,57846,0,262144,231448,False
optimizer.safetensors,adam.value_embeds.7.weight.m,17920,128,512,65536,7168,58359,0,262144,233500,False
optimizer.safetensors,adam.value_embeds.7.weight.m,18048,128,512,65536,6656,58868,0,262144,235536,False
optimizer.safetensors,adam.value_embeds.7.weight.m,18176,128,512,65536,5120,60405,0,262144,241684,False
optimizer.safetensors,adam.value_embeds.7.weight.m,18304,128,512,65536,7680,57846,0,262144,231448,False
optimizer.safetensors,adam.value_embeds.7.weight.m,18432,128,512,65536,4096,61430,0,262144,245784,False
optimizer.safetensors,adam.value_embeds.7.weight.m,18560,128,512,65536,8704,56825,0,262144,227364,False
optimizer.safetensors,adam.value_embeds.7.weight.m,18688,128,512,65536,8192,57338,0,262144,229416,False
optimizer.safetensors,adam.value_embeds.7.weight.m,18816,128,512,65536,9728,55799,0,262144,223260,False
optimizer.safetensors,adam.value_embeds.7.weight.m,18944,128,512,65536,7680,57847,0,262144,231452,False
optimizer.safetensors,adam.value_embeds.7.weight.m,19072,128,512,65536,6656,58863,0,262144,235516,False
optimizer.safetensors,adam.value_embeds.7.weight.m,19200,128,512,65536,5632,59892,0,262144,239632,False
optimizer.safetensors,adam.value_embeds.7.weight.m,19328,128,512,65536,5120,60400,0,262144,241664,False
optimizer.safetensors,adam.value_embeds.7.weight.m,19456,128,512,65536,9728,55798,0,262144,223256,False
optimizer.safetensors,adam.value_embeds.7.weight.m,19584,128,512,65536,7168,58357,0,262144,233492,False
optimizer.safetensors,adam.value_embeds.7.weight.m,19712,128,512,65536,7168,58352,0,262144,233472,False
optimizer.safetensors,adam.value_embeds.7.weight.m,19840,128,512,65536,11264,54264,0,262144,217120,False
optimizer.safetensors,adam.value_embeds.7.weight.m,19968,128,512,65536,8192,57334,0,262144,229400,False
optimizer.safetensors,adam.value_embeds.7.weight.m,20096,128,512,65536,6144,59377,0,262144,237572,False
optimizer.safetensors,adam.value_embeds.7.weight.m,20224,128,512,65536,7168,58360,0,262144,233504,False
optimizer.safetensors,adam.value_embeds.7.weight.m,20352,128,512,65536,11776,53748,0,262144,215056,False
optimizer.safetensors,adam.value_embeds.7.weight.m,20480,128,512,65536,5632,59890,0,262144,239624,False
optimizer.safetensors,adam.value_embeds.7.weight.m,20608,128,512,65536,6656,58868,0,262144,235536,False
optimizer.safetensors,adam.value_embeds.7.weight.m,20736,128,512,65536,6144,59376,0,262144,237568,False
optimizer.safetensors,adam.value_embeds.7.weight.m,20864,128,512,65536,8192,57332,0,262144,229392,False
optimizer.safetensors,adam.value_embeds.7.weight.m,20992,128,512,65536,7168,58357,0,262144,233492,False
optimizer.safetensors,adam.value_embeds.7.weight.m,21120,128,512,65536,11776,53748,0,262144,215056,False
optimizer.safetensors,adam.value_embeds.7.weight.m,21248,128,512,65536,7680,57846,0,262144,231448,False
optimizer.safetensors,adam.value_embeds.7.weight.m,21376,128,512,65536,10752,54773,0,262144,219156,False
optimizer.safetensors,adam.value_embeds.7.weight.m,21504,128,512,65536,8192,57329,0,262144,229380,False
optimizer.safetensors,adam.value_embeds.7.weight.m,21632,128,512,65536,10240,55284,0,262144,221200,False
optimizer.safetensors,adam.value_embeds.7.weight.m,21760,128,512,65536,10240,55281,0,262144,221188,False
optimizer.safetensors,adam.value_embeds.7.weight.m,21888,128,512,65536,4608,60913,0,262144,243716,False
optimizer.safetensors,adam.value_embeds.7.weight.m,22016,128,512,65536,8192,57328,0,262144,229376,False
optimizer.safetensors,adam.value_embeds.7.weight.m,22144,128,512,65536,6144,59378,0,262144,237576,False
optimizer.safetensors,adam.value_embeds.7.weight.m,22272,128,512,65536,11264,54264,0,262144,217120,False
optimizer.safetensors,adam.value_embeds.7.weight.m,22400,128,512,65536,12800,52716,0,262144,210928,False
optimizer.safetensors,adam.value_embeds.7.weight.m,22528,128,512,65536,9728,55797,0,262144,223252,False
optimizer.safetensors,adam.value_embeds.7.weight.m,22656,128,512,65536,7168,58358,0,262144,233496,False
optimizer.safetensors,adam.value_embeds.7.weight.m,22784,128,512,65536,8192,57328,0,262144,229376,False
optimizer.safetensors,adam.value_embeds.7.weight.m,22912,128,512,65536,7680,57845,0,262144,231444,False
optimizer.safetensors,adam.value_embeds.7.weight.m,23040,128,512,65536,7680,57839,0,262144,231420,False
optimizer.safetensors,adam.value_embeds.7.weight.m,23168,128,512,65536,11776,53754,0,262144,215080,False
optimizer.safetensors,adam.value_embeds.7.weight.m,23296,128,512,65536,13824,51707,0,262144,206892,False
optimizer.safetensors,adam.value_embeds.7.weight.m,23424,128,512,65536,7168,58358,0,262144,233496,False
optimizer.safetensors,adam.value_embeds.7.weight.m,23552,128,512,65536,14336,51186,0,262144,204808,False
optimizer.safetensors,adam.value_embeds.7.weight.m,23680,128,512,65536,12800,52724,0,262144,210960,False
optimizer.safetensors,adam.value_embeds.7.weight.m,23808,128,512,65536,14848,50683,0,262144,202796,False
optimizer.safetensors,adam.value_embeds.7.weight.m,23936,128,512,65536,10752,54768,0,262144,219136,False
optimizer.safetensors,adam.value_embeds.7.weight.m,24064,128,512,65536,12800,52728,0,262144,210976,False
optimizer.safetensors,adam.value_embeds.7.weight.m,24192,128,512,65536,8704,56825,0,262144,227364,False
optimizer.safetensors,adam.value_embeds.7.weight.m,24320,128,512,65536,8192,57337,0,262144,229412,False
optimizer.safetensors,adam.value_embeds.7.weight.m,24448,128,512,65536,7680,57845,0,262144,231444,False
optimizer.safetensors,adam.value_embeds.7.weight.m,24576,128,512,65536,11264,54262,0,262144,217112,False
optimizer.safetensors,adam.value_embeds.7.weight.m,24704,128,512,65536,16896,48632,0,262144,194592,False
optimizer.safetensors,adam.value_embeds.7.weight.m,24832,128,512,65536,10240,55278,0,262144,221176,False
optimizer.safetensors,adam.value_embeds.7.weight.m,24960,128,512,65536,15360,50167,0,262144,200732,False
optimizer.safetensors,adam.value_embeds.7.weight.m,25088,128,512,65536,14848,50681,0,262144,202788,False
optimizer.safetensors,adam.value_embeds.7.weight.m,25216,128,512,65536,10240,55289,0,262144,221220,False
optimizer.safetensors,adam.value_embeds.7.weight.m,25344,128,512,65536,12288,53239,0,262144,213020,False
optimizer.safetensors,adam.value_embeds.7.weight.m,25472,128,512,65536,15360,50169,0,262144,200740,False
optimizer.safetensors,adam.value_embeds.7.weight.m,25600,128,512,65536,11776,53753,0,262144,215076,False
optimizer.safetensors,adam.value_embeds.7.weight.m,25728,128,512,65536,13312,52216,0,262144,208928,False
optimizer.safetensors,adam.value_embeds.7.weight.m,25856,128,512,65536,10240,55285,0,262144,221204,False
optimizer.safetensors,adam.value_embeds.7.weight.m,25984,128,512,65536,10240,55284,0,262144,221200,False
optimizer.safetensors,adam.value_embeds.7.weight.m,26112,128,512,65536,12288,53237,0,262144,213012,False
optimizer.safetensors,adam.value_embeds.7.weight.m,26240,128,512,65536,14336,51193,0,262144,204836,False
optimizer.safetensors,adam.value_embeds.7.weight.m,26368,128,512,65536,12800,52728,0,262144,210976,False
optimizer.safetensors,adam.value_embeds.7.weight.m,26496,128,512,65536,12800,52725,0,262144,210964,False
optimizer.safetensors,adam.value_embeds.7.weight.m,26624,128,512,65536,14336,51192,0,262144,204832,False
optimizer.safetensors,adam.value_embeds.7.weight.m,26752,128,512,65536,10752,54773,0,262144,219156,False
optimizer.safetensors,adam.value_embeds.7.weight.m,26880,128,512,65536,10240,55281,0,262144,221188,False
optimizer.safetensors,adam.value_embeds.7.weight.m,27008,128,512,65536,10752,54768,0,262144,219136,False
optimizer.safetensors,adam.value_embeds.7.weight.m,27136,128,512,65536,14336,51193,0,262144,204836,False
optimizer.safetensors,adam.value_embeds.7.weight.m,27264,128,512,65536,13312,52219,0,262144,208940,False
optimizer.safetensors,adam.value_embeds.7.weight.m,27392,128,512,65536,17920,47607,0,262144,190492,False
optimizer.safetensors,adam.value_embeds.7.weight.m,27520,128,512,65536,15360,50172,0,262144,200752,False
optimizer.safetensors,adam.value_embeds.7.weight.m,27648,128,512,65536,11776,53753,0,262144,215076,False
optimizer.safetensors,adam.value_embeds.7.weight.m,27776,128,512,65536,14848,50675,0,262144,202764,False
optimizer.safetensors,adam.value_embeds.7.weight.m,27904,128,512,65536,16384,49140,0,262144,196624,False
optimizer.safetensors,adam.value_embeds.7.weight.m,28032,128,512,65536,13312,52213,0,262144,208916,False
optimizer.safetensors,adam.value_embeds.7.weight.m,28160,128,512,65536,12800,52716,0,262144,210928,False
optimizer.safetensors,adam.value_embeds.7.weight.m,28288,128,512,65536,15360,50170,0,262144,200744,False
optimizer.safetensors,adam.value_embeds.7.weight.m,28416,128,512,65536,15872,49655,0,262144,198684,False
optimizer.safetensors,adam.value_embeds.7.weight.m,28544,128,512,65536,13312,52217,0,262144,208932,False
optimizer.safetensors,adam.value_embeds.7.weight.m,28672,128,512,65536,10240,55288,0,262144,221216,False
optimizer.safetensors,adam.value_embeds.7.weight.m,28800,128,512,65536,18432,47097,0,262144,188452,False
optimizer.safetensors,adam.value_embeds.7.weight.m,28928,128,512,65536,16896,48635,0,262144,194604,False
optimizer.safetensors,adam.value_embeds.7.weight.m,29056,128,512,65536,19968,45562,0,262144,182312,False
optimizer.safetensors,adam.value_embeds.7.weight.m,29184,128,512,65536,14336,51188,0,262144,204816,False
optimizer.safetensors,adam.value_embeds.7.weight.m,29312,128,512,65536,17408,48125,0,262144,192564,False
optimizer.safetensors,adam.value_embeds.7.weight.m,29440,128,512,65536,13824,51699,0,262144,206860,False
optimizer.safetensors,adam.value_embeds.7.weight.m,29568,128,512,65536,14848,50682,0,262144,202792,False
optimizer.safetensors,adam.value_embeds.7.weight.m,29696,128,512,65536,19968,45558,0,262144,182296,False
optimizer.safetensors,adam.value_embeds.7.weight.m,29824,128,512,65536,12800,52725,0,262144,210964,False
optimizer.safetensors,adam.value_embeds.7.weight.m,29952,128,512,65536,14848,50679,0,262144,202780,False
optimizer.safetensors,adam.value_embeds.7.weight.m,30080,128,512,65536,18432,47094,0,262144,188440,False
optimizer.safetensors,adam.value_embeds.7.weight.m,30208,128,512,65536,15360,50162,0,262144,200712,False
optimizer.safetensors,adam.value_embeds.7.weight.m,30336,128,512,65536,15360,50166,0,262144,200728,False
optimizer.safetensors,adam.value_embeds.7.weight.m,30464,128,512,65536,16896,48631,0,262144,194588,False
optimizer.safetensors,adam.value_embeds.7.weight.m,30592,128,512,65536,17920,47606,0,262144,190488,False
optimizer.safetensors,adam.value_embeds.7.weight.m,30720,128,512,65536,12800,52730,0,262144,210984,False
optimizer.safetensors,adam.value_embeds.7.weight.m,30848,128,512,65536,13824,51703,0,262144,206876,False
optimizer.safetensors,adam.value_embeds.7.weight.m,30976,128,512,65536,19968,45560,0,262144,182304,False
optimizer.safetensors,adam.value_embeds.7.weight.m,31104,128,512,65536,18432,47098,0,262144,188456,False
optimizer.safetensors,adam.value_embeds.7.weight.m,31232,128,512,65536,19456,46075,0,262144,184364,False
optimizer.safetensors,adam.value_embeds.7.weight.m,31360,128,512,65536,14336,51192,0,262144,204832,False
optimizer.safetensors,adam.value_embeds.7.weight.m,31488,128,512,65536,15872,49655,0,262144,198684,False
optimizer.safetensors,adam.value_embeds.7.weight.m,31616,128,512,65536,21504,44029,0,262144,176180,False
optimizer.safetensors,adam.value_embeds.7.weight.m,31744,128,512,65536,15360,50170,0,262144,200744,False
optimizer.safetensors,adam.value_embeds.7.weight.m,31872,128,512,65536,15360,50166,0,262144,200728,False
optimizer.safetensors,adam.value_embeds.7.weight.m,32000,128,512,65536,15872,49657,0,262144,198692,False
optimizer.safetensors,adam.value_embeds.7.weight.m,32128,128,512,65536,16896,48627,0,262144,194572,False
optimizer.safetensors,adam.value_embeds.7.weight.m,32256,128,512,65536,18944,46584,0,262144,186400,False
optimizer.safetensors,adam.value_embeds.7.weight.m,32384,128,512,65536,14848,50675,0,262144,202764,False
optimizer.safetensors,adam.value_embeds.7.weight.m,32512,128,512,65536,22528,43002,0,262144,172072,False
optimizer.safetensors,adam.value_embeds.7.weight.m,32640,128,512,65536,23040,42492,0,262144,170032,False
optimizer.safetensors,adam.value_embeds.7.weight.v,0,128,512,65536,17408,48121,0,262144,192548,False
optimizer.safetensors,adam.value_embeds.7.weight.v,128,128,512,65536,21504,44017,0,262144,176132,False
optimizer.safetensors,adam.value_embeds.7.weight.v,256,128,512,65536,512,64999,0,262144,260060,True
optimizer.safetensors,adam.value_embeds.7.weight.v,384,128,512,65536,0,65512,0,262144,262112,True
optimizer.safetensors,adam.value_embeds.7.weight.v,512,128,512,65536,0,65528,0,262144,262176,True
optimizer.safetensors,adam.value_embeds.7.weight.v,640,128,512,65536,1536,63986,0,262144,256008,True
optimizer.safetensors,adam.value_embeds.7.weight.v,768,128,512,65536,2048,63477,0,262144,253972,True
optimizer.safetensors,adam.value_embeds.7.weight.v,896,128,512,65536,3072,62447,0,262144,249852,True
optimizer.safetensors,adam.value_embeds.7.weight.v,1024,128,512,65536,1536,63980,0,262144,255984,True
optimizer.safetensors,adam.value_embeds.7.weight.v,1152,128,512,65536,1024,64499,0,262144,258060,True
optimizer.safetensors,adam.value_embeds.7.weight.v,1280,128,512,65536,2560,62962,0,262144,251912,True
optimizer.safetensors,adam.value_embeds.7.weight.v,1408,128,512,65536,5632,59896,0,262144,239648,False
optimizer.safetensors,adam.value_embeds.7.weight.v,1536,128,512,65536,1024,64497,0,262144,258052,True
optimizer.safetensors,adam.value_embeds.7.weight.v,1664,128,512,65536,3584,61936,0,262144,247808,False
optimizer.safetensors,adam.value_embeds.7.weight.v,1792,128,512,65536,2560,62965,0,262144,251924,True
optimizer.safetensors,adam.value_embeds.7.weight.v,1920,128,512,65536,2048,63468,0,262144,253936,True
optimizer.safetensors,adam.value_embeds.7.weight.v,2048,128,512,65536,3072,62448,0,262144,249856,True
optimizer.safetensors,adam.value_embeds.7.weight.v,2176,128,512,65536,3584,61935,0,262144,247804,False
optimizer.safetensors,adam.value_embeds.7.weight.v,2304,128,512,65536,3072,62444,0,262144,249840,True
optimizer.safetensors,adam.value_embeds.7.weight.v,2432,128,512,65536,3584,61940,0,262144,247824,False
optimizer.safetensors,adam.value_embeds.7.weight.v,2560,128,512,65536,4096,61421,0,262144,245748,False
optimizer.safetensors,adam.value_embeds.7.weight.v,2688,128,512,65536,2048,63465,0,262144,253924,True
optimizer.safetensors,adam.value_embeds.7.weight.v,2816,128,512,65536,4096,61424,0,262144,245760,False
optimizer.safetensors,adam.value_embeds.7.weight.v,2944,128,512,65536,4608,60920,0,262144,243744,False
optimizer.safetensors,adam.value_embeds.7.weight.v,3072,128,512,65536,2560,62960,0,262144,251904,True
optimizer.safetensors,adam.value_embeds.7.weight.v,3200,128,512,65536,2560,62964,0,262144,251920,True
optimizer.safetensors,adam.value_embeds.7.weight.v,3328,128,512,65536,2048,63474,0,262144,253960,True
optimizer.safetensors,adam.value_embeds.7.weight.v,3456,128,512,65536,5120,60404,0,262144,241680,False
optimizer.safetensors,adam.value_embeds.7.weight.v,3584,128,512,65536,3072,62438,0,262144,249816,True
optimizer.safetensors,adam.value_embeds.7.weight.v,3712,128,512,65536,7168,58357,0,262144,233492,False
optimizer.safetensors,adam.value_embeds.7.weight.v,3840,128,512,65536,1536,63981,0,262144,255988,True
optimizer.safetensors,adam.value_embeds.7.weight.v,3968,128,512,65536,3584,61933,0,262144,247796,False
optimizer.safetensors,adam.value_embeds.7.weight.v,4096,128,512,65536,2560,62963,0,262144,251916,True
optimizer.safetensors,adam.value_embeds.7.weight.v,4224,128,512,65536,2048,63469,0,262144,253940,True
optimizer.safetensors,adam.value_embeds.7.weight.v,4352,128,512,65536,3072,62440,0,262144,249824,True
optimizer.safetensors,adam.value_embeds.7.weight.v,4480,128,512,65536,4096,61419,0,262144,245740,False
optimizer.safetensors,adam.value_embeds.7.weight.v,4608,128,512,65536,2560,62958,0,262144,251896,True
optimizer.safetensors,adam.value_embeds.7.weight.v,4736,128,512,65536,2560,62959,0,262144,251900,True
optimizer.safetensors,adam.value_embeds.7.weight.v,4864,128,512,65536,3072,62445,0,262144,249844,True
optimizer.safetensors,adam.value_embeds.7.weight.v,4992,128,512,65536,3072,62441,0,262144,249828,True
optimizer.safetensors,adam.value_embeds.7.weight.v,5120,128,512,65536,2560,62962,0,262144,251912,True
optimizer.safetensors,adam.value_embeds.7.weight.v,5248,128,512,65536,4096,61423,0,262144,245756,False
optimizer.safetensors,adam.value_embeds.7.weight.v,5376,128,512,65536,2048,63473,0,262144,253956,True
optimizer.safetensors,adam.value_embeds.7.weight.v,5504,128,512,65536,5632,59892,0,262144,239632,False
optimizer.safetensors,adam.value_embeds.7.weight.v,5632,128,512,65536,4608,60910,0,262144,243704,False
optimizer.safetensors,adam.value_embeds.7.weight.v,5760,128,512,65536,5632,59891,0,262144,239628,False
optimizer.safetensors,adam.value_embeds.7.weight.v,5888,128,512,65536,4096,61431,0,262144,245788,False
optimizer.safetensors,adam.value_embeds.7.weight.v,6016,128,512,65536,2048,63456,0,262144,253888,True
optimizer.safetensors,adam.value_embeds.7.weight.v,6144,128,512,65536,3072,62439,0,262144,249820,True
optimizer.safetensors,adam.value_embeds.7.weight.v,6272,128,512,65536,3584,61927,0,262144,247772,False
optimizer.safetensors,adam.value_embeds.7.weight.v,6400,128,512,65536,4608,60902,0,262144,243672,False
optimizer.safetensors,adam.value_embeds.7.weight.v,6528,128,512,65536,4608,60911,0,262144,243708,False
optimizer.safetensors,adam.value_embeds.7.weight.v,6656,128,512,65536,4608,60902,0,262144,243672,False
optimizer.safetensors,adam.value_embeds.7.weight.v,6784,128,512,65536,3584,61931,0,262144,247788,False
optimizer.safetensors,adam.value_embeds.7.weight.v,6912,128,512,65536,4608,60911,0,262144,243708,False
optimizer.safetensors,adam.value_embeds.7.weight.v,7040,128,512,65536,4096,61416,0,262144,245728,False
optimizer.safetensors,adam.value_embeds.7.weight.v,7168,128,512,65536,4096,61410,0,262144,245704,False
optimizer.safetensors,adam.value_embeds.7.weight.v,7296,128,512,65536,5120,60400,0,262144,241664,False
optimizer.safetensors,adam.value_embeds.7.weight.v,7424,128,512,65536,4096,61426,0,262144,245768,False
optimizer.safetensors,adam.value_embeds.7.weight.v,7552,128,512,65536,5120,60395,0,262144,241644,False
optimizer.safetensors,adam.value_embeds.7.weight.v,7680,128,512,65536,3584,61937,0,262144,247812,False
optimizer.safetensors,adam.value_embeds.7.weight.v,7808,128,512,65536,3072,62442,0,262144,249832,True
optimizer.safetensors,adam.value_embeds.7.weight.v,7936,128,512,65536,4096,61413,0,262144,245716,False
optimizer.safetensors,adam.value_embeds.7.weight.v,8064,128,512,65536,4096,61416,0,262144,245728,False
optimizer.safetensors,adam.value_embeds.7.weight.v,8192,128,512,65536,3072,62440,0,262144,249824,True
optimizer.safetensors,adam.value_embeds.7.weight.v,8320,128,512,65536,3584,61931,0,262144,247788,False
optimizer.safetensors,adam.value_embeds.7.weight.v,8448,128,512,65536,2048,63473,0,262144,253956,True
optimizer.safetensors,adam.value_embeds.7.weight.v,8576,128,512,65536,7168,58347,0,262144,233452,False
optimizer.safetensors,adam.value_embeds.7.weight.v,8704,128,512,65536,4096,61419,0,262144,245740,False
optimizer.safetensors,adam.value_embeds.7.weight.v,8832,128,512,65536,4096,61425,0,262144,245764,False
optimizer.safetensors,adam.value_embeds.7.weight.v,8960,128,512,65536,6144,59370,0,262144,237544,False
optimizer.safetensors,adam.value_embeds.7.weight.v,9088,128,512,65536,3072,62436,0,262144,249808,True
optimizer.safetensors,adam.value_embeds.7.weight.v,9216,128,512,65536,3584,61934,0,262144,247800,False
optimizer.safetensors,adam.value_embeds.7.weight.v,9344,128,512,65536,4096,61413,0,262144,245716,False
optimizer.safetensors,adam.value_embeds.7.weight.v,9472,128,512,65536,5120,60395,0,262144,241644,False
optimizer.safetensors,adam.value_embeds.7.weight.v,9600,128,512,65536,2048,63465,0,262144,253924,True
optimizer.safetensors,adam.value_embeds.7.weight.v,9728,128,512,65536,4096,61420,0,262144,245744,False
optimizer.safetensors,adam.value_embeds.7.weight.v,9856,128,512,65536,4096,61421,0,262144,245748,False
optimizer.safetensors,adam.value_embeds.7.weight.v,9984,128,512,65536,3584,61932,0,262144,247792,False
optimizer.safetensors,adam.value_embeds.7.weight.v,10112,128,512,65536,6144,59377,0,262144,237572,False
optimizer.safetensors,adam.value_embeds.7.weight.v,10240,128,512,65536,4096,61408,0,262144,245696,False
optimizer.safetensors,adam.value_embeds.7.weight.v,10368,128,512,65536,4096,61415,0,262144,245724,False
optimizer.safetensors,adam.value_embeds.7.weight.v,10496,128,512,65536,6144,59372,0,262144,237552,False
optimizer.safetensors,adam.value_embeds.7.weight.v,10624,128,512,65536,5632,59881,0,262144,239588,False
optimizer.safetensors,adam.value_embeds.7.weight.v,10752,128,512,65536,3072,62442,0,262144,249832,True
optimizer.safetensors,adam.value_embeds.7.weight.v,10880,128,512,65536,2560,62951,0,262144,251868,True
optimizer.safetensors,adam.value_embeds.7.weight.v,11008,128,512,65536,2560,62959,0,262144,251900,True
optimizer.safetensors,adam.value_embeds.7.weight.v,11136,128,512,65536,5632,59892,0,262144,239632,False
optimizer.safetensors,adam.value_embeds.7.weight.v,11264,128,512,65536,3584,61922,0,262144,247752,False
optimizer.safetensors,adam.value_embeds.7.weight.v,11392,128,512,65536,3584,61923,0,262144,247756,False
optimizer.safetensors,adam.value_embeds.7.weight.v,11520,128,512,65536,7680,57839,0,262144,231420,False
optimizer.safetensors,adam.value_embeds.7.weight.v,11648,128,512,65536,6144,59381,0,262144,237588,False
optimizer.safetensors,adam.value_embeds.7.weight.v,11776,128,512,65536,6144,59372,0,262144,237552,False
optimizer.safetensors,adam.value_embeds.7.weight.v,11904,128,512,65536,5632,59878,0,262144,239576,False
optimizer.safetensors,adam.value_embeds.7.weight.v,12032,128,512,65536,6144,59361,0,262144,237508,False
optimizer.safetensors,adam.value_embeds.7.weight.v,12160,128,512,65536,3584,61934,0,262144,247800,False
optimizer.safetensors,adam.value_embeds.7.weight.v,12288,128,512,65536,4608,60899,0,262144,243660,False
optimizer.safetensors,adam.value_embeds.7.weight.v,12416,128,512,65536,3072,62438,0,262144,249816,True
optimizer.safetensors,adam.value_embeds.7.weight.v,12544,128,512,65536,5632,59878,0,262144,239576,False
optimizer.safetensors,adam.value_embeds.7.weight.v,12672,128,512,65536,6144,59367,0,262144,237532,False
optimizer.safetensors,adam.value_embeds.7.weight.v,12800,128,512,65536,6144,59379,0,262144,237580,False
optimizer.safetensors,adam.value_embeds.7.weight.v,12928,128,512,65536,5632,59883,0,262144,239596,False
optimizer.safetensors,adam.value_embeds.7.weight.v,13056,128,512,65536,5632,59888,0,262144,239616,False
optimizer.safetensors,adam.value_embeds.7.weight.v,13184,128,512,65536,4096,61420,0,262144,245744,False
optimizer.safetensors,adam.value_embeds.7.weight.v,13312,128,512,65536,5632,59883,0,262144,239596,False
optimizer.safetensors,adam.value_embeds.7.weight.v,13440,128,512,65536,5632,59881,0,262144,239588,False
optimizer.safetensors,adam.value_embeds.7.weight.v,13568,128,512,65536,7168,58347,0,262144,233452,False
optimizer.safetensors,adam.value_embeds.7.weight.v,13696,128,512,65536,4096,61415,0,262144,245724,False
optimizer.safetensors,adam.value_embeds.7.weight.v,13824,128,512,65536,5632,59878,0,262144,239576,False
optimizer.safetensors,adam.value_embeds.7.weight.v,13952,128,512,65536,4096,61420,0,262144,245744,False
optimizer.safetensors,adam.value_embeds.7.weight.v,14080,128,512,65536,9728,55789,0,262144,223220,False
optimizer.safetensors,adam.value_embeds.7.weight.v,14208,128,512,65536,6656,58855,0,262144,235484,False
optimizer.safetensors,adam.value_embeds.7.weight.v,14336,128,512,65536,7168,58354,0,262144,233480,False
optimizer.safetensors,adam.value_embeds.7.weight.v,14464,128,512,65536,2048,63457,0,262144,253892,True
optimizer.safetensors,adam.value_embeds.7.weight.v,14592,128,512,65536,4096,61419,0,262144,245740,False
optimizer.safetensors,adam.value_embeds.7.weight.v,14720,128,512,65536,4096,61415,0,262144,245724,False
optimizer.safetensors,adam.value_embeds.7.weight.v,14848,128,512,65536,3072,62439,0,262144,249820,True
optimizer.safetensors,adam.value_embeds.7.weight.v,14976,128,512,65536,3584,61915,0,262144,247724,False
optimizer.safetensors,adam.value_embeds.7.weight.v,15104,128,512,65536,5120,60396,0,262144,241648,False
optimizer.safetensors,adam.value_embeds.7.weight.v,15232,128,512,65536,6656,58856,0,262144,235488,False
optimizer.safetensors,adam.value_embeds.7.weight.v,15360,128,512,65536,9216,56297,0,262144,225252,False
optimizer.safetensors,adam.value_embeds.7.weight.v,15488,128,512,65536,7168,58338,0,262144,233416,False
optimizer.safetensors,adam.value_embeds.7.weight.v,15616,128,512,65536,7680,57830,0,262144,231384,False
optimizer.safetensors,adam.value_embeds.7.weight.v,15744,128,512,65536,5120,60395,0,262144,241644,False
optimizer.safetensors,adam.value_embeds.7.weight.v,15872,128,512,65536,6144,59374,0,262144,237560,False
optimizer.safetensors,adam.value_embeds.7.weight.v,16000,128,512,65536,4096,61408,0,262144,245696,False
optimizer.safetensors,adam.value_embeds.7.weight.v,16128,128,512,65536,6144,59370,0,262144,237544,False
optimizer.safetensors,adam.value_embeds.7.weight.v,16256,128,512,65536,5120,60392,0,262144,241632,False
optimizer.safetensors,adam.value_embeds.7.weight.v,16384,128,512,65536,6656,58857,0,262144,235492,False
optimizer.safetensors,adam.value_embeds.7.weight.v,16512,128,512,65536,3072,62439,0,262144,249820,True
optimizer.safetensors,adam.value_embeds.7.weight.v,16640,128,512,65536,8704,56810,0,262144,227304,False
optimizer.safetensors,adam.value_embeds.7.weight.v,16768,128,512,65536,7168,58344,0,262144,233440,False
optimizer.safetensors,adam.value_embeds.7.weight.v,16896,128,512,65536,5632,59872,0,262144,239552,False
optimizer.safetensors,adam.value_embeds.7.weight.v,17024,128,512,65536,6144,59355,0,262144,237484,False
optimizer.safetensors,adam.value_embeds.7.weight.v,17152,128,512,65536,5632,59864,0,262144,239520,False
optimizer.safetensors,adam.value_embeds.7.weight.v,17280,128,512,65536,5632,59876,0,262144,239568,False
optimizer.safetensors,adam.value_embeds.7.weight.v,17408,128,512,65536,7680,57829,0,262144,231380,False
optimizer.safetensors,adam.value_embeds.7.weight.v,17536,128,512,65536,7168,58343,0,262144,233436,False
optimizer.safetensors,adam.value_embeds.7.weight.v,17664,128,512,65536,4096,61415,0,262144,245724,False
optimizer.safetensors,adam.value_embeds.7.weight.v,17792,128,512,65536,7680,57834,0,262144,231400,False
optimizer.safetensors,adam.value_embeds.7.weight.v,17920,128,512,65536,7168,58344,0,262144,233440,False
optimizer.safetensors,adam.value_embeds.7.weight.v,18048,128,512,65536,6656,58860,0,262144,235504,False
optimizer.safetensors,adam.value_embeds.7.weight.v,18176,128,512,65536,5120,60391,0,262144,241628,False
optimizer.safetensors,adam.value_embeds.7.weight.v,18304,128,512,65536,7680,57837,0,262144,231412,False
optimizer.safetensors,adam.value_embeds.7.weight.v,18432,128,512,65536,4096,61405,0,262144,245684,False
optimizer.safetensors,adam.value_embeds.7.weight.v,18560,128,512,65536,8704,56809,0,262144,227300,False
optimizer.safetensors,adam.value_embeds.7.weight.v,18688,128,512,65536,8192,57321,0,262144,229348,False
optimizer.safetensors,adam.value_embeds.7.weight.v,18816,128,512,65536,9728,55784,0,262144,223200,False
optimizer.safetensors,adam.value_embeds.7.weight.v,18944,128,512,65536,7680,57818,0,262144,231336,False
optimizer.safetensors,adam.value_embeds.7.weight.v,19072,128,512,65536,6656,58856,0,262144,235488,False
optimizer.safetensors,adam.value_embeds.7.weight.v,19200,128,512,65536,5632,59874,0,262144,239560,False
optimizer.safetensors,adam.value_embeds.7.weight.v,19328,128,512,65536,5120,60389,0,262144,241620,False
optimizer.safetensors,adam.value_embeds.7.weight.v,19456,128,512,65536,9728,55789,0,262144,223220,False
optimizer.safetensors,adam.value_embeds.7.weight.v,19584,128,512,65536,7168,58347,0,262144,233452,False
optimizer.safetensors,adam.value_embeds.7.weight.v,19712,128,512,65536,7168,58347,0,262144,233452,False
optimizer.safetensors,adam.value_embeds.7.weight.v,19840,128,512,65536,11264,54245,0,262144,217044,False
optimizer.safetensors,adam.value_embeds.7.weight.v,19968,128,512,65536,8192,57320,0,262144,229344,False
optimizer.safetensors,adam.value_embeds.7.weight.v,20096,128,512,65536,6144,59372,0,262144,237552,False
optimizer.safetensors,adam.value_embeds.7.weight.v,20224,128,512,65536,7168,58347,0,262144,233452,False
optimizer.safetensors,adam.value_embeds.7.weight.v,20352,128,512,65536,11776,53739,0,262144,215020,False
optimizer.safetensors,adam.value_embeds.7.weight.v,20480,128,512,65536,5632,59877,0,262144,239572,False
optimizer.safetensors,adam.value_embeds.7.weight.v,20608,128,512,65536,6656,58850,0,262144,235464,False
optimizer.safetensors,adam.value_embeds.7.weight.v,20736,128,512,65536,6144,59364,0,262144,237520,False
optimizer.safetensors,adam.value_embeds.7.weight.v,20864,128,512,65536,8192,57320,0,262144,229344,False
optimizer.safetensors,adam.value_embeds.7.weight.v,20992,128,512,65536,7168,58338,0,262144,233416,False
optimizer.safetensors,adam.value_embeds.7.weight.v,21120,128,512,65536,11776,53739,0,262144,215020,False
optimizer.safetensors,adam.value_embeds.7.weight.v,21248,128,512,65536,7680,57830,0,262144,231384,False
optimizer.safetensors,adam.value_embeds.7.weight.v,21376,128,512,65536,10752,54754,0,262144,219080,False
optimizer.safetensors,adam.value_embeds.7.weight.v,21504,128,512,65536,8192,57316,0,262144,229328,False
optimizer.safetensors,adam.value_embeds.7.weight.v,21632,128,512,65536,10240,55267,0,262144,221132,False
optimizer.safetensors,adam.value_embeds.7.weight.v,21760,128,512,65536,10240,55275,0,262144,221164,False
optimizer.safetensors,adam.value_embeds.7.weight.v,21888,128,512,65536,4608,60903,0,262144,243676,False
optimizer.safetensors,adam.value_embeds.7.weight.v,22016,128,512,65536,8192,57328,0,262144,229376,False
optimizer.safetensors,adam.value_embeds.7.weight.v,22144,128,512,65536,6144,59368,0,262144,237536,False
optimizer.safetensors,adam.value_embeds.7.weight.v,22272,128,512,65536,11264,54254,0,262144,217080,False
optimizer.safetensors,adam.value_embeds.7.weight.v,22400,128,512,65536,12800,52719,0,262144,210940,False
optimizer.safetensors,adam.value_embeds.7.weight.v,22528,128,512,65536,9728,55779,0,262144,223180,False
optimizer.safetensors,adam.value_embeds.7.weight.v,22656,128,512,65536,7168,58349,0,262144,233460,False
optimizer.safetensors,adam.value_embeds.7.weight.v,22784,128,512,65536,8192,57319,0,262144,229340,False
optimizer.safetensors,adam.value_embeds.7.weight.v,22912,128,512,65536,7680,57827,0,262144,231372,False
optimizer.safetensors,adam.value_embeds.7.weight.v,23040,128,512,65536,7680,57832,0,262144,231392,False
optimizer.safetensors,adam.value_embeds.7.weight.v,23168,128,512,65536,11776,53734,0,262144,215000,False
optimizer.safetensors,adam.value_embeds.7.weight.v,23296,128,512,65536,13824,51694,0,262144,206840,False
optimizer.safetensors,adam.value_embeds.7.weight.v,23424,128,512,65536,7168,58340,0,262144,233424,False
optimizer.safetensors,adam.value_embeds.7.weight.v,23552,128,512,65536,14336,51187,0,262144,204812,False
optimizer.safetensors,adam.value_embeds.7.weight.v,23680,128,512,65536,12800,52717,0,262144,210932,False
optimizer.safetensors,adam.value_embeds.7.weight.v,23808,128,512,65536,14848,50674,0,262144,202760,False
optimizer.safetensors,adam.value_embeds.7.weight.v,23936,128,512,65536,10752,54763,0,262144,219116,False
optimizer.safetensors,adam.value_embeds.7.weight.v,24064,128,512,65536,12800,52707,0,262144,210892,False
optimizer.safetensors,adam.value_embeds.7.weight.v,24192,128,512,65536,8704,56812,0,262144,227312,False
optimizer.safetensors,adam.value_embeds.7.weight.v,24320,128,512,65536,8192,57319,0,262144,229340,False
optimizer.safetensors,adam.value_embeds.7.weight.v,24448,128,512,65536,7680,57833,0,262144,231396,False
optimizer.safetensors,adam.value_embeds.7.weight.v,24576,128,512,65536,11264,54252,0,262144,217072,False
optimizer.safetensors,adam.value_embeds.7.weight.v,24704,128,512,65536,16896,48619,0,262144,194540,False
optimizer.safetensors,adam.value_embeds.7.weight.v,24832,128,512,65536,10240,55277,0,262144,221172,False
optimizer.safetensors,adam.value_embeds.7.weight.v,24960,128,512,65536,15360,50160,0,262144,200704,False
optimizer.safetensors,adam.value_embeds.7.weight.v,25088,128,512,65536,14848,50670,0,262144,202744,False
optimizer.safetensors,adam.value_embeds.7.weight.v,25216,128,512,65536,10240,55279,0,262144,221180,False
optimizer.safetensors,adam.value_embeds.7.weight.v,25344,128,512,65536,12288,53227,0,262144,212972,False
optimizer.safetensors,adam.value_embeds.7.weight.v,25472,128,512,65536,15360,50153,0,262144,200676,False
optimizer.safetensors,adam.value_embeds.7.weight.v,25600,128,512,65536,11776,53741,0,262144,215028,False
optimizer.safetensors,adam.value_embeds.7.weight.v,25728,128,512,65536,13312,52203,0,262144,208876,False
optimizer.safetensors,adam.value_embeds.7.weight.v,25856,128,512,65536,10240,55274,0,262144,221160,False
optimizer.safetensors,adam.value_embeds.7.weight.v,25984,128,512,65536,10240,55270,0,262144,221144,False
optimizer.safetensors,adam.value_embeds.7.weight.v,26112,128,512,65536,12288,53222,0,262144,212952,False
optimizer.safetensors,adam.value_embeds.7.weight.v,26240,128,512,65536,14336,51187,0,262144,204812,False
optimizer.safetensors,adam.value_embeds.7.weight.v,26368,128,512,65536,12800,52718,0,262144,210936,False
optimizer.safetensors,adam.value_embeds.7.weight.v,26496,128,512,65536,12800,52717,0,262144,210932,False
optimizer.safetensors,adam.value_embeds.7.weight.v,26624,128,512,65536,14336,51186,0,262144,204808,False
optimizer.safetensors,adam.value_embeds.7.weight.v,26752,128,512,65536,10752,54759,0,262144,219100,False
optimizer.safetensors,adam.value_embeds.7.weight.v,26880,128,512,65536,10240,55266,0,262144,221128,False
optimizer.safetensors,adam.value_embeds.7.weight.v,27008,128,512,65536,10752,54756,0,262144,219088,False
optimizer.safetensors,adam.value_embeds.7.weight.v,27136,128,512,65536,14336,51165,0,262144,204724,False
optimizer.safetensors,adam.value_embeds.7.weight.v,27264,128,512,65536,13312,52200,0,262144,208864,False
optimizer.safetensors,adam.value_embeds.7.weight.v,27392,128,512,65536,17920,47603,0,262144,190476,False
optimizer.safetensors,adam.value_embeds.7.weight.v,27520,128,512,65536,15360,50159,0,262144,200700,False
optimizer.safetensors,adam.value_embeds.7.weight.v,27648,128,512,65536,11776,53739,0,262144,215020,False
optimizer.safetensors,adam.value_embeds.7.weight.v,27776,128,512,65536,14848,50658,0,262144,202696,False
optimizer.safetensors,adam.value_embeds.7.weight.v,27904,128,512,65536,16384,49133,0,262144,196596,False
optimizer.safetensors,adam.value_embeds.7.weight.v,28032,128,512,65536,13312,52203,0,262144,208876,False
optimizer.safetensors,adam.value_embeds.7.weight.v,28160,128,512,65536,12800,52713,0,262144,210916,False
optimizer.safetensors,adam.value_embeds.7.weight.v,28288,128,512,65536,15360,50163,0,262144,200716,False
optimizer.safetensors,adam.value_embeds.7.weight.v,28416,128,512,65536,15872,49647,0,262144,198652,False
optimizer.safetensors,adam.value_embeds.7.weight.v,28544,128,512,65536,13312,52202,0,262144,208872,False
optimizer.safetensors,adam.value_embeds.7.weight.v,28672,128,512,65536,10240,55277,0,262144,221172,False
optimizer.safetensors,adam.value_embeds.7.weight.v,28800,128,512,65536,18432,47093,0,262144,188436,False
optimizer.safetensors,adam.value_embeds.7.weight.v,28928,128,512,65536,16896,48621,0,262144,194548,False
optimizer.safetensors,adam.value_embeds.7.weight.v,29056,128,512,65536,19968,45549,0,262144,182260,False
optimizer.safetensors,adam.value_embeds.7.weight.v,29184,128,512,65536,14336,51182,0,262144,204792,False
optimizer.safetensors,adam.value_embeds.7.weight.v,29312,128,512,65536,17408,48110,0,262144,192504,False
optimizer.safetensors,adam.value_embeds.7.weight.v,29440,128,512,65536,13824,51689,0,262144,206820,False
optimizer.safetensors,adam.value_embeds.7.weight.v,29568,128,512,65536,14848,50671,0,262144,202748,False
optimizer.safetensors,adam.value_embeds.7.weight.v,29696,128,512,65536,19968,45555,0,262144,182284,False
optimizer.safetensors,adam.value_embeds.7.weight.v,29824,128,512,65536,12800,52725,0,262144,210964,False
optimizer.safetensors,adam.value_embeds.7.weight.v,29952,128,512,65536,14848,50662,0,262144,202712,False
optimizer.safetensors,adam.value_embeds.7.weight.v,30080,128,512,65536,18432,47085,0,262144,188404,False
optimizer.safetensors,adam.value_embeds.7.weight.v,30208,128,512,65536,15360,50159,0,262144,200700,False
optimizer.safetensors,adam.value_embeds.7.weight.v,30336,128,512,65536,15360,50157,0,262144,200692,False
optimizer.safetensors,adam.value_embeds.7.weight.v,30464,128,512,65536,16896,48622,0,262144,194552,False
optimizer.safetensors,adam.value_embeds.7.weight.v,30592,128,512,65536,17920,47604,0,262144,190480,False
optimizer.safetensors,adam.value_embeds.7.weight.v,30720,128,512,65536,12800,52719,0,262144,210940,False
optimizer.safetensors,adam.value_embeds.7.weight.v,30848,128,512,65536,13824,51692,0,262144,206832,False
optimizer.safetensors,adam.value_embeds.7.weight.v,30976,128,512,65536,19968,45546,0,262144,182248,False
optimizer.safetensors,adam.value_embeds.7.weight.v,31104,128,512,65536,18432,47090,0,262144,188424,False
optimizer.safetensors,adam.value_embeds.7.weight.v,31232,128,512,65536,19456,46063,0,262144,184316,False
optimizer.safetensors,adam.value_embeds.7.weight.v,31360,128,512,65536,14336,51177,0,262144,204772,False
optimizer.safetensors,adam.value_embeds.7.weight.v,31488,128,512,65536,15872,49640,0,262144,198624,False
optimizer.safetensors,adam.value_embeds.7.weight.v,31616,128,512,65536,21504,44017,0,262144,176132,False
optimizer.safetensors,adam.value_embeds.7.weight.v,31744,128,512,65536,15360,50157,0,262144,200692,False
optimizer.safetensors,adam.value_embeds.7.weight.v,31872,128,512,65536,15360,50150,0,262144,200664,False
optimizer.safetensors,adam.value_embeds.7.weight.v,32000,128,512,65536,15872,49642,0,262144,198632,False
optimizer.safetensors,adam.value_embeds.7.weight.v,32128,128,512,65536,16896,48620,0,262144,194544,False
optimizer.safetensors,adam.value_embeds.7.weight.v,32256,128,512,65536,18944,46575,0,262144,186364,False
optimizer.safetensors,adam.value_embeds.7.weight.v,32384,128,512,65536,14848,50668,0,262144,202736,False
optimizer.safetensors,adam.value_embeds.7.weight.v,32512,128,512,65536,22528,42996,0,262144,172048,False
optimizer.safetensors,adam.value_embeds.7.weight.v,32640,128,512,65536,23040,42487,0,262144,170012,False
optimizer.safetensors,adam.wte.weight.m,0,128,512,65536,17408,48120,0,262144,192544,False
optimizer.safetensors,adam.wte.weight.m,128,128,512,65536,21504,44016,0,262144,176128,False
optimizer.safetensors,adam.wte.weight.m,256,128,512,65536,512,65004,0,262144,260080,True
optimizer.safetensors,adam.wte.weight.m,384,128,512,65536,0,65516,0,262144,262128,True
optimizer.safetensors,adam.wte.weight.m,512,128,512,65536,0,65524,0,262144,262160,True
optimizer.safetensors,adam.wte.weight.m,640,128,512,65536,1536,63983,0,262144,255996,True
optimizer.safetensors,adam.wte.weight.m,768,128,512,65536,2048,63478,0,262144,253976,True
optimizer.safetensors,adam.wte.weight.m,896,128,512,65536,3072,62450,0,262144,249864,True
optimizer.safetensors,adam.wte.weight.m,1024,128,512,65536,1536,63989,0,262144,256020,True
optimizer.safetensors,adam.wte.weight.m,1152,128,512,65536,1024,64489,0,262144,258020,True
optimizer.safetensors,adam.wte.weight.m,1280,128,512,65536,2560,62963,0,262144,251916,True
optimizer.safetensors,adam.wte.weight.m,1408,128,512,65536,5632,59880,0,262144,239584,False
optimizer.safetensors,adam.wte.weight.m,1536,128,512,65536,1024,64494,0,262144,258040,True
optimizer.safetensors,adam.wte.weight.m,1664,128,512,65536,3584,61937,0,262144,247812,False
optimizer.safetensors,adam.wte.weight.m,1792,128,512,65536,2560,62959,0,262144,251900,True
optimizer.safetensors,adam.wte.weight.m,1920,128,512,65536,2048,63472,0,262144,253952,True
optimizer.safetensors,adam.wte.weight.m,2048,128,512,65536,3072,62443,0,262144,249836,True
optimizer.safetensors,adam.wte.weight.m,2176,128,512,65536,3072,62450,0,262144,249864,True
optimizer.safetensors,adam.wte.weight.m,2304,128,512,65536,3072,62445,0,262144,249844,True
optimizer.safetensors,adam.wte.weight.m,2432,128,512,65536,3072,62448,0,262144,249856,True
optimizer.safetensors,adam.wte.weight.m,2560,128,512,65536,4096,61428,0,262144,245776,False
optimizer.safetensors,adam.wte.weight.m,2688,128,512,65536,2048,63467,0,262144,253932,True
optimizer.safetensors,adam.wte.weight.m,2816,128,512,65536,4096,61425,0,262144,245764,False
optimizer.safetensors,adam.wte.weight.m,2944,128,512,65536,4608,60913,0,262144,243716,False
optimizer.safetensors,adam.wte.weight.m,3072,128,512,65536,2560,62962,0,262144,251912,True
optimizer.safetensors,adam.wte.weight.m,3200,128,512,65536,2560,62957,0,262144,251892,True
optimizer.safetensors,adam.wte.weight.m,3328,128,512,65536,2048,63469,0,262144,253940,True
optimizer.safetensors,adam.wte.weight.m,3456,128,512,65536,5120,60412,0,262144,241712,False
optimizer.safetensors,adam.wte.weight.m,3584,128,512,65536,3072,62443,0,262144,249836,True
optimizer.safetensors,adam.wte.weight.m,3712,128,512,65536,6656,58868,0,262144,235536,False
optimizer.safetensors,adam.wte.weight.m,3840,128,512,65536,1536,63987,0,262144,256012,True
optimizer.safetensors,adam.wte.weight.m,3968,128,512,65536,3072,62444,0,262144,249840,True
optimizer.safetensors,adam.wte.weight.m,4096,128,512,65536,2560,62966,0,262144,251928,True
optimizer.safetensors,adam.wte.weight.m,4224,128,512,65536,2048,63468,0,262144,253936,True
optimizer.safetensors,adam.wte.weight.m,4352,128,512,65536,3072,62448,0,262144,249856,True
optimizer.safetensors,adam.wte.weight.m,4480,128,512,65536,4096,61427,0,262144,245772,False
optimizer.safetensors,adam.wte.weight.m,4608,128,512,65536,2560,62961,0,262144,251908,True
optimizer.safetensors,adam.wte.weight.m,4736,128,512,65536,2560,62962,0,262144,251912,True
optimizer.safetensors,adam.wte.weight.m,4864,128,512,65536,3072,62442,0,262144,249832,True
optimizer.safetensors,adam.wte.weight.m,4992,128,512,65536,3072,62449,0,262144,249860,True
optimizer.safetensors,adam.wte.weight.m,5120,128,512,65536,2560,62956,0,262144,251888,True
optimizer.safetensors,adam.wte.weight.m,5248,128,512,65536,4096,61421,0,262144,245748,False
optimizer.safetensors,adam.wte.weight.m,5376,128,512,65536,2048,63476,0,262144,253968,True
optimizer.safetensors,adam.wte.weight.m,5504,128,512,65536,5632,59883,0,262144,239596,False
optimizer.safetensors,adam.wte.weight.m,5632,128,512,65536,4608,60910,0,262144,243704,False
optimizer.safetensors,adam.wte.weight.m,5760,128,512,65536,5632,59896,0,262144,239648,False
optimizer.safetensors,adam.wte.weight.m,5888,128,512,65536,4096,61420,0,262144,245744,False
optimizer.safetensors,adam.wte.weight.m,6016,128,512,65536,2048,63467,0,262144,253932,True
optimizer.safetensors,adam.wte.weight.m,6144,128,512,65536,3072,62453,0,262144,249876,True
optimizer.safetensors,adam.wte.weight.m,6272,128,512,65536,3584,61931,0,262144,247788,False
optimizer.safetensors,adam.wte.weight.m,6400,128,512,65536,4608,60915,0,262144,243724,False
optimizer.safetensors,adam.wte.weight.m,6528,128,512,65536,4608,60907,0,262144,243692,False
optimizer.safetensors,adam.wte.weight.m,6656,128,512,65536,4608,60914,0,262144,243720,False
optimizer.safetensors,adam.wte.weight.m,6784,128,512,65536,3584,61925,0,262144,247764,False
optimizer.safetensors,adam.wte.weight.m,6912,128,512,65536,4608,60916,0,262144,243728,False
optimizer.safetensors,adam.wte.weight.m,7040,128,512,65536,4096,61425,0,262144,245764,False
optimizer.safetensors,adam.wte.weight.m,7168,128,512,65536,4096,61427,0,262144,245772,False
optimizer.safetensors,adam.wte.weight.m,7296,128,512,65536,5120,60402,0,262144,241672,False
optimizer.safetensors,adam.wte.weight.m,7424,128,512,65536,4096,61418,0,262144,245736,False
optimizer.safetensors,adam.wte.weight.m,7552,128,512,65536,5120,60392,0,262144,241632,False
optimizer.safetensors,adam.wte.weight.m,7680,128,512,65536,3584,61943,0,262144,247836,False
optimizer.safetensors,adam.wte.weight.m,7808,128,512,65536,3072,62448,0,262144,249856,True
optimizer.safetensors,adam.wte.weight.m,7936,128,512,65536,4096,61424,0,262144,245760,False
optimizer.safetensors,adam.wte.weight.m,8064,128,512,65536,4096,61419,0,262144,245740,False
optimizer.safetensors,adam.wte.weight.m,8192,128,512,65536,3072,62441,0,262144,249828,True
optimizer.safetensors,adam.wte.weight.m,8320,128,512,65536,3584,61933,0,262144,247796,False
optimizer.safetensors,adam.wte.weight.m,8448,128,512,65536,2048,63466,0,262144,253928,True
optimizer.safetensors,adam.wte.weight.m,8576,128,512,65536,7168,58350,0,262144,233464,False
optimizer.safetensors,adam.wte.weight.m,8704,128,512,65536,4096,61424,0,262144,245760,False
optimizer.safetensors,adam.wte.weight.m,8832,128,512,65536,4096,61423,0,262144,245756,False
optimizer.safetensors,adam.wte.weight.m,8960,128,512,65536,6144,59376,0,262144,237568,False
optimizer.safetensors,adam.wte.weight.m,9088,128,512,65536,3072,62444,0,262144,249840,True
optimizer.safetensors,adam.wte.weight.m,9216,128,512,65536,3584,61930,0,262144,247784,False
optimizer.safetensors,adam.wte.weight.m,9344,128,512,65536,3584,61935,0,262144,247804,False
optimizer.safetensors,adam.wte.weight.m,9472,128,512,65536,5120,60407,0,262144,241692,False
optimizer.safetensors,adam.wte.weight.m,9600,128,512,65536,2048,63476,0,262144,253968,True
optimizer.safetensors,adam.wte.weight.m,9728,128,512,65536,4096,61426,0,262144,245768,False
optimizer.safetensors,adam.wte.weight.m,9856,128,512,65536,4096,61425,0,262144,245764,False
optimizer.safetensors,adam.wte.weight.m,9984,128,512,65536,3584,61932,0,262144,247792,False
optimizer.safetensors,adam.wte.weight.m,10112,128,512,65536,5632,59885,0,262144,239604,False
optimizer.safetensors,adam.wte.weight.m,10240,128,512,65536,4096,61424,0,262144,245760,False
optimizer.safetensors,adam.wte.weight.m,10368,128,512,65536,4096,61431,0,262144,245788,False
optimizer.safetensors,adam.wte.weight.m,10496,128,512,65536,6144,59375,0,262144,237564,False
optimizer.safetensors,adam.wte.weight.m,10624,128,512,65536,5120,60408,0,262144,241696,False
optimizer.safetensors,adam.wte.weight.m,10752,128,512,65536,3072,62449,0,262144,249860,True
optimizer.safetensors,adam.wte.weight.m,10880,128,512,65536,2560,62958,0,262144,251896,True
optimizer.safetensors,adam.wte.weight.m,11008,128,512,65536,2560,62963,0,262144,251916,True
optimizer.safetensors,adam.wte.weight.m,11136,128,512,65536,5120,60407,0,262144,241692,False
optimizer.safetensors,adam.wte.weight.m,11264,128,512,65536,3584,61935,0,262144,247804,False
optimizer.safetensors,adam.wte.weight.m,11392,128,512,65536,3584,61942,0,262144,247832,False
optimizer.safetensors,adam.wte.weight.m,11520,128,512,65536,7680,57847,0,262144,231452,False
optimizer.safetensors,adam.wte.weight.m,11648,128,512,65536,6144,59380,0,262144,237584,False
optimizer.safetensors,adam.wte.weight.m,11776,128,512,65536,6144,59379,0,262144,237580,False
optimizer.safetensors,adam.wte.weight.m,11904,128,512,65536,5632,59891,0,262144,239628,False
optimizer.safetensors,adam.wte.weight.m,12032,128,512,65536,6144,59380,0,262144,237584,False
optimizer.safetensors,adam.wte.weight.m,12160,128,512,65536,3584,61934,0,262144,247800,False
optimizer.safetensors,adam.wte.weight.m,12288,128,512,65536,4608,60914,0,262144,243720,False
optimizer.safetensors,adam.wte.weight.m,12416,128,512,65536,3072,62455,0,262144,249884,True
optimizer.safetensors,adam.wte.weight.m,12544,128,512,65536,5632,59892,0,262144,239632,False
optimizer.safetensors,adam.wte.weight.m,12672,128,512,65536,6144,59374,0,262144,237560,False
optimizer.safetensors,adam.wte.weight.m,12800,128,512,65536,5632,59892,0,262144,239632,False
optimizer.safetensors,adam.wte.weight.m,12928,128,512,65536,5632,59884,0,262144,239600,False
optimizer.safetensors,adam.wte.weight.m,13056,128,512,65536,5120,60401,0,262144,241668,False
optimizer.safetensors,adam.wte.weight.m,13184,128,512,65536,4096,61429,0,262144,245780,False
optimizer.safetensors,adam.wte.weight.m,13312,128,512,65536,5632,59893,0,262144,239636,False
optimizer.safetensors,adam.wte.weight.m,13440,128,512,65536,5632,59891,0,262144,239628,False
optimizer.safetensors,adam.wte.weight.m,13568,128,512,65536,7168,58355,0,262144,233484,False
optimizer.safetensors,adam.wte.weight.m,13696,128,512,65536,3072,62448,0,262144,249856,True
optimizer.safetensors,adam.wte.weight.m,13824,128,512,65536,5120,60403,0,262144,241676,False
optimizer.safetensors,adam.wte.weight.m,13952,128,512,65536,4096,61424,0,262144,245760,False
optimizer.safetensors,adam.wte.weight.m,14080,128,512,65536,9728,55800,0,262144,223264,False
optimizer.safetensors,adam.wte.weight.m,14208,128,512,65536,6656,58864,0,262144,235520,False
optimizer.safetensors,adam.wte.weight.m,14336,128,512,65536,7168,58362,0,262144,233512,False
optimizer.safetensors,adam.wte.weight.m,14464,128,512,65536,2048,63466,0,262144,253928,True
optimizer.safetensors,adam.wte.weight.m,14592,128,512,65536,4096,61426,0,262144,245768,False
optimizer.safetensors,adam.wte.weight.m,14720,128,512,65536,3584,61930,0,262144,247784,False
optimizer.safetensors,adam.wte.weight.m,14848,128,512,65536,3072,62443,0,262144,249836,True
optimizer.safetensors,adam.wte.weight.m,14976,128,512,65536,3584,61934,0,262144,247800,False
optimizer.safetensors,adam.wte.weight.m,15104,128,512,65536,5120,60408,0,262144,241696,False
optimizer.safetensors,adam.wte.weight.m,15232,128,512,65536,6656,58866,0,262144,235528,False
optimizer.safetensors,adam.wte.weight.m,15360,128,512,65536,9216,56306,0,262144,225288,False
optimizer.safetensors,adam.wte.weight.m,15488,128,512,65536,7168,58350,0,262144,233464,False
optimizer.safetensors,adam.wte.weight.m,15616,128,512,65536,7680,57846,0,262144,231448,False
optimizer.safetensors,adam.wte.weight.m,15744,128,512,65536,4608,60913,0,262144,243716,False
optimizer.safetensors,adam.wte.weight.m,15872,128,512,65536,6144,59385,0,262144,237604,False
optimizer.safetensors,adam.wte.weight.m,16000,128,512,65536,4096,61416,0,262144,245728,False
optimizer.safetensors,adam.wte.weight.m,16128,128,512,65536,6144,59379,0,262144,237580,False
optimizer.safetensors,adam.wte.weight.m,16256,128,512,65536,5120,60405,0,262144,241684,False
optimizer.safetensors,adam.wte.weight.m,16384,128,512,65536,6656,58865,0,262144,235524,False
optimizer.safetensors,adam.wte.weight.m,16512,128,512,65536,3072,62448,0,262144,249856,True
optimizer.safetensors,adam.wte.weight.m,16640,128,512,65536,8704,56820,0,262144,227344,False
optimizer.safetensors,adam.wte.weight.m,16768,128,512,65536,7168,58358,0,262144,233496,False
optimizer.safetensors,adam.wte.weight.m,16896,128,512,65536,5632,59892,0,262144,239632,False
optimizer.safetensors,adam.wte.weight.m,17024,128,512,65536,6144,59377,0,262144,237572,False
optimizer.safetensors,adam.wte.weight.m,17152,128,512,65536,5632,59892,0,262144,239632,False
optimizer.safetensors,adam.wte.weight.m,17280,128,512,65536,5632,59896,0,262144,239648,False
optimizer.safetensors,adam.wte.weight.m,17408,128,512,65536,7680,57842,0,262144,231432,False
optimizer.safetensors,adam.wte.weight.m,17536,128,512,65536,6144,59375,0,262144,237564,False
optimizer.safetensors,adam.wte.weight.m,17664,128,512,65536,4096,61422,0,262144,245752,False
optimizer.safetensors,adam.wte.weight.m,17792,128,512,65536,7168,58356,0,262144,233488,False
optimizer.safetensors,adam.wte.weight.m,17920,128,512,65536,7168,58361,0,262144,233508,False
optimizer.safetensors,adam.wte.weight.m,18048,128,512,65536,6656,58869,0,262144,235540,False
optimizer.safetensors,adam.wte.weight.m,18176,128,512,65536,5120,60403,0,262144,241676,False
optimizer.safetensors,adam.wte.weight.m,18304,128,512,65536,7168,58356,0,262144,233488,False
optimizer.safetensors,adam.wte.weight.m,18432,128,512,65536,3584,61943,0,262144,247836,False
optimizer.safetensors,adam.wte.weight.m,18560,128,512,65536,8192,57331,0,262144,229388,False
optimizer.safetensors,adam.wte.weight.m,18688,128,512,65536,8192,57332,0,262144,229392,False
optimizer.safetensors,adam.wte.weight.m,18816,128,512,65536,9728,55801,0,262144,223268,False
optimizer.safetensors,adam.wte.weight.m,18944,128,512,65536,7680,57844,0,262144,231440,False
optimizer.safetensors,adam.wte.weight.m,19072,128,512,65536,6656,58865,0,262144,235524,False
optimizer.safetensors,adam.wte.weight.m,19200,128,512,65536,5632,59895,0,262144,239644,False
optimizer.safetensors,adam.wte.weight.m,19328,128,512,65536,5120,60405,0,262144,241684,False
optimizer.safetensors,adam.wte.weight.m,19456,128,512,65536,9728,55795,0,262144,223244,False
optimizer.safetensors,adam.wte.weight.m,19584,128,512,65536,7168,58355,0,262144,233484,False
optimizer.safetensors,adam.wte.weight.m,19712,128,512,65536,7168,58357,0,262144,233492,False
optimizer.safetensors,adam.wte.weight.m,19840,128,512,65536,11264,54264,0,262144,217120,False
optimizer.safetensors,adam.wte.weight.m,19968,128,512,65536,8192,57333,0,262144,229396,False
optimizer.safetensors,adam.wte.weight.m,20096,128,512,65536,6144,59378,0,262144,237576,False
optimizer.safetensors,adam.wte.weight.m,20224,128,512,65536,7168,58352,0,262144,233472,False
optimizer.safetensors,adam.wte.weight.m,20352,128,512,65536,11776,53753,0,262144,215076,False
optimizer.safetensors,adam.wte.weight.m,20480,128,512,65536,5632,59888,0,262144,239616,False
optimizer.safetensors,adam.wte.weight.m,20608,128,512,65536,6656,58866,0,262144,235528,False
optimizer.safetensors,adam.wte.weight.m,20736,128,512,65536,5632,59895,0,262144,239644,False
optimizer.safetensors,adam.wte.weight.m,20864,128,512,65536,8192,57332,0,262144,229392,False
optimizer.safetensors,adam.wte.weight.m,20992,128,512,65536,7168,58349,0,262144,233460,False
optimizer.safetensors,adam.wte.weight.m,21120,128,512,65536,11776,53750,0,262144,215064,False
optimizer.safetensors,adam.wte.weight.m,21248,128,512,65536,7680,57846,0,262144,231448,False
optimizer.safetensors,adam.wte.weight.m,21376,128,512,65536,10752,54780,0,262144,219184,False
optimizer.safetensors,adam.wte.weight.m,21504,128,512,65536,8192,57331,0,262144,229388,False
optimizer.safetensors,adam.wte.weight.m,21632,128,512,65536,9728,55798,0,262144,223256,False
optimizer.safetensors,adam.wte.weight.m,21760,128,512,65536,10240,55285,0,262144,221204,False
optimizer.safetensors,adam.wte.weight.m,21888,128,512,65536,4608,60916,0,262144,243728,False
optimizer.safetensors,adam.wte.weight.m,22016,128,512,65536,8192,57324,0,262144,229360,False
optimizer.safetensors,adam.wte.weight.m,22144,128,512,65536,6144,59371,0,262144,237548,False
optimizer.safetensors,adam.wte.weight.m,22272,128,512,65536,11264,54256,0,262144,217088,False
optimizer.safetensors,adam.wte.weight.m,22400,128,512,65536,11776,53751,0,262144,215068,False
optimizer.safetensors,adam.wte.weight.m,22528,128,512,65536,9728,55793,0,262144,223236,False
optimizer.safetensors,adam.wte.weight.m,22656,128,512,65536,6656,58869,0,262144,235540,False
optimizer.safetensors,adam.wte.weight.m,22784,128,512,65536,8192,57332,0,262144,229392,False
optimizer.safetensors,adam.wte.weight.m,22912,128,512,65536,7680,57846,0,262144,231448,False
optimizer.safetensors,adam.wte.weight.m,23040,128,512,65536,7680,57846,0,262144,231448,False
optimizer.safetensors,adam.wte.weight.m,23168,128,512,65536,11776,53747,0,262144,215052,False
optimizer.safetensors,adam.wte.weight.m,23296,128,512,65536,13312,52212,0,262144,208912,False
optimizer.safetensors,adam.wte.weight.m,23424,128,512,65536,7168,58354,0,262144,233480,False
optimizer.safetensors,adam.wte.weight.m,23552,128,512,65536,14336,51191,0,262144,204828,False
optimizer.safetensors,adam.wte.weight.m,23680,128,512,65536,12800,52724,0,262144,210960,False
optimizer.safetensors,adam.wte.weight.m,23808,128,512,65536,14336,51186,0,262144,204808,False
optimizer.safetensors,adam.wte.weight.m,23936,128,512,65536,10752,54777,0,262144,219172,False
optimizer.safetensors,adam.wte.weight.m,24064,128,512,65536,12288,53238,0,262144,213016,False
optimizer.safetensors,adam.wte.weight.m,24192,128,512,65536,8704,56822,0,262144,227352,False
optimizer.safetensors,adam.wte.weight.m,24320,128,512,65536,8192,57328,0,262144,229376,False
optimizer.safetensors,adam.wte.weight.m,24448,128,512,65536,7680,57845,0,262144,231444,False
optimizer.safetensors,adam.wte.weight.m,24576,128,512,65536,11264,54265,0,262144,217124,False
optimizer.safetensors,adam.wte.weight.m,24704,128,512,65536,16896,48629,0,262144,194580,False
optimizer.safetensors,adam.wte.weight.m,24832,128,512,65536,9728,55796,0,262144,223248,False
optimizer.safetensors,adam.wte.weight.m,24960,128,512,65536,15360,50165,0,262144,200724,False
optimizer.safetensors,adam.wte.weight.m,25088,128,512,65536,14336,51187,0,262144,204812,False
optimizer.safetensors,adam.wte.weight.m,25216,128,512,65536,9728,55794,0,262144,223240,False
optimizer.safetensors,adam.wte.weight.m,25344,128,512,65536,12288,53241,0,262144,213028,False
optimizer.safetensors,adam.wte.weight.m,25472,128,512,65536,15360,50159,0,262144,200700,False
optimizer.safetensors,adam.wte.weight.m,25600,128,512,65536,11264,54263,0,262144,217116,False
optimizer.safetensors,adam.wte.weight.m,25728,128,512,65536,13312,52219,0,262144,208940,False
optimizer.safetensors,adam.wte.weight.m,25856,128,512,65536,10240,55283,0,262144,221196,False
optimizer.safetensors,adam.wte.weight.m,25984,128,512,65536,10240,55284,0,262144,221200,False
optimizer.safetensors,adam.wte.weight.m,26112,128,512,65536,12288,53237,0,262144,213012,False
optimizer.safetensors,adam.wte.weight.m,26240,128,512,65536,14336,51188,0,262144,204816,False
optimizer.safetensors,adam.wte.weight.m,26368,128,512,65536,12800,52726,0,262144,210968,False
optimizer.safetensors,adam.wte.weight.m,26496,128,512,65536,12800,52726,0,262144,210968,False
optimizer.safetensors,adam.wte.weight.m,26624,128,512,65536,14336,51193,0,262144,204836,False
optimizer.safetensors,adam.wte.weight.m,26752,128,512,65536,10752,54774,0,262144,219160,False
optimizer.safetensors,adam.wte.weight.m,26880,128,512,65536,9728,55789,0,262144,223220,False
optimizer.safetensors,adam.wte.weight.m,27008,128,512,65536,10752,54776,0,262144,219168,False
optimizer.safetensors,adam.wte.weight.m,27136,128,512,65536,14336,51195,0,262144,204844,False
optimizer.safetensors,adam.wte.weight.m,27264,128,512,65536,12800,52723,0,262144,210956,False
optimizer.safetensors,adam.wte.weight.m,27392,128,512,65536,17408,48123,0,262144,192556,False
optimizer.safetensors,adam.wte.weight.m,27520,128,512,65536,15360,50164,0,262144,200720,False
optimizer.safetensors,adam.wte.weight.m,27648,128,512,65536,11776,53756,0,262144,215088,False
optimizer.safetensors,adam.wte.weight.m,27776,128,512,65536,14336,51187,0,262144,204812,False
optimizer.safetensors,adam.wte.weight.m,27904,128,512,65536,16384,49142,0,262144,196632,False
optimizer.safetensors,adam.wte.weight.m,28032,128,512,65536,13312,52211,0,262144,208908,False
optimizer.safetensors,adam.wte.weight.m,28160,128,512,65536,12800,52725,0,262144,210964,False
optimizer.safetensors,adam.wte.weight.m,28288,128,512,65536,15360,50169,0,262144,200740,False
optimizer.safetensors,adam.wte.weight.m,28416,128,512,65536,15872,49654,0,262144,198680,False
optimizer.safetensors,adam.wte.weight.m,28544,128,512,65536,13312,52218,0,262144,208936,False
optimizer.safetensors,adam.wte.weight.m,28672,128,512,65536,10240,55291,0,262144,221228,False
optimizer.safetensors,adam.wte.weight.m,28800,128,512,65536,18432,47098,0,262144,188456,False
optimizer.safetensors,adam.wte.weight.m,28928,128,512,65536,15872,49650,0,262144,198664,False
optimizer.safetensors,adam.wte.weight.m,29056,128,512,65536,18944,46586,0,262144,186408,False
optimizer.safetensors,adam.wte.weight.m,29184,128,512,65536,14336,51190,0,262144,204824,False
optimizer.safetensors,adam.wte.weight.m,29312,128,512,65536,16896,48635,0,262144,194604,False
optimizer.safetensors,adam.wte.weight.m,29440,128,512,65536,13824,51699,0,262144,206860,False
optimizer.safetensors,adam.wte.weight.m,29568,128,512,65536,14848,50680,0,262144,202784,False
optimizer.safetensors,adam.wte.weight.m,29696,128,512,65536,19456,46073,0,262144,184356,False
optimizer.safetensors,adam.wte.weight.m,29824,128,512,65536,12288,53237,0,262144,213012,False
optimizer.safetensors,adam.wte.weight.m,29952,128,512,65536,14336,51190,0,262144,204824,False
optimizer.safetensors,adam.wte.weight.m,30080,128,512,65536,17408,48121,0,262144,192548,False
optimizer.safetensors,adam.wte.weight.m,30208,128,512,65536,14848,50678,0,262144,202776,False
optimizer.safetensors,adam.wte.weight.m,30336,128,512,65536,15360,50167,0,262144,200732,False
optimizer.safetensors,adam.wte.weight.m,30464,128,512,65536,16384,49147,0,262144,196652,False
optimizer.safetensors,adam.wte.weight.m,30592,128,512,65536,17920,47602,0,262144,190472,False
optimizer.safetensors,adam.wte.weight.m,30720,128,512,65536,12800,52724,0,262144,210960,False
optimizer.safetensors,adam.wte.weight.m,30848,128,512,65536,13824,51703,0,262144,206876,False
optimizer.safetensors,adam.wte.weight.m,30976,128,512,65536,19456,46071,0,262144,184348,False
optimizer.safetensors,adam.wte.weight.m,31104,128,512,65536,18432,47094,0,262144,188440,False
optimizer.safetensors,adam.wte.weight.m,31232,128,512,65536,19456,46075,0,262144,184364,False
optimizer.safetensors,adam.wte.weight.m,31360,128,512,65536,14336,51193,0,262144,204836,False
optimizer.safetensors,adam.wte.weight.m,31488,128,512,65536,15872,49654,0,262144,198680,False
optimizer.safetensors,adam.wte.weight.m,31616,128,512,65536,19968,45562,0,262144,182312,False
optimizer.safetensors,adam.wte.weight.m,31744,128,512,65536,15360,50170,0,262144,200744,False
optimizer.safetensors,adam.wte.weight.m,31872,128,512,65536,15360,50168,0,262144,200736,False
optimizer.safetensors,adam.wte.weight.m,32000,128,512,65536,14848,50684,0,262144,202800,False
optimizer.safetensors,adam.wte.weight.m,32128,128,512,65536,16896,48627,0,262144,194572,False
optimizer.safetensors,adam.wte.weight.m,32256,128,512,65536,18432,47097,0,262144,188452,False
optimizer.safetensors,adam.wte.weight.m,32384,128,512,65536,14848,50678,0,262144,202776,False
optimizer.safetensors,adam.wte.weight.m,32512,128,512,65536,22528,43006,0,262144,172088,False
optimizer.safetensors,adam.wte.weight.m,32640,128,512,65536,22528,42999,0,262144,172060,False
optimizer.safetensors,adam.wte.weight.v,0,128,512,65536,17408,48110,0,262144,192504,False
optimizer.safetensors,adam.wte.weight.v,128,128,512,65536,21504,44009,0,262144,176100,False
optimizer.safetensors,adam.wte.weight.v,256,128,512,65536,512,64998,0,262144,260056,True
optimizer.safetensors,adam.wte.weight.v,384,128,512,65536,0,65511,0,262144,262108,True
optimizer.safetensors,adam.wte.weight.v,512,128,512,65536,0,65500,0,262144,262064,True
optimizer.safetensors,adam.wte.weight.v,640,128,512,65536,1536,63973,0,262144,255956,True
optimizer.safetensors,adam.wte.weight.v,768,128,512,65536,2048,63466,0,262144,253928,True
optimizer.safetensors,adam.wte.weight.v,896,128,512,65536,3072,62438,0,262144,249816,True
optimizer.safetensors,adam.wte.weight.v,1024,128,512,65536,1536,63959,0,262144,255900,True
optimizer.safetensors,adam.wte.weight.v,1152,128,512,65536,1024,64489,0,262144,258020,True
optimizer.safetensors,adam.wte.weight.v,1280,128,512,65536,2560,62941,0,262144,251828,True
optimizer.safetensors,adam.wte.weight.v,1408,128,512,65536,5632,59868,0,262144,239536,False
optimizer.safetensors,adam.wte.weight.v,1536,128,512,65536,1024,64475,0,262144,257964,True
optimizer.safetensors,adam.wte.weight.v,1664,128,512,65536,3584,61926,0,262144,247768,False
optimizer.safetensors,adam.wte.weight.v,1792,128,512,65536,2560,62934,0,262144,251800,True
optimizer.safetensors,adam.wte.weight.v,1920,128,512,65536,2048,63453,0,262144,253876,True
optimizer.safetensors,adam.wte.weight.v,2048,128,512,65536,3072,62427,0,262144,249772,True
optimizer.safetensors,adam.wte.weight.v,2176,128,512,65536,3072,62438,0,262144,249816,True
optimizer.safetensors,adam.wte.weight.v,2304,128,512,65536,3072,62433,0,262144,249796,True
optimizer.safetensors,adam.wte.weight.v,2432,128,512,65536,3072,62444,0,262144,249840,True
optimizer.safetensors,adam.wte.weight.v,2560,128,512,65536,4096,61404,0,262144,245680,False
optimizer.safetensors,adam.wte.weight.v,2688,128,512,65536,2048,63457,0,262144,253892,True
optimizer.safetensors,adam.wte.weight.v,2816,128,512,65536,4096,61409,0,262144,245700,False
optimizer.safetensors,adam.wte.weight.v,2944,128,512,65536,4608,60891,0,262144,243628,False
optimizer.safetensors,adam.wte.weight.v,3072,128,512,65536,2560,62945,0,262144,251844,True
optimizer.safetensors,adam.wte.weight.v,3200,128,512,65536,2560,62940,0,262144,251824,True
optimizer.safetensors,adam.wte.weight.v,3328,128,512,65536,2048,63456,0,262144,253888,True
optimizer.safetensors,adam.wte.weight.v,3456,128,512,65536,5120,60377,0,262144,241572,False
optimizer.safetensors,adam.wte.weight.v,3584,128,512,65536,3072,62423,0,262144,249756,True
optimizer.safetensors,adam.wte.weight.v,3712,128,512,65536,6656,58856,0,262144,235488,False
optimizer.safetensors,adam.wte.weight.v,3840,128,512,65536,1536,63955,0,262144,255884,True
optimizer.safetensors,adam.wte.weight.v,3968,128,512,65536,3072,62443,0,262144,249836,True
optimizer.safetensors,adam.wte.weight.v,4096,128,512,65536,2560,62945,0,262144,251844,True
optimizer.safetensors,adam.wte.weight.v,4224,128,512,65536,2048,63449,0,262144,253860,True
optimizer.safetensors,adam.wte.weight.v,4352,128,512,65536,3072,62437,0,262144,249812,True
optimizer.safetensors,adam.wte.weight.v,4480,128,512,65536,4096,61402,0,262144,245672,False
optimizer.safetensors,adam.wte.weight.v,4608,128,512,65536,2560,62951,0,262144,251868,True
optimizer.safetensors,adam.wte.weight.v,4736,128,512,65536,2560,62943,0,262144,251836,True
optimizer.safetensors,adam.wte.weight.v,4864,128,512,65536,3072,62435,0,262144,249804,True
optimizer.safetensors,adam.wte.weight.v,4992,128,512,65536,3072,62437,0,262144,249812,True
optimizer.safetensors,adam.wte.weight.v,5120,128,512,65536,2560,62937,0,262144,251812,True
optimizer.safetensors,adam.wte.weight.v,5248,128,512,65536,4096,61408,0,262144,245696,False
optimizer.safetensors,adam.wte.weight.v,5376,128,512,65536,2048,63450,0,262144,253864,True
optimizer.safetensors,adam.wte.weight.v,5504,128,512,65536,5632,59857,0,262144,239492,False
optimizer.safetensors,adam.wte.weight.v,5632,128,512,65536,4608,60888,0,262144,243616,False
optimizer.safetensors,adam.wte.weight.v,5760,128,512,65536,5632,59872,0,262144,239552,False
optimizer.safetensors,adam.wte.weight.v,5888,128,512,65536,4096,61394,0,262144,245640,False
optimizer.safetensors,adam.wte.weight.v,6016,128,512,65536,2048,63455,0,262144,253884,True
optimizer.safetensors,adam.wte.weight.v,6144,128,512,65536,3072,62417,0,262144,249732,True
optimizer.safetensors,adam.wte.weight.v,6272,128,512,65536,3584,61928,0,262144,247776,False
optimizer.safetensors,adam.wte.weight.v,6400,128,512,65536,4608,60894,0,262144,243640,False
optimizer.safetensors,adam.wte.weight.v,6528,128,512,65536,4608,60895,0,262144,243644,False
optimizer.safetensors,adam.wte.weight.v,6656,128,512,65536,4608,60890,0,262144,243624,False
optimizer.safetensors,adam.wte.weight.v,6784,128,512,65536,3584,61898,0,262144,247656,False
optimizer.safetensors,adam.wte.weight.v,6912,128,512,65536,4608,60899,0,262144,243660,False
optimizer.safetensors,adam.wte.weight.v,7040,128,512,65536,4096,61410,0,262144,245704,False
optimizer.safetensors,adam.wte.weight.v,7168,128,512,65536,4096,61401,0,262144,245668,False
optimizer.safetensors,adam.wte.weight.v,7296,128,512,65536,5120,60384,0,262144,241600,False
optimizer.safetensors,adam.wte.weight.v,7424,128,512,65536,4096,61405,0,262144,245684,False
optimizer.safetensors,adam.wte.weight.v,7552,128,512,65536,5120,60378,0,262144,241576,False
optimizer.safetensors,adam.wte.weight.v,7680,128,512,65536,3584,61911,0,262144,247708,False
optimizer.safetensors,adam.wte.weight.v,7808,128,512,65536,3072,62432,0,262144,249792,True
optimizer.safetensors,adam.wte.weight.v,7936,128,512,65536,4096,61413,0,262144,245716,False
optimizer.safetensors,adam.wte.weight.v,8064,128,512,65536,4096,61400,0,262144,245664,False
optimizer.safetensors,adam.wte.weight.v,8192,128,512,65536,3072,62429,0,262144,249780,True
optimizer.safetensors,adam.wte.weight.v,8320,128,512,65536,3584,61907,0,262144,247692,False
optimizer.safetensors,adam.wte.weight.v,8448,128,512,65536,2048,63450,0,262144,253864,True
optimizer.safetensors,adam.wte.weight.v,8576,128,512,65536,7168,58332,0,262144,233392,False
optimizer.safetensors,adam.wte.weight.v,8704,128,512,65536,4096,61400,0,262144,245664,False
optimizer.safetensors,adam.wte.weight.v,8832,128,512,65536,4096,61398,0,262144,245656,False
optimizer.safetensors,adam.wte.weight.v,8960,128,512,65536,6144,59352,0,262144,237472,False
optimizer.safetensors,adam.wte.weight.v,9088,128,512,65536,3072,62429,0,262144,249780,True
optimizer.safetensors,adam.wte.weight.v,9216,128,512,65536,3584,61907,0,262144,247692,False
optimizer.safetensors,adam.wte.weight.v,9344,128,512,65536,3584,61921,0,262144,247748,False
optimizer.safetensors,adam.wte.weight.v,9472,128,512,65536,5120,60382,0,262144,241592,False
optimizer.safetensors,adam.wte.weight.v,9600,128,512,65536,2048,63443,0,262144,253836,True
optimizer.safetensors,adam.wte.weight.v,9728,128,512,65536,4096,61402,0,262144,245672,False
optimizer.safetensors,adam.wte.weight.v,9856,128,512,65536,4096,61402,0,262144,245672,False
optimizer.safetensors,adam.wte.weight.v,9984,128,512,65536,3584,61911,0,262144,247708,False
optimizer.safetensors,adam.wte.weight.v,10112,128,512,65536,5632,59874,0,262144,239560,False
optimizer.safetensors,adam.wte.weight.v,10240,128,512,65536,4096,61403,0,262144,245676,False
optimizer.safetensors,adam.wte.weight.v,10368,128,512,65536,4096,61394,0,262144,245640,False
optimizer.safetensors,adam.wte.weight.v,10496,128,512,65536,6144,59366,0,262144,237528,False
optimizer.safetensors,adam.wte.weight.v,10624,128,512,65536,5120,60381,0,262144,241588,False
optimizer.safetensors,adam.wte.weight.v,10752,128,512,65536,3072,62436,0,262144,249808,True
optimizer.safetensors,adam.wte.weight.v,10880,128,512,65536,2560,62938,0,262144,251816,True
optimizer.safetensors,adam.wte.weight.v,11008,128,512,65536,2560,62940,0,262144,251824,True
optimizer.safetensors,adam.wte.weight.v,11136,128,512,65536,5120,60379,0,262144,241580,False
optimizer.safetensors,adam.wte.weight.v,11264,128,512,65536,3584,61906,0,262144,247688,False
optimizer.safetensors,adam.wte.weight.v,11392,128,512,65536,3584,61909,0,262144,247700,False
optimizer.safetensors,adam.wte.weight.v,11520,128,512,65536,7680,57833,0,262144,231396,False
optimizer.safetensors,adam.wte.weight.v,11648,128,512,65536,6144,59370,0,262144,237544,False
optimizer.safetensors,adam.wte.weight.v,11776,128,512,65536,6144,59345,0,262144,237444,False
optimizer.safetensors,adam.wte.weight.v,11904,128,512,65536,5632,59871,0,262144,239548,False
optimizer.safetensors,adam.wte.weight.v,12032,128,512,65536,6144,59354,0,262144,237480,False
optimizer.safetensors,adam.wte.weight.v,12160,128,512,65536,3584,61920,0,262144,247744,False
optimizer.safetensors,adam.wte.weight.v,12288,128,512,65536,4608,60878,0,262144,243576,False
optimizer.safetensors,adam.wte.weight.v,12416,128,512,65536,3072,62434,0,262144,249800,True
optimizer.safetensors,adam.wte.weight.v,12544,128,512,65536,5632,59868,0,262144,239536,False
optimizer.safetensors,adam.wte.weight.v,12672,128,512,65536,6144,59361,0,262144,237508,False
optimizer.safetensors,adam.wte.weight.v,12800,128,512,65536,5632,59858,0,262144,239496,False
optimizer.safetensors,adam.wte.weight.v,12928,128,512,65536,5632,59870,0,262144,239544,False
optimizer.safetensors,adam.wte.weight.v,13056,128,512,65536,5120,60384,0,262144,241600,False
optimizer.safetensors,adam.wte.weight.v,13184,128,512,65536,4096,61409,0,262144,245700,False
optimizer.safetensors,adam.wte.weight.v,13312,128,512,65536,5632,59870,0,262144,239544,False
optimizer.safetensors,adam.wte.weight.v,13440,128,512,65536,5632,59869,0,262144,239540,False
optimizer.safetensors,adam.wte.weight.v,13568,128,512,65536,7168,58343,0,262144,233436,False
optimizer.safetensors,adam.wte.weight.v,13696,128,512,65536,3072,62421,0,262144,249748,True
optimizer.safetensors,adam.wte.weight.v,13824,128,512,65536,5120,60390,0,262144,241624,False
optimizer.safetensors,adam.wte.weight.v,13952,128,512,65536,4096,61407,0,262144,245692,False
optimizer.safetensors,adam.wte.weight.v,14080,128,512,65536,9728,55771,0,262144,223148,False
optimizer.safetensors,adam.wte.weight.v,14208,128,512,65536,6656,58847,0,262144,235452,False
optimizer.safetensors,adam.wte.weight.v,14336,128,512,65536,7168,58346,0,262144,233448,False
optimizer.safetensors,adam.wte.weight.v,14464,128,512,65536,2048,63467,0,262144,253932,True
optimizer.safetensors,adam.wte.weight.v,14592,128,512,65536,4096,61407,0,262144,245692,False
optimizer.safetensors,adam.wte.weight.v,14720,128,512,65536,3584,61910,0,262144,247704,False
optimizer.safetensors,adam.wte.weight.v,14848,128,512,65536,3072,62413,0,262144,249716,True
optimizer.safetensors,adam.wte.weight.v,14976,128,512,65536,3584,61913,0,262144,247716,False
optimizer.safetensors,adam.wte.weight.v,15104,128,512,65536,5120,60378,0,262144,241576,False
optimizer.safetensors,adam.wte.weight.v,15232,128,512,65536,6656,58848,0,262144,235456,False
optimizer.safetensors,adam.wte.weight.v,15360,128,512,65536,9216,56295,0,262144,225244,False
optimizer.safetensors,adam.wte.weight.v,15488,128,512,65536,7168,58327,0,262144,233372,False
optimizer.safetensors,adam.wte.weight.v,15616,128,512,65536,7680,57826,0,262144,231368,False
optimizer.safetensors,adam.wte.weight.v,15744,128,512,65536,4608,60897,0,262144,243652,False
optimizer.safetensors,adam.wte.weight.v,15872,128,512,65536,6144,59360,0,262144,237504,False
optimizer.safetensors,adam.wte.weight.v,16000,128,512,65536,4096,61389,0,262144,245620,False
optimizer.safetensors,adam.wte.weight.v,16128,128,512,65536,6144,59357,0,262144,237492,False
optimizer.safetensors,adam.wte.weight.v,16256,128,512,65536,5120,60393,0,262144,241636,False
optimizer.safetensors,adam.wte.weight.v,16384,128,512,65536,6656,58845,0,262144,235444,False
optimizer.safetensors,adam.wte.weight.v,16512,128,512,65536,3072,62429,0,262144,249780,True
optimizer.safetensors,adam.wte.weight.v,16640,128,512,65536,8704,56797,0,262144,227252,False
optimizer.safetensors,adam.wte.weight.v,16768,128,512,65536,7168,58328,0,262144,233376,False
optimizer.safetensors,adam.wte.weight.v,16896,128,512,65536,5632,59866,0,262144,239528,False
optimizer.safetensors,adam.wte.weight.v,17024,128,512,65536,6144,59365,0,262144,237524,False
optimizer.safetensors,adam.wte.weight.v,17152,128,512,65536,5632,59869,0,262144,239540,False
optimizer.safetensors,adam.wte.weight.v,17280,128,512,65536,5632,59875,0,262144,239564,False
optimizer.safetensors,adam.wte.weight.v,17408,128,512,65536,7680,57836,0,262144,231408,False
optimizer.safetensors,adam.wte.weight.v,17536,128,512,65536,6144,59369,0,262144,237540,False
optimizer.safetensors,adam.wte.weight.v,17664,128,512,65536,4096,61411,0,262144,245708,False
optimizer.safetensors,adam.wte.weight.v,17792,128,512,65536,7168,58343,0,262144,233436,False
optimizer.safetensors,adam.wte.weight.v,17920,128,512,65536,7168,58322,0,262144,233352,False
optimizer.safetensors,adam.wte.weight.v,18048,128,512,65536,6656,58847,0,262144,235452,False
optimizer.safetensors,adam.wte.weight.v,18176,128,512,65536,5120,60381,0,262144,241588,False
optimizer.safetensors,adam.wte.weight.v,18304,128,512,65536,7168,58336,0,262144,233408,False
optimizer.safetensors,adam.wte.weight.v,18432,128,512,65536,3584,61914,0,262144,247720,False
optimizer.safetensors,adam.wte.weight.v,18560,128,512,65536,8192,57313,0,262144,229316,False
optimizer.safetensors,adam.wte.weight.v,18688,128,512,65536,8192,57322,0,262144,229352,False
optimizer.safetensors,adam.wte.weight.v,18816,128,512,65536,9728,55778,0,262144,223176,False
optimizer.safetensors,adam.wte.weight.v,18944,128,512,65536,7680,57828,0,262144,231376,False
optimizer.safetensors,adam.wte.weight.v,19072,128,512,65536,6656,58844,0,262144,235440,False
optimizer.safetensors,adam.wte.weight.v,19200,128,512,65536,5632,59875,0,262144,239564,False
optimizer.safetensors,adam.wte.weight.v,19328,128,512,65536,5120,60380,0,262144,241584,False
optimizer.safetensors,adam.wte.weight.v,19456,128,512,65536,9728,55776,0,262144,223168,False
optimizer.safetensors,adam.wte.weight.v,19584,128,512,65536,7168,58329,0,262144,233380,False
optimizer.safetensors,adam.wte.weight.v,19712,128,512,65536,7168,58333,0,262144,233396,False
optimizer.safetensors,adam.wte.weight.v,19840,128,512,65536,11264,54239,0,262144,217020,False
optimizer.safetensors,adam.wte.weight.v,19968,128,512,65536,8192,57308,0,262144,229296,False
optimizer.safetensors,adam.wte.weight.v,20096,128,512,65536,6144,59355,0,262144,237484,False
optimizer.safetensors,adam.wte.weight.v,20224,128,512,65536,7168,58341,0,262144,233428,False
optimizer.safetensors,adam.wte.weight.v,20352,128,512,65536,11776,53731,0,262144,214988,False
optimizer.safetensors,adam.wte.weight.v,20480,128,512,65536,5632,59863,0,262144,239516,False
optimizer.safetensors,adam.wte.weight.v,20608,128,512,65536,6656,58846,0,262144,235448,False
optimizer.safetensors,adam.wte.weight.v,20736,128,512,65536,5632,59877,0,262144,239572,False
optimizer.safetensors,adam.wte.weight.v,20864,128,512,65536,8192,57318,0,262144,229336,False
optimizer.safetensors,adam.wte.weight.v,20992,128,512,65536,7168,58338,0,262144,233416,False
optimizer.safetensors,adam.wte.weight.v,21120,128,512,65536,11776,53728,0,262144,214976,False
optimizer.safetensors,adam.wte.weight.v,21248,128,512,65536,7680,57831,0,262144,231388,False
optimizer.safetensors,adam.wte.weight.v,21376,128,512,65536,10752,54753,0,262144,219076,False
optimizer.safetensors,adam.wte.weight.v,21504,128,512,65536,8192,57308,0,262144,229296,False
optimizer.safetensors,adam.wte.weight.v,21632,128,512,65536,9728,55778,0,262144,223176,False
optimizer.safetensors,adam.wte.weight.v,21760,128,512,65536,10240,55265,0,262144,221124,False
optimizer.safetensors,adam.wte.weight.v,21888,128,512,65536,4608,60888,0,262144,243616,False
optimizer.safetensors,adam.wte.weight.v,22016,128,512,65536,8192,57321,0,262144,229348,False
optimizer.safetensors,adam.wte.weight.v,22144,128,512,65536,6144,59360,0,262144,237504,False
optimizer.safetensors,adam.wte.weight.v,22272,128,512,65536,11264,54240,0,262144,217024,False
optimizer.safetensors,adam.wte.weight.v,22400,128,512,65536,11776,53736,0,262144,215008,False
optimizer.safetensors,adam.wte.weight.v,22528,128,512,65536,9728,55774,0,262144,223160,False
optimizer.safetensors,adam.wte.weight.v,22656,128,512,65536,6656,58845,0,262144,235444,False
optimizer.safetensors,adam.wte.weight.v,22784,128,512,65536,8192,57315,0,262144,229324,False
optimizer.safetensors,adam.wte.weight.v,22912,128,512,65536,7680,57830,0,262144,231384,False
optimizer.safetensors,adam.wte.weight.v,23040,128,512,65536,7680,57822,0,262144,231352,False
optimizer.safetensors,adam.wte.weight.v,23168,128,512,65536,11776,53735,0,262144,215004,False
optimizer.safetensors,adam.wte.weight.v,23296,128,512,65536,13312,52198,0,262144,208856,False
optimizer.safetensors,adam.wte.weight.v,23424,128,512,65536,7168,58342,0,262144,233432,False
optimizer.safetensors,adam.wte.weight.v,23552,128,512,65536,14336,51177,0,262144,204772,False
optimizer.safetensors,adam.wte.weight.v,23680,128,512,65536,12800,52706,0,262144,210888,False
optimizer.safetensors,adam.wte.weight.v,23808,128,512,65536,14336,51180,0,262144,204784,False
optimizer.safetensors,adam.wte.weight.v,23936,128,512,65536,10752,54754,0,262144,219080,False
optimizer.safetensors,adam.wte.weight.v,24064,128,512,65536,12288,53221,0,262144,212948,False
optimizer.safetensors,adam.wte.weight.v,24192,128,512,65536,8704,56803,0,262144,227276,False
optimizer.safetensors,adam.wte.weight.v,24320,128,512,65536,8192,57313,0,262144,229316,False
optimizer.safetensors,adam.wte.weight.v,24448,128,512,65536,7680,57828,0,262144,231376,False
optimizer.safetensors,adam.wte.weight.v,24576,128,512,65536,11264,54246,0,262144,217048,False
optimizer.safetensors,adam.wte.weight.v,24704,128,512,65536,16896,48621,0,262144,194548,False
optimizer.safetensors,adam.wte.weight.v,24832,128,512,65536,9728,55782,0,262144,223192,False
optimizer.safetensors,adam.wte.weight.v,24960,128,512,65536,15360,50155,0,262144,200684,False
optimizer.safetensors,adam.wte.weight.v,25088,128,512,65536,14336,51178,0,262144,204776,False
optimizer.safetensors,adam.wte.weight.v,25216,128,512,65536,9728,55780,0,262144,223184,False
optimizer.safetensors,adam.wte.weight.v,25344,128,512,65536,12288,53225,0,262144,212964,False
optimizer.safetensors,adam.wte.weight.v,25472,128,512,65536,15360,50148,0,262144,200656,False
optimizer.safetensors,adam.wte.weight.v,25600,128,512,65536,11264,54256,0,262144,217088,False
optimizer.safetensors,adam.wte.weight.v,25728,128,512,65536,13312,52203,0,262144,208876,False
optimizer.safetensors,adam.wte.weight.v,25856,128,512,65536,10240,55277,0,262144,221172,False
optimizer.safetensors,adam.wte.weight.v,25984,128,512,65536,10240,55268,0,262144,221136,False
optimizer.safetensors,adam.wte.weight.v,26112,128,512,65536,12288,53219,0,262144,212940,False
optimizer.safetensors,adam.wte.weight.v,26240,128,512,65536,14336,51171,0,262144,204748,False
optimizer.safetensors,adam.wte.weight.v,26368,128,512,65536,12800,52707,0,262144,210892,False
optimizer.safetensors,adam.wte.weight.v,26496,128,512,65536,12800,52718,0,262144,210936,False
optimizer.safetensors,adam.wte.weight.v,26624,128,512,65536,14336,51172,0,262144,204752,False
optimizer.safetensors,adam.wte.weight.v,26752,128,512,65536,10752,54757,0,262144,219092,False
optimizer.safetensors,adam.wte.weight.v,26880,128,512,65536,9728,55784,0,262144,223200,False
optimizer.safetensors,adam.wte.weight.v,27008,128,512,65536,10752,54756,0,262144,219088,False
optimizer.safetensors,adam.wte.weight.v,27136,128,512,65536,14336,51185,0,262144,204804,False
optimizer.safetensors,adam.wte.weight.v,27264,128,512,65536,12800,52714,0,262144,210920,False
optimizer.safetensors,adam.wte.weight.v,27392,128,512,65536,17408,48101,0,262144,192468,False
optimizer.safetensors,adam.wte.weight.v,27520,128,512,65536,15360,50155,0,262144,200684,False
optimizer.safetensors,adam.wte.weight.v,27648,128,512,65536,11776,53738,0,262144,215016,False
optimizer.safetensors,adam.wte.weight.v,27776,128,512,65536,14336,51173,0,262144,204756,False
optimizer.safetensors,adam.wte.weight.v,27904,128,512,65536,16384,49130,0,262144,196584,False
optimizer.safetensors,adam.wte.weight.v,28032,128,512,65536,13312,52201,0,262144,208868,False
optimizer.safetensors,adam.wte.weight.v,28160,128,512,65536,12800,52715,0,262144,210924,False
optimizer.safetensors,adam.wte.weight.v,28288,128,512,65536,15360,50153,0,262144,200676,False
optimizer.safetensors,adam.wte.weight.v,28416,128,512,65536,15872,49642,0,262144,198632,False
optimizer.safetensors,adam.wte.weight.v,28544,128,512,65536,13312,52200,0,262144,208864,False
optimizer.safetensors,adam.wte.weight.v,28672,128,512,65536,10240,55259,0,262144,221100,False
optimizer.safetensors,adam.wte.weight.v,28800,128,512,65536,18432,47090,0,262144,188424,False
optimizer.safetensors,adam.wte.weight.v,28928,128,512,65536,15872,49636,0,262144,198608,False
optimizer.safetensors,adam.wte.weight.v,29056,128,512,65536,18944,46581,0,262144,186388,False
optimizer.safetensors,adam.wte.weight.v,29184,128,512,65536,14336,51176,0,262144,204768,False
optimizer.safetensors,adam.wte.weight.v,29312,128,512,65536,16896,48624,0,262144,194560,False
optimizer.safetensors,adam.wte.weight.v,29440,128,512,65536,13824,51685,0,262144,206804,False
optimizer.safetensors,adam.wte.weight.v,29568,128,512,65536,14848,50670,0,262144,202744,False
optimizer.safetensors,adam.wte.weight.v,29696,128,512,65536,19456,46066,0,262144,184328,False
optimizer.safetensors,adam.wte.weight.v,29824,128,512,65536,12288,53226,0,262144,212968,False
optimizer.safetensors,adam.wte.weight.v,29952,128,512,65536,14336,51173,0,262144,204756,False
optimizer.safetensors,adam.wte.weight.v,30080,128,512,65536,17408,48103,0,262144,192476,False
optimizer.safetensors,adam.wte.weight.v,30208,128,512,65536,14848,50669,0,262144,202740,False
optimizer.safetensors,adam.wte.weight.v,30336,128,512,65536,15360,50138,0,262144,200616,False
optimizer.safetensors,adam.wte.weight.v,30464,128,512,65536,16384,49128,0,262144,196576,False
optimizer.safetensors,adam.wte.weight.v,30592,128,512,65536,17920,47597,0,262144,190452,False
optimizer.safetensors,adam.wte.weight.v,30720,128,512,65536,12800,52705,0,262144,210884,False
optimizer.safetensors,adam.wte.weight.v,30848,128,512,65536,13824,51682,0,262144,206792,False
optimizer.safetensors,adam.wte.weight.v,30976,128,512,65536,19456,46066,0,262144,184328,False
optimizer.safetensors,adam.wte.weight.v,31104,128,512,65536,18432,47088,0,262144,188416,False
optimizer.safetensors,adam.wte.weight.v,31232,128,512,65536,19456,46064,0,262144,184320,False
optimizer.safetensors,adam.wte.weight.v,31360,128,512,65536,14336,51174,0,262144,204760,False
optimizer.safetensors,adam.wte.weight.v,31488,128,512,65536,15872,49643,0,262144,198636,False
optimizer.safetensors,adam.wte.weight.v,31616,128,512,65536,19968,45558,0,262144,182296,False
optimizer.safetensors,adam.wte.weight.v,31744,128,512,65536,15360,50154,0,262144,200680,False
optimizer.safetensors,adam.wte.weight.v,31872,128,512,65536,15360,50150,0,262144,200664,False
optimizer.safetensors,adam.wte.weight.v,32000,128,512,65536,14848,50653,0,262144,202676,False
optimizer.safetensors,adam.wte.weight.v,32128,128,512,65536,16896,48626,0,262144,194568,False
optimizer.safetensors,adam.wte.weight.v,32256,128,512,65536,18432,47083,0,262144,188396,False
optimizer.safetensors,adam.wte.weight.v,32384,128,512,65536,14848,50671,0,262144,202748,False
optimizer.safetensors,adam.wte.weight.v,32512,128,512,65536,22528,42985,0,262144,172004,False
optimizer.safetensors,adam.wte.weight.v,32640,128,512,65536,22528,42992,0,262144,172032,False
optimizer.safetensors,muon.blocks.0.attn.c_k.weight,0,128,512,65536,0,65496,0,262144,262048,True
optimizer.safetensors,muon.blocks.0.attn.c_k.weight,128,128,512,65536,0,65498,0,262144,262056,True
optimizer.safetensors,muon.blocks.0.attn.c_k.weight,256,128,512,65536,0,65504,0,262144,262080,True
optimizer.safetensors,muon.blocks.0.attn.c_k.weight,384,128,512,65536,0,65502,0,262144,262072,True
optimizer.safetensors,muon.blocks.0.attn.c_proj.weight,0,128,512,65536,0,65506,0,262144,262088,True
optimizer.safetensors,muon.blocks.0.attn.c_proj.weight,128,128,512,65536,0,65502,0,262144,262072,True
optimizer.safetensors,muon.blocks.0.attn.c_proj.weight,256,128,512,65536,0,65504,0,262144,262080,True
optimizer.safetensors,muon.blocks.0.attn.c_proj.weight,384,128,512,65536,0,65499,0,262144,262060,True
optimizer.safetensors,muon.blocks.0.attn.c_q.weight,0,128,512,65536,0,65502,0,262144,262072,True
optimizer.safetensors,muon.blocks.0.attn.c_q.weight,128,128,512,65536,0,65494,0,262144,262040,True
optimizer.safetensors,muon.blocks.0.attn.c_q.weight,256,128,512,65536,0,65509,0,262144,262100,True
optimizer.safetensors,muon.blocks.0.attn.c_q.weight,384,128,512,65536,0,65500,0,262144,262064,True
optimizer.safetensors,muon.blocks.0.attn.c_v.weight,0,128,512,65536,0,65516,0,262144,262128,True
optimizer.safetensors,muon.blocks.0.attn.c_v.weight,128,128,512,65536,0,65504,0,262144,262080,True
optimizer.safetensors,muon.blocks.0.attn.c_v.weight,256,128,512,65536,0,65506,0,262144,262088,True
optimizer.safetensors,muon.blocks.0.attn.c_v.weight,384,128,512,65536,0,65504,0,262144,262080,True
optimizer.safetensors,muon.blocks.0.mlp.c_fc.weight,0,128,512,65536,0,65512,0,262144,262112,True
optimizer.safetensors,muon.blocks.0.mlp.c_fc.weight,128,128,512,65536,0,65512,0,262144,262112,True
optimizer.safetensors,muon.blocks.0.mlp.c_fc.weight,256,128,512,65536,0,65508,0,262144,262096,True
optimizer.safetensors,muon.blocks.0.mlp.c_fc.weight,384,128,512,65536,0,65503,0,262144,262076,True
optimizer.safetensors,muon.blocks.0.mlp.c_fc.weight,512,128,512,65536,0,65512,0,262144,262112,True
optimizer.safetensors,muon.blocks.0.mlp.c_fc.weight,640,128,512,65536,0,65510,0,262144,262104,True
optimizer.safetensors,muon.blocks.0.mlp.c_fc.weight,768,128,512,65536,0,65517,0,262144,262132,True
optimizer.safetensors,muon.blocks.0.mlp.c_fc.weight,896,128,512,65536,0,65508,0,262144,262096,True
optimizer.safetensors,muon.blocks.0.mlp.c_fc.weight,1024,128,512,65536,0,65513,0,262144,262116,True
optimizer.safetensors,muon.blocks.0.mlp.c_fc.weight,1152,128,512,65536,0,65518,0,262144,262136,True
optimizer.safetensors,muon.blocks.0.mlp.c_fc.weight,1280,128,512,65536,0,65513,0,262144,262116,True
optimizer.safetensors,muon.blocks.0.mlp.c_fc.weight,1408,128,512,65536,0,65498,0,262144,262056,True
optimizer.safetensors,muon.blocks.0.mlp.c_fc.weight,1536,128,512,65536,0,65507,0,262144,262092,True
optimizer.safetensors,muon.blocks.0.mlp.c_fc.weight,1664,128,512,65536,0,65508,0,262144,262096,True
optimizer.safetensors,muon.blocks.0.mlp.c_fc.weight,1792,128,512,65536,0,65511,0,262144,262108,True
optimizer.safetensors,muon.blocks.0.mlp.c_fc.weight,1920,128,512,65536,0,65516,0,262144,262128,True
optimizer.safetensors,muon.blocks.0.mlp.c_proj.weight,0,128,2048,262144,0,261719,0,1048576,1046940,True
optimizer.safetensors,muon.blocks.0.mlp.c_proj.weight,128,128,2048,262144,0,261727,0,1048576,1046972,True
optimizer.safetensors,muon.blocks.0.mlp.c_proj.weight,256,128,2048,262144,0,261767,0,1048576,1047132,True
optimizer.safetensors,muon.blocks.0.mlp.c_proj.weight,384,128,2048,262144,0,261722,0,1048576,1046952,True
optimizer.safetensors,muon.blocks.1.attn.c_k.weight,0,128,512,65536,0,65508,0,262144,262096,True
optimizer.safetensors,muon.blocks.1.attn.c_k.weight,128,128,512,65536,0,65495,0,262144,262044,True
optimizer.safetensors,muon.blocks.1.attn.c_k.weight,256,128,512,65536,0,65512,0,262144,262112,True
optimizer.safetensors,muon.blocks.1.attn.c_k.weight,384,128,512,65536,0,65509,0,262144,262100,True
optimizer.safetensors,muon.blocks.1.attn.c_proj.weight,0,128,512,65536,0,65517,0,262144,262132,True
optimizer.safetensors,muon.blocks.1.attn.c_proj.weight,128,128,512,65536,0,65504,0,262144,262080,True
optimizer.safetensors,muon.blocks.1.attn.c_proj.weight,256,128,512,65536,0,65512,0,262144,262112,True
optimizer.safetensors,muon.blocks.1.attn.c_proj.weight,384,128,512,65536,0,65511,0,262144,262108,True
optimizer.safetensors,muon.blocks.1.attn.c_q.weight,0,128,512,65536,0,65510,0,262144,262104,True
optimizer.safetensors,muon.blocks.1.attn.c_q.weight,128,128,512,65536,0,65507,0,262144,262092,True
optimizer.safetensors,muon.blocks.1.attn.c_q.weight,256,128,512,65536,0,65517,0,262144,262132,True
optimizer.safetensors,muon.blocks.1.attn.c_q.weight,384,128,512,65536,0,65504,0,262144,262080,True
optimizer.safetensors,muon.blocks.1.attn.c_v.weight,0,128,512,65536,0,65499,0,262144,262060,True
optimizer.safetensors,muon.blocks.1.attn.c_v.weight,128,128,512,65536,0,65513,0,262144,262116,True
optimizer.safetensors,muon.blocks.1.attn.c_v.weight,256,128,512,65536,0,65508,0,262144,262096,True
optimizer.safetensors,muon.blocks.1.attn.c_v.weight,384,128,512,65536,0,65508,0,262144,262096,True
optimizer.safetensors,muon.blocks.1.attn.ve_gate.weight,0,4,32,128,0,128,0,512,576,True
optimizer.safetensors,muon.blocks.1.mlp.c_fc.weight,0,128,512,65536,0,65512,0,262144,262112,True
optimizer.safetensors,muon.blocks.1.mlp.c_fc.weight,128,128,512,65536,0,65514,0,262144,262120,True
optimizer.safetensors,muon.blocks.1.mlp.c_fc.weight,256,128,512,65536,0,65520,0,262144,262144,True
optimizer.safetensors,muon.blocks.1.mlp.c_fc.weight,384,128,512,65536,0,65521,0,262144,262148,True
optimizer.safetensors,muon.blocks.1.mlp.c_fc.weight,512,128,512,65536,0,65518,0,262144,262136,True
optimizer.safetensors,muon.blocks.1.mlp.c_fc.weight,640,128,512,65536,0,65509,0,262144,262100,True
optimizer.safetensors,muon.blocks.1.mlp.c_fc.weight,768,128,512,65536,0,65521,0,262144,262148,True
optimizer.safetensors,muon.blocks.1.mlp.c_fc.weight,896,128,512,65536,0,65519,0,262144,262140,True
optimizer.safetensors,muon.blocks.1.mlp.c_fc.weight,1024,128,512,65536,0,65516,0,262144,262128,True
optimizer.safetensors,muon.blocks.1.mlp.c_fc.weight,1152,128,512,65536,0,65516,0,262144,262128,True
optimizer.safetensors,muon.blocks.1.mlp.c_fc.weight,1280,128,512,65536,0,65514,0,262144,262120,True
optimizer.safetensors,muon.blocks.1.mlp.c_fc.weight,1408,128,512,65536,0,65518,0,262144,262136,True
optimizer.safetensors,muon.blocks.1.mlp.c_fc.weight,1536,128,512,65536,0,65510,0,262144,262104,True
optimizer.safetensors,muon.blocks.1.mlp.c_fc.weight,1664,128,512,65536,0,65520,0,262144,262144,True
optimizer.safetensors,muon.blocks.1.mlp.c_fc.weight,1792,128,512,65536,0,65514,0,262144,262120,True
optimizer.safetensors,muon.blocks.1.mlp.c_fc.weight,1920,128,512,65536,0,65519,0,262144,262140,True
optimizer.safetensors,muon.blocks.1.mlp.c_proj.weight,0,128,2048,262144,0,261822,0,1048576,1047352,True
optimizer.safetensors,muon.blocks.1.mlp.c_proj.weight,128,128,2048,262144,0,261803,0,1048576,1047276,True
optimizer.safetensors,muon.blocks.1.mlp.c_proj.weight,256,128,2048,262144,0,261810,0,1048576,1047304,True
optimizer.safetensors,muon.blocks.1.mlp.c_proj.weight,384,128,2048,262144,0,261812,0,1048576,1047312,True
optimizer.safetensors,muon.blocks.2.attn.c_k.weight,0,128,512,65536,0,65514,0,262144,262120,True
optimizer.safetensors,muon.blocks.2.attn.c_k.weight,128,128,512,65536,0,65513,0,262144,262116,True
optimizer.safetensors,muon.blocks.2.attn.c_k.weight,256,128,512,65536,0,65507,0,262144,262092,True
optimizer.safetensors,muon.blocks.2.attn.c_k.weight,384,128,512,65536,0,65518,0,262144,262136,True
optimizer.safetensors,muon.blocks.2.attn.c_proj.weight,0,128,512,65536,0,65515,0,262144,262124,True
optimizer.safetensors,muon.blocks.2.attn.c_proj.weight,128,128,512,65536,0,65511,0,262144,262108,True
optimizer.safetensors,muon.blocks.2.attn.c_proj.weight,256,128,512,65536,0,65518,0,262144,262136,True
optimizer.safetensors,muon.blocks.2.attn.c_proj.weight,384,128,512,65536,0,65509,0,262144,262100,True
optimizer.safetensors,muon.blocks.2.attn.c_q.weight,0,128,512,65536,0,65507,0,262144,262092,True
optimizer.safetensors,muon.blocks.2.attn.c_q.weight,128,128,512,65536,0,65503,0,262144,262076,True
optimizer.safetensors,muon.blocks.2.attn.c_q.weight,256,128,512,65536,0,65512,0,262144,262112,True
optimizer.safetensors,muon.blocks.2.attn.c_q.weight,384,128,512,65536,0,65497,0,262144,262052,True
optimizer.safetensors,muon.blocks.2.attn.c_v.weight,0,128,512,65536,0,65514,0,262144,262120,True
optimizer.safetensors,muon.blocks.2.attn.c_v.weight,128,128,512,65536,0,65516,0,262144,262128,True
optimizer.safetensors,muon.blocks.2.attn.c_v.weight,256,128,512,65536,0,65513,0,262144,262116,True
optimizer.safetensors,muon.blocks.2.attn.c_v.weight,384,128,512,65536,0,65504,0,262144,262080,True
optimizer.safetensors,muon.blocks.2.mlp.c_fc.weight,0,128,512,65536,0,65516,0,262144,262128,True
optimizer.safetensors,muon.blocks.2.mlp.c_fc.weight,128,128,512,65536,0,65520,0,262144,262144,True
optimizer.safetensors,muon.blocks.2.mlp.c_fc.weight,256,128,512,65536,0,65522,0,262144,262152,True
optimizer.safetensors,muon.blocks.2.mlp.c_fc.weight,384,128,512,65536,0,65516,0,262144,262128,True
optimizer.safetensors,muon.blocks.2.mlp.c_fc.weight,512,128,512,65536,0,65512,0,262144,262112,True
optimizer.safetensors,muon.blocks.2.mlp.c_fc.weight,640,128,512,65536,0,65518,0,262144,262136,True
optimizer.safetensors,muon.blocks.2.mlp.c_fc.weight,768,128,512,65536,0,65515,0,262144,262124,True
optimizer.safetensors,muon.blocks.2.mlp.c_fc.weight,896,128,512,65536,0,65523,0,262144,262156,True
optimizer.safetensors,muon.blocks.2.mlp.c_fc.weight,1024,128,512,65536,0,65522,0,262144,262152,True
optimizer.safetensors,muon.blocks.2.mlp.c_fc.weight,1152,128,512,65536,0,65513,0,262144,262116,True
optimizer.safetensors,muon.blocks.2.mlp.c_fc.weight,1280,128,512,65536,0,65517,0,262144,262132,True
optimizer.safetensors,muon.blocks.2.mlp.c_fc.weight,1408,128,512,65536,0,65519,0,262144,262140,True
optimizer.safetensors,muon.blocks.2.mlp.c_fc.weight,1536,128,512,65536,0,65523,0,262144,262156,True
optimizer.safetensors,muon.blocks.2.mlp.c_fc.weight,1664,128,512,65536,0,65516,0,262144,262128,True
optimizer.safetensors,muon.blocks.2.mlp.c_fc.weight,1792,128,512,65536,0,65523,0,262144,262156,True
optimizer.safetensors,muon.blocks.2.mlp.c_fc.weight,1920,128,512,65536,0,65511,0,262144,262108,True
optimizer.safetensors,muon.blocks.2.mlp.c_proj.weight,0,128,2048,262144,0,261831,0,1048576,1047388,True
optimizer.safetensors,muon.blocks.2.mlp.c_proj.weight,128,128,2048,262144,0,261812,0,1048576,1047312,True
optimizer.safetensors,muon.blocks.2.mlp.c_proj.weight,256,128,2048,262144,0,261812,0,1048576,1047312,True
optimizer.safetensors,muon.blocks.2.mlp.c_proj.weight,384,128,2048,262144,0,261827,0,1048576,1047372,True
optimizer.safetensors,muon.blocks.3.attn.c_k.weight,0,128,512,65536,0,65495,0,262144,262044,True
optimizer.safetensors,muon.blocks.3.attn.c_k.weight,128,128,512,65536,0,65513,0,262144,262116,True
optimizer.safetensors,muon.blocks.3.attn.c_k.weight,256,128,512,65536,0,65512,0,262144,262112,True
optimizer.safetensors,muon.blocks.3.attn.c_k.weight,384,128,512,65536,0,65513,0,262144,262116,True
optimizer.safetensors,muon.blocks.3.attn.c_proj.weight,0,128,512,65536,0,65510,0,262144,262104,True
optimizer.safetensors,muon.blocks.3.attn.c_proj.weight,128,128,512,65536,0,65512,0,262144,262112,True
optimizer.safetensors,muon.blocks.3.attn.c_proj.weight,256,128,512,65536,0,65502,0,262144,262072,True
optimizer.safetensors,muon.blocks.3.attn.c_proj.weight,384,128,512,65536,0,65515,0,262144,262124,True
optimizer.safetensors,muon.blocks.3.attn.c_q.weight,0,128,512,65536,0,65512,0,262144,262112,True
optimizer.safetensors,muon.blocks.3.attn.c_q.weight,128,128,512,65536,0,65506,0,262144,262088,True
optimizer.safetensors,muon.blocks.3.attn.c_q.weight,256,128,512,65536,0,65511,0,262144,262108,True
optimizer.safetensors,muon.blocks.3.attn.c_q.weight,384,128,512,65536,0,65498,0,262144,262056,True
optimizer.safetensors,muon.blocks.3.attn.c_v.weight,0,128,512,65536,0,65499,0,262144,262060,True
optimizer.safetensors,muon.blocks.3.attn.c_v.weight,128,128,512,65536,0,65506,0,262144,262088,True
optimizer.safetensors,muon.blocks.3.attn.c_v.weight,256,128,512,65536,0,65510,0,262144,262104,True
optimizer.safetensors,muon.blocks.3.attn.c_v.weight,384,128,512,65536,0,65506,0,262144,262088,True
optimizer.safetensors,muon.blocks.3.attn.ve_gate.weight,0,4,32,128,0,128,0,512,576,True
optimizer.safetensors,muon.blocks.3.mlp.c_fc.weight,0,128,512,65536,0,65520,0,262144,262144,True
optimizer.safetensors,muon.blocks.3.mlp.c_fc.weight,128,128,512,65536,0,65522,0,262144,262152,True
optimizer.safetensors,muon.blocks.3.mlp.c_fc.weight,256,128,512,65536,0,65513,0,262144,262116,True
optimizer.safetensors,muon.blocks.3.mlp.c_fc.weight,384,128,512,65536,0,65521,0,262144,262148,True
optimizer.safetensors,muon.blocks.3.mlp.c_fc.weight,512,128,512,65536,0,65514,0,262144,262120,True
optimizer.safetensors,muon.blocks.3.mlp.c_fc.weight,640,128,512,65536,0,65518,0,262144,262136,True
optimizer.safetensors,muon.blocks.3.mlp.c_fc.weight,768,128,512,65536,0,65519,0,262144,262140,True
optimizer.safetensors,muon.blocks.3.mlp.c_fc.weight,896,128,512,65536,0,65521,0,262144,262148,True
optimizer.safetensors,muon.blocks.3.mlp.c_fc.weight,1024,128,512,65536,0,65514,0,262144,262120,True
optimizer.safetensors,muon.blocks.3.mlp.c_fc.weight,1152,128,512,65536,0,65516,0,262144,262128,True
optimizer.safetensors,muon.blocks.3.mlp.c_fc.weight,1280,128,512,65536,0,65519,0,262144,262140,True
optimizer.safetensors,muon.blocks.3.mlp.c_fc.weight,1408,128,512,65536,0,65522,0,262144,262152,True
optimizer.safetensors,muon.blocks.3.mlp.c_fc.weight,1536,128,512,65536,0,65518,0,262144,262136,True
optimizer.safetensors,muon.blocks.3.mlp.c_fc.weight,1664,128,512,65536,0,65517,0,262144,262132,True
optimizer.safetensors,muon.blocks.3.mlp.c_fc.weight,1792,128,512,65536,0,65522,0,262144,262152,True
optimizer.safetensors,muon.blocks.3.mlp.c_fc.weight,1920,128,512,65536,0,65517,0,262144,262132,True
optimizer.safetensors,muon.blocks.3.mlp.c_proj.weight,0,128,2048,262144,0,261849,0,1048576,1047460,True
optimizer.safetensors,muon.blocks.3.mlp.c_proj.weight,128,128,2048,262144,0,261831,0,1048576,1047388,True
optimizer.safetensors,muon.blocks.3.mlp.c_proj.weight,256,128,2048,262144,0,261846,0,1048576,1047448,True
optimizer.safetensors,muon.blocks.3.mlp.c_proj.weight,384,128,2048,262144,0,261813,0,1048576,1047316,True
optimizer.safetensors,muon.blocks.4.attn.c_k.weight,0,128,512,65536,0,65508,0,262144,262096,True
optimizer.safetensors,muon.blocks.4.attn.c_k.weight,128,128,512,65536,0,65511,0,262144,262108,True
optimizer.safetensors,muon.blocks.4.attn.c_k.weight,256,128,512,65536,0,65502,0,262144,262072,True
optimizer.safetensors,muon.blocks.4.attn.c_k.weight,384,128,512,65536,0,65509,0,262144,262100,True
optimizer.safetensors,muon.blocks.4.attn.c_proj.weight,0,128,512,65536,0,65516,0,262144,262128,True
optimizer.safetensors,muon.blocks.4.attn.c_proj.weight,128,128,512,65536,0,65510,0,262144,262104,True
optimizer.safetensors,muon.blocks.4.attn.c_proj.weight,256,128,512,65536,0,65520,0,262144,262144,True
optimizer.safetensors,muon.blocks.4.attn.c_proj.weight,384,128,512,65536,0,65515,0,262144,262124,True
optimizer.safetensors,muon.blocks.4.attn.c_q.weight,0,128,512,65536,0,65510,0,262144,262104,True
optimizer.safetensors,muon.blocks.4.attn.c_q.weight,128,128,512,65536,0,65516,0,262144,262128,True
optimizer.safetensors,muon.blocks.4.attn.c_q.weight,256,128,512,65536,0,65507,0,262144,262092,True
optimizer.safetensors,muon.blocks.4.attn.c_q.weight,384,128,512,65536,0,65508,0,262144,262096,True
optimizer.safetensors,muon.blocks.4.attn.c_v.weight,0,128,512,65536,0,65519,0,262144,262140,True
optimizer.safetensors,muon.blocks.4.attn.c_v.weight,128,128,512,65536,0,65503,0,262144,262076,True
optimizer.safetensors,muon.blocks.4.attn.c_v.weight,256,128,512,65536,0,65502,0,262144,262072,True
optimizer.safetensors,muon.blocks.4.attn.c_v.weight,384,128,512,65536,0,65511,0,262144,262108,True
optimizer.safetensors,muon.blocks.4.mlp.c_fc.weight,0,128,512,65536,0,65512,0,262144,262112,True
optimizer.safetensors,muon.blocks.4.mlp.c_fc.weight,128,128,512,65536,0,65515,0,262144,262124,True
optimizer.safetensors,muon.blocks.4.mlp.c_fc.weight,256,128,512,65536,0,65514,0,262144,262120,True
optimizer.safetensors,muon.blocks.4.mlp.c_fc.weight,384,128,512,65536,0,65514,0,262144,262120,True
optimizer.safetensors,muon.blocks.4.mlp.c_fc.weight,512,128,512,65536,0,65518,0,262144,262136,True
optimizer.safetensors,muon.blocks.4.mlp.c_fc.weight,640,128,512,65536,0,65515,0,262144,262124,True
optimizer.safetensors,muon.blocks.4.mlp.c_fc.weight,768,128,512,65536,0,65522,0,262144,262152,True
optimizer.safetensors,muon.blocks.4.mlp.c_fc.weight,896,128,512,65536,0,65512,0,262144,262112,True
optimizer.safetensors,muon.blocks.4.mlp.c_fc.weight,1024,128,512,65536,0,65509,0,262144,262100,True
optimizer.safetensors,muon.blocks.4.mlp.c_fc.weight,1152,128,512,65536,0,65515,0,262144,262124,True
optimizer.safetensors,muon.blocks.4.mlp.c_fc.weight,1280,128,512,65536,0,65523,0,262144,262156,True
optimizer.safetensors,muon.blocks.4.mlp.c_fc.weight,1408,128,512,65536,0,65511,0,262144,262108,True
optimizer.safetensors,muon.blocks.4.mlp.c_fc.weight,1536,128,512,65536,0,65516,0,262144,262128,True
optimizer.safetensors,muon.blocks.4.mlp.c_fc.weight,1664,128,512,65536,0,65511,0,262144,262108,True
optimizer.safetensors,muon.blocks.4.mlp.c_fc.weight,1792,128,512,65536,0,65518,0,262144,262136,True
optimizer.safetensors,muon.blocks.4.mlp.c_fc.weight,1920,128,512,65536,0,65518,0,262144,262136,True
optimizer.safetensors,muon.blocks.4.mlp.c_proj.weight,0,128,2048,262144,0,261781,0,1048576,1047188,True
optimizer.safetensors,muon.blocks.4.mlp.c_proj.weight,128,128,2048,262144,0,261811,0,1048576,1047308,True
optimizer.safetensors,muon.blocks.4.mlp.c_proj.weight,256,128,2048,262144,0,261799,0,1048576,1047260,True
optimizer.safetensors,muon.blocks.4.mlp.c_proj.weight,384,128,2048,262144,0,261816,0,1048576,1047328,True
optimizer.safetensors,muon.blocks.5.attn.c_k.weight,0,128,512,65536,0,65512,0,262144,262112,True
optimizer.safetensors,muon.blocks.5.attn.c_k.weight,128,128,512,65536,0,65502,0,262144,262072,True
optimizer.safetensors,muon.blocks.5.attn.c_k.weight,256,128,512,65536,0,65504,0,262144,262080,True
optimizer.safetensors,muon.blocks.5.attn.c_k.weight,384,128,512,65536,0,65511,0,262144,262108,True
optimizer.safetensors,muon.blocks.5.attn.c_proj.weight,0,128,512,65536,0,65519,0,262144,262140,True
optimizer.safetensors,muon.blocks.5.attn.c_proj.weight,128,128,512,65536,0,65511,0,262144,262108,True
optimizer.safetensors,muon.blocks.5.attn.c_proj.weight,256,128,512,65536,0,65515,0,262144,262124,True
optimizer.safetensors,muon.blocks.5.attn.c_proj.weight,384,128,512,65536,0,65510,0,262144,262104,True
optimizer.safetensors,muon.blocks.5.attn.c_q.weight,0,128,512,65536,0,65515,0,262144,262124,True
optimizer.safetensors,muon.blocks.5.attn.c_q.weight,128,128,512,65536,0,65506,0,262144,262088,True
optimizer.safetensors,muon.blocks.5.attn.c_q.weight,256,128,512,65536,0,65512,0,262144,262112,True
optimizer.safetensors,muon.blocks.5.attn.c_q.weight,384,128,512,65536,0,65510,0,262144,262104,True
optimizer.safetensors,muon.blocks.5.attn.c_v.weight,0,128,512,65536,0,65507,0,262144,262092,True
optimizer.safetensors,muon.blocks.5.attn.c_v.weight,128,128,512,65536,0,65501,0,262144,262068,True
optimizer.safetensors,muon.blocks.5.attn.c_v.weight,256,128,512,65536,0,65507,0,262144,262092,True
optimizer.safetensors,muon.blocks.5.attn.c_v.weight,384,128,512,65536,0,65516,0,262144,262128,True
optimizer.safetensors,muon.blocks.5.attn.ve_gate.weight,0,4,32,128,0,128,0,512,576,True
optimizer.safetensors,muon.blocks.5.mlp.c_fc.weight,0,128,512,65536,0,65517,0,262144,262132,True
optimizer.safetensors,muon.blocks.5.mlp.c_fc.weight,128,128,512,65536,1,65514,0,262144,262120,True
optimizer.safetensors,muon.blocks.5.mlp.c_fc.weight,256,128,512,65536,0,65521,0,262144,262148,True
optimizer.safetensors,muon.blocks.5.mlp.c_fc.weight,384,128,512,65536,0,65516,0,262144,262128,True
optimizer.safetensors,muon.blocks.5.mlp.c_fc.weight,512,128,512,65536,0,65506,0,262144,262088,True
optimizer.safetensors,muon.blocks.5.mlp.c_fc.weight,640,128,512,65536,0,65518,0,262144,262136,True
optimizer.safetensors,muon.blocks.5.mlp.c_fc.weight,768,128,512,65536,0,65517,0,262144,262132,True
optimizer.safetensors,muon.blocks.5.mlp.c_fc.weight,896,128,512,65536,0,65518,0,262144,262136,True
optimizer.safetensors,muon.blocks.5.mlp.c_fc.weight,1024,128,512,65536,0,65514,0,262144,262120,True
optimizer.safetensors,muon.blocks.5.mlp.c_fc.weight,1152,128,512,65536,0,65510,0,262144,262104,True
optimizer.safetensors,muon.blocks.5.mlp.c_fc.weight,1280,128,512,65536,0,65520,0,262144,262144,True
optimizer.safetensors,muon.blocks.5.mlp.c_fc.weight,1408,128,512,65536,0,65512,0,262144,262112,True
optimizer.safetensors,muon.blocks.5.mlp.c_fc.weight,1536,128,512,65536,0,65520,0,262144,262144,True
optimizer.safetensors,muon.blocks.5.mlp.c_fc.weight,1664,128,512,65536,0,65518,0,262144,262136,True
optimizer.safetensors,muon.blocks.5.mlp.c_fc.weight,1792,128,512,65536,0,65514,0,262144,262120,True
optimizer.safetensors,muon.blocks.5.mlp.c_fc.weight,1920,128,512,65536,0,65519,0,262144,262140,True
optimizer.safetensors,muon.blocks.5.mlp.c_proj.weight,0,128,2048,262144,0,261768,0,1048576,1047136,True
optimizer.safetensors,muon.blocks.5.mlp.c_proj.weight,128,128,2048,262144,0,261797,0,1048576,1047252,True
optimizer.safetensors,muon.blocks.5.mlp.c_proj.weight,256,128,2048,262144,0,261788,0,1048576,1047216,True
optimizer.safetensors,muon.blocks.5.mlp.c_proj.weight,384,128,2048,262144,0,261774,0,1048576,1047160,True
optimizer.safetensors,muon.blocks.6.attn.c_k.weight,0,128,512,65536,0,65504,0,262144,262080,True
optimizer.safetensors,muon.blocks.6.attn.c_k.weight,128,128,512,65536,0,65504,0,262144,262080,True
optimizer.safetensors,muon.blocks.6.attn.c_k.weight,256,128,512,65536,0,65504,0,262144,262080,True
optimizer.safetensors,muon.blocks.6.attn.c_k.weight,384,128,512,65536,0,65512,0,262144,262112,True
optimizer.safetensors,muon.blocks.6.attn.c_proj.weight,0,128,512,65536,0,65505,0,262144,262084,True
optimizer.safetensors,muon.blocks.6.attn.c_proj.weight,128,128,512,65536,0,65518,0,262144,262136,True
optimizer.safetensors,muon.blocks.6.attn.c_proj.weight,256,128,512,65536,0,65515,0,262144,262124,True
optimizer.safetensors,muon.blocks.6.attn.c_proj.weight,384,128,512,65536,0,65515,0,262144,262124,True
optimizer.safetensors,muon.blocks.6.attn.c_q.weight,0,128,512,65536,0,65507,0,262144,262092,True
optimizer.safetensors,muon.blocks.6.attn.c_q.weight,128,128,512,65536,0,65508,0,262144,262096,True
optimizer.safetensors,muon.blocks.6.attn.c_q.weight,256,128,512,65536,0,65513,0,262144,262116,True
optimizer.safetensors,muon.blocks.6.attn.c_q.weight,384,128,512,65536,0,65514,0,262144,262120,True
optimizer.safetensors,muon.blocks.6.attn.c_v.weight,0,128,512,65536,0,65501,0,262144,262068,True
optimizer.safetensors,muon.blocks.6.attn.c_v.weight,128,128,512,65536,0,65519,0,262144,262140,True
optimizer.safetensors,muon.blocks.6.attn.c_v.weight,256,128,512,65536,0,65508,0,262144,262096,True
optimizer.safetensors,muon.blocks.6.attn.c_v.weight,384,128,512,65536,0,65515,0,262144,262124,True
optimizer.safetensors,muon.blocks.6.mlp.c_fc.weight,0,128,512,65536,0,65516,0,262144,262128,True
optimizer.safetensors,muon.blocks.6.mlp.c_fc.weight,128,128,512,65536,0,65517,0,262144,262132,True
optimizer.safetensors,muon.blocks.6.mlp.c_fc.weight,256,128,512,65536,0,65514,0,262144,262120,True
optimizer.safetensors,muon.blocks.6.mlp.c_fc.weight,384,128,512,65536,0,65514,0,262144,262120,True
optimizer.safetensors,muon.blocks.6.mlp.c_fc.weight,512,128,512,65536,0,65512,0,262144,262112,True
optimizer.safetensors,muon.blocks.6.mlp.c_fc.weight,640,128,512,65536,0,65522,0,262144,262152,True
optimizer.safetensors,muon.blocks.6.mlp.c_fc.weight,768,128,512,65536,0,65519,0,262144,262140,True
optimizer.safetensors,muon.blocks.6.mlp.c_fc.weight,896,128,512,65536,0,65521,0,262144,262148,True
optimizer.safetensors,muon.blocks.6.mlp.c_fc.weight,1024,128,512,65536,0,65520,0,262144,262144,True
optimizer.safetensors,muon.blocks.6.mlp.c_fc.weight,1152,128,512,65536,0,65513,0,262144,262116,True
optimizer.safetensors,muon.blocks.6.mlp.c_fc.weight,1280,128,512,65536,0,65521,0,262144,262148,True
optimizer.safetensors,muon.blocks.6.mlp.c_fc.weight,1408,128,512,65536,0,65514,0,262144,262120,True
optimizer.safetensors,muon.blocks.6.mlp.c_fc.weight,1536,128,512,65536,0,65524,0,262144,262160,True
optimizer.safetensors,muon.blocks.6.mlp.c_fc.weight,1664,128,512,65536,0,65512,0,262144,262112,True
optimizer.safetensors,muon.blocks.6.mlp.c_fc.weight,1792,128,512,65536,0,65514,0,262144,262120,True
optimizer.safetensors,muon.blocks.6.mlp.c_fc.weight,1920,128,512,65536,0,65513,0,262144,262116,True
optimizer.safetensors,muon.blocks.6.mlp.c_proj.weight,0,128,2048,262144,0,261782,0,1048576,1047192,True
optimizer.safetensors,muon.blocks.6.mlp.c_proj.weight,128,128,2048,262144,0,261794,0,1048576,1047240,True
optimizer.safetensors,muon.blocks.6.mlp.c_proj.weight,256,128,2048,262144,0,261812,0,1048576,1047312,True
optimizer.safetensors,muon.blocks.6.mlp.c_proj.weight,384,128,2048,262144,0,261813,0,1048576,1047316,True
optimizer.safetensors,muon.blocks.7.attn.c_k.weight,0,128,512,65536,0,65498,0,262144,262056,True
optimizer.safetensors,muon.blocks.7.attn.c_k.weight,128,128,512,65536,0,65505,0,262144,262084,True
optimizer.safetensors,muon.blocks.7.attn.c_k.weight,256,128,512,65536,0,65507,0,262144,262092,True
optimizer.safetensors,muon.blocks.7.attn.c_k.weight,384,128,512,65536,0,65507,0,262144,262092,True
optimizer.safetensors,muon.blocks.7.attn.c_proj.weight,0,128,512,65536,0,65513,0,262144,262116,True
optimizer.safetensors,muon.blocks.7.attn.c_proj.weight,128,128,512,65536,0,65514,0,262144,262120,True
optimizer.safetensors,muon.blocks.7.attn.c_proj.weight,256,128,512,65536,0,65504,0,262144,262080,True
optimizer.safetensors,muon.blocks.7.attn.c_proj.weight,384,128,512,65536,0,65516,0,262144,262128,True
optimizer.safetensors,muon.blocks.7.attn.c_q.weight,0,128,512,65536,0,65502,0,262144,262072,True
optimizer.safetensors,muon.blocks.7.attn.c_q.weight,128,128,512,65536,0,65515,0,262144,262124,True
optimizer.safetensors,muon.blocks.7.attn.c_q.weight,256,128,512,65536,0,65505,0,262144,262084,True
optimizer.safetensors,muon.blocks.7.attn.c_q.weight,384,128,512,65536,0,65503,0,262144,262076,True
optimizer.safetensors,muon.blocks.7.attn.c_v.weight,0,128,512,65536,0,65507,0,262144,262092,True
optimizer.safetensors,muon.blocks.7.attn.c_v.weight,128,128,512,65536,0,65509,0,262144,262100,True
optimizer.safetensors,muon.blocks.7.attn.c_v.weight,256,128,512,65536,0,65500,0,262144,262064,True
optimizer.safetensors,muon.blocks.7.attn.c_v.weight,384,128,512,65536,0,65507,0,262144,262092,True
optimizer.safetensors,muon.blocks.7.attn.ve_gate.weight,0,4,32,128,0,128,0,512,576,True
optimizer.safetensors,muon.blocks.7.mlp.c_fc.weight,0,128,512,65536,0,65517,0,262144,262132,True
optimizer.safetensors,muon.blocks.7.mlp.c_fc.weight,128,128,512,65536,0,65511,0,262144,262108,True
optimizer.safetensors,muon.blocks.7.mlp.c_fc.weight,256,128,512,65536,0,65508,0,262144,262096,True
optimizer.safetensors,muon.blocks.7.mlp.c_fc.weight,384,128,512,65536,0,65513,0,262144,262116,True
optimizer.safetensors,muon.blocks.7.mlp.c_fc.weight,512,128,512,65536,0,65511,0,262144,262108,True
optimizer.safetensors,muon.blocks.7.mlp.c_fc.weight,640,128,512,65536,0,65520,0,262144,262144,True
optimizer.safetensors,muon.blocks.7.mlp.c_fc.weight,768,128,512,65536,0,65521,0,262144,262148,True
optimizer.safetensors,muon.blocks.7.mlp.c_fc.weight,896,128,512,65536,0,65517,0,262144,262132,True
optimizer.safetensors,muon.blocks.7.mlp.c_fc.weight,1024,128,512,65536,0,65518,0,262144,262136,True
optimizer.safetensors,muon.blocks.7.mlp.c_fc.weight,1152,128,512,65536,0,65518,0,262144,262136,True
optimizer.safetensors,muon.blocks.7.mlp.c_fc.weight,1280,128,512,65536,0,65514,0,262144,262120,True
optimizer.safetensors,muon.blocks.7.mlp.c_fc.weight,1408,128,512,65536,0,65497,0,262144,262052,True
optimizer.safetensors,muon.blocks.7.mlp.c_fc.weight,1536,128,512,65536,0,65520,0,262144,262144,True
optimizer.safetensors,muon.blocks.7.mlp.c_fc.weight,1664,128,512,65536,0,65517,0,262144,262132,True
optimizer.safetensors,muon.blocks.7.mlp.c_fc.weight,1792,128,512,65536,0,65521,0,262144,262148,True
optimizer.safetensors,muon.blocks.7.mlp.c_fc.weight,1920,128,512,65536,0,65521,0,262144,262148,True
optimizer.safetensors,muon.blocks.7.mlp.c_proj.weight,0,128,2048,262144,0,261768,0,1048576,1047136,True
optimizer.safetensors,muon.blocks.7.mlp.c_proj.weight,128,128,2048,262144,0,261786,0,1048576,1047208,True
optimizer.safetensors,muon.blocks.7.mlp.c_proj.weight,256,128,2048,262144,0,261829,0,1048576,1047380,True
optimizer.safetensors,muon.blocks.7.mlp.c_proj.weight,384,128,2048,262144,1,261812,0,1048576,1047312,True
