file,tensor,row_start,rows,cols,cells,positive_zero_cells,nonzero_bit_patterns,special_cells,dense_bytes,dictionary_header_lower_bound_bytes,rejected_by_dictionary_bound
model.safetensors,blocks.0.attn.c_k.weight,0,128,512,65536,0,65502,0,262144,262072,True
model.safetensors,blocks.0.attn.c_k.weight,128,128,512,65536,0,65510,0,262144,262104,True
model.safetensors,blocks.0.attn.c_k.weight,256,128,512,65536,0,65502,0,262144,262072,True
model.safetensors,blocks.0.attn.c_k.weight,384,128,512,65536,0,65507,0,262144,262092,True
model.safetensors,blocks.0.attn.c_proj.weight,0,128,512,65536,0,65503,0,262144,262076,True
model.safetensors,blocks.0.attn.c_proj.weight,128,128,512,65536,0,65521,0,262144,262148,True
model.safetensors,blocks.0.attn.c_proj.weight,256,128,512,65536,0,65507,0,262144,262092,True
model.safetensors,blocks.0.attn.c_proj.weight,384,128,512,65536,0,65507,0,262144,262092,True
model.safetensors,blocks.0.attn.c_q.weight,0,128,512,65536,0,65501,0,262144,262068,True
model.safetensors,blocks.0.attn.c_q.weight,128,128,512,65536,0,65511,0,262144,262108,True
model.safetensors,blocks.0.attn.c_q.weight,256,128,512,65536,0,65504,0,262144,262080,True
model.safetensors,blocks.0.attn.c_q.weight,384,128,512,65536,0,65503,0,262144,262076,True
model.safetensors,blocks.0.attn.c_v.weight,0,128,512,65536,0,65491,0,262144,262028,True
model.safetensors,blocks.0.attn.c_v.weight,128,128,512,65536,0,65512,0,262144,262112,True
model.safetensors,blocks.0.attn.c_v.weight,256,128,512,65536,0,65505,0,262144,262084,True
model.safetensors,blocks.0.attn.c_v.weight,384,128,512,65536,0,65498,0,262144,262056,True
model.safetensors,blocks.0.mlp.c_fc.weight,0,128,512,65536,0,65505,0,262144,262084,True
model.safetensors,blocks.0.mlp.c_fc.weight,128,128,512,65536,0,65507,0,262144,262092,True
model.safetensors,blocks.0.mlp.c_fc.weight,256,128,512,65536,0,65507,0,262144,262092,True
model.safetensors,blocks.0.mlp.c_fc.weight,384,128,512,65536,0,65506,0,262144,262088,True
model.safetensors,blocks.0.mlp.c_fc.weight,512,128,512,65536,0,65505,0,262144,262084,True
model.safetensors,blocks.0.mlp.c_fc.weight,640,128,512,65536,0,65503,0,262144,262076,True
model.safetensors,blocks.0.mlp.c_fc.weight,768,128,512,65536,0,65516,0,262144,262128,True
model.safetensors,blocks.0.mlp.c_fc.weight,896,128,512,65536,0,65516,0,262144,262128,True
model.safetensors,blocks.0.mlp.c_fc.weight,1024,128,512,65536,0,65511,0,262144,262108,True
model.safetensors,blocks.0.mlp.c_fc.weight,1152,128,512,65536,0,65510,0,262144,262104,True
model.safetensors,blocks.0.mlp.c_fc.weight,1280,128,512,65536,0,65511,0,262144,262108,True
model.safetensors,blocks.0.mlp.c_fc.weight,1408,128,512,65536,0,65510,0,262144,262104,True
model.safetensors,blocks.0.mlp.c_fc.weight,1536,128,512,65536,0,65508,0,262144,262096,True
model.safetensors,blocks.0.mlp.c_fc.weight,1664,128,512,65536,0,65505,0,262144,262084,True
model.safetensors,blocks.0.mlp.c_fc.weight,1792,128,512,65536,0,65515,0,262144,262124,True
model.safetensors,blocks.0.mlp.c_fc.weight,1920,128,512,65536,0,65512,0,262144,262112,True
model.safetensors,blocks.0.mlp.c_proj.weight,0,128,2048,262144,0,261728,0,1048576,1046976,True
model.safetensors,blocks.0.mlp.c_proj.weight,128,128,2048,262144,0,261688,0,1048576,1046816,True
model.safetensors,blocks.0.mlp.c_proj.weight,256,128,2048,262144,0,261688,0,1048576,1046816,True
model.safetensors,blocks.0.mlp.c_proj.weight,384,128,2048,262144,0,261756,0,1048576,1047088,True
model.safetensors,blocks.1.attn.c_k.weight,0,128,512,65536,0,65508,0,262144,262096,True
model.safetensors,blocks.1.attn.c_k.weight,128,128,512,65536,0,65506,0,262144,262088,True
model.safetensors,blocks.1.attn.c_k.weight,256,128,512,65536,0,65508,0,262144,262096,True
model.safetensors,blocks.1.attn.c_k.weight,384,128,512,65536,0,65512,0,262144,262112,True
model.safetensors,blocks.1.attn.c_proj.weight,0,128,512,65536,0,65511,0,262144,262108,True
model.safetensors,blocks.1.attn.c_proj.weight,128,128,512,65536,0,65507,0,262144,262092,True
model.safetensors,blocks.1.attn.c_proj.weight,256,128,512,65536,0,65502,0,262144,262072,True
model.safetensors,blocks.1.attn.c_proj.weight,384,128,512,65536,0,65500,0,262144,262064,True
model.safetensors,blocks.1.attn.c_q.weight,0,128,512,65536,0,65501,0,262144,262068,True
model.safetensors,blocks.1.attn.c_q.weight,128,128,512,65536,0,65496,0,262144,262048,True
model.safetensors,blocks.1.attn.c_q.weight,256,128,512,65536,0,65512,0,262144,262112,True
model.safetensors,blocks.1.attn.c_q.weight,384,128,512,65536,0,65509,0,262144,262100,True
model.safetensors,blocks.1.attn.c_v.weight,0,128,512,65536,0,65503,0,262144,262076,True
model.safetensors,blocks.1.attn.c_v.weight,128,128,512,65536,0,65496,0,262144,262048,True
model.safetensors,blocks.1.attn.c_v.weight,256,128,512,65536,0,65505,0,262144,262084,True
model.safetensors,blocks.1.attn.c_v.weight,384,128,512,65536,0,65503,0,262144,262076,True
model.safetensors,blocks.1.attn.ve_gate.weight,0,4,32,128,0,128,0,512,576,True
model.safetensors,blocks.1.mlp.c_fc.weight,0,128,512,65536,0,65512,0,262144,262112,True
model.safetensors,blocks.1.mlp.c_fc.weight,128,128,512,65536,0,65514,0,262144,262120,True
model.safetensors,blocks.1.mlp.c_fc.weight,256,128,512,65536,0,65510,0,262144,262104,True
model.safetensors,blocks.1.mlp.c_fc.weight,384,128,512,65536,0,65519,0,262144,262140,True
model.safetensors,blocks.1.mlp.c_fc.weight,512,128,512,65536,0,65500,0,262144,262064,True
model.safetensors,blocks.1.mlp.c_fc.weight,640,128,512,65536,0,65509,0,262144,262100,True
model.safetensors,blocks.1.mlp.c_fc.weight,768,128,512,65536,0,65512,0,262144,262112,True
model.safetensors,blocks.1.mlp.c_fc.weight,896,128,512,65536,0,65515,0,262144,262124,True
model.safetensors,blocks.1.mlp.c_fc.weight,1024,128,512,65536,0,65513,0,262144,262116,True
model.safetensors,blocks.1.mlp.c_fc.weight,1152,128,512,65536,0,65506,0,262144,262088,True
model.safetensors,blocks.1.mlp.c_fc.weight,1280,128,512,65536,0,65514,0,262144,262120,True
model.safetensors,blocks.1.mlp.c_fc.weight,1408,128,512,65536,0,65511,0,262144,262108,True
model.safetensors,blocks.1.mlp.c_fc.weight,1536,128,512,65536,0,65511,0,262144,262108,True
model.safetensors,blocks.1.mlp.c_fc.weight,1664,128,512,65536,0,65514,0,262144,262120,True
model.safetensors,blocks.1.mlp.c_fc.weight,1792,128,512,65536,0,65522,0,262144,262152,True
model.safetensors,blocks.1.mlp.c_fc.weight,1920,128,512,65536,0,65515,0,262144,262124,True
model.safetensors,blocks.1.mlp.c_proj.weight,0,128,2048,262144,0,261782,0,1048576,1047192,True
model.safetensors,blocks.1.mlp.c_proj.weight,128,128,2048,262144,0,261749,0,1048576,1047060,True
model.safetensors,blocks.1.mlp.c_proj.weight,256,128,2048,262144,0,261755,0,1048576,1047084,True
model.safetensors,blocks.1.mlp.c_proj.weight,384,128,2048,262144,0,261756,0,1048576,1047088,True
model.safetensors,blocks.2.attn.c_k.weight,0,128,512,65536,0,65504,0,262144,262080,True
model.safetensors,blocks.2.attn.c_k.weight,128,128,512,65536,0,65514,0,262144,262120,True
model.safetensors,blocks.2.attn.c_k.weight,256,128,512,65536,0,65499,0,262144,262060,True
model.safetensors,blocks.2.attn.c_k.weight,384,128,512,65536,0,65508,0,262144,262096,True
model.safetensors,blocks.2.attn.c_proj.weight,0,128,512,65536,0,65506,0,262144,262088,True
model.safetensors,blocks.2.attn.c_proj.weight,128,128,512,65536,0,65511,0,262144,262108,True
model.safetensors,blocks.2.attn.c_proj.weight,256,128,512,65536,0,65503,0,262144,262076,True
model.safetensors,blocks.2.attn.c_proj.weight,384,128,512,65536,0,65497,0,262144,262052,True
model.safetensors,blocks.2.attn.c_q.weight,0,128,512,65536,0,65515,0,262144,262124,True
model.safetensors,blocks.2.attn.c_q.weight,128,128,512,65536,0,65509,0,262144,262100,True
model.safetensors,blocks.2.attn.c_q.weight,256,128,512,65536,0,65513,0,262144,262116,True
model.safetensors,blocks.2.attn.c_q.weight,384,128,512,65536,0,65502,0,262144,262072,True
model.safetensors,blocks.2.attn.c_v.weight,0,128,512,65536,0,65508,0,262144,262096,True
model.safetensors,blocks.2.attn.c_v.weight,128,128,512,65536,0,65512,0,262144,262112,True
model.safetensors,blocks.2.attn.c_v.weight,256,128,512,65536,0,65503,0,262144,262076,True
model.safetensors,blocks.2.attn.c_v.weight,384,128,512,65536,0,65511,0,262144,262108,True
model.safetensors,blocks.2.mlp.c_fc.weight,0,128,512,65536,0,65514,0,262144,262120,True
model.safetensors,blocks.2.mlp.c_fc.weight,128,128,512,65536,0,65515,0,262144,262124,True
model.safetensors,blocks.2.mlp.c_fc.weight,256,128,512,65536,0,65508,0,262144,262096,True
model.safetensors,blocks.2.mlp.c_fc.weight,384,128,512,65536,0,65516,0,262144,262128,True
model.safetensors,blocks.2.mlp.c_fc.weight,512,128,512,65536,0,65513,0,262144,262116,True
model.safetensors,blocks.2.mlp.c_fc.weight,640,128,512,65536,0,65498,0,262144,262056,True
model.safetensors,blocks.2.mlp.c_fc.weight,768,128,512,65536,0,65517,0,262144,262132,True
model.safetensors,blocks.2.mlp.c_fc.weight,896,128,512,65536,0,65512,0,262144,262112,True
model.safetensors,blocks.2.mlp.c_fc.weight,1024,128,512,65536,0,65506,0,262144,262088,True
model.safetensors,blocks.2.mlp.c_fc.weight,1152,128,512,65536,0,65504,0,262144,262080,True
model.safetensors,blocks.2.mlp.c_fc.weight,1280,128,512,65536,0,65507,0,262144,262092,True
model.safetensors,blocks.2.mlp.c_fc.weight,1408,128,512,65536,0,65513,0,262144,262116,True
model.safetensors,blocks.2.mlp.c_fc.weight,1536,128,512,65536,0,65500,0,262144,262064,True
model.safetensors,blocks.2.mlp.c_fc.weight,1664,128,512,65536,0,65513,0,262144,262116,True
model.safetensors,blocks.2.mlp.c_fc.weight,1792,128,512,65536,0,65514,0,262144,262120,True
model.safetensors,blocks.2.mlp.c_fc.weight,1920,128,512,65536,0,65505,0,262144,262084,True
model.safetensors,blocks.2.mlp.c_proj.weight,0,128,2048,262144,0,261784,0,1048576,1047200,True
model.safetensors,blocks.2.mlp.c_proj.weight,128,128,2048,262144,0,261773,0,1048576,1047156,True
model.safetensors,blocks.2.mlp.c_proj.weight,256,128,2048,262144,0,261789,0,1048576,1047220,True
model.safetensors,blocks.2.mlp.c_proj.weight,384,128,2048,262144,0,261788,0,1048576,1047216,True
model.safetensors,blocks.3.attn.c_k.weight,0,128,512,65536,0,65512,0,262144,262112,True
model.safetensors,blocks.3.attn.c_k.weight,128,128,512,65536,0,65505,0,262144,262084,True
model.safetensors,blocks.3.attn.c_k.weight,256,128,512,65536,0,65508,0,262144,262096,True
model.safetensors,blocks.3.attn.c_k.weight,384,128,512,65536,0,65507,0,262144,262092,True
model.safetensors,blocks.3.attn.c_proj.weight,0,128,512,65536,0,65504,0,262144,262080,True
model.safetensors,blocks.3.attn.c_proj.weight,128,128,512,65536,0,65513,0,262144,262116,True
model.safetensors,blocks.3.attn.c_proj.weight,256,128,512,65536,0,65505,0,262144,262084,True
model.safetensors,blocks.3.attn.c_proj.weight,384,128,512,65536,0,65507,0,262144,262092,True
model.safetensors,blocks.3.attn.c_q.weight,0,128,512,65536,0,65503,0,262144,262076,True
model.safetensors,blocks.3.attn.c_q.weight,128,128,512,65536,0,65511,0,262144,262108,True
model.safetensors,blocks.3.attn.c_q.weight,256,128,512,65536,0,65504,0,262144,262080,True
model.safetensors,blocks.3.attn.c_q.weight,384,128,512,65536,0,65500,0,262144,262064,True
model.safetensors,blocks.3.attn.c_v.weight,0,128,512,65536,0,65506,0,262144,262088,True
model.safetensors,blocks.3.attn.c_v.weight,128,128,512,65536,0,65498,0,262144,262056,True
model.safetensors,blocks.3.attn.c_v.weight,256,128,512,65536,0,65501,0,262144,262068,True
model.safetensors,blocks.3.attn.c_v.weight,384,128,512,65536,0,65512,0,262144,262112,True
model.safetensors,blocks.3.attn.ve_gate.weight,0,4,32,128,0,128,0,512,576,True
model.safetensors,blocks.3.mlp.c_fc.weight,0,128,512,65536,0,65513,0,262144,262116,True
model.safetensors,blocks.3.mlp.c_fc.weight,128,128,512,65536,0,65512,0,262144,262112,True
model.safetensors,blocks.3.mlp.c_fc.weight,256,128,512,65536,0,65514,0,262144,262120,True
model.safetensors,blocks.3.mlp.c_fc.weight,384,128,512,65536,0,65516,0,262144,262128,True
model.safetensors,blocks.3.mlp.c_fc.weight,512,128,512,65536,0,65501,0,262144,262068,True
model.safetensors,blocks.3.mlp.c_fc.weight,640,128,512,65536,0,65506,0,262144,262088,True
model.safetensors,blocks.3.mlp.c_fc.weight,768,128,512,65536,0,65513,0,262144,262116,True
model.safetensors,blocks.3.mlp.c_fc.weight,896,128,512,65536,0,65516,0,262144,262128,True
model.safetensors,blocks.3.mlp.c_fc.weight,1024,128,512,65536,0,65509,0,262144,262100,True
model.safetensors,blocks.3.mlp.c_fc.weight,1152,128,512,65536,0,65513,0,262144,262116,True
model.safetensors,blocks.3.mlp.c_fc.weight,1280,128,512,65536,0,65520,0,262144,262144,True
model.safetensors,blocks.3.mlp.c_fc.weight,1408,128,512,65536,0,65506,0,262144,262088,True
model.safetensors,blocks.3.mlp.c_fc.weight,1536,128,512,65536,0,65505,0,262144,262084,True
model.safetensors,blocks.3.mlp.c_fc.weight,1664,128,512,65536,0,65509,0,262144,262100,True
model.safetensors,blocks.3.mlp.c_fc.weight,1792,128,512,65536,0,65511,0,262144,262108,True
model.safetensors,blocks.3.mlp.c_fc.weight,1920,128,512,65536,0,65504,0,262144,262080,True
model.safetensors,blocks.3.mlp.c_proj.weight,0,128,2048,262144,0,261714,0,1048576,1046920,True
model.safetensors,blocks.3.mlp.c_proj.weight,128,128,2048,262144,0,261778,0,1048576,1047176,True
model.safetensors,blocks.3.mlp.c_proj.weight,256,128,2048,262144,0,261742,0,1048576,1047032,True
model.safetensors,blocks.3.mlp.c_proj.weight,384,128,2048,262144,0,261734,0,1048576,1047000,True
model.safetensors,blocks.4.attn.c_k.weight,0,128,512,65536,0,65515,0,262144,262124,True
model.safetensors,blocks.4.attn.c_k.weight,128,128,512,65536,0,65500,0,262144,262064,True
model.safetensors,blocks.4.attn.c_k.weight,256,128,512,65536,0,65506,0,262144,262088,True
model.safetensors,blocks.4.attn.c_k.weight,384,128,512,65536,0,65513,0,262144,262116,True
model.safetensors,blocks.4.attn.c_proj.weight,0,128,512,65536,0,65499,0,262144,262060,True
model.safetensors,blocks.4.attn.c_proj.weight,128,128,512,65536,0,65501,0,262144,262068,True
model.safetensors,blocks.4.attn.c_proj.weight,256,128,512,65536,0,65506,0,262144,262088,True
model.safetensors,blocks.4.attn.c_proj.weight,384,128,512,65536,0,65511,0,262144,262108,True
model.safetensors,blocks.4.attn.c_q.weight,0,128,512,65536,0,65511,0,262144,262108,True
model.safetensors,blocks.4.attn.c_q.weight,128,128,512,65536,0,65502,0,262144,262072,True
model.safetensors,blocks.4.attn.c_q.weight,256,128,512,65536,0,65500,0,262144,262064,True
model.safetensors,blocks.4.attn.c_q.weight,384,128,512,65536,0,65510,0,262144,262104,True
model.safetensors,blocks.4.attn.c_v.weight,0,128,512,65536,0,65513,0,262144,262116,True
model.safetensors,blocks.4.attn.c_v.weight,128,128,512,65536,0,65515,0,262144,262124,True
model.safetensors,blocks.4.attn.c_v.weight,256,128,512,65536,0,65503,0,262144,262076,True
model.safetensors,blocks.4.attn.c_v.weight,384,128,512,65536,0,65500,0,262144,262064,True
model.safetensors,blocks.4.mlp.c_fc.weight,0,128,512,65536,0,65505,0,262144,262084,True
model.safetensors,blocks.4.mlp.c_fc.weight,128,128,512,65536,0,65516,0,262144,262128,True
model.safetensors,blocks.4.mlp.c_fc.weight,256,128,512,65536,0,65522,0,262144,262152,True
model.safetensors,blocks.4.mlp.c_fc.weight,384,128,512,65536,0,65512,0,262144,262112,True
model.safetensors,blocks.4.mlp.c_fc.weight,512,128,512,65536,0,65506,0,262144,262088,True
model.safetensors,blocks.4.mlp.c_fc.weight,640,128,512,65536,0,65510,0,262144,262104,True
model.safetensors,blocks.4.mlp.c_fc.weight,768,128,512,65536,0,65510,0,262144,262104,True
model.safetensors,blocks.4.mlp.c_fc.weight,896,128,512,65536,0,65501,0,262144,262068,True
model.safetensors,blocks.4.mlp.c_fc.weight,1024,128,512,65536,0,65506,0,262144,262088,True
model.safetensors,blocks.4.mlp.c_fc.weight,1152,128,512,65536,0,65508,0,262144,262096,True
model.safetensors,blocks.4.mlp.c_fc.weight,1280,128,512,65536,0,65514,0,262144,262120,True
model.safetensors,blocks.4.mlp.c_fc.weight,1408,128,512,65536,0,65502,0,262144,262072,True
model.safetensors,blocks.4.mlp.c_fc.weight,1536,128,512,65536,0,65510,0,262144,262104,True
model.safetensors,blocks.4.mlp.c_fc.weight,1664,128,512,65536,0,65511,0,262144,262108,True
model.safetensors,blocks.4.mlp.c_fc.weight,1792,128,512,65536,0,65514,0,262144,262120,True
model.safetensors,blocks.4.mlp.c_fc.weight,1920,128,512,65536,0,65508,0,262144,262096,True
model.safetensors,blocks.4.mlp.c_proj.weight,0,128,2048,262144,0,261728,0,1048576,1046976,True
model.safetensors,blocks.4.mlp.c_proj.weight,128,128,2048,262144,0,261734,0,1048576,1047000,True
model.safetensors,blocks.4.mlp.c_proj.weight,256,128,2048,262144,0,261793,0,1048576,1047236,True
model.safetensors,blocks.4.mlp.c_proj.weight,384,128,2048,262144,0,261749,0,1048576,1047060,True
model.safetensors,blocks.5.attn.c_k.weight,0,128,512,65536,0,65505,0,262144,262084,True
model.safetensors,blocks.5.attn.c_k.weight,128,128,512,65536,0,65503,0,262144,262076,True
model.safetensors,blocks.5.attn.c_k.weight,256,128,512,65536,0,65510,0,262144,262104,True
model.safetensors,blocks.5.attn.c_k.weight,384,128,512,65536,0,65512,0,262144,262112,True
model.safetensors,blocks.5.attn.c_proj.weight,0,128,512,65536,0,65498,0,262144,262056,True
model.safetensors,blocks.5.attn.c_proj.weight,128,128,512,65536,0,65510,0,262144,262104,True
model.safetensors,blocks.5.attn.c_proj.weight,256,128,512,65536,0,65515,0,262144,262124,True
model.safetensors,blocks.5.attn.c_proj.weight,384,128,512,65536,0,65507,0,262144,262092,True
model.safetensors,blocks.5.attn.c_q.weight,0,128,512,65536,0,65511,0,262144,262108,True
model.safetensors,blocks.5.attn.c_q.weight,128,128,512,65536,0,65496,0,262144,262048,True
model.safetensors,blocks.5.attn.c_q.weight,256,128,512,65536,0,65513,0,262144,262116,True
model.safetensors,blocks.5.attn.c_q.weight,384,128,512,65536,0,65512,0,262144,262112,True
model.safetensors,blocks.5.attn.c_v.weight,0,128,512,65536,0,65501,0,262144,262068,True
model.safetensors,blocks.5.attn.c_v.weight,128,128,512,65536,0,65510,0,262144,262104,True
model.safetensors,blocks.5.attn.c_v.weight,256,128,512,65536,0,65502,0,262144,262072,True
model.safetensors,blocks.5.attn.c_v.weight,384,128,512,65536,0,65503,0,262144,262076,True
model.safetensors,blocks.5.attn.ve_gate.weight,0,4,32,128,0,128,0,512,576,True
model.safetensors,blocks.5.mlp.c_fc.weight,0,128,512,65536,0,65518,0,262144,262136,True
model.safetensors,blocks.5.mlp.c_fc.weight,128,128,512,65536,0,65520,0,262144,262144,True
model.safetensors,blocks.5.mlp.c_fc.weight,256,128,512,65536,0,65518,0,262144,262136,True
model.safetensors,blocks.5.mlp.c_fc.weight,384,128,512,65536,0,65512,0,262144,262112,True
model.safetensors,blocks.5.mlp.c_fc.weight,512,128,512,65536,0,65512,0,262144,262112,True
model.safetensors,blocks.5.mlp.c_fc.weight,640,128,512,65536,0,65522,0,262144,262152,True
model.safetensors,blocks.5.mlp.c_fc.weight,768,128,512,65536,0,65509,0,262144,262100,True
model.safetensors,blocks.5.mlp.c_fc.weight,896,128,512,65536,0,65516,0,262144,262128,True
model.safetensors,blocks.5.mlp.c_fc.weight,1024,128,512,65536,0,65518,0,262144,262136,True
model.safetensors,blocks.5.mlp.c_fc.weight,1152,128,512,65536,0,65508,0,262144,262096,True
model.safetensors,blocks.5.mlp.c_fc.weight,1280,128,512,65536,0,65515,0,262144,262124,True
model.safetensors,blocks.5.mlp.c_fc.weight,1408,128,512,65536,0,65518,0,262144,262136,True
model.safetensors,blocks.5.mlp.c_fc.weight,1536,128,512,65536,0,65504,0,262144,262080,True
model.safetensors,blocks.5.mlp.c_fc.weight,1664,128,512,65536,0,65503,0,262144,262076,True
model.safetensors,blocks.5.mlp.c_fc.weight,1792,128,512,65536,0,65508,0,262144,262096,True
model.safetensors,blocks.5.mlp.c_fc.weight,1920,128,512,65536,0,65514,0,262144,262120,True
model.safetensors,blocks.5.mlp.c_proj.weight,0,128,2048,262144,0,261794,0,1048576,1047240,True
model.safetensors,blocks.5.mlp.c_proj.weight,128,128,2048,262144,0,261779,0,1048576,1047180,True
model.safetensors,blocks.5.mlp.c_proj.weight,256,128,2048,262144,0,261771,0,1048576,1047148,True
model.safetensors,blocks.5.mlp.c_proj.weight,384,128,2048,262144,0,261787,0,1048576,1047212,True
model.safetensors,blocks.6.attn.c_k.weight,0,128,512,65536,0,65502,0,262144,262072,True
model.safetensors,blocks.6.attn.c_k.weight,128,128,512,65536,0,65504,0,262144,262080,True
model.safetensors,blocks.6.attn.c_k.weight,256,128,512,65536,0,65495,0,262144,262044,True
model.safetensors,blocks.6.attn.c_k.weight,384,128,512,65536,0,65505,0,262144,262084,True
model.safetensors,blocks.6.attn.c_proj.weight,0,128,512,65536,0,65503,0,262144,262076,True
model.safetensors,blocks.6.attn.c_proj.weight,128,128,512,65536,0,65503,0,262144,262076,True
model.safetensors,blocks.6.attn.c_proj.weight,256,128,512,65536,0,65509,0,262144,262100,True
model.safetensors,blocks.6.attn.c_proj.weight,384,128,512,65536,0,65514,0,262144,262120,True
model.safetensors,blocks.6.attn.c_q.weight,0,128,512,65536,0,65506,0,262144,262088,True
model.safetensors,blocks.6.attn.c_q.weight,128,128,512,65536,0,65517,0,262144,262132,True
model.safetensors,blocks.6.attn.c_q.weight,256,128,512,65536,0,65505,0,262144,262084,True
model.safetensors,blocks.6.attn.c_q.weight,384,128,512,65536,0,65494,0,262144,262040,True
model.safetensors,blocks.6.attn.c_v.weight,0,128,512,65536,0,65503,0,262144,262076,True
model.safetensors,blocks.6.attn.c_v.weight,128,128,512,65536,0,65497,0,262144,262052,True
model.safetensors,blocks.6.attn.c_v.weight,256,128,512,65536,0,65511,0,262144,262108,True
model.safetensors,blocks.6.attn.c_v.weight,384,128,512,65536,0,65510,0,262144,262104,True
model.safetensors,blocks.6.mlp.c_fc.weight,0,128,512,65536,0,65507,0,262144,262092,True
model.safetensors,blocks.6.mlp.c_fc.weight,128,128,512,65536,0,65519,0,262144,262140,True
model.safetensors,blocks.6.mlp.c_fc.weight,256,128,512,65536,0,65524,0,262144,262160,True
model.safetensors,blocks.6.mlp.c_fc.weight,384,128,512,65536,0,65516,0,262144,262128,True
model.safetensors,blocks.6.mlp.c_fc.weight,512,128,512,65536,0,65513,0,262144,262116,True
model.safetensors,blocks.6.mlp.c_fc.weight,640,128,512,65536,0,65517,0,262144,262132,True
model.safetensors,blocks.6.mlp.c_fc.weight,768,128,512,65536,0,65519,0,262144,262140,True
model.safetensors,blocks.6.mlp.c_fc.weight,896,128,512,65536,0,65516,0,262144,262128,True
model.safetensors,blocks.6.mlp.c_fc.weight,1024,128,512,65536,0,65510,0,262144,262104,True
model.safetensors,blocks.6.mlp.c_fc.weight,1152,128,512,65536,0,65516,0,262144,262128,True
model.safetensors,blocks.6.mlp.c_fc.weight,1280,128,512,65536,0,65511,0,262144,262108,True
model.safetensors,blocks.6.mlp.c_fc.weight,1408,128,512,65536,0,65510,0,262144,262104,True
model.safetensors,blocks.6.mlp.c_fc.weight,1536,128,512,65536,0,65517,0,262144,262132,True
model.safetensors,blocks.6.mlp.c_fc.weight,1664,128,512,65536,0,65511,0,262144,262108,True
model.safetensors,blocks.6.mlp.c_fc.weight,1792,128,512,65536,0,65524,0,262144,262160,True
model.safetensors,blocks.6.mlp.c_fc.weight,1920,128,512,65536,0,65510,0,262144,262104,True
model.safetensors,blocks.6.mlp.c_proj.weight,0,128,2048,262144,0,261758,0,1048576,1047096,True
model.safetensors,blocks.6.mlp.c_proj.weight,128,128,2048,262144,0,261760,0,1048576,1047104,True
model.safetensors,blocks.6.mlp.c_proj.weight,256,128,2048,262144,0,261765,0,1048576,1047124,True
model.safetensors,blocks.6.mlp.c_proj.weight,384,128,2048,262144,0,261795,0,1048576,1047244,True
model.safetensors,blocks.7.attn.c_k.weight,0,128,512,65536,0,65498,0,262144,262056,True
model.safetensors,blocks.7.attn.c_k.weight,128,128,512,65536,0,65510,0,262144,262104,True
model.safetensors,blocks.7.attn.c_k.weight,256,128,512,65536,0,65501,0,262144,262068,True
model.safetensors,blocks.7.attn.c_k.weight,384,128,512,65536,0,65505,0,262144,262084,True
model.safetensors,blocks.7.attn.c_proj.weight,0,128,512,65536,0,65512,0,262144,262112,True
model.safetensors,blocks.7.attn.c_proj.weight,128,128,512,65536,0,65509,0,262144,262100,True
model.safetensors,blocks.7.attn.c_proj.weight,256,128,512,65536,0,65504,0,262144,262080,True
model.safetensors,blocks.7.attn.c_proj.weight,384,128,512,65536,0,65509,0,262144,262100,True
model.safetensors,blocks.7.attn.c_q.weight,0,128,512,65536,0,65507,0,262144,262092,True
model.safetensors,blocks.7.attn.c_q.weight,128,128,512,65536,0,65510,0,262144,262104,True
model.safetensors,blocks.7.attn.c_q.weight,256,128,512,65536,0,65500,0,262144,262064,True
model.safetensors,blocks.7.attn.c_q.weight,384,128,512,65536,0,65504,0,262144,262080,True
model.safetensors,blocks.7.attn.c_v.weight,0,128,512,65536,0,65509,0,262144,262100,True
model.safetensors,blocks.7.attn.c_v.weight,128,128,512,65536,0,65511,0,262144,262108,True
model.safetensors,blocks.7.attn.c_v.weight,256,128,512,65536,0,65513,0,262144,262116,True
model.safetensors,blocks.7.attn.c_v.weight,384,128,512,65536,0,65509,0,262144,262100,True
model.safetensors,blocks.7.attn.ve_gate.weight,0,4,32,128,0,128,0,512,576,True
model.safetensors,blocks.7.mlp.c_fc.weight,0,128,512,65536,0,65516,0,262144,262128,True
model.safetensors,blocks.7.mlp.c_fc.weight,128,128,512,65536,0,65519,0,262144,262140,True
model.safetensors,blocks.7.mlp.c_fc.weight,256,128,512,65536,0,65511,0,262144,262108,True
model.safetensors,blocks.7.mlp.c_fc.weight,384,128,512,65536,0,65509,0,262144,262100,True
model.safetensors,blocks.7.mlp.c_fc.weight,512,128,512,65536,0,65521,0,262144,262148,True
model.safetensors,blocks.7.mlp.c_fc.weight,640,128,512,65536,0,65512,0,262144,262112,True
model.safetensors,blocks.7.mlp.c_fc.weight,768,128,512,65536,0,65506,0,262144,262088,True
model.safetensors,blocks.7.mlp.c_fc.weight,896,128,512,65536,0,65518,0,262144,262136,True
model.safetensors,blocks.7.mlp.c_fc.weight,1024,128,512,65536,0,65511,0,262144,262108,True
model.safetensors,blocks.7.mlp.c_fc.weight,1152,128,512,65536,0,65515,0,262144,262124,True
model.safetensors,blocks.7.mlp.c_fc.weight,1280,128,512,65536,0,65514,0,262144,262120,True
model.safetensors,blocks.7.mlp.c_fc.weight,1408,128,512,65536,0,65511,0,262144,262108,True
model.safetensors,blocks.7.mlp.c_fc.weight,1536,128,512,65536,0,65512,0,262144,262112,True
model.safetensors,blocks.7.mlp.c_fc.weight,1664,128,512,65536,0,65508,0,262144,262096,True
model.safetensors,blocks.7.mlp.c_fc.weight,1792,128,512,65536,0,65517,0,262144,262132,True
model.safetensors,blocks.7.mlp.c_fc.weight,1920,128,512,65536,0,65519,0,262144,262140,True
model.safetensors,blocks.7.mlp.c_proj.weight,0,128,2048,262144,0,261800,0,1048576,1047264,True
model.safetensors,blocks.7.mlp.c_proj.weight,128,128,2048,262144,0,261808,0,1048576,1047296,True
model.safetensors,blocks.7.mlp.c_proj.weight,256,128,2048,262144,0,261790,0,1048576,1047224,True
model.safetensors,blocks.7.mlp.c_proj.weight,384,128,2048,262144,0,261797,0,1048576,1047252,True
model.safetensors,lm_head.weight,0,128,512,65536,0,65509,0,262144,262100,True
model.safetensors,lm_head.weight,128,128,512,65536,0,65500,0,262144,262064,True
model.safetensors,lm_head.weight,256,128,512,65536,0,65509,0,262144,262100,True
model.safetensors,lm_head.weight,384,128,512,65536,0,65505,0,262144,262084,True
model.safetensors,lm_head.weight,512,128,512,65536,0,65503,0,262144,262076,True
model.safetensors,lm_head.weight,640,128,512,65536,0,65499,0,262144,262060,True
model.safetensors,lm_head.weight,768,128,512,65536,0,65498,0,262144,262056,True
model.safetensors,lm_head.weight,896,128,512,65536,0,65508,0,262144,262096,True
model.safetensors,lm_head.weight,1024,128,512,65536,0,65495,0,262144,262044,True
model.safetensors,lm_head.weight,1152,128,512,65536,0,65503,0,262144,262076,True
model.safetensors,lm_head.weight,1280,128,512,65536,0,65500,0,262144,262064,True
model.safetensors,lm_head.weight,1408,128,512,65536,0,65506,0,262144,262088,True
model.safetensors,lm_head.weight,1536,128,512,65536,0,65508,0,262144,262096,True
model.safetensors,lm_head.weight,1664,128,512,65536,0,65499,0,262144,262060,True
model.safetensors,lm_head.weight,1792,128,512,65536,0,65501,0,262144,262068,True
model.safetensors,lm_head.weight,1920,128,512,65536,0,65506,0,262144,262088,True
model.safetensors,lm_head.weight,2048,128,512,65536,0,65515,0,262144,262124,True
model.safetensors,lm_head.weight,2176,128,512,65536,0,65503,0,262144,262076,True
model.safetensors,lm_head.weight,2304,128,512,65536,0,65506,0,262144,262088,True
model.safetensors,lm_head.weight,2432,128,512,65536,0,65511,0,262144,262108,True
model.safetensors,lm_head.weight,2560,128,512,65536,0,65504,0,262144,262080,True
model.safetensors,lm_head.weight,2688,128,512,65536,0,65502,0,262144,262072,True
model.safetensors,lm_head.weight,2816,128,512,65536,0,65514,0,262144,262120,True
model.safetensors,lm_head.weight,2944,128,512,65536,0,65506,0,262144,262088,True
model.safetensors,lm_head.weight,3072,128,512,65536,0,65511,0,262144,262108,True
model.safetensors,lm_head.weight,3200,128,512,65536,0,65507,0,262144,262092,True
model.safetensors,lm_head.weight,3328,128,512,65536,0,65491,0,262144,262028,True
model.safetensors,lm_head.weight,3456,128,512,65536,0,65513,0,262144,262116,True
model.safetensors,lm_head.weight,3584,128,512,65536,0,65512,0,262144,262112,True
model.safetensors,lm_head.weight,3712,128,512,65536,0,65512,0,262144,262112,True
model.safetensors,lm_head.weight,3840,128,512,65536,0,65508,0,262144,262096,True
model.safetensors,lm_head.weight,3968,128,512,65536,0,65502,0,262144,262072,True
model.safetensors,lm_head.weight,4096,128,512,65536,0,65510,0,262144,262104,True
model.safetensors,lm_head.weight,4224,128,512,65536,0,65504,0,262144,262080,True
model.safetensors,lm_head.weight,4352,128,512,65536,0,65508,0,262144,262096,True
model.safetensors,lm_head.weight,4480,128,512,65536,0,65507,0,262144,262092,True
model.safetensors,lm_head.weight,4608,128,512,65536,0,65505,0,262144,262084,True
model.safetensors,lm_head.weight,4736,128,512,65536,0,65504,0,262144,262080,True
model.safetensors,lm_head.weight,4864,128,512,65536,0,65507,0,262144,262092,True
model.safetensors,lm_head.weight,4992,128,512,65536,0,65505,0,262144,262084,True
model.safetensors,lm_head.weight,5120,128,512,65536,0,65502,0,262144,262072,True
model.safetensors,lm_head.weight,5248,128,512,65536,0,65508,0,262144,262096,True
model.safetensors,lm_head.weight,5376,128,512,65536,0,65507,0,262144,262092,True
model.safetensors,lm_head.weight,5504,128,512,65536,0,65514,0,262144,262120,True
model.safetensors,lm_head.weight,5632,128,512,65536,0,65509,0,262144,262100,True
model.safetensors,lm_head.weight,5760,128,512,65536,0,65504,0,262144,262080,True
model.safetensors,lm_head.weight,5888,128,512,65536,0,65509,0,262144,262100,True
model.safetensors,lm_head.weight,6016,128,512,65536,0,65515,0,262144,262124,True
model.safetensors,lm_head.weight,6144,128,512,65536,0,65496,0,262144,262048,True
model.safetensors,lm_head.weight,6272,128,512,65536,0,65516,0,262144,262128,True
model.safetensors,lm_head.weight,6400,128,512,65536,0,65502,0,262144,262072,True
model.safetensors,lm_head.weight,6528,128,512,65536,0,65498,0,262144,262056,True
model.safetensors,lm_head.weight,6656,128,512,65536,0,65509,0,262144,262100,True
model.safetensors,lm_head.weight,6784,128,512,65536,0,65502,0,262144,262072,True
model.safetensors,lm_head.weight,6912,128,512,65536,0,65505,0,262144,262084,True
model.safetensors,lm_head.weight,7040,128,512,65536,0,65514,0,262144,262120,True
model.safetensors,lm_head.weight,7168,128,512,65536,0,65507,0,262144,262092,True
model.safetensors,lm_head.weight,7296,128,512,65536,0,65506,0,262144,262088,True
model.safetensors,lm_head.weight,7424,128,512,65536,0,65507,0,262144,262092,True
model.safetensors,lm_head.weight,7552,128,512,65536,0,65505,0,262144,262084,True
model.safetensors,lm_head.weight,7680,128,512,65536,0,65503,0,262144,262076,True
model.safetensors,lm_head.weight,7808,128,512,65536,0,65495,0,262144,262044,True
model.safetensors,lm_head.weight,7936,128,512,65536,0,65506,0,262144,262088,True
model.safetensors,lm_head.weight,8064,128,512,65536,0,65497,0,262144,262052,True
model.safetensors,lm_head.weight,8192,128,512,65536,0,65510,0,262144,262104,True
model.safetensors,lm_head.weight,8320,128,512,65536,0,65506,0,262144,262088,True
model.safetensors,lm_head.weight,8448,128,512,65536,0,65493,0,262144,262036,True
model.safetensors,lm_head.weight,8576,128,512,65536,0,65504,0,262144,262080,True
model.safetensors,lm_head.weight,8704,128,512,65536,0,65506,0,262144,262088,True
model.safetensors,lm_head.weight,8832,128,512,65536,0,65502,0,262144,262072,True
model.safetensors,lm_head.weight,8960,128,512,65536,0,65500,0,262144,262064,True
model.safetensors,lm_head.weight,9088,128,512,65536,0,65502,0,262144,262072,True
model.safetensors,lm_head.weight,9216,128,512,65536,0,65508,0,262144,262096,True
model.safetensors,lm_head.weight,9344,128,512,65536,0,65495,0,262144,262044,True
model.safetensors,lm_head.weight,9472,128,512,65536,0,65509,0,262144,262100,True
model.safetensors,lm_head.weight,9600,128,512,65536,0,65500,0,262144,262064,True
model.safetensors,lm_head.weight,9728,128,512,65536,0,65498,0,262144,262056,True
model.safetensors,lm_head.weight,9856,128,512,65536,0,65511,0,262144,262108,True
model.safetensors,lm_head.weight,9984,128,512,65536,0,65498,0,262144,262056,True
model.safetensors,lm_head.weight,10112,128,512,65536,0,65505,0,262144,262084,True
model.safetensors,lm_head.weight,10240,128,512,65536,0,65506,0,262144,262088,True
model.safetensors,lm_head.weight,10368,128,512,65536,0,65512,0,262144,262112,True
model.safetensors,lm_head.weight,10496,128,512,65536,0,65514,0,262144,262120,True
model.safetensors,lm_head.weight,10624,128,512,65536,0,65507,0,262144,262092,True
model.safetensors,lm_head.weight,10752,128,512,65536,0,65506,0,262144,262088,True
model.safetensors,lm_head.weight,10880,128,512,65536,0,65493,0,262144,262036,True
model.safetensors,lm_head.weight,11008,128,512,65536,0,65510,0,262144,262104,True
model.safetensors,lm_head.weight,11136,128,512,65536,0,65509,0,262144,262100,True
model.safetensors,lm_head.weight,11264,128,512,65536,0,65492,0,262144,262032,True
model.safetensors,lm_head.weight,11392,128,512,65536,0,65509,0,262144,262100,True
model.safetensors,lm_head.weight,11520,128,512,65536,0,65501,0,262144,262068,True
model.safetensors,lm_head.weight,11648,128,512,65536,0,65501,0,262144,262068,True
model.safetensors,lm_head.weight,11776,128,512,65536,0,65502,0,262144,262072,True
model.safetensors,lm_head.weight,11904,128,512,65536,0,65501,0,262144,262068,True
model.safetensors,lm_head.weight,12032,128,512,65536,0,65499,0,262144,262060,True
model.safetensors,lm_head.weight,12160,128,512,65536,0,65506,0,262144,262088,True
model.safetensors,lm_head.weight,12288,128,512,65536,0,65512,0,262144,262112,True
model.safetensors,lm_head.weight,12416,128,512,65536,0,65499,0,262144,262060,True
model.safetensors,lm_head.weight,12544,128,512,65536,0,65506,0,262144,262088,True
model.safetensors,lm_head.weight,12672,128,512,65536,0,65497,0,262144,262052,True
model.safetensors,lm_head.weight,12800,128,512,65536,0,65500,0,262144,262064,True
model.safetensors,lm_head.weight,12928,128,512,65536,0,65492,0,262144,262032,True
model.safetensors,lm_head.weight,13056,128,512,65536,0,65496,0,262144,262048,True
model.safetensors,lm_head.weight,13184,128,512,65536,0,65501,0,262144,262068,True
model.safetensors,lm_head.weight,13312,128,512,65536,0,65494,0,262144,262040,True
model.safetensors,lm_head.weight,13440,128,512,65536,0,65497,0,262144,262052,True
model.safetensors,lm_head.weight,13568,128,512,65536,0,65506,0,262144,262088,True
model.safetensors,lm_head.weight,13696,128,512,65536,0,65511,0,262144,262108,True
model.safetensors,lm_head.weight,13824,128,512,65536,0,65504,0,262144,262080,True
model.safetensors,lm_head.weight,13952,128,512,65536,0,65506,0,262144,262088,True
model.safetensors,lm_head.weight,14080,128,512,65536,0,65494,0,262144,262040,True
model.safetensors,lm_head.weight,14208,128,512,65536,0,65494,0,262144,262040,True
model.safetensors,lm_head.weight,14336,128,512,65536,0,65496,0,262144,262048,True
model.safetensors,lm_head.weight,14464,128,512,65536,0,65491,0,262144,262028,True
model.safetensors,lm_head.weight,14592,128,512,65536,0,65501,0,262144,262068,True
model.safetensors,lm_head.weight,14720,128,512,65536,0,65495,0,262144,262044,True
model.safetensors,lm_head.weight,14848,128,512,65536,0,65496,0,262144,262048,True
model.safetensors,lm_head.weight,14976,128,512,65536,0,65499,0,262144,262060,True
model.safetensors,lm_head.weight,15104,128,512,65536,0,65508,0,262144,262096,True
model.safetensors,lm_head.weight,15232,128,512,65536,0,65495,0,262144,262044,True
model.safetensors,lm_head.weight,15360,128,512,65536,0,65501,0,262144,262068,True
model.safetensors,lm_head.weight,15488,128,512,65536,0,65494,0,262144,262040,True
model.safetensors,lm_head.weight,15616,128,512,65536,0,65495,0,262144,262044,True
model.safetensors,lm_head.weight,15744,128,512,65536,0,65502,0,262144,262072,True
model.safetensors,lm_head.weight,15872,128,512,65536,0,65499,0,262144,262060,True
model.safetensors,lm_head.weight,16000,128,512,65536,0,65494,0,262144,262040,True
model.safetensors,lm_head.weight,16128,128,512,65536,0,65501,0,262144,262068,True
model.safetensors,lm_head.weight,16256,128,512,65536,0,65499,0,262144,262060,True
model.safetensors,lm_head.weight,16384,128,512,65536,0,65508,0,262144,262096,True
model.safetensors,lm_head.weight,16512,128,512,65536,0,65500,0,262144,262064,True
model.safetensors,lm_head.weight,16640,128,512,65536,0,65505,0,262144,262084,True
model.safetensors,lm_head.weight,16768,128,512,65536,0,65502,0,262144,262072,True
model.safetensors,lm_head.weight,16896,128,512,65536,0,65498,0,262144,262056,True
model.safetensors,lm_head.weight,17024,128,512,65536,0,65490,0,262144,262024,True
model.safetensors,lm_head.weight,17152,128,512,65536,0,65501,0,262144,262068,True
model.safetensors,lm_head.weight,17280,128,512,65536,0,65487,0,262144,262012,True
model.safetensors,lm_head.weight,17408,128,512,65536,0,65496,0,262144,262048,True
model.safetensors,lm_head.weight,17536,128,512,65536,0,65499,0,262144,262060,True
model.safetensors,lm_head.weight,17664,128,512,65536,0,65501,0,262144,262068,True
model.safetensors,lm_head.weight,17792,128,512,65536,0,65496,0,262144,262048,True
model.safetensors,lm_head.weight,17920,128,512,65536,0,65501,0,262144,262068,True
model.safetensors,lm_head.weight,18048,128,512,65536,0,65499,0,262144,262060,True
model.safetensors,lm_head.weight,18176,128,512,65536,0,65504,0,262144,262080,True
model.safetensors,lm_head.weight,18304,128,512,65536,0,65500,0,262144,262064,True
model.safetensors,lm_head.weight,18432,128,512,65536,0,65500,0,262144,262064,True
model.safetensors,lm_head.weight,18560,128,512,65536,0,65500,0,262144,262064,True
model.safetensors,lm_head.weight,18688,128,512,65536,0,65500,0,262144,262064,True
model.safetensors,lm_head.weight,18816,128,512,65536,0,65506,0,262144,262088,True
model.safetensors,lm_head.weight,18944,128,512,65536,0,65495,0,262144,262044,True
model.safetensors,lm_head.weight,19072,128,512,65536,0,65498,0,262144,262056,True
model.safetensors,lm_head.weight,19200,128,512,65536,0,65494,0,262144,262040,True
model.safetensors,lm_head.weight,19328,128,512,65536,0,65493,0,262144,262036,True
model.safetensors,lm_head.weight,19456,128,512,65536,0,65493,0,262144,262036,True
model.safetensors,lm_head.weight,19584,128,512,65536,0,65502,0,262144,262072,True
model.safetensors,lm_head.weight,19712,128,512,65536,0,65484,0,262144,262000,True
model.safetensors,lm_head.weight,19840,128,512,65536,0,65504,0,262144,262080,True
model.safetensors,lm_head.weight,19968,128,512,65536,0,65497,0,262144,262052,True
model.safetensors,lm_head.weight,20096,128,512,65536,0,65489,0,262144,262020,True
model.safetensors,lm_head.weight,20224,128,512,65536,0,65495,0,262144,262044,True
model.safetensors,lm_head.weight,20352,128,512,65536,0,65489,0,262144,262020,True
model.safetensors,lm_head.weight,20480,128,512,65536,0,65490,0,262144,262024,True
model.safetensors,lm_head.weight,20608,128,512,65536,0,65487,0,262144,262012,True
model.safetensors,lm_head.weight,20736,128,512,65536,0,65502,0,262144,262072,True
model.safetensors,lm_head.weight,20864,128,512,65536,0,65481,0,262144,261988,True
model.safetensors,lm_head.weight,20992,128,512,65536,0,65496,0,262144,262048,True
model.safetensors,lm_head.weight,21120,128,512,65536,0,65494,0,262144,262040,True
model.safetensors,lm_head.weight,21248,128,512,65536,0,65498,0,262144,262056,True
model.safetensors,lm_head.weight,21376,128,512,65536,0,65492,0,262144,262032,True
model.safetensors,lm_head.weight,21504,128,512,65536,0,65492,0,262144,262032,True
model.safetensors,lm_head.weight,21632,128,512,65536,0,65489,0,262144,262020,True
model.safetensors,lm_head.weight,21760,128,512,65536,0,65488,0,262144,262016,True
model.safetensors,lm_head.weight,21888,128,512,65536,0,65489,0,262144,262020,True
model.safetensors,lm_head.weight,22016,128,512,65536,0,65490,0,262144,262024,True
model.safetensors,lm_head.weight,22144,128,512,65536,0,65508,0,262144,262096,True
model.safetensors,lm_head.weight,22272,128,512,65536,0,65490,0,262144,262024,True
model.safetensors,lm_head.weight,22400,128,512,65536,0,65488,0,262144,262016,True
model.safetensors,lm_head.weight,22528,128,512,65536,0,65505,0,262144,262084,True
model.safetensors,lm_head.weight,22656,128,512,65536,0,65499,0,262144,262060,True
model.safetensors,lm_head.weight,22784,128,512,65536,0,65493,0,262144,262036,True
model.safetensors,lm_head.weight,22912,128,512,65536,0,65492,0,262144,262032,True
model.safetensors,lm_head.weight,23040,128,512,65536,0,65494,0,262144,262040,True
model.safetensors,lm_head.weight,23168,128,512,65536,0,65506,0,262144,262088,True
model.safetensors,lm_head.weight,23296,128,512,65536,0,65488,0,262144,262016,True
model.safetensors,lm_head.weight,23424,128,512,65536,0,65498,0,262144,262056,True
model.safetensors,lm_head.weight,23552,128,512,65536,0,65495,0,262144,262044,True
model.safetensors,lm_head.weight,23680,128,512,65536,0,65499,0,262144,262060,True
model.safetensors,lm_head.weight,23808,128,512,65536,0,65493,0,262144,262036,True
model.safetensors,lm_head.weight,23936,128,512,65536,0,65499,0,262144,262060,True
model.safetensors,lm_head.weight,24064,128,512,65536,0,65498,0,262144,262056,True
model.safetensors,lm_head.weight,24192,128,512,65536,0,65498,0,262144,262056,True
model.safetensors,lm_head.weight,24320,128,512,65536,0,65496,0,262144,262048,True
model.safetensors,lm_head.weight,24448,128,512,65536,0,65503,0,262144,262076,True
model.safetensors,lm_head.weight,24576,128,512,65536,0,65494,0,262144,262040,True
model.safetensors,lm_head.weight,24704,128,512,65536,0,65495,0,262144,262044,True
model.safetensors,lm_head.weight,24832,128,512,65536,0,65495,0,262144,262044,True
model.safetensors,lm_head.weight,24960,128,512,65536,0,65494,0,262144,262040,True
model.safetensors,lm_head.weight,25088,128,512,65536,0,65492,0,262144,262032,True
model.safetensors,lm_head.weight,25216,128,512,65536,0,65495,0,262144,262044,True
model.safetensors,lm_head.weight,25344,128,512,65536,0,65506,0,262144,262088,True
model.safetensors,lm_head.weight,25472,128,512,65536,0,65497,0,262144,262052,True
model.safetensors,lm_head.weight,25600,128,512,65536,0,65510,0,262144,262104,True
model.safetensors,lm_head.weight,25728,128,512,65536,0,65490,0,262144,262024,True
model.safetensors,lm_head.weight,25856,128,512,65536,0,65491,0,262144,262028,True
model.safetensors,lm_head.weight,25984,128,512,65536,0,65503,0,262144,262076,True
model.safetensors,lm_head.weight,26112,128,512,65536,0,65496,0,262144,262048,True
model.safetensors,lm_head.weight,26240,128,512,65536,0,65504,0,262144,262080,True
model.safetensors,lm_head.weight,26368,128,512,65536,0,65489,0,262144,262020,True
model.safetensors,lm_head.weight,26496,128,512,65536,0,65504,0,262144,262080,True
model.safetensors,lm_head.weight,26624,128,512,65536,0,65499,0,262144,262060,True
model.safetensors,lm_head.weight,26752,128,512,65536,0,65494,0,262144,262040,True
model.safetensors,lm_head.weight,26880,128,512,65536,0,65503,0,262144,262076,True
model.safetensors,lm_head.weight,27008,128,512,65536,0,65488,0,262144,262016,True
model.safetensors,lm_head.weight,27136,128,512,65536,0,65507,0,262144,262092,True
model.safetensors,lm_head.weight,27264,128,512,65536,0,65485,0,262144,262004,True
model.safetensors,lm_head.weight,27392,128,512,65536,0,65488,0,262144,262016,True
model.safetensors,lm_head.weight,27520,128,512,65536,0,65495,0,262144,262044,True
model.safetensors,lm_head.weight,27648,128,512,65536,0,65495,0,262144,262044,True
model.safetensors,lm_head.weight,27776,128,512,65536,0,65493,0,262144,262036,True
model.safetensors,lm_head.weight,27904,128,512,65536,0,65501,0,262144,262068,True
model.safetensors,lm_head.weight,28032,128,512,65536,0,65499,0,262144,262060,True
model.safetensors,lm_head.weight,28160,128,512,65536,0,65493,0,262144,262036,True
model.safetensors,lm_head.weight,28288,128,512,65536,0,65498,0,262144,262056,True
model.safetensors,lm_head.weight,28416,128,512,65536,0,65497,0,262144,262052,True
model.safetensors,lm_head.weight,28544,128,512,65536,0,65504,0,262144,262080,True
model.safetensors,lm_head.weight,28672,128,512,65536,0,65489,0,262144,262020,True
model.safetensors,lm_head.weight,28800,128,512,65536,0,65499,0,262144,262060,True
model.safetensors,lm_head.weight,28928,128,512,65536,0,65493,0,262144,262036,True
model.safetensors,lm_head.weight,29056,128,512,65536,0,65498,0,262144,262056,True
model.safetensors,lm_head.weight,29184,128,512,65536,0,65496,0,262144,262048,True
model.safetensors,lm_head.weight,29312,128,512,65536,0,65493,0,262144,262036,True
model.safetensors,lm_head.weight,29440,128,512,65536,0,65495,0,262144,262044,True
model.safetensors,lm_head.weight,29568,128,512,65536,0,65490,0,262144,262024,True
model.safetensors,lm_head.weight,29696,128,512,65536,0,65503,0,262144,262076,True
model.safetensors,lm_head.weight,29824,128,512,65536,0,65505,0,262144,262084,True
model.safetensors,lm_head.weight,29952,128,512,65536,0,65503,0,262144,262076,True
model.safetensors,lm_head.weight,30080,128,512,65536,0,65489,0,262144,262020,True
model.safetensors,lm_head.weight,30208,128,512,65536,0,65499,0,262144,262060,True
model.safetensors,lm_head.weight,30336,128,512,65536,0,65493,0,262144,262036,True
model.safetensors,lm_head.weight,30464,128,512,65536,0,65504,0,262144,262080,True
model.safetensors,lm_head.weight,30592,128,512,65536,0,65492,0,262144,262032,True
model.safetensors,lm_head.weight,30720,128,512,65536,0,65483,0,262144,261996,True
model.safetensors,lm_head.weight,30848,128,512,65536,0,65507,0,262144,262092,True
model.safetensors,lm_head.weight,30976,128,512,65536,0,65493,0,262144,262036,True
model.safetensors,lm_head.weight,31104,128,512,65536,0,65497,0,262144,262052,True
model.safetensors,lm_head.weight,31232,128,512,65536,0,65497,0,262144,262052,True
model.safetensors,lm_head.weight,31360,128,512,65536,0,65480,0,262144,261984,True
model.safetensors,lm_head.weight,31488,128,512,65536,0,65505,0,262144,262084,True
model.safetensors,lm_head.weight,31616,128,512,65536,0,65481,0,262144,261988,True
model.safetensors,lm_head.weight,31744,128,512,65536,0,65498,0,262144,262056,True
model.safetensors,lm_head.weight,31872,128,512,65536,0,65481,0,262144,261988,True
model.safetensors,lm_head.weight,32000,128,512,65536,0,65488,0,262144,262016,True
model.safetensors,lm_head.weight,32128,128,512,65536,0,65494,0,262144,262040,True
model.safetensors,lm_head.weight,32256,128,512,65536,0,65495,0,262144,262044,True
model.safetensors,lm_head.weight,32384,128,512,65536,0,65497,0,262144,262052,True
model.safetensors,lm_head.weight,32512,128,512,65536,0,65497,0,262144,262052,True
model.safetensors,lm_head.weight,32640,128,512,65536,0,65506,0,262144,262088,True
model.safetensors,value_embeds.1.weight,0,128,512,65536,0,65511,0,262144,262108,True
model.safetensors,value_embeds.1.weight,128,128,512,65536,0,65515,0,262144,262124,True
model.safetensors,value_embeds.1.weight,256,128,512,65536,0,65516,0,262144,262128,True
model.safetensors,value_embeds.1.weight,384,128,512,65536,0,65505,0,262144,262084,True
model.safetensors,value_embeds.1.weight,512,128,512,65536,0,65516,0,262144,262128,True
model.safetensors,value_embeds.1.weight,640,128,512,65536,0,65516,0,262144,262128,True
model.safetensors,value_embeds.1.weight,768,128,512,65536,0,65510,0,262144,262104,True
model.safetensors,value_embeds.1.weight,896,128,512,65536,0,65512,0,262144,262112,True
model.safetensors,value_embeds.1.weight,1024,128,512,65536,0,65509,0,262144,262100,True
model.safetensors,value_embeds.1.weight,1152,128,512,65536,0,65502,0,262144,262072,True
model.safetensors,value_embeds.1.weight,1280,128,512,65536,0,65520,0,262144,262144,True
model.safetensors,value_embeds.1.weight,1408,128,512,65536,0,65516,0,262144,262128,True
model.safetensors,value_embeds.1.weight,1536,128,512,65536,0,65512,0,262144,262112,True
model.safetensors,value_embeds.1.weight,1664,128,512,65536,0,65513,0,262144,262116,True
model.safetensors,value_embeds.1.weight,1792,128,512,65536,0,65519,0,262144,262140,True
model.safetensors,value_embeds.1.weight,1920,128,512,65536,0,65500,0,262144,262064,True
model.safetensors,value_embeds.1.weight,2048,128,512,65536,0,65501,0,262144,262068,True
model.safetensors,value_embeds.1.weight,2176,128,512,65536,0,65519,0,262144,262140,True
model.safetensors,value_embeds.1.weight,2304,128,512,65536,0,65514,0,262144,262120,True
model.safetensors,value_embeds.1.weight,2432,128,512,65536,0,65515,0,262144,262124,True
model.safetensors,value_embeds.1.weight,2560,128,512,65536,0,65511,0,262144,262108,True
model.safetensors,value_embeds.1.weight,2688,128,512,65536,0,65511,0,262144,262108,True
model.safetensors,value_embeds.1.weight,2816,128,512,65536,0,65500,0,262144,262064,True
model.safetensors,value_embeds.1.weight,2944,128,512,65536,0,65511,0,262144,262108,True
model.safetensors,value_embeds.1.weight,3072,128,512,65536,0,65508,0,262144,262096,True
model.safetensors,value_embeds.1.weight,3200,128,512,65536,0,65512,0,262144,262112,True
model.safetensors,value_embeds.1.weight,3328,128,512,65536,0,65516,0,262144,262128,True
model.safetensors,value_embeds.1.weight,3456,128,512,65536,0,65513,0,262144,262116,True
model.safetensors,value_embeds.1.weight,3584,128,512,65536,0,65498,0,262144,262056,True
model.safetensors,value_embeds.1.weight,3712,128,512,65536,0,65510,0,262144,262104,True
model.safetensors,value_embeds.1.weight,3840,128,512,65536,0,65512,0,262144,262112,True
model.safetensors,value_embeds.1.weight,3968,128,512,65536,0,65513,0,262144,262116,True
model.safetensors,value_embeds.1.weight,4096,128,512,65536,0,65510,0,262144,262104,True
model.safetensors,value_embeds.1.weight,4224,128,512,65536,0,65518,0,262144,262136,True
model.safetensors,value_embeds.1.weight,4352,128,512,65536,0,65511,0,262144,262108,True
model.safetensors,value_embeds.1.weight,4480,128,512,65536,0,65508,0,262144,262096,True
model.safetensors,value_embeds.1.weight,4608,128,512,65536,0,65509,0,262144,262100,True
model.safetensors,value_embeds.1.weight,4736,128,512,65536,0,65517,0,262144,262132,True
model.safetensors,value_embeds.1.weight,4864,128,512,65536,0,65509,0,262144,262100,True
model.safetensors,value_embeds.1.weight,4992,128,512,65536,0,65508,0,262144,262096,True
model.safetensors,value_embeds.1.weight,5120,128,512,65536,0,65506,0,262144,262088,True
model.safetensors,value_embeds.1.weight,5248,128,512,65536,0,65509,0,262144,262100,True
model.safetensors,value_embeds.1.weight,5376,128,512,65536,0,65508,0,262144,262096,True
model.safetensors,value_embeds.1.weight,5504,128,512,65536,0,65513,0,262144,262116,True
model.safetensors,value_embeds.1.weight,5632,128,512,65536,0,65510,0,262144,262104,True
model.safetensors,value_embeds.1.weight,5760,128,512,65536,0,65517,0,262144,262132,True
model.safetensors,value_embeds.1.weight,5888,128,512,65536,0,65515,0,262144,262124,True
model.safetensors,value_embeds.1.weight,6016,128,512,65536,0,65510,0,262144,262104,True
model.safetensors,value_embeds.1.weight,6144,128,512,65536,0,65495,0,262144,262044,True
model.safetensors,value_embeds.1.weight,6272,128,512,65536,0,65517,0,262144,262132,True
model.safetensors,value_embeds.1.weight,6400,128,512,65536,0,65516,0,262144,262128,True
model.safetensors,value_embeds.1.weight,6528,128,512,65536,0,65512,0,262144,262112,True
model.safetensors,value_embeds.1.weight,6656,128,512,65536,0,65518,0,262144,262136,True
model.safetensors,value_embeds.1.weight,6784,128,512,65536,0,65508,0,262144,262096,True
model.safetensors,value_embeds.1.weight,6912,128,512,65536,0,65503,0,262144,262076,True
model.safetensors,value_embeds.1.weight,7040,128,512,65536,0,65507,0,262144,262092,True
model.safetensors,value_embeds.1.weight,7168,128,512,65536,0,65503,0,262144,262076,True
model.safetensors,value_embeds.1.weight,7296,128,512,65536,0,65504,0,262144,262080,True
model.safetensors,value_embeds.1.weight,7424,128,512,65536,0,65504,0,262144,262080,True
model.safetensors,value_embeds.1.weight,7552,128,512,65536,0,65515,0,262144,262124,True
model.safetensors,value_embeds.1.weight,7680,128,512,65536,0,65512,0,262144,262112,True
model.safetensors,value_embeds.1.weight,7808,128,512,65536,0,65511,0,262144,262108,True
model.safetensors,value_embeds.1.weight,7936,128,512,65536,0,65518,0,262144,262136,True
model.safetensors,value_embeds.1.weight,8064,128,512,65536,0,65507,0,262144,262092,True
model.safetensors,value_embeds.1.weight,8192,128,512,65536,0,65508,0,262144,262096,True
model.safetensors,value_embeds.1.weight,8320,128,512,65536,0,65508,0,262144,262096,True
model.safetensors,value_embeds.1.weight,8448,128,512,65536,0,65513,0,262144,262116,True
model.safetensors,value_embeds.1.weight,8576,128,512,65536,0,65521,0,262144,262148,True
model.safetensors,value_embeds.1.weight,8704,128,512,65536,0,65510,0,262144,262104,True
model.safetensors,value_embeds.1.weight,8832,128,512,65536,0,65516,0,262144,262128,True
model.safetensors,value_embeds.1.weight,8960,128,512,65536,0,65509,0,262144,262100,True
model.safetensors,value_embeds.1.weight,9088,128,512,65536,0,65497,0,262144,262052,True
model.safetensors,value_embeds.1.weight,9216,128,512,65536,0,65514,0,262144,262120,True
model.safetensors,value_embeds.1.weight,9344,128,512,65536,0,65502,0,262144,262072,True
model.safetensors,value_embeds.1.weight,9472,128,512,65536,0,65512,0,262144,262112,True
model.safetensors,value_embeds.1.weight,9600,128,512,65536,0,65518,0,262144,262136,True
model.safetensors,value_embeds.1.weight,9728,128,512,65536,0,65506,0,262144,262088,True
model.safetensors,value_embeds.1.weight,9856,128,512,65536,0,65502,0,262144,262072,True
model.safetensors,value_embeds.1.weight,9984,128,512,65536,0,65505,0,262144,262084,True
model.safetensors,value_embeds.1.weight,10112,128,512,65536,0,65512,0,262144,262112,True
model.safetensors,value_embeds.1.weight,10240,128,512,65536,0,65511,0,262144,262108,True
model.safetensors,value_embeds.1.weight,10368,128,512,65536,0,65510,0,262144,262104,True
model.safetensors,value_embeds.1.weight,10496,128,512,65536,0,65504,0,262144,262080,True
model.safetensors,value_embeds.1.weight,10624,128,512,65536,0,65510,0,262144,262104,True
model.safetensors,value_embeds.1.weight,10752,128,512,65536,0,65507,0,262144,262092,True
model.safetensors,value_embeds.1.weight,10880,128,512,65536,0,65513,0,262144,262116,True
model.safetensors,value_embeds.1.weight,11008,128,512,65536,0,65512,0,262144,262112,True
model.safetensors,value_embeds.1.weight,11136,128,512,65536,0,65512,0,262144,262112,True
model.safetensors,value_embeds.1.weight,11264,128,512,65536,0,65518,0,262144,262136,True
model.safetensors,value_embeds.1.weight,11392,128,512,65536,0,65516,0,262144,262128,True
model.safetensors,value_embeds.1.weight,11520,128,512,65536,0,65517,0,262144,262132,True
model.safetensors,value_embeds.1.weight,11648,128,512,65536,0,65514,0,262144,262120,True
model.safetensors,value_embeds.1.weight,11776,128,512,65536,0,65516,0,262144,262128,True
model.safetensors,value_embeds.1.weight,11904,128,512,65536,0,65516,0,262144,262128,True
model.safetensors,value_embeds.1.weight,12032,128,512,65536,0,65509,0,262144,262100,True
model.safetensors,value_embeds.1.weight,12160,128,512,65536,0,65509,0,262144,262100,True
model.safetensors,value_embeds.1.weight,12288,128,512,65536,0,65502,0,262144,262072,True
model.safetensors,value_embeds.1.weight,12416,128,512,65536,0,65497,0,262144,262052,True
model.safetensors,value_embeds.1.weight,12544,128,512,65536,0,65489,0,262144,262020,True
model.safetensors,value_embeds.1.weight,12672,128,512,65536,0,65508,0,262144,262096,True
model.safetensors,value_embeds.1.weight,12800,128,512,65536,0,65516,0,262144,262128,True
model.safetensors,value_embeds.1.weight,12928,128,512,65536,0,65516,0,262144,262128,True
model.safetensors,value_embeds.1.weight,13056,128,512,65536,0,65517,0,262144,262132,True
model.safetensors,value_embeds.1.weight,13184,128,512,65536,0,65513,0,262144,262116,True
model.safetensors,value_embeds.1.weight,13312,128,512,65536,0,65510,0,262144,262104,True
model.safetensors,value_embeds.1.weight,13440,128,512,65536,0,65504,0,262144,262080,True
model.safetensors,value_embeds.1.weight,13568,128,512,65536,0,65498,0,262144,262056,True
model.safetensors,value_embeds.1.weight,13696,128,512,65536,0,65510,0,262144,262104,True
model.safetensors,value_embeds.1.weight,13824,128,512,65536,0,65512,0,262144,262112,True
model.safetensors,value_embeds.1.weight,13952,128,512,65536,0,65514,0,262144,262120,True
model.safetensors,value_embeds.1.weight,14080,128,512,65536,0,65513,0,262144,262116,True
model.safetensors,value_embeds.1.weight,14208,128,512,65536,0,65509,0,262144,262100,True
model.safetensors,value_embeds.1.weight,14336,128,512,65536,0,65517,0,262144,262132,True
model.safetensors,value_embeds.1.weight,14464,128,512,65536,0,65497,0,262144,262052,True
model.safetensors,value_embeds.1.weight,14592,128,512,65536,0,65517,0,262144,262132,True
model.safetensors,value_embeds.1.weight,14720,128,512,65536,0,65506,0,262144,262088,True
model.safetensors,value_embeds.1.weight,14848,128,512,65536,0,65506,0,262144,262088,True
model.safetensors,value_embeds.1.weight,14976,128,512,65536,0,65513,0,262144,262116,True
model.safetensors,value_embeds.1.weight,15104,128,512,65536,0,65509,0,262144,262100,True
model.safetensors,value_embeds.1.weight,15232,128,512,65536,0,65515,0,262144,262124,True
model.safetensors,value_embeds.1.weight,15360,128,512,65536,0,65515,0,262144,262124,True
model.safetensors,value_embeds.1.weight,15488,128,512,65536,0,65502,0,262144,262072,True
model.safetensors,value_embeds.1.weight,15616,128,512,65536,0,65509,0,262144,262100,True
model.safetensors,value_embeds.1.weight,15744,128,512,65536,0,65513,0,262144,262116,True
model.safetensors,value_embeds.1.weight,15872,128,512,65536,0,65513,0,262144,262116,True
model.safetensors,value_embeds.1.weight,16000,128,512,65536,0,65506,0,262144,262088,True
model.safetensors,value_embeds.1.weight,16128,128,512,65536,0,65509,0,262144,262100,True
model.safetensors,value_embeds.1.weight,16256,128,512,65536,0,65512,0,262144,262112,True
model.safetensors,value_embeds.1.weight,16384,128,512,65536,0,65509,0,262144,262100,True
model.safetensors,value_embeds.1.weight,16512,128,512,65536,0,65500,0,262144,262064,True
model.safetensors,value_embeds.1.weight,16640,128,512,65536,0,65505,0,262144,262084,True
model.safetensors,value_embeds.1.weight,16768,128,512,65536,0,65503,0,262144,262076,True
model.safetensors,value_embeds.1.weight,16896,128,512,65536,0,65516,0,262144,262128,True
model.safetensors,value_embeds.1.weight,17024,128,512,65536,0,65509,0,262144,262100,True
model.safetensors,value_embeds.1.weight,17152,128,512,65536,0,65511,0,262144,262108,True
model.safetensors,value_embeds.1.weight,17280,128,512,65536,0,65503,0,262144,262076,True
model.safetensors,value_embeds.1.weight,17408,128,512,65536,0,65509,0,262144,262100,True
model.safetensors,value_embeds.1.weight,17536,128,512,65536,0,65505,0,262144,262084,True
model.safetensors,value_embeds.1.weight,17664,128,512,65536,0,65508,0,262144,262096,True
model.safetensors,value_embeds.1.weight,17792,128,512,65536,0,65505,0,262144,262084,True
model.safetensors,value_embeds.1.weight,17920,128,512,65536,0,65507,0,262144,262092,True
model.safetensors,value_embeds.1.weight,18048,128,512,65536,0,65507,0,262144,262092,True
model.safetensors,value_embeds.1.weight,18176,128,512,65536,0,65508,0,262144,262096,True
model.safetensors,value_embeds.1.weight,18304,128,512,65536,0,65506,0,262144,262088,True
model.safetensors,value_embeds.1.weight,18432,128,512,65536,0,65512,0,262144,262112,True
model.safetensors,value_embeds.1.weight,18560,128,512,65536,0,65504,0,262144,262080,True
model.safetensors,value_embeds.1.weight,18688,128,512,65536,0,65515,0,262144,262124,True
model.safetensors,value_embeds.1.weight,18816,128,512,65536,0,65520,0,262144,262144,True
model.safetensors,value_embeds.1.weight,18944,128,512,65536,0,65506,0,262144,262088,True
model.safetensors,value_embeds.1.weight,19072,128,512,65536,0,65506,0,262144,262088,True
model.safetensors,value_embeds.1.weight,19200,128,512,65536,0,65512,0,262144,262112,True
model.safetensors,value_embeds.1.weight,19328,128,512,65536,0,65506,0,262144,262088,True
model.safetensors,value_embeds.1.weight,19456,128,512,65536,0,65510,0,262144,262104,True
model.safetensors,value_embeds.1.weight,19584,128,512,65536,0,65499,0,262144,262060,True
model.safetensors,value_embeds.1.weight,19712,128,512,65536,0,65506,0,262144,262088,True
model.safetensors,value_embeds.1.weight,19840,128,512,65536,0,65514,0,262144,262120,True
model.safetensors,value_embeds.1.weight,19968,128,512,65536,0,65505,0,262144,262084,True
model.safetensors,value_embeds.1.weight,20096,128,512,65536,0,65512,0,262144,262112,True
model.safetensors,value_embeds.1.weight,20224,128,512,65536,0,65510,0,262144,262104,True
model.safetensors,value_embeds.1.weight,20352,128,512,65536,0,65501,0,262144,262068,True
model.safetensors,value_embeds.1.weight,20480,128,512,65536,0,65506,0,262144,262088,True
model.safetensors,value_embeds.1.weight,20608,128,512,65536,0,65502,0,262144,262072,True
model.safetensors,value_embeds.1.weight,20736,128,512,65536,0,65514,0,262144,262120,True
model.safetensors,value_embeds.1.weight,20864,128,512,65536,0,65508,0,262144,262096,True
model.safetensors,value_embeds.1.weight,20992,128,512,65536,0,65509,0,262144,262100,True
model.safetensors,value_embeds.1.weight,21120,128,512,65536,0,65516,0,262144,262128,True
model.safetensors,value_embeds.1.weight,21248,128,512,65536,0,65504,0,262144,262080,True
model.safetensors,value_embeds.1.weight,21376,128,512,65536,0,65513,0,262144,262116,True
model.safetensors,value_embeds.1.weight,21504,128,512,65536,0,65525,0,262144,262164,True
model.safetensors,value_embeds.1.weight,21632,128,512,65536,0,65507,0,262144,262092,True
model.safetensors,value_embeds.1.weight,21760,128,512,65536,0,65498,0,262144,262056,True
model.safetensors,value_embeds.1.weight,21888,128,512,65536,0,65502,0,262144,262072,True
model.safetensors,value_embeds.1.weight,22016,128,512,65536,0,65508,0,262144,262096,True
model.safetensors,value_embeds.1.weight,22144,128,512,65536,0,65509,0,262144,262100,True
model.safetensors,value_embeds.1.weight,22272,128,512,65536,0,65510,0,262144,262104,True
model.safetensors,value_embeds.1.weight,22400,128,512,65536,0,65510,0,262144,262104,True
model.safetensors,value_embeds.1.weight,22528,128,512,65536,0,65510,0,262144,262104,True
model.safetensors,value_embeds.1.weight,22656,128,512,65536,0,65503,0,262144,262076,True
model.safetensors,value_embeds.1.weight,22784,128,512,65536,0,65515,0,262144,262124,True
model.safetensors,value_embeds.1.weight,22912,128,512,65536,0,65510,0,262144,262104,True
model.safetensors,value_embeds.1.weight,23040,128,512,65536,0,65507,0,262144,262092,True
model.safetensors,value_embeds.1.weight,23168,128,512,65536,0,65508,0,262144,262096,True
model.safetensors,value_embeds.1.weight,23296,128,512,65536,0,65512,0,262144,262112,True
model.safetensors,value_embeds.1.weight,23424,128,512,65536,0,65514,0,262144,262120,True
model.safetensors,value_embeds.1.weight,23552,128,512,65536,0,65501,0,262144,262068,True
model.safetensors,value_embeds.1.weight,23680,128,512,65536,0,65494,0,262144,262040,True
model.safetensors,value_embeds.1.weight,23808,128,512,65536,0,65510,0,262144,262104,True
model.safetensors,value_embeds.1.weight,23936,128,512,65536,0,65520,0,262144,262144,True
model.safetensors,value_embeds.1.weight,24064,128,512,65536,0,65507,0,262144,262092,True
model.safetensors,value_embeds.1.weight,24192,128,512,65536,0,65509,0,262144,262100,True
model.safetensors,value_embeds.1.weight,24320,128,512,65536,0,65519,0,262144,262140,True
model.safetensors,value_embeds.1.weight,24448,128,512,65536,0,65518,0,262144,262136,True
model.safetensors,value_embeds.1.weight,24576,128,512,65536,0,65502,0,262144,262072,True
model.safetensors,value_embeds.1.weight,24704,128,512,65536,0,65513,0,262144,262116,True
model.safetensors,value_embeds.1.weight,24832,128,512,65536,0,65511,0,262144,262108,True
model.safetensors,value_embeds.1.weight,24960,128,512,65536,0,65503,0,262144,262076,True
model.safetensors,value_embeds.1.weight,25088,128,512,65536,0,65503,0,262144,262076,True
model.safetensors,value_embeds.1.weight,25216,128,512,65536,0,65514,0,262144,262120,True
model.safetensors,value_embeds.1.weight,25344,128,512,65536,0,65514,0,262144,262120,True
model.safetensors,value_embeds.1.weight,25472,128,512,65536,0,65500,0,262144,262064,True
model.safetensors,value_embeds.1.weight,25600,128,512,65536,0,65503,0,262144,262076,True
model.safetensors,value_embeds.1.weight,25728,128,512,65536,0,65512,0,262144,262112,True
model.safetensors,value_embeds.1.weight,25856,128,512,65536,0,65503,0,262144,262076,True
model.safetensors,value_embeds.1.weight,25984,128,512,65536,0,65511,0,262144,262108,True
model.safetensors,value_embeds.1.weight,26112,128,512,65536,0,65507,0,262144,262092,True
model.safetensors,value_embeds.1.weight,26240,128,512,65536,0,65512,0,262144,262112,True
model.safetensors,value_embeds.1.weight,26368,128,512,65536,0,65504,0,262144,262080,True
model.safetensors,value_embeds.1.weight,26496,128,512,65536,0,65507,0,262144,262092,True
model.safetensors,value_embeds.1.weight,26624,128,512,65536,0,65513,0,262144,262116,True
model.safetensors,value_embeds.1.weight,26752,128,512,65536,0,65518,0,262144,262136,True
model.safetensors,value_embeds.1.weight,26880,128,512,65536,0,65510,0,262144,262104,True
model.safetensors,value_embeds.1.weight,27008,128,512,65536,0,65509,0,262144,262100,True
model.safetensors,value_embeds.1.weight,27136,128,512,65536,0,65513,0,262144,262116,True
model.safetensors,value_embeds.1.weight,27264,128,512,65536,0,65503,0,262144,262076,True
model.safetensors,value_embeds.1.weight,27392,128,512,65536,0,65509,0,262144,262100,True
model.safetensors,value_embeds.1.weight,27520,128,512,65536,0,65505,0,262144,262084,True
model.safetensors,value_embeds.1.weight,27648,128,512,65536,0,65498,0,262144,262056,True
model.safetensors,value_embeds.1.weight,27776,128,512,65536,0,65498,0,262144,262056,True
model.safetensors,value_embeds.1.weight,27904,128,512,65536,0,65504,0,262144,262080,True
model.safetensors,value_embeds.1.weight,28032,128,512,65536,0,65503,0,262144,262076,True
model.safetensors,value_embeds.1.weight,28160,128,512,65536,0,65498,0,262144,262056,True
model.safetensors,value_embeds.1.weight,28288,128,512,65536,0,65504,0,262144,262080,True
model.safetensors,value_embeds.1.weight,28416,128,512,65536,0,65513,0,262144,262116,True
model.safetensors,value_embeds.1.weight,28544,128,512,65536,0,65505,0,262144,262084,True
model.safetensors,value_embeds.1.weight,28672,128,512,65536,0,65516,0,262144,262128,True
model.safetensors,value_embeds.1.weight,28800,128,512,65536,0,65516,0,262144,262128,True
model.safetensors,value_embeds.1.weight,28928,128,512,65536,0,65516,0,262144,262128,True
model.safetensors,value_embeds.1.weight,29056,128,512,65536,0,65500,0,262144,262064,True
model.safetensors,value_embeds.1.weight,29184,128,512,65536,0,65504,0,262144,262080,True
model.safetensors,value_embeds.1.weight,29312,128,512,65536,0,65516,0,262144,262128,True
model.safetensors,value_embeds.1.weight,29440,128,512,65536,0,65505,0,262144,262084,True
model.safetensors,value_embeds.1.weight,29568,128,512,65536,0,65519,0,262144,262140,True
model.safetensors,value_embeds.1.weight,29696,128,512,65536,0,65517,0,262144,262132,True
model.safetensors,value_embeds.1.weight,29824,128,512,65536,0,65508,0,262144,262096,True
model.safetensors,value_embeds.1.weight,29952,128,512,65536,0,65507,0,262144,262092,True
model.safetensors,value_embeds.1.weight,30080,128,512,65536,0,65511,0,262144,262108,True
model.safetensors,value_embeds.1.weight,30208,128,512,65536,0,65504,0,262144,262080,True
model.safetensors,value_embeds.1.weight,30336,128,512,65536,0,65509,0,262144,262100,True
model.safetensors,value_embeds.1.weight,30464,128,512,65536,0,65509,0,262144,262100,True
model.safetensors,value_embeds.1.weight,30592,128,512,65536,0,65512,0,262144,262112,True
model.safetensors,value_embeds.1.weight,30720,128,512,65536,0,65511,0,262144,262108,True
model.safetensors,value_embeds.1.weight,30848,128,512,65536,0,65518,0,262144,262136,True
model.safetensors,value_embeds.1.weight,30976,128,512,65536,0,65510,0,262144,262104,True
model.safetensors,value_embeds.1.weight,31104,128,512,65536,0,65511,0,262144,262108,True
model.safetensors,value_embeds.1.weight,31232,128,512,65536,0,65510,0,262144,262104,True
model.safetensors,value_embeds.1.weight,31360,128,512,65536,0,65513,0,262144,262116,True
model.safetensors,value_embeds.1.weight,31488,128,512,65536,0,65512,0,262144,262112,True
model.safetensors,value_embeds.1.weight,31616,128,512,65536,0,65507,0,262144,262092,True
model.safetensors,value_embeds.1.weight,31744,128,512,65536,0,65514,0,262144,262120,True
model.safetensors,value_embeds.1.weight,31872,128,512,65536,0,65507,0,262144,262092,True
model.safetensors,value_embeds.1.weight,32000,128,512,65536,0,65503,0,262144,262076,True
model.safetensors,value_embeds.1.weight,32128,128,512,65536,0,65510,0,262144,262104,True
model.safetensors,value_embeds.1.weight,32256,128,512,65536,0,65508,0,262144,262096,True
model.safetensors,value_embeds.1.weight,32384,128,512,65536,0,65505,0,262144,262084,True
model.safetensors,value_embeds.1.weight,32512,128,512,65536,0,65505,0,262144,262084,True
model.safetensors,value_embeds.1.weight,32640,128,512,65536,0,65503,0,262144,262076,True
model.safetensors,value_embeds.3.weight,0,128,512,65536,0,65511,0,262144,262108,True
model.safetensors,value_embeds.3.weight,128,128,512,65536,0,65511,0,262144,262108,True
model.safetensors,value_embeds.3.weight,256,128,512,65536,0,65514,0,262144,262120,True
model.safetensors,value_embeds.3.weight,384,128,512,65536,0,65507,0,262144,262092,True
model.safetensors,value_embeds.3.weight,512,128,512,65536,0,65506,0,262144,262088,True
model.safetensors,value_embeds.3.weight,640,128,512,65536,0,65512,0,262144,262112,True
model.safetensors,value_embeds.3.weight,768,128,512,65536,0,65513,0,262144,262116,True
model.safetensors,value_embeds.3.weight,896,128,512,65536,0,65514,0,262144,262120,True
model.safetensors,value_embeds.3.weight,1024,128,512,65536,0,65506,0,262144,262088,True
model.safetensors,value_embeds.3.weight,1152,128,512,65536,0,65511,0,262144,262108,True
model.safetensors,value_embeds.3.weight,1280,128,512,65536,0,65505,0,262144,262084,True
model.safetensors,value_embeds.3.weight,1408,128,512,65536,0,65501,0,262144,262068,True
model.safetensors,value_embeds.3.weight,1536,128,512,65536,0,65501,0,262144,262068,True
model.safetensors,value_embeds.3.weight,1664,128,512,65536,0,65510,0,262144,262104,True
model.safetensors,value_embeds.3.weight,1792,128,512,65536,0,65523,0,262144,262156,True
model.safetensors,value_embeds.3.weight,1920,128,512,65536,0,65513,0,262144,262116,True
model.safetensors,value_embeds.3.weight,2048,128,512,65536,0,65513,0,262144,262116,True
model.safetensors,value_embeds.3.weight,2176,128,512,65536,0,65512,0,262144,262112,True
model.safetensors,value_embeds.3.weight,2304,128,512,65536,0,65520,0,262144,262144,True
model.safetensors,value_embeds.3.weight,2432,128,512,65536,0,65515,0,262144,262124,True
model.safetensors,value_embeds.3.weight,2560,128,512,65536,0,65507,0,262144,262092,True
model.safetensors,value_embeds.3.weight,2688,128,512,65536,0,65509,0,262144,262100,True
model.safetensors,value_embeds.3.weight,2816,128,512,65536,0,65505,0,262144,262084,True
model.safetensors,value_embeds.3.weight,2944,128,512,65536,0,65503,0,262144,262076,True
model.safetensors,value_embeds.3.weight,3072,128,512,65536,0,65506,0,262144,262088,True
model.safetensors,value_embeds.3.weight,3200,128,512,65536,0,65513,0,262144,262116,True
model.safetensors,value_embeds.3.weight,3328,128,512,65536,0,65515,0,262144,262124,True
model.safetensors,value_embeds.3.weight,3456,128,512,65536,0,65510,0,262144,262104,True
model.safetensors,value_embeds.3.weight,3584,128,512,65536,0,65503,0,262144,262076,True
model.safetensors,value_embeds.3.weight,3712,128,512,65536,0,65519,0,262144,262140,True
model.safetensors,value_embeds.3.weight,3840,128,512,65536,0,65515,0,262144,262124,True
model.safetensors,value_embeds.3.weight,3968,128,512,65536,0,65507,0,262144,262092,True
model.safetensors,value_embeds.3.weight,4096,128,512,65536,0,65514,0,262144,262120,True
model.safetensors,value_embeds.3.weight,4224,128,512,65536,0,65511,0,262144,262108,True
model.safetensors,value_embeds.3.weight,4352,128,512,65536,0,65505,0,262144,262084,True
model.safetensors,value_embeds.3.weight,4480,128,512,65536,0,65506,0,262144,262088,True
model.safetensors,value_embeds.3.weight,4608,128,512,65536,0,65508,0,262144,262096,True
model.safetensors,value_embeds.3.weight,4736,128,512,65536,0,65503,0,262144,262076,True
model.safetensors,value_embeds.3.weight,4864,128,512,65536,0,65505,0,262144,262084,True
model.safetensors,value_embeds.3.weight,4992,128,512,65536,0,65500,0,262144,262064,True
model.safetensors,value_embeds.3.weight,5120,128,512,65536,0,65506,0,262144,262088,True
model.safetensors,value_embeds.3.weight,5248,128,512,65536,0,65516,0,262144,262128,True
model.safetensors,value_embeds.3.weight,5376,128,512,65536,0,65508,0,262144,262096,True
model.safetensors,value_embeds.3.weight,5504,128,512,65536,0,65513,0,262144,262116,True
model.safetensors,value_embeds.3.weight,5632,128,512,65536,0,65518,0,262144,262136,True
model.safetensors,value_embeds.3.weight,5760,128,512,65536,0,65520,0,262144,262144,True
model.safetensors,value_embeds.3.weight,5888,128,512,65536,0,65520,0,262144,262144,True
model.safetensors,value_embeds.3.weight,6016,128,512,65536,0,65515,0,262144,262124,True
model.safetensors,value_embeds.3.weight,6144,128,512,65536,0,65516,0,262144,262128,True
model.safetensors,value_embeds.3.weight,6272,128,512,65536,0,65512,0,262144,262112,True
model.safetensors,value_embeds.3.weight,6400,128,512,65536,0,65516,0,262144,262128,True
model.safetensors,value_embeds.3.weight,6528,128,512,65536,0,65515,0,262144,262124,True
model.safetensors,value_embeds.3.weight,6656,128,512,65536,0,65509,0,262144,262100,True
model.safetensors,value_embeds.3.weight,6784,128,512,65536,0,65512,0,262144,262112,True
model.safetensors,value_embeds.3.weight,6912,128,512,65536,0,65507,0,262144,262092,True
model.safetensors,value_embeds.3.weight,7040,128,512,65536,0,65520,0,262144,262144,True
model.safetensors,value_embeds.3.weight,7168,128,512,65536,0,65517,0,262144,262132,True
model.safetensors,value_embeds.3.weight,7296,128,512,65536,0,65514,0,262144,262120,True
model.safetensors,value_embeds.3.weight,7424,128,512,65536,0,65515,0,262144,262124,True
model.safetensors,value_embeds.3.weight,7552,128,512,65536,0,65514,0,262144,262120,True
model.safetensors,value_embeds.3.weight,7680,128,512,65536,0,65511,0,262144,262108,True
model.safetensors,value_embeds.3.weight,7808,128,512,65536,0,65511,0,262144,262108,True
model.safetensors,value_embeds.3.weight,7936,128,512,65536,0,65515,0,262144,262124,True
model.safetensors,value_embeds.3.weight,8064,128,512,65536,0,65511,0,262144,262108,True
model.safetensors,value_embeds.3.weight,8192,128,512,65536,0,65504,0,262144,262080,True
model.safetensors,value_embeds.3.weight,8320,128,512,65536,0,65509,0,262144,262100,True
model.safetensors,value_embeds.3.weight,8448,128,512,65536,0,65512,0,262144,262112,True
model.safetensors,value_embeds.3.weight,8576,128,512,65536,0,65510,0,262144,262104,True
model.safetensors,value_embeds.3.weight,8704,128,512,65536,0,65516,0,262144,262128,True
model.safetensors,value_embeds.3.weight,8832,128,512,65536,0,65516,0,262144,262128,True
model.safetensors,value_embeds.3.weight,8960,128,512,65536,0,65515,0,262144,262124,True
model.safetensors,value_embeds.3.weight,9088,128,512,65536,0,65502,0,262144,262072,True
model.safetensors,value_embeds.3.weight,9216,128,512,65536,0,65507,0,262144,262092,True
model.safetensors,value_embeds.3.weight,9344,128,512,65536,0,65512,0,262144,262112,True
model.safetensors,value_embeds.3.weight,9472,128,512,65536,0,65508,0,262144,262096,True
model.safetensors,value_embeds.3.weight,9600,128,512,65536,0,65512,0,262144,262112,True
model.safetensors,value_embeds.3.weight,9728,128,512,65536,0,65508,0,262144,262096,True
model.safetensors,value_embeds.3.weight,9856,128,512,65536,0,65518,0,262144,262136,True
model.safetensors,value_embeds.3.weight,9984,128,512,65536,0,65515,0,262144,262124,True
model.safetensors,value_embeds.3.weight,10112,128,512,65536,0,65510,0,262144,262104,True
model.safetensors,value_embeds.3.weight,10240,128,512,65536,0,65516,0,262144,262128,True
model.safetensors,value_embeds.3.weight,10368,128,512,65536,0,65511,0,262144,262108,True
model.safetensors,value_embeds.3.weight,10496,128,512,65536,0,65513,0,262144,262116,True
model.safetensors,value_embeds.3.weight,10624,128,512,65536,0,65507,0,262144,262092,True
model.safetensors,value_embeds.3.weight,10752,128,512,65536,0,65504,0,262144,262080,True
model.safetensors,value_embeds.3.weight,10880,128,512,65536,0,65508,0,262144,262096,True
model.safetensors,value_embeds.3.weight,11008,128,512,65536,0,65511,0,262144,262108,True
model.safetensors,value_embeds.3.weight,11136,128,512,65536,0,65512,0,262144,262112,True
model.safetensors,value_embeds.3.weight,11264,128,512,65536,0,65513,0,262144,262116,True
model.safetensors,value_embeds.3.weight,11392,128,512,65536,0,65510,0,262144,262104,True
model.safetensors,value_embeds.3.weight,11520,128,512,65536,0,65515,0,262144,262124,True
model.safetensors,value_embeds.3.weight,11648,128,512,65536,0,65514,0,262144,262120,True
model.safetensors,value_embeds.3.weight,11776,128,512,65536,0,65509,0,262144,262100,True
model.safetensors,value_embeds.3.weight,11904,128,512,65536,0,65516,0,262144,262128,True
model.safetensors,value_embeds.3.weight,12032,128,512,65536,0,65499,0,262144,262060,True
model.safetensors,value_embeds.3.weight,12160,128,512,65536,0,65501,0,262144,262068,True
model.safetensors,value_embeds.3.weight,12288,128,512,65536,0,65505,0,262144,262084,True
model.safetensors,value_embeds.3.weight,12416,128,512,65536,0,65512,0,262144,262112,True
model.safetensors,value_embeds.3.weight,12544,128,512,65536,0,65510,0,262144,262104,True
model.safetensors,value_embeds.3.weight,12672,128,512,65536,0,65501,0,262144,262068,True
model.safetensors,value_embeds.3.weight,12800,128,512,65536,0,65513,0,262144,262116,True
model.safetensors,value_embeds.3.weight,12928,128,512,65536,0,65513,0,262144,262116,True
model.safetensors,value_embeds.3.weight,13056,128,512,65536,0,65515,0,262144,262124,True
model.safetensors,value_embeds.3.weight,13184,128,512,65536,0,65518,0,262144,262136,True
model.safetensors,value_embeds.3.weight,13312,128,512,65536,0,65504,0,262144,262080,True
model.safetensors,value_embeds.3.weight,13440,128,512,65536,0,65499,0,262144,262060,True
model.safetensors,value_embeds.3.weight,13568,128,512,65536,0,65519,0,262144,262140,True
model.safetensors,value_embeds.3.weight,13696,128,512,65536,0,65497,0,262144,262052,True
model.safetensors,value_embeds.3.weight,13824,128,512,65536,0,65499,0,262144,262060,True
model.safetensors,value_embeds.3.weight,13952,128,512,65536,0,65513,0,262144,262116,True
model.safetensors,value_embeds.3.weight,14080,128,512,65536,0,65510,0,262144,262104,True
model.safetensors,value_embeds.3.weight,14208,128,512,65536,0,65515,0,262144,262124,True
model.safetensors,value_embeds.3.weight,14336,128,512,65536,0,65521,0,262144,262148,True
model.safetensors,value_embeds.3.weight,14464,128,512,65536,0,65505,0,262144,262084,True
model.safetensors,value_embeds.3.weight,14592,128,512,65536,0,65508,0,262144,262096,True
model.safetensors,value_embeds.3.weight,14720,128,512,65536,0,65506,0,262144,262088,True
model.safetensors,value_embeds.3.weight,14848,128,512,65536,0,65508,0,262144,262096,True
model.safetensors,value_embeds.3.weight,14976,128,512,65536,0,65517,0,262144,262132,True
model.safetensors,value_embeds.3.weight,15104,128,512,65536,0,65514,0,262144,262120,True
model.safetensors,value_embeds.3.weight,15232,128,512,65536,0,65514,0,262144,262120,True
model.safetensors,value_embeds.3.weight,15360,128,512,65536,0,65517,0,262144,262132,True
model.safetensors,value_embeds.3.weight,15488,128,512,65536,0,65512,0,262144,262112,True
model.safetensors,value_embeds.3.weight,15616,128,512,65536,0,65512,0,262144,262112,True
model.safetensors,value_embeds.3.weight,15744,128,512,65536,0,65511,0,262144,262108,True
model.safetensors,value_embeds.3.weight,15872,128,512,65536,0,65510,0,262144,262104,True
model.safetensors,value_embeds.3.weight,16000,128,512,65536,0,65506,0,262144,262088,True
model.safetensors,value_embeds.3.weight,16128,128,512,65536,0,65509,0,262144,262100,True
model.safetensors,value_embeds.3.weight,16256,128,512,65536,0,65510,0,262144,262104,True
model.safetensors,value_embeds.3.weight,16384,128,512,65536,0,65510,0,262144,262104,True
model.safetensors,value_embeds.3.weight,16512,128,512,65536,0,65517,0,262144,262132,True
model.safetensors,value_embeds.3.weight,16640,128,512,65536,0,65503,0,262144,262076,True
model.safetensors,value_embeds.3.weight,16768,128,512,65536,0,65510,0,262144,262104,True
model.safetensors,value_embeds.3.weight,16896,128,512,65536,0,65510,0,262144,262104,True
model.safetensors,value_embeds.3.weight,17024,128,512,65536,0,65503,0,262144,262076,True
model.safetensors,value_embeds.3.weight,17152,128,512,65536,0,65504,0,262144,262080,True
model.safetensors,value_embeds.3.weight,17280,128,512,65536,0,65510,0,262144,262104,True
model.safetensors,value_embeds.3.weight,17408,128,512,65536,0,65502,0,262144,262072,True
model.safetensors,value_embeds.3.weight,17536,128,512,65536,0,65513,0,262144,262116,True
model.safetensors,value_embeds.3.weight,17664,128,512,65536,0,65506,0,262144,262088,True
model.safetensors,value_embeds.3.weight,17792,128,512,65536,0,65511,0,262144,262108,True
model.safetensors,value_embeds.3.weight,17920,128,512,65536,0,65516,0,262144,262128,True
model.safetensors,value_embeds.3.weight,18048,128,512,65536,0,65500,0,262144,262064,True
model.safetensors,value_embeds.3.weight,18176,128,512,65536,0,65511,0,262144,262108,True
model.safetensors,value_embeds.3.weight,18304,128,512,65536,0,65512,0,262144,262112,True
model.safetensors,value_embeds.3.weight,18432,128,512,65536,0,65507,0,262144,262092,True
model.safetensors,value_embeds.3.weight,18560,128,512,65536,0,65504,0,262144,262080,True
model.safetensors,value_embeds.3.weight,18688,128,512,65536,0,65516,0,262144,262128,True
model.safetensors,value_embeds.3.weight,18816,128,512,65536,0,65511,0,262144,262108,True
model.safetensors,value_embeds.3.weight,18944,128,512,65536,0,65511,0,262144,262108,True
model.safetensors,value_embeds.3.weight,19072,128,512,65536,0,65516,0,262144,262128,True
model.safetensors,value_embeds.3.weight,19200,128,512,65536,0,65513,0,262144,262116,True
model.safetensors,value_embeds.3.weight,19328,128,512,65536,0,65509,0,262144,262100,True
model.safetensors,value_embeds.3.weight,19456,128,512,65536,0,65508,0,262144,262096,True
model.safetensors,value_embeds.3.weight,19584,128,512,65536,0,65499,0,262144,262060,True
model.safetensors,value_embeds.3.weight,19712,128,512,65536,0,65502,0,262144,262072,True
model.safetensors,value_embeds.3.weight,19840,128,512,65536,0,65513,0,262144,262116,True
model.safetensors,value_embeds.3.weight,19968,128,512,65536,0,65510,0,262144,262104,True
model.safetensors,value_embeds.3.weight,20096,128,512,65536,0,65513,0,262144,262116,True
model.safetensors,value_embeds.3.weight,20224,128,512,65536,0,65515,0,262144,262124,True
model.safetensors,value_embeds.3.weight,20352,128,512,65536,0,65504,0,262144,262080,True
model.safetensors,value_embeds.3.weight,20480,128,512,65536,0,65513,0,262144,262116,True
model.safetensors,value_embeds.3.weight,20608,128,512,65536,0,65517,0,262144,262132,True
model.safetensors,value_embeds.3.weight,20736,128,512,65536,0,65509,0,262144,262100,True
model.safetensors,value_embeds.3.weight,20864,128,512,65536,0,65502,0,262144,262072,True
model.safetensors,value_embeds.3.weight,20992,128,512,65536,0,65513,0,262144,262116,True
model.safetensors,value_embeds.3.weight,21120,128,512,65536,0,65501,0,262144,262068,True
model.safetensors,value_embeds.3.weight,21248,128,512,65536,0,65505,0,262144,262084,True
model.safetensors,value_embeds.3.weight,21376,128,512,65536,0,65507,0,262144,262092,True
model.safetensors,value_embeds.3.weight,21504,128,512,65536,0,65513,0,262144,262116,True
model.safetensors,value_embeds.3.weight,21632,128,512,65536,0,65506,0,262144,262088,True
model.safetensors,value_embeds.3.weight,21760,128,512,65536,0,65511,0,262144,262108,True
model.safetensors,value_embeds.3.weight,21888,128,512,65536,0,65500,0,262144,262064,True
model.safetensors,value_embeds.3.weight,22016,128,512,65536,0,65515,0,262144,262124,True
model.safetensors,value_embeds.3.weight,22144,128,512,65536,0,65509,0,262144,262100,True
model.safetensors,value_embeds.3.weight,22272,128,512,65536,0,65501,0,262144,262068,True
model.safetensors,value_embeds.3.weight,22400,128,512,65536,0,65513,0,262144,262116,True
model.safetensors,value_embeds.3.weight,22528,128,512,65536,0,65511,0,262144,262108,True
model.safetensors,value_embeds.3.weight,22656,128,512,65536,0,65506,0,262144,262088,True
model.safetensors,value_embeds.3.weight,22784,128,512,65536,0,65511,0,262144,262108,True
model.safetensors,value_embeds.3.weight,22912,128,512,65536,0,65506,0,262144,262088,True
model.safetensors,value_embeds.3.weight,23040,128,512,65536,0,65513,0,262144,262116,True
model.safetensors,value_embeds.3.weight,23168,128,512,65536,0,65510,0,262144,262104,True
model.safetensors,value_embeds.3.weight,23296,128,512,65536,0,65505,0,262144,262084,True
model.safetensors,value_embeds.3.weight,23424,128,512,65536,0,65504,0,262144,262080,True
model.safetensors,value_embeds.3.weight,23552,128,512,65536,0,65502,0,262144,262072,True
model.safetensors,value_embeds.3.weight,23680,128,512,65536,0,65513,0,262144,262116,True
model.safetensors,value_embeds.3.weight,23808,128,512,65536,0,65508,0,262144,262096,True
model.safetensors,value_embeds.3.weight,23936,128,512,65536,0,65511,0,262144,262108,True
model.safetensors,value_embeds.3.weight,24064,128,512,65536,0,65509,0,262144,262100,True
model.safetensors,value_embeds.3.weight,24192,128,512,65536,0,65514,0,262144,262120,True
model.safetensors,value_embeds.3.weight,24320,128,512,65536,0,65512,0,262144,262112,True
model.safetensors,value_embeds.3.weight,24448,128,512,65536,0,65509,0,262144,262100,True
model.safetensors,value_embeds.3.weight,24576,128,512,65536,0,65508,0,262144,262096,True
model.safetensors,value_embeds.3.weight,24704,128,512,65536,0,65508,0,262144,262096,True
model.safetensors,value_embeds.3.weight,24832,128,512,65536,0,65504,0,262144,262080,True
model.safetensors,value_embeds.3.weight,24960,128,512,65536,0,65509,0,262144,262100,True
model.safetensors,value_embeds.3.weight,25088,128,512,65536,0,65504,0,262144,262080,True
model.safetensors,value_embeds.3.weight,25216,128,512,65536,0,65512,0,262144,262112,True
model.safetensors,value_embeds.3.weight,25344,128,512,65536,0,65501,0,262144,262068,True
model.safetensors,value_embeds.3.weight,25472,128,512,65536,0,65507,0,262144,262092,True
model.safetensors,value_embeds.3.weight,25600,128,512,65536,0,65517,0,262144,262132,True
model.safetensors,value_embeds.3.weight,25728,128,512,65536,0,65511,0,262144,262108,True
model.safetensors,value_embeds.3.weight,25856,128,512,65536,0,65513,0,262144,262116,True
model.safetensors,value_embeds.3.weight,25984,128,512,65536,0,65514,0,262144,262120,True
model.safetensors,value_embeds.3.weight,26112,128,512,65536,0,65512,0,262144,262112,True
model.safetensors,value_embeds.3.weight,26240,128,512,65536,0,65503,0,262144,262076,True
model.safetensors,value_embeds.3.weight,26368,128,512,65536,0,65512,0,262144,262112,True
model.safetensors,value_embeds.3.weight,26496,128,512,65536,0,65514,0,262144,262120,True
model.safetensors,value_embeds.3.weight,26624,128,512,65536,0,65507,0,262144,262092,True
model.safetensors,value_embeds.3.weight,26752,128,512,65536,0,65509,0,262144,262100,True
model.safetensors,value_embeds.3.weight,26880,128,512,65536,0,65512,0,262144,262112,True
model.safetensors,value_embeds.3.weight,27008,128,512,65536,0,65505,0,262144,262084,True
model.safetensors,value_embeds.3.weight,27136,128,512,65536,0,65510,0,262144,262104,True
model.safetensors,value_embeds.3.weight,27264,128,512,65536,0,65500,0,262144,262064,True
model.safetensors,value_embeds.3.weight,27392,128,512,65536,0,65504,0,262144,262080,True
model.safetensors,value_embeds.3.weight,27520,128,512,65536,0,65496,0,262144,262048,True
model.safetensors,value_embeds.3.weight,27648,128,512,65536,0,65515,0,262144,262124,True
model.safetensors,value_embeds.3.weight,27776,128,512,65536,0,65502,0,262144,262072,True
model.safetensors,value_embeds.3.weight,27904,128,512,65536,0,65507,0,262144,262092,True
model.safetensors,value_embeds.3.weight,28032,128,512,65536,0,65508,0,262144,262096,True
model.safetensors,value_embeds.3.weight,28160,128,512,65536,0,65504,0,262144,262080,True
model.safetensors,value_embeds.3.weight,28288,128,512,65536,0,65521,0,262144,262148,True
model.safetensors,value_embeds.3.weight,28416,128,512,65536,0,65513,0,262144,262116,True
model.safetensors,value_embeds.3.weight,28544,128,512,65536,0,65510,0,262144,262104,True
model.safetensors,value_embeds.3.weight,28672,128,512,65536,0,65506,0,262144,262088,True
model.safetensors,value_embeds.3.weight,28800,128,512,65536,0,65512,0,262144,262112,True
model.safetensors,value_embeds.3.weight,28928,128,512,65536,0,65503,0,262144,262076,True
model.safetensors,value_embeds.3.weight,29056,128,512,65536,0,65505,0,262144,262084,True
model.safetensors,value_embeds.3.weight,29184,128,512,65536,0,65506,0,262144,262088,True
model.safetensors,value_embeds.3.weight,29312,128,512,65536,0,65511,0,262144,262108,True
model.safetensors,value_embeds.3.weight,29440,128,512,65536,0,65503,0,262144,262076,True
model.safetensors,value_embeds.3.weight,29568,128,512,65536,0,65515,0,262144,262124,True
model.safetensors,value_embeds.3.weight,29696,128,512,65536,0,65511,0,262144,262108,True
model.safetensors,value_embeds.3.weight,29824,128,512,65536,0,65518,0,262144,262136,True
model.safetensors,value_embeds.3.weight,29952,128,512,65536,0,65515,0,262144,262124,True
model.safetensors,value_embeds.3.weight,30080,128,512,65536,0,65511,0,262144,262108,True
model.safetensors,value_embeds.3.weight,30208,128,512,65536,0,65514,0,262144,262120,True
model.safetensors,value_embeds.3.weight,30336,128,512,65536,0,65512,0,262144,262112,True
model.safetensors,value_embeds.3.weight,30464,128,512,65536,0,65505,0,262144,262084,True
model.safetensors,value_embeds.3.weight,30592,128,512,65536,0,65511,0,262144,262108,True
model.safetensors,value_embeds.3.weight,30720,128,512,65536,0,65509,0,262144,262100,True
model.safetensors,value_embeds.3.weight,30848,128,512,65536,0,65508,0,262144,262096,True
model.safetensors,value_embeds.3.weight,30976,128,512,65536,0,65506,0,262144,262088,True
model.safetensors,value_embeds.3.weight,31104,128,512,65536,0,65499,0,262144,262060,True
model.safetensors,value_embeds.3.weight,31232,128,512,65536,0,65512,0,262144,262112,True
model.safetensors,value_embeds.3.weight,31360,128,512,65536,0,65506,0,262144,262088,True
model.safetensors,value_embeds.3.weight,31488,128,512,65536,0,65505,0,262144,262084,True
model.safetensors,value_embeds.3.weight,31616,128,512,65536,0,65513,0,262144,262116,True
model.safetensors,value_embeds.3.weight,31744,128,512,65536,0,65510,0,262144,262104,True
model.safetensors,value_embeds.3.weight,31872,128,512,65536,0,65510,0,262144,262104,True
model.safetensors,value_embeds.3.weight,32000,128,512,65536,0,65503,0,262144,262076,True
model.safetensors,value_embeds.3.weight,32128,128,512,65536,0,65502,0,262144,262072,True
model.safetensors,value_embeds.3.weight,32256,128,512,65536,0,65511,0,262144,262108,True
model.safetensors,value_embeds.3.weight,32384,128,512,65536,0,65515,0,262144,262124,True
model.safetensors,value_embeds.3.weight,32512,128,512,65536,0,65511,0,262144,262108,True
model.safetensors,value_embeds.3.weight,32640,128,512,65536,0,65514,0,262144,262120,True
model.safetensors,value_embeds.5.weight,0,128,512,65536,0,65522,0,262144,262152,True
model.safetensors,value_embeds.5.weight,128,128,512,65536,0,65507,0,262144,262092,True
model.safetensors,value_embeds.5.weight,256,128,512,65536,0,65512,0,262144,262112,True
model.safetensors,value_embeds.5.weight,384,128,512,65536,0,65510,0,262144,262104,True
model.safetensors,value_embeds.5.weight,512,128,512,65536,0,65512,0,262144,262112,True
model.safetensors,value_embeds.5.weight,640,128,512,65536,0,65513,0,262144,262116,True
model.safetensors,value_embeds.5.weight,768,128,512,65536,0,65512,0,262144,262112,True
model.safetensors,value_embeds.5.weight,896,128,512,65536,0,65513,0,262144,262116,True
model.safetensors,value_embeds.5.weight,1024,128,512,65536,0,65515,0,262144,262124,True
model.safetensors,value_embeds.5.weight,1152,128,512,65536,0,65503,0,262144,262076,True
model.safetensors,value_embeds.5.weight,1280,128,512,65536,0,65504,0,262144,262080,True
model.safetensors,value_embeds.5.weight,1408,128,512,65536,0,65510,0,262144,262104,True
model.safetensors,value_embeds.5.weight,1536,128,512,65536,0,65516,0,262144,262128,True
model.safetensors,value_embeds.5.weight,1664,128,512,65536,0,65513,0,262144,262116,True
model.safetensors,value_embeds.5.weight,1792,128,512,65536,0,65515,0,262144,262124,True
model.safetensors,value_embeds.5.weight,1920,128,512,65536,0,65510,0,262144,262104,True
model.safetensors,value_embeds.5.weight,2048,128,512,65536,0,65513,0,262144,262116,True
model.safetensors,value_embeds.5.weight,2176,128,512,65536,0,65516,0,262144,262128,True
model.safetensors,value_embeds.5.weight,2304,128,512,65536,0,65510,0,262144,262104,True
model.safetensors,value_embeds.5.weight,2432,128,512,65536,0,65509,0,262144,262100,True
model.safetensors,value_embeds.5.weight,2560,128,512,65536,0,65511,0,262144,262108,True
model.safetensors,value_embeds.5.weight,2688,128,512,65536,0,65511,0,262144,262108,True
model.safetensors,value_embeds.5.weight,2816,128,512,65536,0,65508,0,262144,262096,True
model.safetensors,value_embeds.5.weight,2944,128,512,65536,0,65506,0,262144,262088,True
model.safetensors,value_embeds.5.weight,3072,128,512,65536,0,65523,0,262144,262156,True
model.safetensors,value_embeds.5.weight,3200,128,512,65536,0,65514,0,262144,262120,True
model.safetensors,value_embeds.5.weight,3328,128,512,65536,0,65516,0,262144,262128,True
model.safetensors,value_embeds.5.weight,3456,128,512,65536,0,65507,0,262144,262092,True
model.safetensors,value_embeds.5.weight,3584,128,512,65536,0,65510,0,262144,262104,True
model.safetensors,value_embeds.5.weight,3712,128,512,65536,0,65513,0,262144,262116,True
model.safetensors,value_embeds.5.weight,3840,128,512,65536,0,65511,0,262144,262108,True
model.safetensors,value_embeds.5.weight,3968,128,512,65536,0,65508,0,262144,262096,True
model.safetensors,value_embeds.5.weight,4096,128,512,65536,0,65511,0,262144,262108,True
model.safetensors,value_embeds.5.weight,4224,128,512,65536,0,65509,0,262144,262100,True
model.safetensors,value_embeds.5.weight,4352,128,512,65536,0,65504,0,262144,262080,True
model.safetensors,value_embeds.5.weight,4480,128,512,65536,0,65514,0,262144,262120,True
model.safetensors,value_embeds.5.weight,4608,128,512,65536,0,65515,0,262144,262124,True
model.safetensors,value_embeds.5.weight,4736,128,512,65536,0,65504,0,262144,262080,True
model.safetensors,value_embeds.5.weight,4864,128,512,65536,0,65505,0,262144,262084,True
model.safetensors,value_embeds.5.weight,4992,128,512,65536,0,65515,0,262144,262124,True
model.safetensors,value_embeds.5.weight,5120,128,512,65536,0,65516,0,262144,262128,True
model.safetensors,value_embeds.5.weight,5248,128,512,65536,0,65506,0,262144,262088,True
model.safetensors,value_embeds.5.weight,5376,128,512,65536,0,65515,0,262144,262124,True
model.safetensors,value_embeds.5.weight,5504,128,512,65536,0,65511,0,262144,262108,True
model.safetensors,value_embeds.5.weight,5632,128,512,65536,0,65515,0,262144,262124,True
model.safetensors,value_embeds.5.weight,5760,128,512,65536,0,65513,0,262144,262116,True
model.safetensors,value_embeds.5.weight,5888,128,512,65536,0,65512,0,262144,262112,True
model.safetensors,value_embeds.5.weight,6016,128,512,65536,0,65506,0,262144,262088,True
model.safetensors,value_embeds.5.weight,6144,128,512,65536,0,65513,0,262144,262116,True
model.safetensors,value_embeds.5.weight,6272,128,512,65536,0,65511,0,262144,262108,True
model.safetensors,value_embeds.5.weight,6400,128,512,65536,0,65514,0,262144,262120,True
model.safetensors,value_embeds.5.weight,6528,128,512,65536,0,65520,0,262144,262144,True
model.safetensors,value_embeds.5.weight,6656,128,512,65536,0,65511,0,262144,262108,True
model.safetensors,value_embeds.5.weight,6784,128,512,65536,0,65504,0,262144,262080,True
model.safetensors,value_embeds.5.weight,6912,128,512,65536,0,65511,0,262144,262108,True
model.safetensors,value_embeds.5.weight,7040,128,512,65536,0,65510,0,262144,262104,True
model.safetensors,value_embeds.5.weight,7168,128,512,65536,0,65503,0,262144,262076,True
model.safetensors,value_embeds.5.weight,7296,128,512,65536,0,65507,0,262144,262092,True
model.safetensors,value_embeds.5.weight,7424,128,512,65536,0,65502,0,262144,262072,True
model.safetensors,value_embeds.5.weight,7552,128,512,65536,0,65516,0,262144,262128,True
model.safetensors,value_embeds.5.weight,7680,128,512,65536,0,65504,0,262144,262080,True
model.safetensors,value_embeds.5.weight,7808,128,512,65536,0,65494,0,262144,262040,True
model.safetensors,value_embeds.5.weight,7936,128,512,65536,0,65510,0,262144,262104,True
model.safetensors,value_embeds.5.weight,8064,128,512,65536,0,65506,0,262144,262088,True
model.safetensors,value_embeds.5.weight,8192,128,512,65536,0,65509,0,262144,262100,True
model.safetensors,value_embeds.5.weight,8320,128,512,65536,0,65509,0,262144,262100,True
model.safetensors,value_embeds.5.weight,8448,128,512,65536,0,65513,0,262144,262116,True
model.safetensors,value_embeds.5.weight,8576,128,512,65536,0,65512,0,262144,262112,True
model.safetensors,value_embeds.5.weight,8704,128,512,65536,0,65511,0,262144,262108,True
model.safetensors,value_embeds.5.weight,8832,128,512,65536,0,65516,0,262144,262128,True
model.safetensors,value_embeds.5.weight,8960,128,512,65536,0,65508,0,262144,262096,True
model.safetensors,value_embeds.5.weight,9088,128,512,65536,0,65509,0,262144,262100,True
model.safetensors,value_embeds.5.weight,9216,128,512,65536,0,65509,0,262144,262100,True
model.safetensors,value_embeds.5.weight,9344,128,512,65536,0,65500,0,262144,262064,True
model.safetensors,value_embeds.5.weight,9472,128,512,65536,0,65503,0,262144,262076,True
model.safetensors,value_embeds.5.weight,9600,128,512,65536,0,65506,0,262144,262088,True
model.safetensors,value_embeds.5.weight,9728,128,512,65536,0,65514,0,262144,262120,True
model.safetensors,value_embeds.5.weight,9856,128,512,65536,0,65512,0,262144,262112,True
model.safetensors,value_embeds.5.weight,9984,128,512,65536,0,65509,0,262144,262100,True
model.safetensors,value_embeds.5.weight,10112,128,512,65536,0,65508,0,262144,262096,True
model.safetensors,value_embeds.5.weight,10240,128,512,65536,0,65500,0,262144,262064,True
model.safetensors,value_embeds.5.weight,10368,128,512,65536,0,65519,0,262144,262140,True
model.safetensors,value_embeds.5.weight,10496,128,512,65536,0,65517,0,262144,262132,True
model.safetensors,value_embeds.5.weight,10624,128,512,65536,0,65511,0,262144,262108,True
model.safetensors,value_embeds.5.weight,10752,128,512,65536,0,65505,0,262144,262084,True
model.safetensors,value_embeds.5.weight,10880,128,512,65536,0,65501,0,262144,262068,True
model.safetensors,value_embeds.5.weight,11008,128,512,65536,0,65509,0,262144,262100,True
model.safetensors,value_embeds.5.weight,11136,128,512,65536,0,65512,0,262144,262112,True
model.safetensors,value_embeds.5.weight,11264,128,512,65536,0,65511,0,262144,262108,True
model.safetensors,value_embeds.5.weight,11392,128,512,65536,0,65506,0,262144,262088,True
model.safetensors,value_embeds.5.weight,11520,128,512,65536,0,65512,0,262144,262112,True
model.safetensors,value_embeds.5.weight,11648,128,512,65536,0,65504,0,262144,262080,True
model.safetensors,value_embeds.5.weight,11776,128,512,65536,0,65512,0,262144,262112,True
model.safetensors,value_embeds.5.weight,11904,128,512,65536,0,65507,0,262144,262092,True
model.safetensors,value_embeds.5.weight,12032,128,512,65536,0,65507,0,262144,262092,True
model.safetensors,value_embeds.5.weight,12160,128,512,65536,0,65512,0,262144,262112,True
model.safetensors,value_embeds.5.weight,12288,128,512,65536,0,65515,0,262144,262124,True
model.safetensors,value_embeds.5.weight,12416,128,512,65536,0,65511,0,262144,262108,True
model.safetensors,value_embeds.5.weight,12544,128,512,65536,0,65507,0,262144,262092,True
model.safetensors,value_embeds.5.weight,12672,128,512,65536,0,65509,0,262144,262100,True
model.safetensors,value_embeds.5.weight,12800,128,512,65536,0,65507,0,262144,262092,True
model.safetensors,value_embeds.5.weight,12928,128,512,65536,0,65507,0,262144,262092,True
model.safetensors,value_embeds.5.weight,13056,128,512,65536,0,65513,0,262144,262116,True
model.safetensors,value_embeds.5.weight,13184,128,512,65536,0,65508,0,262144,262096,True
model.safetensors,value_embeds.5.weight,13312,128,512,65536,0,65506,0,262144,262088,True
model.safetensors,value_embeds.5.weight,13440,128,512,65536,0,65515,0,262144,262124,True
model.safetensors,value_embeds.5.weight,13568,128,512,65536,0,65508,0,262144,262096,True
model.safetensors,value_embeds.5.weight,13696,128,512,65536,0,65512,0,262144,262112,True
model.safetensors,value_embeds.5.weight,13824,128,512,65536,0,65512,0,262144,262112,True
model.safetensors,value_embeds.5.weight,13952,128,512,65536,0,65508,0,262144,262096,True
model.safetensors,value_embeds.5.weight,14080,128,512,65536,0,65507,0,262144,262092,True
model.safetensors,value_embeds.5.weight,14208,128,512,65536,0,65502,0,262144,262072,True
model.safetensors,value_embeds.5.weight,14336,128,512,65536,0,65510,0,262144,262104,True
model.safetensors,value_embeds.5.weight,14464,128,512,65536,0,65513,0,262144,262116,True
model.safetensors,value_embeds.5.weight,14592,128,512,65536,0,65506,0,262144,262088,True
model.safetensors,value_embeds.5.weight,14720,128,512,65536,0,65507,0,262144,262092,True
model.safetensors,value_embeds.5.weight,14848,128,512,65536,0,65505,0,262144,262084,True
model.safetensors,value_embeds.5.weight,14976,128,512,65536,0,65515,0,262144,262124,True
model.safetensors,value_embeds.5.weight,15104,128,512,65536,0,65504,0,262144,262080,True
model.safetensors,value_embeds.5.weight,15232,128,512,65536,0,65508,0,262144,262096,True
model.safetensors,value_embeds.5.weight,15360,128,512,65536,0,65519,0,262144,262140,True
model.safetensors,value_embeds.5.weight,15488,128,512,65536,0,65509,0,262144,262100,True
model.safetensors,value_embeds.5.weight,15616,128,512,65536,0,65510,0,262144,262104,True
model.safetensors,value_embeds.5.weight,15744,128,512,65536,0,65496,0,262144,262048,True
model.safetensors,value_embeds.5.weight,15872,128,512,65536,0,65509,0,262144,262100,True
model.safetensors,value_embeds.5.weight,16000,128,512,65536,0,65514,0,262144,262120,True
model.safetensors,value_embeds.5.weight,16128,128,512,65536,0,65514,0,262144,262120,True
model.safetensors,value_embeds.5.weight,16256,128,512,65536,0,65512,0,262144,262112,True
model.safetensors,value_embeds.5.weight,16384,128,512,65536,0,65514,0,262144,262120,True
model.safetensors,value_embeds.5.weight,16512,128,512,65536,0,65504,0,262144,262080,True
model.safetensors,value_embeds.5.weight,16640,128,512,65536,0,65510,0,262144,262104,True
model.safetensors,value_embeds.5.weight,16768,128,512,65536,0,65515,0,262144,262124,True
model.safetensors,value_embeds.5.weight,16896,128,512,65536,0,65502,0,262144,262072,True
model.safetensors,value_embeds.5.weight,17024,128,512,65536,0,65510,0,262144,262104,True
model.safetensors,value_embeds.5.weight,17152,128,512,65536,0,65522,0,262144,262152,True
model.safetensors,value_embeds.5.weight,17280,128,512,65536,0,65506,0,262144,262088,True
model.safetensors,value_embeds.5.weight,17408,128,512,65536,0,65513,0,262144,262116,True
model.safetensors,value_embeds.5.weight,17536,128,512,65536,0,65501,0,262144,262068,True
model.safetensors,value_embeds.5.weight,17664,128,512,65536,0,65503,0,262144,262076,True
model.safetensors,value_embeds.5.weight,17792,128,512,65536,0,65499,0,262144,262060,True
model.safetensors,value_embeds.5.weight,17920,128,512,65536,0,65506,0,262144,262088,True
model.safetensors,value_embeds.5.weight,18048,128,512,65536,0,65508,0,262144,262096,True
model.safetensors,value_embeds.5.weight,18176,128,512,65536,0,65504,0,262144,262080,True
model.safetensors,value_embeds.5.weight,18304,128,512,65536,0,65520,0,262144,262144,True
model.safetensors,value_embeds.5.weight,18432,128,512,65536,0,65501,0,262144,262068,True
model.safetensors,value_embeds.5.weight,18560,128,512,65536,0,65507,0,262144,262092,True
model.safetensors,value_embeds.5.weight,18688,128,512,65536,0,65514,0,262144,262120,True
model.safetensors,value_embeds.5.weight,18816,128,512,65536,0,65513,0,262144,262116,True
model.safetensors,value_embeds.5.weight,18944,128,512,65536,0,65513,0,262144,262116,True
model.safetensors,value_embeds.5.weight,19072,128,512,65536,0,65511,0,262144,262108,True
model.safetensors,value_embeds.5.weight,19200,128,512,65536,0,65500,0,262144,262064,True
model.safetensors,value_embeds.5.weight,19328,128,512,65536,0,65511,0,262144,262108,True
model.safetensors,value_embeds.5.weight,19456,128,512,65536,0,65509,0,262144,262100,True
model.safetensors,value_embeds.5.weight,19584,128,512,65536,0,65506,0,262144,262088,True
model.safetensors,value_embeds.5.weight,19712,128,512,65536,0,65510,0,262144,262104,True
model.safetensors,value_embeds.5.weight,19840,128,512,65536,0,65507,0,262144,262092,True
model.safetensors,value_embeds.5.weight,19968,128,512,65536,0,65513,0,262144,262116,True
model.safetensors,value_embeds.5.weight,20096,128,512,65536,0,65505,0,262144,262084,True
model.safetensors,value_embeds.5.weight,20224,128,512,65536,0,65516,0,262144,262128,True
model.safetensors,value_embeds.5.weight,20352,128,512,65536,0,65514,0,262144,262120,True
model.safetensors,value_embeds.5.weight,20480,128,512,65536,0,65507,0,262144,262092,True
model.safetensors,value_embeds.5.weight,20608,128,512,65536,0,65510,0,262144,262104,True
model.safetensors,value_embeds.5.weight,20736,128,512,65536,0,65507,0,262144,262092,True
model.safetensors,value_embeds.5.weight,20864,128,512,65536,0,65513,0,262144,262116,True
model.safetensors,value_embeds.5.weight,20992,128,512,65536,0,65502,0,262144,262072,True
model.safetensors,value_embeds.5.weight,21120,128,512,65536,0,65504,0,262144,262080,True
model.safetensors,value_embeds.5.weight,21248,128,512,65536,0,65510,0,262144,262104,True
model.safetensors,value_embeds.5.weight,21376,128,512,65536,0,65505,0,262144,262084,True
model.safetensors,value_embeds.5.weight,21504,128,512,65536,0,65513,0,262144,262116,True
model.safetensors,value_embeds.5.weight,21632,128,512,65536,0,65507,0,262144,262092,True
model.safetensors,value_embeds.5.weight,21760,128,512,65536,0,65505,0,262144,262084,True
model.safetensors,value_embeds.5.weight,21888,128,512,65536,0,65499,0,262144,262060,True
model.safetensors,value_embeds.5.weight,22016,128,512,65536,0,65501,0,262144,262068,True
model.safetensors,value_embeds.5.weight,22144,128,512,65536,0,65511,0,262144,262108,True
model.safetensors,value_embeds.5.weight,22272,128,512,65536,0,65508,0,262144,262096,True
model.safetensors,value_embeds.5.weight,22400,128,512,65536,0,65507,0,262144,262092,True
model.safetensors,value_embeds.5.weight,22528,128,512,65536,0,65513,0,262144,262116,True
model.safetensors,value_embeds.5.weight,22656,128,512,65536,0,65509,0,262144,262100,True
model.safetensors,value_embeds.5.weight,22784,128,512,65536,0,65514,0,262144,262120,True
model.safetensors,value_embeds.5.weight,22912,128,512,65536,0,65512,0,262144,262112,True
model.safetensors,value_embeds.5.weight,23040,128,512,65536,0,65507,0,262144,262092,True
model.safetensors,value_embeds.5.weight,23168,128,512,65536,0,65510,0,262144,262104,True
model.safetensors,value_embeds.5.weight,23296,128,512,65536,0,65515,0,262144,262124,True
model.safetensors,value_embeds.5.weight,23424,128,512,65536,0,65501,0,262144,262068,True
model.safetensors,value_embeds.5.weight,23552,128,512,65536,0,65506,0,262144,262088,True
model.safetensors,value_embeds.5.weight,23680,128,512,65536,0,65504,0,262144,262080,True
model.safetensors,value_embeds.5.weight,23808,128,512,65536,0,65503,0,262144,262076,True
model.safetensors,value_embeds.5.weight,23936,128,512,65536,0,65508,0,262144,262096,True
model.safetensors,value_embeds.5.weight,24064,128,512,65536,0,65499,0,262144,262060,True
model.safetensors,value_embeds.5.weight,24192,128,512,65536,0,65520,0,262144,262144,True
model.safetensors,value_embeds.5.weight,24320,128,512,65536,0,65517,0,262144,262132,True
model.safetensors,value_embeds.5.weight,24448,128,512,65536,0,65509,0,262144,262100,True
model.safetensors,value_embeds.5.weight,24576,128,512,65536,0,65509,0,262144,262100,True
model.safetensors,value_embeds.5.weight,24704,128,512,65536,0,65504,0,262144,262080,True
model.safetensors,value_embeds.5.weight,24832,128,512,65536,0,65512,0,262144,262112,True
model.safetensors,value_embeds.5.weight,24960,128,512,65536,0,65518,0,262144,262136,True
model.safetensors,value_embeds.5.weight,25088,128,512,65536,0,65510,0,262144,262104,True
model.safetensors,value_embeds.5.weight,25216,128,512,65536,0,65500,0,262144,262064,True
model.safetensors,value_embeds.5.weight,25344,128,512,65536,0,65511,0,262144,262108,True
model.safetensors,value_embeds.5.weight,25472,128,512,65536,0,65514,0,262144,262120,True
model.safetensors,value_embeds.5.weight,25600,128,512,65536,0,65504,0,262144,262080,True
model.safetensors,value_embeds.5.weight,25728,128,512,65536,0,65508,0,262144,262096,True
model.safetensors,value_embeds.5.weight,25856,128,512,65536,0,65504,0,262144,262080,True
model.safetensors,value_embeds.5.weight,25984,128,512,65536,0,65499,0,262144,262060,True
model.safetensors,value_embeds.5.weight,26112,128,512,65536,0,65505,0,262144,262084,True
model.safetensors,value_embeds.5.weight,26240,128,512,65536,0,65506,0,262144,262088,True
model.safetensors,value_embeds.5.weight,26368,128,512,65536,0,65509,0,262144,262100,True
model.safetensors,value_embeds.5.weight,26496,128,512,65536,0,65512,0,262144,262112,True
model.safetensors,value_embeds.5.weight,26624,128,512,65536,0,65501,0,262144,262068,True
model.safetensors,value_embeds.5.weight,26752,128,512,65536,0,65507,0,262144,262092,True
model.safetensors,value_embeds.5.weight,26880,128,512,65536,0,65511,0,262144,262108,True
model.safetensors,value_embeds.5.weight,27008,128,512,65536,0,65502,0,262144,262072,True
model.safetensors,value_embeds.5.weight,27136,128,512,65536,0,65506,0,262144,262088,True
model.safetensors,value_embeds.5.weight,27264,128,512,65536,0,65506,0,262144,262088,True
model.safetensors,value_embeds.5.weight,27392,128,512,65536,0,65510,0,262144,262104,True
model.safetensors,value_embeds.5.weight,27520,128,512,65536,0,65507,0,262144,262092,True
model.safetensors,value_embeds.5.weight,27648,128,512,65536,0,65507,0,262144,262092,True
model.safetensors,value_embeds.5.weight,27776,128,512,65536,0,65507,0,262144,262092,True
model.safetensors,value_embeds.5.weight,27904,128,512,65536,0,65509,0,262144,262100,True
model.safetensors,value_embeds.5.weight,28032,128,512,65536,0,65510,0,262144,262104,True
model.safetensors,value_embeds.5.weight,28160,128,512,65536,0,65506,0,262144,262088,True
model.safetensors,value_embeds.5.weight,28288,128,512,65536,0,65507,0,262144,262092,True
model.safetensors,value_embeds.5.weight,28416,128,512,65536,0,65511,0,262144,262108,True
model.safetensors,value_embeds.5.weight,28544,128,512,65536,0,65505,0,262144,262084,True
model.safetensors,value_embeds.5.weight,28672,128,512,65536,0,65506,0,262144,262088,True
model.safetensors,value_embeds.5.weight,28800,128,512,65536,0,65513,0,262144,262116,True
model.safetensors,value_embeds.5.weight,28928,128,512,65536,0,65512,0,262144,262112,True
model.safetensors,value_embeds.5.weight,29056,128,512,65536,0,65508,0,262144,262096,True
model.safetensors,value_embeds.5.weight,29184,128,512,65536,0,65501,0,262144,262068,True
model.safetensors,value_embeds.5.weight,29312,128,512,65536,0,65517,0,262144,262132,True
model.safetensors,value_embeds.5.weight,29440,128,512,65536,0,65512,0,262144,262112,True
model.safetensors,value_embeds.5.weight,29568,128,512,65536,0,65515,0,262144,262124,True
model.safetensors,value_embeds.5.weight,29696,128,512,65536,0,65509,0,262144,262100,True
model.safetensors,value_embeds.5.weight,29824,128,512,65536,0,65512,0,262144,262112,True
model.safetensors,value_embeds.5.weight,29952,128,512,65536,0,65502,0,262144,262072,True
model.safetensors,value_embeds.5.weight,30080,128,512,65536,0,65510,0,262144,262104,True
model.safetensors,value_embeds.5.weight,30208,128,512,65536,0,65507,0,262144,262092,True
model.safetensors,value_embeds.5.weight,30336,128,512,65536,0,65509,0,262144,262100,True
model.safetensors,value_embeds.5.weight,30464,128,512,65536,0,65512,0,262144,262112,True
model.safetensors,value_embeds.5.weight,30592,128,512,65536,0,65512,0,262144,262112,True
model.safetensors,value_embeds.5.weight,30720,128,512,65536,0,65507,0,262144,262092,True
model.safetensors,value_embeds.5.weight,30848,128,512,65536,0,65508,0,262144,262096,True
model.safetensors,value_embeds.5.weight,30976,128,512,65536,0,65507,0,262144,262092,True
model.safetensors,value_embeds.5.weight,31104,128,512,65536,0,65512,0,262144,262112,True
model.safetensors,value_embeds.5.weight,31232,128,512,65536,0,65508,0,262144,262096,True
model.safetensors,value_embeds.5.weight,31360,128,512,65536,0,65508,0,262144,262096,True
model.safetensors,value_embeds.5.weight,31488,128,512,65536,0,65516,0,262144,262128,True
model.safetensors,value_embeds.5.weight,31616,128,512,65536,0,65503,0,262144,262076,True
model.safetensors,value_embeds.5.weight,31744,128,512,65536,0,65509,0,262144,262100,True
model.safetensors,value_embeds.5.weight,31872,128,512,65536,0,65503,0,262144,262076,True
model.safetensors,value_embeds.5.weight,32000,128,512,65536,0,65507,0,262144,262092,True
model.safetensors,value_embeds.5.weight,32128,128,512,65536,0,65499,0,262144,262060,True
model.safetensors,value_embeds.5.weight,32256,128,512,65536,0,65501,0,262144,262068,True
model.safetensors,value_embeds.5.weight,32384,128,512,65536,0,65513,0,262144,262116,True
model.safetensors,value_embeds.5.weight,32512,128,512,65536,0,65510,0,262144,262104,True
model.safetensors,value_embeds.5.weight,32640,128,512,65536,0,65510,0,262144,262104,True
model.safetensors,value_embeds.7.weight,0,128,512,65536,0,65526,0,262144,262168,True
model.safetensors,value_embeds.7.weight,128,128,512,65536,0,65510,0,262144,262104,True
model.safetensors,value_embeds.7.weight,256,128,512,65536,0,65513,0,262144,262116,True
model.safetensors,value_embeds.7.weight,384,128,512,65536,0,65512,0,262144,262112,True
model.safetensors,value_embeds.7.weight,512,128,512,65536,0,65507,0,262144,262092,True
model.safetensors,value_embeds.7.weight,640,128,512,65536,0,65512,0,262144,262112,True
model.safetensors,value_embeds.7.weight,768,128,512,65536,0,65504,0,262144,262080,True
model.safetensors,value_embeds.7.weight,896,128,512,65536,0,65514,0,262144,262120,True
model.safetensors,value_embeds.7.weight,1024,128,512,65536,0,65507,0,262144,262092,True
model.safetensors,value_embeds.7.weight,1152,128,512,65536,0,65504,0,262144,262080,True
model.safetensors,value_embeds.7.weight,1280,128,512,65536,0,65519,0,262144,262140,True
model.safetensors,value_embeds.7.weight,1408,128,512,65536,0,65507,0,262144,262092,True
model.safetensors,value_embeds.7.weight,1536,128,512,65536,0,65511,0,262144,262108,True
model.safetensors,value_embeds.7.weight,1664,128,512,65536,0,65516,0,262144,262128,True
model.safetensors,value_embeds.7.weight,1792,128,512,65536,0,65505,0,262144,262084,True
model.safetensors,value_embeds.7.weight,1920,128,512,65536,0,65508,0,262144,262096,True
model.safetensors,value_embeds.7.weight,2048,128,512,65536,0,65506,0,262144,262088,True
model.safetensors,value_embeds.7.weight,2176,128,512,65536,0,65513,0,262144,262116,True
model.safetensors,value_embeds.7.weight,2304,128,512,65536,0,65503,0,262144,262076,True
model.safetensors,value_embeds.7.weight,2432,128,512,65536,0,65511,0,262144,262108,True
model.safetensors,value_embeds.7.weight,2560,128,512,65536,0,65517,0,262144,262132,True
model.safetensors,value_embeds.7.weight,2688,128,512,65536,0,65514,0,262144,262120,True
model.safetensors,value_embeds.7.weight,2816,128,512,65536,0,65502,0,262144,262072,True
model.safetensors,value_embeds.7.weight,2944,128,512,65536,0,65517,0,262144,262132,True
model.safetensors,value_embeds.7.weight,3072,128,512,65536,0,65515,0,262144,262124,True
model.safetensors,value_embeds.7.weight,3200,128,512,65536,0,65509,0,262144,262100,True
model.safetensors,value_embeds.7.weight,3328,128,512,65536,0,65510,0,262144,262104,True
model.safetensors,value_embeds.7.weight,3456,128,512,65536,0,65514,0,262144,262120,True
model.safetensors,value_embeds.7.weight,3584,128,512,65536,0,65510,0,262144,262104,True
model.safetensors,value_embeds.7.weight,3712,128,512,65536,0,65520,0,262144,262144,True
model.safetensors,value_embeds.7.weight,3840,128,512,65536,0,65518,0,262144,262136,True
model.safetensors,value_embeds.7.weight,3968,128,512,65536,0,65513,0,262144,262116,True
model.safetensors,value_embeds.7.weight,4096,128,512,65536,0,65521,0,262144,262148,True
model.safetensors,value_embeds.7.weight,4224,128,512,65536,0,65517,0,262144,262132,True
model.safetensors,value_embeds.7.weight,4352,128,512,65536,0,65517,0,262144,262132,True
model.safetensors,value_embeds.7.weight,4480,128,512,65536,0,65518,0,262144,262136,True
model.safetensors,value_embeds.7.weight,4608,128,512,65536,0,65511,0,262144,262108,True
model.safetensors,value_embeds.7.weight,4736,128,512,65536,0,65509,0,262144,262100,True
model.safetensors,value_embeds.7.weight,4864,128,512,65536,0,65512,0,262144,262112,True
model.safetensors,value_embeds.7.weight,4992,128,512,65536,0,65512,0,262144,262112,True
model.safetensors,value_embeds.7.weight,5120,128,512,65536,0,65514,0,262144,262120,True
model.safetensors,value_embeds.7.weight,5248,128,512,65536,0,65504,0,262144,262080,True
model.safetensors,value_embeds.7.weight,5376,128,512,65536,0,65512,0,262144,262112,True
model.safetensors,value_embeds.7.weight,5504,128,512,65536,0,65513,0,262144,262116,True
model.safetensors,value_embeds.7.weight,5632,128,512,65536,0,65519,0,262144,262140,True
model.safetensors,value_embeds.7.weight,5760,128,512,65536,0,65513,0,262144,262116,True
model.safetensors,value_embeds.7.weight,5888,128,512,65536,0,65512,0,262144,262112,True
model.safetensors,value_embeds.7.weight,6016,128,512,65536,0,65511,0,262144,262108,True
model.safetensors,value_embeds.7.weight,6144,128,512,65536,0,65509,0,262144,262100,True
model.safetensors,value_embeds.7.weight,6272,128,512,65536,0,65515,0,262144,262124,True
model.safetensors,value_embeds.7.weight,6400,128,512,65536,0,65514,0,262144,262120,True
model.safetensors,value_embeds.7.weight,6528,128,512,65536,0,65516,0,262144,262128,True
model.safetensors,value_embeds.7.weight,6656,128,512,65536,0,65511,0,262144,262108,True
model.safetensors,value_embeds.7.weight,6784,128,512,65536,0,65510,0,262144,262104,True
model.safetensors,value_embeds.7.weight,6912,128,512,65536,0,65501,0,262144,262068,True
model.safetensors,value_embeds.7.weight,7040,128,512,65536,0,65507,0,262144,262092,True
model.safetensors,value_embeds.7.weight,7168,128,512,65536,0,65504,0,262144,262080,True
model.safetensors,value_embeds.7.weight,7296,128,512,65536,0,65509,0,262144,262100,True
model.safetensors,value_embeds.7.weight,7424,128,512,65536,0,65506,0,262144,262088,True
model.safetensors,value_embeds.7.weight,7552,128,512,65536,0,65512,0,262144,262112,True
model.safetensors,value_embeds.7.weight,7680,128,512,65536,0,65520,0,262144,262144,True
model.safetensors,value_embeds.7.weight,7808,128,512,65536,0,65511,0,262144,262108,True
model.safetensors,value_embeds.7.weight,7936,128,512,65536,0,65509,0,262144,262100,True
model.safetensors,value_embeds.7.weight,8064,128,512,65536,0,65511,0,262144,262108,True
model.safetensors,value_embeds.7.weight,8192,128,512,65536,0,65509,0,262144,262100,True
model.safetensors,value_embeds.7.weight,8320,128,512,65536,0,65506,0,262144,262088,True
model.safetensors,value_embeds.7.weight,8448,128,512,65536,0,65505,0,262144,262084,True
model.safetensors,value_embeds.7.weight,8576,128,512,65536,0,65505,0,262144,262084,True
model.safetensors,value_embeds.7.weight,8704,128,512,65536,0,65508,0,262144,262096,True
model.safetensors,value_embeds.7.weight,8832,128,512,65536,0,65504,0,262144,262080,True
model.safetensors,value_embeds.7.weight,8960,128,512,65536,0,65510,0,262144,262104,True
model.safetensors,value_embeds.7.weight,9088,128,512,65536,0,65506,0,262144,262088,True
model.safetensors,value_embeds.7.weight,9216,128,512,65536,0,65510,0,262144,262104,True
model.safetensors,value_embeds.7.weight,9344,128,512,65536,0,65509,0,262144,262100,True
model.safetensors,value_embeds.7.weight,9472,128,512,65536,0,65505,0,262144,262084,True
model.safetensors,value_embeds.7.weight,9600,128,512,65536,0,65512,0,262144,262112,True
model.safetensors,value_embeds.7.weight,9728,128,512,65536,0,65521,0,262144,262148,True
model.safetensors,value_embeds.7.weight,9856,128,512,65536,0,65520,0,262144,262144,True
model.safetensors,value_embeds.7.weight,9984,128,512,65536,0,65510,0,262144,262104,True
model.safetensors,value_embeds.7.weight,10112,128,512,65536,0,65506,0,262144,262088,True
model.safetensors,value_embeds.7.weight,10240,128,512,65536,0,65518,0,262144,262136,True
model.safetensors,value_embeds.7.weight,10368,128,512,65536,0,65513,0,262144,262116,True
model.safetensors,value_embeds.7.weight,10496,128,512,65536,0,65511,0,262144,262108,True
model.safetensors,value_embeds.7.weight,10624,128,512,65536,0,65513,0,262144,262116,True
model.safetensors,value_embeds.7.weight,10752,128,512,65536,0,65510,0,262144,262104,True
model.safetensors,value_embeds.7.weight,10880,128,512,65536,0,65512,0,262144,262112,True
model.safetensors,value_embeds.7.weight,11008,128,512,65536,0,65516,0,262144,262128,True
model.safetensors,value_embeds.7.weight,11136,128,512,65536,0,65515,0,262144,262124,True
model.safetensors,value_embeds.7.weight,11264,128,512,65536,0,65517,0,262144,262132,True
model.safetensors,value_embeds.7.weight,11392,128,512,65536,0,65506,0,262144,262088,True
model.safetensors,value_embeds.7.weight,11520,128,512,65536,0,65510,0,262144,262104,True
model.safetensors,value_embeds.7.weight,11648,128,512,65536,0,65517,0,262144,262132,True
model.safetensors,value_embeds.7.weight,11776,128,512,65536,0,65516,0,262144,262128,True
model.safetensors,value_embeds.7.weight,11904,128,512,65536,0,65512,0,262144,262112,True
model.safetensors,value_embeds.7.weight,12032,128,512,65536,0,65508,0,262144,262096,True
model.safetensors,value_embeds.7.weight,12160,128,512,65536,0,65509,0,262144,262100,True
model.safetensors,value_embeds.7.weight,12288,128,512,65536,0,65519,0,262144,262140,True
model.safetensors,value_embeds.7.weight,12416,128,512,65536,0,65515,0,262144,262124,True
model.safetensors,value_embeds.7.weight,12544,128,512,65536,0,65511,0,262144,262108,True
model.safetensors,value_embeds.7.weight,12672,128,512,65536,0,65509,0,262144,262100,True
model.safetensors,value_embeds.7.weight,12800,128,512,65536,0,65512,0,262144,262112,True
model.safetensors,value_embeds.7.weight,12928,128,512,65536,0,65510,0,262144,262104,True
model.safetensors,value_embeds.7.weight,13056,128,512,65536,0,65513,0,262144,262116,True
model.safetensors,value_embeds.7.weight,13184,128,512,65536,0,65506,0,262144,262088,True
model.safetensors,value_embeds.7.weight,13312,128,512,65536,0,65502,0,262144,262072,True
model.safetensors,value_embeds.7.weight,13440,128,512,65536,0,65518,0,262144,262136,True
model.safetensors,value_embeds.7.weight,13568,128,512,65536,0,65517,0,262144,262132,True
model.safetensors,value_embeds.7.weight,13696,128,512,65536,0,65501,0,262144,262068,True
model.safetensors,value_embeds.7.weight,13824,128,512,65536,0,65502,0,262144,262072,True
model.safetensors,value_embeds.7.weight,13952,128,512,65536,0,65513,0,262144,262116,True
model.safetensors,value_embeds.7.weight,14080,128,512,65536,0,65509,0,262144,262100,True
model.safetensors,value_embeds.7.weight,14208,128,512,65536,0,65505,0,262144,262084,True
model.safetensors,value_embeds.7.weight,14336,128,512,65536,0,65514,0,262144,262120,True
model.safetensors,value_embeds.7.weight,14464,128,512,65536,0,65508,0,262144,262096,True
model.safetensors,value_embeds.7.weight,14592,128,512,65536,0,65498,0,262144,262056,True
model.safetensors,value_embeds.7.weight,14720,128,512,65536,0,65515,0,262144,262124,True
model.safetensors,value_embeds.7.weight,14848,128,512,65536,0,65509,0,262144,262100,True
model.safetensors,value_embeds.7.weight,14976,128,512,65536,0,65517,0,262144,262132,True
model.safetensors,value_embeds.7.weight,15104,128,512,65536,0,65514,0,262144,262120,True
model.safetensors,value_embeds.7.weight,15232,128,512,65536,0,65505,0,262144,262084,True
model.safetensors,value_embeds.7.weight,15360,128,512,65536,0,65505,0,262144,262084,True
model.safetensors,value_embeds.7.weight,15488,128,512,65536,0,65515,0,262144,262124,True
model.safetensors,value_embeds.7.weight,15616,128,512,65536,0,65510,0,262144,262104,True
model.safetensors,value_embeds.7.weight,15744,128,512,65536,0,65510,0,262144,262104,True
model.safetensors,value_embeds.7.weight,15872,128,512,65536,0,65516,0,262144,262128,True
model.safetensors,value_embeds.7.weight,16000,128,512,65536,0,65516,0,262144,262128,True
model.safetensors,value_embeds.7.weight,16128,128,512,65536,0,65512,0,262144,262112,True
model.safetensors,value_embeds.7.weight,16256,128,512,65536,0,65508,0,262144,262096,True
model.safetensors,value_embeds.7.weight,16384,128,512,65536,0,65517,0,262144,262132,True
model.safetensors,value_embeds.7.weight,16512,128,512,65536,0,65516,0,262144,262128,True
model.safetensors,value_embeds.7.weight,16640,128,512,65536,0,65500,0,262144,262064,True
model.safetensors,value_embeds.7.weight,16768,128,512,65536,0,65514,0,262144,262120,True
model.safetensors,value_embeds.7.weight,16896,128,512,65536,0,65515,0,262144,262124,True
model.safetensors,value_embeds.7.weight,17024,128,512,65536,0,65516,0,262144,262128,True
model.safetensors,value_embeds.7.weight,17152,128,512,65536,0,65515,0,262144,262124,True
model.safetensors,value_embeds.7.weight,17280,128,512,65536,0,65515,0,262144,262124,True
model.safetensors,value_embeds.7.weight,17408,128,512,65536,0,65514,0,262144,262120,True
model.safetensors,value_embeds.7.weight,17536,128,512,65536,0,65505,0,262144,262084,True
model.safetensors,value_embeds.7.weight,17664,128,512,65536,0,65517,0,262144,262132,True
model.safetensors,value_embeds.7.weight,17792,128,512,65536,0,65512,0,262144,262112,True
model.safetensors,value_embeds.7.weight,17920,128,512,65536,0,65502,0,262144,262072,True
model.safetensors,value_embeds.7.weight,18048,128,512,65536,0,65513,0,262144,262116,True
model.safetensors,value_embeds.7.weight,18176,128,512,65536,0,65513,0,262144,262116,True
model.safetensors,value_embeds.7.weight,18304,128,512,65536,0,65506,0,262144,262088,True
model.safetensors,value_embeds.7.weight,18432,128,512,65536,0,65505,0,262144,262084,True
model.safetensors,value_embeds.7.weight,18560,128,512,65536,0,65509,0,262144,262100,True
model.safetensors,value_embeds.7.weight,18688,128,512,65536,0,65511,0,262144,262108,True
model.safetensors,value_embeds.7.weight,18816,128,512,65536,0,65510,0,262144,262104,True
model.safetensors,value_embeds.7.weight,18944,128,512,65536,0,65506,0,262144,262088,True
model.safetensors,value_embeds.7.weight,19072,128,512,65536,0,65503,0,262144,262076,True
model.safetensors,value_embeds.7.weight,19200,128,512,65536,0,65508,0,262144,262096,True
model.safetensors,value_embeds.7.weight,19328,128,512,65536,0,65504,0,262144,262080,True
model.safetensors,value_embeds.7.weight,19456,128,512,65536,0,65506,0,262144,262088,True
model.safetensors,value_embeds.7.weight,19584,128,512,65536,0,65518,0,262144,262136,True
model.safetensors,value_embeds.7.weight,19712,128,512,65536,0,65495,0,262144,262044,True
model.safetensors,value_embeds.7.weight,19840,128,512,65536,0,65513,0,262144,262116,True
model.safetensors,value_embeds.7.weight,19968,128,512,65536,0,65509,0,262144,262100,True
model.safetensors,value_embeds.7.weight,20096,128,512,65536,0,65509,0,262144,262100,True
model.safetensors,value_embeds.7.weight,20224,128,512,65536,0,65510,0,262144,262104,True
model.safetensors,value_embeds.7.weight,20352,128,512,65536,0,65505,0,262144,262084,True
model.safetensors,value_embeds.7.weight,20480,128,512,65536,0,65515,0,262144,262124,True
model.safetensors,value_embeds.7.weight,20608,128,512,65536,0,65506,0,262144,262088,True
model.safetensors,value_embeds.7.weight,20736,128,512,65536,0,65499,0,262144,262060,True
model.safetensors,value_embeds.7.weight,20864,128,512,65536,0,65508,0,262144,262096,True
model.safetensors,value_embeds.7.weight,20992,128,512,65536,0,65499,0,262144,262060,True
model.safetensors,value_embeds.7.weight,21120,128,512,65536,0,65518,0,262144,262136,True
model.safetensors,value_embeds.7.weight,21248,128,512,65536,0,65510,0,262144,262104,True
model.safetensors,value_embeds.7.weight,21376,128,512,65536,0,65512,0,262144,262112,True
model.safetensors,value_embeds.7.weight,21504,128,512,65536,0,65513,0,262144,262116,True
model.safetensors,value_embeds.7.weight,21632,128,512,65536,0,65516,0,262144,262128,True
model.safetensors,value_embeds.7.weight,21760,128,512,65536,0,65501,0,262144,262068,True
model.safetensors,value_embeds.7.weight,21888,128,512,65536,0,65511,0,262144,262108,True
model.safetensors,value_embeds.7.weight,22016,128,512,65536,0,65517,0,262144,262132,True
model.safetensors,value_embeds.7.weight,22144,128,512,65536,0,65507,0,262144,262092,True
model.safetensors,value_embeds.7.weight,22272,128,512,65536,0,65504,0,262144,262080,True
model.safetensors,value_embeds.7.weight,22400,128,512,65536,0,65508,0,262144,262096,True
model.safetensors,value_embeds.7.weight,22528,128,512,65536,0,65506,0,262144,262088,True
model.safetensors,value_embeds.7.weight,22656,128,512,65536,0,65513,0,262144,262116,True
model.safetensors,value_embeds.7.weight,22784,128,512,65536,0,65506,0,262144,262088,True
model.safetensors,value_embeds.7.weight,22912,128,512,65536,0,65515,0,262144,262124,True
model.safetensors,value_embeds.7.weight,23040,128,512,65536,0,65514,0,262144,262120,True
model.safetensors,value_embeds.7.weight,23168,128,512,65536,0,65510,0,262144,262104,True
model.safetensors,value_embeds.7.weight,23296,128,512,65536,0,65515,0,262144,262124,True
model.safetensors,value_embeds.7.weight,23424,128,512,65536,0,65511,0,262144,262108,True
model.safetensors,value_embeds.7.weight,23552,128,512,65536,0,65506,0,262144,262088,True
model.safetensors,value_embeds.7.weight,23680,128,512,65536,0,65512,0,262144,262112,True
model.safetensors,value_embeds.7.weight,23808,128,512,65536,0,65504,0,262144,262080,True
model.safetensors,value_embeds.7.weight,23936,128,512,65536,0,65510,0,262144,262104,True
model.safetensors,value_embeds.7.weight,24064,128,512,65536,0,65503,0,262144,262076,True
model.safetensors,value_embeds.7.weight,24192,128,512,65536,0,65514,0,262144,262120,True
model.safetensors,value_embeds.7.weight,24320,128,512,65536,0,65506,0,262144,262088,True
model.safetensors,value_embeds.7.weight,24448,128,512,65536,0,65508,0,262144,262096,True
model.safetensors,value_embeds.7.weight,24576,128,512,65536,0,65517,0,262144,262132,True
model.safetensors,value_embeds.7.weight,24704,128,512,65536,0,65509,0,262144,262100,True
model.safetensors,value_embeds.7.weight,24832,128,512,65536,0,65510,0,262144,262104,True
model.safetensors,value_embeds.7.weight,24960,128,512,65536,0,65510,0,262144,262104,True
model.safetensors,value_embeds.7.weight,25088,128,512,65536,0,65508,0,262144,262096,True
model.safetensors,value_embeds.7.weight,25216,128,512,65536,0,65507,0,262144,262092,True
model.safetensors,value_embeds.7.weight,25344,128,512,65536,0,65504,0,262144,262080,True
model.safetensors,value_embeds.7.weight,25472,128,512,65536,0,65510,0,262144,262104,True
model.safetensors,value_embeds.7.weight,25600,128,512,65536,0,65497,0,262144,262052,True
model.safetensors,value_embeds.7.weight,25728,128,512,65536,0,65511,0,262144,262108,True
model.safetensors,value_embeds.7.weight,25856,128,512,65536,0,65513,0,262144,262116,True
model.safetensors,value_embeds.7.weight,25984,128,512,65536,0,65508,0,262144,262096,True
model.safetensors,value_embeds.7.weight,26112,128,512,65536,0,65514,0,262144,262120,True
model.safetensors,value_embeds.7.weight,26240,128,512,65536,0,65504,0,262144,262080,True
model.safetensors,value_embeds.7.weight,26368,128,512,65536,0,65512,0,262144,262112,True
model.safetensors,value_embeds.7.weight,26496,128,512,65536,0,65498,0,262144,262056,True
model.safetensors,value_embeds.7.weight,26624,128,512,65536,0,65513,0,262144,262116,True
model.safetensors,value_embeds.7.weight,26752,128,512,65536,0,65500,0,262144,262064,True
model.safetensors,value_embeds.7.weight,26880,128,512,65536,0,65511,0,262144,262108,True
model.safetensors,value_embeds.7.weight,27008,128,512,65536,0,65507,0,262144,262092,True
model.safetensors,value_embeds.7.weight,27136,128,512,65536,0,65517,0,262144,262132,True
model.safetensors,value_embeds.7.weight,27264,128,512,65536,0,65512,0,262144,262112,True
model.safetensors,value_embeds.7.weight,27392,128,512,65536,0,65512,0,262144,262112,True
model.safetensors,value_embeds.7.weight,27520,128,512,65536,0,65506,0,262144,262088,True
model.safetensors,value_embeds.7.weight,27648,128,512,65536,0,65515,0,262144,262124,True
model.safetensors,value_embeds.7.weight,27776,128,512,65536,0,65503,0,262144,262076,True
model.safetensors,value_embeds.7.weight,27904,128,512,65536,0,65513,0,262144,262116,True
model.safetensors,value_embeds.7.weight,28032,128,512,65536,0,65508,0,262144,262096,True
model.safetensors,value_embeds.7.weight,28160,128,512,65536,0,65509,0,262144,262100,True
model.safetensors,value_embeds.7.weight,28288,128,512,65536,0,65505,0,262144,262084,True
model.safetensors,value_embeds.7.weight,28416,128,512,65536,0,65502,0,262144,262072,True
model.safetensors,value_embeds.7.weight,28544,128,512,65536,0,65510,0,262144,262104,True
model.safetensors,value_embeds.7.weight,28672,128,512,65536,0,65504,0,262144,262080,True
model.safetensors,value_embeds.7.weight,28800,128,512,65536,0,65511,0,262144,262108,True
model.safetensors,value_embeds.7.weight,28928,128,512,65536,0,65514,0,262144,262120,True
model.safetensors,value_embeds.7.weight,29056,128,512,65536,0,65516,0,262144,262128,True
model.safetensors,value_embeds.7.weight,29184,128,512,65536,0,65510,0,262144,262104,True
model.safetensors,value_embeds.7.weight,29312,128,512,65536,0,65516,0,262144,262128,True
model.safetensors,value_embeds.7.weight,29440,128,512,65536,0,65509,0,262144,262100,True
model.safetensors,value_embeds.7.weight,29568,128,512,65536,0,65508,0,262144,262096,True
model.safetensors,value_embeds.7.weight,29696,128,512,65536,0,65506,0,262144,262088,True
model.safetensors,value_embeds.7.weight,29824,128,512,65536,0,65506,0,262144,262088,True
model.safetensors,value_embeds.7.weight,29952,128,512,65536,0,65508,0,262144,262096,True
model.safetensors,value_embeds.7.weight,30080,128,512,65536,0,65509,0,262144,262100,True
model.safetensors,value_embeds.7.weight,30208,128,512,65536,0,65506,0,262144,262088,True
model.safetensors,value_embeds.7.weight,30336,128,512,65536,0,65512,0,262144,262112,True
model.safetensors,value_embeds.7.weight,30464,128,512,65536,0,65510,0,262144,262104,True
model.safetensors,value_embeds.7.weight,30592,128,512,65536,0,65503,0,262144,262076,True
model.safetensors,value_embeds.7.weight,30720,128,512,65536,0,65507,0,262144,262092,True
model.safetensors,value_embeds.7.weight,30848,128,512,65536,0,65514,0,262144,262120,True
model.safetensors,value_embeds.7.weight,30976,128,512,65536,0,65508,0,262144,262096,True
model.safetensors,value_embeds.7.weight,31104,128,512,65536,0,65509,0,262144,262100,True
model.safetensors,value_embeds.7.weight,31232,128,512,65536,0,65507,0,262144,262092,True
model.safetensors,value_embeds.7.weight,31360,128,512,65536,0,65506,0,262144,262088,True
model.safetensors,value_embeds.7.weight,31488,128,512,65536,0,65508,0,262144,262096,True
model.safetensors,value_embeds.7.weight,31616,128,512,65536,0,65511,0,262144,262108,True
model.safetensors,value_embeds.7.weight,31744,128,512,65536,0,65519,0,262144,262140,True
model.safetensors,value_embeds.7.weight,31872,128,512,65536,0,65496,0,262144,262048,True
model.safetensors,value_embeds.7.weight,32000,128,512,65536,0,65499,0,262144,262060,True
model.safetensors,value_embeds.7.weight,32128,128,512,65536,0,65510,0,262144,262104,True
model.safetensors,value_embeds.7.weight,32256,128,512,65536,0,65506,0,262144,262088,True
model.safetensors,value_embeds.7.weight,32384,128,512,65536,0,65513,0,262144,262116,True
model.safetensors,value_embeds.7.weight,32512,128,512,65536,0,65501,0,262144,262068,True
model.safetensors,value_embeds.7.weight,32640,128,512,65536,0,65511,0,262144,262108,True
model.safetensors,wte.weight,0,128,512,65536,0,65505,0,262144,262084,True
model.safetensors,wte.weight,128,128,512,65536,0,65503,0,262144,262076,True
model.safetensors,wte.weight,256,128,512,65536,0,65501,0,262144,262068,True
model.safetensors,wte.weight,384,128,512,65536,0,65509,0,262144,262100,True
model.safetensors,wte.weight,512,128,512,65536,0,65498,0,262144,262056,True
model.safetensors,wte.weight,640,128,512,65536,0,65508,0,262144,262096,True
model.safetensors,wte.weight,768,128,512,65536,0,65508,0,262144,262096,True
model.safetensors,wte.weight,896,128,512,65536,0,65508,0,262144,262096,True
model.safetensors,wte.weight,1024,128,512,65536,0,65508,0,262144,262096,True
model.safetensors,wte.weight,1152,128,512,65536,0,65509,0,262144,262100,True
model.safetensors,wte.weight,1280,128,512,65536,0,65506,0,262144,262088,True
model.safetensors,wte.weight,1408,128,512,65536,0,65502,0,262144,262072,True
model.safetensors,wte.weight,1536,128,512,65536,0,65515,0,262144,262124,True
model.safetensors,wte.weight,1664,128,512,65536,0,65511,0,262144,262108,True
model.safetensors,wte.weight,1792,128,512,65536,0,65509,0,262144,262100,True
model.safetensors,wte.weight,1920,128,512,65536,0,65505,0,262144,262084,True
model.safetensors,wte.weight,2048,128,512,65536,0,65502,0,262144,262072,True
model.safetensors,wte.weight,2176,128,512,65536,0,65502,0,262144,262072,True
model.safetensors,wte.weight,2304,128,512,65536,0,65510,0,262144,262104,True
model.safetensors,wte.weight,2432,128,512,65536,0,65501,0,262144,262068,True
model.safetensors,wte.weight,2560,128,512,65536,0,65503,0,262144,262076,True
model.safetensors,wte.weight,2688,128,512,65536,0,65505,0,262144,262084,True
model.safetensors,wte.weight,2816,128,512,65536,0,65504,0,262144,262080,True
model.safetensors,wte.weight,2944,128,512,65536,0,65506,0,262144,262088,True
model.safetensors,wte.weight,3072,128,512,65536,0,65510,0,262144,262104,True
model.safetensors,wte.weight,3200,128,512,65536,0,65507,0,262144,262092,True
model.safetensors,wte.weight,3328,128,512,65536,0,65505,0,262144,262084,True
model.safetensors,wte.weight,3456,128,512,65536,0,65511,0,262144,262108,True
model.safetensors,wte.weight,3584,128,512,65536,0,65500,0,262144,262064,True
model.safetensors,wte.weight,3712,128,512,65536,0,65509,0,262144,262100,True
model.safetensors,wte.weight,3840,128,512,65536,0,65503,0,262144,262076,True
model.safetensors,wte.weight,3968,128,512,65536,0,65507,0,262144,262092,True
model.safetensors,wte.weight,4096,128,512,65536,0,65503,0,262144,262076,True
model.safetensors,wte.weight,4224,128,512,65536,0,65506,0,262144,262088,True
model.safetensors,wte.weight,4352,128,512,65536,0,65509,0,262144,262100,True
model.safetensors,wte.weight,4480,128,512,65536,0,65498,0,262144,262056,True
model.safetensors,wte.weight,4608,128,512,65536,0,65512,0,262144,262112,True
model.safetensors,wte.weight,4736,128,512,65536,0,65502,0,262144,262072,True
model.safetensors,wte.weight,4864,128,512,65536,0,65502,0,262144,262072,True
model.safetensors,wte.weight,4992,128,512,65536,0,65499,0,262144,262060,True
model.safetensors,wte.weight,5120,128,512,65536,0,65496,0,262144,262048,True
model.safetensors,wte.weight,5248,128,512,65536,0,65500,0,262144,262064,True
model.safetensors,wte.weight,5376,128,512,65536,0,65509,0,262144,262100,True
model.safetensors,wte.weight,5504,128,512,65536,0,65514,0,262144,262120,True
model.safetensors,wte.weight,5632,128,512,65536,0,65513,0,262144,262116,True
model.safetensors,wte.weight,5760,128,512,65536,0,65512,0,262144,262112,True
model.safetensors,wte.weight,5888,128,512,65536,0,65511,0,262144,262108,True
model.safetensors,wte.weight,6016,128,512,65536,0,65507,0,262144,262092,True
model.safetensors,wte.weight,6144,128,512,65536,0,65505,0,262144,262084,True
model.safetensors,wte.weight,6272,128,512,65536,0,65505,0,262144,262084,True
model.safetensors,wte.weight,6400,128,512,65536,0,65505,0,262144,262084,True
model.safetensors,wte.weight,6528,128,512,65536,0,65513,0,262144,262116,True
model.safetensors,wte.weight,6656,128,512,65536,0,65507,0,262144,262092,True
model.safetensors,wte.weight,6784,128,512,65536,0,65514,0,262144,262120,True
model.safetensors,wte.weight,6912,128,512,65536,0,65507,0,262144,262092,True
model.safetensors,wte.weight,7040,128,512,65536,0,65498,0,262144,262056,True
model.safetensors,wte.weight,7168,128,512,65536,0,65506,0,262144,262088,True
model.safetensors,wte.weight,7296,128,512,65536,0,65516,0,262144,262128,True
model.safetensors,wte.weight,7424,128,512,65536,0,65515,0,262144,262124,True
model.safetensors,wte.weight,7552,128,512,65536,0,65516,0,262144,262128,True
model.safetensors,wte.weight,7680,128,512,65536,0,65501,0,262144,262068,True
model.safetensors,wte.weight,7808,128,512,65536,0,65501,0,262144,262068,True
model.safetensors,wte.weight,7936,128,512,65536,0,65507,0,262144,262092,True
model.safetensors,wte.weight,8064,128,512,65536,0,65512,0,262144,262112,True
model.safetensors,wte.weight,8192,128,512,65536,0,65512,0,262144,262112,True
model.safetensors,wte.weight,8320,128,512,65536,0,65497,0,262144,262052,True
model.safetensors,wte.weight,8448,128,512,65536,0,65495,0,262144,262044,True
model.safetensors,wte.weight,8576,128,512,65536,0,65507,0,262144,262092,True
model.safetensors,wte.weight,8704,128,512,65536,0,65510,0,262144,262104,True
model.safetensors,wte.weight,8832,128,512,65536,0,65492,0,262144,262032,True
model.safetensors,wte.weight,8960,128,512,65536,0,65498,0,262144,262056,True
model.safetensors,wte.weight,9088,128,512,65536,0,65497,0,262144,262052,True
model.safetensors,wte.weight,9216,128,512,65536,0,65502,0,262144,262072,True
model.safetensors,wte.weight,9344,128,512,65536,0,65511,0,262144,262108,True
model.safetensors,wte.weight,9472,128,512,65536,0,65503,0,262144,262076,True
model.safetensors,wte.weight,9600,128,512,65536,0,65505,0,262144,262084,True
model.safetensors,wte.weight,9728,128,512,65536,0,65514,0,262144,262120,True
model.safetensors,wte.weight,9856,128,512,65536,0,65505,0,262144,262084,True
model.safetensors,wte.weight,9984,128,512,65536,0,65508,0,262144,262096,True
model.safetensors,wte.weight,10112,128,512,65536,0,65514,0,262144,262120,True
model.safetensors,wte.weight,10240,128,512,65536,0,65501,0,262144,262068,True
model.safetensors,wte.weight,10368,128,512,65536,0,65507,0,262144,262092,True
model.safetensors,wte.weight,10496,128,512,65536,0,65499,0,262144,262060,True
model.safetensors,wte.weight,10624,128,512,65536,0,65508,0,262144,262096,True
model.safetensors,wte.weight,10752,128,512,65536,0,65505,0,262144,262084,True
model.safetensors,wte.weight,10880,128,512,65536,0,65497,0,262144,262052,True
model.safetensors,wte.weight,11008,128,512,65536,0,65497,0,262144,262052,True
model.safetensors,wte.weight,11136,128,512,65536,0,65508,0,262144,262096,True
model.safetensors,wte.weight,11264,128,512,65536,0,65510,0,262144,262104,True
model.safetensors,wte.weight,11392,128,512,65536,0,65500,0,262144,262064,True
model.safetensors,wte.weight,11520,128,512,65536,0,65507,0,262144,262092,True
model.safetensors,wte.weight,11648,128,512,65536,0,65517,0,262144,262132,True
model.safetensors,wte.weight,11776,128,512,65536,0,65503,0,262144,262076,True
model.safetensors,wte.weight,11904,128,512,65536,0,65504,0,262144,262080,True
model.safetensors,wte.weight,12032,128,512,65536,0,65495,0,262144,262044,True
model.safetensors,wte.weight,12160,128,512,65536,0,65508,0,262144,262096,True
model.safetensors,wte.weight,12288,128,512,65536,0,65509,0,262144,262100,True
model.safetensors,wte.weight,12416,128,512,65536,0,65499,0,262144,262060,True
model.safetensors,wte.weight,12544,128,512,65536,0,65502,0,262144,262072,True
model.safetensors,wte.weight,12672,128,512,65536,0,65507,0,262144,262092,True
model.safetensors,wte.weight,12800,128,512,65536,0,65516,0,262144,262128,True
model.safetensors,wte.weight,12928,128,512,65536,0,65508,0,262144,262096,True
model.safetensors,wte.weight,13056,128,512,65536,0,65506,0,262144,262088,True
model.safetensors,wte.weight,13184,128,512,65536,0,65504,0,262144,262080,True
model.safetensors,wte.weight,13312,128,512,65536,0,65507,0,262144,262092,True
model.safetensors,wte.weight,13440,128,512,65536,0,65498,0,262144,262056,True
model.safetensors,wte.weight,13568,128,512,65536,0,65501,0,262144,262068,True
model.safetensors,wte.weight,13696,128,512,65536,0,65504,0,262144,262080,True
model.safetensors,wte.weight,13824,128,512,65536,0,65504,0,262144,262080,True
model.safetensors,wte.weight,13952,128,512,65536,0,65501,0,262144,262068,True
model.safetensors,wte.weight,14080,128,512,65536,0,65509,0,262144,262100,True
model.safetensors,wte.weight,14208,128,512,65536,0,65504,0,262144,262080,True
model.safetensors,wte.weight,14336,128,512,65536,0,65508,0,262144,262096,True
model.safetensors,wte.weight,14464,128,512,65536,0,65508,0,262144,262096,True
model.safetensors,wte.weight,14592,128,512,65536,0,65510,0,262144,262104,True
model.safetensors,wte.weight,14720,128,512,65536,0,65509,0,262144,262100,True
model.safetensors,wte.weight,14848,128,512,65536,0,65513,0,262144,262116,True
model.safetensors,wte.weight,14976,128,512,65536,0,65511,0,262144,262108,True
model.safetensors,wte.weight,15104,128,512,65536,0,65509,0,262144,262100,True
model.safetensors,wte.weight,15232,128,512,65536,0,65505,0,262144,262084,True
model.safetensors,wte.weight,15360,128,512,65536,0,65503,0,262144,262076,True
model.safetensors,wte.weight,15488,128,512,65536,0,65515,0,262144,262124,True
model.safetensors,wte.weight,15616,128,512,65536,0,65508,0,262144,262096,True
model.safetensors,wte.weight,15744,128,512,65536,0,65501,0,262144,262068,True
model.safetensors,wte.weight,15872,128,512,65536,0,65505,0,262144,262084,True
model.safetensors,wte.weight,16000,128,512,65536,0,65505,0,262144,262084,True
model.safetensors,wte.weight,16128,128,512,65536,0,65503,0,262144,262076,True
model.safetensors,wte.weight,16256,128,512,65536,0,65503,0,262144,262076,True
model.safetensors,wte.weight,16384,128,512,65536,0,65505,0,262144,262084,True
model.safetensors,wte.weight,16512,128,512,65536,0,65507,0,262144,262092,True
model.safetensors,wte.weight,16640,128,512,65536,0,65499,0,262144,262060,True
model.safetensors,wte.weight,16768,128,512,65536,0,65512,0,262144,262112,True
model.safetensors,wte.weight,16896,128,512,65536,0,65506,0,262144,262088,True
model.safetensors,wte.weight,17024,128,512,65536,0,65504,0,262144,262080,True
model.safetensors,wte.weight,17152,128,512,65536,0,65505,0,262144,262084,True
model.safetensors,wte.weight,17280,128,512,65536,0,65511,0,262144,262108,True
model.safetensors,wte.weight,17408,128,512,65536,0,65510,0,262144,262104,True
model.safetensors,wte.weight,17536,128,512,65536,0,65512,0,262144,262112,True
model.safetensors,wte.weight,17664,128,512,65536,0,65500,0,262144,262064,True
model.safetensors,wte.weight,17792,128,512,65536,0,65505,0,262144,262084,True
model.safetensors,wte.weight,17920,128,512,65536,0,65512,0,262144,262112,True
model.safetensors,wte.weight,18048,128,512,65536,0,65499,0,262144,262060,True
model.safetensors,wte.weight,18176,128,512,65536,0,65501,0,262144,262068,True
model.safetensors,wte.weight,18304,128,512,65536,0,65507,0,262144,262092,True
model.safetensors,wte.weight,18432,128,512,65536,0,65512,0,262144,262112,True
model.safetensors,wte.weight,18560,128,512,65536,0,65503,0,262144,262076,True
model.safetensors,wte.weight,18688,128,512,65536,0,65505,0,262144,262084,True
model.safetensors,wte.weight,18816,128,512,65536,0,65501,0,262144,262068,True
model.safetensors,wte.weight,18944,128,512,65536,0,65509,0,262144,262100,True
model.safetensors,wte.weight,19072,128,512,65536,0,65514,0,262144,262120,True
model.safetensors,wte.weight,19200,128,512,65536,0,65510,0,262144,262104,True
model.safetensors,wte.weight,19328,128,512,65536,0,65500,0,262144,262064,True
model.safetensors,wte.weight,19456,128,512,65536,0,65502,0,262144,262072,True
model.safetensors,wte.weight,19584,128,512,65536,0,65511,0,262144,262108,True
model.safetensors,wte.weight,19712,128,512,65536,0,65511,0,262144,262108,True
model.safetensors,wte.weight,19840,128,512,65536,0,65504,0,262144,262080,True
model.safetensors,wte.weight,19968,128,512,65536,0,65500,0,262144,262064,True
model.safetensors,wte.weight,20096,128,512,65536,0,65517,0,262144,262132,True
model.safetensors,wte.weight,20224,128,512,65536,0,65511,0,262144,262108,True
model.safetensors,wte.weight,20352,128,512,65536,0,65515,0,262144,262124,True
model.safetensors,wte.weight,20480,128,512,65536,0,65514,0,262144,262120,True
model.safetensors,wte.weight,20608,128,512,65536,0,65509,0,262144,262100,True
model.safetensors,wte.weight,20736,128,512,65536,0,65509,0,262144,262100,True
model.safetensors,wte.weight,20864,128,512,65536,0,65498,0,262144,262056,True
model.safetensors,wte.weight,20992,128,512,65536,0,65503,0,262144,262076,True
model.safetensors,wte.weight,21120,128,512,65536,0,65513,0,262144,262116,True
model.safetensors,wte.weight,21248,128,512,65536,0,65508,0,262144,262096,True
model.safetensors,wte.weight,21376,128,512,65536,0,65507,0,262144,262092,True
model.safetensors,wte.weight,21504,128,512,65536,0,65502,0,262144,262072,True
model.safetensors,wte.weight,21632,128,512,65536,0,65503,0,262144,262076,True
model.safetensors,wte.weight,21760,128,512,65536,0,65514,0,262144,262120,True
model.safetensors,wte.weight,21888,128,512,65536,0,65504,0,262144,262080,True
model.safetensors,wte.weight,22016,128,512,65536,0,65512,0,262144,262112,True
model.safetensors,wte.weight,22144,128,512,65536,0,65500,0,262144,262064,True
model.safetensors,wte.weight,22272,128,512,65536,0,65505,0,262144,262084,True
model.safetensors,wte.weight,22400,128,512,65536,0,65508,0,262144,262096,True
model.safetensors,wte.weight,22528,128,512,65536,0,65511,0,262144,262108,True
model.safetensors,wte.weight,22656,128,512,65536,0,65512,0,262144,262112,True
model.safetensors,wte.weight,22784,128,512,65536,0,65503,0,262144,262076,True
model.safetensors,wte.weight,22912,128,512,65536,0,65518,0,262144,262136,True
model.safetensors,wte.weight,23040,128,512,65536,0,65494,0,262144,262040,True
model.safetensors,wte.weight,23168,128,512,65536,0,65514,0,262144,262120,True
model.safetensors,wte.weight,23296,128,512,65536,0,65508,0,262144,262096,True
model.safetensors,wte.weight,23424,128,512,65536,0,65503,0,262144,262076,True
model.safetensors,wte.weight,23552,128,512,65536,0,65512,0,262144,262112,True
model.safetensors,wte.weight,23680,128,512,65536,0,65509,0,262144,262100,True
model.safetensors,wte.weight,23808,128,512,65536,0,65512,0,262144,262112,True
model.safetensors,wte.weight,23936,128,512,65536,0,65504,0,262144,262080,True
model.safetensors,wte.weight,24064,128,512,65536,0,65508,0,262144,262096,True
model.safetensors,wte.weight,24192,128,512,65536,0,65499,0,262144,262060,True
model.safetensors,wte.weight,24320,128,512,65536,0,65512,0,262144,262112,True
model.safetensors,wte.weight,24448,128,512,65536,0,65509,0,262144,262100,True
model.safetensors,wte.weight,24576,128,512,65536,0,65501,0,262144,262068,True
model.safetensors,wte.weight,24704,128,512,65536,0,65501,0,262144,262068,True
model.safetensors,wte.weight,24832,128,512,65536,0,65509,0,262144,262100,True
model.safetensors,wte.weight,24960,128,512,65536,0,65512,0,262144,262112,True
model.safetensors,wte.weight,25088,128,512,65536,0,65505,0,262144,262084,True
model.safetensors,wte.weight,25216,128,512,65536,0,65507,0,262144,262092,True
model.safetensors,wte.weight,25344,128,512,65536,0,65514,0,262144,262120,True
model.safetensors,wte.weight,25472,128,512,65536,0,65506,0,262144,262088,True
model.safetensors,wte.weight,25600,128,512,65536,0,65504,0,262144,262080,True
model.safetensors,wte.weight,25728,128,512,65536,0,65511,0,262144,262108,True
model.safetensors,wte.weight,25856,128,512,65536,0,65513,0,262144,262116,True
model.safetensors,wte.weight,25984,128,512,65536,0,65505,0,262144,262084,True
model.safetensors,wte.weight,26112,128,512,65536,0,65509,0,262144,262100,True
model.safetensors,wte.weight,26240,128,512,65536,0,65503,0,262144,262076,True
model.safetensors,wte.weight,26368,128,512,65536,0,65514,0,262144,262120,True
model.safetensors,wte.weight,26496,128,512,65536,0,65498,0,262144,262056,True
model.safetensors,wte.weight,26624,128,512,65536,0,65501,0,262144,262068,True
model.safetensors,wte.weight,26752,128,512,65536,0,65514,0,262144,262120,True
model.safetensors,wte.weight,26880,128,512,65536,0,65504,0,262144,262080,True
model.safetensors,wte.weight,27008,128,512,65536,0,65497,0,262144,262052,True
model.safetensors,wte.weight,27136,128,512,65536,0,65503,0,262144,262076,True
model.safetensors,wte.weight,27264,128,512,65536,0,65499,0,262144,262060,True
model.safetensors,wte.weight,27392,128,512,65536,0,65507,0,262144,262092,True
model.safetensors,wte.weight,27520,128,512,65536,0,65506,0,262144,262088,True
model.safetensors,wte.weight,27648,128,512,65536,0,65511,0,262144,262108,True
model.safetensors,wte.weight,27776,128,512,65536,0,65499,0,262144,262060,True
model.safetensors,wte.weight,27904,128,512,65536,0,65502,0,262144,262072,True
model.safetensors,wte.weight,28032,128,512,65536,0,65499,0,262144,262060,True
model.safetensors,wte.weight,28160,128,512,65536,0,65515,0,262144,262124,True
model.safetensors,wte.weight,28288,128,512,65536,0,65510,0,262144,262104,True
model.safetensors,wte.weight,28416,128,512,65536,0,65505,0,262144,262084,True
model.safetensors,wte.weight,28544,128,512,65536,0,65504,0,262144,262080,True
model.safetensors,wte.weight,28672,128,512,65536,0,65507,0,262144,262092,True
model.safetensors,wte.weight,28800,128,512,65536,0,65503,0,262144,262076,True
model.safetensors,wte.weight,28928,128,512,65536,0,65505,0,262144,262084,True
model.safetensors,wte.weight,29056,128,512,65536,0,65507,0,262144,262092,True
model.safetensors,wte.weight,29184,128,512,65536,0,65515,0,262144,262124,True
model.safetensors,wte.weight,29312,128,512,65536,0,65508,0,262144,262096,True
model.safetensors,wte.weight,29440,128,512,65536,0,65502,0,262144,262072,True
model.safetensors,wte.weight,29568,128,512,65536,0,65506,0,262144,262088,True
model.safetensors,wte.weight,29696,128,512,65536,0,65509,0,262144,262100,True
model.safetensors,wte.weight,29824,128,512,65536,0,65510,0,262144,262104,True
model.safetensors,wte.weight,29952,128,512,65536,0,65504,0,262144,262080,True
model.safetensors,wte.weight,30080,128,512,65536,0,65500,0,262144,262064,True
model.safetensors,wte.weight,30208,128,512,65536,0,65509,0,262144,262100,True
model.safetensors,wte.weight,30336,128,512,65536,0,65507,0,262144,262092,True
model.safetensors,wte.weight,30464,128,512,65536,0,65493,0,262144,262036,True
model.safetensors,wte.weight,30592,128,512,65536,0,65508,0,262144,262096,True
model.safetensors,wte.weight,30720,128,512,65536,0,65517,0,262144,262132,True
model.safetensors,wte.weight,30848,128,512,65536,0,65513,0,262144,262116,True
model.safetensors,wte.weight,30976,128,512,65536,0,65506,0,262144,262088,True
model.safetensors,wte.weight,31104,128,512,65536,0,65508,0,262144,262096,True
model.safetensors,wte.weight,31232,128,512,65536,0,65504,0,262144,262080,True
model.safetensors,wte.weight,31360,128,512,65536,0,65502,0,262144,262072,True
model.safetensors,wte.weight,31488,128,512,65536,0,65512,0,262144,262112,True
model.safetensors,wte.weight,31616,128,512,65536,0,65504,0,262144,262080,True
model.safetensors,wte.weight,31744,128,512,65536,0,65496,0,262144,262048,True
model.safetensors,wte.weight,31872,128,512,65536,0,65508,0,262144,262096,True
model.safetensors,wte.weight,32000,128,512,65536,0,65508,0,262144,262096,True
model.safetensors,wte.weight,32128,128,512,65536,0,65507,0,262144,262092,True
model.safetensors,wte.weight,32256,128,512,65536,0,65517,0,262144,262132,True
model.safetensors,wte.weight,32384,128,512,65536,0,65509,0,262144,262100,True
model.safetensors,wte.weight,32512,128,512,65536,0,65511,0,262144,262108,True
model.safetensors,wte.weight,32640,128,512,65536,0,65497,0,262144,262052,True
