file,tensor,row_start,rows,cols,cells,positive_zero_cells,nonzero_bit_patterns,special_cells,dense_bytes,dictionary_header_lower_bound_bytes,rejected_by_dictionary_bound
model.safetensors,blocks.0.attn.c_k.weight,0,32,512,16384,0,16384,0,65536,65600,True
model.safetensors,blocks.0.attn.c_k.weight,32,32,512,16384,0,16384,0,65536,65600,True
model.safetensors,blocks.0.attn.c_k.weight,64,32,512,16384,0,16379,0,65536,65580,True
model.safetensors,blocks.0.attn.c_k.weight,96,32,512,16384,0,16382,0,65536,65592,True
model.safetensors,blocks.0.attn.c_k.weight,128,32,512,16384,0,16380,0,65536,65584,True
model.safetensors,blocks.0.attn.c_k.weight,160,32,512,16384,0,16383,0,65536,65596,True
model.safetensors,blocks.0.attn.c_k.weight,192,32,512,16384,0,16381,0,65536,65588,True
model.safetensors,blocks.0.attn.c_k.weight,224,32,512,16384,0,16382,0,65536,65592,True
model.safetensors,blocks.0.attn.c_k.weight,256,32,512,16384,0,16382,0,65536,65592,True
model.safetensors,blocks.0.attn.c_k.weight,288,32,512,16384,0,16380,0,65536,65584,True
model.safetensors,blocks.0.attn.c_k.weight,320,32,512,16384,0,16382,0,65536,65592,True
model.safetensors,blocks.0.attn.c_k.weight,352,32,512,16384,0,16381,0,65536,65588,True
model.safetensors,blocks.0.attn.c_k.weight,384,32,512,16384,0,16384,0,65536,65600,True
model.safetensors,blocks.0.attn.c_k.weight,416,32,512,16384,0,16384,0,65536,65600,True
model.safetensors,blocks.0.attn.c_k.weight,448,32,512,16384,0,16381,0,65536,65588,True
model.safetensors,blocks.0.attn.c_k.weight,480,32,512,16384,0,16381,0,65536,65588,True
model.safetensors,blocks.0.attn.c_proj.weight,0,32,512,16384,0,16384,0,65536,65600,True
model.safetensors,blocks.0.attn.c_proj.weight,32,32,512,16384,0,16384,0,65536,65600,True
model.safetensors,blocks.0.attn.c_proj.weight,64,32,512,16384,0,16384,0,65536,65600,True
model.safetensors,blocks.0.attn.c_proj.weight,96,32,512,16384,0,16384,0,65536,65600,True
model.safetensors,blocks.0.attn.c_proj.weight,128,32,512,16384,0,16383,0,65536,65596,True
model.safetensors,blocks.0.attn.c_proj.weight,160,32,512,16384,0,16384,0,65536,65600,True
model.safetensors,blocks.0.attn.c_proj.weight,192,32,512,16384,0,16382,0,65536,65592,True
model.safetensors,blocks.0.attn.c_proj.weight,224,32,512,16384,0,16382,0,65536,65592,True
model.safetensors,blocks.0.attn.c_proj.weight,256,32,512,16384,0,16383,0,65536,65596,True
model.safetensors,blocks.0.attn.c_proj.weight,288,32,512,16384,0,16380,0,65536,65584,True
model.safetensors,blocks.0.attn.c_proj.weight,320,32,512,16384,0,16384,0,65536,65600,True
model.safetensors,blocks.0.attn.c_proj.weight,352,32,512,16384,0,16383,0,65536,65596,True
model.safetensors,blocks.0.attn.c_proj.weight,384,32,512,16384,0,16382,0,65536,65592,True
model.safetensors,blocks.0.attn.c_proj.weight,416,32,512,16384,0,16382,0,65536,65592,True
model.safetensors,blocks.0.attn.c_proj.weight,448,32,512,16384,0,16383,0,65536,65596,True
model.safetensors,blocks.0.attn.c_proj.weight,480,32,512,16384,0,16381,0,65536,65588,True
model.safetensors,blocks.0.attn.c_q.weight,0,32,512,16384,0,16384,0,65536,65600,True
model.safetensors,blocks.0.attn.c_q.weight,32,32,512,16384,0,16382,0,65536,65592,True
model.safetensors,blocks.0.attn.c_q.weight,64,32,512,16384,0,16380,0,65536,65584,True
model.safetensors,blocks.0.attn.c_q.weight,96,32,512,16384,0,16381,0,65536,65588,True
model.safetensors,blocks.0.attn.c_q.weight,128,32,512,16384,0,16383,0,65536,65596,True
model.safetensors,blocks.0.attn.c_q.weight,160,32,512,16384,0,16382,0,65536,65592,True
model.safetensors,blocks.0.attn.c_q.weight,192,32,512,16384,0,16379,0,65536,65580,True
model.safetensors,blocks.0.attn.c_q.weight,224,32,512,16384,0,16383,0,65536,65596,True
model.safetensors,blocks.0.attn.c_q.weight,256,32,512,16384,0,16383,0,65536,65596,True
model.safetensors,blocks.0.attn.c_q.weight,288,32,512,16384,0,16383,0,65536,65596,True
model.safetensors,blocks.0.attn.c_q.weight,320,32,512,16384,0,16384,0,65536,65600,True
model.safetensors,blocks.0.attn.c_q.weight,352,32,512,16384,0,16382,0,65536,65592,True
model.safetensors,blocks.0.attn.c_q.weight,384,32,512,16384,0,16381,0,65536,65588,True
model.safetensors,blocks.0.attn.c_q.weight,416,32,512,16384,0,16384,0,65536,65600,True
model.safetensors,blocks.0.attn.c_q.weight,448,32,512,16384,0,16380,0,65536,65584,True
model.safetensors,blocks.0.attn.c_q.weight,480,32,512,16384,0,16383,0,65536,65596,True
model.safetensors,blocks.0.attn.c_v.weight,0,32,512,16384,0,16382,0,65536,65592,True
model.safetensors,blocks.0.attn.c_v.weight,32,32,512,16384,0,16380,0,65536,65584,True
model.safetensors,blocks.0.attn.c_v.weight,64,32,512,16384,0,16382,0,65536,65592,True
model.safetensors,blocks.0.attn.c_v.weight,96,32,512,16384,0,16384,0,65536,65600,True
model.safetensors,blocks.0.attn.c_v.weight,128,32,512,16384,0,16381,0,65536,65588,True
model.safetensors,blocks.0.attn.c_v.weight,160,32,512,16384,0,16383,0,65536,65596,True
model.safetensors,blocks.0.attn.c_v.weight,192,32,512,16384,0,16384,0,65536,65600,True
model.safetensors,blocks.0.attn.c_v.weight,224,32,512,16384,0,16383,0,65536,65596,True
model.safetensors,blocks.0.attn.c_v.weight,256,32,512,16384,0,16380,0,65536,65584,True
model.safetensors,blocks.0.attn.c_v.weight,288,32,512,16384,0,16383,0,65536,65596,True
model.safetensors,blocks.0.attn.c_v.weight,320,32,512,16384,0,16380,0,65536,65584,True
model.safetensors,blocks.0.attn.c_v.weight,352,32,512,16384,0,16384,0,65536,65600,True
model.safetensors,blocks.0.attn.c_v.weight,384,32,512,16384,0,16383,0,65536,65596,True
model.safetensors,blocks.0.attn.c_v.weight,416,32,512,16384,0,16382,0,65536,65592,True
model.safetensors,blocks.0.attn.c_v.weight,448,32,512,16384,0,16383,0,65536,65596,True
model.safetensors,blocks.0.attn.c_v.weight,480,32,512,16384,0,16384,0,65536,65600,True
model.safetensors,blocks.0.mlp.c_fc.weight,0,32,512,16384,0,16383,0,65536,65596,True
model.safetensors,blocks.0.mlp.c_fc.weight,32,32,512,16384,0,16384,0,65536,65600,True
model.safetensors,blocks.0.mlp.c_fc.weight,64,32,512,16384,0,16382,0,65536,65592,True
model.safetensors,blocks.0.mlp.c_fc.weight,96,32,512,16384,0,16382,0,65536,65592,True
model.safetensors,blocks.0.mlp.c_fc.weight,128,32,512,16384,0,16381,0,65536,65588,True
model.safetensors,blocks.0.mlp.c_fc.weight,160,32,512,16384,0,16383,0,65536,65596,True
model.safetensors,blocks.0.mlp.c_fc.weight,192,32,512,16384,0,16383,0,65536,65596,True
model.safetensors,blocks.0.mlp.c_fc.weight,224,32,512,16384,0,16383,0,65536,65596,True
model.safetensors,blocks.0.mlp.c_fc.weight,256,32,512,16384,0,16382,0,65536,65592,True
model.safetensors,blocks.0.mlp.c_fc.weight,288,32,512,16384,0,16382,0,65536,65592,True
model.safetensors,blocks.0.mlp.c_fc.weight,320,32,512,16384,0,16381,0,65536,65588,True
model.safetensors,blocks.0.mlp.c_fc.weight,352,32,512,16384,0,16382,0,65536,65592,True
model.safetensors,blocks.0.mlp.c_fc.weight,384,32,512,16384,0,16383,0,65536,65596,True
model.safetensors,blocks.0.mlp.c_fc.weight,416,32,512,16384,0,16382,0,65536,65592,True
model.safetensors,blocks.0.mlp.c_fc.weight,448,32,512,16384,0,16382,0,65536,65592,True
model.safetensors,blocks.0.mlp.c_fc.weight,480,32,512,16384,0,16382,0,65536,65592,True
model.safetensors,blocks.0.mlp.c_fc.weight,512,32,512,16384,0,16382,0,65536,65592,True
model.safetensors,blocks.0.mlp.c_fc.weight,544,32,512,16384,0,16384,0,65536,65600,True
model.safetensors,blocks.0.mlp.c_fc.weight,576,32,512,16384,0,16383,0,65536,65596,True
model.safetensors,blocks.0.mlp.c_fc.weight,608,32,512,16384,0,16381,0,65536,65588,True
model.safetensors,blocks.0.mlp.c_fc.weight,640,32,512,16384,0,16383,0,65536,65596,True
model.safetensors,blocks.0.mlp.c_fc.weight,672,32,512,16384,0,16383,0,65536,65596,True
model.safetensors,blocks.0.mlp.c_fc.weight,704,32,512,16384,0,16383,0,65536,65596,True
model.safetensors,blocks.0.mlp.c_fc.weight,736,32,512,16384,0,16382,0,65536,65592,True
model.safetensors,blocks.0.mlp.c_fc.weight,768,32,512,16384,0,16382,0,65536,65592,True
model.safetensors,blocks.0.mlp.c_fc.weight,800,32,512,16384,0,16382,0,65536,65592,True
model.safetensors,blocks.0.mlp.c_fc.weight,832,32,512,16384,0,16379,0,65536,65580,True
model.safetensors,blocks.0.mlp.c_fc.weight,864,32,512,16384,0,16384,0,65536,65600,True
model.safetensors,blocks.0.mlp.c_fc.weight,896,32,512,16384,0,16381,0,65536,65588,True
model.safetensors,blocks.0.mlp.c_fc.weight,928,32,512,16384,0,16384,0,65536,65600,True
model.safetensors,blocks.0.mlp.c_fc.weight,960,32,512,16384,0,16382,0,65536,65592,True
model.safetensors,blocks.0.mlp.c_fc.weight,992,32,512,16384,0,16381,0,65536,65588,True
model.safetensors,blocks.0.mlp.c_fc.weight,1024,32,512,16384,0,16380,0,65536,65584,True
model.safetensors,blocks.0.mlp.c_fc.weight,1056,32,512,16384,0,16382,0,65536,65592,True
model.safetensors,blocks.0.mlp.c_fc.weight,1088,32,512,16384,0,16383,0,65536,65596,True
model.safetensors,blocks.0.mlp.c_fc.weight,1120,32,512,16384,0,16381,0,65536,65588,True
model.safetensors,blocks.0.mlp.c_fc.weight,1152,32,512,16384,0,16382,0,65536,65592,True
model.safetensors,blocks.0.mlp.c_fc.weight,1184,32,512,16384,0,16380,0,65536,65584,True
model.safetensors,blocks.0.mlp.c_fc.weight,1216,32,512,16384,0,16383,0,65536,65596,True
model.safetensors,blocks.0.mlp.c_fc.weight,1248,32,512,16384,0,16382,0,65536,65592,True
model.safetensors,blocks.0.mlp.c_fc.weight,1280,32,512,16384,0,16383,0,65536,65596,True
model.safetensors,blocks.0.mlp.c_fc.weight,1312,32,512,16384,0,16382,0,65536,65592,True
model.safetensors,blocks.0.mlp.c_fc.weight,1344,32,512,16384,0,16383,0,65536,65596,True
model.safetensors,blocks.0.mlp.c_fc.weight,1376,32,512,16384,0,16383,0,65536,65596,True
model.safetensors,blocks.0.mlp.c_fc.weight,1408,32,512,16384,0,16381,0,65536,65588,True
model.safetensors,blocks.0.mlp.c_fc.weight,1440,32,512,16384,0,16383,0,65536,65596,True
model.safetensors,blocks.0.mlp.c_fc.weight,1472,32,512,16384,0,16382,0,65536,65592,True
model.safetensors,blocks.0.mlp.c_fc.weight,1504,32,512,16384,0,16381,0,65536,65588,True
model.safetensors,blocks.0.mlp.c_fc.weight,1536,32,512,16384,0,16381,0,65536,65588,True
model.safetensors,blocks.0.mlp.c_fc.weight,1568,32,512,16384,0,16383,0,65536,65596,True
model.safetensors,blocks.0.mlp.c_fc.weight,1600,32,512,16384,0,16382,0,65536,65592,True
model.safetensors,blocks.0.mlp.c_fc.weight,1632,32,512,16384,0,16384,0,65536,65600,True
model.safetensors,blocks.0.mlp.c_fc.weight,1664,32,512,16384,0,16383,0,65536,65596,True
model.safetensors,blocks.0.mlp.c_fc.weight,1696,32,512,16384,0,16383,0,65536,65596,True
model.safetensors,blocks.0.mlp.c_fc.weight,1728,32,512,16384,0,16383,0,65536,65596,True
model.safetensors,blocks.0.mlp.c_fc.weight,1760,32,512,16384,0,16384,0,65536,65600,True
model.safetensors,blocks.0.mlp.c_fc.weight,1792,32,512,16384,0,16382,0,65536,65592,True
model.safetensors,blocks.0.mlp.c_fc.weight,1824,32,512,16384,0,16382,0,65536,65592,True
model.safetensors,blocks.0.mlp.c_fc.weight,1856,32,512,16384,0,16384,0,65536,65600,True
model.safetensors,blocks.0.mlp.c_fc.weight,1888,32,512,16384,0,16382,0,65536,65592,True
model.safetensors,blocks.0.mlp.c_fc.weight,1920,32,512,16384,0,16383,0,65536,65596,True
model.safetensors,blocks.0.mlp.c_fc.weight,1952,32,512,16384,0,16384,0,65536,65600,True
model.safetensors,blocks.0.mlp.c_fc.weight,1984,32,512,16384,0,16384,0,65536,65600,True
model.safetensors,blocks.0.mlp.c_fc.weight,2016,32,512,16384,0,16383,0,65536,65596,True
model.safetensors,blocks.0.mlp.c_proj.weight,0,32,2048,65536,0,65512,0,262144,262112,True
model.safetensors,blocks.0.mlp.c_proj.weight,32,32,2048,65536,0,65508,0,262144,262096,True
model.safetensors,blocks.0.mlp.c_proj.weight,64,32,2048,65536,0,65510,0,262144,262104,True
model.safetensors,blocks.0.mlp.c_proj.weight,96,32,2048,65536,0,65512,0,262144,262112,True
model.safetensors,blocks.0.mlp.c_proj.weight,128,32,2048,65536,0,65497,0,262144,262052,True
model.safetensors,blocks.0.mlp.c_proj.weight,160,32,2048,65536,0,65503,0,262144,262076,True
model.safetensors,blocks.0.mlp.c_proj.weight,192,32,2048,65536,0,65506,0,262144,262088,True
model.safetensors,blocks.0.mlp.c_proj.weight,224,32,2048,65536,0,65507,0,262144,262092,True
model.safetensors,blocks.0.mlp.c_proj.weight,256,32,2048,65536,0,65519,0,262144,262140,True
model.safetensors,blocks.0.mlp.c_proj.weight,288,32,2048,65536,0,65507,0,262144,262092,True
model.safetensors,blocks.0.mlp.c_proj.weight,320,32,2048,65536,0,65511,0,262144,262108,True
model.safetensors,blocks.0.mlp.c_proj.weight,352,32,2048,65536,0,65502,0,262144,262072,True
model.safetensors,blocks.0.mlp.c_proj.weight,384,32,2048,65536,0,65507,0,262144,262092,True
model.safetensors,blocks.0.mlp.c_proj.weight,416,32,2048,65536,0,65499,0,262144,262060,True
model.safetensors,blocks.0.mlp.c_proj.weight,448,32,2048,65536,0,65491,0,262144,262028,True
model.safetensors,blocks.0.mlp.c_proj.weight,480,32,2048,65536,0,65505,0,262144,262084,True
model.safetensors,blocks.1.attn.c_k.weight,0,32,512,16384,0,16383,0,65536,65596,True
model.safetensors,blocks.1.attn.c_k.weight,32,32,512,16384,0,16380,0,65536,65584,True
model.safetensors,blocks.1.attn.c_k.weight,64,32,512,16384,0,16381,0,65536,65588,True
model.safetensors,blocks.1.attn.c_k.weight,96,32,512,16384,0,16383,0,65536,65596,True
model.safetensors,blocks.1.attn.c_k.weight,128,32,512,16384,0,16382,0,65536,65592,True
model.safetensors,blocks.1.attn.c_k.weight,160,32,512,16384,0,16382,0,65536,65592,True
model.safetensors,blocks.1.attn.c_k.weight,192,32,512,16384,0,16384,0,65536,65600,True
model.safetensors,blocks.1.attn.c_k.weight,224,32,512,16384,0,16382,0,65536,65592,True
model.safetensors,blocks.1.attn.c_k.weight,256,32,512,16384,0,16382,0,65536,65592,True
model.safetensors,blocks.1.attn.c_k.weight,288,32,512,16384,0,16382,0,65536,65592,True
model.safetensors,blocks.1.attn.c_k.weight,320,32,512,16384,0,16383,0,65536,65596,True
model.safetensors,blocks.1.attn.c_k.weight,352,32,512,16384,0,16381,0,65536,65588,True
model.safetensors,blocks.1.attn.c_k.weight,384,32,512,16384,0,16384,0,65536,65600,True
model.safetensors,blocks.1.attn.c_k.weight,416,32,512,16384,0,16383,0,65536,65596,True
model.safetensors,blocks.1.attn.c_k.weight,448,32,512,16384,0,16379,0,65536,65580,True
model.safetensors,blocks.1.attn.c_k.weight,480,32,512,16384,0,16383,0,65536,65596,True
model.safetensors,blocks.1.attn.c_proj.weight,0,32,512,16384,0,16382,0,65536,65592,True
model.safetensors,blocks.1.attn.c_proj.weight,32,32,512,16384,0,16382,0,65536,65592,True
model.safetensors,blocks.1.attn.c_proj.weight,64,32,512,16384,0,16383,0,65536,65596,True
model.safetensors,blocks.1.attn.c_proj.weight,96,32,512,16384,0,16380,0,65536,65584,True
model.safetensors,blocks.1.attn.c_proj.weight,128,32,512,16384,0,16382,0,65536,65592,True
model.safetensors,blocks.1.attn.c_proj.weight,160,32,512,16384,0,16382,0,65536,65592,True
model.safetensors,blocks.1.attn.c_proj.weight,192,32,512,16384,0,16383,0,65536,65596,True
model.safetensors,blocks.1.attn.c_proj.weight,224,32,512,16384,0,16381,0,65536,65588,True
model.safetensors,blocks.1.attn.c_proj.weight,256,32,512,16384,0,16383,0,65536,65596,True
model.safetensors,blocks.1.attn.c_proj.weight,288,32,512,16384,0,16383,0,65536,65596,True
model.safetensors,blocks.1.attn.c_proj.weight,320,32,512,16384,0,16383,0,65536,65596,True
model.safetensors,blocks.1.attn.c_proj.weight,352,32,512,16384,0,16383,0,65536,65596,True
model.safetensors,blocks.1.attn.c_proj.weight,384,32,512,16384,0,16381,0,65536,65588,True
model.safetensors,blocks.1.attn.c_proj.weight,416,32,512,16384,0,16384,0,65536,65600,True
model.safetensors,blocks.1.attn.c_proj.weight,448,32,512,16384,0,16382,0,65536,65592,True
model.safetensors,blocks.1.attn.c_proj.weight,480,32,512,16384,0,16384,0,65536,65600,True
model.safetensors,blocks.1.attn.c_q.weight,0,32,512,16384,0,16382,0,65536,65592,True
model.safetensors,blocks.1.attn.c_q.weight,32,32,512,16384,0,16383,0,65536,65596,True
model.safetensors,blocks.1.attn.c_q.weight,64,32,512,16384,0,16384,0,65536,65600,True
model.safetensors,blocks.1.attn.c_q.weight,96,32,512,16384,0,16381,0,65536,65588,True
model.safetensors,blocks.1.attn.c_q.weight,128,32,512,16384,0,16383,0,65536,65596,True
model.safetensors,blocks.1.attn.c_q.weight,160,32,512,16384,0,16382,0,65536,65592,True
model.safetensors,blocks.1.attn.c_q.weight,192,32,512,16384,0,16382,0,65536,65592,True
model.safetensors,blocks.1.attn.c_q.weight,224,32,512,16384,0,16382,0,65536,65592,True
model.safetensors,blocks.1.attn.c_q.weight,256,32,512,16384,0,16381,0,65536,65588,True
model.safetensors,blocks.1.attn.c_q.weight,288,32,512,16384,0,16382,0,65536,65592,True
model.safetensors,blocks.1.attn.c_q.weight,320,32,512,16384,0,16382,0,65536,65592,True
model.safetensors,blocks.1.attn.c_q.weight,352,32,512,16384,0,16382,0,65536,65592,True
model.safetensors,blocks.1.attn.c_q.weight,384,32,512,16384,0,16377,0,65536,65572,True
model.safetensors,blocks.1.attn.c_q.weight,416,32,512,16384,0,16383,0,65536,65596,True
model.safetensors,blocks.1.attn.c_q.weight,448,32,512,16384,0,16383,0,65536,65596,True
model.safetensors,blocks.1.attn.c_q.weight,480,32,512,16384,0,16379,0,65536,65580,True
model.safetensors,blocks.1.attn.c_v.weight,0,32,512,16384,0,16383,0,65536,65596,True
model.safetensors,blocks.1.attn.c_v.weight,32,32,512,16384,0,16382,0,65536,65592,True
model.safetensors,blocks.1.attn.c_v.weight,64,32,512,16384,0,16384,0,65536,65600,True
model.safetensors,blocks.1.attn.c_v.weight,96,32,512,16384,0,16383,0,65536,65596,True
model.safetensors,blocks.1.attn.c_v.weight,128,32,512,16384,0,16383,0,65536,65596,True
model.safetensors,blocks.1.attn.c_v.weight,160,32,512,16384,0,16382,0,65536,65592,True
model.safetensors,blocks.1.attn.c_v.weight,192,32,512,16384,0,16383,0,65536,65596,True
model.safetensors,blocks.1.attn.c_v.weight,224,32,512,16384,0,16383,0,65536,65596,True
model.safetensors,blocks.1.attn.c_v.weight,256,32,512,16384,0,16383,0,65536,65596,True
model.safetensors,blocks.1.attn.c_v.weight,288,32,512,16384,0,16381,0,65536,65588,True
model.safetensors,blocks.1.attn.c_v.weight,320,32,512,16384,0,16380,0,65536,65584,True
model.safetensors,blocks.1.attn.c_v.weight,352,32,512,16384,0,16380,0,65536,65584,True
model.safetensors,blocks.1.attn.c_v.weight,384,32,512,16384,0,16381,0,65536,65588,True
model.safetensors,blocks.1.attn.c_v.weight,416,32,512,16384,0,16381,0,65536,65588,True
model.safetensors,blocks.1.attn.c_v.weight,448,32,512,16384,0,16382,0,65536,65592,True
model.safetensors,blocks.1.attn.c_v.weight,480,32,512,16384,0,16382,0,65536,65592,True
model.safetensors,blocks.1.attn.ve_gate.weight,0,4,32,128,0,128,0,512,576,True
model.safetensors,blocks.1.mlp.c_fc.weight,0,32,512,16384,0,16383,0,65536,65596,True
model.safetensors,blocks.1.mlp.c_fc.weight,32,32,512,16384,0,16382,0,65536,65592,True
model.safetensors,blocks.1.mlp.c_fc.weight,64,32,512,16384,0,16383,0,65536,65596,True
model.safetensors,blocks.1.mlp.c_fc.weight,96,32,512,16384,0,16383,0,65536,65596,True
model.safetensors,blocks.1.mlp.c_fc.weight,128,32,512,16384,0,16380,0,65536,65584,True
model.safetensors,blocks.1.mlp.c_fc.weight,160,32,512,16384,0,16383,0,65536,65596,True
model.safetensors,blocks.1.mlp.c_fc.weight,192,32,512,16384,0,16383,0,65536,65596,True
model.safetensors,blocks.1.mlp.c_fc.weight,224,32,512,16384,0,16384,0,65536,65600,True
model.safetensors,blocks.1.mlp.c_fc.weight,256,32,512,16384,0,16379,0,65536,65580,True
model.safetensors,blocks.1.mlp.c_fc.weight,288,32,512,16384,0,16382,0,65536,65592,True
model.safetensors,blocks.1.mlp.c_fc.weight,320,32,512,16384,0,16382,0,65536,65592,True
model.safetensors,blocks.1.mlp.c_fc.weight,352,32,512,16384,0,16384,0,65536,65600,True
model.safetensors,blocks.1.mlp.c_fc.weight,384,32,512,16384,0,16383,0,65536,65596,True
model.safetensors,blocks.1.mlp.c_fc.weight,416,32,512,16384,0,16381,0,65536,65588,True
model.safetensors,blocks.1.mlp.c_fc.weight,448,32,512,16384,0,16384,0,65536,65600,True
model.safetensors,blocks.1.mlp.c_fc.weight,480,32,512,16384,0,16383,0,65536,65596,True
model.safetensors,blocks.1.mlp.c_fc.weight,512,32,512,16384,0,16382,0,65536,65592,True
model.safetensors,blocks.1.mlp.c_fc.weight,544,32,512,16384,0,16382,0,65536,65592,True
model.safetensors,blocks.1.mlp.c_fc.weight,576,32,512,16384,0,16384,0,65536,65600,True
model.safetensors,blocks.1.mlp.c_fc.weight,608,32,512,16384,0,16383,0,65536,65596,True
model.safetensors,blocks.1.mlp.c_fc.weight,640,32,512,16384,0,16384,0,65536,65600,True
model.safetensors,blocks.1.mlp.c_fc.weight,672,32,512,16384,0,16383,0,65536,65596,True
model.safetensors,blocks.1.mlp.c_fc.weight,704,32,512,16384,0,16383,0,65536,65596,True
model.safetensors,blocks.1.mlp.c_fc.weight,736,32,512,16384,0,16383,0,65536,65596,True
model.safetensors,blocks.1.mlp.c_fc.weight,768,32,512,16384,0,16383,0,65536,65596,True
model.safetensors,blocks.1.mlp.c_fc.weight,800,32,512,16384,0,16379,0,65536,65580,True
model.safetensors,blocks.1.mlp.c_fc.weight,832,32,512,16384,0,16382,0,65536,65592,True
model.safetensors,blocks.1.mlp.c_fc.weight,864,32,512,16384,0,16382,0,65536,65592,True
model.safetensors,blocks.1.mlp.c_fc.weight,896,32,512,16384,0,16383,0,65536,65596,True
model.safetensors,blocks.1.mlp.c_fc.weight,928,32,512,16384,0,16382,0,65536,65592,True
model.safetensors,blocks.1.mlp.c_fc.weight,960,32,512,16384,0,16382,0,65536,65592,True
model.safetensors,blocks.1.mlp.c_fc.weight,992,32,512,16384,0,16384,0,65536,65600,True
model.safetensors,blocks.1.mlp.c_fc.weight,1024,32,512,16384,0,16382,0,65536,65592,True
model.safetensors,blocks.1.mlp.c_fc.weight,1056,32,512,16384,0,16384,0,65536,65600,True
model.safetensors,blocks.1.mlp.c_fc.weight,1088,32,512,16384,0,16382,0,65536,65592,True
model.safetensors,blocks.1.mlp.c_fc.weight,1120,32,512,16384,0,16383,0,65536,65596,True
model.safetensors,blocks.1.mlp.c_fc.weight,1152,32,512,16384,0,16383,0,65536,65596,True
model.safetensors,blocks.1.mlp.c_fc.weight,1184,32,512,16384,0,16380,0,65536,65584,True
model.safetensors,blocks.1.mlp.c_fc.weight,1216,32,512,16384,0,16381,0,65536,65588,True
model.safetensors,blocks.1.mlp.c_fc.weight,1248,32,512,16384,0,16383,0,65536,65596,True
model.safetensors,blocks.1.mlp.c_fc.weight,1280,32,512,16384,0,16380,0,65536,65584,True
model.safetensors,blocks.1.mlp.c_fc.weight,1312,32,512,16384,0,16382,0,65536,65592,True
model.safetensors,blocks.1.mlp.c_fc.weight,1344,32,512,16384,0,16384,0,65536,65600,True
model.safetensors,blocks.1.mlp.c_fc.weight,1376,32,512,16384,0,16383,0,65536,65596,True
model.safetensors,blocks.1.mlp.c_fc.weight,1408,32,512,16384,0,16380,0,65536,65584,True
model.safetensors,blocks.1.mlp.c_fc.weight,1440,32,512,16384,0,16379,0,65536,65580,True
model.safetensors,blocks.1.mlp.c_fc.weight,1472,32,512,16384,0,16383,0,65536,65596,True
model.safetensors,blocks.1.mlp.c_fc.weight,1504,32,512,16384,0,16383,0,65536,65596,True
model.safetensors,blocks.1.mlp.c_fc.weight,1536,32,512,16384,0,16381,0,65536,65588,True
model.safetensors,blocks.1.mlp.c_fc.weight,1568,32,512,16384,0,16383,0,65536,65596,True
model.safetensors,blocks.1.mlp.c_fc.weight,1600,32,512,16384,0,16383,0,65536,65596,True
model.safetensors,blocks.1.mlp.c_fc.weight,1632,32,512,16384,0,16379,0,65536,65580,True
model.safetensors,blocks.1.mlp.c_fc.weight,1664,32,512,16384,0,16384,0,65536,65600,True
model.safetensors,blocks.1.mlp.c_fc.weight,1696,32,512,16384,0,16383,0,65536,65596,True
model.safetensors,blocks.1.mlp.c_fc.weight,1728,32,512,16384,0,16382,0,65536,65592,True
model.safetensors,blocks.1.mlp.c_fc.weight,1760,32,512,16384,0,16383,0,65536,65596,True
model.safetensors,blocks.1.mlp.c_fc.weight,1792,32,512,16384,0,16382,0,65536,65592,True
model.safetensors,blocks.1.mlp.c_fc.weight,1824,32,512,16384,0,16381,0,65536,65588,True
model.safetensors,blocks.1.mlp.c_fc.weight,1856,32,512,16384,0,16383,0,65536,65596,True
model.safetensors,blocks.1.mlp.c_fc.weight,1888,32,512,16384,0,16383,0,65536,65596,True
model.safetensors,blocks.1.mlp.c_fc.weight,1920,32,512,16384,0,16383,0,65536,65596,True
model.safetensors,blocks.1.mlp.c_fc.weight,1952,32,512,16384,0,16383,0,65536,65596,True
model.safetensors,blocks.1.mlp.c_fc.weight,1984,32,512,16384,0,16383,0,65536,65596,True
model.safetensors,blocks.1.mlp.c_fc.weight,2016,32,512,16384,0,16384,0,65536,65600,True
model.safetensors,blocks.1.mlp.c_proj.weight,0,32,2048,65536,0,65510,0,262144,262104,True
model.safetensors,blocks.1.mlp.c_proj.weight,32,32,2048,65536,0,65508,0,262144,262096,True
model.safetensors,blocks.1.mlp.c_proj.weight,64,32,2048,65536,0,65505,0,262144,262084,True
model.safetensors,blocks.1.mlp.c_proj.weight,96,32,2048,65536,0,65510,0,262144,262104,True
model.safetensors,blocks.1.mlp.c_proj.weight,128,32,2048,65536,0,65501,0,262144,262068,True
model.safetensors,blocks.1.mlp.c_proj.weight,160,32,2048,65536,0,65506,0,262144,262088,True
model.safetensors,blocks.1.mlp.c_proj.weight,192,32,2048,65536,0,65508,0,262144,262096,True
model.safetensors,blocks.1.mlp.c_proj.weight,224,32,2048,65536,0,65508,0,262144,262096,True
model.safetensors,blocks.1.mlp.c_proj.weight,256,32,2048,65536,0,65512,0,262144,262112,True
model.safetensors,blocks.1.mlp.c_proj.weight,288,32,2048,65536,0,65518,0,262144,262136,True
model.safetensors,blocks.1.mlp.c_proj.weight,320,32,2048,65536,0,65513,0,262144,262116,True
model.safetensors,blocks.1.mlp.c_proj.weight,352,32,2048,65536,0,65509,0,262144,262100,True
model.safetensors,blocks.1.mlp.c_proj.weight,384,32,2048,65536,0,65506,0,262144,262088,True
model.safetensors,blocks.1.mlp.c_proj.weight,416,32,2048,65536,0,65510,0,262144,262104,True
model.safetensors,blocks.1.mlp.c_proj.weight,448,32,2048,65536,0,65508,0,262144,262096,True
model.safetensors,blocks.1.mlp.c_proj.weight,480,32,2048,65536,0,65510,0,262144,262104,True
model.safetensors,blocks.2.attn.c_k.weight,0,32,512,16384,0,16383,0,65536,65596,True
model.safetensors,blocks.2.attn.c_k.weight,32,32,512,16384,0,16383,0,65536,65596,True
model.safetensors,blocks.2.attn.c_k.weight,64,32,512,16384,0,16382,0,65536,65592,True
model.safetensors,blocks.2.attn.c_k.weight,96,32,512,16384,0,16383,0,65536,65596,True
model.safetensors,blocks.2.attn.c_k.weight,128,32,512,16384,0,16382,0,65536,65592,True
model.safetensors,blocks.2.attn.c_k.weight,160,32,512,16384,0,16383,0,65536,65596,True
model.safetensors,blocks.2.attn.c_k.weight,192,32,512,16384,0,16382,0,65536,65592,True
model.safetensors,blocks.2.attn.c_k.weight,224,32,512,16384,0,16381,0,65536,65588,True
model.safetensors,blocks.2.attn.c_k.weight,256,32,512,16384,0,16380,0,65536,65584,True
model.safetensors,blocks.2.attn.c_k.weight,288,32,512,16384,0,16380,0,65536,65584,True
model.safetensors,blocks.2.attn.c_k.weight,320,32,512,16384,0,16382,0,65536,65592,True
model.safetensors,blocks.2.attn.c_k.weight,352,32,512,16384,0,16382,0,65536,65592,True
model.safetensors,blocks.2.attn.c_k.weight,384,32,512,16384,0,16382,0,65536,65592,True
model.safetensors,blocks.2.attn.c_k.weight,416,32,512,16384,0,16383,0,65536,65596,True
model.safetensors,blocks.2.attn.c_k.weight,448,32,512,16384,0,16382,0,65536,65592,True
model.safetensors,blocks.2.attn.c_k.weight,480,32,512,16384,0,16382,0,65536,65592,True
model.safetensors,blocks.2.attn.c_proj.weight,0,32,512,16384,0,16381,0,65536,65588,True
model.safetensors,blocks.2.attn.c_proj.weight,32,32,512,16384,0,16381,0,65536,65588,True
model.safetensors,blocks.2.attn.c_proj.weight,64,32,512,16384,0,16380,0,65536,65584,True
model.safetensors,blocks.2.attn.c_proj.weight,96,32,512,16384,0,16382,0,65536,65592,True
model.safetensors,blocks.2.attn.c_proj.weight,128,32,512,16384,0,16384,0,65536,65600,True
model.safetensors,blocks.2.attn.c_proj.weight,160,32,512,16384,0,16382,0,65536,65592,True
model.safetensors,blocks.2.attn.c_proj.weight,192,32,512,16384,0,16383,0,65536,65596,True
model.safetensors,blocks.2.attn.c_proj.weight,224,32,512,16384,0,16382,0,65536,65592,True
model.safetensors,blocks.2.attn.c_proj.weight,256,32,512,16384,0,16384,0,65536,65600,True
model.safetensors,blocks.2.attn.c_proj.weight,288,32,512,16384,0,16384,0,65536,65600,True
model.safetensors,blocks.2.attn.c_proj.weight,320,32,512,16384,0,16381,0,65536,65588,True
model.safetensors,blocks.2.attn.c_proj.weight,352,32,512,16384,0,16380,0,65536,65584,True
model.safetensors,blocks.2.attn.c_proj.weight,384,32,512,16384,0,16383,0,65536,65596,True
model.safetensors,blocks.2.attn.c_proj.weight,416,32,512,16384,0,16382,0,65536,65592,True
model.safetensors,blocks.2.attn.c_proj.weight,448,32,512,16384,0,16382,0,65536,65592,True
model.safetensors,blocks.2.attn.c_proj.weight,480,32,512,16384,0,16382,0,65536,65592,True
model.safetensors,blocks.2.attn.c_q.weight,0,32,512,16384,0,16380,0,65536,65584,True
model.safetensors,blocks.2.attn.c_q.weight,32,32,512,16384,0,16384,0,65536,65600,True
model.safetensors,blocks.2.attn.c_q.weight,64,32,512,16384,0,16383,0,65536,65596,True
model.safetensors,blocks.2.attn.c_q.weight,96,32,512,16384,0,16384,0,65536,65600,True
model.safetensors,blocks.2.attn.c_q.weight,128,32,512,16384,0,16384,0,65536,65600,True
model.safetensors,blocks.2.attn.c_q.weight,160,32,512,16384,0,16381,0,65536,65588,True
model.safetensors,blocks.2.attn.c_q.weight,192,32,512,16384,0,16383,0,65536,65596,True
model.safetensors,blocks.2.attn.c_q.weight,224,32,512,16384,0,16382,0,65536,65592,True
model.safetensors,blocks.2.attn.c_q.weight,256,32,512,16384,0,16382,0,65536,65592,True
model.safetensors,blocks.2.attn.c_q.weight,288,32,512,16384,0,16376,0,65536,65568,True
model.safetensors,blocks.2.attn.c_q.weight,320,32,512,16384,0,16383,0,65536,65596,True
model.safetensors,blocks.2.attn.c_q.weight,352,32,512,16384,0,16382,0,65536,65592,True
model.safetensors,blocks.2.attn.c_q.weight,384,32,512,16384,0,16381,0,65536,65588,True
model.safetensors,blocks.2.attn.c_q.weight,416,32,512,16384,0,16381,0,65536,65588,True
model.safetensors,blocks.2.attn.c_q.weight,448,32,512,16384,0,16379,0,65536,65580,True
model.safetensors,blocks.2.attn.c_q.weight,480,32,512,16384,0,16382,0,65536,65592,True
model.safetensors,blocks.2.attn.c_v.weight,0,32,512,16384,0,16382,0,65536,65592,True
model.safetensors,blocks.2.attn.c_v.weight,32,32,512,16384,0,16382,0,65536,65592,True
model.safetensors,blocks.2.attn.c_v.weight,64,32,512,16384,0,16382,0,65536,65592,True
model.safetensors,blocks.2.attn.c_v.weight,96,32,512,16384,0,16383,0,65536,65596,True
model.safetensors,blocks.2.attn.c_v.weight,128,32,512,16384,0,16381,0,65536,65588,True
model.safetensors,blocks.2.attn.c_v.weight,160,32,512,16384,0,16383,0,65536,65596,True
model.safetensors,blocks.2.attn.c_v.weight,192,32,512,16384,0,16379,0,65536,65580,True
model.safetensors,blocks.2.attn.c_v.weight,224,32,512,16384,0,16384,0,65536,65600,True
model.safetensors,blocks.2.attn.c_v.weight,256,32,512,16384,0,16383,0,65536,65596,True
model.safetensors,blocks.2.attn.c_v.weight,288,32,512,16384,0,16383,0,65536,65596,True
model.safetensors,blocks.2.attn.c_v.weight,320,32,512,16384,0,16383,0,65536,65596,True
model.safetensors,blocks.2.attn.c_v.weight,352,32,512,16384,0,16381,0,65536,65588,True
model.safetensors,blocks.2.attn.c_v.weight,384,32,512,16384,0,16382,0,65536,65592,True
model.safetensors,blocks.2.attn.c_v.weight,416,32,512,16384,0,16382,0,65536,65592,True
model.safetensors,blocks.2.attn.c_v.weight,448,32,512,16384,0,16383,0,65536,65596,True
model.safetensors,blocks.2.attn.c_v.weight,480,32,512,16384,0,16380,0,65536,65584,True
model.safetensors,blocks.2.mlp.c_fc.weight,0,32,512,16384,0,16382,0,65536,65592,True
model.safetensors,blocks.2.mlp.c_fc.weight,32,32,512,16384,0,16383,0,65536,65596,True
model.safetensors,blocks.2.mlp.c_fc.weight,64,32,512,16384,0,16383,0,65536,65596,True
model.safetensors,blocks.2.mlp.c_fc.weight,96,32,512,16384,0,16382,0,65536,65592,True
model.safetensors,blocks.2.mlp.c_fc.weight,128,32,512,16384,0,16383,0,65536,65596,True
model.safetensors,blocks.2.mlp.c_fc.weight,160,32,512,16384,0,16384,0,65536,65600,True
model.safetensors,blocks.2.mlp.c_fc.weight,192,32,512,16384,0,16384,0,65536,65600,True
model.safetensors,blocks.2.mlp.c_fc.weight,224,32,512,16384,0,16382,0,65536,65592,True
model.safetensors,blocks.2.mlp.c_fc.weight,256,32,512,16384,0,16382,0,65536,65592,True
model.safetensors,blocks.2.mlp.c_fc.weight,288,32,512,16384,0,16383,0,65536,65596,True
model.safetensors,blocks.2.mlp.c_fc.weight,320,32,512,16384,0,16382,0,65536,65592,True
model.safetensors,blocks.2.mlp.c_fc.weight,352,32,512,16384,0,16383,0,65536,65596,True
model.safetensors,blocks.2.mlp.c_fc.weight,384,32,512,16384,0,16382,0,65536,65592,True
model.safetensors,blocks.2.mlp.c_fc.weight,416,32,512,16384,0,16383,0,65536,65596,True
model.safetensors,blocks.2.mlp.c_fc.weight,448,32,512,16384,0,16383,0,65536,65596,True
model.safetensors,blocks.2.mlp.c_fc.weight,480,32,512,16384,0,16384,0,65536,65600,True
model.safetensors,blocks.2.mlp.c_fc.weight,512,32,512,16384,0,16381,0,65536,65588,True
model.safetensors,blocks.2.mlp.c_fc.weight,544,32,512,16384,0,16383,0,65536,65596,True
model.safetensors,blocks.2.mlp.c_fc.weight,576,32,512,16384,0,16382,0,65536,65592,True
model.safetensors,blocks.2.mlp.c_fc.weight,608,32,512,16384,0,16380,0,65536,65584,True
model.safetensors,blocks.2.mlp.c_fc.weight,640,32,512,16384,0,16383,0,65536,65596,True
model.safetensors,blocks.2.mlp.c_fc.weight,672,32,512,16384,0,16381,0,65536,65588,True
model.safetensors,blocks.2.mlp.c_fc.weight,704,32,512,16384,0,16382,0,65536,65592,True
model.safetensors,blocks.2.mlp.c_fc.weight,736,32,512,16384,0,16383,0,65536,65596,True
model.safetensors,blocks.2.mlp.c_fc.weight,768,32,512,16384,0,16381,0,65536,65588,True
model.safetensors,blocks.2.mlp.c_fc.weight,800,32,512,16384,0,16382,0,65536,65592,True
model.safetensors,blocks.2.mlp.c_fc.weight,832,32,512,16384,0,16382,0,65536,65592,True
model.safetensors,blocks.2.mlp.c_fc.weight,864,32,512,16384,0,16383,0,65536,65596,True
model.safetensors,blocks.2.mlp.c_fc.weight,896,32,512,16384,0,16384,0,65536,65600,True
model.safetensors,blocks.2.mlp.c_fc.weight,928,32,512,16384,0,16383,0,65536,65596,True
model.safetensors,blocks.2.mlp.c_fc.weight,960,32,512,16384,0,16383,0,65536,65596,True
model.safetensors,blocks.2.mlp.c_fc.weight,992,32,512,16384,0,16383,0,65536,65596,True
model.safetensors,blocks.2.mlp.c_fc.weight,1024,32,512,16384,0,16381,0,65536,65588,True
model.safetensors,blocks.2.mlp.c_fc.weight,1056,32,512,16384,0,16382,0,65536,65592,True
model.safetensors,blocks.2.mlp.c_fc.weight,1088,32,512,16384,0,16381,0,65536,65588,True
model.safetensors,blocks.2.mlp.c_fc.weight,1120,32,512,16384,0,16382,0,65536,65592,True
model.safetensors,blocks.2.mlp.c_fc.weight,1152,32,512,16384,0,16380,0,65536,65584,True
model.safetensors,blocks.2.mlp.c_fc.weight,1184,32,512,16384,0,16381,0,65536,65588,True
model.safetensors,blocks.2.mlp.c_fc.weight,1216,32,512,16384,0,16383,0,65536,65596,True
model.safetensors,blocks.2.mlp.c_fc.weight,1248,32,512,16384,0,16383,0,65536,65596,True
model.safetensors,blocks.2.mlp.c_fc.weight,1280,32,512,16384,0,16382,0,65536,65592,True
model.safetensors,blocks.2.mlp.c_fc.weight,1312,32,512,16384,0,16384,0,65536,65600,True
model.safetensors,blocks.2.mlp.c_fc.weight,1344,32,512,16384,0,16382,0,65536,65592,True
model.safetensors,blocks.2.mlp.c_fc.weight,1376,32,512,16384,0,16382,0,65536,65592,True
model.safetensors,blocks.2.mlp.c_fc.weight,1408,32,512,16384,0,16380,0,65536,65584,True
model.safetensors,blocks.2.mlp.c_fc.weight,1440,32,512,16384,0,16383,0,65536,65596,True
model.safetensors,blocks.2.mlp.c_fc.weight,1472,32,512,16384,0,16384,0,65536,65600,True
model.safetensors,blocks.2.mlp.c_fc.weight,1504,32,512,16384,0,16383,0,65536,65596,True
model.safetensors,blocks.2.mlp.c_fc.weight,1536,32,512,16384,0,16384,0,65536,65600,True
model.safetensors,blocks.2.mlp.c_fc.weight,1568,32,512,16384,0,16382,0,65536,65592,True
model.safetensors,blocks.2.mlp.c_fc.weight,1600,32,512,16384,0,16382,0,65536,65592,True
model.safetensors,blocks.2.mlp.c_fc.weight,1632,32,512,16384,0,16381,0,65536,65588,True
model.safetensors,blocks.2.mlp.c_fc.weight,1664,32,512,16384,0,16384,0,65536,65600,True
model.safetensors,blocks.2.mlp.c_fc.weight,1696,32,512,16384,0,16382,0,65536,65592,True
model.safetensors,blocks.2.mlp.c_fc.weight,1728,32,512,16384,0,16382,0,65536,65592,True
model.safetensors,blocks.2.mlp.c_fc.weight,1760,32,512,16384,0,16383,0,65536,65596,True
model.safetensors,blocks.2.mlp.c_fc.weight,1792,32,512,16384,0,16381,0,65536,65588,True
model.safetensors,blocks.2.mlp.c_fc.weight,1824,32,512,16384,0,16382,0,65536,65592,True
model.safetensors,blocks.2.mlp.c_fc.weight,1856,32,512,16384,0,16382,0,65536,65592,True
model.safetensors,blocks.2.mlp.c_fc.weight,1888,32,512,16384,0,16382,0,65536,65592,True
model.safetensors,blocks.2.mlp.c_fc.weight,1920,32,512,16384,0,16380,0,65536,65584,True
model.safetensors,blocks.2.mlp.c_fc.weight,1952,32,512,16384,0,16381,0,65536,65588,True
model.safetensors,blocks.2.mlp.c_fc.weight,1984,32,512,16384,0,16381,0,65536,65588,True
model.safetensors,blocks.2.mlp.c_fc.weight,2016,32,512,16384,0,16382,0,65536,65592,True
model.safetensors,blocks.2.mlp.c_proj.weight,0,32,2048,65536,0,65516,0,262144,262128,True
model.safetensors,blocks.2.mlp.c_proj.weight,32,32,2048,65536,0,65500,0,262144,262064,True
model.safetensors,blocks.2.mlp.c_proj.weight,64,32,2048,65536,0,65521,0,262144,262148,True
model.safetensors,blocks.2.mlp.c_proj.weight,96,32,2048,65536,0,65516,0,262144,262128,True
model.safetensors,blocks.2.mlp.c_proj.weight,128,32,2048,65536,0,65511,0,262144,262108,True
model.safetensors,blocks.2.mlp.c_proj.weight,160,32,2048,65536,0,65506,0,262144,262088,True
model.safetensors,blocks.2.mlp.c_proj.weight,192,32,2048,65536,0,65508,0,262144,262096,True
model.safetensors,blocks.2.mlp.c_proj.weight,224,32,2048,65536,0,65514,0,262144,262120,True
model.safetensors,blocks.2.mlp.c_proj.weight,256,32,2048,65536,0,65520,0,262144,262144,True
model.safetensors,blocks.2.mlp.c_proj.weight,288,32,2048,65536,0,65507,0,262144,262092,True
model.safetensors,blocks.2.mlp.c_proj.weight,320,32,2048,65536,0,65510,0,262144,262104,True
model.safetensors,blocks.2.mlp.c_proj.weight,352,32,2048,65536,0,65503,0,262144,262076,True
model.safetensors,blocks.2.mlp.c_proj.weight,384,32,2048,65536,0,65515,0,262144,262124,True
model.safetensors,blocks.2.mlp.c_proj.weight,416,32,2048,65536,0,65510,0,262144,262104,True
model.safetensors,blocks.2.mlp.c_proj.weight,448,32,2048,65536,0,65504,0,262144,262080,True
model.safetensors,blocks.2.mlp.c_proj.weight,480,32,2048,65536,0,65511,0,262144,262108,True
model.safetensors,blocks.3.attn.c_k.weight,0,32,512,16384,0,16382,0,65536,65592,True
model.safetensors,blocks.3.attn.c_k.weight,32,32,512,16384,0,16382,0,65536,65592,True
model.safetensors,blocks.3.attn.c_k.weight,64,32,512,16384,0,16382,0,65536,65592,True
model.safetensors,blocks.3.attn.c_k.weight,96,32,512,16384,0,16383,0,65536,65596,True
model.safetensors,blocks.3.attn.c_k.weight,128,32,512,16384,0,16382,0,65536,65592,True
model.safetensors,blocks.3.attn.c_k.weight,160,32,512,16384,0,16381,0,65536,65588,True
model.safetensors,blocks.3.attn.c_k.weight,192,32,512,16384,0,16383,0,65536,65596,True
model.safetensors,blocks.3.attn.c_k.weight,224,32,512,16384,0,16381,0,65536,65588,True
model.safetensors,blocks.3.attn.c_k.weight,256,32,512,16384,0,16384,0,65536,65600,True
model.safetensors,blocks.3.attn.c_k.weight,288,32,512,16384,0,16383,0,65536,65596,True
model.safetensors,blocks.3.attn.c_k.weight,320,32,512,16384,0,16383,0,65536,65596,True
model.safetensors,blocks.3.attn.c_k.weight,352,32,512,16384,0,16384,0,65536,65600,True
model.safetensors,blocks.3.attn.c_k.weight,384,32,512,16384,0,16383,0,65536,65596,True
model.safetensors,blocks.3.attn.c_k.weight,416,32,512,16384,0,16381,0,65536,65588,True
model.safetensors,blocks.3.attn.c_k.weight,448,32,512,16384,0,16381,0,65536,65588,True
model.safetensors,blocks.3.attn.c_k.weight,480,32,512,16384,0,16384,0,65536,65600,True
model.safetensors,blocks.3.attn.c_proj.weight,0,32,512,16384,0,16384,0,65536,65600,True
model.safetensors,blocks.3.attn.c_proj.weight,32,32,512,16384,0,16384,0,65536,65600,True
model.safetensors,blocks.3.attn.c_proj.weight,64,32,512,16384,0,16383,0,65536,65596,True
model.safetensors,blocks.3.attn.c_proj.weight,96,32,512,16384,0,16382,0,65536,65592,True
model.safetensors,blocks.3.attn.c_proj.weight,128,32,512,16384,0,16381,0,65536,65588,True
model.safetensors,blocks.3.attn.c_proj.weight,160,32,512,16384,0,16383,0,65536,65596,True
model.safetensors,blocks.3.attn.c_proj.weight,192,32,512,16384,0,16381,0,65536,65588,True
model.safetensors,blocks.3.attn.c_proj.weight,224,32,512,16384,0,16381,0,65536,65588,True
model.safetensors,blocks.3.attn.c_proj.weight,256,32,512,16384,0,16384,0,65536,65600,True
model.safetensors,blocks.3.attn.c_proj.weight,288,32,512,16384,0,16382,0,65536,65592,True
model.safetensors,blocks.3.attn.c_proj.weight,320,32,512,16384,0,16379,0,65536,65580,True
model.safetensors,blocks.3.attn.c_proj.weight,352,32,512,16384,0,16382,0,65536,65592,True
model.safetensors,blocks.3.attn.c_proj.weight,384,32,512,16384,0,16380,0,65536,65584,True
model.safetensors,blocks.3.attn.c_proj.weight,416,32,512,16384,0,16381,0,65536,65588,True
model.safetensors,blocks.3.attn.c_proj.weight,448,32,512,16384,0,16383,0,65536,65596,True
model.safetensors,blocks.3.attn.c_proj.weight,480,32,512,16384,0,16383,0,65536,65596,True
model.safetensors,blocks.3.attn.c_q.weight,0,32,512,16384,0,16383,0,65536,65596,True
model.safetensors,blocks.3.attn.c_q.weight,32,32,512,16384,0,16383,0,65536,65596,True
model.safetensors,blocks.3.attn.c_q.weight,64,32,512,16384,0,16381,0,65536,65588,True
model.safetensors,blocks.3.attn.c_q.weight,96,32,512,16384,0,16382,0,65536,65592,True
model.safetensors,blocks.3.attn.c_q.weight,128,32,512,16384,0,16384,0,65536,65600,True
model.safetensors,blocks.3.attn.c_q.weight,160,32,512,16384,0,16383,0,65536,65596,True
model.safetensors,blocks.3.attn.c_q.weight,192,32,512,16384,0,16378,0,65536,65576,True
model.safetensors,blocks.3.attn.c_q.weight,224,32,512,16384,0,16381,0,65536,65588,True
model.safetensors,blocks.3.attn.c_q.weight,256,32,512,16384,0,16382,0,65536,65592,True
model.safetensors,blocks.3.attn.c_q.weight,288,32,512,16384,0,16383,0,65536,65596,True
model.safetensors,blocks.3.attn.c_q.weight,320,32,512,16384,0,16383,0,65536,65596,True
model.safetensors,blocks.3.attn.c_q.weight,352,32,512,16384,0,16383,0,65536,65596,True
model.safetensors,blocks.3.attn.c_q.weight,384,32,512,16384,0,16383,0,65536,65596,True
model.safetensors,blocks.3.attn.c_q.weight,416,32,512,16384,0,16382,0,65536,65592,True
model.safetensors,blocks.3.attn.c_q.weight,448,32,512,16384,0,16379,0,65536,65580,True
model.safetensors,blocks.3.attn.c_q.weight,480,32,512,16384,0,16383,0,65536,65596,True
model.safetensors,blocks.3.attn.c_v.weight,0,32,512,16384,0,16382,0,65536,65592,True
model.safetensors,blocks.3.attn.c_v.weight,32,32,512,16384,0,16383,0,65536,65596,True
model.safetensors,blocks.3.attn.c_v.weight,64,32,512,16384,0,16384,0,65536,65600,True
model.safetensors,blocks.3.attn.c_v.weight,96,32,512,16384,0,16383,0,65536,65596,True
model.safetensors,blocks.3.attn.c_v.weight,128,32,512,16384,0,16383,0,65536,65596,True
model.safetensors,blocks.3.attn.c_v.weight,160,32,512,16384,0,16384,0,65536,65600,True
model.safetensors,blocks.3.attn.c_v.weight,192,32,512,16384,0,16380,0,65536,65584,True
model.safetensors,blocks.3.attn.c_v.weight,224,32,512,16384,0,16378,0,65536,65576,True
model.safetensors,blocks.3.attn.c_v.weight,256,32,512,16384,0,16381,0,65536,65588,True
model.safetensors,blocks.3.attn.c_v.weight,288,32,512,16384,0,16382,0,65536,65592,True
model.safetensors,blocks.3.attn.c_v.weight,320,32,512,16384,0,16383,0,65536,65596,True
model.safetensors,blocks.3.attn.c_v.weight,352,32,512,16384,0,16381,0,65536,65588,True
model.safetensors,blocks.3.attn.c_v.weight,384,32,512,16384,0,16382,0,65536,65592,True
model.safetensors,blocks.3.attn.c_v.weight,416,32,512,16384,0,16383,0,65536,65596,True
model.safetensors,blocks.3.attn.c_v.weight,448,32,512,16384,0,16381,0,65536,65588,True
model.safetensors,blocks.3.attn.c_v.weight,480,32,512,16384,0,16380,0,65536,65584,True
model.safetensors,blocks.3.attn.ve_gate.weight,0,4,32,128,0,128,0,512,576,True
model.safetensors,blocks.3.mlp.c_fc.weight,0,32,512,16384,0,16384,0,65536,65600,True
model.safetensors,blocks.3.mlp.c_fc.weight,32,32,512,16384,0,16380,0,65536,65584,True
model.safetensors,blocks.3.mlp.c_fc.weight,64,32,512,16384,0,16383,0,65536,65596,True
model.safetensors,blocks.3.mlp.c_fc.weight,96,32,512,16384,0,16383,0,65536,65596,True
model.safetensors,blocks.3.mlp.c_fc.weight,128,32,512,16384,0,16383,0,65536,65596,True
model.safetensors,blocks.3.mlp.c_fc.weight,160,32,512,16384,0,16382,0,65536,65592,True
model.safetensors,blocks.3.mlp.c_fc.weight,192,32,512,16384,0,16380,0,65536,65584,True
model.safetensors,blocks.3.mlp.c_fc.weight,224,32,512,16384,0,16383,0,65536,65596,True
model.safetensors,blocks.3.mlp.c_fc.weight,256,32,512,16384,0,16384,0,65536,65600,True
model.safetensors,blocks.3.mlp.c_fc.weight,288,32,512,16384,0,16382,0,65536,65592,True
model.safetensors,blocks.3.mlp.c_fc.weight,320,32,512,16384,0,16384,0,65536,65600,True
model.safetensors,blocks.3.mlp.c_fc.weight,352,32,512,16384,0,16384,0,65536,65600,True
model.safetensors,blocks.3.mlp.c_fc.weight,384,32,512,16384,0,16382,0,65536,65592,True
model.safetensors,blocks.3.mlp.c_fc.weight,416,32,512,16384,0,16380,0,65536,65584,True
model.safetensors,blocks.3.mlp.c_fc.weight,448,32,512,16384,0,16380,0,65536,65584,True
model.safetensors,blocks.3.mlp.c_fc.weight,480,32,512,16384,0,16382,0,65536,65592,True
model.safetensors,blocks.3.mlp.c_fc.weight,512,32,512,16384,0,16382,0,65536,65592,True
model.safetensors,blocks.3.mlp.c_fc.weight,544,32,512,16384,0,16383,0,65536,65596,True
model.safetensors,blocks.3.mlp.c_fc.weight,576,32,512,16384,0,16382,0,65536,65592,True
model.safetensors,blocks.3.mlp.c_fc.weight,608,32,512,16384,0,16381,0,65536,65588,True
model.safetensors,blocks.3.mlp.c_fc.weight,640,32,512,16384,0,16384,0,65536,65600,True
model.safetensors,blocks.3.mlp.c_fc.weight,672,32,512,16384,0,16383,0,65536,65596,True
model.safetensors,blocks.3.mlp.c_fc.weight,704,32,512,16384,0,16384,0,65536,65600,True
model.safetensors,blocks.3.mlp.c_fc.weight,736,32,512,16384,0,16383,0,65536,65596,True
model.safetensors,blocks.3.mlp.c_fc.weight,768,32,512,16384,0,16383,0,65536,65596,True
model.safetensors,blocks.3.mlp.c_fc.weight,800,32,512,16384,0,16381,0,65536,65588,True
model.safetensors,blocks.3.mlp.c_fc.weight,832,32,512,16384,0,16382,0,65536,65592,True
model.safetensors,blocks.3.mlp.c_fc.weight,864,32,512,16384,0,16381,0,65536,65588,True
model.safetensors,blocks.3.mlp.c_fc.weight,896,32,512,16384,0,16381,0,65536,65588,True
model.safetensors,blocks.3.mlp.c_fc.weight,928,32,512,16384,0,16381,0,65536,65588,True
model.safetensors,blocks.3.mlp.c_fc.weight,960,32,512,16384,0,16382,0,65536,65592,True
model.safetensors,blocks.3.mlp.c_fc.weight,992,32,512,16384,0,16382,0,65536,65592,True
model.safetensors,blocks.3.mlp.c_fc.weight,1024,32,512,16384,0,16383,0,65536,65596,True
model.safetensors,blocks.3.mlp.c_fc.weight,1056,32,512,16384,0,16382,0,65536,65592,True
model.safetensors,blocks.3.mlp.c_fc.weight,1088,32,512,16384,0,16383,0,65536,65596,True
model.safetensors,blocks.3.mlp.c_fc.weight,1120,32,512,16384,0,16383,0,65536,65596,True
model.safetensors,blocks.3.mlp.c_fc.weight,1152,32,512,16384,0,16380,0,65536,65584,True
model.safetensors,blocks.3.mlp.c_fc.weight,1184,32,512,16384,0,16381,0,65536,65588,True
model.safetensors,blocks.3.mlp.c_fc.weight,1216,32,512,16384,0,16382,0,65536,65592,True
model.safetensors,blocks.3.mlp.c_fc.weight,1248,32,512,16384,0,16382,0,65536,65592,True
model.safetensors,blocks.3.mlp.c_fc.weight,1280,32,512,16384,0,16379,0,65536,65580,True
model.safetensors,blocks.3.mlp.c_fc.weight,1312,32,512,16384,0,16382,0,65536,65592,True
model.safetensors,blocks.3.mlp.c_fc.weight,1344,32,512,16384,0,16382,0,65536,65592,True
model.safetensors,blocks.3.mlp.c_fc.weight,1376,32,512,16384,0,16381,0,65536,65588,True
model.safetensors,blocks.3.mlp.c_fc.weight,1408,32,512,16384,0,16382,0,65536,65592,True
model.safetensors,blocks.3.mlp.c_fc.weight,1440,32,512,16384,0,16382,0,65536,65592,True
model.safetensors,blocks.3.mlp.c_fc.weight,1472,32,512,16384,0,16382,0,65536,65592,True
model.safetensors,blocks.3.mlp.c_fc.weight,1504,32,512,16384,0,16383,0,65536,65596,True
model.safetensors,blocks.3.mlp.c_fc.weight,1536,32,512,16384,0,16379,0,65536,65580,True
model.safetensors,blocks.3.mlp.c_fc.weight,1568,32,512,16384,0,16382,0,65536,65592,True
model.safetensors,blocks.3.mlp.c_fc.weight,1600,32,512,16384,0,16379,0,65536,65580,True
model.safetensors,blocks.3.mlp.c_fc.weight,1632,32,512,16384,0,16384,0,65536,65600,True
model.safetensors,blocks.3.mlp.c_fc.weight,1664,32,512,16384,0,16382,0,65536,65592,True
model.safetensors,blocks.3.mlp.c_fc.weight,1696,32,512,16384,0,16383,0,65536,65596,True
model.safetensors,blocks.3.mlp.c_fc.weight,1728,32,512,16384,0,16382,0,65536,65592,True
model.safetensors,blocks.3.mlp.c_fc.weight,1760,32,512,16384,0,16381,0,65536,65588,True
model.safetensors,blocks.3.mlp.c_fc.weight,1792,32,512,16384,0,16383,0,65536,65596,True
model.safetensors,blocks.3.mlp.c_fc.weight,1824,32,512,16384,0,16384,0,65536,65600,True
model.safetensors,blocks.3.mlp.c_fc.weight,1856,32,512,16384,0,16382,0,65536,65592,True
model.safetensors,blocks.3.mlp.c_fc.weight,1888,32,512,16384,0,16382,0,65536,65592,True
model.safetensors,blocks.3.mlp.c_fc.weight,1920,32,512,16384,0,16384,0,65536,65600,True
model.safetensors,blocks.3.mlp.c_fc.weight,1952,32,512,16384,0,16384,0,65536,65600,True
model.safetensors,blocks.3.mlp.c_fc.weight,1984,32,512,16384,0,16382,0,65536,65592,True
model.safetensors,blocks.3.mlp.c_fc.weight,2016,32,512,16384,0,16383,0,65536,65596,True
model.safetensors,blocks.3.mlp.c_proj.weight,0,32,2048,65536,0,65508,0,262144,262096,True
model.safetensors,blocks.3.mlp.c_proj.weight,32,32,2048,65536,0,65512,0,262144,262112,True
model.safetensors,blocks.3.mlp.c_proj.weight,64,32,2048,65536,0,65515,0,262144,262124,True
model.safetensors,blocks.3.mlp.c_proj.weight,96,32,2048,65536,0,65508,0,262144,262096,True
model.safetensors,blocks.3.mlp.c_proj.weight,128,32,2048,65536,0,65508,0,262144,262096,True
model.safetensors,blocks.3.mlp.c_proj.weight,160,32,2048,65536,0,65502,0,262144,262072,True
model.safetensors,blocks.3.mlp.c_proj.weight,192,32,2048,65536,0,65510,0,262144,262104,True
model.safetensors,blocks.3.mlp.c_proj.weight,224,32,2048,65536,0,65511,0,262144,262108,True
model.safetensors,blocks.3.mlp.c_proj.weight,256,32,2048,65536,0,65519,0,262144,262140,True
model.safetensors,blocks.3.mlp.c_proj.weight,288,32,2048,65536,0,65515,0,262144,262124,True
model.safetensors,blocks.3.mlp.c_proj.weight,320,32,2048,65536,0,65519,0,262144,262140,True
model.safetensors,blocks.3.mlp.c_proj.weight,352,32,2048,65536,0,65509,0,262144,262100,True
model.safetensors,blocks.3.mlp.c_proj.weight,384,32,2048,65536,0,65509,0,262144,262100,True
model.safetensors,blocks.3.mlp.c_proj.weight,416,32,2048,65536,0,65521,0,262144,262148,True
model.safetensors,blocks.3.mlp.c_proj.weight,448,32,2048,65536,0,65502,0,262144,262072,True
model.safetensors,blocks.3.mlp.c_proj.weight,480,32,2048,65536,0,65513,0,262144,262116,True
model.safetensors,blocks.4.attn.c_k.weight,0,32,512,16384,0,16384,0,65536,65600,True
model.safetensors,blocks.4.attn.c_k.weight,32,32,512,16384,0,16381,0,65536,65588,True
model.safetensors,blocks.4.attn.c_k.weight,64,32,512,16384,0,16382,0,65536,65592,True
model.safetensors,blocks.4.attn.c_k.weight,96,32,512,16384,0,16381,0,65536,65588,True
model.safetensors,blocks.4.attn.c_k.weight,128,32,512,16384,0,16382,0,65536,65592,True
model.safetensors,blocks.4.attn.c_k.weight,160,32,512,16384,0,16384,0,65536,65600,True
model.safetensors,blocks.4.attn.c_k.weight,192,32,512,16384,0,16383,0,65536,65596,True
model.safetensors,blocks.4.attn.c_k.weight,224,32,512,16384,0,16384,0,65536,65600,True
model.safetensors,blocks.4.attn.c_k.weight,256,32,512,16384,0,16381,0,65536,65588,True
model.safetensors,blocks.4.attn.c_k.weight,288,32,512,16384,0,16382,0,65536,65592,True
model.safetensors,blocks.4.attn.c_k.weight,320,32,512,16384,0,16382,0,65536,65592,True
model.safetensors,blocks.4.attn.c_k.weight,352,32,512,16384,0,16383,0,65536,65596,True
model.safetensors,blocks.4.attn.c_k.weight,384,32,512,16384,0,16382,0,65536,65592,True
model.safetensors,blocks.4.attn.c_k.weight,416,32,512,16384,0,16380,0,65536,65584,True
model.safetensors,blocks.4.attn.c_k.weight,448,32,512,16384,0,16383,0,65536,65596,True
model.safetensors,blocks.4.attn.c_k.weight,480,32,512,16384,0,16382,0,65536,65592,True
model.safetensors,blocks.4.attn.c_proj.weight,0,32,512,16384,0,16384,0,65536,65600,True
model.safetensors,blocks.4.attn.c_proj.weight,32,32,512,16384,0,16382,0,65536,65592,True
model.safetensors,blocks.4.attn.c_proj.weight,64,32,512,16384,0,16384,0,65536,65600,True
model.safetensors,blocks.4.attn.c_proj.weight,96,32,512,16384,0,16381,0,65536,65588,True
model.safetensors,blocks.4.attn.c_proj.weight,128,32,512,16384,0,16383,0,65536,65596,True
model.safetensors,blocks.4.attn.c_proj.weight,160,32,512,16384,0,16380,0,65536,65584,True
model.safetensors,blocks.4.attn.c_proj.weight,192,32,512,16384,0,16384,0,65536,65600,True
model.safetensors,blocks.4.attn.c_proj.weight,224,32,512,16384,0,16384,0,65536,65600,True
model.safetensors,blocks.4.attn.c_proj.weight,256,32,512,16384,0,16379,0,65536,65580,True
model.safetensors,blocks.4.attn.c_proj.weight,288,32,512,16384,0,16381,0,65536,65588,True
model.safetensors,blocks.4.attn.c_proj.weight,320,32,512,16384,0,16383,0,65536,65596,True
model.safetensors,blocks.4.attn.c_proj.weight,352,32,512,16384,0,16380,0,65536,65584,True
model.safetensors,blocks.4.attn.c_proj.weight,384,32,512,16384,0,16382,0,65536,65592,True
model.safetensors,blocks.4.attn.c_proj.weight,416,32,512,16384,0,16383,0,65536,65596,True
model.safetensors,blocks.4.attn.c_proj.weight,448,32,512,16384,0,16383,0,65536,65596,True
model.safetensors,blocks.4.attn.c_proj.weight,480,32,512,16384,0,16381,0,65536,65588,True
model.safetensors,blocks.4.attn.c_q.weight,0,32,512,16384,0,16382,0,65536,65592,True
model.safetensors,blocks.4.attn.c_q.weight,32,32,512,16384,0,16383,0,65536,65596,True
model.safetensors,blocks.4.attn.c_q.weight,64,32,512,16384,0,16383,0,65536,65596,True
model.safetensors,blocks.4.attn.c_q.weight,96,32,512,16384,0,16382,0,65536,65592,True
model.safetensors,blocks.4.attn.c_q.weight,128,32,512,16384,0,16382,0,65536,65592,True
model.safetensors,blocks.4.attn.c_q.weight,160,32,512,16384,0,16383,0,65536,65596,True
model.safetensors,blocks.4.attn.c_q.weight,192,32,512,16384,0,16382,0,65536,65592,True
model.safetensors,blocks.4.attn.c_q.weight,224,32,512,16384,0,16383,0,65536,65596,True
model.safetensors,blocks.4.attn.c_q.weight,256,32,512,16384,0,16382,0,65536,65592,True
model.safetensors,blocks.4.attn.c_q.weight,288,32,512,16384,0,16383,0,65536,65596,True
model.safetensors,blocks.4.attn.c_q.weight,320,32,512,16384,0,16383,0,65536,65596,True
model.safetensors,blocks.4.attn.c_q.weight,352,32,512,16384,0,16384,0,65536,65600,True
model.safetensors,blocks.4.attn.c_q.weight,384,32,512,16384,0,16381,0,65536,65588,True
model.safetensors,blocks.4.attn.c_q.weight,416,32,512,16384,0,16383,0,65536,65596,True
model.safetensors,blocks.4.attn.c_q.weight,448,32,512,16384,0,16382,0,65536,65592,True
model.safetensors,blocks.4.attn.c_q.weight,480,32,512,16384,0,16381,0,65536,65588,True
model.safetensors,blocks.4.attn.c_v.weight,0,32,512,16384,0,16381,0,65536,65588,True
model.safetensors,blocks.4.attn.c_v.weight,32,32,512,16384,0,16382,0,65536,65592,True
model.safetensors,blocks.4.attn.c_v.weight,64,32,512,16384,0,16384,0,65536,65600,True
model.safetensors,blocks.4.attn.c_v.weight,96,32,512,16384,0,16384,0,65536,65600,True
model.safetensors,blocks.4.attn.c_v.weight,128,32,512,16384,0,16383,0,65536,65596,True
model.safetensors,blocks.4.attn.c_v.weight,160,32,512,16384,0,16383,0,65536,65596,True
model.safetensors,blocks.4.attn.c_v.weight,192,32,512,16384,0,16383,0,65536,65596,True
model.safetensors,blocks.4.attn.c_v.weight,224,32,512,16384,0,16383,0,65536,65596,True
model.safetensors,blocks.4.attn.c_v.weight,256,32,512,16384,0,16382,0,65536,65592,True
model.safetensors,blocks.4.attn.c_v.weight,288,32,512,16384,0,16383,0,65536,65596,True
model.safetensors,blocks.4.attn.c_v.weight,320,32,512,16384,0,16381,0,65536,65588,True
model.safetensors,blocks.4.attn.c_v.weight,352,32,512,16384,0,16381,0,65536,65588,True
model.safetensors,blocks.4.attn.c_v.weight,384,32,512,16384,0,16381,0,65536,65588,True
model.safetensors,blocks.4.attn.c_v.weight,416,32,512,16384,0,16383,0,65536,65596,True
model.safetensors,blocks.4.attn.c_v.weight,448,32,512,16384,0,16384,0,65536,65600,True
model.safetensors,blocks.4.attn.c_v.weight,480,32,512,16384,0,16384,0,65536,65600,True
model.safetensors,blocks.4.mlp.c_fc.weight,0,32,512,16384,0,16382,0,65536,65592,True
model.safetensors,blocks.4.mlp.c_fc.weight,32,32,512,16384,0,16384,0,65536,65600,True
model.safetensors,blocks.4.mlp.c_fc.weight,64,32,512,16384,0,16382,0,65536,65592,True
model.safetensors,blocks.4.mlp.c_fc.weight,96,32,512,16384,0,16383,0,65536,65596,True
model.safetensors,blocks.4.mlp.c_fc.weight,128,32,512,16384,0,16381,0,65536,65588,True
model.safetensors,blocks.4.mlp.c_fc.weight,160,32,512,16384,0,16381,0,65536,65588,True
model.safetensors,blocks.4.mlp.c_fc.weight,192,32,512,16384,0,16382,0,65536,65592,True
model.safetensors,blocks.4.mlp.c_fc.weight,224,32,512,16384,0,16379,0,65536,65580,True
model.safetensors,blocks.4.mlp.c_fc.weight,256,32,512,16384,0,16383,0,65536,65596,True
model.safetensors,blocks.4.mlp.c_fc.weight,288,32,512,16384,0,16383,0,65536,65596,True
model.safetensors,blocks.4.mlp.c_fc.weight,320,32,512,16384,0,16382,0,65536,65592,True
model.safetensors,blocks.4.mlp.c_fc.weight,352,32,512,16384,0,16383,0,65536,65596,True
model.safetensors,blocks.4.mlp.c_fc.weight,384,32,512,16384,0,16382,0,65536,65592,True
model.safetensors,blocks.4.mlp.c_fc.weight,416,32,512,16384,0,16380,0,65536,65584,True
model.safetensors,blocks.4.mlp.c_fc.weight,448,32,512,16384,0,16382,0,65536,65592,True
model.safetensors,blocks.4.mlp.c_fc.weight,480,32,512,16384,0,16383,0,65536,65596,True
model.safetensors,blocks.4.mlp.c_fc.weight,512,32,512,16384,0,16384,0,65536,65600,True
model.safetensors,blocks.4.mlp.c_fc.weight,544,32,512,16384,0,16383,0,65536,65596,True
model.safetensors,blocks.4.mlp.c_fc.weight,576,32,512,16384,0,16380,0,65536,65584,True
model.safetensors,blocks.4.mlp.c_fc.weight,608,32,512,16384,0,16382,0,65536,65592,True
model.safetensors,blocks.4.mlp.c_fc.weight,640,32,512,16384,0,16383,0,65536,65596,True
model.safetensors,blocks.4.mlp.c_fc.weight,672,32,512,16384,0,16381,0,65536,65588,True
model.safetensors,blocks.4.mlp.c_fc.weight,704,32,512,16384,0,16384,0,65536,65600,True
model.safetensors,blocks.4.mlp.c_fc.weight,736,32,512,16384,0,16380,0,65536,65584,True
model.safetensors,blocks.4.mlp.c_fc.weight,768,32,512,16384,0,16383,0,65536,65596,True
model.safetensors,blocks.4.mlp.c_fc.weight,800,32,512,16384,0,16383,0,65536,65596,True
model.safetensors,blocks.4.mlp.c_fc.weight,832,32,512,16384,0,16381,0,65536,65588,True
model.safetensors,blocks.4.mlp.c_fc.weight,864,32,512,16384,0,16384,0,65536,65600,True
model.safetensors,blocks.4.mlp.c_fc.weight,896,32,512,16384,0,16380,0,65536,65584,True
model.safetensors,blocks.4.mlp.c_fc.weight,928,32,512,16384,0,16383,0,65536,65596,True
model.safetensors,blocks.4.mlp.c_fc.weight,960,32,512,16384,0,16383,0,65536,65596,True
model.safetensors,blocks.4.mlp.c_fc.weight,992,32,512,16384,0,16382,0,65536,65592,True
model.safetensors,blocks.4.mlp.c_fc.weight,1024,32,512,16384,0,16382,0,65536,65592,True
model.safetensors,blocks.4.mlp.c_fc.weight,1056,32,512,16384,0,16383,0,65536,65596,True
model.safetensors,blocks.4.mlp.c_fc.weight,1088,32,512,16384,0,16384,0,65536,65600,True
model.safetensors,blocks.4.mlp.c_fc.weight,1120,32,512,16384,0,16381,0,65536,65588,True
model.safetensors,blocks.4.mlp.c_fc.weight,1152,32,512,16384,0,16383,0,65536,65596,True
model.safetensors,blocks.4.mlp.c_fc.weight,1184,32,512,16384,0,16381,0,65536,65588,True
model.safetensors,blocks.4.mlp.c_fc.weight,1216,32,512,16384,0,16383,0,65536,65596,True
model.safetensors,blocks.4.mlp.c_fc.weight,1248,32,512,16384,0,16384,0,65536,65600,True
model.safetensors,blocks.4.mlp.c_fc.weight,1280,32,512,16384,0,16381,0,65536,65588,True
model.safetensors,blocks.4.mlp.c_fc.weight,1312,32,512,16384,0,16384,0,65536,65600,True
model.safetensors,blocks.4.mlp.c_fc.weight,1344,32,512,16384,0,16383,0,65536,65596,True
model.safetensors,blocks.4.mlp.c_fc.weight,1376,32,512,16384,0,16383,0,65536,65596,True
model.safetensors,blocks.4.mlp.c_fc.weight,1408,32,512,16384,0,16381,0,65536,65588,True
model.safetensors,blocks.4.mlp.c_fc.weight,1440,32,512,16384,0,16382,0,65536,65592,True
model.safetensors,blocks.4.mlp.c_fc.weight,1472,32,512,16384,0,16384,0,65536,65600,True
model.safetensors,blocks.4.mlp.c_fc.weight,1504,32,512,16384,0,16382,0,65536,65592,True
model.safetensors,blocks.4.mlp.c_fc.weight,1536,32,512,16384,0,16381,0,65536,65588,True
model.safetensors,blocks.4.mlp.c_fc.weight,1568,32,512,16384,0,16381,0,65536,65588,True
model.safetensors,blocks.4.mlp.c_fc.weight,1600,32,512,16384,0,16381,0,65536,65588,True
model.safetensors,blocks.4.mlp.c_fc.weight,1632,32,512,16384,0,16384,0,65536,65600,True
model.safetensors,blocks.4.mlp.c_fc.weight,1664,32,512,16384,0,16382,0,65536,65592,True
model.safetensors,blocks.4.mlp.c_fc.weight,1696,32,512,16384,0,16381,0,65536,65588,True
model.safetensors,blocks.4.mlp.c_fc.weight,1728,32,512,16384,0,16383,0,65536,65596,True
model.safetensors,blocks.4.mlp.c_fc.weight,1760,32,512,16384,0,16380,0,65536,65584,True
model.safetensors,blocks.4.mlp.c_fc.weight,1792,32,512,16384,0,16383,0,65536,65596,True
model.safetensors,blocks.4.mlp.c_fc.weight,1824,32,512,16384,0,16382,0,65536,65592,True
model.safetensors,blocks.4.mlp.c_fc.weight,1856,32,512,16384,0,16380,0,65536,65584,True
model.safetensors,blocks.4.mlp.c_fc.weight,1888,32,512,16384,0,16383,0,65536,65596,True
model.safetensors,blocks.4.mlp.c_fc.weight,1920,32,512,16384,0,16384,0,65536,65600,True
model.safetensors,blocks.4.mlp.c_fc.weight,1952,32,512,16384,0,16383,0,65536,65596,True
model.safetensors,blocks.4.mlp.c_fc.weight,1984,32,512,16384,0,16383,0,65536,65596,True
model.safetensors,blocks.4.mlp.c_fc.weight,2016,32,512,16384,0,16384,0,65536,65600,True
model.safetensors,blocks.4.mlp.c_proj.weight,0,32,2048,65536,0,65515,0,262144,262124,True
model.safetensors,blocks.4.mlp.c_proj.weight,32,32,2048,65536,0,65513,0,262144,262116,True
model.safetensors,blocks.4.mlp.c_proj.weight,64,32,2048,65536,0,65511,0,262144,262108,True
model.safetensors,blocks.4.mlp.c_proj.weight,96,32,2048,65536,0,65512,0,262144,262112,True
model.safetensors,blocks.4.mlp.c_proj.weight,128,32,2048,65536,0,65512,0,262144,262112,True
model.safetensors,blocks.4.mlp.c_proj.weight,160,32,2048,65536,0,65515,0,262144,262124,True
model.safetensors,blocks.4.mlp.c_proj.weight,192,32,2048,65536,0,65514,0,262144,262120,True
model.safetensors,blocks.4.mlp.c_proj.weight,224,32,2048,65536,0,65512,0,262144,262112,True
model.safetensors,blocks.4.mlp.c_proj.weight,256,32,2048,65536,0,65515,0,262144,262124,True
model.safetensors,blocks.4.mlp.c_proj.weight,288,32,2048,65536,0,65513,0,262144,262116,True
model.safetensors,blocks.4.mlp.c_proj.weight,320,32,2048,65536,0,65518,0,262144,262136,True
model.safetensors,blocks.4.mlp.c_proj.weight,352,32,2048,65536,0,65516,0,262144,262128,True
model.safetensors,blocks.4.mlp.c_proj.weight,384,32,2048,65536,0,65511,0,262144,262108,True
model.safetensors,blocks.4.mlp.c_proj.weight,416,32,2048,65536,0,65505,0,262144,262084,True
model.safetensors,blocks.4.mlp.c_proj.weight,448,32,2048,65536,0,65518,0,262144,262136,True
model.safetensors,blocks.4.mlp.c_proj.weight,480,32,2048,65536,0,65509,0,262144,262100,True
model.safetensors,blocks.5.attn.c_k.weight,0,32,512,16384,0,16383,0,65536,65596,True
model.safetensors,blocks.5.attn.c_k.weight,32,32,512,16384,0,16381,0,65536,65588,True
model.safetensors,blocks.5.attn.c_k.weight,64,32,512,16384,0,16381,0,65536,65588,True
model.safetensors,blocks.5.attn.c_k.weight,96,32,512,16384,0,16382,0,65536,65592,True
model.safetensors,blocks.5.attn.c_k.weight,128,32,512,16384,0,16383,0,65536,65596,True
model.safetensors,blocks.5.attn.c_k.weight,160,32,512,16384,0,16382,0,65536,65592,True
model.safetensors,blocks.5.attn.c_k.weight,192,32,512,16384,0,16383,0,65536,65596,True
model.safetensors,blocks.5.attn.c_k.weight,224,32,512,16384,0,16383,0,65536,65596,True
model.safetensors,blocks.5.attn.c_k.weight,256,32,512,16384,0,16381,0,65536,65588,True
model.safetensors,blocks.5.attn.c_k.weight,288,32,512,16384,0,16384,0,65536,65600,True
model.safetensors,blocks.5.attn.c_k.weight,320,32,512,16384,0,16382,0,65536,65592,True
model.safetensors,blocks.5.attn.c_k.weight,352,32,512,16384,0,16379,0,65536,65580,True
model.safetensors,blocks.5.attn.c_k.weight,384,32,512,16384,0,16381,0,65536,65588,True
model.safetensors,blocks.5.attn.c_k.weight,416,32,512,16384,0,16381,0,65536,65588,True
model.safetensors,blocks.5.attn.c_k.weight,448,32,512,16384,0,16382,0,65536,65592,True
model.safetensors,blocks.5.attn.c_k.weight,480,32,512,16384,0,16382,0,65536,65592,True
model.safetensors,blocks.5.attn.c_proj.weight,0,32,512,16384,0,16381,0,65536,65588,True
model.safetensors,blocks.5.attn.c_proj.weight,32,32,512,16384,0,16381,0,65536,65588,True
model.safetensors,blocks.5.attn.c_proj.weight,64,32,512,16384,0,16383,0,65536,65596,True
model.safetensors,blocks.5.attn.c_proj.weight,96,32,512,16384,0,16383,0,65536,65596,True
model.safetensors,blocks.5.attn.c_proj.weight,128,32,512,16384,0,16382,0,65536,65592,True
model.safetensors,blocks.5.attn.c_proj.weight,160,32,512,16384,0,16383,0,65536,65596,True
model.safetensors,blocks.5.attn.c_proj.weight,192,32,512,16384,0,16382,0,65536,65592,True
model.safetensors,blocks.5.attn.c_proj.weight,224,32,512,16384,0,16383,0,65536,65596,True
model.safetensors,blocks.5.attn.c_proj.weight,256,32,512,16384,0,16383,0,65536,65596,True
model.safetensors,blocks.5.attn.c_proj.weight,288,32,512,16384,0,16383,0,65536,65596,True
model.safetensors,blocks.5.attn.c_proj.weight,320,32,512,16384,0,16380,0,65536,65584,True
model.safetensors,blocks.5.attn.c_proj.weight,352,32,512,16384,0,16383,0,65536,65596,True
model.safetensors,blocks.5.attn.c_proj.weight,384,32,512,16384,0,16383,0,65536,65596,True
model.safetensors,blocks.5.attn.c_proj.weight,416,32,512,16384,0,16383,0,65536,65596,True
model.safetensors,blocks.5.attn.c_proj.weight,448,32,512,16384,0,16381,0,65536,65588,True
model.safetensors,blocks.5.attn.c_proj.weight,480,32,512,16384,0,16381,0,65536,65588,True
model.safetensors,blocks.5.attn.c_q.weight,0,32,512,16384,0,16384,0,65536,65600,True
model.safetensors,blocks.5.attn.c_q.weight,32,32,512,16384,0,16383,0,65536,65596,True
model.safetensors,blocks.5.attn.c_q.weight,64,32,512,16384,0,16383,0,65536,65596,True
model.safetensors,blocks.5.attn.c_q.weight,96,32,512,16384,0,16381,0,65536,65588,True
model.safetensors,blocks.5.attn.c_q.weight,128,32,512,16384,0,16381,0,65536,65588,True
model.safetensors,blocks.5.attn.c_q.weight,160,32,512,16384,0,16383,0,65536,65596,True
model.safetensors,blocks.5.attn.c_q.weight,192,32,512,16384,0,16383,0,65536,65596,True
model.safetensors,blocks.5.attn.c_q.weight,224,32,512,16384,0,16380,0,65536,65584,True
model.safetensors,blocks.5.attn.c_q.weight,256,32,512,16384,0,16384,0,65536,65600,True
model.safetensors,blocks.5.attn.c_q.weight,288,32,512,16384,0,16384,0,65536,65600,True
model.safetensors,blocks.5.attn.c_q.weight,320,32,512,16384,0,16382,0,65536,65592,True
model.safetensors,blocks.5.attn.c_q.weight,352,32,512,16384,0,16382,0,65536,65592,True
model.safetensors,blocks.5.attn.c_q.weight,384,32,512,16384,0,16383,0,65536,65596,True
model.safetensors,blocks.5.attn.c_q.weight,416,32,512,16384,0,16384,0,65536,65600,True
model.safetensors,blocks.5.attn.c_q.weight,448,32,512,16384,0,16383,0,65536,65596,True
model.safetensors,blocks.5.attn.c_q.weight,480,32,512,16384,0,16382,0,65536,65592,True
model.safetensors,blocks.5.attn.c_v.weight,0,32,512,16384,0,16380,0,65536,65584,True
model.safetensors,blocks.5.attn.c_v.weight,32,32,512,16384,0,16380,0,65536,65584,True
model.safetensors,blocks.5.attn.c_v.weight,64,32,512,16384,0,16383,0,65536,65596,True
model.safetensors,blocks.5.attn.c_v.weight,96,32,512,16384,0,16383,0,65536,65596,True
model.safetensors,blocks.5.attn.c_v.weight,128,32,512,16384,0,16382,0,65536,65592,True
model.safetensors,blocks.5.attn.c_v.weight,160,32,512,16384,0,16382,0,65536,65592,True
model.safetensors,blocks.5.attn.c_v.weight,192,32,512,16384,0,16382,0,65536,65592,True
model.safetensors,blocks.5.attn.c_v.weight,224,32,512,16384,0,16382,0,65536,65592,True
model.safetensors,blocks.5.attn.c_v.weight,256,32,512,16384,0,16382,0,65536,65592,True
model.safetensors,blocks.5.attn.c_v.weight,288,32,512,16384,0,16382,0,65536,65592,True
model.safetensors,blocks.5.attn.c_v.weight,320,32,512,16384,0,16383,0,65536,65596,True
model.safetensors,blocks.5.attn.c_v.weight,352,32,512,16384,0,16384,0,65536,65600,True
model.safetensors,blocks.5.attn.c_v.weight,384,32,512,16384,0,16384,0,65536,65600,True
model.safetensors,blocks.5.attn.c_v.weight,416,32,512,16384,0,16381,0,65536,65588,True
model.safetensors,blocks.5.attn.c_v.weight,448,32,512,16384,0,16383,0,65536,65596,True
model.safetensors,blocks.5.attn.c_v.weight,480,32,512,16384,0,16382,0,65536,65592,True
model.safetensors,blocks.5.attn.ve_gate.weight,0,4,32,128,0,128,0,512,576,True
model.safetensors,blocks.5.mlp.c_fc.weight,0,32,512,16384,0,16381,0,65536,65588,True
model.safetensors,blocks.5.mlp.c_fc.weight,32,32,512,16384,0,16382,0,65536,65592,True
model.safetensors,blocks.5.mlp.c_fc.weight,64,32,512,16384,0,16384,0,65536,65600,True
model.safetensors,blocks.5.mlp.c_fc.weight,96,32,512,16384,0,16382,0,65536,65592,True
model.safetensors,blocks.5.mlp.c_fc.weight,128,32,512,16384,0,16381,0,65536,65588,True
model.safetensors,blocks.5.mlp.c_fc.weight,160,32,512,16384,0,16383,0,65536,65596,True
model.safetensors,blocks.5.mlp.c_fc.weight,192,32,512,16384,0,16384,0,65536,65600,True
model.safetensors,blocks.5.mlp.c_fc.weight,224,32,512,16384,0,16379,0,65536,65580,True
model.safetensors,blocks.5.mlp.c_fc.weight,256,32,512,16384,0,16381,0,65536,65588,True
model.safetensors,blocks.5.mlp.c_fc.weight,288,32,512,16384,0,16383,0,65536,65596,True
model.safetensors,blocks.5.mlp.c_fc.weight,320,32,512,16384,0,16381,0,65536,65588,True
model.safetensors,blocks.5.mlp.c_fc.weight,352,32,512,16384,0,16384,0,65536,65600,True
model.safetensors,blocks.5.mlp.c_fc.weight,384,32,512,16384,0,16384,0,65536,65600,True
model.safetensors,blocks.5.mlp.c_fc.weight,416,32,512,16384,0,16383,0,65536,65596,True
model.safetensors,blocks.5.mlp.c_fc.weight,448,32,512,16384,0,16381,0,65536,65588,True
model.safetensors,blocks.5.mlp.c_fc.weight,480,32,512,16384,0,16383,0,65536,65596,True
model.safetensors,blocks.5.mlp.c_fc.weight,512,32,512,16384,0,16382,0,65536,65592,True
model.safetensors,blocks.5.mlp.c_fc.weight,544,32,512,16384,0,16382,0,65536,65592,True
model.safetensors,blocks.5.mlp.c_fc.weight,576,32,512,16384,0,16384,0,65536,65600,True
model.safetensors,blocks.5.mlp.c_fc.weight,608,32,512,16384,0,16381,0,65536,65588,True
model.safetensors,blocks.5.mlp.c_fc.weight,640,32,512,16384,0,16380,0,65536,65584,True
model.safetensors,blocks.5.mlp.c_fc.weight,672,32,512,16384,0,16384,0,65536,65600,True
model.safetensors,blocks.5.mlp.c_fc.weight,704,32,512,16384,0,16382,0,65536,65592,True
model.safetensors,blocks.5.mlp.c_fc.weight,736,32,512,16384,0,16382,0,65536,65592,True
model.safetensors,blocks.5.mlp.c_fc.weight,768,32,512,16384,0,16381,0,65536,65588,True
model.safetensors,blocks.5.mlp.c_fc.weight,800,32,512,16384,0,16378,0,65536,65576,True
model.safetensors,blocks.5.mlp.c_fc.weight,832,32,512,16384,0,16382,0,65536,65592,True
model.safetensors,blocks.5.mlp.c_fc.weight,864,32,512,16384,0,16382,0,65536,65592,True
model.safetensors,blocks.5.mlp.c_fc.weight,896,32,512,16384,0,16382,0,65536,65592,True
model.safetensors,blocks.5.mlp.c_fc.weight,928,32,512,16384,0,16382,0,65536,65592,True
model.safetensors,blocks.5.mlp.c_fc.weight,960,32,512,16384,0,16384,0,65536,65600,True
model.safetensors,blocks.5.mlp.c_fc.weight,992,32,512,16384,0,16383,0,65536,65596,True
model.safetensors,blocks.5.mlp.c_fc.weight,1024,32,512,16384,0,16380,0,65536,65584,True
model.safetensors,blocks.5.mlp.c_fc.weight,1056,32,512,16384,0,16382,0,65536,65592,True
model.safetensors,blocks.5.mlp.c_fc.weight,1088,32,512,16384,0,16383,0,65536,65596,True
model.safetensors,blocks.5.mlp.c_fc.weight,1120,32,512,16384,0,16384,0,65536,65600,True
model.safetensors,blocks.5.mlp.c_fc.weight,1152,32,512,16384,0,16381,0,65536,65588,True
model.safetensors,blocks.5.mlp.c_fc.weight,1184,32,512,16384,0,16381,0,65536,65588,True
model.safetensors,blocks.5.mlp.c_fc.weight,1216,32,512,16384,0,16383,0,65536,65596,True
model.safetensors,blocks.5.mlp.c_fc.weight,1248,32,512,16384,0,16383,0,65536,65596,True
model.safetensors,blocks.5.mlp.c_fc.weight,1280,32,512,16384,0,16384,0,65536,65600,True
model.safetensors,blocks.5.mlp.c_fc.weight,1312,32,512,16384,0,16383,0,65536,65596,True
model.safetensors,blocks.5.mlp.c_fc.weight,1344,32,512,16384,0,16384,0,65536,65600,True
model.safetensors,blocks.5.mlp.c_fc.weight,1376,32,512,16384,0,16384,0,65536,65600,True
model.safetensors,blocks.5.mlp.c_fc.weight,1408,32,512,16384,0,16382,0,65536,65592,True
model.safetensors,blocks.5.mlp.c_fc.weight,1440,32,512,16384,0,16382,0,65536,65592,True
model.safetensors,blocks.5.mlp.c_fc.weight,1472,32,512,16384,0,16382,0,65536,65592,True
model.safetensors,blocks.5.mlp.c_fc.weight,1504,32,512,16384,0,16384,0,65536,65600,True
model.safetensors,blocks.5.mlp.c_fc.weight,1536,32,512,16384,0,16383,0,65536,65596,True
model.safetensors,blocks.5.mlp.c_fc.weight,1568,32,512,16384,0,16381,0,65536,65588,True
model.safetensors,blocks.5.mlp.c_fc.weight,1600,32,512,16384,0,16384,0,65536,65600,True
model.safetensors,blocks.5.mlp.c_fc.weight,1632,32,512,16384,0,16384,0,65536,65600,True
model.safetensors,blocks.5.mlp.c_fc.weight,1664,32,512,16384,0,16382,0,65536,65592,True
model.safetensors,blocks.5.mlp.c_fc.weight,1696,32,512,16384,0,16381,0,65536,65588,True
model.safetensors,blocks.5.mlp.c_fc.weight,1728,32,512,16384,0,16384,0,65536,65600,True
model.safetensors,blocks.5.mlp.c_fc.weight,1760,32,512,16384,0,16382,0,65536,65592,True
model.safetensors,blocks.5.mlp.c_fc.weight,1792,32,512,16384,0,16381,0,65536,65588,True
model.safetensors,blocks.5.mlp.c_fc.weight,1824,32,512,16384,0,16382,0,65536,65592,True
model.safetensors,blocks.5.mlp.c_fc.weight,1856,32,512,16384,0,16382,0,65536,65592,True
model.safetensors,blocks.5.mlp.c_fc.weight,1888,32,512,16384,0,16381,0,65536,65588,True
model.safetensors,blocks.5.mlp.c_fc.weight,1920,32,512,16384,0,16382,0,65536,65592,True
model.safetensors,blocks.5.mlp.c_fc.weight,1952,32,512,16384,0,16384,0,65536,65600,True
model.safetensors,blocks.5.mlp.c_fc.weight,1984,32,512,16384,0,16384,0,65536,65600,True
model.safetensors,blocks.5.mlp.c_fc.weight,2016,32,512,16384,0,16382,0,65536,65592,True
model.safetensors,blocks.5.mlp.c_proj.weight,0,32,2048,65536,0,65509,0,262144,262100,True
model.safetensors,blocks.5.mlp.c_proj.weight,32,32,2048,65536,0,65515,0,262144,262124,True
model.safetensors,blocks.5.mlp.c_proj.weight,64,32,2048,65536,0,65508,0,262144,262096,True
model.safetensors,blocks.5.mlp.c_proj.weight,96,32,2048,65536,0,65516,0,262144,262128,True
model.safetensors,blocks.5.mlp.c_proj.weight,128,32,2048,65536,0,65521,0,262144,262148,True
model.safetensors,blocks.5.mlp.c_proj.weight,160,32,2048,65536,0,65511,0,262144,262108,True
model.safetensors,blocks.5.mlp.c_proj.weight,192,32,2048,65536,0,65514,0,262144,262120,True
model.safetensors,blocks.5.mlp.c_proj.weight,224,32,2048,65536,0,65514,0,262144,262120,True
model.safetensors,blocks.5.mlp.c_proj.weight,256,32,2048,65536,0,65505,0,262144,262084,True
model.safetensors,blocks.5.mlp.c_proj.weight,288,32,2048,65536,0,65510,0,262144,262104,True
model.safetensors,blocks.5.mlp.c_proj.weight,320,32,2048,65536,0,65514,0,262144,262120,True
model.safetensors,blocks.5.mlp.c_proj.weight,352,32,2048,65536,0,65512,0,262144,262112,True
model.safetensors,blocks.5.mlp.c_proj.weight,384,32,2048,65536,0,65516,0,262144,262128,True
model.safetensors,blocks.5.mlp.c_proj.weight,416,32,2048,65536,0,65514,0,262144,262120,True
model.safetensors,blocks.5.mlp.c_proj.weight,448,32,2048,65536,0,65517,0,262144,262132,True
model.safetensors,blocks.5.mlp.c_proj.weight,480,32,2048,65536,0,65511,0,262144,262108,True
model.safetensors,blocks.6.attn.c_k.weight,0,32,512,16384,0,16383,0,65536,65596,True
model.safetensors,blocks.6.attn.c_k.weight,32,32,512,16384,0,16384,0,65536,65600,True
model.safetensors,blocks.6.attn.c_k.weight,64,32,512,16384,0,16381,0,65536,65588,True
model.safetensors,blocks.6.attn.c_k.weight,96,32,512,16384,0,16382,0,65536,65592,True
model.safetensors,blocks.6.attn.c_k.weight,128,32,512,16384,0,16383,0,65536,65596,True
model.safetensors,blocks.6.attn.c_k.weight,160,32,512,16384,0,16382,0,65536,65592,True
model.safetensors,blocks.6.attn.c_k.weight,192,32,512,16384,0,16381,0,65536,65588,True
model.safetensors,blocks.6.attn.c_k.weight,224,32,512,16384,0,16382,0,65536,65592,True
model.safetensors,blocks.6.attn.c_k.weight,256,32,512,16384,0,16382,0,65536,65592,True
model.safetensors,blocks.6.attn.c_k.weight,288,32,512,16384,0,16381,0,65536,65588,True
model.safetensors,blocks.6.attn.c_k.weight,320,32,512,16384,0,16382,0,65536,65592,True
model.safetensors,blocks.6.attn.c_k.weight,352,32,512,16384,0,16383,0,65536,65596,True
model.safetensors,blocks.6.attn.c_k.weight,384,32,512,16384,0,16382,0,65536,65592,True
model.safetensors,blocks.6.attn.c_k.weight,416,32,512,16384,0,16384,0,65536,65600,True
model.safetensors,blocks.6.attn.c_k.weight,448,32,512,16384,0,16381,0,65536,65588,True
model.safetensors,blocks.6.attn.c_k.weight,480,32,512,16384,0,16383,0,65536,65596,True
model.safetensors,blocks.6.attn.c_proj.weight,0,32,512,16384,0,16380,0,65536,65584,True
model.safetensors,blocks.6.attn.c_proj.weight,32,32,512,16384,0,16383,0,65536,65596,True
model.safetensors,blocks.6.attn.c_proj.weight,64,32,512,16384,0,16384,0,65536,65600,True
model.safetensors,blocks.6.attn.c_proj.weight,96,32,512,16384,0,16379,0,65536,65580,True
model.safetensors,blocks.6.attn.c_proj.weight,128,32,512,16384,0,16382,0,65536,65592,True
model.safetensors,blocks.6.attn.c_proj.weight,160,32,512,16384,0,16381,0,65536,65588,True
model.safetensors,blocks.6.attn.c_proj.weight,192,32,512,16384,0,16383,0,65536,65596,True
model.safetensors,blocks.6.attn.c_proj.weight,224,32,512,16384,0,16382,0,65536,65592,True
model.safetensors,blocks.6.attn.c_proj.weight,256,32,512,16384,0,16382,0,65536,65592,True
model.safetensors,blocks.6.attn.c_proj.weight,288,32,512,16384,0,16382,0,65536,65592,True
model.safetensors,blocks.6.attn.c_proj.weight,320,32,512,16384,0,16383,0,65536,65596,True
model.safetensors,blocks.6.attn.c_proj.weight,352,32,512,16384,0,16383,0,65536,65596,True
model.safetensors,blocks.6.attn.c_proj.weight,384,32,512,16384,0,16380,0,65536,65584,True
model.safetensors,blocks.6.attn.c_proj.weight,416,32,512,16384,0,16383,0,65536,65596,True
model.safetensors,blocks.6.attn.c_proj.weight,448,32,512,16384,0,16380,0,65536,65584,True
model.safetensors,blocks.6.attn.c_proj.weight,480,32,512,16384,0,16381,0,65536,65588,True
model.safetensors,blocks.6.attn.c_q.weight,0,32,512,16384,0,16384,0,65536,65600,True
model.safetensors,blocks.6.attn.c_q.weight,32,32,512,16384,0,16383,0,65536,65596,True
model.safetensors,blocks.6.attn.c_q.weight,64,32,512,16384,0,16383,0,65536,65596,True
model.safetensors,blocks.6.attn.c_q.weight,96,32,512,16384,0,16383,0,65536,65596,True
model.safetensors,blocks.6.attn.c_q.weight,128,32,512,16384,0,16383,0,65536,65596,True
model.safetensors,blocks.6.attn.c_q.weight,160,32,512,16384,0,16380,0,65536,65584,True
model.safetensors,blocks.6.attn.c_q.weight,192,32,512,16384,0,16382,0,65536,65592,True
model.safetensors,blocks.6.attn.c_q.weight,224,32,512,16384,0,16384,0,65536,65600,True
model.safetensors,blocks.6.attn.c_q.weight,256,32,512,16384,0,16383,0,65536,65596,True
model.safetensors,blocks.6.attn.c_q.weight,288,32,512,16384,0,16383,0,65536,65596,True
model.safetensors,blocks.6.attn.c_q.weight,320,32,512,16384,0,16383,0,65536,65596,True
model.safetensors,blocks.6.attn.c_q.weight,352,32,512,16384,0,16383,0,65536,65596,True
model.safetensors,blocks.6.attn.c_q.weight,384,32,512,16384,0,16382,0,65536,65592,True
model.safetensors,blocks.6.attn.c_q.weight,416,32,512,16384,0,16381,0,65536,65588,True
model.safetensors,blocks.6.attn.c_q.weight,448,32,512,16384,0,16383,0,65536,65596,True
model.safetensors,blocks.6.attn.c_q.weight,480,32,512,16384,0,16383,0,65536,65596,True
model.safetensors,blocks.6.attn.c_v.weight,0,32,512,16384,0,16381,0,65536,65588,True
model.safetensors,blocks.6.attn.c_v.weight,32,32,512,16384,0,16380,0,65536,65584,True
model.safetensors,blocks.6.attn.c_v.weight,64,32,512,16384,0,16382,0,65536,65592,True
model.safetensors,blocks.6.attn.c_v.weight,96,32,512,16384,0,16383,0,65536,65596,True
model.safetensors,blocks.6.attn.c_v.weight,128,32,512,16384,0,16383,0,65536,65596,True
model.safetensors,blocks.6.attn.c_v.weight,160,32,512,16384,0,16383,0,65536,65596,True
model.safetensors,blocks.6.attn.c_v.weight,192,32,512,16384,0,16382,0,65536,65592,True
model.safetensors,blocks.6.attn.c_v.weight,224,32,512,16384,0,16383,0,65536,65596,True
model.safetensors,blocks.6.attn.c_v.weight,256,32,512,16384,0,16383,0,65536,65596,True
model.safetensors,blocks.6.attn.c_v.weight,288,32,512,16384,0,16380,0,65536,65584,True
model.safetensors,blocks.6.attn.c_v.weight,320,32,512,16384,0,16381,0,65536,65588,True
model.safetensors,blocks.6.attn.c_v.weight,352,32,512,16384,0,16382,0,65536,65592,True
model.safetensors,blocks.6.attn.c_v.weight,384,32,512,16384,0,16384,0,65536,65600,True
model.safetensors,blocks.6.attn.c_v.weight,416,32,512,16384,0,16383,0,65536,65596,True
model.safetensors,blocks.6.attn.c_v.weight,448,32,512,16384,0,16381,0,65536,65588,True
model.safetensors,blocks.6.attn.c_v.weight,480,32,512,16384,0,16380,0,65536,65584,True
model.safetensors,blocks.6.mlp.c_fc.weight,0,32,512,16384,0,16381,0,65536,65588,True
model.safetensors,blocks.6.mlp.c_fc.weight,32,32,512,16384,0,16381,0,65536,65588,True
model.safetensors,blocks.6.mlp.c_fc.weight,64,32,512,16384,0,16382,0,65536,65592,True
model.safetensors,blocks.6.mlp.c_fc.weight,96,32,512,16384,0,16382,0,65536,65592,True
model.safetensors,blocks.6.mlp.c_fc.weight,128,32,512,16384,0,16384,0,65536,65600,True
model.safetensors,blocks.6.mlp.c_fc.weight,160,32,512,16384,0,16383,0,65536,65596,True
model.safetensors,blocks.6.mlp.c_fc.weight,192,32,512,16384,0,16380,0,65536,65584,True
model.safetensors,blocks.6.mlp.c_fc.weight,224,32,512,16384,0,16384,0,65536,65600,True
model.safetensors,blocks.6.mlp.c_fc.weight,256,32,512,16384,0,16384,0,65536,65600,True
model.safetensors,blocks.6.mlp.c_fc.weight,288,32,512,16384,0,16382,0,65536,65592,True
model.safetensors,blocks.6.mlp.c_fc.weight,320,32,512,16384,0,16382,0,65536,65592,True
model.safetensors,blocks.6.mlp.c_fc.weight,352,32,512,16384,0,16381,0,65536,65588,True
model.safetensors,blocks.6.mlp.c_fc.weight,384,32,512,16384,0,16382,0,65536,65592,True
model.safetensors,blocks.6.mlp.c_fc.weight,416,32,512,16384,0,16383,0,65536,65596,True
model.safetensors,blocks.6.mlp.c_fc.weight,448,32,512,16384,0,16383,0,65536,65596,True
model.safetensors,blocks.6.mlp.c_fc.weight,480,32,512,16384,0,16382,0,65536,65592,True
model.safetensors,blocks.6.mlp.c_fc.weight,512,32,512,16384,0,16384,0,65536,65600,True
model.safetensors,blocks.6.mlp.c_fc.weight,544,32,512,16384,0,16382,0,65536,65592,True
model.safetensors,blocks.6.mlp.c_fc.weight,576,32,512,16384,0,16384,0,65536,65600,True
model.safetensors,blocks.6.mlp.c_fc.weight,608,32,512,16384,0,16384,0,65536,65600,True
model.safetensors,blocks.6.mlp.c_fc.weight,640,32,512,16384,0,16383,0,65536,65596,True
model.safetensors,blocks.6.mlp.c_fc.weight,672,32,512,16384,0,16383,0,65536,65596,True
model.safetensors,blocks.6.mlp.c_fc.weight,704,32,512,16384,0,16381,0,65536,65588,True
model.safetensors,blocks.6.mlp.c_fc.weight,736,32,512,16384,0,16382,0,65536,65592,True
model.safetensors,blocks.6.mlp.c_fc.weight,768,32,512,16384,0,16382,0,65536,65592,True
model.safetensors,blocks.6.mlp.c_fc.weight,800,32,512,16384,0,16381,0,65536,65588,True
model.safetensors,blocks.6.mlp.c_fc.weight,832,32,512,16384,0,16381,0,65536,65588,True
model.safetensors,blocks.6.mlp.c_fc.weight,864,32,512,16384,0,16383,0,65536,65596,True
model.safetensors,blocks.6.mlp.c_fc.weight,896,32,512,16384,0,16383,0,65536,65596,True
model.safetensors,blocks.6.mlp.c_fc.weight,928,32,512,16384,0,16383,0,65536,65596,True
model.safetensors,blocks.6.mlp.c_fc.weight,960,32,512,16384,0,16383,0,65536,65596,True
model.safetensors,blocks.6.mlp.c_fc.weight,992,32,512,16384,0,16382,0,65536,65592,True
model.safetensors,blocks.6.mlp.c_fc.weight,1024,32,512,16384,0,16382,0,65536,65592,True
model.safetensors,blocks.6.mlp.c_fc.weight,1056,32,512,16384,0,16381,0,65536,65588,True
model.safetensors,blocks.6.mlp.c_fc.weight,1088,32,512,16384,0,16383,0,65536,65596,True
model.safetensors,blocks.6.mlp.c_fc.weight,1120,32,512,16384,0,16383,0,65536,65596,True
model.safetensors,blocks.6.mlp.c_fc.weight,1152,32,512,16384,0,16381,0,65536,65588,True
model.safetensors,blocks.6.mlp.c_fc.weight,1184,32,512,16384,0,16383,0,65536,65596,True
model.safetensors,blocks.6.mlp.c_fc.weight,1216,32,512,16384,0,16382,0,65536,65592,True
model.safetensors,blocks.6.mlp.c_fc.weight,1248,32,512,16384,0,16383,0,65536,65596,True
model.safetensors,blocks.6.mlp.c_fc.weight,1280,32,512,16384,0,16383,0,65536,65596,True
model.safetensors,blocks.6.mlp.c_fc.weight,1312,32,512,16384,0,16384,0,65536,65600,True
model.safetensors,blocks.6.mlp.c_fc.weight,1344,32,512,16384,0,16383,0,65536,65596,True
model.safetensors,blocks.6.mlp.c_fc.weight,1376,32,512,16384,0,16383,0,65536,65596,True
model.safetensors,blocks.6.mlp.c_fc.weight,1408,32,512,16384,0,16382,0,65536,65592,True
model.safetensors,blocks.6.mlp.c_fc.weight,1440,32,512,16384,0,16383,0,65536,65596,True
model.safetensors,blocks.6.mlp.c_fc.weight,1472,32,512,16384,0,16382,0,65536,65592,True
model.safetensors,blocks.6.mlp.c_fc.weight,1504,32,512,16384,0,16383,0,65536,65596,True
model.safetensors,blocks.6.mlp.c_fc.weight,1536,32,512,16384,0,16381,0,65536,65588,True
model.safetensors,blocks.6.mlp.c_fc.weight,1568,32,512,16384,0,16383,0,65536,65596,True
model.safetensors,blocks.6.mlp.c_fc.weight,1600,32,512,16384,0,16383,0,65536,65596,True
model.safetensors,blocks.6.mlp.c_fc.weight,1632,32,512,16384,0,16379,0,65536,65580,True
model.safetensors,blocks.6.mlp.c_fc.weight,1664,32,512,16384,0,16381,0,65536,65588,True
model.safetensors,blocks.6.mlp.c_fc.weight,1696,32,512,16384,0,16384,0,65536,65600,True
model.safetensors,blocks.6.mlp.c_fc.weight,1728,32,512,16384,0,16382,0,65536,65592,True
model.safetensors,blocks.6.mlp.c_fc.weight,1760,32,512,16384,0,16384,0,65536,65600,True
model.safetensors,blocks.6.mlp.c_fc.weight,1792,32,512,16384,0,16383,0,65536,65596,True
model.safetensors,blocks.6.mlp.c_fc.weight,1824,32,512,16384,0,16383,0,65536,65596,True
model.safetensors,blocks.6.mlp.c_fc.weight,1856,32,512,16384,0,16382,0,65536,65592,True
model.safetensors,blocks.6.mlp.c_fc.weight,1888,32,512,16384,0,16383,0,65536,65596,True
model.safetensors,blocks.6.mlp.c_fc.weight,1920,32,512,16384,0,16381,0,65536,65588,True
model.safetensors,blocks.6.mlp.c_fc.weight,1952,32,512,16384,0,16383,0,65536,65596,True
model.safetensors,blocks.6.mlp.c_fc.weight,1984,32,512,16384,0,16383,0,65536,65596,True
model.safetensors,blocks.6.mlp.c_fc.weight,2016,32,512,16384,0,16384,0,65536,65600,True
model.safetensors,blocks.6.mlp.c_proj.weight,0,32,2048,65536,0,65520,0,262144,262144,True
model.safetensors,blocks.6.mlp.c_proj.weight,32,32,2048,65536,0,65522,0,262144,262152,True
model.safetensors,blocks.6.mlp.c_proj.weight,64,32,2048,65536,0,65518,0,262144,262136,True
model.safetensors,blocks.6.mlp.c_proj.weight,96,32,2048,65536,0,65516,0,262144,262128,True
model.safetensors,blocks.6.mlp.c_proj.weight,128,32,2048,65536,0,65509,0,262144,262100,True
model.safetensors,blocks.6.mlp.c_proj.weight,160,32,2048,65536,0,65502,0,262144,262072,True
model.safetensors,blocks.6.mlp.c_proj.weight,192,32,2048,65536,0,65512,0,262144,262112,True
model.safetensors,blocks.6.mlp.c_proj.weight,224,32,2048,65536,0,65517,0,262144,262132,True
model.safetensors,blocks.6.mlp.c_proj.weight,256,32,2048,65536,0,65514,0,262144,262120,True
model.safetensors,blocks.6.mlp.c_proj.weight,288,32,2048,65536,0,65506,0,262144,262088,True
model.safetensors,blocks.6.mlp.c_proj.weight,320,32,2048,65536,0,65510,0,262144,262104,True
model.safetensors,blocks.6.mlp.c_proj.weight,352,32,2048,65536,0,65515,0,262144,262124,True
model.safetensors,blocks.6.mlp.c_proj.weight,384,32,2048,65536,0,65515,0,262144,262124,True
model.safetensors,blocks.6.mlp.c_proj.weight,416,32,2048,65536,0,65519,0,262144,262140,True
model.safetensors,blocks.6.mlp.c_proj.weight,448,32,2048,65536,0,65516,0,262144,262128,True
model.safetensors,blocks.6.mlp.c_proj.weight,480,32,2048,65536,0,65514,0,262144,262120,True
model.safetensors,blocks.7.attn.c_k.weight,0,32,512,16384,0,16382,0,65536,65592,True
model.safetensors,blocks.7.attn.c_k.weight,32,32,512,16384,0,16384,0,65536,65600,True
model.safetensors,blocks.7.attn.c_k.weight,64,32,512,16384,0,16382,0,65536,65592,True
model.safetensors,blocks.7.attn.c_k.weight,96,32,512,16384,0,16384,0,65536,65600,True
model.safetensors,blocks.7.attn.c_k.weight,128,32,512,16384,0,16381,0,65536,65588,True
model.safetensors,blocks.7.attn.c_k.weight,160,32,512,16384,0,16382,0,65536,65592,True
model.safetensors,blocks.7.attn.c_k.weight,192,32,512,16384,0,16384,0,65536,65600,True
model.safetensors,blocks.7.attn.c_k.weight,224,32,512,16384,0,16379,0,65536,65580,True
model.safetensors,blocks.7.attn.c_k.weight,256,32,512,16384,0,16383,0,65536,65596,True
model.safetensors,blocks.7.attn.c_k.weight,288,32,512,16384,0,16380,0,65536,65584,True
model.safetensors,blocks.7.attn.c_k.weight,320,32,512,16384,0,16377,0,65536,65572,True
model.safetensors,blocks.7.attn.c_k.weight,352,32,512,16384,0,16383,0,65536,65596,True
model.safetensors,blocks.7.attn.c_k.weight,384,32,512,16384,0,16383,0,65536,65596,True
model.safetensors,blocks.7.attn.c_k.weight,416,32,512,16384,0,16381,0,65536,65588,True
model.safetensors,blocks.7.attn.c_k.weight,448,32,512,16384,0,16382,0,65536,65592,True
model.safetensors,blocks.7.attn.c_k.weight,480,32,512,16384,0,16382,0,65536,65592,True
model.safetensors,blocks.7.attn.c_proj.weight,0,32,512,16384,0,16381,0,65536,65588,True
model.safetensors,blocks.7.attn.c_proj.weight,32,32,512,16384,0,16384,0,65536,65600,True
model.safetensors,blocks.7.attn.c_proj.weight,64,32,512,16384,0,16383,0,65536,65596,True
model.safetensors,blocks.7.attn.c_proj.weight,96,32,512,16384,0,16381,0,65536,65588,True
model.safetensors,blocks.7.attn.c_proj.weight,128,32,512,16384,0,16383,0,65536,65596,True
model.safetensors,blocks.7.attn.c_proj.weight,160,32,512,16384,0,16383,0,65536,65596,True
model.safetensors,blocks.7.attn.c_proj.weight,192,32,512,16384,0,16383,0,65536,65596,True
model.safetensors,blocks.7.attn.c_proj.weight,224,32,512,16384,0,16383,0,65536,65596,True
model.safetensors,blocks.7.attn.c_proj.weight,256,32,512,16384,0,16381,0,65536,65588,True
model.safetensors,blocks.7.attn.c_proj.weight,288,32,512,16384,0,16382,0,65536,65592,True
model.safetensors,blocks.7.attn.c_proj.weight,320,32,512,16384,0,16383,0,65536,65596,True
model.safetensors,blocks.7.attn.c_proj.weight,352,32,512,16384,0,16384,0,65536,65600,True
model.safetensors,blocks.7.attn.c_proj.weight,384,32,512,16384,0,16383,0,65536,65596,True
model.safetensors,blocks.7.attn.c_proj.weight,416,32,512,16384,0,16382,0,65536,65592,True
model.safetensors,blocks.7.attn.c_proj.weight,448,32,512,16384,0,16383,0,65536,65596,True
model.safetensors,blocks.7.attn.c_proj.weight,480,32,512,16384,0,16382,0,65536,65592,True
model.safetensors,blocks.7.attn.c_q.weight,0,32,512,16384,0,16382,0,65536,65592,True
model.safetensors,blocks.7.attn.c_q.weight,32,32,512,16384,0,16382,0,65536,65592,True
model.safetensors,blocks.7.attn.c_q.weight,64,32,512,16384,0,16381,0,65536,65588,True
model.safetensors,blocks.7.attn.c_q.weight,96,32,512,16384,0,16381,0,65536,65588,True
model.safetensors,blocks.7.attn.c_q.weight,128,32,512,16384,0,16382,0,65536,65592,True
model.safetensors,blocks.7.attn.c_q.weight,160,32,512,16384,0,16382,0,65536,65592,True
model.safetensors,blocks.7.attn.c_q.weight,192,32,512,16384,0,16382,0,65536,65592,True
model.safetensors,blocks.7.attn.c_q.weight,224,32,512,16384,0,16382,0,65536,65592,True
model.safetensors,blocks.7.attn.c_q.weight,256,32,512,16384,0,16379,0,65536,65580,True
model.safetensors,blocks.7.attn.c_q.weight,288,32,512,16384,0,16379,0,65536,65580,True
model.safetensors,blocks.7.attn.c_q.weight,320,32,512,16384,0,16384,0,65536,65600,True
model.safetensors,blocks.7.attn.c_q.weight,352,32,512,16384,0,16381,0,65536,65588,True
model.safetensors,blocks.7.attn.c_q.weight,384,32,512,16384,0,16378,0,65536,65576,True
model.safetensors,blocks.7.attn.c_q.weight,416,32,512,16384,0,16381,0,65536,65588,True
model.safetensors,blocks.7.attn.c_q.weight,448,32,512,16384,0,16384,0,65536,65600,True
model.safetensors,blocks.7.attn.c_q.weight,480,32,512,16384,0,16384,0,65536,65600,True
model.safetensors,blocks.7.attn.c_v.weight,0,32,512,16384,0,16382,0,65536,65592,True
model.safetensors,blocks.7.attn.c_v.weight,32,32,512,16384,0,16380,0,65536,65584,True
model.safetensors,blocks.7.attn.c_v.weight,64,32,512,16384,0,16383,0,65536,65596,True
model.safetensors,blocks.7.attn.c_v.weight,96,32,512,16384,0,16384,0,65536,65600,True
model.safetensors,blocks.7.attn.c_v.weight,128,32,512,16384,0,16381,0,65536,65588,True
model.safetensors,blocks.7.attn.c_v.weight,160,32,512,16384,0,16383,0,65536,65596,True
model.safetensors,blocks.7.attn.c_v.weight,192,32,512,16384,0,16383,0,65536,65596,True
model.safetensors,blocks.7.attn.c_v.weight,224,32,512,16384,0,16384,0,65536,65600,True
model.safetensors,blocks.7.attn.c_v.weight,256,32,512,16384,0,16383,0,65536,65596,True
model.safetensors,blocks.7.attn.c_v.weight,288,32,512,16384,0,16383,0,65536,65596,True
model.safetensors,blocks.7.attn.c_v.weight,320,32,512,16384,0,16381,0,65536,65588,True
model.safetensors,blocks.7.attn.c_v.weight,352,32,512,16384,0,16383,0,65536,65596,True
model.safetensors,blocks.7.attn.c_v.weight,384,32,512,16384,0,16384,0,65536,65600,True
model.safetensors,blocks.7.attn.c_v.weight,416,32,512,16384,0,16381,0,65536,65588,True
model.safetensors,blocks.7.attn.c_v.weight,448,32,512,16384,0,16381,0,65536,65588,True
model.safetensors,blocks.7.attn.c_v.weight,480,32,512,16384,0,16380,0,65536,65584,True
model.safetensors,blocks.7.attn.ve_gate.weight,0,4,32,128,0,128,0,512,576,True
model.safetensors,blocks.7.mlp.c_fc.weight,0,32,512,16384,0,16382,0,65536,65592,True
model.safetensors,blocks.7.mlp.c_fc.weight,32,32,512,16384,0,16383,0,65536,65596,True
model.safetensors,blocks.7.mlp.c_fc.weight,64,32,512,16384,0,16379,0,65536,65580,True
model.safetensors,blocks.7.mlp.c_fc.weight,96,32,512,16384,0,16382,0,65536,65592,True
model.safetensors,blocks.7.mlp.c_fc.weight,128,32,512,16384,0,16381,0,65536,65588,True
model.safetensors,blocks.7.mlp.c_fc.weight,160,32,512,16384,0,16381,0,65536,65588,True
model.safetensors,blocks.7.mlp.c_fc.weight,192,32,512,16384,0,16383,0,65536,65596,True
model.safetensors,blocks.7.mlp.c_fc.weight,224,32,512,16384,0,16384,0,65536,65600,True
model.safetensors,blocks.7.mlp.c_fc.weight,256,32,512,16384,0,16383,0,65536,65596,True
model.safetensors,blocks.7.mlp.c_fc.weight,288,32,512,16384,0,16382,0,65536,65592,True
model.safetensors,blocks.7.mlp.c_fc.weight,320,32,512,16384,0,16383,0,65536,65596,True
model.safetensors,blocks.7.mlp.c_fc.weight,352,32,512,16384,0,16384,0,65536,65600,True
model.safetensors,blocks.7.mlp.c_fc.weight,384,32,512,16384,0,16381,0,65536,65588,True
model.safetensors,blocks.7.mlp.c_fc.weight,416,32,512,16384,0,16383,0,65536,65596,True
model.safetensors,blocks.7.mlp.c_fc.weight,448,32,512,16384,0,16381,0,65536,65588,True
model.safetensors,blocks.7.mlp.c_fc.weight,480,32,512,16384,0,16383,0,65536,65596,True
model.safetensors,blocks.7.mlp.c_fc.weight,512,32,512,16384,0,16384,0,65536,65600,True
model.safetensors,blocks.7.mlp.c_fc.weight,544,32,512,16384,0,16382,0,65536,65592,True
model.safetensors,blocks.7.mlp.c_fc.weight,576,32,512,16384,0,16382,0,65536,65592,True
model.safetensors,blocks.7.mlp.c_fc.weight,608,32,512,16384,0,16382,0,65536,65592,True
model.safetensors,blocks.7.mlp.c_fc.weight,640,32,512,16384,0,16381,0,65536,65588,True
model.safetensors,blocks.7.mlp.c_fc.weight,672,32,512,16384,0,16384,0,65536,65600,True
model.safetensors,blocks.7.mlp.c_fc.weight,704,32,512,16384,0,16383,0,65536,65596,True
model.safetensors,blocks.7.mlp.c_fc.weight,736,32,512,16384,0,16381,0,65536,65588,True
model.safetensors,blocks.7.mlp.c_fc.weight,768,32,512,16384,0,16381,0,65536,65588,True
model.safetensors,blocks.7.mlp.c_fc.weight,800,32,512,16384,0,16382,0,65536,65592,True
model.safetensors,blocks.7.mlp.c_fc.weight,832,32,512,16384,0,16384,0,65536,65600,True
model.safetensors,blocks.7.mlp.c_fc.weight,864,32,512,16384,0,16381,0,65536,65588,True
model.safetensors,blocks.7.mlp.c_fc.weight,896,32,512,16384,0,16380,0,65536,65584,True
model.safetensors,blocks.7.mlp.c_fc.weight,928,32,512,16384,0,16384,0,65536,65600,True
model.safetensors,blocks.7.mlp.c_fc.weight,960,32,512,16384,0,16382,0,65536,65592,True
model.safetensors,blocks.7.mlp.c_fc.weight,992,32,512,16384,0,16381,0,65536,65588,True
model.safetensors,blocks.7.mlp.c_fc.weight,1024,32,512,16384,0,16382,0,65536,65592,True
model.safetensors,blocks.7.mlp.c_fc.weight,1056,32,512,16384,0,16383,0,65536,65596,True
model.safetensors,blocks.7.mlp.c_fc.weight,1088,32,512,16384,0,16382,0,65536,65592,True
model.safetensors,blocks.7.mlp.c_fc.weight,1120,32,512,16384,0,16383,0,65536,65596,True
model.safetensors,blocks.7.mlp.c_fc.weight,1152,32,512,16384,0,16383,0,65536,65596,True
model.safetensors,blocks.7.mlp.c_fc.weight,1184,32,512,16384,0,16382,0,65536,65592,True
model.safetensors,blocks.7.mlp.c_fc.weight,1216,32,512,16384,0,16381,0,65536,65588,True
model.safetensors,blocks.7.mlp.c_fc.weight,1248,32,512,16384,0,16382,0,65536,65592,True
model.safetensors,blocks.7.mlp.c_fc.weight,1280,32,512,16384,0,16383,0,65536,65596,True
model.safetensors,blocks.7.mlp.c_fc.weight,1312,32,512,16384,0,16384,0,65536,65600,True
model.safetensors,blocks.7.mlp.c_fc.weight,1344,32,512,16384,0,16383,0,65536,65596,True
model.safetensors,blocks.7.mlp.c_fc.weight,1376,32,512,16384,0,16379,0,65536,65580,True
model.safetensors,blocks.7.mlp.c_fc.weight,1408,32,512,16384,0,16380,0,65536,65584,True
model.safetensors,blocks.7.mlp.c_fc.weight,1440,32,512,16384,0,16383,0,65536,65596,True
model.safetensors,blocks.7.mlp.c_fc.weight,1472,32,512,16384,0,16384,0,65536,65600,True
model.safetensors,blocks.7.mlp.c_fc.weight,1504,32,512,16384,0,16378,0,65536,65576,True
model.safetensors,blocks.7.mlp.c_fc.weight,1536,32,512,16384,0,16382,0,65536,65592,True
model.safetensors,blocks.7.mlp.c_fc.weight,1568,32,512,16384,0,16383,0,65536,65596,True
model.safetensors,blocks.7.mlp.c_fc.weight,1600,32,512,16384,0,16382,0,65536,65592,True
model.safetensors,blocks.7.mlp.c_fc.weight,1632,32,512,16384,0,16381,0,65536,65588,True
model.safetensors,blocks.7.mlp.c_fc.weight,1664,32,512,16384,0,16382,0,65536,65592,True
model.safetensors,blocks.7.mlp.c_fc.weight,1696,32,512,16384,0,16382,0,65536,65592,True
model.safetensors,blocks.7.mlp.c_fc.weight,1728,32,512,16384,0,16384,0,65536,65600,True
model.safetensors,blocks.7.mlp.c_fc.weight,1760,32,512,16384,0,16383,0,65536,65596,True
model.safetensors,blocks.7.mlp.c_fc.weight,1792,32,512,16384,0,16383,0,65536,65596,True
model.safetensors,blocks.7.mlp.c_fc.weight,1824,32,512,16384,0,16382,0,65536,65592,True
model.safetensors,blocks.7.mlp.c_fc.weight,1856,32,512,16384,0,16384,0,65536,65600,True
model.safetensors,blocks.7.mlp.c_fc.weight,1888,32,512,16384,0,16383,0,65536,65596,True
model.safetensors,blocks.7.mlp.c_fc.weight,1920,32,512,16384,0,16382,0,65536,65592,True
model.safetensors,blocks.7.mlp.c_fc.weight,1952,32,512,16384,0,16383,0,65536,65596,True
model.safetensors,blocks.7.mlp.c_fc.weight,1984,32,512,16384,0,16384,0,65536,65600,True
model.safetensors,blocks.7.mlp.c_fc.weight,2016,32,512,16384,0,16380,0,65536,65584,True
model.safetensors,blocks.7.mlp.c_proj.weight,0,32,2048,65536,0,65514,0,262144,262120,True
model.safetensors,blocks.7.mlp.c_proj.weight,32,32,2048,65536,0,65513,0,262144,262116,True
model.safetensors,blocks.7.mlp.c_proj.weight,64,32,2048,65536,0,65514,0,262144,262120,True
model.safetensors,blocks.7.mlp.c_proj.weight,96,32,2048,65536,0,65511,0,262144,262108,True
model.safetensors,blocks.7.mlp.c_proj.weight,128,32,2048,65536,0,65516,0,262144,262128,True
model.safetensors,blocks.7.mlp.c_proj.weight,160,32,2048,65536,0,65520,0,262144,262144,True
model.safetensors,blocks.7.mlp.c_proj.weight,192,32,2048,65536,0,65510,0,262144,262104,True
model.safetensors,blocks.7.mlp.c_proj.weight,224,32,2048,65536,0,65517,0,262144,262132,True
model.safetensors,blocks.7.mlp.c_proj.weight,256,32,2048,65536,0,65508,0,262144,262096,True
model.safetensors,blocks.7.mlp.c_proj.weight,288,32,2048,65536,0,65511,0,262144,262108,True
model.safetensors,blocks.7.mlp.c_proj.weight,320,32,2048,65536,0,65512,0,262144,262112,True
model.safetensors,blocks.7.mlp.c_proj.weight,352,32,2048,65536,0,65510,0,262144,262104,True
model.safetensors,blocks.7.mlp.c_proj.weight,384,32,2048,65536,0,65508,0,262144,262096,True
model.safetensors,blocks.7.mlp.c_proj.weight,416,32,2048,65536,0,65504,0,262144,262080,True
model.safetensors,blocks.7.mlp.c_proj.weight,448,32,2048,65536,0,65510,0,262144,262104,True
model.safetensors,blocks.7.mlp.c_proj.weight,480,32,2048,65536,0,65511,0,262144,262108,True
model.safetensors,lm_head.weight,0,32,512,16384,0,16380,0,65536,65584,True
model.safetensors,lm_head.weight,32,32,512,16384,0,16381,0,65536,65588,True
model.safetensors,lm_head.weight,64,32,512,16384,0,16381,0,65536,65588,True
model.safetensors,lm_head.weight,96,32,512,16384,0,16384,0,65536,65600,True
model.safetensors,lm_head.weight,128,32,512,16384,0,16380,0,65536,65584,True
model.safetensors,lm_head.weight,160,32,512,16384,0,16378,0,65536,65576,True
model.safetensors,lm_head.weight,192,32,512,16384,0,16379,0,65536,65580,True
model.safetensors,lm_head.weight,224,32,512,16384,0,16373,0,65536,65556,True
model.safetensors,lm_head.weight,256,32,512,16384,0,16379,0,65536,65580,True
model.safetensors,lm_head.weight,288,32,512,16384,0,16383,0,65536,65596,True
model.safetensors,lm_head.weight,320,32,512,16384,0,16382,0,65536,65592,True
model.safetensors,lm_head.weight,352,32,512,16384,0,16384,0,65536,65600,True
model.safetensors,lm_head.weight,384,32,512,16384,0,16383,0,65536,65596,True
model.safetensors,lm_head.weight,416,32,512,16384,0,16384,0,65536,65600,True
model.safetensors,lm_head.weight,448,32,512,16384,0,16384,0,65536,65600,True
model.safetensors,lm_head.weight,480,32,512,16384,0,16384,0,65536,65600,True
model.safetensors,lm_head.weight,512,32,512,16384,0,16382,0,65536,65592,True
model.safetensors,lm_head.weight,544,32,512,16384,0,16383,0,65536,65596,True
model.safetensors,lm_head.weight,576,32,512,16384,0,16384,0,65536,65600,True
model.safetensors,lm_head.weight,608,32,512,16384,0,16382,0,65536,65592,True
model.safetensors,lm_head.weight,640,32,512,16384,0,16381,0,65536,65588,True
model.safetensors,lm_head.weight,672,32,512,16384,0,16384,0,65536,65600,True
model.safetensors,lm_head.weight,704,32,512,16384,0,16383,0,65536,65596,True
model.safetensors,lm_head.weight,736,32,512,16384,0,16383,0,65536,65596,True
model.safetensors,lm_head.weight,768,32,512,16384,0,16381,0,65536,65588,True
model.safetensors,lm_head.weight,800,32,512,16384,0,16383,0,65536,65596,True
model.safetensors,lm_head.weight,832,32,512,16384,0,16381,0,65536,65588,True
model.safetensors,lm_head.weight,864,32,512,16384,0,16382,0,65536,65592,True
model.safetensors,lm_head.weight,896,32,512,16384,0,16381,0,65536,65588,True
model.safetensors,lm_head.weight,928,32,512,16384,0,16381,0,65536,65588,True
model.safetensors,lm_head.weight,960,32,512,16384,0,16381,0,65536,65588,True
model.safetensors,lm_head.weight,992,32,512,16384,0,16381,0,65536,65588,True
model.safetensors,lm_head.weight,1024,32,512,16384,0,16380,0,65536,65584,True
model.safetensors,lm_head.weight,1056,32,512,16384,0,16381,0,65536,65588,True
model.safetensors,lm_head.weight,1088,32,512,16384,0,16380,0,65536,65584,True
model.safetensors,lm_head.weight,1120,32,512,16384,0,16383,0,65536,65596,True
model.safetensors,lm_head.weight,1152,32,512,16384,0,16381,0,65536,65588,True
model.safetensors,lm_head.weight,1184,32,512,16384,0,16383,0,65536,65596,True
model.safetensors,lm_head.weight,1216,32,512,16384,0,16384,0,65536,65600,True
model.safetensors,lm_head.weight,1248,32,512,16384,0,16380,0,65536,65584,True
model.safetensors,lm_head.weight,1280,32,512,16384,0,16382,0,65536,65592,True
model.safetensors,lm_head.weight,1312,32,512,16384,0,16382,0,65536,65592,True
model.safetensors,lm_head.weight,1344,32,512,16384,0,16383,0,65536,65596,True
model.safetensors,lm_head.weight,1376,32,512,16384,0,16381,0,65536,65588,True
model.safetensors,lm_head.weight,1408,32,512,16384,0,16383,0,65536,65596,True
model.safetensors,lm_head.weight,1440,32,512,16384,0,16382,0,65536,65592,True
model.safetensors,lm_head.weight,1472,32,512,16384,0,16383,0,65536,65596,True
model.safetensors,lm_head.weight,1504,32,512,16384,0,16383,0,65536,65596,True
model.safetensors,lm_head.weight,1536,32,512,16384,0,16380,0,65536,65584,True
model.safetensors,lm_head.weight,1568,32,512,16384,0,16380,0,65536,65584,True
model.safetensors,lm_head.weight,1600,32,512,16384,0,16382,0,65536,65592,True
model.safetensors,lm_head.weight,1632,32,512,16384,0,16381,0,65536,65588,True
model.safetensors,lm_head.weight,1664,32,512,16384,0,16381,0,65536,65588,True
model.safetensors,lm_head.weight,1696,32,512,16384,0,16382,0,65536,65592,True
model.safetensors,lm_head.weight,1728,32,512,16384,0,16382,0,65536,65592,True
model.safetensors,lm_head.weight,1760,32,512,16384,0,16382,0,65536,65592,True
model.safetensors,lm_head.weight,1792,32,512,16384,0,16382,0,65536,65592,True
model.safetensors,lm_head.weight,1824,32,512,16384,0,16380,0,65536,65584,True
model.safetensors,lm_head.weight,1856,32,512,16384,0,16380,0,65536,65584,True
model.safetensors,lm_head.weight,1888,32,512,16384,0,16383,0,65536,65596,True
model.safetensors,lm_head.weight,1920,32,512,16384,0,16381,0,65536,65588,True
model.safetensors,lm_head.weight,1952,32,512,16384,0,16382,0,65536,65592,True
model.safetensors,lm_head.weight,1984,32,512,16384,0,16381,0,65536,65588,True
model.safetensors,lm_head.weight,2016,32,512,16384,0,16381,0,65536,65588,True
model.safetensors,lm_head.weight,2048,32,512,16384,0,16383,0,65536,65596,True
model.safetensors,lm_head.weight,2080,32,512,16384,0,16384,0,65536,65600,True
model.safetensors,lm_head.weight,2112,32,512,16384,0,16383,0,65536,65596,True
model.safetensors,lm_head.weight,2144,32,512,16384,0,16383,0,65536,65596,True
model.safetensors,lm_head.weight,2176,32,512,16384,0,16383,0,65536,65596,True
model.safetensors,lm_head.weight,2208,32,512,16384,0,16383,0,65536,65596,True
model.safetensors,lm_head.weight,2240,32,512,16384,0,16383,0,65536,65596,True
model.safetensors,lm_head.weight,2272,32,512,16384,0,16380,0,65536,65584,True
model.safetensors,lm_head.weight,2304,32,512,16384,0,16384,0,65536,65600,True
model.safetensors,lm_head.weight,2336,32,512,16384,0,16382,0,65536,65592,True
model.safetensors,lm_head.weight,2368,32,512,16384,0,16383,0,65536,65596,True
model.safetensors,lm_head.weight,2400,32,512,16384,0,16382,0,65536,65592,True
model.safetensors,lm_head.weight,2432,32,512,16384,0,16380,0,65536,65584,True
model.safetensors,lm_head.weight,2464,32,512,16384,0,16382,0,65536,65592,True
model.safetensors,lm_head.weight,2496,32,512,16384,0,16381,0,65536,65588,True
model.safetensors,lm_head.weight,2528,32,512,16384,0,16383,0,65536,65596,True
model.safetensors,lm_head.weight,2560,32,512,16384,0,16384,0,65536,65600,True
model.safetensors,lm_head.weight,2592,32,512,16384,0,16384,0,65536,65600,True
model.safetensors,lm_head.weight,2624,32,512,16384,0,16381,0,65536,65588,True
model.safetensors,lm_head.weight,2656,32,512,16384,0,16382,0,65536,65592,True
model.safetensors,lm_head.weight,2688,32,512,16384,0,16383,0,65536,65596,True
model.safetensors,lm_head.weight,2720,32,512,16384,0,16384,0,65536,65600,True
model.safetensors,lm_head.weight,2752,32,512,16384,0,16381,0,65536,65588,True
model.safetensors,lm_head.weight,2784,32,512,16384,0,16382,0,65536,65592,True
model.safetensors,lm_head.weight,2816,32,512,16384,0,16383,0,65536,65596,True
model.safetensors,lm_head.weight,2848,32,512,16384,0,16383,0,65536,65596,True
model.safetensors,lm_head.weight,2880,32,512,16384,0,16383,0,65536,65596,True
model.safetensors,lm_head.weight,2912,32,512,16384,0,16383,0,65536,65596,True
model.safetensors,lm_head.weight,2944,32,512,16384,0,16383,0,65536,65596,True
model.safetensors,lm_head.weight,2976,32,512,16384,0,16383,0,65536,65596,True
model.safetensors,lm_head.weight,3008,32,512,16384,0,16381,0,65536,65588,True
model.safetensors,lm_head.weight,3040,32,512,16384,0,16382,0,65536,65592,True
model.safetensors,lm_head.weight,3072,32,512,16384,0,16383,0,65536,65596,True
model.safetensors,lm_head.weight,3104,32,512,16384,0,16381,0,65536,65588,True
model.safetensors,lm_head.weight,3136,32,512,16384,0,16384,0,65536,65600,True
model.safetensors,lm_head.weight,3168,32,512,16384,0,16382,0,65536,65592,True
model.safetensors,lm_head.weight,3200,32,512,16384,0,16384,0,65536,65600,True
model.safetensors,lm_head.weight,3232,32,512,16384,0,16383,0,65536,65596,True
model.safetensors,lm_head.weight,3264,32,512,16384,0,16383,0,65536,65596,True
model.safetensors,lm_head.weight,3296,32,512,16384,0,16384,0,65536,65600,True
model.safetensors,lm_head.weight,3328,32,512,16384,0,16381,0,65536,65588,True
model.safetensors,lm_head.weight,3360,32,512,16384,0,16383,0,65536,65596,True
model.safetensors,lm_head.weight,3392,32,512,16384,0,16382,0,65536,65592,True
model.safetensors,lm_head.weight,3424,32,512,16384,0,16382,0,65536,65592,True
model.safetensors,lm_head.weight,3456,32,512,16384,0,16383,0,65536,65596,True
model.safetensors,lm_head.weight,3488,32,512,16384,0,16382,0,65536,65592,True
model.safetensors,lm_head.weight,3520,32,512,16384,0,16383,0,65536,65596,True
model.safetensors,lm_head.weight,3552,32,512,16384,0,16383,0,65536,65596,True
model.safetensors,lm_head.weight,3584,32,512,16384,0,16383,0,65536,65596,True
model.safetensors,lm_head.weight,3616,32,512,16384,0,16383,0,65536,65596,True
model.safetensors,lm_head.weight,3648,32,512,16384,0,16382,0,65536,65592,True
model.safetensors,lm_head.weight,3680,32,512,16384,0,16383,0,65536,65596,True
model.safetensors,lm_head.weight,3712,32,512,16384,0,16379,0,65536,65580,True
model.safetensors,lm_head.weight,3744,32,512,16384,0,16379,0,65536,65580,True
model.safetensors,lm_head.weight,3776,32,512,16384,0,16381,0,65536,65588,True
model.safetensors,lm_head.weight,3808,32,512,16384,0,16381,0,65536,65588,True
model.safetensors,lm_head.weight,3840,32,512,16384,0,16381,0,65536,65588,True
model.safetensors,lm_head.weight,3872,32,512,16384,0,16384,0,65536,65600,True
model.safetensors,lm_head.weight,3904,32,512,16384,0,16382,0,65536,65592,True
model.safetensors,lm_head.weight,3936,32,512,16384,0,16382,0,65536,65592,True
model.safetensors,lm_head.weight,3968,32,512,16384,0,16384,0,65536,65600,True
model.safetensors,lm_head.weight,4000,32,512,16384,0,16384,0,65536,65600,True
model.safetensors,lm_head.weight,4032,32,512,16384,0,16382,0,65536,65592,True
model.safetensors,lm_head.weight,4064,32,512,16384,0,16383,0,65536,65596,True
model.safetensors,lm_head.weight,4096,32,512,16384,0,16379,0,65536,65580,True
model.safetensors,lm_head.weight,4128,32,512,16384,0,16382,0,65536,65592,True
model.safetensors,lm_head.weight,4160,32,512,16384,0,16378,0,65536,65576,True
model.safetensors,lm_head.weight,4192,32,512,16384,0,16382,0,65536,65592,True
model.safetensors,lm_head.weight,4224,32,512,16384,0,16381,0,65536,65588,True
model.safetensors,lm_head.weight,4256,32,512,16384,0,16383,0,65536,65596,True
model.safetensors,lm_head.weight,4288,32,512,16384,0,16384,0,65536,65600,True
model.safetensors,lm_head.weight,4320,32,512,16384,0,16382,0,65536,65592,True
model.safetensors,lm_head.weight,4352,32,512,16384,0,16381,0,65536,65588,True
model.safetensors,lm_head.weight,4384,32,512,16384,0,16384,0,65536,65600,True
model.safetensors,lm_head.weight,4416,32,512,16384,0,16380,0,65536,65584,True
model.safetensors,lm_head.weight,4448,32,512,16384,0,16381,0,65536,65588,True
model.safetensors,lm_head.weight,4480,32,512,16384,0,16383,0,65536,65596,True
model.safetensors,lm_head.weight,4512,32,512,16384,0,16383,0,65536,65596,True
model.safetensors,lm_head.weight,4544,32,512,16384,0,16383,0,65536,65596,True
model.safetensors,lm_head.weight,4576,32,512,16384,0,16382,0,65536,65592,True
model.safetensors,lm_head.weight,4608,32,512,16384,0,16380,0,65536,65584,True
model.safetensors,lm_head.weight,4640,32,512,16384,0,16383,0,65536,65596,True
model.safetensors,lm_head.weight,4672,32,512,16384,0,16384,0,65536,65600,True
model.safetensors,lm_head.weight,4704,32,512,16384,0,16382,0,65536,65592,True
model.safetensors,lm_head.weight,4736,32,512,16384,0,16381,0,65536,65588,True
model.safetensors,lm_head.weight,4768,32,512,16384,0,16383,0,65536,65596,True
model.safetensors,lm_head.weight,4800,32,512,16384,0,16384,0,65536,65600,True
model.safetensors,lm_head.weight,4832,32,512,16384,0,16382,0,65536,65592,True
model.safetensors,lm_head.weight,4864,32,512,16384,0,16384,0,65536,65600,True
model.safetensors,lm_head.weight,4896,32,512,16384,0,16383,0,65536,65596,True
model.safetensors,lm_head.weight,4928,32,512,16384,0,16383,0,65536,65596,True
model.safetensors,lm_head.weight,4960,32,512,16384,0,16380,0,65536,65584,True
model.safetensors,lm_head.weight,4992,32,512,16384,0,16382,0,65536,65592,True
model.safetensors,lm_head.weight,5024,32,512,16384,0,16383,0,65536,65596,True
model.safetensors,lm_head.weight,5056,32,512,16384,0,16384,0,65536,65600,True
model.safetensors,lm_head.weight,5088,32,512,16384,0,16380,0,65536,65584,True
model.safetensors,lm_head.weight,5120,32,512,16384,0,16383,0,65536,65596,True
model.safetensors,lm_head.weight,5152,32,512,16384,0,16383,0,65536,65596,True
model.safetensors,lm_head.weight,5184,32,512,16384,0,16382,0,65536,65592,True
model.safetensors,lm_head.weight,5216,32,512,16384,0,16382,0,65536,65592,True
model.safetensors,lm_head.weight,5248,32,512,16384,0,16382,0,65536,65592,True
model.safetensors,lm_head.weight,5280,32,512,16384,0,16384,0,65536,65600,True
model.safetensors,lm_head.weight,5312,32,512,16384,0,16381,0,65536,65588,True
model.safetensors,lm_head.weight,5344,32,512,16384,0,16383,0,65536,65596,True
model.safetensors,lm_head.weight,5376,32,512,16384,0,16380,0,65536,65584,True
model.safetensors,lm_head.weight,5408,32,512,16384,0,16383,0,65536,65596,True
model.safetensors,lm_head.weight,5440,32,512,16384,0,16381,0,65536,65588,True
model.safetensors,lm_head.weight,5472,32,512,16384,0,16383,0,65536,65596,True
model.safetensors,lm_head.weight,5504,32,512,16384,0,16382,0,65536,65592,True
model.safetensors,lm_head.weight,5536,32,512,16384,0,16382,0,65536,65592,True
model.safetensors,lm_head.weight,5568,32,512,16384,0,16384,0,65536,65600,True
model.safetensors,lm_head.weight,5600,32,512,16384,0,16382,0,65536,65592,True
model.safetensors,lm_head.weight,5632,32,512,16384,0,16380,0,65536,65584,True
model.safetensors,lm_head.weight,5664,32,512,16384,0,16384,0,65536,65600,True
model.safetensors,lm_head.weight,5696,32,512,16384,0,16383,0,65536,65596,True
model.safetensors,lm_head.weight,5728,32,512,16384,0,16382,0,65536,65592,True
model.safetensors,lm_head.weight,5760,32,512,16384,0,16381,0,65536,65588,True
model.safetensors,lm_head.weight,5792,32,512,16384,0,16381,0,65536,65588,True
model.safetensors,lm_head.weight,5824,32,512,16384,0,16384,0,65536,65600,True
model.safetensors,lm_head.weight,5856,32,512,16384,0,16380,0,65536,65584,True
model.safetensors,lm_head.weight,5888,32,512,16384,0,16383,0,65536,65596,True
model.safetensors,lm_head.weight,5920,32,512,16384,0,16383,0,65536,65596,True
model.safetensors,lm_head.weight,5952,32,512,16384,0,16378,0,65536,65576,True
model.safetensors,lm_head.weight,5984,32,512,16384,0,16383,0,65536,65596,True
model.safetensors,lm_head.weight,6016,32,512,16384,0,16381,0,65536,65588,True
model.safetensors,lm_head.weight,6048,32,512,16384,0,16382,0,65536,65592,True
model.safetensors,lm_head.weight,6080,32,512,16384,0,16382,0,65536,65592,True
model.safetensors,lm_head.weight,6112,32,512,16384,0,16382,0,65536,65592,True
model.safetensors,lm_head.weight,6144,32,512,16384,0,16380,0,65536,65584,True
model.safetensors,lm_head.weight,6176,32,512,16384,0,16378,0,65536,65576,True
model.safetensors,lm_head.weight,6208,32,512,16384,0,16383,0,65536,65596,True
model.safetensors,lm_head.weight,6240,32,512,16384,0,16379,0,65536,65580,True
model.safetensors,lm_head.weight,6272,32,512,16384,0,16383,0,65536,65596,True
model.safetensors,lm_head.weight,6304,32,512,16384,0,16377,0,65536,65572,True
model.safetensors,lm_head.weight,6336,32,512,16384,0,16383,0,65536,65596,True
model.safetensors,lm_head.weight,6368,32,512,16384,0,16384,0,65536,65600,True
model.safetensors,lm_head.weight,6400,32,512,16384,0,16382,0,65536,65592,True
model.safetensors,lm_head.weight,6432,32,512,16384,0,16380,0,65536,65584,True
model.safetensors,lm_head.weight,6464,32,512,16384,0,16382,0,65536,65592,True
model.safetensors,lm_head.weight,6496,32,512,16384,0,16380,0,65536,65584,True
model.safetensors,lm_head.weight,6528,32,512,16384,0,16381,0,65536,65588,True
model.safetensors,lm_head.weight,6560,32,512,16384,0,16382,0,65536,65592,True
model.safetensors,lm_head.weight,6592,32,512,16384,0,16382,0,65536,65592,True
model.safetensors,lm_head.weight,6624,32,512,16384,0,16382,0,65536,65592,True
model.safetensors,lm_head.weight,6656,32,512,16384,0,16382,0,65536,65592,True
model.safetensors,lm_head.weight,6688,32,512,16384,0,16382,0,65536,65592,True
model.safetensors,lm_head.weight,6720,32,512,16384,0,16380,0,65536,65584,True
model.safetensors,lm_head.weight,6752,32,512,16384,0,16384,0,65536,65600,True
model.safetensors,lm_head.weight,6784,32,512,16384,0,16384,0,65536,65600,True
model.safetensors,lm_head.weight,6816,32,512,16384,0,16383,0,65536,65596,True
model.safetensors,lm_head.weight,6848,32,512,16384,0,16381,0,65536,65588,True
model.safetensors,lm_head.weight,6880,32,512,16384,0,16381,0,65536,65588,True
model.safetensors,lm_head.weight,6912,32,512,16384,0,16381,0,65536,65588,True
model.safetensors,lm_head.weight,6944,32,512,16384,0,16382,0,65536,65592,True
model.safetensors,lm_head.weight,6976,32,512,16384,0,16380,0,65536,65584,True
model.safetensors,lm_head.weight,7008,32,512,16384,0,16384,0,65536,65600,True
model.safetensors,lm_head.weight,7040,32,512,16384,0,16384,0,65536,65600,True
model.safetensors,lm_head.weight,7072,32,512,16384,0,16383,0,65536,65596,True
model.safetensors,lm_head.weight,7104,32,512,16384,0,16379,0,65536,65580,True
model.safetensors,lm_head.weight,7136,32,512,16384,0,16380,0,65536,65584,True
model.safetensors,lm_head.weight,7168,32,512,16384,0,16380,0,65536,65584,True
model.safetensors,lm_head.weight,7200,32,512,16384,0,16381,0,65536,65588,True
model.safetensors,lm_head.weight,7232,32,512,16384,0,16383,0,65536,65596,True
model.safetensors,lm_head.weight,7264,32,512,16384,0,16378,0,65536,65576,True
model.safetensors,lm_head.weight,7296,32,512,16384,0,16383,0,65536,65596,True
model.safetensors,lm_head.weight,7328,32,512,16384,0,16384,0,65536,65600,True
model.safetensors,lm_head.weight,7360,32,512,16384,0,16382,0,65536,65592,True
model.safetensors,lm_head.weight,7392,32,512,16384,0,16380,0,65536,65584,True
model.safetensors,lm_head.weight,7424,32,512,16384,0,16376,0,65536,65568,True
model.safetensors,lm_head.weight,7456,32,512,16384,0,16383,0,65536,65596,True
model.safetensors,lm_head.weight,7488,32,512,16384,0,16383,0,65536,65596,True
model.safetensors,lm_head.weight,7520,32,512,16384,0,16383,0,65536,65596,True
model.safetensors,lm_head.weight,7552,32,512,16384,0,16382,0,65536,65592,True
model.safetensors,lm_head.weight,7584,32,512,16384,0,16383,0,65536,65596,True
model.safetensors,lm_head.weight,7616,32,512,16384,0,16383,0,65536,65596,True
model.safetensors,lm_head.weight,7648,32,512,16384,0,16381,0,65536,65588,True
model.safetensors,lm_head.weight,7680,32,512,16384,0,16383,0,65536,65596,True
model.safetensors,lm_head.weight,7712,32,512,16384,0,16384,0,65536,65600,True
model.safetensors,lm_head.weight,7744,32,512,16384,0,16383,0,65536,65596,True
model.safetensors,lm_head.weight,7776,32,512,16384,0,16380,0,65536,65584,True
model.safetensors,lm_head.weight,7808,32,512,16384,0,16380,0,65536,65584,True
model.safetensors,lm_head.weight,7840,32,512,16384,0,16381,0,65536,65588,True
model.safetensors,lm_head.weight,7872,32,512,16384,0,16383,0,65536,65596,True
model.safetensors,lm_head.weight,7904,32,512,16384,0,16383,0,65536,65596,True
model.safetensors,lm_head.weight,7936,32,512,16384,0,16379,0,65536,65580,True
model.safetensors,lm_head.weight,7968,32,512,16384,0,16382,0,65536,65592,True
model.safetensors,lm_head.weight,8000,32,512,16384,0,16384,0,65536,65600,True
model.safetensors,lm_head.weight,8032,32,512,16384,0,16382,0,65536,65592,True
model.safetensors,lm_head.weight,8064,32,512,16384,0,16384,0,65536,65600,True
model.safetensors,lm_head.weight,8096,32,512,16384,0,16383,0,65536,65596,True
model.safetensors,lm_head.weight,8128,32,512,16384,0,16381,0,65536,65588,True
model.safetensors,lm_head.weight,8160,32,512,16384,0,16382,0,65536,65592,True
model.safetensors,lm_head.weight,8192,32,512,16384,0,16383,0,65536,65596,True
model.safetensors,lm_head.weight,8224,32,512,16384,0,16382,0,65536,65592,True
model.safetensors,lm_head.weight,8256,32,512,16384,0,16382,0,65536,65592,True
model.safetensors,lm_head.weight,8288,32,512,16384,0,16384,0,65536,65600,True
model.safetensors,lm_head.weight,8320,32,512,16384,0,16384,0,65536,65600,True
model.safetensors,lm_head.weight,8352,32,512,16384,0,16383,0,65536,65596,True
model.safetensors,lm_head.weight,8384,32,512,16384,0,16380,0,65536,65584,True
model.safetensors,lm_head.weight,8416,32,512,16384,0,16383,0,65536,65596,True
model.safetensors,lm_head.weight,8448,32,512,16384,0,16381,0,65536,65588,True
model.safetensors,lm_head.weight,8480,32,512,16384,0,16381,0,65536,65588,True
model.safetensors,lm_head.weight,8512,32,512,16384,0,16380,0,65536,65584,True
model.safetensors,lm_head.weight,8544,32,512,16384,0,16382,0,65536,65592,True
model.safetensors,lm_head.weight,8576,32,512,16384,0,16381,0,65536,65588,True
model.safetensors,lm_head.weight,8608,32,512,16384,0,16381,0,65536,65588,True
model.safetensors,lm_head.weight,8640,32,512,16384,0,16382,0,65536,65592,True
model.safetensors,lm_head.weight,8672,32,512,16384,0,16379,0,65536,65580,True
model.safetensors,lm_head.weight,8704,32,512,16384,0,16384,0,65536,65600,True
model.safetensors,lm_head.weight,8736,32,512,16384,0,16380,0,65536,65584,True
model.safetensors,lm_head.weight,8768,32,512,16384,0,16382,0,65536,65592,True
model.safetensors,lm_head.weight,8800,32,512,16384,0,16381,0,65536,65588,True
model.safetensors,lm_head.weight,8832,32,512,16384,0,16381,0,65536,65588,True
model.safetensors,lm_head.weight,8864,32,512,16384,0,16381,0,65536,65588,True
model.safetensors,lm_head.weight,8896,32,512,16384,0,16382,0,65536,65592,True
model.safetensors,lm_head.weight,8928,32,512,16384,0,16382,0,65536,65592,True
model.safetensors,lm_head.weight,8960,32,512,16384,0,16382,0,65536,65592,True
model.safetensors,lm_head.weight,8992,32,512,16384,0,16383,0,65536,65596,True
model.safetensors,lm_head.weight,9024,32,512,16384,0,16380,0,65536,65584,True
model.safetensors,lm_head.weight,9056,32,512,16384,0,16384,0,65536,65600,True
model.safetensors,lm_head.weight,9088,32,512,16384,0,16383,0,65536,65596,True
model.safetensors,lm_head.weight,9120,32,512,16384,0,16378,0,65536,65576,True
model.safetensors,lm_head.weight,9152,32,512,16384,0,16382,0,65536,65592,True
model.safetensors,lm_head.weight,9184,32,512,16384,0,16379,0,65536,65580,True
model.safetensors,lm_head.weight,9216,32,512,16384,0,16381,0,65536,65588,True
model.safetensors,lm_head.weight,9248,32,512,16384,0,16382,0,65536,65592,True
model.safetensors,lm_head.weight,9280,32,512,16384,0,16382,0,65536,65592,True
model.safetensors,lm_head.weight,9312,32,512,16384,0,16382,0,65536,65592,True
model.safetensors,lm_head.weight,9344,32,512,16384,0,16380,0,65536,65584,True
model.safetensors,lm_head.weight,9376,32,512,16384,0,16383,0,65536,65596,True
model.safetensors,lm_head.weight,9408,32,512,16384,0,16383,0,65536,65596,True
model.safetensors,lm_head.weight,9440,32,512,16384,0,16381,0,65536,65588,True
model.safetensors,lm_head.weight,9472,32,512,16384,0,16383,0,65536,65596,True
model.safetensors,lm_head.weight,9504,32,512,16384,0,16384,0,65536,65600,True
model.safetensors,lm_head.weight,9536,32,512,16384,0,16383,0,65536,65596,True
model.safetensors,lm_head.weight,9568,32,512,16384,0,16381,0,65536,65588,True
model.safetensors,lm_head.weight,9600,32,512,16384,0,16379,0,65536,65580,True
model.safetensors,lm_head.weight,9632,32,512,16384,0,16384,0,65536,65600,True
model.safetensors,lm_head.weight,9664,32,512,16384,0,16381,0,65536,65588,True
model.safetensors,lm_head.weight,9696,32,512,16384,0,16383,0,65536,65596,True
model.safetensors,lm_head.weight,9728,32,512,16384,0,16381,0,65536,65588,True
model.safetensors,lm_head.weight,9760,32,512,16384,0,16382,0,65536,65592,True
model.safetensors,lm_head.weight,9792,32,512,16384,0,16377,0,65536,65572,True
model.safetensors,lm_head.weight,9824,32,512,16384,0,16381,0,65536,65588,True
model.safetensors,lm_head.weight,9856,32,512,16384,0,16382,0,65536,65592,True
model.safetensors,lm_head.weight,9888,32,512,16384,0,16378,0,65536,65576,True
model.safetensors,lm_head.weight,9920,32,512,16384,0,16379,0,65536,65580,True
model.safetensors,lm_head.weight,9952,32,512,16384,0,16380,0,65536,65584,True
model.safetensors,lm_head.weight,9984,32,512,16384,0,16381,0,65536,65588,True
model.safetensors,lm_head.weight,10016,32,512,16384,0,16384,0,65536,65600,True
model.safetensors,lm_head.weight,10048,32,512,16384,0,16383,0,65536,65596,True
model.safetensors,lm_head.weight,10080,32,512,16384,0,16382,0,65536,65592,True
model.safetensors,lm_head.weight,10112,32,512,16384,0,16384,0,65536,65600,True
model.safetensors,lm_head.weight,10144,32,512,16384,0,16378,0,65536,65576,True
model.safetensors,lm_head.weight,10176,32,512,16384,0,16382,0,65536,65592,True
model.safetensors,lm_head.weight,10208,32,512,16384,0,16381,0,65536,65588,True
model.safetensors,lm_head.weight,10240,32,512,16384,0,16382,0,65536,65592,True
model.safetensors,lm_head.weight,10272,32,512,16384,0,16383,0,65536,65596,True
model.safetensors,lm_head.weight,10304,32,512,16384,0,16381,0,65536,65588,True
model.safetensors,lm_head.weight,10336,32,512,16384,0,16382,0,65536,65592,True
model.safetensors,lm_head.weight,10368,32,512,16384,0,16380,0,65536,65584,True
model.safetensors,lm_head.weight,10400,32,512,16384,0,16383,0,65536,65596,True
model.safetensors,lm_head.weight,10432,32,512,16384,0,16380,0,65536,65584,True
model.safetensors,lm_head.weight,10464,32,512,16384,0,16383,0,65536,65596,True
model.safetensors,lm_head.weight,10496,32,512,16384,0,16383,0,65536,65596,True
model.safetensors,lm_head.weight,10528,32,512,16384,0,16382,0,65536,65592,True
model.safetensors,lm_head.weight,10560,32,512,16384,0,16383,0,65536,65596,True
model.safetensors,lm_head.weight,10592,32,512,16384,0,16383,0,65536,65596,True
model.safetensors,lm_head.weight,10624,32,512,16384,0,16381,0,65536,65588,True
model.safetensors,lm_head.weight,10656,32,512,16384,0,16384,0,65536,65600,True
model.safetensors,lm_head.weight,10688,32,512,16384,0,16381,0,65536,65588,True
model.safetensors,lm_head.weight,10720,32,512,16384,0,16383,0,65536,65596,True
model.safetensors,lm_head.weight,10752,32,512,16384,0,16379,0,65536,65580,True
model.safetensors,lm_head.weight,10784,32,512,16384,0,16380,0,65536,65584,True
model.safetensors,lm_head.weight,10816,32,512,16384,0,16384,0,65536,65600,True
model.safetensors,lm_head.weight,10848,32,512,16384,0,16382,0,65536,65592,True
model.safetensors,lm_head.weight,10880,32,512,16384,0,16380,0,65536,65584,True
model.safetensors,lm_head.weight,10912,32,512,16384,0,16375,0,65536,65564,True
model.safetensors,lm_head.weight,10944,32,512,16384,0,16382,0,65536,65592,True
model.safetensors,lm_head.weight,10976,32,512,16384,0,16380,0,65536,65584,True
model.safetensors,lm_head.weight,11008,32,512,16384,0,16383,0,65536,65596,True
model.safetensors,lm_head.weight,11040,32,512,16384,0,16383,0,65536,65596,True
model.safetensors,lm_head.weight,11072,32,512,16384,0,16381,0,65536,65588,True
model.safetensors,lm_head.weight,11104,32,512,16384,0,16381,0,65536,65588,True
model.safetensors,lm_head.weight,11136,32,512,16384,0,16381,0,65536,65588,True
model.safetensors,lm_head.weight,11168,32,512,16384,0,16382,0,65536,65592,True
model.safetensors,lm_head.weight,11200,32,512,16384,0,16380,0,65536,65584,True
model.safetensors,lm_head.weight,11232,32,512,16384,0,16382,0,65536,65592,True
model.safetensors,lm_head.weight,11264,32,512,16384,0,16382,0,65536,65592,True
model.safetensors,lm_head.weight,11296,32,512,16384,0,16380,0,65536,65584,True
model.safetensors,lm_head.weight,11328,32,512,16384,0,16380,0,65536,65584,True
model.safetensors,lm_head.weight,11360,32,512,16384,0,16378,0,65536,65576,True
model.safetensors,lm_head.weight,11392,32,512,16384,0,16383,0,65536,65596,True
model.safetensors,lm_head.weight,11424,32,512,16384,0,16382,0,65536,65592,True
model.safetensors,lm_head.weight,11456,32,512,16384,0,16379,0,65536,65580,True
model.safetensors,lm_head.weight,11488,32,512,16384,0,16382,0,65536,65592,True
model.safetensors,lm_head.weight,11520,32,512,16384,0,16380,0,65536,65584,True
model.safetensors,lm_head.weight,11552,32,512,16384,0,16380,0,65536,65584,True
model.safetensors,lm_head.weight,11584,32,512,16384,0,16384,0,65536,65600,True
model.safetensors,lm_head.weight,11616,32,512,16384,0,16381,0,65536,65588,True
model.safetensors,lm_head.weight,11648,32,512,16384,0,16383,0,65536,65596,True
model.safetensors,lm_head.weight,11680,32,512,16384,0,16380,0,65536,65584,True
model.safetensors,lm_head.weight,11712,32,512,16384,0,16380,0,65536,65584,True
model.safetensors,lm_head.weight,11744,32,512,16384,0,16384,0,65536,65600,True
model.safetensors,lm_head.weight,11776,32,512,16384,0,16375,0,65536,65564,True
model.safetensors,lm_head.weight,11808,32,512,16384,0,16381,0,65536,65588,True
model.safetensors,lm_head.weight,11840,32,512,16384,0,16380,0,65536,65584,True
model.safetensors,lm_head.weight,11872,32,512,16384,0,16382,0,65536,65592,True
model.safetensors,lm_head.weight,11904,32,512,16384,0,16383,0,65536,65596,True
model.safetensors,lm_head.weight,11936,32,512,16384,0,16380,0,65536,65584,True
model.safetensors,lm_head.weight,11968,32,512,16384,0,16380,0,65536,65584,True
model.safetensors,lm_head.weight,12000,32,512,16384,0,16379,0,65536,65580,True
model.safetensors,lm_head.weight,12032,32,512,16384,0,16381,0,65536,65588,True
model.safetensors,lm_head.weight,12064,32,512,16384,0,16381,0,65536,65588,True
model.safetensors,lm_head.weight,12096,32,512,16384,0,16380,0,65536,65584,True
model.safetensors,lm_head.weight,12128,32,512,16384,0,16383,0,65536,65596,True
model.safetensors,lm_head.weight,12160,32,512,16384,0,16380,0,65536,65584,True
model.safetensors,lm_head.weight,12192,32,512,16384,0,16384,0,65536,65600,True
model.safetensors,lm_head.weight,12224,32,512,16384,0,16381,0,65536,65588,True
model.safetensors,lm_head.weight,12256,32,512,16384,0,16379,0,65536,65580,True
model.safetensors,lm_head.weight,12288,32,512,16384,0,16381,0,65536,65588,True
model.safetensors,lm_head.weight,12320,32,512,16384,0,16384,0,65536,65600,True
model.safetensors,lm_head.weight,12352,32,512,16384,0,16382,0,65536,65592,True
model.safetensors,lm_head.weight,12384,32,512,16384,0,16379,0,65536,65580,True
model.safetensors,lm_head.weight,12416,32,512,16384,0,16380,0,65536,65584,True
model.safetensors,lm_head.weight,12448,32,512,16384,0,16379,0,65536,65580,True
model.safetensors,lm_head.weight,12480,32,512,16384,0,16379,0,65536,65580,True
model.safetensors,lm_head.weight,12512,32,512,16384,0,16381,0,65536,65588,True
model.safetensors,lm_head.weight,12544,32,512,16384,0,16377,0,65536,65572,True
model.safetensors,lm_head.weight,12576,32,512,16384,0,16382,0,65536,65592,True
model.safetensors,lm_head.weight,12608,32,512,16384,0,16381,0,65536,65588,True
model.safetensors,lm_head.weight,12640,32,512,16384,0,16382,0,65536,65592,True
model.safetensors,lm_head.weight,12672,32,512,16384,0,16380,0,65536,65584,True
model.safetensors,lm_head.weight,12704,32,512,16384,0,16379,0,65536,65580,True
model.safetensors,lm_head.weight,12736,32,512,16384,0,16380,0,65536,65584,True
model.safetensors,lm_head.weight,12768,32,512,16384,0,16383,0,65536,65596,True
model.safetensors,lm_head.weight,12800,32,512,16384,0,16381,0,65536,65588,True
model.safetensors,lm_head.weight,12832,32,512,16384,0,16380,0,65536,65584,True
model.safetensors,lm_head.weight,12864,32,512,16384,0,16383,0,65536,65596,True
model.safetensors,lm_head.weight,12896,32,512,16384,0,16381,0,65536,65588,True
model.safetensors,lm_head.weight,12928,32,512,16384,0,16379,0,65536,65580,True
model.safetensors,lm_head.weight,12960,32,512,16384,0,16379,0,65536,65580,True
model.safetensors,lm_head.weight,12992,32,512,16384,0,16379,0,65536,65580,True
model.safetensors,lm_head.weight,13024,32,512,16384,0,16382,0,65536,65592,True
model.safetensors,lm_head.weight,13056,32,512,16384,0,16378,0,65536,65576,True
model.safetensors,lm_head.weight,13088,32,512,16384,0,16381,0,65536,65588,True
model.safetensors,lm_head.weight,13120,32,512,16384,0,16382,0,65536,65592,True
model.safetensors,lm_head.weight,13152,32,512,16384,0,16379,0,65536,65580,True
model.safetensors,lm_head.weight,13184,32,512,16384,0,16378,0,65536,65576,True
model.safetensors,lm_head.weight,13216,32,512,16384,0,16380,0,65536,65584,True
model.safetensors,lm_head.weight,13248,32,512,16384,0,16382,0,65536,65592,True
model.safetensors,lm_head.weight,13280,32,512,16384,0,16380,0,65536,65584,True
model.safetensors,lm_head.weight,13312,32,512,16384,0,16382,0,65536,65592,True
model.safetensors,lm_head.weight,13344,32,512,16384,0,16382,0,65536,65592,True
model.safetensors,lm_head.weight,13376,32,512,16384,0,16382,0,65536,65592,True
model.safetensors,lm_head.weight,13408,32,512,16384,0,16381,0,65536,65588,True
model.safetensors,lm_head.weight,13440,32,512,16384,0,16379,0,65536,65580,True
model.safetensors,lm_head.weight,13472,32,512,16384,0,16382,0,65536,65592,True
model.safetensors,lm_head.weight,13504,32,512,16384,0,16381,0,65536,65588,True
model.safetensors,lm_head.weight,13536,32,512,16384,0,16378,0,65536,65576,True
model.safetensors,lm_head.weight,13568,32,512,16384,0,16382,0,65536,65592,True
model.safetensors,lm_head.weight,13600,32,512,16384,0,16377,0,65536,65572,True
model.safetensors,lm_head.weight,13632,32,512,16384,0,16384,0,65536,65600,True
model.safetensors,lm_head.weight,13664,32,512,16384,0,16382,0,65536,65592,True
model.safetensors,lm_head.weight,13696,32,512,16384,0,16381,0,65536,65588,True
model.safetensors,lm_head.weight,13728,32,512,16384,0,16383,0,65536,65596,True
model.safetensors,lm_head.weight,13760,32,512,16384,0,16383,0,65536,65596,True
model.safetensors,lm_head.weight,13792,32,512,16384,0,16379,0,65536,65580,True
model.safetensors,lm_head.weight,13824,32,512,16384,0,16377,0,65536,65572,True
model.safetensors,lm_head.weight,13856,32,512,16384,0,16377,0,65536,65572,True
model.safetensors,lm_head.weight,13888,32,512,16384,0,16378,0,65536,65576,True
model.safetensors,lm_head.weight,13920,32,512,16384,0,16379,0,65536,65580,True
model.safetensors,lm_head.weight,13952,32,512,16384,0,16380,0,65536,65584,True
model.safetensors,lm_head.weight,13984,32,512,16384,0,16382,0,65536,65592,True
model.safetensors,lm_head.weight,14016,32,512,16384,0,16377,0,65536,65572,True
model.safetensors,lm_head.weight,14048,32,512,16384,0,16381,0,65536,65588,True
model.safetensors,lm_head.weight,14080,32,512,16384,0,16381,0,65536,65588,True
model.safetensors,lm_head.weight,14112,32,512,16384,0,16381,0,65536,65588,True
model.safetensors,lm_head.weight,14144,32,512,16384,0,16383,0,65536,65596,True
model.safetensors,lm_head.weight,14176,32,512,16384,0,16381,0,65536,65588,True
model.safetensors,lm_head.weight,14208,32,512,16384,0,16383,0,65536,65596,True
model.safetensors,lm_head.weight,14240,32,512,16384,0,16379,0,65536,65580,True
model.safetensors,lm_head.weight,14272,32,512,16384,0,16382,0,65536,65592,True
model.safetensors,lm_head.weight,14304,32,512,16384,0,16377,0,65536,65572,True
model.safetensors,lm_head.weight,14336,32,512,16384,0,16381,0,65536,65588,True
model.safetensors,lm_head.weight,14368,32,512,16384,0,16380,0,65536,65584,True
model.safetensors,lm_head.weight,14400,32,512,16384,0,16381,0,65536,65588,True
model.safetensors,lm_head.weight,14432,32,512,16384,0,16382,0,65536,65592,True
model.safetensors,lm_head.weight,14464,32,512,16384,0,16379,0,65536,65580,True
model.safetensors,lm_head.weight,14496,32,512,16384,0,16384,0,65536,65600,True
model.safetensors,lm_head.weight,14528,32,512,16384,0,16381,0,65536,65588,True
model.safetensors,lm_head.weight,14560,32,512,16384,0,16377,0,65536,65572,True
model.safetensors,lm_head.weight,14592,32,512,16384,0,16381,0,65536,65588,True
model.safetensors,lm_head.weight,14624,32,512,16384,0,16382,0,65536,65592,True
model.safetensors,lm_head.weight,14656,32,512,16384,0,16382,0,65536,65592,True
model.safetensors,lm_head.weight,14688,32,512,16384,0,16382,0,65536,65592,True
model.safetensors,lm_head.weight,14720,32,512,16384,0,16375,0,65536,65564,True
model.safetensors,lm_head.weight,14752,32,512,16384,0,16381,0,65536,65588,True
model.safetensors,lm_head.weight,14784,32,512,16384,0,16382,0,65536,65592,True
model.safetensors,lm_head.weight,14816,32,512,16384,0,16378,0,65536,65576,True
model.safetensors,lm_head.weight,14848,32,512,16384,0,16381,0,65536,65588,True
model.safetensors,lm_head.weight,14880,32,512,16384,0,16377,0,65536,65572,True
model.safetensors,lm_head.weight,14912,32,512,16384,0,16379,0,65536,65580,True
model.safetensors,lm_head.weight,14944,32,512,16384,0,16381,0,65536,65588,True
model.safetensors,lm_head.weight,14976,32,512,16384,0,16383,0,65536,65596,True
model.safetensors,lm_head.weight,15008,32,512,16384,0,16383,0,65536,65596,True
model.safetensors,lm_head.weight,15040,32,512,16384,0,16377,0,65536,65572,True
model.safetensors,lm_head.weight,15072,32,512,16384,0,16378,0,65536,65576,True
model.safetensors,lm_head.weight,15104,32,512,16384,0,16377,0,65536,65572,True
model.safetensors,lm_head.weight,15136,32,512,16384,0,16380,0,65536,65584,True
model.safetensors,lm_head.weight,15168,32,512,16384,0,16377,0,65536,65572,True
model.safetensors,lm_head.weight,15200,32,512,16384,0,16383,0,65536,65596,True
model.safetensors,lm_head.weight,15232,32,512,16384,0,16375,0,65536,65564,True
model.safetensors,lm_head.weight,15264,32,512,16384,0,16383,0,65536,65596,True
model.safetensors,lm_head.weight,15296,32,512,16384,0,16379,0,65536,65580,True
model.safetensors,lm_head.weight,15328,32,512,16384,0,16382,0,65536,65592,True
model.safetensors,lm_head.weight,15360,32,512,16384,0,16382,0,65536,65592,True
model.safetensors,lm_head.weight,15392,32,512,16384,0,16382,0,65536,65592,True
model.safetensors,lm_head.weight,15424,32,512,16384,0,16382,0,65536,65592,True
model.safetensors,lm_head.weight,15456,32,512,16384,0,16378,0,65536,65576,True
model.safetensors,lm_head.weight,15488,32,512,16384,0,16379,0,65536,65580,True
model.safetensors,lm_head.weight,15520,32,512,16384,0,16378,0,65536,65576,True
model.safetensors,lm_head.weight,15552,32,512,16384,0,16379,0,65536,65580,True
model.safetensors,lm_head.weight,15584,32,512,16384,0,16380,0,65536,65584,True
model.safetensors,lm_head.weight,15616,32,512,16384,0,16381,0,65536,65588,True
model.safetensors,lm_head.weight,15648,32,512,16384,0,16380,0,65536,65584,True
model.safetensors,lm_head.weight,15680,32,512,16384,0,16383,0,65536,65596,True
model.safetensors,lm_head.weight,15712,32,512,16384,0,16383,0,65536,65596,True
model.safetensors,lm_head.weight,15744,32,512,16384,0,16380,0,65536,65584,True
model.safetensors,lm_head.weight,15776,32,512,16384,0,16382,0,65536,65592,True
model.safetensors,lm_head.weight,15808,32,512,16384,0,16381,0,65536,65588,True
model.safetensors,lm_head.weight,15840,32,512,16384,0,16378,0,65536,65576,True
model.safetensors,lm_head.weight,15872,32,512,16384,0,16383,0,65536,65596,True
model.safetensors,lm_head.weight,15904,32,512,16384,0,16378,0,65536,65576,True
model.safetensors,lm_head.weight,15936,32,512,16384,0,16380,0,65536,65584,True
model.safetensors,lm_head.weight,15968,32,512,16384,0,16381,0,65536,65588,True
model.safetensors,lm_head.weight,16000,32,512,16384,0,16380,0,65536,65584,True
model.safetensors,lm_head.weight,16032,32,512,16384,0,16381,0,65536,65588,True
model.safetensors,lm_head.weight,16064,32,512,16384,0,16378,0,65536,65576,True
model.safetensors,lm_head.weight,16096,32,512,16384,0,16381,0,65536,65588,True
model.safetensors,lm_head.weight,16128,32,512,16384,0,16381,0,65536,65588,True
model.safetensors,lm_head.weight,16160,32,512,16384,0,16383,0,65536,65596,True
model.safetensors,lm_head.weight,16192,32,512,16384,0,16376,0,65536,65568,True
model.safetensors,lm_head.weight,16224,32,512,16384,0,16380,0,65536,65584,True
model.safetensors,lm_head.weight,16256,32,512,16384,0,16381,0,65536,65588,True
model.safetensors,lm_head.weight,16288,32,512,16384,0,16381,0,65536,65588,True
model.safetensors,lm_head.weight,16320,32,512,16384,0,16381,0,65536,65588,True
model.safetensors,lm_head.weight,16352,32,512,16384,0,16383,0,65536,65596,True
model.safetensors,lm_head.weight,16384,32,512,16384,0,16381,0,65536,65588,True
model.safetensors,lm_head.weight,16416,32,512,16384,0,16381,0,65536,65588,True
model.safetensors,lm_head.weight,16448,32,512,16384,0,16382,0,65536,65592,True
model.safetensors,lm_head.weight,16480,32,512,16384,0,16380,0,65536,65584,True
model.safetensors,lm_head.weight,16512,32,512,16384,0,16380,0,65536,65584,True
model.safetensors,lm_head.weight,16544,32,512,16384,0,16381,0,65536,65588,True
model.safetensors,lm_head.weight,16576,32,512,16384,0,16377,0,65536,65572,True
model.safetensors,lm_head.weight,16608,32,512,16384,0,16383,0,65536,65596,True
model.safetensors,lm_head.weight,16640,32,512,16384,0,16379,0,65536,65580,True
model.safetensors,lm_head.weight,16672,32,512,16384,0,16381,0,65536,65588,True
model.safetensors,lm_head.weight,16704,32,512,16384,0,16379,0,65536,65580,True
model.safetensors,lm_head.weight,16736,32,512,16384,0,16381,0,65536,65588,True
model.safetensors,lm_head.weight,16768,32,512,16384,0,16381,0,65536,65588,True
model.safetensors,lm_head.weight,16800,32,512,16384,0,16377,0,65536,65572,True
model.safetensors,lm_head.weight,16832,32,512,16384,0,16379,0,65536,65580,True
model.safetensors,lm_head.weight,16864,32,512,16384,0,16382,0,65536,65592,True
model.safetensors,lm_head.weight,16896,32,512,16384,0,16381,0,65536,65588,True
model.safetensors,lm_head.weight,16928,32,512,16384,0,16378,0,65536,65576,True
model.safetensors,lm_head.weight,16960,32,512,16384,0,16378,0,65536,65576,True
model.safetensors,lm_head.weight,16992,32,512,16384,0,16380,0,65536,65584,True
model.safetensors,lm_head.weight,17024,32,512,16384,0,16377,0,65536,65572,True
model.safetensors,lm_head.weight,17056,32,512,16384,0,16381,0,65536,65588,True
model.safetensors,lm_head.weight,17088,32,512,16384,0,16378,0,65536,65576,True
model.safetensors,lm_head.weight,17120,32,512,16384,0,16381,0,65536,65588,True
model.safetensors,lm_head.weight,17152,32,512,16384,0,16378,0,65536,65576,True
model.safetensors,lm_head.weight,17184,32,512,16384,0,16382,0,65536,65592,True
model.safetensors,lm_head.weight,17216,32,512,16384,0,16378,0,65536,65576,True
model.safetensors,lm_head.weight,17248,32,512,16384,0,16382,0,65536,65592,True
model.safetensors,lm_head.weight,17280,32,512,16384,0,16379,0,65536,65580,True
model.safetensors,lm_head.weight,17312,32,512,16384,0,16380,0,65536,65584,True
model.safetensors,lm_head.weight,17344,32,512,16384,0,16381,0,65536,65588,True
model.safetensors,lm_head.weight,17376,32,512,16384,0,16381,0,65536,65588,True
model.safetensors,lm_head.weight,17408,32,512,16384,0,16379,0,65536,65580,True
model.safetensors,lm_head.weight,17440,32,512,16384,0,16380,0,65536,65584,True
model.safetensors,lm_head.weight,17472,32,512,16384,0,16382,0,65536,65592,True
model.safetensors,lm_head.weight,17504,32,512,16384,0,16381,0,65536,65588,True
model.safetensors,lm_head.weight,17536,32,512,16384,0,16381,0,65536,65588,True
model.safetensors,lm_head.weight,17568,32,512,16384,0,16380,0,65536,65584,True
model.safetensors,lm_head.weight,17600,32,512,16384,0,16380,0,65536,65584,True
model.safetensors,lm_head.weight,17632,32,512,16384,0,16382,0,65536,65592,True
model.safetensors,lm_head.weight,17664,32,512,16384,0,16382,0,65536,65592,True
model.safetensors,lm_head.weight,17696,32,512,16384,0,16379,0,65536,65580,True
model.safetensors,lm_head.weight,17728,32,512,16384,0,16377,0,65536,65572,True
model.safetensors,lm_head.weight,17760,32,512,16384,0,16382,0,65536,65592,True
model.safetensors,lm_head.weight,17792,32,512,16384,0,16380,0,65536,65584,True
model.safetensors,lm_head.weight,17824,32,512,16384,0,16381,0,65536,65588,True
model.safetensors,lm_head.weight,17856,32,512,16384,0,16377,0,65536,65572,True
model.safetensors,lm_head.weight,17888,32,512,16384,0,16380,0,65536,65584,True
model.safetensors,lm_head.weight,17920,32,512,16384,0,16381,0,65536,65588,True
model.safetensors,lm_head.weight,17952,32,512,16384,0,16379,0,65536,65580,True
model.safetensors,lm_head.weight,17984,32,512,16384,0,16381,0,65536,65588,True
model.safetensors,lm_head.weight,18016,32,512,16384,0,16381,0,65536,65588,True
model.safetensors,lm_head.weight,18048,32,512,16384,0,16382,0,65536,65592,True
model.safetensors,lm_head.weight,18080,32,512,16384,0,16383,0,65536,65596,True
model.safetensors,lm_head.weight,18112,32,512,16384,0,16379,0,65536,65580,True
model.safetensors,lm_head.weight,18144,32,512,16384,0,16377,0,65536,65572,True
model.safetensors,lm_head.weight,18176,32,512,16384,0,16381,0,65536,65588,True
model.safetensors,lm_head.weight,18208,32,512,16384,0,16382,0,65536,65592,True
model.safetensors,lm_head.weight,18240,32,512,16384,0,16383,0,65536,65596,True
model.safetensors,lm_head.weight,18272,32,512,16384,0,16384,0,65536,65600,True
model.safetensors,lm_head.weight,18304,32,512,16384,0,16378,0,65536,65576,True
model.safetensors,lm_head.weight,18336,32,512,16384,0,16382,0,65536,65592,True
model.safetensors,lm_head.weight,18368,32,512,16384,0,16380,0,65536,65584,True
model.safetensors,lm_head.weight,18400,32,512,16384,0,16383,0,65536,65596,True
model.safetensors,lm_head.weight,18432,32,512,16384,0,16379,0,65536,65580,True
model.safetensors,lm_head.weight,18464,32,512,16384,0,16382,0,65536,65592,True
model.safetensors,lm_head.weight,18496,32,512,16384,0,16380,0,65536,65584,True
model.safetensors,lm_head.weight,18528,32,512,16384,0,16380,0,65536,65584,True
model.safetensors,lm_head.weight,18560,32,512,16384,0,16381,0,65536,65588,True
model.safetensors,lm_head.weight,18592,32,512,16384,0,16379,0,65536,65580,True
model.safetensors,lm_head.weight,18624,32,512,16384,0,16379,0,65536,65580,True
model.safetensors,lm_head.weight,18656,32,512,16384,0,16383,0,65536,65596,True
model.safetensors,lm_head.weight,18688,32,512,16384,0,16380,0,65536,65584,True
model.safetensors,lm_head.weight,18720,32,512,16384,0,16378,0,65536,65576,True
model.safetensors,lm_head.weight,18752,32,512,16384,0,16384,0,65536,65600,True
model.safetensors,lm_head.weight,18784,32,512,16384,0,16382,0,65536,65592,True
model.safetensors,lm_head.weight,18816,32,512,16384,0,16383,0,65536,65596,True
model.safetensors,lm_head.weight,18848,32,512,16384,0,16383,0,65536,65596,True
model.safetensors,lm_head.weight,18880,32,512,16384,0,16383,0,65536,65596,True
model.safetensors,lm_head.weight,18912,32,512,16384,0,16380,0,65536,65584,True
model.safetensors,lm_head.weight,18944,32,512,16384,0,16377,0,65536,65572,True
model.safetensors,lm_head.weight,18976,32,512,16384,0,16380,0,65536,65584,True
model.safetensors,lm_head.weight,19008,32,512,16384,0,16381,0,65536,65588,True
model.safetensors,lm_head.weight,19040,32,512,16384,0,16380,0,65536,65584,True
model.safetensors,lm_head.weight,19072,32,512,16384,0,16376,0,65536,65568,True
model.safetensors,lm_head.weight,19104,32,512,16384,0,16378,0,65536,65576,True
model.safetensors,lm_head.weight,19136,32,512,16384,0,16379,0,65536,65580,True
model.safetensors,lm_head.weight,19168,32,512,16384,0,16382,0,65536,65592,True
model.safetensors,lm_head.weight,19200,32,512,16384,0,16381,0,65536,65588,True
model.safetensors,lm_head.weight,19232,32,512,16384,0,16377,0,65536,65572,True
model.safetensors,lm_head.weight,19264,32,512,16384,0,16382,0,65536,65592,True
model.safetensors,lm_head.weight,19296,32,512,16384,0,16382,0,65536,65592,True
model.safetensors,lm_head.weight,19328,32,512,16384,0,16380,0,65536,65584,True
model.safetensors,lm_head.weight,19360,32,512,16384,0,16381,0,65536,65588,True
model.safetensors,lm_head.weight,19392,32,512,16384,0,16381,0,65536,65588,True
model.safetensors,lm_head.weight,19424,32,512,16384,0,16382,0,65536,65592,True
model.safetensors,lm_head.weight,19456,32,512,16384,0,16378,0,65536,65576,True
model.safetensors,lm_head.weight,19488,32,512,16384,0,16380,0,65536,65584,True
model.safetensors,lm_head.weight,19520,32,512,16384,0,16378,0,65536,65576,True
model.safetensors,lm_head.weight,19552,32,512,16384,0,16381,0,65536,65588,True
model.safetensors,lm_head.weight,19584,32,512,16384,0,16379,0,65536,65580,True
model.safetensors,lm_head.weight,19616,32,512,16384,0,16382,0,65536,65592,True
model.safetensors,lm_head.weight,19648,32,512,16384,0,16382,0,65536,65592,True
model.safetensors,lm_head.weight,19680,32,512,16384,0,16380,0,65536,65584,True
model.safetensors,lm_head.weight,19712,32,512,16384,0,16382,0,65536,65592,True
model.safetensors,lm_head.weight,19744,32,512,16384,0,16383,0,65536,65596,True
model.safetensors,lm_head.weight,19776,32,512,16384,0,16380,0,65536,65584,True
model.safetensors,lm_head.weight,19808,32,512,16384,0,16381,0,65536,65588,True
model.safetensors,lm_head.weight,19840,32,512,16384,0,16380,0,65536,65584,True
model.safetensors,lm_head.weight,19872,32,512,16384,0,16381,0,65536,65588,True
model.safetensors,lm_head.weight,19904,32,512,16384,0,16381,0,65536,65588,True
model.safetensors,lm_head.weight,19936,32,512,16384,0,16382,0,65536,65592,True
model.safetensors,lm_head.weight,19968,32,512,16384,0,16381,0,65536,65588,True
model.safetensors,lm_head.weight,20000,32,512,16384,0,16380,0,65536,65584,True
model.safetensors,lm_head.weight,20032,32,512,16384,0,16377,0,65536,65572,True
model.safetensors,lm_head.weight,20064,32,512,16384,0,16381,0,65536,65588,True
model.safetensors,lm_head.weight,20096,32,512,16384,0,16382,0,65536,65592,True
model.safetensors,lm_head.weight,20128,32,512,16384,0,16378,0,65536,65576,True
model.safetensors,lm_head.weight,20160,32,512,16384,0,16380,0,65536,65584,True
model.safetensors,lm_head.weight,20192,32,512,16384,0,16381,0,65536,65588,True
model.safetensors,lm_head.weight,20224,32,512,16384,0,16378,0,65536,65576,True
model.safetensors,lm_head.weight,20256,32,512,16384,0,16381,0,65536,65588,True
model.safetensors,lm_head.weight,20288,32,512,16384,0,16382,0,65536,65592,True
model.safetensors,lm_head.weight,20320,32,512,16384,0,16378,0,65536,65576,True
model.safetensors,lm_head.weight,20352,32,512,16384,0,16381,0,65536,65588,True
model.safetensors,lm_head.weight,20384,32,512,16384,0,16381,0,65536,65588,True
model.safetensors,lm_head.weight,20416,32,512,16384,0,16381,0,65536,65588,True
model.safetensors,lm_head.weight,20448,32,512,16384,0,16382,0,65536,65592,True
model.safetensors,lm_head.weight,20480,32,512,16384,0,16381,0,65536,65588,True
model.safetensors,lm_head.weight,20512,32,512,16384,0,16381,0,65536,65588,True
model.safetensors,lm_head.weight,20544,32,512,16384,0,16383,0,65536,65596,True
model.safetensors,lm_head.weight,20576,32,512,16384,0,16381,0,65536,65588,True
model.safetensors,lm_head.weight,20608,32,512,16384,0,16380,0,65536,65584,True
model.safetensors,lm_head.weight,20640,32,512,16384,0,16379,0,65536,65580,True
model.safetensors,lm_head.weight,20672,32,512,16384,0,16377,0,65536,65572,True
model.safetensors,lm_head.weight,20704,32,512,16384,0,16379,0,65536,65580,True
model.safetensors,lm_head.weight,20736,32,512,16384,0,16380,0,65536,65584,True
model.safetensors,lm_head.weight,20768,32,512,16384,0,16382,0,65536,65592,True
model.safetensors,lm_head.weight,20800,32,512,16384,0,16381,0,65536,65588,True
model.safetensors,lm_head.weight,20832,32,512,16384,0,16383,0,65536,65596,True
model.safetensors,lm_head.weight,20864,32,512,16384,0,16379,0,65536,65580,True
model.safetensors,lm_head.weight,20896,32,512,16384,0,16380,0,65536,65584,True
model.safetensors,lm_head.weight,20928,32,512,16384,0,16381,0,65536,65588,True
model.safetensors,lm_head.weight,20960,32,512,16384,0,16383,0,65536,65596,True
model.safetensors,lm_head.weight,20992,32,512,16384,0,16380,0,65536,65584,True
model.safetensors,lm_head.weight,21024,32,512,16384,0,16379,0,65536,65580,True
model.safetensors,lm_head.weight,21056,32,512,16384,0,16381,0,65536,65588,True
model.safetensors,lm_head.weight,21088,32,512,16384,0,16376,0,65536,65568,True
model.safetensors,lm_head.weight,21120,32,512,16384,0,16382,0,65536,65592,True
model.safetensors,lm_head.weight,21152,32,512,16384,0,16383,0,65536,65596,True
model.safetensors,lm_head.weight,21184,32,512,16384,0,16381,0,65536,65588,True
model.safetensors,lm_head.weight,21216,32,512,16384,0,16381,0,65536,65588,True
model.safetensors,lm_head.weight,21248,32,512,16384,0,16381,0,65536,65588,True
model.safetensors,lm_head.weight,21280,32,512,16384,0,16381,0,65536,65588,True
model.safetensors,lm_head.weight,21312,32,512,16384,0,16378,0,65536,65576,True
model.safetensors,lm_head.weight,21344,32,512,16384,0,16381,0,65536,65588,True
model.safetensors,lm_head.weight,21376,32,512,16384,0,16382,0,65536,65592,True
model.safetensors,lm_head.weight,21408,32,512,16384,0,16381,0,65536,65588,True
model.safetensors,lm_head.weight,21440,32,512,16384,0,16380,0,65536,65584,True
model.safetensors,lm_head.weight,21472,32,512,16384,0,16376,0,65536,65568,True
model.safetensors,lm_head.weight,21504,32,512,16384,0,16382,0,65536,65592,True
model.safetensors,lm_head.weight,21536,32,512,16384,0,16381,0,65536,65588,True
model.safetensors,lm_head.weight,21568,32,512,16384,0,16381,0,65536,65588,True
model.safetensors,lm_head.weight,21600,32,512,16384,0,16382,0,65536,65592,True
model.safetensors,lm_head.weight,21632,32,512,16384,0,16381,0,65536,65588,True
model.safetensors,lm_head.weight,21664,32,512,16384,0,16382,0,65536,65592,True
model.safetensors,lm_head.weight,21696,32,512,16384,0,16381,0,65536,65588,True
model.safetensors,lm_head.weight,21728,32,512,16384,0,16380,0,65536,65584,True
model.safetensors,lm_head.weight,21760,32,512,16384,0,16376,0,65536,65568,True
model.safetensors,lm_head.weight,21792,32,512,16384,0,16382,0,65536,65592,True
model.safetensors,lm_head.weight,21824,32,512,16384,0,16381,0,65536,65588,True
model.safetensors,lm_head.weight,21856,32,512,16384,0,16381,0,65536,65588,True
model.safetensors,lm_head.weight,21888,32,512,16384,0,16380,0,65536,65584,True
model.safetensors,lm_head.weight,21920,32,512,16384,0,16381,0,65536,65588,True
model.safetensors,lm_head.weight,21952,32,512,16384,0,16377,0,65536,65572,True
model.safetensors,lm_head.weight,21984,32,512,16384,0,16381,0,65536,65588,True
model.safetensors,lm_head.weight,22016,32,512,16384,0,16382,0,65536,65592,True
model.safetensors,lm_head.weight,22048,32,512,16384,0,16382,0,65536,65592,True
model.safetensors,lm_head.weight,22080,32,512,16384,0,16383,0,65536,65596,True
model.safetensors,lm_head.weight,22112,32,512,16384,0,16378,0,65536,65576,True
model.safetensors,lm_head.weight,22144,32,512,16384,0,16383,0,65536,65596,True
model.safetensors,lm_head.weight,22176,32,512,16384,0,16380,0,65536,65584,True
model.safetensors,lm_head.weight,22208,32,512,16384,0,16381,0,65536,65588,True
model.safetensors,lm_head.weight,22240,32,512,16384,0,16379,0,65536,65580,True
model.safetensors,lm_head.weight,22272,32,512,16384,0,16380,0,65536,65584,True
model.safetensors,lm_head.weight,22304,32,512,16384,0,16376,0,65536,65568,True
model.safetensors,lm_head.weight,22336,32,512,16384,0,16381,0,65536,65588,True
model.safetensors,lm_head.weight,22368,32,512,16384,0,16381,0,65536,65588,True
model.safetensors,lm_head.weight,22400,32,512,16384,0,16381,0,65536,65588,True
model.safetensors,lm_head.weight,22432,32,512,16384,0,16383,0,65536,65596,True
model.safetensors,lm_head.weight,22464,32,512,16384,0,16382,0,65536,65592,True
model.safetensors,lm_head.weight,22496,32,512,16384,0,16379,0,65536,65580,True
model.safetensors,lm_head.weight,22528,32,512,16384,0,16380,0,65536,65584,True
model.safetensors,lm_head.weight,22560,32,512,16384,0,16382,0,65536,65592,True
model.safetensors,lm_head.weight,22592,32,512,16384,0,16378,0,65536,65576,True
model.safetensors,lm_head.weight,22624,32,512,16384,0,16379,0,65536,65580,True
model.safetensors,lm_head.weight,22656,32,512,16384,0,16381,0,65536,65588,True
model.safetensors,lm_head.weight,22688,32,512,16384,0,16383,0,65536,65596,True
model.safetensors,lm_head.weight,22720,32,512,16384,0,16380,0,65536,65584,True
model.safetensors,lm_head.weight,22752,32,512,16384,0,16379,0,65536,65580,True
model.safetensors,lm_head.weight,22784,32,512,16384,0,16380,0,65536,65584,True
model.safetensors,lm_head.weight,22816,32,512,16384,0,16379,0,65536,65580,True
model.safetensors,lm_head.weight,22848,32,512,16384,0,16383,0,65536,65596,True
model.safetensors,lm_head.weight,22880,32,512,16384,0,16381,0,65536,65588,True
model.safetensors,lm_head.weight,22912,32,512,16384,0,16382,0,65536,65592,True
model.safetensors,lm_head.weight,22944,32,512,16384,0,16380,0,65536,65584,True
model.safetensors,lm_head.weight,22976,32,512,16384,0,16380,0,65536,65584,True
model.safetensors,lm_head.weight,23008,32,512,16384,0,16381,0,65536,65588,True
model.safetensors,lm_head.weight,23040,32,512,16384,0,16381,0,65536,65588,True
model.safetensors,lm_head.weight,23072,32,512,16384,0,16380,0,65536,65584,True
model.safetensors,lm_head.weight,23104,32,512,16384,0,16376,0,65536,65568,True
model.safetensors,lm_head.weight,23136,32,512,16384,0,16379,0,65536,65580,True
model.safetensors,lm_head.weight,23168,32,512,16384,0,16380,0,65536,65584,True
model.safetensors,lm_head.weight,23200,32,512,16384,0,16379,0,65536,65580,True
model.safetensors,lm_head.weight,23232,32,512,16384,0,16379,0,65536,65580,True
model.safetensors,lm_head.weight,23264,32,512,16384,0,16380,0,65536,65584,True
model.safetensors,lm_head.weight,23296,32,512,16384,0,16378,0,65536,65576,True
model.safetensors,lm_head.weight,23328,32,512,16384,0,16379,0,65536,65580,True
model.safetensors,lm_head.weight,23360,32,512,16384,0,16382,0,65536,65592,True
model.safetensors,lm_head.weight,23392,32,512,16384,0,16380,0,65536,65584,True
model.safetensors,lm_head.weight,23424,32,512,16384,0,16380,0,65536,65584,True
model.safetensors,lm_head.weight,23456,32,512,16384,0,16380,0,65536,65584,True
model.safetensors,lm_head.weight,23488,32,512,16384,0,16378,0,65536,65576,True
model.safetensors,lm_head.weight,23520,32,512,16384,0,16380,0,65536,65584,True
model.safetensors,lm_head.weight,23552,32,512,16384,0,16381,0,65536,65588,True
model.safetensors,lm_head.weight,23584,32,512,16384,0,16380,0,65536,65584,True
model.safetensors,lm_head.weight,23616,32,512,16384,0,16380,0,65536,65584,True
model.safetensors,lm_head.weight,23648,32,512,16384,0,16375,0,65536,65564,True
model.safetensors,lm_head.weight,23680,32,512,16384,0,16381,0,65536,65588,True
model.safetensors,lm_head.weight,23712,32,512,16384,0,16382,0,65536,65592,True
model.safetensors,lm_head.weight,23744,32,512,16384,0,16378,0,65536,65576,True
model.safetensors,lm_head.weight,23776,32,512,16384,0,16381,0,65536,65588,True
model.safetensors,lm_head.weight,23808,32,512,16384,0,16380,0,65536,65584,True
model.safetensors,lm_head.weight,23840,32,512,16384,0,16379,0,65536,65580,True
model.safetensors,lm_head.weight,23872,32,512,16384,0,16381,0,65536,65588,True
model.safetensors,lm_head.weight,23904,32,512,16384,0,16381,0,65536,65588,True
model.safetensors,lm_head.weight,23936,32,512,16384,0,16378,0,65536,65576,True
model.safetensors,lm_head.weight,23968,32,512,16384,0,16380,0,65536,65584,True
model.safetensors,lm_head.weight,24000,32,512,16384,0,16383,0,65536,65596,True
model.safetensors,lm_head.weight,24032,32,512,16384,0,16381,0,65536,65588,True
model.safetensors,lm_head.weight,24064,32,512,16384,0,16375,0,65536,65564,True
model.safetensors,lm_head.weight,24096,32,512,16384,0,16380,0,65536,65584,True
model.safetensors,lm_head.weight,24128,32,512,16384,0,16382,0,65536,65592,True
model.safetensors,lm_head.weight,24160,32,512,16384,0,16382,0,65536,65592,True
model.safetensors,lm_head.weight,24192,32,512,16384,0,16376,0,65536,65568,True
model.safetensors,lm_head.weight,24224,32,512,16384,0,16375,0,65536,65564,True
model.safetensors,lm_head.weight,24256,32,512,16384,0,16382,0,65536,65592,True
model.safetensors,lm_head.weight,24288,32,512,16384,0,16381,0,65536,65588,True
model.safetensors,lm_head.weight,24320,32,512,16384,0,16378,0,65536,65576,True
model.safetensors,lm_head.weight,24352,32,512,16384,0,16381,0,65536,65588,True
model.safetensors,lm_head.weight,24384,32,512,16384,0,16378,0,65536,65576,True
model.safetensors,lm_head.weight,24416,32,512,16384,0,16380,0,65536,65584,True
model.safetensors,lm_head.weight,24448,32,512,16384,0,16378,0,65536,65576,True
model.safetensors,lm_head.weight,24480,32,512,16384,0,16381,0,65536,65588,True
model.safetensors,lm_head.weight,24512,32,512,16384,0,16383,0,65536,65596,True
model.safetensors,lm_head.weight,24544,32,512,16384,0,16381,0,65536,65588,True
model.safetensors,lm_head.weight,24576,32,512,16384,0,16381,0,65536,65588,True
model.safetensors,lm_head.weight,24608,32,512,16384,0,16380,0,65536,65584,True
model.safetensors,lm_head.weight,24640,32,512,16384,0,16381,0,65536,65588,True
model.safetensors,lm_head.weight,24672,32,512,16384,0,16379,0,65536,65580,True
model.safetensors,lm_head.weight,24704,32,512,16384,0,16379,0,65536,65580,True
model.safetensors,lm_head.weight,24736,32,512,16384,0,16382,0,65536,65592,True
model.safetensors,lm_head.weight,24768,32,512,16384,0,16381,0,65536,65588,True
model.safetensors,lm_head.weight,24800,32,512,16384,0,16381,0,65536,65588,True
model.safetensors,lm_head.weight,24832,32,512,16384,0,16382,0,65536,65592,True
model.safetensors,lm_head.weight,24864,32,512,16384,0,16382,0,65536,65592,True
model.safetensors,lm_head.weight,24896,32,512,16384,0,16381,0,65536,65588,True
model.safetensors,lm_head.weight,24928,32,512,16384,0,16380,0,65536,65584,True
model.safetensors,lm_head.weight,24960,32,512,16384,0,16380,0,65536,65584,True
model.safetensors,lm_head.weight,24992,32,512,16384,0,16381,0,65536,65588,True
model.safetensors,lm_head.weight,25024,32,512,16384,0,16379,0,65536,65580,True
model.safetensors,lm_head.weight,25056,32,512,16384,0,16382,0,65536,65592,True
model.safetensors,lm_head.weight,25088,32,512,16384,0,16375,0,65536,65564,True
model.safetensors,lm_head.weight,25120,32,512,16384,0,16375,0,65536,65564,True
model.safetensors,lm_head.weight,25152,32,512,16384,0,16379,0,65536,65580,True
model.safetensors,lm_head.weight,25184,32,512,16384,0,16380,0,65536,65584,True
model.safetensors,lm_head.weight,25216,32,512,16384,0,16379,0,65536,65580,True
model.safetensors,lm_head.weight,25248,32,512,16384,0,16382,0,65536,65592,True
model.safetensors,lm_head.weight,25280,32,512,16384,0,16382,0,65536,65592,True
model.safetensors,lm_head.weight,25312,32,512,16384,0,16381,0,65536,65588,True
model.safetensors,lm_head.weight,25344,32,512,16384,0,16383,0,65536,65596,True
model.safetensors,lm_head.weight,25376,32,512,16384,0,16381,0,65536,65588,True
model.safetensors,lm_head.weight,25408,32,512,16384,0,16379,0,65536,65580,True
model.safetensors,lm_head.weight,25440,32,512,16384,0,16378,0,65536,65576,True
model.safetensors,lm_head.weight,25472,32,512,16384,0,16380,0,65536,65584,True
model.safetensors,lm_head.weight,25504,32,512,16384,0,16381,0,65536,65588,True
model.safetensors,lm_head.weight,25536,32,512,16384,0,16380,0,65536,65584,True
model.safetensors,lm_head.weight,25568,32,512,16384,0,16380,0,65536,65584,True
model.safetensors,lm_head.weight,25600,32,512,16384,0,16382,0,65536,65592,True
model.safetensors,lm_head.weight,25632,32,512,16384,0,16379,0,65536,65580,True
model.safetensors,lm_head.weight,25664,32,512,16384,0,16381,0,65536,65588,True
model.safetensors,lm_head.weight,25696,32,512,16384,0,16380,0,65536,65584,True
model.safetensors,lm_head.weight,25728,32,512,16384,0,16383,0,65536,65596,True
model.safetensors,lm_head.weight,25760,32,512,16384,0,16378,0,65536,65576,True
model.safetensors,lm_head.weight,25792,32,512,16384,0,16380,0,65536,65584,True
model.safetensors,lm_head.weight,25824,32,512,16384,0,16379,0,65536,65580,True
model.safetensors,lm_head.weight,25856,32,512,16384,0,16377,0,65536,65572,True
model.safetensors,lm_head.weight,25888,32,512,16384,0,16381,0,65536,65588,True
model.safetensors,lm_head.weight,25920,32,512,16384,0,16379,0,65536,65580,True
model.safetensors,lm_head.weight,25952,32,512,16384,0,16380,0,65536,65584,True
model.safetensors,lm_head.weight,25984,32,512,16384,0,16381,0,65536,65588,True
model.safetensors,lm_head.weight,26016,32,512,16384,0,16382,0,65536,65592,True
model.safetensors,lm_head.weight,26048,32,512,16384,0,16381,0,65536,65588,True
model.safetensors,lm_head.weight,26080,32,512,16384,0,16382,0,65536,65592,True
model.safetensors,lm_head.weight,26112,32,512,16384,0,16377,0,65536,65572,True
model.safetensors,lm_head.weight,26144,32,512,16384,0,16379,0,65536,65580,True
model.safetensors,lm_head.weight,26176,32,512,16384,0,16378,0,65536,65576,True
model.safetensors,lm_head.weight,26208,32,512,16384,0,16378,0,65536,65576,True
model.safetensors,lm_head.weight,26240,32,512,16384,0,16381,0,65536,65588,True
model.safetensors,lm_head.weight,26272,32,512,16384,0,16379,0,65536,65580,True
model.safetensors,lm_head.weight,26304,32,512,16384,0,16383,0,65536,65596,True
model.safetensors,lm_head.weight,26336,32,512,16384,0,16380,0,65536,65584,True
model.safetensors,lm_head.weight,26368,32,512,16384,0,16379,0,65536,65580,True
model.safetensors,lm_head.weight,26400,32,512,16384,0,16380,0,65536,65584,True
model.safetensors,lm_head.weight,26432,32,512,16384,0,16380,0,65536,65584,True
model.safetensors,lm_head.weight,26464,32,512,16384,0,16378,0,65536,65576,True
model.safetensors,lm_head.weight,26496,32,512,16384,0,16381,0,65536,65588,True
model.safetensors,lm_head.weight,26528,32,512,16384,0,16381,0,65536,65588,True
model.safetensors,lm_head.weight,26560,32,512,16384,0,16376,0,65536,65568,True
model.safetensors,lm_head.weight,26592,32,512,16384,0,16383,0,65536,65596,True
model.safetensors,lm_head.weight,26624,32,512,16384,0,16380,0,65536,65584,True
model.safetensors,lm_head.weight,26656,32,512,16384,0,16377,0,65536,65572,True
model.safetensors,lm_head.weight,26688,32,512,16384,0,16379,0,65536,65580,True
model.safetensors,lm_head.weight,26720,32,512,16384,0,16377,0,65536,65572,True
model.safetensors,lm_head.weight,26752,32,512,16384,0,16382,0,65536,65592,True
model.safetensors,lm_head.weight,26784,32,512,16384,0,16382,0,65536,65592,True
model.safetensors,lm_head.weight,26816,32,512,16384,0,16380,0,65536,65584,True
model.safetensors,lm_head.weight,26848,32,512,16384,0,16378,0,65536,65576,True
model.safetensors,lm_head.weight,26880,32,512,16384,0,16383,0,65536,65596,True
model.safetensors,lm_head.weight,26912,32,512,16384,0,16381,0,65536,65588,True
model.safetensors,lm_head.weight,26944,32,512,16384,0,16382,0,65536,65592,True
model.safetensors,lm_head.weight,26976,32,512,16384,0,16379,0,65536,65580,True
model.safetensors,lm_head.weight,27008,32,512,16384,0,16378,0,65536,65576,True
model.safetensors,lm_head.weight,27040,32,512,16384,0,16379,0,65536,65580,True
model.safetensors,lm_head.weight,27072,32,512,16384,0,16378,0,65536,65576,True
model.safetensors,lm_head.weight,27104,32,512,16384,0,16380,0,65536,65584,True
model.safetensors,lm_head.weight,27136,32,512,16384,0,16378,0,65536,65576,True
model.safetensors,lm_head.weight,27168,32,512,16384,0,16383,0,65536,65596,True
model.safetensors,lm_head.weight,27200,32,512,16384,0,16378,0,65536,65576,True
model.safetensors,lm_head.weight,27232,32,512,16384,0,16373,0,65536,65556,True
model.safetensors,lm_head.weight,27264,32,512,16384,0,16382,0,65536,65592,True
model.safetensors,lm_head.weight,27296,32,512,16384,0,16379,0,65536,65580,True
model.safetensors,lm_head.weight,27328,32,512,16384,0,16383,0,65536,65596,True
model.safetensors,lm_head.weight,27360,32,512,16384,0,16380,0,65536,65584,True
model.safetensors,lm_head.weight,27392,32,512,16384,0,16383,0,65536,65596,True
model.safetensors,lm_head.weight,27424,32,512,16384,0,16373,0,65536,65556,True
model.safetensors,lm_head.weight,27456,32,512,16384,0,16382,0,65536,65592,True
model.safetensors,lm_head.weight,27488,32,512,16384,0,16378,0,65536,65576,True
model.safetensors,lm_head.weight,27520,32,512,16384,0,16377,0,65536,65572,True
model.safetensors,lm_head.weight,27552,32,512,16384,0,16380,0,65536,65584,True
model.safetensors,lm_head.weight,27584,32,512,16384,0,16384,0,65536,65600,True
model.safetensors,lm_head.weight,27616,32,512,16384,0,16383,0,65536,65596,True
model.safetensors,lm_head.weight,27648,32,512,16384,0,16378,0,65536,65576,True
model.safetensors,lm_head.weight,27680,32,512,16384,0,16377,0,65536,65572,True
model.safetensors,lm_head.weight,27712,32,512,16384,0,16375,0,65536,65564,True
model.safetensors,lm_head.weight,27744,32,512,16384,0,16378,0,65536,65576,True
model.safetensors,lm_head.weight,27776,32,512,16384,0,16379,0,65536,65580,True
model.safetensors,lm_head.weight,27808,32,512,16384,0,16380,0,65536,65584,True
model.safetensors,lm_head.weight,27840,32,512,16384,0,16378,0,65536,65576,True
model.safetensors,lm_head.weight,27872,32,512,16384,0,16381,0,65536,65588,True
model.safetensors,lm_head.weight,27904,32,512,16384,0,16380,0,65536,65584,True
model.safetensors,lm_head.weight,27936,32,512,16384,0,16379,0,65536,65580,True
model.safetensors,lm_head.weight,27968,32,512,16384,0,16377,0,65536,65572,True
model.safetensors,lm_head.weight,28000,32,512,16384,0,16379,0,65536,65580,True
model.safetensors,lm_head.weight,28032,32,512,16384,0,16380,0,65536,65584,True
model.safetensors,lm_head.weight,28064,32,512,16384,0,16382,0,65536,65592,True
model.safetensors,lm_head.weight,28096,32,512,16384,0,16383,0,65536,65596,True
model.safetensors,lm_head.weight,28128,32,512,16384,0,16380,0,65536,65584,True
model.safetensors,lm_head.weight,28160,32,512,16384,0,16379,0,65536,65580,True
model.safetensors,lm_head.weight,28192,32,512,16384,0,16380,0,65536,65584,True
model.safetensors,lm_head.weight,28224,32,512,16384,0,16380,0,65536,65584,True
model.safetensors,lm_head.weight,28256,32,512,16384,0,16376,0,65536,65568,True
model.safetensors,lm_head.weight,28288,32,512,16384,0,16381,0,65536,65588,True
model.safetensors,lm_head.weight,28320,32,512,16384,0,16378,0,65536,65576,True
model.safetensors,lm_head.weight,28352,32,512,16384,0,16379,0,65536,65580,True
model.safetensors,lm_head.weight,28384,32,512,16384,0,16379,0,65536,65580,True
model.safetensors,lm_head.weight,28416,32,512,16384,0,16381,0,65536,65588,True
model.safetensors,lm_head.weight,28448,32,512,16384,0,16377,0,65536,65572,True
model.safetensors,lm_head.weight,28480,32,512,16384,0,16376,0,65536,65568,True
model.safetensors,lm_head.weight,28512,32,512,16384,0,16380,0,65536,65584,True
model.safetensors,lm_head.weight,28544,32,512,16384,0,16382,0,65536,65592,True
model.safetensors,lm_head.weight,28576,32,512,16384,0,16380,0,65536,65584,True
model.safetensors,lm_head.weight,28608,32,512,16384,0,16379,0,65536,65580,True
model.safetensors,lm_head.weight,28640,32,512,16384,0,16380,0,65536,65584,True
model.safetensors,lm_head.weight,28672,32,512,16384,0,16379,0,65536,65580,True
model.safetensors,lm_head.weight,28704,32,512,16384,0,16374,0,65536,65560,True
model.safetensors,lm_head.weight,28736,32,512,16384,0,16380,0,65536,65584,True
model.safetensors,lm_head.weight,28768,32,512,16384,0,16379,0,65536,65580,True
model.safetensors,lm_head.weight,28800,32,512,16384,0,16380,0,65536,65584,True
model.safetensors,lm_head.weight,28832,32,512,16384,0,16382,0,65536,65592,True
model.safetensors,lm_head.weight,28864,32,512,16384,0,16380,0,65536,65584,True
model.safetensors,lm_head.weight,28896,32,512,16384,0,16380,0,65536,65584,True
model.safetensors,lm_head.weight,28928,32,512,16384,0,16382,0,65536,65592,True
model.safetensors,lm_head.weight,28960,32,512,16384,0,16378,0,65536,65576,True
model.safetensors,lm_head.weight,28992,32,512,16384,0,16378,0,65536,65576,True
model.safetensors,lm_head.weight,29024,32,512,16384,0,16383,0,65536,65596,True
model.safetensors,lm_head.weight,29056,32,512,16384,0,16381,0,65536,65588,True
model.safetensors,lm_head.weight,29088,32,512,16384,0,16381,0,65536,65588,True
model.safetensors,lm_head.weight,29120,32,512,16384,0,16379,0,65536,65580,True
model.safetensors,lm_head.weight,29152,32,512,16384,0,16382,0,65536,65592,True
model.safetensors,lm_head.weight,29184,32,512,16384,0,16381,0,65536,65588,True
model.safetensors,lm_head.weight,29216,32,512,16384,0,16379,0,65536,65580,True
model.safetensors,lm_head.weight,29248,32,512,16384,0,16376,0,65536,65568,True
model.safetensors,lm_head.weight,29280,32,512,16384,0,16378,0,65536,65576,True
model.safetensors,lm_head.weight,29312,32,512,16384,0,16378,0,65536,65576,True
model.safetensors,lm_head.weight,29344,32,512,16384,0,16383,0,65536,65596,True
model.safetensors,lm_head.weight,29376,32,512,16384,0,16380,0,65536,65584,True
model.safetensors,lm_head.weight,29408,32,512,16384,0,16381,0,65536,65588,True
model.safetensors,lm_head.weight,29440,32,512,16384,0,16375,0,65536,65564,True
model.safetensors,lm_head.weight,29472,32,512,16384,0,16382,0,65536,65592,True
model.safetensors,lm_head.weight,29504,32,512,16384,0,16377,0,65536,65572,True
model.safetensors,lm_head.weight,29536,32,512,16384,0,16377,0,65536,65572,True
model.safetensors,lm_head.weight,29568,32,512,16384,0,16380,0,65536,65584,True
model.safetensors,lm_head.weight,29600,32,512,16384,0,16378,0,65536,65576,True
model.safetensors,lm_head.weight,29632,32,512,16384,0,16377,0,65536,65572,True
model.safetensors,lm_head.weight,29664,32,512,16384,0,16377,0,65536,65572,True
model.safetensors,lm_head.weight,29696,32,512,16384,0,16381,0,65536,65588,True
model.safetensors,lm_head.weight,29728,32,512,16384,0,16384,0,65536,65600,True
model.safetensors,lm_head.weight,29760,32,512,16384,0,16379,0,65536,65580,True
model.safetensors,lm_head.weight,29792,32,512,16384,0,16379,0,65536,65580,True
model.safetensors,lm_head.weight,29824,32,512,16384,0,16380,0,65536,65584,True
model.safetensors,lm_head.weight,29856,32,512,16384,0,16379,0,65536,65580,True
model.safetensors,lm_head.weight,29888,32,512,16384,0,16382,0,65536,65592,True
model.safetensors,lm_head.weight,29920,32,512,16384,0,16382,0,65536,65592,True
model.safetensors,lm_head.weight,29952,32,512,16384,0,16379,0,65536,65580,True
model.safetensors,lm_head.weight,29984,32,512,16384,0,16381,0,65536,65588,True
model.safetensors,lm_head.weight,30016,32,512,16384,0,16380,0,65536,65584,True
model.safetensors,lm_head.weight,30048,32,512,16384,0,16381,0,65536,65588,True
model.safetensors,lm_head.weight,30080,32,512,16384,0,16377,0,65536,65572,True
model.safetensors,lm_head.weight,30112,32,512,16384,0,16380,0,65536,65584,True
model.safetensors,lm_head.weight,30144,32,512,16384,0,16374,0,65536,65560,True
model.safetensors,lm_head.weight,30176,32,512,16384,0,16378,0,65536,65576,True
model.safetensors,lm_head.weight,30208,32,512,16384,0,16379,0,65536,65580,True
model.safetensors,lm_head.weight,30240,32,512,16384,0,16377,0,65536,65572,True
model.safetensors,lm_head.weight,30272,32,512,16384,0,16378,0,65536,65576,True
model.safetensors,lm_head.weight,30304,32,512,16384,0,16374,0,65536,65560,True
model.safetensors,lm_head.weight,30336,32,512,16384,0,16379,0,65536,65580,True
model.safetensors,lm_head.weight,30368,32,512,16384,0,16379,0,65536,65580,True
model.safetensors,lm_head.weight,30400,32,512,16384,0,16382,0,65536,65592,True
model.safetensors,lm_head.weight,30432,32,512,16384,0,16382,0,65536,65592,True
model.safetensors,lm_head.weight,30464,32,512,16384,0,16379,0,65536,65580,True
model.safetensors,lm_head.weight,30496,32,512,16384,0,16383,0,65536,65596,True
model.safetensors,lm_head.weight,30528,32,512,16384,0,16381,0,65536,65588,True
model.safetensors,lm_head.weight,30560,32,512,16384,0,16379,0,65536,65580,True
model.safetensors,lm_head.weight,30592,32,512,16384,0,16378,0,65536,65576,True
model.safetensors,lm_head.weight,30624,32,512,16384,0,16380,0,65536,65584,True
model.safetensors,lm_head.weight,30656,32,512,16384,0,16380,0,65536,65584,True
model.safetensors,lm_head.weight,30688,32,512,16384,0,16380,0,65536,65584,True
model.safetensors,lm_head.weight,30720,32,512,16384,0,16383,0,65536,65596,True
model.safetensors,lm_head.weight,30752,32,512,16384,0,16379,0,65536,65580,True
model.safetensors,lm_head.weight,30784,32,512,16384,0,16381,0,65536,65588,True
model.safetensors,lm_head.weight,30816,32,512,16384,0,16380,0,65536,65584,True
model.safetensors,lm_head.weight,30848,32,512,16384,0,16379,0,65536,65580,True
model.safetensors,lm_head.weight,30880,32,512,16384,0,16381,0,65536,65588,True
model.safetensors,lm_head.weight,30912,32,512,16384,0,16379,0,65536,65580,True
model.safetensors,lm_head.weight,30944,32,512,16384,0,16380,0,65536,65584,True
model.safetensors,lm_head.weight,30976,32,512,16384,0,16377,0,65536,65572,True
model.safetensors,lm_head.weight,31008,32,512,16384,0,16380,0,65536,65584,True
model.safetensors,lm_head.weight,31040,32,512,16384,0,16377,0,65536,65572,True
model.safetensors,lm_head.weight,31072,32,512,16384,0,16377,0,65536,65572,True
model.safetensors,lm_head.weight,31104,32,512,16384,0,16381,0,65536,65588,True
model.safetensors,lm_head.weight,31136,32,512,16384,0,16378,0,65536,65576,True
model.safetensors,lm_head.weight,31168,32,512,16384,0,16381,0,65536,65588,True
model.safetensors,lm_head.weight,31200,32,512,16384,0,16378,0,65536,65576,True
model.safetensors,lm_head.weight,31232,32,512,16384,0,16377,0,65536,65572,True
model.safetensors,lm_head.weight,31264,32,512,16384,0,16381,0,65536,65588,True
model.safetensors,lm_head.weight,31296,32,512,16384,0,16382,0,65536,65592,True
model.safetensors,lm_head.weight,31328,32,512,16384,0,16379,0,65536,65580,True
model.safetensors,lm_head.weight,31360,32,512,16384,0,16376,0,65536,65568,True
model.safetensors,lm_head.weight,31392,32,512,16384,0,16381,0,65536,65588,True
model.safetensors,lm_head.weight,31424,32,512,16384,0,16380,0,65536,65584,True
model.safetensors,lm_head.weight,31456,32,512,16384,0,16381,0,65536,65588,True
model.safetensors,lm_head.weight,31488,32,512,16384,0,16380,0,65536,65584,True
model.safetensors,lm_head.weight,31520,32,512,16384,0,16382,0,65536,65592,True
model.safetensors,lm_head.weight,31552,32,512,16384,0,16381,0,65536,65588,True
model.safetensors,lm_head.weight,31584,32,512,16384,0,16382,0,65536,65592,True
model.safetensors,lm_head.weight,31616,32,512,16384,0,16380,0,65536,65584,True
model.safetensors,lm_head.weight,31648,32,512,16384,0,16377,0,65536,65572,True
model.safetensors,lm_head.weight,31680,32,512,16384,0,16376,0,65536,65568,True
model.safetensors,lm_head.weight,31712,32,512,16384,0,16377,0,65536,65572,True
model.safetensors,lm_head.weight,31744,32,512,16384,0,16382,0,65536,65592,True
model.safetensors,lm_head.weight,31776,32,512,16384,0,16377,0,65536,65572,True
model.safetensors,lm_head.weight,31808,32,512,16384,0,16374,0,65536,65560,True
model.safetensors,lm_head.weight,31840,32,512,16384,0,16381,0,65536,65588,True
model.safetensors,lm_head.weight,31872,32,512,16384,0,16378,0,65536,65576,True
model.safetensors,lm_head.weight,31904,32,512,16384,0,16382,0,65536,65592,True
model.safetensors,lm_head.weight,31936,32,512,16384,0,16379,0,65536,65580,True
model.safetensors,lm_head.weight,31968,32,512,16384,0,16381,0,65536,65588,True
model.safetensors,lm_head.weight,32000,32,512,16384,0,16378,0,65536,65576,True
model.safetensors,lm_head.weight,32032,32,512,16384,0,16376,0,65536,65568,True
model.safetensors,lm_head.weight,32064,32,512,16384,0,16380,0,65536,65584,True
model.safetensors,lm_head.weight,32096,32,512,16384,0,16378,0,65536,65576,True
model.safetensors,lm_head.weight,32128,32,512,16384,0,16378,0,65536,65576,True
model.safetensors,lm_head.weight,32160,32,512,16384,0,16379,0,65536,65580,True
model.safetensors,lm_head.weight,32192,32,512,16384,0,16382,0,65536,65592,True
model.safetensors,lm_head.weight,32224,32,512,16384,0,16376,0,65536,65568,True
model.safetensors,lm_head.weight,32256,32,512,16384,0,16380,0,65536,65584,True
model.safetensors,lm_head.weight,32288,32,512,16384,0,16378,0,65536,65576,True
model.safetensors,lm_head.weight,32320,32,512,16384,0,16381,0,65536,65588,True
model.safetensors,lm_head.weight,32352,32,512,16384,0,16381,0,65536,65588,True
model.safetensors,lm_head.weight,32384,32,512,16384,0,16377,0,65536,65572,True
model.safetensors,lm_head.weight,32416,32,512,16384,0,16375,0,65536,65564,True
model.safetensors,lm_head.weight,32448,32,512,16384,0,16378,0,65536,65576,True
model.safetensors,lm_head.weight,32480,32,512,16384,0,16377,0,65536,65572,True
model.safetensors,lm_head.weight,32512,32,512,16384,0,16380,0,65536,65584,True
model.safetensors,lm_head.weight,32544,32,512,16384,0,16378,0,65536,65576,True
model.safetensors,lm_head.weight,32576,32,512,16384,0,16376,0,65536,65568,True
model.safetensors,lm_head.weight,32608,32,512,16384,0,16381,0,65536,65588,True
model.safetensors,lm_head.weight,32640,32,512,16384,0,16379,0,65536,65580,True
model.safetensors,lm_head.weight,32672,32,512,16384,0,16376,0,65536,65568,True
model.safetensors,lm_head.weight,32704,32,512,16384,0,16381,0,65536,65588,True
model.safetensors,lm_head.weight,32736,32,512,16384,0,16377,0,65536,65572,True
model.safetensors,value_embeds.1.weight,0,32,512,16384,0,16378,0,65536,65576,True
model.safetensors,value_embeds.1.weight,32,32,512,16384,0,16384,0,65536,65600,True
model.safetensors,value_embeds.1.weight,64,32,512,16384,0,16384,0,65536,65600,True
model.safetensors,value_embeds.1.weight,96,32,512,16384,0,16381,0,65536,65588,True
model.safetensors,value_embeds.1.weight,128,32,512,16384,0,16383,0,65536,65596,True
model.safetensors,value_embeds.1.weight,160,32,512,16384,0,16381,0,65536,65588,True
model.safetensors,value_embeds.1.weight,192,32,512,16384,0,16380,0,65536,65584,True
model.safetensors,value_embeds.1.weight,224,32,512,16384,0,16382,0,65536,65592,True
model.safetensors,value_embeds.1.weight,256,32,512,16384,0,16382,0,65536,65592,True
model.safetensors,value_embeds.1.weight,288,32,512,16384,0,16384,0,65536,65600,True
model.safetensors,value_embeds.1.weight,320,32,512,16384,0,16382,0,65536,65592,True
model.safetensors,value_embeds.1.weight,352,32,512,16384,0,16382,0,65536,65592,True
model.safetensors,value_embeds.1.weight,384,32,512,16384,0,16384,0,65536,65600,True
model.safetensors,value_embeds.1.weight,416,32,512,16384,0,16381,0,65536,65588,True
model.safetensors,value_embeds.1.weight,448,32,512,16384,0,16381,0,65536,65588,True
model.safetensors,value_embeds.1.weight,480,32,512,16384,0,16384,0,65536,65600,True
model.safetensors,value_embeds.1.weight,512,32,512,16384,0,16381,0,65536,65588,True
model.safetensors,value_embeds.1.weight,544,32,512,16384,0,16384,0,65536,65600,True
model.safetensors,value_embeds.1.weight,576,32,512,16384,0,16380,0,65536,65584,True
model.safetensors,value_embeds.1.weight,608,32,512,16384,0,16384,0,65536,65600,True
model.safetensors,value_embeds.1.weight,640,32,512,16384,0,16383,0,65536,65596,True
model.safetensors,value_embeds.1.weight,672,32,512,16384,0,16383,0,65536,65596,True
model.safetensors,value_embeds.1.weight,704,32,512,16384,0,16383,0,65536,65596,True
model.safetensors,value_embeds.1.weight,736,32,512,16384,0,16383,0,65536,65596,True
model.safetensors,value_embeds.1.weight,768,32,512,16384,0,16382,0,65536,65592,True
model.safetensors,value_embeds.1.weight,800,32,512,16384,0,16381,0,65536,65588,True
model.safetensors,value_embeds.1.weight,832,32,512,16384,0,16381,0,65536,65588,True
model.safetensors,value_embeds.1.weight,864,32,512,16384,0,16383,0,65536,65596,True
model.safetensors,value_embeds.1.weight,896,32,512,16384,0,16383,0,65536,65596,True
model.safetensors,value_embeds.1.weight,928,32,512,16384,0,16381,0,65536,65588,True
model.safetensors,value_embeds.1.weight,960,32,512,16384,0,16383,0,65536,65596,True
model.safetensors,value_embeds.1.weight,992,32,512,16384,0,16383,0,65536,65596,True
model.safetensors,value_embeds.1.weight,1024,32,512,16384,0,16382,0,65536,65592,True
model.safetensors,value_embeds.1.weight,1056,32,512,16384,0,16384,0,65536,65600,True
model.safetensors,value_embeds.1.weight,1088,32,512,16384,0,16384,0,65536,65600,True
model.safetensors,value_embeds.1.weight,1120,32,512,16384,0,16383,0,65536,65596,True
model.safetensors,value_embeds.1.weight,1152,32,512,16384,0,16381,0,65536,65588,True
model.safetensors,value_embeds.1.weight,1184,32,512,16384,0,16383,0,65536,65596,True
model.safetensors,value_embeds.1.weight,1216,32,512,16384,0,16383,0,65536,65596,True
model.safetensors,value_embeds.1.weight,1248,32,512,16384,0,16380,0,65536,65584,True
model.safetensors,value_embeds.1.weight,1280,32,512,16384,0,16381,0,65536,65588,True
model.safetensors,value_embeds.1.weight,1312,32,512,16384,0,16384,0,65536,65600,True
model.safetensors,value_embeds.1.weight,1344,32,512,16384,0,16381,0,65536,65588,True
model.safetensors,value_embeds.1.weight,1376,32,512,16384,0,16382,0,65536,65592,True
model.safetensors,value_embeds.1.weight,1408,32,512,16384,0,16382,0,65536,65592,True
model.safetensors,value_embeds.1.weight,1440,32,512,16384,0,16382,0,65536,65592,True
model.safetensors,value_embeds.1.weight,1472,32,512,16384,0,16383,0,65536,65596,True
model.safetensors,value_embeds.1.weight,1504,32,512,16384,0,16382,0,65536,65592,True
model.safetensors,value_embeds.1.weight,1536,32,512,16384,0,16383,0,65536,65596,True
model.safetensors,value_embeds.1.weight,1568,32,512,16384,0,16382,0,65536,65592,True
model.safetensors,value_embeds.1.weight,1600,32,512,16384,0,16382,0,65536,65592,True
model.safetensors,value_embeds.1.weight,1632,32,512,16384,0,16383,0,65536,65596,True
model.safetensors,value_embeds.1.weight,1664,32,512,16384,0,16384,0,65536,65600,True
model.safetensors,value_embeds.1.weight,1696,32,512,16384,0,16382,0,65536,65592,True
model.safetensors,value_embeds.1.weight,1728,32,512,16384,0,16383,0,65536,65596,True
model.safetensors,value_embeds.1.weight,1760,32,512,16384,0,16381,0,65536,65588,True
model.safetensors,value_embeds.1.weight,1792,32,512,16384,0,16384,0,65536,65600,True
model.safetensors,value_embeds.1.weight,1824,32,512,16384,0,16382,0,65536,65592,True
model.safetensors,value_embeds.1.weight,1856,32,512,16384,0,16381,0,65536,65588,True
model.safetensors,value_embeds.1.weight,1888,32,512,16384,0,16381,0,65536,65588,True
model.safetensors,value_embeds.1.weight,1920,32,512,16384,0,16383,0,65536,65596,True
model.safetensors,value_embeds.1.weight,1952,32,512,16384,0,16383,0,65536,65596,True
model.safetensors,value_embeds.1.weight,1984,32,512,16384,0,16382,0,65536,65592,True
model.safetensors,value_embeds.1.weight,2016,32,512,16384,0,16383,0,65536,65596,True
model.safetensors,value_embeds.1.weight,2048,32,512,16384,0,16382,0,65536,65592,True
model.safetensors,value_embeds.1.weight,2080,32,512,16384,0,16383,0,65536,65596,True
model.safetensors,value_embeds.1.weight,2112,32,512,16384,0,16382,0,65536,65592,True
model.safetensors,value_embeds.1.weight,2144,32,512,16384,0,16382,0,65536,65592,True
model.safetensors,value_embeds.1.weight,2176,32,512,16384,0,16379,0,65536,65580,True
model.safetensors,value_embeds.1.weight,2208,32,512,16384,0,16382,0,65536,65592,True
model.safetensors,value_embeds.1.weight,2240,32,512,16384,0,16383,0,65536,65596,True
model.safetensors,value_embeds.1.weight,2272,32,512,16384,0,16383,0,65536,65596,True
model.safetensors,value_embeds.1.weight,2304,32,512,16384,0,16382,0,65536,65592,True
model.safetensors,value_embeds.1.weight,2336,32,512,16384,0,16383,0,65536,65596,True
model.safetensors,value_embeds.1.weight,2368,32,512,16384,0,16384,0,65536,65600,True
model.safetensors,value_embeds.1.weight,2400,32,512,16384,0,16383,0,65536,65596,True
model.safetensors,value_embeds.1.weight,2432,32,512,16384,0,16381,0,65536,65588,True
model.safetensors,value_embeds.1.weight,2464,32,512,16384,0,16380,0,65536,65584,True
model.safetensors,value_embeds.1.weight,2496,32,512,16384,0,16383,0,65536,65596,True
model.safetensors,value_embeds.1.weight,2528,32,512,16384,0,16381,0,65536,65588,True
model.safetensors,value_embeds.1.weight,2560,32,512,16384,0,16381,0,65536,65588,True
model.safetensors,value_embeds.1.weight,2592,32,512,16384,0,16384,0,65536,65600,True
model.safetensors,value_embeds.1.weight,2624,32,512,16384,0,16381,0,65536,65588,True
model.safetensors,value_embeds.1.weight,2656,32,512,16384,0,16382,0,65536,65592,True
model.safetensors,value_embeds.1.weight,2688,32,512,16384,0,16382,0,65536,65592,True
model.safetensors,value_embeds.1.weight,2720,32,512,16384,0,16379,0,65536,65580,True
model.safetensors,value_embeds.1.weight,2752,32,512,16384,0,16381,0,65536,65588,True
model.safetensors,value_embeds.1.weight,2784,32,512,16384,0,16382,0,65536,65592,True
model.safetensors,value_embeds.1.weight,2816,32,512,16384,0,16379,0,65536,65580,True
model.safetensors,value_embeds.1.weight,2848,32,512,16384,0,16379,0,65536,65580,True
model.safetensors,value_embeds.1.weight,2880,32,512,16384,0,16383,0,65536,65596,True
model.safetensors,value_embeds.1.weight,2912,32,512,16384,0,16384,0,65536,65600,True
model.safetensors,value_embeds.1.weight,2944,32,512,16384,0,16384,0,65536,65600,True
model.safetensors,value_embeds.1.weight,2976,32,512,16384,0,16382,0,65536,65592,True
model.safetensors,value_embeds.1.weight,3008,32,512,16384,0,16382,0,65536,65592,True
model.safetensors,value_embeds.1.weight,3040,32,512,16384,0,16383,0,65536,65596,True
model.safetensors,value_embeds.1.weight,3072,32,512,16384,0,16381,0,65536,65588,True
model.safetensors,value_embeds.1.weight,3104,32,512,16384,0,16382,0,65536,65592,True
model.safetensors,value_embeds.1.weight,3136,32,512,16384,0,16384,0,65536,65600,True
model.safetensors,value_embeds.1.weight,3168,32,512,16384,0,16381,0,65536,65588,True
model.safetensors,value_embeds.1.weight,3200,32,512,16384,0,16383,0,65536,65596,True
model.safetensors,value_embeds.1.weight,3232,32,512,16384,0,16383,0,65536,65596,True
model.safetensors,value_embeds.1.weight,3264,32,512,16384,0,16382,0,65536,65592,True
model.safetensors,value_embeds.1.weight,3296,32,512,16384,0,16384,0,65536,65600,True
model.safetensors,value_embeds.1.weight,3328,32,512,16384,0,16381,0,65536,65588,True
model.safetensors,value_embeds.1.weight,3360,32,512,16384,0,16381,0,65536,65588,True
model.safetensors,value_embeds.1.weight,3392,32,512,16384,0,16380,0,65536,65584,True
model.safetensors,value_embeds.1.weight,3424,32,512,16384,0,16383,0,65536,65596,True
model.safetensors,value_embeds.1.weight,3456,32,512,16384,0,16381,0,65536,65588,True
model.safetensors,value_embeds.1.weight,3488,32,512,16384,0,16383,0,65536,65596,True
model.safetensors,value_embeds.1.weight,3520,32,512,16384,0,16383,0,65536,65596,True
model.safetensors,value_embeds.1.weight,3552,32,512,16384,0,16380,0,65536,65584,True
model.safetensors,value_embeds.1.weight,3584,32,512,16384,0,16383,0,65536,65596,True
model.safetensors,value_embeds.1.weight,3616,32,512,16384,0,16380,0,65536,65584,True
model.safetensors,value_embeds.1.weight,3648,32,512,16384,0,16384,0,65536,65600,True
model.safetensors,value_embeds.1.weight,3680,32,512,16384,0,16383,0,65536,65596,True
model.safetensors,value_embeds.1.weight,3712,32,512,16384,0,16381,0,65536,65588,True
model.safetensors,value_embeds.1.weight,3744,32,512,16384,0,16384,0,65536,65600,True
model.safetensors,value_embeds.1.weight,3776,32,512,16384,0,16384,0,65536,65600,True
model.safetensors,value_embeds.1.weight,3808,32,512,16384,0,16383,0,65536,65596,True
model.safetensors,value_embeds.1.weight,3840,32,512,16384,0,16383,0,65536,65596,True
model.safetensors,value_embeds.1.weight,3872,32,512,16384,0,16382,0,65536,65592,True
model.safetensors,value_embeds.1.weight,3904,32,512,16384,0,16383,0,65536,65596,True
model.safetensors,value_embeds.1.weight,3936,32,512,16384,0,16383,0,65536,65596,True
model.safetensors,value_embeds.1.weight,3968,32,512,16384,0,16380,0,65536,65584,True
model.safetensors,value_embeds.1.weight,4000,32,512,16384,0,16383,0,65536,65596,True
model.safetensors,value_embeds.1.weight,4032,32,512,16384,0,16384,0,65536,65600,True
model.safetensors,value_embeds.1.weight,4064,32,512,16384,0,16384,0,65536,65600,True
model.safetensors,value_embeds.1.weight,4096,32,512,16384,0,16382,0,65536,65592,True
model.safetensors,value_embeds.1.weight,4128,32,512,16384,0,16384,0,65536,65600,True
model.safetensors,value_embeds.1.weight,4160,32,512,16384,0,16380,0,65536,65584,True
model.safetensors,value_embeds.1.weight,4192,32,512,16384,0,16384,0,65536,65600,True
model.safetensors,value_embeds.1.weight,4224,32,512,16384,0,16382,0,65536,65592,True
model.safetensors,value_embeds.1.weight,4256,32,512,16384,0,16383,0,65536,65596,True
model.safetensors,value_embeds.1.weight,4288,32,512,16384,0,16383,0,65536,65596,True
model.safetensors,value_embeds.1.weight,4320,32,512,16384,0,16383,0,65536,65596,True
model.safetensors,value_embeds.1.weight,4352,32,512,16384,0,16382,0,65536,65592,True
model.safetensors,value_embeds.1.weight,4384,32,512,16384,0,16383,0,65536,65596,True
model.safetensors,value_embeds.1.weight,4416,32,512,16384,0,16379,0,65536,65580,True
model.safetensors,value_embeds.1.weight,4448,32,512,16384,0,16381,0,65536,65588,True
model.safetensors,value_embeds.1.weight,4480,32,512,16384,0,16383,0,65536,65596,True
model.safetensors,value_embeds.1.weight,4512,32,512,16384,0,16383,0,65536,65596,True
model.safetensors,value_embeds.1.weight,4544,32,512,16384,0,16382,0,65536,65592,True
model.safetensors,value_embeds.1.weight,4576,32,512,16384,0,16383,0,65536,65596,True
model.safetensors,value_embeds.1.weight,4608,32,512,16384,0,16383,0,65536,65596,True
model.safetensors,value_embeds.1.weight,4640,32,512,16384,0,16383,0,65536,65596,True
model.safetensors,value_embeds.1.weight,4672,32,512,16384,0,16382,0,65536,65592,True
model.safetensors,value_embeds.1.weight,4704,32,512,16384,0,16381,0,65536,65588,True
model.safetensors,value_embeds.1.weight,4736,32,512,16384,0,16382,0,65536,65592,True
model.safetensors,value_embeds.1.weight,4768,32,512,16384,0,16382,0,65536,65592,True
model.safetensors,value_embeds.1.weight,4800,32,512,16384,0,16380,0,65536,65584,True
model.safetensors,value_embeds.1.weight,4832,32,512,16384,0,16380,0,65536,65584,True
model.safetensors,value_embeds.1.weight,4864,32,512,16384,0,16382,0,65536,65592,True
model.safetensors,value_embeds.1.weight,4896,32,512,16384,0,16383,0,65536,65596,True
model.safetensors,value_embeds.1.weight,4928,32,512,16384,0,16381,0,65536,65588,True
model.safetensors,value_embeds.1.weight,4960,32,512,16384,0,16384,0,65536,65600,True
model.safetensors,value_embeds.1.weight,4992,32,512,16384,0,16381,0,65536,65588,True
model.safetensors,value_embeds.1.weight,5024,32,512,16384,0,16382,0,65536,65592,True
model.safetensors,value_embeds.1.weight,5056,32,512,16384,0,16381,0,65536,65588,True
model.safetensors,value_embeds.1.weight,5088,32,512,16384,0,16383,0,65536,65596,True
model.safetensors,value_embeds.1.weight,5120,32,512,16384,0,16383,0,65536,65596,True
model.safetensors,value_embeds.1.weight,5152,32,512,16384,0,16382,0,65536,65592,True
model.safetensors,value_embeds.1.weight,5184,32,512,16384,0,16384,0,65536,65600,True
model.safetensors,value_embeds.1.weight,5216,32,512,16384,0,16383,0,65536,65596,True
model.safetensors,value_embeds.1.weight,5248,32,512,16384,0,16383,0,65536,65596,True
model.safetensors,value_embeds.1.weight,5280,32,512,16384,0,16384,0,65536,65600,True
model.safetensors,value_embeds.1.weight,5312,32,512,16384,0,16383,0,65536,65596,True
model.safetensors,value_embeds.1.weight,5344,32,512,16384,0,16381,0,65536,65588,True
model.safetensors,value_embeds.1.weight,5376,32,512,16384,0,16381,0,65536,65588,True
model.safetensors,value_embeds.1.weight,5408,32,512,16384,0,16380,0,65536,65584,True
model.safetensors,value_embeds.1.weight,5440,32,512,16384,0,16384,0,65536,65600,True
model.safetensors,value_embeds.1.weight,5472,32,512,16384,0,16383,0,65536,65596,True
model.safetensors,value_embeds.1.weight,5504,32,512,16384,0,16382,0,65536,65592,True
model.safetensors,value_embeds.1.weight,5536,32,512,16384,0,16384,0,65536,65600,True
model.safetensors,value_embeds.1.weight,5568,32,512,16384,0,16383,0,65536,65596,True
model.safetensors,value_embeds.1.weight,5600,32,512,16384,0,16382,0,65536,65592,True
model.safetensors,value_embeds.1.weight,5632,32,512,16384,0,16382,0,65536,65592,True
model.safetensors,value_embeds.1.weight,5664,32,512,16384,0,16383,0,65536,65596,True
model.safetensors,value_embeds.1.weight,5696,32,512,16384,0,16384,0,65536,65600,True
model.safetensors,value_embeds.1.weight,5728,32,512,16384,0,16382,0,65536,65592,True
model.safetensors,value_embeds.1.weight,5760,32,512,16384,0,16383,0,65536,65596,True
model.safetensors,value_embeds.1.weight,5792,32,512,16384,0,16382,0,65536,65592,True
model.safetensors,value_embeds.1.weight,5824,32,512,16384,0,16382,0,65536,65592,True
model.safetensors,value_embeds.1.weight,5856,32,512,16384,0,16383,0,65536,65596,True
model.safetensors,value_embeds.1.weight,5888,32,512,16384,0,16384,0,65536,65600,True
model.safetensors,value_embeds.1.weight,5920,32,512,16384,0,16379,0,65536,65580,True
model.safetensors,value_embeds.1.weight,5952,32,512,16384,0,16380,0,65536,65584,True
model.safetensors,value_embeds.1.weight,5984,32,512,16384,0,16383,0,65536,65596,True
model.safetensors,value_embeds.1.weight,6016,32,512,16384,0,16381,0,65536,65588,True
model.safetensors,value_embeds.1.weight,6048,32,512,16384,0,16383,0,65536,65596,True
model.safetensors,value_embeds.1.weight,6080,32,512,16384,0,16380,0,65536,65584,True
model.safetensors,value_embeds.1.weight,6112,32,512,16384,0,16383,0,65536,65596,True
model.safetensors,value_embeds.1.weight,6144,32,512,16384,0,16381,0,65536,65588,True
model.safetensors,value_embeds.1.weight,6176,32,512,16384,0,16382,0,65536,65592,True
model.safetensors,value_embeds.1.weight,6208,32,512,16384,0,16383,0,65536,65596,True
model.safetensors,value_embeds.1.weight,6240,32,512,16384,0,16382,0,65536,65592,True
model.safetensors,value_embeds.1.weight,6272,32,512,16384,0,16384,0,65536,65600,True
model.safetensors,value_embeds.1.weight,6304,32,512,16384,0,16383,0,65536,65596,True
model.safetensors,value_embeds.1.weight,6336,32,512,16384,0,16382,0,65536,65592,True
model.safetensors,value_embeds.1.weight,6368,32,512,16384,0,16383,0,65536,65596,True
model.safetensors,value_embeds.1.weight,6400,32,512,16384,0,16382,0,65536,65592,True
model.safetensors,value_embeds.1.weight,6432,32,512,16384,0,16381,0,65536,65588,True
model.safetensors,value_embeds.1.weight,6464,32,512,16384,0,16381,0,65536,65588,True
model.safetensors,value_embeds.1.weight,6496,32,512,16384,0,16382,0,65536,65592,True
model.safetensors,value_embeds.1.weight,6528,32,512,16384,0,16380,0,65536,65584,True
model.safetensors,value_embeds.1.weight,6560,32,512,16384,0,16383,0,65536,65596,True
model.safetensors,value_embeds.1.weight,6592,32,512,16384,0,16382,0,65536,65592,True
model.safetensors,value_embeds.1.weight,6624,32,512,16384,0,16381,0,65536,65588,True
model.safetensors,value_embeds.1.weight,6656,32,512,16384,0,16384,0,65536,65600,True
model.safetensors,value_embeds.1.weight,6688,32,512,16384,0,16383,0,65536,65596,True
model.safetensors,value_embeds.1.weight,6720,32,512,16384,0,16382,0,65536,65592,True
model.safetensors,value_embeds.1.weight,6752,32,512,16384,0,16382,0,65536,65592,True
model.safetensors,value_embeds.1.weight,6784,32,512,16384,0,16384,0,65536,65600,True
model.safetensors,value_embeds.1.weight,6816,32,512,16384,0,16381,0,65536,65588,True
model.safetensors,value_embeds.1.weight,6848,32,512,16384,0,16381,0,65536,65588,True
model.safetensors,value_embeds.1.weight,6880,32,512,16384,0,16382,0,65536,65592,True
model.safetensors,value_embeds.1.weight,6912,32,512,16384,0,16382,0,65536,65592,True
model.safetensors,value_embeds.1.weight,6944,32,512,16384,0,16383,0,65536,65596,True
model.safetensors,value_embeds.1.weight,6976,32,512,16384,0,16382,0,65536,65592,True
model.safetensors,value_embeds.1.weight,7008,32,512,16384,0,16381,0,65536,65588,True
model.safetensors,value_embeds.1.weight,7040,32,512,16384,0,16384,0,65536,65600,True
model.safetensors,value_embeds.1.weight,7072,32,512,16384,0,16384,0,65536,65600,True
model.safetensors,value_embeds.1.weight,7104,32,512,16384,0,16381,0,65536,65588,True
model.safetensors,value_embeds.1.weight,7136,32,512,16384,0,16381,0,65536,65588,True
model.safetensors,value_embeds.1.weight,7168,32,512,16384,0,16382,0,65536,65592,True
model.safetensors,value_embeds.1.weight,7200,32,512,16384,0,16383,0,65536,65596,True
model.safetensors,value_embeds.1.weight,7232,32,512,16384,0,16380,0,65536,65584,True
model.safetensors,value_embeds.1.weight,7264,32,512,16384,0,16382,0,65536,65592,True
model.safetensors,value_embeds.1.weight,7296,32,512,16384,0,16380,0,65536,65584,True
model.safetensors,value_embeds.1.weight,7328,32,512,16384,0,16382,0,65536,65592,True
model.safetensors,value_embeds.1.weight,7360,32,512,16384,0,16383,0,65536,65596,True
model.safetensors,value_embeds.1.weight,7392,32,512,16384,0,16380,0,65536,65584,True
model.safetensors,value_embeds.1.weight,7424,32,512,16384,0,16382,0,65536,65592,True
model.safetensors,value_embeds.1.weight,7456,32,512,16384,0,16383,0,65536,65596,True
model.safetensors,value_embeds.1.weight,7488,32,512,16384,0,16382,0,65536,65592,True
model.safetensors,value_embeds.1.weight,7520,32,512,16384,0,16382,0,65536,65592,True
model.safetensors,value_embeds.1.weight,7552,32,512,16384,0,16381,0,65536,65588,True
model.safetensors,value_embeds.1.weight,7584,32,512,16384,0,16382,0,65536,65592,True
model.safetensors,value_embeds.1.weight,7616,32,512,16384,0,16384,0,65536,65600,True
model.safetensors,value_embeds.1.weight,7648,32,512,16384,0,16381,0,65536,65588,True
model.safetensors,value_embeds.1.weight,7680,32,512,16384,0,16380,0,65536,65584,True
model.safetensors,value_embeds.1.weight,7712,32,512,16384,0,16383,0,65536,65596,True
model.safetensors,value_embeds.1.weight,7744,32,512,16384,0,16380,0,65536,65584,True
model.safetensors,value_embeds.1.weight,7776,32,512,16384,0,16383,0,65536,65596,True
model.safetensors,value_embeds.1.weight,7808,32,512,16384,0,16382,0,65536,65592,True
model.safetensors,value_embeds.1.weight,7840,32,512,16384,0,16382,0,65536,65592,True
model.safetensors,value_embeds.1.weight,7872,32,512,16384,0,16383,0,65536,65596,True
model.safetensors,value_embeds.1.weight,7904,32,512,16384,0,16384,0,65536,65600,True
model.safetensors,value_embeds.1.weight,7936,32,512,16384,0,16383,0,65536,65596,True
model.safetensors,value_embeds.1.weight,7968,32,512,16384,0,16383,0,65536,65596,True
model.safetensors,value_embeds.1.weight,8000,32,512,16384,0,16384,0,65536,65600,True
model.safetensors,value_embeds.1.weight,8032,32,512,16384,0,16384,0,65536,65600,True
model.safetensors,value_embeds.1.weight,8064,32,512,16384,0,16381,0,65536,65588,True
model.safetensors,value_embeds.1.weight,8096,32,512,16384,0,16383,0,65536,65596,True
model.safetensors,value_embeds.1.weight,8128,32,512,16384,0,16384,0,65536,65600,True
model.safetensors,value_embeds.1.weight,8160,32,512,16384,0,16384,0,65536,65600,True
model.safetensors,value_embeds.1.weight,8192,32,512,16384,0,16383,0,65536,65596,True
model.safetensors,value_embeds.1.weight,8224,32,512,16384,0,16381,0,65536,65588,True
model.safetensors,value_embeds.1.weight,8256,32,512,16384,0,16381,0,65536,65588,True
model.safetensors,value_embeds.1.weight,8288,32,512,16384,0,16384,0,65536,65600,True
model.safetensors,value_embeds.1.weight,8320,32,512,16384,0,16383,0,65536,65596,True
model.safetensors,value_embeds.1.weight,8352,32,512,16384,0,16384,0,65536,65600,True
model.safetensors,value_embeds.1.weight,8384,32,512,16384,0,16383,0,65536,65596,True
model.safetensors,value_embeds.1.weight,8416,32,512,16384,0,16382,0,65536,65592,True
model.safetensors,value_embeds.1.weight,8448,32,512,16384,0,16383,0,65536,65596,True
model.safetensors,value_embeds.1.weight,8480,32,512,16384,0,16383,0,65536,65596,True
model.safetensors,value_embeds.1.weight,8512,32,512,16384,0,16379,0,65536,65580,True
model.safetensors,value_embeds.1.weight,8544,32,512,16384,0,16383,0,65536,65596,True
model.safetensors,value_embeds.1.weight,8576,32,512,16384,0,16380,0,65536,65584,True
model.safetensors,value_embeds.1.weight,8608,32,512,16384,0,16382,0,65536,65592,True
model.safetensors,value_embeds.1.weight,8640,32,512,16384,0,16381,0,65536,65588,True
model.safetensors,value_embeds.1.weight,8672,32,512,16384,0,16384,0,65536,65600,True
model.safetensors,value_embeds.1.weight,8704,32,512,16384,0,16382,0,65536,65592,True
model.safetensors,value_embeds.1.weight,8736,32,512,16384,0,16384,0,65536,65600,True
model.safetensors,value_embeds.1.weight,8768,32,512,16384,0,16382,0,65536,65592,True
model.safetensors,value_embeds.1.weight,8800,32,512,16384,0,16381,0,65536,65588,True
model.safetensors,value_embeds.1.weight,8832,32,512,16384,0,16382,0,65536,65592,True
model.safetensors,value_embeds.1.weight,8864,32,512,16384,0,16381,0,65536,65588,True
model.safetensors,value_embeds.1.weight,8896,32,512,16384,0,16384,0,65536,65600,True
model.safetensors,value_embeds.1.weight,8928,32,512,16384,0,16383,0,65536,65596,True
model.safetensors,value_embeds.1.weight,8960,32,512,16384,0,16383,0,65536,65596,True
model.safetensors,value_embeds.1.weight,8992,32,512,16384,0,16384,0,65536,65600,True
model.safetensors,value_embeds.1.weight,9024,32,512,16384,0,16381,0,65536,65588,True
model.safetensors,value_embeds.1.weight,9056,32,512,16384,0,16382,0,65536,65592,True
model.safetensors,value_embeds.1.weight,9088,32,512,16384,0,16383,0,65536,65596,True
model.safetensors,value_embeds.1.weight,9120,32,512,16384,0,16380,0,65536,65584,True
model.safetensors,value_embeds.1.weight,9152,32,512,16384,0,16381,0,65536,65588,True
model.safetensors,value_embeds.1.weight,9184,32,512,16384,0,16384,0,65536,65600,True
model.safetensors,value_embeds.1.weight,9216,32,512,16384,0,16382,0,65536,65592,True
model.safetensors,value_embeds.1.weight,9248,32,512,16384,0,16379,0,65536,65580,True
model.safetensors,value_embeds.1.weight,9280,32,512,16384,0,16384,0,65536,65600,True
model.safetensors,value_embeds.1.weight,9312,32,512,16384,0,16382,0,65536,65592,True
model.safetensors,value_embeds.1.weight,9344,32,512,16384,0,16383,0,65536,65596,True
model.safetensors,value_embeds.1.weight,9376,32,512,16384,0,16381,0,65536,65588,True
model.safetensors,value_embeds.1.weight,9408,32,512,16384,0,16382,0,65536,65592,True
model.safetensors,value_embeds.1.weight,9440,32,512,16384,0,16382,0,65536,65592,True
model.safetensors,value_embeds.1.weight,9472,32,512,16384,0,16380,0,65536,65584,True
model.safetensors,value_embeds.1.weight,9504,32,512,16384,0,16382,0,65536,65592,True
model.safetensors,value_embeds.1.weight,9536,32,512,16384,0,16381,0,65536,65588,True
model.safetensors,value_embeds.1.weight,9568,32,512,16384,0,16379,0,65536,65580,True
model.safetensors,value_embeds.1.weight,9600,32,512,16384,0,16383,0,65536,65596,True
model.safetensors,value_embeds.1.weight,9632,32,512,16384,0,16378,0,65536,65576,True
model.safetensors,value_embeds.1.weight,9664,32,512,16384,0,16383,0,65536,65596,True
model.safetensors,value_embeds.1.weight,9696,32,512,16384,0,16378,0,65536,65576,True
model.safetensors,value_embeds.1.weight,9728,32,512,16384,0,16382,0,65536,65592,True
model.safetensors,value_embeds.1.weight,9760,32,512,16384,0,16382,0,65536,65592,True
model.safetensors,value_embeds.1.weight,9792,32,512,16384,0,16382,0,65536,65592,True
model.safetensors,value_embeds.1.weight,9824,32,512,16384,0,16383,0,65536,65596,True
model.safetensors,value_embeds.1.weight,9856,32,512,16384,0,16382,0,65536,65592,True
model.safetensors,value_embeds.1.weight,9888,32,512,16384,0,16381,0,65536,65588,True
model.safetensors,value_embeds.1.weight,9920,32,512,16384,0,16383,0,65536,65596,True
model.safetensors,value_embeds.1.weight,9952,32,512,16384,0,16383,0,65536,65596,True
model.safetensors,value_embeds.1.weight,9984,32,512,16384,0,16383,0,65536,65596,True
model.safetensors,value_embeds.1.weight,10016,32,512,16384,0,16383,0,65536,65596,True
model.safetensors,value_embeds.1.weight,10048,32,512,16384,0,16384,0,65536,65600,True
model.safetensors,value_embeds.1.weight,10080,32,512,16384,0,16382,0,65536,65592,True
model.safetensors,value_embeds.1.weight,10112,32,512,16384,0,16384,0,65536,65600,True
model.safetensors,value_embeds.1.weight,10144,32,512,16384,0,16384,0,65536,65600,True
model.safetensors,value_embeds.1.weight,10176,32,512,16384,0,16384,0,65536,65600,True
model.safetensors,value_embeds.1.weight,10208,32,512,16384,0,16382,0,65536,65592,True
model.safetensors,value_embeds.1.weight,10240,32,512,16384,0,16383,0,65536,65596,True
model.safetensors,value_embeds.1.weight,10272,32,512,16384,0,16383,0,65536,65596,True
model.safetensors,value_embeds.1.weight,10304,32,512,16384,0,16383,0,65536,65596,True
model.safetensors,value_embeds.1.weight,10336,32,512,16384,0,16382,0,65536,65592,True
model.safetensors,value_embeds.1.weight,10368,32,512,16384,0,16382,0,65536,65592,True
model.safetensors,value_embeds.1.weight,10400,32,512,16384,0,16382,0,65536,65592,True
model.safetensors,value_embeds.1.weight,10432,32,512,16384,0,16383,0,65536,65596,True
model.safetensors,value_embeds.1.weight,10464,32,512,16384,0,16383,0,65536,65596,True
model.safetensors,value_embeds.1.weight,10496,32,512,16384,0,16383,0,65536,65596,True
model.safetensors,value_embeds.1.weight,10528,32,512,16384,0,16383,0,65536,65596,True
model.safetensors,value_embeds.1.weight,10560,32,512,16384,0,16383,0,65536,65596,True
model.safetensors,value_embeds.1.weight,10592,32,512,16384,0,16382,0,65536,65592,True
model.safetensors,value_embeds.1.weight,10624,32,512,16384,0,16381,0,65536,65588,True
model.safetensors,value_embeds.1.weight,10656,32,512,16384,0,16382,0,65536,65592,True
model.safetensors,value_embeds.1.weight,10688,32,512,16384,0,16382,0,65536,65592,True
model.safetensors,value_embeds.1.weight,10720,32,512,16384,0,16382,0,65536,65592,True
model.safetensors,value_embeds.1.weight,10752,32,512,16384,0,16383,0,65536,65596,True
model.safetensors,value_embeds.1.weight,10784,32,512,16384,0,16384,0,65536,65600,True
model.safetensors,value_embeds.1.weight,10816,32,512,16384,0,16381,0,65536,65588,True
model.safetensors,value_embeds.1.weight,10848,32,512,16384,0,16382,0,65536,65592,True
model.safetensors,value_embeds.1.weight,10880,32,512,16384,0,16383,0,65536,65596,True
model.safetensors,value_embeds.1.weight,10912,32,512,16384,0,16380,0,65536,65584,True
model.safetensors,value_embeds.1.weight,10944,32,512,16384,0,16382,0,65536,65592,True
model.safetensors,value_embeds.1.weight,10976,32,512,16384,0,16382,0,65536,65592,True
model.safetensors,value_embeds.1.weight,11008,32,512,16384,0,16378,0,65536,65576,True
model.safetensors,value_embeds.1.weight,11040,32,512,16384,0,16381,0,65536,65588,True
model.safetensors,value_embeds.1.weight,11072,32,512,16384,0,16384,0,65536,65600,True
model.safetensors,value_embeds.1.weight,11104,32,512,16384,0,16384,0,65536,65600,True
model.safetensors,value_embeds.1.weight,11136,32,512,16384,0,16381,0,65536,65588,True
model.safetensors,value_embeds.1.weight,11168,32,512,16384,0,16384,0,65536,65600,True
model.safetensors,value_embeds.1.weight,11200,32,512,16384,0,16378,0,65536,65576,True
model.safetensors,value_embeds.1.weight,11232,32,512,16384,0,16384,0,65536,65600,True
model.safetensors,value_embeds.1.weight,11264,32,512,16384,0,16382,0,65536,65592,True
model.safetensors,value_embeds.1.weight,11296,32,512,16384,0,16383,0,65536,65596,True
model.safetensors,value_embeds.1.weight,11328,32,512,16384,0,16384,0,65536,65600,True
model.safetensors,value_embeds.1.weight,11360,32,512,16384,0,16382,0,65536,65592,True
model.safetensors,value_embeds.1.weight,11392,32,512,16384,0,16382,0,65536,65592,True
model.safetensors,value_embeds.1.weight,11424,32,512,16384,0,16382,0,65536,65592,True
model.safetensors,value_embeds.1.weight,11456,32,512,16384,0,16383,0,65536,65596,True
model.safetensors,value_embeds.1.weight,11488,32,512,16384,0,16383,0,65536,65596,True
model.safetensors,value_embeds.1.weight,11520,32,512,16384,0,16380,0,65536,65584,True
model.safetensors,value_embeds.1.weight,11552,32,512,16384,0,16382,0,65536,65592,True
model.safetensors,value_embeds.1.weight,11584,32,512,16384,0,16382,0,65536,65592,True
model.safetensors,value_embeds.1.weight,11616,32,512,16384,0,16381,0,65536,65588,True
model.safetensors,value_embeds.1.weight,11648,32,512,16384,0,16384,0,65536,65600,True
model.safetensors,value_embeds.1.weight,11680,32,512,16384,0,16383,0,65536,65596,True
model.safetensors,value_embeds.1.weight,11712,32,512,16384,0,16382,0,65536,65592,True
model.safetensors,value_embeds.1.weight,11744,32,512,16384,0,16383,0,65536,65596,True
model.safetensors,value_embeds.1.weight,11776,32,512,16384,0,16383,0,65536,65596,True
model.safetensors,value_embeds.1.weight,11808,32,512,16384,0,16381,0,65536,65588,True
model.safetensors,value_embeds.1.weight,11840,32,512,16384,0,16383,0,65536,65596,True
model.safetensors,value_embeds.1.weight,11872,32,512,16384,0,16381,0,65536,65588,True
model.safetensors,value_embeds.1.weight,11904,32,512,16384,0,16384,0,65536,65600,True
model.safetensors,value_embeds.1.weight,11936,32,512,16384,0,16383,0,65536,65596,True
model.safetensors,value_embeds.1.weight,11968,32,512,16384,0,16383,0,65536,65596,True
model.safetensors,value_embeds.1.weight,12000,32,512,16384,0,16382,0,65536,65592,True
model.safetensors,value_embeds.1.weight,12032,32,512,16384,0,16384,0,65536,65600,True
model.safetensors,value_embeds.1.weight,12064,32,512,16384,0,16381,0,65536,65588,True
model.safetensors,value_embeds.1.weight,12096,32,512,16384,0,16383,0,65536,65596,True
model.safetensors,value_embeds.1.weight,12128,32,512,16384,0,16383,0,65536,65596,True
model.safetensors,value_embeds.1.weight,12160,32,512,16384,0,16383,0,65536,65596,True
model.safetensors,value_embeds.1.weight,12192,32,512,16384,0,16382,0,65536,65592,True
model.safetensors,value_embeds.1.weight,12224,32,512,16384,0,16381,0,65536,65588,True
model.safetensors,value_embeds.1.weight,12256,32,512,16384,0,16383,0,65536,65596,True
model.safetensors,value_embeds.1.weight,12288,32,512,16384,0,16381,0,65536,65588,True
model.safetensors,value_embeds.1.weight,12320,32,512,16384,0,16384,0,65536,65600,True
model.safetensors,value_embeds.1.weight,12352,32,512,16384,0,16381,0,65536,65588,True
model.safetensors,value_embeds.1.weight,12384,32,512,16384,0,16382,0,65536,65592,True
model.safetensors,value_embeds.1.weight,12416,32,512,16384,0,16384,0,65536,65600,True
model.safetensors,value_embeds.1.weight,12448,32,512,16384,0,16382,0,65536,65592,True
model.safetensors,value_embeds.1.weight,12480,32,512,16384,0,16382,0,65536,65592,True
model.safetensors,value_embeds.1.weight,12512,32,512,16384,0,16382,0,65536,65592,True
model.safetensors,value_embeds.1.weight,12544,32,512,16384,0,16382,0,65536,65592,True
model.safetensors,value_embeds.1.weight,12576,32,512,16384,0,16382,0,65536,65592,True
model.safetensors,value_embeds.1.weight,12608,32,512,16384,0,16383,0,65536,65596,True
model.safetensors,value_embeds.1.weight,12640,32,512,16384,0,16383,0,65536,65596,True
model.safetensors,value_embeds.1.weight,12672,32,512,16384,0,16380,0,65536,65584,True
model.safetensors,value_embeds.1.weight,12704,32,512,16384,0,16380,0,65536,65584,True
model.safetensors,value_embeds.1.weight,12736,32,512,16384,0,16382,0,65536,65592,True
model.safetensors,value_embeds.1.weight,12768,32,512,16384,0,16382,0,65536,65592,True
model.safetensors,value_embeds.1.weight,12800,32,512,16384,0,16381,0,65536,65588,True
model.safetensors,value_embeds.1.weight,12832,32,512,16384,0,16381,0,65536,65588,True
model.safetensors,value_embeds.1.weight,12864,32,512,16384,0,16383,0,65536,65596,True
model.safetensors,value_embeds.1.weight,12896,32,512,16384,0,16384,0,65536,65600,True
model.safetensors,value_embeds.1.weight,12928,32,512,16384,0,16383,0,65536,65596,True
model.safetensors,value_embeds.1.weight,12960,32,512,16384,0,16383,0,65536,65596,True
model.safetensors,value_embeds.1.weight,12992,32,512,16384,0,16382,0,65536,65592,True
model.safetensors,value_embeds.1.weight,13024,32,512,16384,0,16383,0,65536,65596,True
model.safetensors,value_embeds.1.weight,13056,32,512,16384,0,16381,0,65536,65588,True
model.safetensors,value_embeds.1.weight,13088,32,512,16384,0,16383,0,65536,65596,True
model.safetensors,value_embeds.1.weight,13120,32,512,16384,0,16384,0,65536,65600,True
model.safetensors,value_embeds.1.weight,13152,32,512,16384,0,16380,0,65536,65584,True
model.safetensors,value_embeds.1.weight,13184,32,512,16384,0,16384,0,65536,65600,True
model.safetensors,value_embeds.1.weight,13216,32,512,16384,0,16384,0,65536,65600,True
model.safetensors,value_embeds.1.weight,13248,32,512,16384,0,16383,0,65536,65596,True
model.safetensors,value_embeds.1.weight,13280,32,512,16384,0,16384,0,65536,65600,True
model.safetensors,value_embeds.1.weight,13312,32,512,16384,0,16383,0,65536,65596,True
model.safetensors,value_embeds.1.weight,13344,32,512,16384,0,16381,0,65536,65588,True
model.safetensors,value_embeds.1.weight,13376,32,512,16384,0,16382,0,65536,65592,True
model.safetensors,value_embeds.1.weight,13408,32,512,16384,0,16383,0,65536,65596,True
model.safetensors,value_embeds.1.weight,13440,32,512,16384,0,16382,0,65536,65592,True
model.safetensors,value_embeds.1.weight,13472,32,512,16384,0,16384,0,65536,65600,True
model.safetensors,value_embeds.1.weight,13504,32,512,16384,0,16378,0,65536,65576,True
model.safetensors,value_embeds.1.weight,13536,32,512,16384,0,16383,0,65536,65596,True
model.safetensors,value_embeds.1.weight,13568,32,512,16384,0,16382,0,65536,65592,True
model.safetensors,value_embeds.1.weight,13600,32,512,16384,0,16384,0,65536,65600,True
model.safetensors,value_embeds.1.weight,13632,32,512,16384,0,16384,0,65536,65600,True
model.safetensors,value_embeds.1.weight,13664,32,512,16384,0,16384,0,65536,65600,True
model.safetensors,value_embeds.1.weight,13696,32,512,16384,0,16380,0,65536,65584,True
model.safetensors,value_embeds.1.weight,13728,32,512,16384,0,16382,0,65536,65592,True
model.safetensors,value_embeds.1.weight,13760,32,512,16384,0,16384,0,65536,65600,True
model.safetensors,value_embeds.1.weight,13792,32,512,16384,0,16384,0,65536,65600,True
model.safetensors,value_embeds.1.weight,13824,32,512,16384,0,16381,0,65536,65588,True
model.safetensors,value_embeds.1.weight,13856,32,512,16384,0,16384,0,65536,65600,True
model.safetensors,value_embeds.1.weight,13888,32,512,16384,0,16378,0,65536,65576,True
model.safetensors,value_embeds.1.weight,13920,32,512,16384,0,16382,0,65536,65592,True
model.safetensors,value_embeds.1.weight,13952,32,512,16384,0,16383,0,65536,65596,True
model.safetensors,value_embeds.1.weight,13984,32,512,16384,0,16384,0,65536,65600,True
model.safetensors,value_embeds.1.weight,14016,32,512,16384,0,16381,0,65536,65588,True
model.safetensors,value_embeds.1.weight,14048,32,512,16384,0,16382,0,65536,65592,True
model.safetensors,value_embeds.1.weight,14080,32,512,16384,0,16384,0,65536,65600,True
model.safetensors,value_embeds.1.weight,14112,32,512,16384,0,16381,0,65536,65588,True
model.safetensors,value_embeds.1.weight,14144,32,512,16384,0,16379,0,65536,65580,True
model.safetensors,value_embeds.1.weight,14176,32,512,16384,0,16383,0,65536,65596,True
model.safetensors,value_embeds.1.weight,14208,32,512,16384,0,16383,0,65536,65596,True
model.safetensors,value_embeds.1.weight,14240,32,512,16384,0,16384,0,65536,65600,True
model.safetensors,value_embeds.1.weight,14272,32,512,16384,0,16383,0,65536,65596,True
model.safetensors,value_embeds.1.weight,14304,32,512,16384,0,16383,0,65536,65596,True
model.safetensors,value_embeds.1.weight,14336,32,512,16384,0,16382,0,65536,65592,True
model.safetensors,value_embeds.1.weight,14368,32,512,16384,0,16383,0,65536,65596,True
model.safetensors,value_embeds.1.weight,14400,32,512,16384,0,16383,0,65536,65596,True
model.safetensors,value_embeds.1.weight,14432,32,512,16384,0,16384,0,65536,65600,True
model.safetensors,value_embeds.1.weight,14464,32,512,16384,0,16379,0,65536,65580,True
model.safetensors,value_embeds.1.weight,14496,32,512,16384,0,16381,0,65536,65588,True
model.safetensors,value_embeds.1.weight,14528,32,512,16384,0,16380,0,65536,65584,True
model.safetensors,value_embeds.1.weight,14560,32,512,16384,0,16382,0,65536,65592,True
model.safetensors,value_embeds.1.weight,14592,32,512,16384,0,16382,0,65536,65592,True
model.safetensors,value_embeds.1.weight,14624,32,512,16384,0,16381,0,65536,65588,True
model.safetensors,value_embeds.1.weight,14656,32,512,16384,0,16383,0,65536,65596,True
model.safetensors,value_embeds.1.weight,14688,32,512,16384,0,16381,0,65536,65588,True
model.safetensors,value_embeds.1.weight,14720,32,512,16384,0,16383,0,65536,65596,True
model.safetensors,value_embeds.1.weight,14752,32,512,16384,0,16384,0,65536,65600,True
model.safetensors,value_embeds.1.weight,14784,32,512,16384,0,16382,0,65536,65592,True
model.safetensors,value_embeds.1.weight,14816,32,512,16384,0,16382,0,65536,65592,True
model.safetensors,value_embeds.1.weight,14848,32,512,16384,0,16383,0,65536,65596,True
model.safetensors,value_embeds.1.weight,14880,32,512,16384,0,16382,0,65536,65592,True
model.safetensors,value_embeds.1.weight,14912,32,512,16384,0,16384,0,65536,65600,True
model.safetensors,value_embeds.1.weight,14944,32,512,16384,0,16382,0,65536,65592,True
model.safetensors,value_embeds.1.weight,14976,32,512,16384,0,16383,0,65536,65596,True
model.safetensors,value_embeds.1.weight,15008,32,512,16384,0,16380,0,65536,65584,True
model.safetensors,value_embeds.1.weight,15040,32,512,16384,0,16384,0,65536,65600,True
model.safetensors,value_embeds.1.weight,15072,32,512,16384,0,16382,0,65536,65592,True
model.safetensors,value_embeds.1.weight,15104,32,512,16384,0,16378,0,65536,65576,True
model.safetensors,value_embeds.1.weight,15136,32,512,16384,0,16381,0,65536,65588,True
model.safetensors,value_embeds.1.weight,15168,32,512,16384,0,16382,0,65536,65592,True
model.safetensors,value_embeds.1.weight,15200,32,512,16384,0,16383,0,65536,65596,True
model.safetensors,value_embeds.1.weight,15232,32,512,16384,0,16382,0,65536,65592,True
model.safetensors,value_embeds.1.weight,15264,32,512,16384,0,16384,0,65536,65600,True
model.safetensors,value_embeds.1.weight,15296,32,512,16384,0,16383,0,65536,65596,True
model.safetensors,value_embeds.1.weight,15328,32,512,16384,0,16382,0,65536,65592,True
model.safetensors,value_embeds.1.weight,15360,32,512,16384,0,16384,0,65536,65600,True
model.safetensors,value_embeds.1.weight,15392,32,512,16384,0,16383,0,65536,65596,True
model.safetensors,value_embeds.1.weight,15424,32,512,16384,0,16379,0,65536,65580,True
model.safetensors,value_embeds.1.weight,15456,32,512,16384,0,16383,0,65536,65596,True
model.safetensors,value_embeds.1.weight,15488,32,512,16384,0,16384,0,65536,65600,True
model.safetensors,value_embeds.1.weight,15520,32,512,16384,0,16382,0,65536,65592,True
model.safetensors,value_embeds.1.weight,15552,32,512,16384,0,16382,0,65536,65592,True
model.safetensors,value_embeds.1.weight,15584,32,512,16384,0,16381,0,65536,65588,True
model.safetensors,value_embeds.1.weight,15616,32,512,16384,0,16382,0,65536,65592,True
model.safetensors,value_embeds.1.weight,15648,32,512,16384,0,16382,0,65536,65592,True
model.safetensors,value_embeds.1.weight,15680,32,512,16384,0,16382,0,65536,65592,True
model.safetensors,value_embeds.1.weight,15712,32,512,16384,0,16383,0,65536,65596,True
model.safetensors,value_embeds.1.weight,15744,32,512,16384,0,16382,0,65536,65592,True
model.safetensors,value_embeds.1.weight,15776,32,512,16384,0,16381,0,65536,65588,True
model.safetensors,value_embeds.1.weight,15808,32,512,16384,0,16383,0,65536,65596,True
model.safetensors,value_embeds.1.weight,15840,32,512,16384,0,16380,0,65536,65584,True
model.safetensors,value_embeds.1.weight,15872,32,512,16384,0,16383,0,65536,65596,True
model.safetensors,value_embeds.1.weight,15904,32,512,16384,0,16383,0,65536,65596,True
model.safetensors,value_embeds.1.weight,15936,32,512,16384,0,16384,0,65536,65600,True
model.safetensors,value_embeds.1.weight,15968,32,512,16384,0,16384,0,65536,65600,True
model.safetensors,value_embeds.1.weight,16000,32,512,16384,0,16382,0,65536,65592,True
model.safetensors,value_embeds.1.weight,16032,32,512,16384,0,16382,0,65536,65592,True
model.safetensors,value_embeds.1.weight,16064,32,512,16384,0,16384,0,65536,65600,True
model.safetensors,value_embeds.1.weight,16096,32,512,16384,0,16381,0,65536,65588,True
model.safetensors,value_embeds.1.weight,16128,32,512,16384,0,16384,0,65536,65600,True
model.safetensors,value_embeds.1.weight,16160,32,512,16384,0,16382,0,65536,65592,True
model.safetensors,value_embeds.1.weight,16192,32,512,16384,0,16383,0,65536,65596,True
model.safetensors,value_embeds.1.weight,16224,32,512,16384,0,16383,0,65536,65596,True
model.safetensors,value_embeds.1.weight,16256,32,512,16384,0,16381,0,65536,65588,True
model.safetensors,value_embeds.1.weight,16288,32,512,16384,0,16382,0,65536,65592,True
model.safetensors,value_embeds.1.weight,16320,32,512,16384,0,16382,0,65536,65592,True
model.safetensors,value_embeds.1.weight,16352,32,512,16384,0,16383,0,65536,65596,True
model.safetensors,value_embeds.1.weight,16384,32,512,16384,0,16384,0,65536,65600,True
model.safetensors,value_embeds.1.weight,16416,32,512,16384,0,16384,0,65536,65600,True
model.safetensors,value_embeds.1.weight,16448,32,512,16384,0,16383,0,65536,65596,True
model.safetensors,value_embeds.1.weight,16480,32,512,16384,0,16381,0,65536,65588,True
model.safetensors,value_embeds.1.weight,16512,32,512,16384,0,16382,0,65536,65592,True
model.safetensors,value_embeds.1.weight,16544,32,512,16384,0,16382,0,65536,65592,True
model.safetensors,value_embeds.1.weight,16576,32,512,16384,0,16384,0,65536,65600,True
model.safetensors,value_embeds.1.weight,16608,32,512,16384,0,16383,0,65536,65596,True
model.safetensors,value_embeds.1.weight,16640,32,512,16384,0,16382,0,65536,65592,True
model.safetensors,value_embeds.1.weight,16672,32,512,16384,0,16384,0,65536,65600,True
model.safetensors,value_embeds.1.weight,16704,32,512,16384,0,16383,0,65536,65596,True
model.safetensors,value_embeds.1.weight,16736,32,512,16384,0,16383,0,65536,65596,True
model.safetensors,value_embeds.1.weight,16768,32,512,16384,0,16383,0,65536,65596,True
model.safetensors,value_embeds.1.weight,16800,32,512,16384,0,16381,0,65536,65588,True
model.safetensors,value_embeds.1.weight,16832,32,512,16384,0,16382,0,65536,65592,True
model.safetensors,value_embeds.1.weight,16864,32,512,16384,0,16382,0,65536,65592,True
model.safetensors,value_embeds.1.weight,16896,32,512,16384,0,16383,0,65536,65596,True
model.safetensors,value_embeds.1.weight,16928,32,512,16384,0,16382,0,65536,65592,True
model.safetensors,value_embeds.1.weight,16960,32,512,16384,0,16382,0,65536,65592,True
model.safetensors,value_embeds.1.weight,16992,32,512,16384,0,16382,0,65536,65592,True
model.safetensors,value_embeds.1.weight,17024,32,512,16384,0,16383,0,65536,65596,True
model.safetensors,value_embeds.1.weight,17056,32,512,16384,0,16383,0,65536,65596,True
model.safetensors,value_embeds.1.weight,17088,32,512,16384,0,16381,0,65536,65588,True
model.safetensors,value_embeds.1.weight,17120,32,512,16384,0,16382,0,65536,65592,True
model.safetensors,value_embeds.1.weight,17152,32,512,16384,0,16381,0,65536,65588,True
model.safetensors,value_embeds.1.weight,17184,32,512,16384,0,16383,0,65536,65596,True
model.safetensors,value_embeds.1.weight,17216,32,512,16384,0,16382,0,65536,65592,True
model.safetensors,value_embeds.1.weight,17248,32,512,16384,0,16384,0,65536,65600,True
model.safetensors,value_embeds.1.weight,17280,32,512,16384,0,16383,0,65536,65596,True
model.safetensors,value_embeds.1.weight,17312,32,512,16384,0,16381,0,65536,65588,True
model.safetensors,value_embeds.1.weight,17344,32,512,16384,0,16380,0,65536,65584,True
model.safetensors,value_embeds.1.weight,17376,32,512,16384,0,16382,0,65536,65592,True
model.safetensors,value_embeds.1.weight,17408,32,512,16384,0,16382,0,65536,65592,True
model.safetensors,value_embeds.1.weight,17440,32,512,16384,0,16384,0,65536,65600,True
model.safetensors,value_embeds.1.weight,17472,32,512,16384,0,16383,0,65536,65596,True
model.safetensors,value_embeds.1.weight,17504,32,512,16384,0,16382,0,65536,65592,True
model.safetensors,value_embeds.1.weight,17536,32,512,16384,0,16382,0,65536,65592,True
model.safetensors,value_embeds.1.weight,17568,32,512,16384,0,16382,0,65536,65592,True
model.safetensors,value_embeds.1.weight,17600,32,512,16384,0,16383,0,65536,65596,True
model.safetensors,value_embeds.1.weight,17632,32,512,16384,0,16382,0,65536,65592,True
model.safetensors,value_embeds.1.weight,17664,32,512,16384,0,16381,0,65536,65588,True
model.safetensors,value_embeds.1.weight,17696,32,512,16384,0,16382,0,65536,65592,True
model.safetensors,value_embeds.1.weight,17728,32,512,16384,0,16381,0,65536,65588,True
model.safetensors,value_embeds.1.weight,17760,32,512,16384,0,16384,0,65536,65600,True
model.safetensors,value_embeds.1.weight,17792,32,512,16384,0,16381,0,65536,65588,True
model.safetensors,value_embeds.1.weight,17824,32,512,16384,0,16381,0,65536,65588,True
model.safetensors,value_embeds.1.weight,17856,32,512,16384,0,16384,0,65536,65600,True
model.safetensors,value_embeds.1.weight,17888,32,512,16384,0,16383,0,65536,65596,True
model.safetensors,value_embeds.1.weight,17920,32,512,16384,0,16383,0,65536,65596,True
model.safetensors,value_embeds.1.weight,17952,32,512,16384,0,16383,0,65536,65596,True
model.safetensors,value_embeds.1.weight,17984,32,512,16384,0,16381,0,65536,65588,True
model.safetensors,value_embeds.1.weight,18016,32,512,16384,0,16384,0,65536,65600,True
model.safetensors,value_embeds.1.weight,18048,32,512,16384,0,16381,0,65536,65588,True
model.safetensors,value_embeds.1.weight,18080,32,512,16384,0,16384,0,65536,65600,True
model.safetensors,value_embeds.1.weight,18112,32,512,16384,0,16383,0,65536,65596,True
model.safetensors,value_embeds.1.weight,18144,32,512,16384,0,16383,0,65536,65596,True
model.safetensors,value_embeds.1.weight,18176,32,512,16384,0,16381,0,65536,65588,True
model.safetensors,value_embeds.1.weight,18208,32,512,16384,0,16383,0,65536,65596,True
model.safetensors,value_embeds.1.weight,18240,32,512,16384,0,16382,0,65536,65592,True
model.safetensors,value_embeds.1.weight,18272,32,512,16384,0,16383,0,65536,65596,True
model.safetensors,value_embeds.1.weight,18304,32,512,16384,0,16383,0,65536,65596,True
model.safetensors,value_embeds.1.weight,18336,32,512,16384,0,16383,0,65536,65596,True
model.safetensors,value_embeds.1.weight,18368,32,512,16384,0,16383,0,65536,65596,True
model.safetensors,value_embeds.1.weight,18400,32,512,16384,0,16384,0,65536,65600,True
model.safetensors,value_embeds.1.weight,18432,32,512,16384,0,16382,0,65536,65592,True
model.safetensors,value_embeds.1.weight,18464,32,512,16384,0,16382,0,65536,65592,True
model.safetensors,value_embeds.1.weight,18496,32,512,16384,0,16383,0,65536,65596,True
model.safetensors,value_embeds.1.weight,18528,32,512,16384,0,16380,0,65536,65584,True
model.safetensors,value_embeds.1.weight,18560,32,512,16384,0,16383,0,65536,65596,True
model.safetensors,value_embeds.1.weight,18592,32,512,16384,0,16383,0,65536,65596,True
model.safetensors,value_embeds.1.weight,18624,32,512,16384,0,16384,0,65536,65600,True
model.safetensors,value_embeds.1.weight,18656,32,512,16384,0,16383,0,65536,65596,True
model.safetensors,value_embeds.1.weight,18688,32,512,16384,0,16382,0,65536,65592,True
model.safetensors,value_embeds.1.weight,18720,32,512,16384,0,16382,0,65536,65592,True
model.safetensors,value_embeds.1.weight,18752,32,512,16384,0,16382,0,65536,65592,True
model.safetensors,value_embeds.1.weight,18784,32,512,16384,0,16382,0,65536,65592,True
model.safetensors,value_embeds.1.weight,18816,32,512,16384,0,16380,0,65536,65584,True
model.safetensors,value_embeds.1.weight,18848,32,512,16384,0,16381,0,65536,65588,True
model.safetensors,value_embeds.1.weight,18880,32,512,16384,0,16382,0,65536,65592,True
model.safetensors,value_embeds.1.weight,18912,32,512,16384,0,16381,0,65536,65588,True
model.safetensors,value_embeds.1.weight,18944,32,512,16384,0,16381,0,65536,65588,True
model.safetensors,value_embeds.1.weight,18976,32,512,16384,0,16384,0,65536,65600,True
model.safetensors,value_embeds.1.weight,19008,32,512,16384,0,16381,0,65536,65588,True
model.safetensors,value_embeds.1.weight,19040,32,512,16384,0,16383,0,65536,65596,True
model.safetensors,value_embeds.1.weight,19072,32,512,16384,0,16383,0,65536,65596,True
model.safetensors,value_embeds.1.weight,19104,32,512,16384,0,16384,0,65536,65600,True
model.safetensors,value_embeds.1.weight,19136,32,512,16384,0,16383,0,65536,65596,True
model.safetensors,value_embeds.1.weight,19168,32,512,16384,0,16382,0,65536,65592,True
model.safetensors,value_embeds.1.weight,19200,32,512,16384,0,16378,0,65536,65576,True
model.safetensors,value_embeds.1.weight,19232,32,512,16384,0,16383,0,65536,65596,True
model.safetensors,value_embeds.1.weight,19264,32,512,16384,0,16382,0,65536,65592,True
model.safetensors,value_embeds.1.weight,19296,32,512,16384,0,16382,0,65536,65592,True
model.safetensors,value_embeds.1.weight,19328,32,512,16384,0,16380,0,65536,65584,True
model.safetensors,value_embeds.1.weight,19360,32,512,16384,0,16383,0,65536,65596,True
model.safetensors,value_embeds.1.weight,19392,32,512,16384,0,16381,0,65536,65588,True
model.safetensors,value_embeds.1.weight,19424,32,512,16384,0,16384,0,65536,65600,True
model.safetensors,value_embeds.1.weight,19456,32,512,16384,0,16381,0,65536,65588,True
model.safetensors,value_embeds.1.weight,19488,32,512,16384,0,16383,0,65536,65596,True
model.safetensors,value_embeds.1.weight,19520,32,512,16384,0,16383,0,65536,65596,True
model.safetensors,value_embeds.1.weight,19552,32,512,16384,0,16384,0,65536,65600,True
model.safetensors,value_embeds.1.weight,19584,32,512,16384,0,16384,0,65536,65600,True
model.safetensors,value_embeds.1.weight,19616,32,512,16384,0,16383,0,65536,65596,True
model.safetensors,value_embeds.1.weight,19648,32,512,16384,0,16383,0,65536,65596,True
model.safetensors,value_embeds.1.weight,19680,32,512,16384,0,16382,0,65536,65592,True
model.safetensors,value_embeds.1.weight,19712,32,512,16384,0,16382,0,65536,65592,True
model.safetensors,value_embeds.1.weight,19744,32,512,16384,0,16382,0,65536,65592,True
model.safetensors,value_embeds.1.weight,19776,32,512,16384,0,16384,0,65536,65600,True
model.safetensors,value_embeds.1.weight,19808,32,512,16384,0,16383,0,65536,65596,True
model.safetensors,value_embeds.1.weight,19840,32,512,16384,0,16381,0,65536,65588,True
model.safetensors,value_embeds.1.weight,19872,32,512,16384,0,16381,0,65536,65588,True
model.safetensors,value_embeds.1.weight,19904,32,512,16384,0,16383,0,65536,65596,True
model.safetensors,value_embeds.1.weight,19936,32,512,16384,0,16384,0,65536,65600,True
model.safetensors,value_embeds.1.weight,19968,32,512,16384,0,16381,0,65536,65588,True
model.safetensors,value_embeds.1.weight,20000,32,512,16384,0,16384,0,65536,65600,True
model.safetensors,value_embeds.1.weight,20032,32,512,16384,0,16382,0,65536,65592,True
model.safetensors,value_embeds.1.weight,20064,32,512,16384,0,16383,0,65536,65596,True
model.safetensors,value_embeds.1.weight,20096,32,512,16384,0,16382,0,65536,65592,True
model.safetensors,value_embeds.1.weight,20128,32,512,16384,0,16380,0,65536,65584,True
model.safetensors,value_embeds.1.weight,20160,32,512,16384,0,16382,0,65536,65592,True
model.safetensors,value_embeds.1.weight,20192,32,512,16384,0,16382,0,65536,65592,True
model.safetensors,value_embeds.1.weight,20224,32,512,16384,0,16380,0,65536,65584,True
model.safetensors,value_embeds.1.weight,20256,32,512,16384,0,16381,0,65536,65588,True
model.safetensors,value_embeds.1.weight,20288,32,512,16384,0,16381,0,65536,65588,True
model.safetensors,value_embeds.1.weight,20320,32,512,16384,0,16383,0,65536,65596,True
model.safetensors,value_embeds.1.weight,20352,32,512,16384,0,16382,0,65536,65592,True
model.safetensors,value_embeds.1.weight,20384,32,512,16384,0,16382,0,65536,65592,True
model.safetensors,value_embeds.1.weight,20416,32,512,16384,0,16381,0,65536,65588,True
model.safetensors,value_embeds.1.weight,20448,32,512,16384,0,16383,0,65536,65596,True
model.safetensors,value_embeds.1.weight,20480,32,512,16384,0,16381,0,65536,65588,True
model.safetensors,value_embeds.1.weight,20512,32,512,16384,0,16380,0,65536,65584,True
model.safetensors,value_embeds.1.weight,20544,32,512,16384,0,16382,0,65536,65592,True
model.safetensors,value_embeds.1.weight,20576,32,512,16384,0,16383,0,65536,65596,True
model.safetensors,value_embeds.1.weight,20608,32,512,16384,0,16381,0,65536,65588,True
model.safetensors,value_embeds.1.weight,20640,32,512,16384,0,16382,0,65536,65592,True
model.safetensors,value_embeds.1.weight,20672,32,512,16384,0,16384,0,65536,65600,True
model.safetensors,value_embeds.1.weight,20704,32,512,16384,0,16382,0,65536,65592,True
model.safetensors,value_embeds.1.weight,20736,32,512,16384,0,16384,0,65536,65600,True
model.safetensors,value_embeds.1.weight,20768,32,512,16384,0,16381,0,65536,65588,True
model.safetensors,value_embeds.1.weight,20800,32,512,16384,0,16382,0,65536,65592,True
model.safetensors,value_embeds.1.weight,20832,32,512,16384,0,16382,0,65536,65592,True
model.safetensors,value_embeds.1.weight,20864,32,512,16384,0,16382,0,65536,65592,True
model.safetensors,value_embeds.1.weight,20896,32,512,16384,0,16383,0,65536,65596,True
model.safetensors,value_embeds.1.weight,20928,32,512,16384,0,16383,0,65536,65596,True
model.safetensors,value_embeds.1.weight,20960,32,512,16384,0,16381,0,65536,65588,True
model.safetensors,value_embeds.1.weight,20992,32,512,16384,0,16384,0,65536,65600,True
model.safetensors,value_embeds.1.weight,21024,32,512,16384,0,16382,0,65536,65592,True
model.safetensors,value_embeds.1.weight,21056,32,512,16384,0,16383,0,65536,65596,True
model.safetensors,value_embeds.1.weight,21088,32,512,16384,0,16380,0,65536,65584,True
model.safetensors,value_embeds.1.weight,21120,32,512,16384,0,16379,0,65536,65580,True
model.safetensors,value_embeds.1.weight,21152,32,512,16384,0,16382,0,65536,65592,True
model.safetensors,value_embeds.1.weight,21184,32,512,16384,0,16383,0,65536,65596,True
model.safetensors,value_embeds.1.weight,21216,32,512,16384,0,16383,0,65536,65596,True
model.safetensors,value_embeds.1.weight,21248,32,512,16384,0,16382,0,65536,65592,True
model.safetensors,value_embeds.1.weight,21280,32,512,16384,0,16382,0,65536,65592,True
model.safetensors,value_embeds.1.weight,21312,32,512,16384,0,16381,0,65536,65588,True
model.safetensors,value_embeds.1.weight,21344,32,512,16384,0,16382,0,65536,65592,True
model.safetensors,value_embeds.1.weight,21376,32,512,16384,0,16382,0,65536,65592,True
model.safetensors,value_embeds.1.weight,21408,32,512,16384,0,16383,0,65536,65596,True
model.safetensors,value_embeds.1.weight,21440,32,512,16384,0,16382,0,65536,65592,True
model.safetensors,value_embeds.1.weight,21472,32,512,16384,0,16384,0,65536,65600,True
model.safetensors,value_embeds.1.weight,21504,32,512,16384,0,16382,0,65536,65592,True
model.safetensors,value_embeds.1.weight,21536,32,512,16384,0,16381,0,65536,65588,True
model.safetensors,value_embeds.1.weight,21568,32,512,16384,0,16379,0,65536,65580,True
model.safetensors,value_embeds.1.weight,21600,32,512,16384,0,16382,0,65536,65592,True
model.safetensors,value_embeds.1.weight,21632,32,512,16384,0,16383,0,65536,65596,True
model.safetensors,value_embeds.1.weight,21664,32,512,16384,0,16384,0,65536,65600,True
model.safetensors,value_embeds.1.weight,21696,32,512,16384,0,16382,0,65536,65592,True
model.safetensors,value_embeds.1.weight,21728,32,512,16384,0,16379,0,65536,65580,True
model.safetensors,value_embeds.1.weight,21760,32,512,16384,0,16382,0,65536,65592,True
model.safetensors,value_embeds.1.weight,21792,32,512,16384,0,16381,0,65536,65588,True
model.safetensors,value_embeds.1.weight,21824,32,512,16384,0,16381,0,65536,65588,True
model.safetensors,value_embeds.1.weight,21856,32,512,16384,0,16382,0,65536,65592,True
model.safetensors,value_embeds.1.weight,21888,32,512,16384,0,16381,0,65536,65588,True
model.safetensors,value_embeds.1.weight,21920,32,512,16384,0,16384,0,65536,65600,True
model.safetensors,value_embeds.1.weight,21952,32,512,16384,0,16383,0,65536,65596,True
model.safetensors,value_embeds.1.weight,21984,32,512,16384,0,16379,0,65536,65580,True
model.safetensors,value_embeds.1.weight,22016,32,512,16384,0,16383,0,65536,65596,True
model.safetensors,value_embeds.1.weight,22048,32,512,16384,0,16383,0,65536,65596,True
model.safetensors,value_embeds.1.weight,22080,32,512,16384,0,16382,0,65536,65592,True
model.safetensors,value_embeds.1.weight,22112,32,512,16384,0,16383,0,65536,65596,True
model.safetensors,value_embeds.1.weight,22144,32,512,16384,0,16382,0,65536,65592,True
model.safetensors,value_embeds.1.weight,22176,32,512,16384,0,16381,0,65536,65588,True
model.safetensors,value_embeds.1.weight,22208,32,512,16384,0,16382,0,65536,65592,True
model.safetensors,value_embeds.1.weight,22240,32,512,16384,0,16384,0,65536,65600,True
model.safetensors,value_embeds.1.weight,22272,32,512,16384,0,16383,0,65536,65596,True
model.safetensors,value_embeds.1.weight,22304,32,512,16384,0,16380,0,65536,65584,True
model.safetensors,value_embeds.1.weight,22336,32,512,16384,0,16380,0,65536,65584,True
model.safetensors,value_embeds.1.weight,22368,32,512,16384,0,16382,0,65536,65592,True
model.safetensors,value_embeds.1.weight,22400,32,512,16384,0,16383,0,65536,65596,True
model.safetensors,value_embeds.1.weight,22432,32,512,16384,0,16380,0,65536,65584,True
model.safetensors,value_embeds.1.weight,22464,32,512,16384,0,16382,0,65536,65592,True
model.safetensors,value_embeds.1.weight,22496,32,512,16384,0,16382,0,65536,65592,True
model.safetensors,value_embeds.1.weight,22528,32,512,16384,0,16384,0,65536,65600,True
model.safetensors,value_embeds.1.weight,22560,32,512,16384,0,16383,0,65536,65596,True
model.safetensors,value_embeds.1.weight,22592,32,512,16384,0,16381,0,65536,65588,True
model.safetensors,value_embeds.1.weight,22624,32,512,16384,0,16383,0,65536,65596,True
model.safetensors,value_embeds.1.weight,22656,32,512,16384,0,16384,0,65536,65600,True
model.safetensors,value_embeds.1.weight,22688,32,512,16384,0,16382,0,65536,65592,True
model.safetensors,value_embeds.1.weight,22720,32,512,16384,0,16382,0,65536,65592,True
model.safetensors,value_embeds.1.weight,22752,32,512,16384,0,16383,0,65536,65596,True
model.safetensors,value_embeds.1.weight,22784,32,512,16384,0,16380,0,65536,65584,True
model.safetensors,value_embeds.1.weight,22816,32,512,16384,0,16382,0,65536,65592,True
model.safetensors,value_embeds.1.weight,22848,32,512,16384,0,16382,0,65536,65592,True
model.safetensors,value_embeds.1.weight,22880,32,512,16384,0,16379,0,65536,65580,True
model.safetensors,value_embeds.1.weight,22912,32,512,16384,0,16382,0,65536,65592,True
model.safetensors,value_embeds.1.weight,22944,32,512,16384,0,16382,0,65536,65592,True
model.safetensors,value_embeds.1.weight,22976,32,512,16384,0,16383,0,65536,65596,True
model.safetensors,value_embeds.1.weight,23008,32,512,16384,0,16382,0,65536,65592,True
model.safetensors,value_embeds.1.weight,23040,32,512,16384,0,16382,0,65536,65592,True
model.safetensors,value_embeds.1.weight,23072,32,512,16384,0,16384,0,65536,65600,True
model.safetensors,value_embeds.1.weight,23104,32,512,16384,0,16382,0,65536,65592,True
model.safetensors,value_embeds.1.weight,23136,32,512,16384,0,16383,0,65536,65596,True
model.safetensors,value_embeds.1.weight,23168,32,512,16384,0,16380,0,65536,65584,True
model.safetensors,value_embeds.1.weight,23200,32,512,16384,0,16380,0,65536,65584,True
model.safetensors,value_embeds.1.weight,23232,32,512,16384,0,16382,0,65536,65592,True
model.safetensors,value_embeds.1.weight,23264,32,512,16384,0,16382,0,65536,65592,True
model.safetensors,value_embeds.1.weight,23296,32,512,16384,0,16383,0,65536,65596,True
model.safetensors,value_embeds.1.weight,23328,32,512,16384,0,16384,0,65536,65600,True
model.safetensors,value_embeds.1.weight,23360,32,512,16384,0,16381,0,65536,65588,True
model.safetensors,value_embeds.1.weight,23392,32,512,16384,0,16384,0,65536,65600,True
model.safetensors,value_embeds.1.weight,23424,32,512,16384,0,16381,0,65536,65588,True
model.safetensors,value_embeds.1.weight,23456,32,512,16384,0,16382,0,65536,65592,True
model.safetensors,value_embeds.1.weight,23488,32,512,16384,0,16382,0,65536,65592,True
model.safetensors,value_embeds.1.weight,23520,32,512,16384,0,16381,0,65536,65588,True
model.safetensors,value_embeds.1.weight,23552,32,512,16384,0,16383,0,65536,65596,True
model.safetensors,value_embeds.1.weight,23584,32,512,16384,0,16383,0,65536,65596,True
model.safetensors,value_embeds.1.weight,23616,32,512,16384,0,16382,0,65536,65592,True
model.safetensors,value_embeds.1.weight,23648,32,512,16384,0,16382,0,65536,65592,True
model.safetensors,value_embeds.1.weight,23680,32,512,16384,0,16383,0,65536,65596,True
model.safetensors,value_embeds.1.weight,23712,32,512,16384,0,16383,0,65536,65596,True
model.safetensors,value_embeds.1.weight,23744,32,512,16384,0,16384,0,65536,65600,True
model.safetensors,value_embeds.1.weight,23776,32,512,16384,0,16384,0,65536,65600,True
model.safetensors,value_embeds.1.weight,23808,32,512,16384,0,16383,0,65536,65596,True
model.safetensors,value_embeds.1.weight,23840,32,512,16384,0,16383,0,65536,65596,True
model.safetensors,value_embeds.1.weight,23872,32,512,16384,0,16381,0,65536,65588,True
model.safetensors,value_embeds.1.weight,23904,32,512,16384,0,16384,0,65536,65600,True
model.safetensors,value_embeds.1.weight,23936,32,512,16384,0,16381,0,65536,65588,True
model.safetensors,value_embeds.1.weight,23968,32,512,16384,0,16380,0,65536,65584,True
model.safetensors,value_embeds.1.weight,24000,32,512,16384,0,16384,0,65536,65600,True
model.safetensors,value_embeds.1.weight,24032,32,512,16384,0,16382,0,65536,65592,True
model.safetensors,value_embeds.1.weight,24064,32,512,16384,0,16383,0,65536,65596,True
model.safetensors,value_embeds.1.weight,24096,32,512,16384,0,16382,0,65536,65592,True
model.safetensors,value_embeds.1.weight,24128,32,512,16384,0,16381,0,65536,65588,True
model.safetensors,value_embeds.1.weight,24160,32,512,16384,0,16383,0,65536,65596,True
model.safetensors,value_embeds.1.weight,24192,32,512,16384,0,16382,0,65536,65592,True
model.safetensors,value_embeds.1.weight,24224,32,512,16384,0,16384,0,65536,65600,True
model.safetensors,value_embeds.1.weight,24256,32,512,16384,0,16380,0,65536,65584,True
model.safetensors,value_embeds.1.weight,24288,32,512,16384,0,16383,0,65536,65596,True
model.safetensors,value_embeds.1.weight,24320,32,512,16384,0,16384,0,65536,65600,True
model.safetensors,value_embeds.1.weight,24352,32,512,16384,0,16384,0,65536,65600,True
model.safetensors,value_embeds.1.weight,24384,32,512,16384,0,16381,0,65536,65588,True
model.safetensors,value_embeds.1.weight,24416,32,512,16384,0,16381,0,65536,65588,True
model.safetensors,value_embeds.1.weight,24448,32,512,16384,0,16381,0,65536,65588,True
model.safetensors,value_embeds.1.weight,24480,32,512,16384,0,16382,0,65536,65592,True
model.safetensors,value_embeds.1.weight,24512,32,512,16384,0,16384,0,65536,65600,True
model.safetensors,value_embeds.1.weight,24544,32,512,16384,0,16382,0,65536,65592,True
model.safetensors,value_embeds.1.weight,24576,32,512,16384,0,16383,0,65536,65596,True
model.safetensors,value_embeds.1.weight,24608,32,512,16384,0,16383,0,65536,65596,True
model.safetensors,value_embeds.1.weight,24640,32,512,16384,0,16383,0,65536,65596,True
model.safetensors,value_embeds.1.weight,24672,32,512,16384,0,16383,0,65536,65596,True
model.safetensors,value_embeds.1.weight,24704,32,512,16384,0,16382,0,65536,65592,True
model.safetensors,value_embeds.1.weight,24736,32,512,16384,0,16381,0,65536,65588,True
model.safetensors,value_embeds.1.weight,24768,32,512,16384,0,16383,0,65536,65596,True
model.safetensors,value_embeds.1.weight,24800,32,512,16384,0,16382,0,65536,65592,True
model.safetensors,value_embeds.1.weight,24832,32,512,16384,0,16382,0,65536,65592,True
model.safetensors,value_embeds.1.weight,24864,32,512,16384,0,16382,0,65536,65592,True
model.safetensors,value_embeds.1.weight,24896,32,512,16384,0,16377,0,65536,65572,True
model.safetensors,value_embeds.1.weight,24928,32,512,16384,0,16381,0,65536,65588,True
model.safetensors,value_embeds.1.weight,24960,32,512,16384,0,16382,0,65536,65592,True
model.safetensors,value_embeds.1.weight,24992,32,512,16384,0,16382,0,65536,65592,True
model.safetensors,value_embeds.1.weight,25024,32,512,16384,0,16380,0,65536,65584,True
model.safetensors,value_embeds.1.weight,25056,32,512,16384,0,16381,0,65536,65588,True
model.safetensors,value_embeds.1.weight,25088,32,512,16384,0,16383,0,65536,65596,True
model.safetensors,value_embeds.1.weight,25120,32,512,16384,0,16383,0,65536,65596,True
model.safetensors,value_embeds.1.weight,25152,32,512,16384,0,16380,0,65536,65584,True
model.safetensors,value_embeds.1.weight,25184,32,512,16384,0,16383,0,65536,65596,True
model.safetensors,value_embeds.1.weight,25216,32,512,16384,0,16383,0,65536,65596,True
model.safetensors,value_embeds.1.weight,25248,32,512,16384,0,16382,0,65536,65592,True
model.safetensors,value_embeds.1.weight,25280,32,512,16384,0,16383,0,65536,65596,True
model.safetensors,value_embeds.1.weight,25312,32,512,16384,0,16382,0,65536,65592,True
model.safetensors,value_embeds.1.weight,25344,32,512,16384,0,16380,0,65536,65584,True
model.safetensors,value_embeds.1.weight,25376,32,512,16384,0,16383,0,65536,65596,True
model.safetensors,value_embeds.1.weight,25408,32,512,16384,0,16383,0,65536,65596,True
model.safetensors,value_embeds.1.weight,25440,32,512,16384,0,16383,0,65536,65596,True
model.safetensors,value_embeds.1.weight,25472,32,512,16384,0,16380,0,65536,65584,True
model.safetensors,value_embeds.1.weight,25504,32,512,16384,0,16381,0,65536,65588,True
model.safetensors,value_embeds.1.weight,25536,32,512,16384,0,16382,0,65536,65592,True
model.safetensors,value_embeds.1.weight,25568,32,512,16384,0,16383,0,65536,65596,True
model.safetensors,value_embeds.1.weight,25600,32,512,16384,0,16382,0,65536,65592,True
model.safetensors,value_embeds.1.weight,25632,32,512,16384,0,16380,0,65536,65584,True
model.safetensors,value_embeds.1.weight,25664,32,512,16384,0,16380,0,65536,65584,True
model.safetensors,value_embeds.1.weight,25696,32,512,16384,0,16384,0,65536,65600,True
model.safetensors,value_embeds.1.weight,25728,32,512,16384,0,16384,0,65536,65600,True
model.safetensors,value_embeds.1.weight,25760,32,512,16384,0,16381,0,65536,65588,True
model.safetensors,value_embeds.1.weight,25792,32,512,16384,0,16383,0,65536,65596,True
model.safetensors,value_embeds.1.weight,25824,32,512,16384,0,16383,0,65536,65596,True
model.safetensors,value_embeds.1.weight,25856,32,512,16384,0,16384,0,65536,65600,True
model.safetensors,value_embeds.1.weight,25888,32,512,16384,0,16381,0,65536,65588,True
model.safetensors,value_embeds.1.weight,25920,32,512,16384,0,16382,0,65536,65592,True
model.safetensors,value_embeds.1.weight,25952,32,512,16384,0,16381,0,65536,65588,True
model.safetensors,value_embeds.1.weight,25984,32,512,16384,0,16383,0,65536,65596,True
model.safetensors,value_embeds.1.weight,26016,32,512,16384,0,16380,0,65536,65584,True
model.safetensors,value_embeds.1.weight,26048,32,512,16384,0,16381,0,65536,65588,True
model.safetensors,value_embeds.1.weight,26080,32,512,16384,0,16384,0,65536,65600,True
model.safetensors,value_embeds.1.weight,26112,32,512,16384,0,16381,0,65536,65588,True
model.safetensors,value_embeds.1.weight,26144,32,512,16384,0,16383,0,65536,65596,True
model.safetensors,value_embeds.1.weight,26176,32,512,16384,0,16383,0,65536,65596,True
model.safetensors,value_embeds.1.weight,26208,32,512,16384,0,16382,0,65536,65592,True
model.safetensors,value_embeds.1.weight,26240,32,512,16384,0,16382,0,65536,65592,True
model.safetensors,value_embeds.1.weight,26272,32,512,16384,0,16380,0,65536,65584,True
model.safetensors,value_embeds.1.weight,26304,32,512,16384,0,16383,0,65536,65596,True
model.safetensors,value_embeds.1.weight,26336,32,512,16384,0,16380,0,65536,65584,True
model.safetensors,value_embeds.1.weight,26368,32,512,16384,0,16380,0,65536,65584,True
model.safetensors,value_embeds.1.weight,26400,32,512,16384,0,16379,0,65536,65580,True
model.safetensors,value_embeds.1.weight,26432,32,512,16384,0,16381,0,65536,65588,True
model.safetensors,value_embeds.1.weight,26464,32,512,16384,0,16383,0,65536,65596,True
model.safetensors,value_embeds.1.weight,26496,32,512,16384,0,16383,0,65536,65596,True
model.safetensors,value_embeds.1.weight,26528,32,512,16384,0,16382,0,65536,65592,True
model.safetensors,value_embeds.1.weight,26560,32,512,16384,0,16384,0,65536,65600,True
model.safetensors,value_embeds.1.weight,26592,32,512,16384,0,16384,0,65536,65600,True
model.safetensors,value_embeds.1.weight,26624,32,512,16384,0,16384,0,65536,65600,True
model.safetensors,value_embeds.1.weight,26656,32,512,16384,0,16381,0,65536,65588,True
model.safetensors,value_embeds.1.weight,26688,32,512,16384,0,16382,0,65536,65592,True
model.safetensors,value_embeds.1.weight,26720,32,512,16384,0,16383,0,65536,65596,True
model.safetensors,value_embeds.1.weight,26752,32,512,16384,0,16380,0,65536,65584,True
model.safetensors,value_embeds.1.weight,26784,32,512,16384,0,16382,0,65536,65592,True
model.safetensors,value_embeds.1.weight,26816,32,512,16384,0,16382,0,65536,65592,True
model.safetensors,value_embeds.1.weight,26848,32,512,16384,0,16382,0,65536,65592,True
model.safetensors,value_embeds.1.weight,26880,32,512,16384,0,16384,0,65536,65600,True
model.safetensors,value_embeds.1.weight,26912,32,512,16384,0,16383,0,65536,65596,True
model.safetensors,value_embeds.1.weight,26944,32,512,16384,0,16381,0,65536,65588,True
model.safetensors,value_embeds.1.weight,26976,32,512,16384,0,16383,0,65536,65596,True
model.safetensors,value_embeds.1.weight,27008,32,512,16384,0,16381,0,65536,65588,True
model.safetensors,value_embeds.1.weight,27040,32,512,16384,0,16381,0,65536,65588,True
model.safetensors,value_embeds.1.weight,27072,32,512,16384,0,16382,0,65536,65592,True
model.safetensors,value_embeds.1.weight,27104,32,512,16384,0,16381,0,65536,65588,True
model.safetensors,value_embeds.1.weight,27136,32,512,16384,0,16383,0,65536,65596,True
model.safetensors,value_embeds.1.weight,27168,32,512,16384,0,16382,0,65536,65592,True
model.safetensors,value_embeds.1.weight,27200,32,512,16384,0,16383,0,65536,65596,True
model.safetensors,value_embeds.1.weight,27232,32,512,16384,0,16382,0,65536,65592,True
model.safetensors,value_embeds.1.weight,27264,32,512,16384,0,16383,0,65536,65596,True
model.safetensors,value_embeds.1.weight,27296,32,512,16384,0,16381,0,65536,65588,True
model.safetensors,value_embeds.1.weight,27328,32,512,16384,0,16383,0,65536,65596,True
model.safetensors,value_embeds.1.weight,27360,32,512,16384,0,16381,0,65536,65588,True
model.safetensors,value_embeds.1.weight,27392,32,512,16384,0,16381,0,65536,65588,True
model.safetensors,value_embeds.1.weight,27424,32,512,16384,0,16383,0,65536,65596,True
model.safetensors,value_embeds.1.weight,27456,32,512,16384,0,16382,0,65536,65592,True
model.safetensors,value_embeds.1.weight,27488,32,512,16384,0,16381,0,65536,65588,True
model.safetensors,value_embeds.1.weight,27520,32,512,16384,0,16384,0,65536,65600,True
model.safetensors,value_embeds.1.weight,27552,32,512,16384,0,16380,0,65536,65584,True
model.safetensors,value_embeds.1.weight,27584,32,512,16384,0,16381,0,65536,65588,True
model.safetensors,value_embeds.1.weight,27616,32,512,16384,0,16381,0,65536,65588,True
model.safetensors,value_embeds.1.weight,27648,32,512,16384,0,16382,0,65536,65592,True
model.safetensors,value_embeds.1.weight,27680,32,512,16384,0,16383,0,65536,65596,True
model.safetensors,value_embeds.1.weight,27712,32,512,16384,0,16383,0,65536,65596,True
model.safetensors,value_embeds.1.weight,27744,32,512,16384,0,16383,0,65536,65596,True
model.safetensors,value_embeds.1.weight,27776,32,512,16384,0,16384,0,65536,65600,True
model.safetensors,value_embeds.1.weight,27808,32,512,16384,0,16381,0,65536,65588,True
model.safetensors,value_embeds.1.weight,27840,32,512,16384,0,16382,0,65536,65592,True
model.safetensors,value_embeds.1.weight,27872,32,512,16384,0,16383,0,65536,65596,True
model.safetensors,value_embeds.1.weight,27904,32,512,16384,0,16381,0,65536,65588,True
model.safetensors,value_embeds.1.weight,27936,32,512,16384,0,16379,0,65536,65580,True
model.safetensors,value_embeds.1.weight,27968,32,512,16384,0,16383,0,65536,65596,True
model.safetensors,value_embeds.1.weight,28000,32,512,16384,0,16381,0,65536,65588,True
model.safetensors,value_embeds.1.weight,28032,32,512,16384,0,16384,0,65536,65600,True
model.safetensors,value_embeds.1.weight,28064,32,512,16384,0,16382,0,65536,65592,True
model.safetensors,value_embeds.1.weight,28096,32,512,16384,0,16381,0,65536,65588,True
model.safetensors,value_embeds.1.weight,28128,32,512,16384,0,16384,0,65536,65600,True
model.safetensors,value_embeds.1.weight,28160,32,512,16384,0,16384,0,65536,65600,True
model.safetensors,value_embeds.1.weight,28192,32,512,16384,0,16384,0,65536,65600,True
model.safetensors,value_embeds.1.weight,28224,32,512,16384,0,16379,0,65536,65580,True
model.safetensors,value_embeds.1.weight,28256,32,512,16384,0,16382,0,65536,65592,True
model.safetensors,value_embeds.1.weight,28288,32,512,16384,0,16383,0,65536,65596,True
model.safetensors,value_embeds.1.weight,28320,32,512,16384,0,16383,0,65536,65596,True
model.safetensors,value_embeds.1.weight,28352,32,512,16384,0,16383,0,65536,65596,True
model.safetensors,value_embeds.1.weight,28384,32,512,16384,0,16381,0,65536,65588,True
model.safetensors,value_embeds.1.weight,28416,32,512,16384,0,16384,0,65536,65600,True
model.safetensors,value_embeds.1.weight,28448,32,512,16384,0,16382,0,65536,65592,True
model.safetensors,value_embeds.1.weight,28480,32,512,16384,0,16383,0,65536,65596,True
model.safetensors,value_embeds.1.weight,28512,32,512,16384,0,16381,0,65536,65588,True
model.safetensors,value_embeds.1.weight,28544,32,512,16384,0,16382,0,65536,65592,True
model.safetensors,value_embeds.1.weight,28576,32,512,16384,0,16382,0,65536,65592,True
model.safetensors,value_embeds.1.weight,28608,32,512,16384,0,16384,0,65536,65600,True
model.safetensors,value_embeds.1.weight,28640,32,512,16384,0,16382,0,65536,65592,True
model.safetensors,value_embeds.1.weight,28672,32,512,16384,0,16383,0,65536,65596,True
model.safetensors,value_embeds.1.weight,28704,32,512,16384,0,16384,0,65536,65600,True
model.safetensors,value_embeds.1.weight,28736,32,512,16384,0,16382,0,65536,65592,True
model.safetensors,value_embeds.1.weight,28768,32,512,16384,0,16382,0,65536,65592,True
model.safetensors,value_embeds.1.weight,28800,32,512,16384,0,16384,0,65536,65600,True
model.safetensors,value_embeds.1.weight,28832,32,512,16384,0,16383,0,65536,65596,True
model.safetensors,value_embeds.1.weight,28864,32,512,16384,0,16379,0,65536,65580,True
model.safetensors,value_embeds.1.weight,28896,32,512,16384,0,16381,0,65536,65588,True
model.safetensors,value_embeds.1.weight,28928,32,512,16384,0,16380,0,65536,65584,True
model.safetensors,value_embeds.1.weight,28960,32,512,16384,0,16382,0,65536,65592,True
model.safetensors,value_embeds.1.weight,28992,32,512,16384,0,16382,0,65536,65592,True
model.safetensors,value_embeds.1.weight,29024,32,512,16384,0,16381,0,65536,65588,True
model.safetensors,value_embeds.1.weight,29056,32,512,16384,0,16383,0,65536,65596,True
model.safetensors,value_embeds.1.weight,29088,32,512,16384,0,16380,0,65536,65584,True
model.safetensors,value_embeds.1.weight,29120,32,512,16384,0,16382,0,65536,65592,True
model.safetensors,value_embeds.1.weight,29152,32,512,16384,0,16382,0,65536,65592,True
model.safetensors,value_embeds.1.weight,29184,32,512,16384,0,16382,0,65536,65592,True
model.safetensors,value_embeds.1.weight,29216,32,512,16384,0,16382,0,65536,65592,True
model.safetensors,value_embeds.1.weight,29248,32,512,16384,0,16383,0,65536,65596,True
model.safetensors,value_embeds.1.weight,29280,32,512,16384,0,16384,0,65536,65600,True
model.safetensors,value_embeds.1.weight,29312,32,512,16384,0,16383,0,65536,65596,True
model.safetensors,value_embeds.1.weight,29344,32,512,16384,0,16383,0,65536,65596,True
model.safetensors,value_embeds.1.weight,29376,32,512,16384,0,16382,0,65536,65592,True
model.safetensors,value_embeds.1.weight,29408,32,512,16384,0,16382,0,65536,65592,True
model.safetensors,value_embeds.1.weight,29440,32,512,16384,0,16379,0,65536,65580,True
model.safetensors,value_embeds.1.weight,29472,32,512,16384,0,16381,0,65536,65588,True
model.safetensors,value_embeds.1.weight,29504,32,512,16384,0,16380,0,65536,65584,True
model.safetensors,value_embeds.1.weight,29536,32,512,16384,0,16382,0,65536,65592,True
model.safetensors,value_embeds.1.weight,29568,32,512,16384,0,16382,0,65536,65592,True
model.safetensors,value_embeds.1.weight,29600,32,512,16384,0,16381,0,65536,65588,True
model.safetensors,value_embeds.1.weight,29632,32,512,16384,0,16382,0,65536,65592,True
model.safetensors,value_embeds.1.weight,29664,32,512,16384,0,16383,0,65536,65596,True
model.safetensors,value_embeds.1.weight,29696,32,512,16384,0,16381,0,65536,65588,True
model.safetensors,value_embeds.1.weight,29728,32,512,16384,0,16383,0,65536,65596,True
model.safetensors,value_embeds.1.weight,29760,32,512,16384,0,16383,0,65536,65596,True
model.safetensors,value_embeds.1.weight,29792,32,512,16384,0,16382,0,65536,65592,True
model.safetensors,value_embeds.1.weight,29824,32,512,16384,0,16383,0,65536,65596,True
model.safetensors,value_embeds.1.weight,29856,32,512,16384,0,16383,0,65536,65596,True
model.safetensors,value_embeds.1.weight,29888,32,512,16384,0,16384,0,65536,65600,True
model.safetensors,value_embeds.1.weight,29920,32,512,16384,0,16382,0,65536,65592,True
model.safetensors,value_embeds.1.weight,29952,32,512,16384,0,16379,0,65536,65580,True
model.safetensors,value_embeds.1.weight,29984,32,512,16384,0,16384,0,65536,65600,True
model.safetensors,value_embeds.1.weight,30016,32,512,16384,0,16384,0,65536,65600,True
model.safetensors,value_embeds.1.weight,30048,32,512,16384,0,16383,0,65536,65596,True
model.safetensors,value_embeds.1.weight,30080,32,512,16384,0,16381,0,65536,65588,True
model.safetensors,value_embeds.1.weight,30112,32,512,16384,0,16382,0,65536,65592,True
model.safetensors,value_embeds.1.weight,30144,32,512,16384,0,16381,0,65536,65588,True
model.safetensors,value_embeds.1.weight,30176,32,512,16384,0,16381,0,65536,65588,True
model.safetensors,value_embeds.1.weight,30208,32,512,16384,0,16380,0,65536,65584,True
model.safetensors,value_embeds.1.weight,30240,32,512,16384,0,16381,0,65536,65588,True
model.safetensors,value_embeds.1.weight,30272,32,512,16384,0,16384,0,65536,65600,True
model.safetensors,value_embeds.1.weight,30304,32,512,16384,0,16383,0,65536,65596,True
model.safetensors,value_embeds.1.weight,30336,32,512,16384,0,16383,0,65536,65596,True
model.safetensors,value_embeds.1.weight,30368,32,512,16384,0,16383,0,65536,65596,True
model.safetensors,value_embeds.1.weight,30400,32,512,16384,0,16384,0,65536,65600,True
model.safetensors,value_embeds.1.weight,30432,32,512,16384,0,16383,0,65536,65596,True
model.safetensors,value_embeds.1.weight,30464,32,512,16384,0,16382,0,65536,65592,True
model.safetensors,value_embeds.1.weight,30496,32,512,16384,0,16381,0,65536,65588,True
model.safetensors,value_embeds.1.weight,30528,32,512,16384,0,16383,0,65536,65596,True
model.safetensors,value_embeds.1.weight,30560,32,512,16384,0,16382,0,65536,65592,True
model.safetensors,value_embeds.1.weight,30592,32,512,16384,0,16384,0,65536,65600,True
model.safetensors,value_embeds.1.weight,30624,32,512,16384,0,16382,0,65536,65592,True
model.safetensors,value_embeds.1.weight,30656,32,512,16384,0,16384,0,65536,65600,True
model.safetensors,value_embeds.1.weight,30688,32,512,16384,0,16380,0,65536,65584,True
model.safetensors,value_embeds.1.weight,30720,32,512,16384,0,16382,0,65536,65592,True
model.safetensors,value_embeds.1.weight,30752,32,512,16384,0,16384,0,65536,65600,True
model.safetensors,value_embeds.1.weight,30784,32,512,16384,0,16382,0,65536,65592,True
model.safetensors,value_embeds.1.weight,30816,32,512,16384,0,16380,0,65536,65584,True
model.safetensors,value_embeds.1.weight,30848,32,512,16384,0,16379,0,65536,65580,True
model.safetensors,value_embeds.1.weight,30880,32,512,16384,0,16382,0,65536,65592,True
model.safetensors,value_embeds.1.weight,30912,32,512,16384,0,16380,0,65536,65584,True
model.safetensors,value_embeds.1.weight,30944,32,512,16384,0,16379,0,65536,65580,True
model.safetensors,value_embeds.1.weight,30976,32,512,16384,0,16382,0,65536,65592,True
model.safetensors,value_embeds.1.weight,31008,32,512,16384,0,16382,0,65536,65592,True
model.safetensors,value_embeds.1.weight,31040,32,512,16384,0,16383,0,65536,65596,True
model.safetensors,value_embeds.1.weight,31072,32,512,16384,0,16379,0,65536,65580,True
model.safetensors,value_embeds.1.weight,31104,32,512,16384,0,16384,0,65536,65600,True
model.safetensors,value_embeds.1.weight,31136,32,512,16384,0,16381,0,65536,65588,True
model.safetensors,value_embeds.1.weight,31168,32,512,16384,0,16382,0,65536,65592,True
model.safetensors,value_embeds.1.weight,31200,32,512,16384,0,16383,0,65536,65596,True
model.safetensors,value_embeds.1.weight,31232,32,512,16384,0,16382,0,65536,65592,True
model.safetensors,value_embeds.1.weight,31264,32,512,16384,0,16382,0,65536,65592,True
model.safetensors,value_embeds.1.weight,31296,32,512,16384,0,16381,0,65536,65588,True
model.safetensors,value_embeds.1.weight,31328,32,512,16384,0,16381,0,65536,65588,True
model.safetensors,value_embeds.1.weight,31360,32,512,16384,0,16384,0,65536,65600,True
model.safetensors,value_embeds.1.weight,31392,32,512,16384,0,16383,0,65536,65596,True
model.safetensors,value_embeds.1.weight,31424,32,512,16384,0,16383,0,65536,65596,True
model.safetensors,value_embeds.1.weight,31456,32,512,16384,0,16382,0,65536,65592,True
model.safetensors,value_embeds.1.weight,31488,32,512,16384,0,16382,0,65536,65592,True
model.safetensors,value_embeds.1.weight,31520,32,512,16384,0,16380,0,65536,65584,True
model.safetensors,value_embeds.1.weight,31552,32,512,16384,0,16381,0,65536,65588,True
model.safetensors,value_embeds.1.weight,31584,32,512,16384,0,16381,0,65536,65588,True
model.safetensors,value_embeds.1.weight,31616,32,512,16384,0,16380,0,65536,65584,True
model.safetensors,value_embeds.1.weight,31648,32,512,16384,0,16384,0,65536,65600,True
model.safetensors,value_embeds.1.weight,31680,32,512,16384,0,16381,0,65536,65588,True
model.safetensors,value_embeds.1.weight,31712,32,512,16384,0,16381,0,65536,65588,True
model.safetensors,value_embeds.1.weight,31744,32,512,16384,0,16381,0,65536,65588,True
model.safetensors,value_embeds.1.weight,31776,32,512,16384,0,16379,0,65536,65580,True
model.safetensors,value_embeds.1.weight,31808,32,512,16384,0,16382,0,65536,65592,True
model.safetensors,value_embeds.1.weight,31840,32,512,16384,0,16380,0,65536,65584,True
model.safetensors,value_embeds.1.weight,31872,32,512,16384,0,16382,0,65536,65592,True
model.safetensors,value_embeds.1.weight,31904,32,512,16384,0,16384,0,65536,65600,True
model.safetensors,value_embeds.1.weight,31936,32,512,16384,0,16382,0,65536,65592,True
model.safetensors,value_embeds.1.weight,31968,32,512,16384,0,16379,0,65536,65580,True
model.safetensors,value_embeds.1.weight,32000,32,512,16384,0,16384,0,65536,65600,True
model.safetensors,value_embeds.1.weight,32032,32,512,16384,0,16378,0,65536,65576,True
model.safetensors,value_embeds.1.weight,32064,32,512,16384,0,16383,0,65536,65596,True
model.safetensors,value_embeds.1.weight,32096,32,512,16384,0,16381,0,65536,65588,True
model.safetensors,value_embeds.1.weight,32128,32,512,16384,0,16381,0,65536,65588,True
model.safetensors,value_embeds.1.weight,32160,32,512,16384,0,16382,0,65536,65592,True
model.safetensors,value_embeds.1.weight,32192,32,512,16384,0,16382,0,65536,65592,True
model.safetensors,value_embeds.1.weight,32224,32,512,16384,0,16383,0,65536,65596,True
model.safetensors,value_embeds.1.weight,32256,32,512,16384,0,16381,0,65536,65588,True
model.safetensors,value_embeds.1.weight,32288,32,512,16384,0,16380,0,65536,65584,True
model.safetensors,value_embeds.1.weight,32320,32,512,16384,0,16384,0,65536,65600,True
model.safetensors,value_embeds.1.weight,32352,32,512,16384,0,16382,0,65536,65592,True
model.safetensors,value_embeds.1.weight,32384,32,512,16384,0,16379,0,65536,65580,True
model.safetensors,value_embeds.1.weight,32416,32,512,16384,0,16382,0,65536,65592,True
model.safetensors,value_embeds.1.weight,32448,32,512,16384,0,16383,0,65536,65596,True
model.safetensors,value_embeds.1.weight,32480,32,512,16384,0,16379,0,65536,65580,True
model.safetensors,value_embeds.1.weight,32512,32,512,16384,0,16381,0,65536,65588,True
model.safetensors,value_embeds.1.weight,32544,32,512,16384,0,16384,0,65536,65600,True
model.safetensors,value_embeds.1.weight,32576,32,512,16384,0,16382,0,65536,65592,True
model.safetensors,value_embeds.1.weight,32608,32,512,16384,0,16383,0,65536,65596,True
model.safetensors,value_embeds.1.weight,32640,32,512,16384,0,16379,0,65536,65580,True
model.safetensors,value_embeds.1.weight,32672,32,512,16384,0,16384,0,65536,65600,True
model.safetensors,value_embeds.1.weight,32704,32,512,16384,0,16381,0,65536,65588,True
model.safetensors,value_embeds.1.weight,32736,32,512,16384,0,16379,0,65536,65580,True
model.safetensors,value_embeds.3.weight,0,32,512,16384,0,16379,0,65536,65580,True
model.safetensors,value_embeds.3.weight,32,32,512,16384,0,16383,0,65536,65596,True
model.safetensors,value_embeds.3.weight,64,32,512,16384,0,16383,0,65536,65596,True
model.safetensors,value_embeds.3.weight,96,32,512,16384,0,16381,0,65536,65588,True
model.safetensors,value_embeds.3.weight,128,32,512,16384,0,16381,0,65536,65588,True
model.safetensors,value_embeds.3.weight,160,32,512,16384,0,16384,0,65536,65600,True
model.safetensors,value_embeds.3.weight,192,32,512,16384,0,16382,0,65536,65592,True
model.safetensors,value_embeds.3.weight,224,32,512,16384,0,16379,0,65536,65580,True
model.safetensors,value_embeds.3.weight,256,32,512,16384,0,16383,0,65536,65596,True
model.safetensors,value_embeds.3.weight,288,32,512,16384,0,16384,0,65536,65600,True
model.safetensors,value_embeds.3.weight,320,32,512,16384,0,16380,0,65536,65584,True
model.safetensors,value_embeds.3.weight,352,32,512,16384,0,16384,0,65536,65600,True
model.safetensors,value_embeds.3.weight,384,32,512,16384,0,16379,0,65536,65580,True
model.safetensors,value_embeds.3.weight,416,32,512,16384,0,16383,0,65536,65596,True
model.safetensors,value_embeds.3.weight,448,32,512,16384,0,16383,0,65536,65596,True
model.safetensors,value_embeds.3.weight,480,32,512,16384,0,16383,0,65536,65596,True
model.safetensors,value_embeds.3.weight,512,32,512,16384,0,16383,0,65536,65596,True
model.safetensors,value_embeds.3.weight,544,32,512,16384,0,16383,0,65536,65596,True
model.safetensors,value_embeds.3.weight,576,32,512,16384,0,16383,0,65536,65596,True
model.safetensors,value_embeds.3.weight,608,32,512,16384,0,16384,0,65536,65600,True
model.safetensors,value_embeds.3.weight,640,32,512,16384,0,16382,0,65536,65592,True
model.safetensors,value_embeds.3.weight,672,32,512,16384,0,16382,0,65536,65592,True
model.safetensors,value_embeds.3.weight,704,32,512,16384,0,16383,0,65536,65596,True
model.safetensors,value_embeds.3.weight,736,32,512,16384,0,16380,0,65536,65584,True
model.safetensors,value_embeds.3.weight,768,32,512,16384,0,16384,0,65536,65600,True
model.safetensors,value_embeds.3.weight,800,32,512,16384,0,16383,0,65536,65596,True
model.safetensors,value_embeds.3.weight,832,32,512,16384,0,16381,0,65536,65588,True
model.safetensors,value_embeds.3.weight,864,32,512,16384,0,16383,0,65536,65596,True
model.safetensors,value_embeds.3.weight,896,32,512,16384,0,16383,0,65536,65596,True
model.safetensors,value_embeds.3.weight,928,32,512,16384,0,16382,0,65536,65592,True
model.safetensors,value_embeds.3.weight,960,32,512,16384,0,16382,0,65536,65592,True
model.safetensors,value_embeds.3.weight,992,32,512,16384,0,16381,0,65536,65588,True
model.safetensors,value_embeds.3.weight,1024,32,512,16384,0,16384,0,65536,65600,True
model.safetensors,value_embeds.3.weight,1056,32,512,16384,0,16379,0,65536,65580,True
model.safetensors,value_embeds.3.weight,1088,32,512,16384,0,16382,0,65536,65592,True
model.safetensors,value_embeds.3.weight,1120,32,512,16384,0,16384,0,65536,65600,True
model.safetensors,value_embeds.3.weight,1152,32,512,16384,0,16381,0,65536,65588,True
model.safetensors,value_embeds.3.weight,1184,32,512,16384,0,16382,0,65536,65592,True
model.safetensors,value_embeds.3.weight,1216,32,512,16384,0,16383,0,65536,65596,True
model.safetensors,value_embeds.3.weight,1248,32,512,16384,0,16381,0,65536,65588,True
model.safetensors,value_embeds.3.weight,1280,32,512,16384,0,16383,0,65536,65596,True
model.safetensors,value_embeds.3.weight,1312,32,512,16384,0,16383,0,65536,65596,True
model.safetensors,value_embeds.3.weight,1344,32,512,16384,0,16381,0,65536,65588,True
model.safetensors,value_embeds.3.weight,1376,32,512,16384,0,16384,0,65536,65600,True
model.safetensors,value_embeds.3.weight,1408,32,512,16384,0,16377,0,65536,65572,True
model.safetensors,value_embeds.3.weight,1440,32,512,16384,0,16381,0,65536,65588,True
model.safetensors,value_embeds.3.weight,1472,32,512,16384,0,16382,0,65536,65592,True
model.safetensors,value_embeds.3.weight,1504,32,512,16384,0,16383,0,65536,65596,True
model.safetensors,value_embeds.3.weight,1536,32,512,16384,0,16383,0,65536,65596,True
model.safetensors,value_embeds.3.weight,1568,32,512,16384,0,16381,0,65536,65588,True
model.safetensors,value_embeds.3.weight,1600,32,512,16384,0,16379,0,65536,65580,True
model.safetensors,value_embeds.3.weight,1632,32,512,16384,0,16380,0,65536,65584,True
model.safetensors,value_embeds.3.weight,1664,32,512,16384,0,16381,0,65536,65588,True
model.safetensors,value_embeds.3.weight,1696,32,512,16384,0,16381,0,65536,65588,True
model.safetensors,value_embeds.3.weight,1728,32,512,16384,0,16384,0,65536,65600,True
model.safetensors,value_embeds.3.weight,1760,32,512,16384,0,16382,0,65536,65592,True
model.safetensors,value_embeds.3.weight,1792,32,512,16384,0,16382,0,65536,65592,True
model.safetensors,value_embeds.3.weight,1824,32,512,16384,0,16380,0,65536,65584,True
model.safetensors,value_embeds.3.weight,1856,32,512,16384,0,16382,0,65536,65592,True
model.safetensors,value_embeds.3.weight,1888,32,512,16384,0,16383,0,65536,65596,True
model.safetensors,value_embeds.3.weight,1920,32,512,16384,0,16383,0,65536,65596,True
model.safetensors,value_embeds.3.weight,1952,32,512,16384,0,16384,0,65536,65600,True
model.safetensors,value_embeds.3.weight,1984,32,512,16384,0,16383,0,65536,65596,True
model.safetensors,value_embeds.3.weight,2016,32,512,16384,0,16383,0,65536,65596,True
model.safetensors,value_embeds.3.weight,2048,32,512,16384,0,16383,0,65536,65596,True
model.safetensors,value_embeds.3.weight,2080,32,512,16384,0,16382,0,65536,65592,True
model.safetensors,value_embeds.3.weight,2112,32,512,16384,0,16384,0,65536,65600,True
model.safetensors,value_embeds.3.weight,2144,32,512,16384,0,16382,0,65536,65592,True
model.safetensors,value_embeds.3.weight,2176,32,512,16384,0,16383,0,65536,65596,True
model.safetensors,value_embeds.3.weight,2208,32,512,16384,0,16381,0,65536,65588,True
model.safetensors,value_embeds.3.weight,2240,32,512,16384,0,16381,0,65536,65588,True
model.safetensors,value_embeds.3.weight,2272,32,512,16384,0,16382,0,65536,65592,True
model.safetensors,value_embeds.3.weight,2304,32,512,16384,0,16384,0,65536,65600,True
model.safetensors,value_embeds.3.weight,2336,32,512,16384,0,16382,0,65536,65592,True
model.safetensors,value_embeds.3.weight,2368,32,512,16384,0,16383,0,65536,65596,True
model.safetensors,value_embeds.3.weight,2400,32,512,16384,0,16383,0,65536,65596,True
model.safetensors,value_embeds.3.weight,2432,32,512,16384,0,16381,0,65536,65588,True
model.safetensors,value_embeds.3.weight,2464,32,512,16384,0,16384,0,65536,65600,True
model.safetensors,value_embeds.3.weight,2496,32,512,16384,0,16383,0,65536,65596,True
model.safetensors,value_embeds.3.weight,2528,32,512,16384,0,16382,0,65536,65592,True
model.safetensors,value_embeds.3.weight,2560,32,512,16384,0,16384,0,65536,65600,True
model.safetensors,value_embeds.3.weight,2592,32,512,16384,0,16383,0,65536,65596,True
model.safetensors,value_embeds.3.weight,2624,32,512,16384,0,16382,0,65536,65592,True
model.safetensors,value_embeds.3.weight,2656,32,512,16384,0,16381,0,65536,65588,True
model.safetensors,value_embeds.3.weight,2688,32,512,16384,0,16382,0,65536,65592,True
model.safetensors,value_embeds.3.weight,2720,32,512,16384,0,16384,0,65536,65600,True
model.safetensors,value_embeds.3.weight,2752,32,512,16384,0,16382,0,65536,65592,True
model.safetensors,value_embeds.3.weight,2784,32,512,16384,0,16380,0,65536,65584,True
model.safetensors,value_embeds.3.weight,2816,32,512,16384,0,16382,0,65536,65592,True
model.safetensors,value_embeds.3.weight,2848,32,512,16384,0,16384,0,65536,65600,True
model.safetensors,value_embeds.3.weight,2880,32,512,16384,0,16381,0,65536,65588,True
model.safetensors,value_embeds.3.weight,2912,32,512,16384,0,16383,0,65536,65596,True
model.safetensors,value_embeds.3.weight,2944,32,512,16384,0,16380,0,65536,65584,True
model.safetensors,value_embeds.3.weight,2976,32,512,16384,0,16384,0,65536,65600,True
model.safetensors,value_embeds.3.weight,3008,32,512,16384,0,16383,0,65536,65596,True
model.safetensors,value_embeds.3.weight,3040,32,512,16384,0,16384,0,65536,65600,True
model.safetensors,value_embeds.3.weight,3072,32,512,16384,0,16383,0,65536,65596,True
model.safetensors,value_embeds.3.weight,3104,32,512,16384,0,16379,0,65536,65580,True
model.safetensors,value_embeds.3.weight,3136,32,512,16384,0,16383,0,65536,65596,True
model.safetensors,value_embeds.3.weight,3168,32,512,16384,0,16381,0,65536,65588,True
model.safetensors,value_embeds.3.weight,3200,32,512,16384,0,16382,0,65536,65592,True
model.safetensors,value_embeds.3.weight,3232,32,512,16384,0,16381,0,65536,65588,True
model.safetensors,value_embeds.3.weight,3264,32,512,16384,0,16381,0,65536,65588,True
model.safetensors,value_embeds.3.weight,3296,32,512,16384,0,16382,0,65536,65592,True
model.safetensors,value_embeds.3.weight,3328,32,512,16384,0,16384,0,65536,65600,True
model.safetensors,value_embeds.3.weight,3360,32,512,16384,0,16382,0,65536,65592,True
model.safetensors,value_embeds.3.weight,3392,32,512,16384,0,16382,0,65536,65592,True
model.safetensors,value_embeds.3.weight,3424,32,512,16384,0,16383,0,65536,65596,True
model.safetensors,value_embeds.3.weight,3456,32,512,16384,0,16384,0,65536,65600,True
model.safetensors,value_embeds.3.weight,3488,32,512,16384,0,16381,0,65536,65588,True
model.safetensors,value_embeds.3.weight,3520,32,512,16384,0,16380,0,65536,65584,True
model.safetensors,value_embeds.3.weight,3552,32,512,16384,0,16380,0,65536,65584,True
model.safetensors,value_embeds.3.weight,3584,32,512,16384,0,16383,0,65536,65596,True
model.safetensors,value_embeds.3.weight,3616,32,512,16384,0,16381,0,65536,65588,True
model.safetensors,value_embeds.3.weight,3648,32,512,16384,0,16382,0,65536,65592,True
model.safetensors,value_embeds.3.weight,3680,32,512,16384,0,16384,0,65536,65600,True
model.safetensors,value_embeds.3.weight,3712,32,512,16384,0,16383,0,65536,65596,True
model.safetensors,value_embeds.3.weight,3744,32,512,16384,0,16384,0,65536,65600,True
model.safetensors,value_embeds.3.weight,3776,32,512,16384,0,16384,0,65536,65600,True
model.safetensors,value_embeds.3.weight,3808,32,512,16384,0,16382,0,65536,65592,True
model.safetensors,value_embeds.3.weight,3840,32,512,16384,0,16383,0,65536,65596,True
model.safetensors,value_embeds.3.weight,3872,32,512,16384,0,16381,0,65536,65588,True
model.safetensors,value_embeds.3.weight,3904,32,512,16384,0,16382,0,65536,65592,True
model.safetensors,value_embeds.3.weight,3936,32,512,16384,0,16383,0,65536,65596,True
model.safetensors,value_embeds.3.weight,3968,32,512,16384,0,16382,0,65536,65592,True
model.safetensors,value_embeds.3.weight,4000,32,512,16384,0,16383,0,65536,65596,True
model.safetensors,value_embeds.3.weight,4032,32,512,16384,0,16383,0,65536,65596,True
model.safetensors,value_embeds.3.weight,4064,32,512,16384,0,16384,0,65536,65600,True
model.safetensors,value_embeds.3.weight,4096,32,512,16384,0,16380,0,65536,65584,True
model.safetensors,value_embeds.3.weight,4128,32,512,16384,0,16384,0,65536,65600,True
model.safetensors,value_embeds.3.weight,4160,32,512,16384,0,16383,0,65536,65596,True
model.safetensors,value_embeds.3.weight,4192,32,512,16384,0,16384,0,65536,65600,True
model.safetensors,value_embeds.3.weight,4224,32,512,16384,0,16382,0,65536,65592,True
model.safetensors,value_embeds.3.weight,4256,32,512,16384,0,16382,0,65536,65592,True
model.safetensors,value_embeds.3.weight,4288,32,512,16384,0,16382,0,65536,65592,True
model.safetensors,value_embeds.3.weight,4320,32,512,16384,0,16383,0,65536,65596,True
model.safetensors,value_embeds.3.weight,4352,32,512,16384,0,16382,0,65536,65592,True
model.safetensors,value_embeds.3.weight,4384,32,512,16384,0,16381,0,65536,65588,True
model.safetensors,value_embeds.3.weight,4416,32,512,16384,0,16381,0,65536,65588,True
model.safetensors,value_embeds.3.weight,4448,32,512,16384,0,16380,0,65536,65584,True
model.safetensors,value_embeds.3.weight,4480,32,512,16384,0,16383,0,65536,65596,True
model.safetensors,value_embeds.3.weight,4512,32,512,16384,0,16381,0,65536,65588,True
model.safetensors,value_embeds.3.weight,4544,32,512,16384,0,16382,0,65536,65592,True
model.safetensors,value_embeds.3.weight,4576,32,512,16384,0,16381,0,65536,65588,True
model.safetensors,value_embeds.3.weight,4608,32,512,16384,0,16382,0,65536,65592,True
model.safetensors,value_embeds.3.weight,4640,32,512,16384,0,16383,0,65536,65596,True
model.safetensors,value_embeds.3.weight,4672,32,512,16384,0,16382,0,65536,65592,True
model.safetensors,value_embeds.3.weight,4704,32,512,16384,0,16381,0,65536,65588,True
model.safetensors,value_embeds.3.weight,4736,32,512,16384,0,16381,0,65536,65588,True
model.safetensors,value_embeds.3.weight,4768,32,512,16384,0,16383,0,65536,65596,True
model.safetensors,value_embeds.3.weight,4800,32,512,16384,0,16381,0,65536,65588,True
model.safetensors,value_embeds.3.weight,4832,32,512,16384,0,16381,0,65536,65588,True
model.safetensors,value_embeds.3.weight,4864,32,512,16384,0,16381,0,65536,65588,True
model.safetensors,value_embeds.3.weight,4896,32,512,16384,0,16383,0,65536,65596,True
model.safetensors,value_embeds.3.weight,4928,32,512,16384,0,16382,0,65536,65592,True
model.safetensors,value_embeds.3.weight,4960,32,512,16384,0,16383,0,65536,65596,True
model.safetensors,value_embeds.3.weight,4992,32,512,16384,0,16383,0,65536,65596,True
model.safetensors,value_embeds.3.weight,5024,32,512,16384,0,16384,0,65536,65600,True
model.safetensors,value_embeds.3.weight,5056,32,512,16384,0,16381,0,65536,65588,True
model.safetensors,value_embeds.3.weight,5088,32,512,16384,0,16381,0,65536,65588,True
model.safetensors,value_embeds.3.weight,5120,32,512,16384,0,16381,0,65536,65588,True
model.safetensors,value_embeds.3.weight,5152,32,512,16384,0,16382,0,65536,65592,True
model.safetensors,value_embeds.3.weight,5184,32,512,16384,0,16383,0,65536,65596,True
model.safetensors,value_embeds.3.weight,5216,32,512,16384,0,16382,0,65536,65592,True
model.safetensors,value_embeds.3.weight,5248,32,512,16384,0,16383,0,65536,65596,True
model.safetensors,value_embeds.3.weight,5280,32,512,16384,0,16382,0,65536,65592,True
model.safetensors,value_embeds.3.weight,5312,32,512,16384,0,16383,0,65536,65596,True
model.safetensors,value_embeds.3.weight,5344,32,512,16384,0,16382,0,65536,65592,True
model.safetensors,value_embeds.3.weight,5376,32,512,16384,0,16377,0,65536,65572,True
model.safetensors,value_embeds.3.weight,5408,32,512,16384,0,16382,0,65536,65592,True
model.safetensors,value_embeds.3.weight,5440,32,512,16384,0,16383,0,65536,65596,True
model.safetensors,value_embeds.3.weight,5472,32,512,16384,0,16379,0,65536,65580,True
model.safetensors,value_embeds.3.weight,5504,32,512,16384,0,16384,0,65536,65600,True
model.safetensors,value_embeds.3.weight,5536,32,512,16384,0,16384,0,65536,65600,True
model.safetensors,value_embeds.3.weight,5568,32,512,16384,0,16383,0,65536,65596,True
model.safetensors,value_embeds.3.weight,5600,32,512,16384,0,16384,0,65536,65600,True
model.safetensors,value_embeds.3.weight,5632,32,512,16384,0,16382,0,65536,65592,True
model.safetensors,value_embeds.3.weight,5664,32,512,16384,0,16381,0,65536,65588,True
model.safetensors,value_embeds.3.weight,5696,32,512,16384,0,16383,0,65536,65596,True
model.safetensors,value_embeds.3.weight,5728,32,512,16384,0,16383,0,65536,65596,True
model.safetensors,value_embeds.3.weight,5760,32,512,16384,0,16383,0,65536,65596,True
model.safetensors,value_embeds.3.weight,5792,32,512,16384,0,16382,0,65536,65592,True
model.safetensors,value_embeds.3.weight,5824,32,512,16384,0,16382,0,65536,65592,True
model.safetensors,value_embeds.3.weight,5856,32,512,16384,0,16384,0,65536,65600,True
model.safetensors,value_embeds.3.weight,5888,32,512,16384,0,16384,0,65536,65600,True
model.safetensors,value_embeds.3.weight,5920,32,512,16384,0,16382,0,65536,65592,True
model.safetensors,value_embeds.3.weight,5952,32,512,16384,0,16380,0,65536,65584,True
model.safetensors,value_embeds.3.weight,5984,32,512,16384,0,16384,0,65536,65600,True
model.safetensors,value_embeds.3.weight,6016,32,512,16384,0,16382,0,65536,65592,True
model.safetensors,value_embeds.3.weight,6048,32,512,16384,0,16384,0,65536,65600,True
model.safetensors,value_embeds.3.weight,6080,32,512,16384,0,16384,0,65536,65600,True
model.safetensors,value_embeds.3.weight,6112,32,512,16384,0,16382,0,65536,65592,True
model.safetensors,value_embeds.3.weight,6144,32,512,16384,0,16382,0,65536,65592,True
model.safetensors,value_embeds.3.weight,6176,32,512,16384,0,16384,0,65536,65600,True
model.safetensors,value_embeds.3.weight,6208,32,512,16384,0,16384,0,65536,65600,True
model.safetensors,value_embeds.3.weight,6240,32,512,16384,0,16382,0,65536,65592,True
model.safetensors,value_embeds.3.weight,6272,32,512,16384,0,16378,0,65536,65576,True
model.safetensors,value_embeds.3.weight,6304,32,512,16384,0,16384,0,65536,65600,True
model.safetensors,value_embeds.3.weight,6336,32,512,16384,0,16381,0,65536,65588,True
model.safetensors,value_embeds.3.weight,6368,32,512,16384,0,16382,0,65536,65592,True
model.safetensors,value_embeds.3.weight,6400,32,512,16384,0,16384,0,65536,65600,True
model.safetensors,value_embeds.3.weight,6432,32,512,16384,0,16383,0,65536,65596,True
model.safetensors,value_embeds.3.weight,6464,32,512,16384,0,16384,0,65536,65600,True
model.safetensors,value_embeds.3.weight,6496,32,512,16384,0,16381,0,65536,65588,True
model.safetensors,value_embeds.3.weight,6528,32,512,16384,0,16381,0,65536,65588,True
model.safetensors,value_embeds.3.weight,6560,32,512,16384,0,16382,0,65536,65592,True
model.safetensors,value_embeds.3.weight,6592,32,512,16384,0,16383,0,65536,65596,True
model.safetensors,value_embeds.3.weight,6624,32,512,16384,0,16382,0,65536,65592,True
model.safetensors,value_embeds.3.weight,6656,32,512,16384,0,16383,0,65536,65596,True
model.safetensors,value_embeds.3.weight,6688,32,512,16384,0,16383,0,65536,65596,True
model.safetensors,value_embeds.3.weight,6720,32,512,16384,0,16382,0,65536,65592,True
model.safetensors,value_embeds.3.weight,6752,32,512,16384,0,16382,0,65536,65592,True
model.safetensors,value_embeds.3.weight,6784,32,512,16384,0,16383,0,65536,65596,True
model.safetensors,value_embeds.3.weight,6816,32,512,16384,0,16383,0,65536,65596,True
model.safetensors,value_embeds.3.weight,6848,32,512,16384,0,16381,0,65536,65588,True
model.safetensors,value_embeds.3.weight,6880,32,512,16384,0,16384,0,65536,65600,True
model.safetensors,value_embeds.3.weight,6912,32,512,16384,0,16382,0,65536,65592,True
model.safetensors,value_embeds.3.weight,6944,32,512,16384,0,16384,0,65536,65600,True
model.safetensors,value_embeds.3.weight,6976,32,512,16384,0,16384,0,65536,65600,True
model.safetensors,value_embeds.3.weight,7008,32,512,16384,0,16383,0,65536,65596,True
model.safetensors,value_embeds.3.weight,7040,32,512,16384,0,16382,0,65536,65592,True
model.safetensors,value_embeds.3.weight,7072,32,512,16384,0,16383,0,65536,65596,True
model.safetensors,value_embeds.3.weight,7104,32,512,16384,0,16379,0,65536,65580,True
model.safetensors,value_embeds.3.weight,7136,32,512,16384,0,16384,0,65536,65600,True
model.safetensors,value_embeds.3.weight,7168,32,512,16384,0,16382,0,65536,65592,True
model.safetensors,value_embeds.3.weight,7200,32,512,16384,0,16381,0,65536,65588,True
model.safetensors,value_embeds.3.weight,7232,32,512,16384,0,16384,0,65536,65600,True
model.safetensors,value_embeds.3.weight,7264,32,512,16384,0,16384,0,65536,65600,True
model.safetensors,value_embeds.3.weight,7296,32,512,16384,0,16383,0,65536,65596,True
model.safetensors,value_embeds.3.weight,7328,32,512,16384,0,16382,0,65536,65592,True
model.safetensors,value_embeds.3.weight,7360,32,512,16384,0,16382,0,65536,65592,True
model.safetensors,value_embeds.3.weight,7392,32,512,16384,0,16383,0,65536,65596,True
model.safetensors,value_embeds.3.weight,7424,32,512,16384,0,16383,0,65536,65596,True
model.safetensors,value_embeds.3.weight,7456,32,512,16384,0,16382,0,65536,65592,True
model.safetensors,value_embeds.3.weight,7488,32,512,16384,0,16383,0,65536,65596,True
model.safetensors,value_embeds.3.weight,7520,32,512,16384,0,16382,0,65536,65592,True
model.safetensors,value_embeds.3.weight,7552,32,512,16384,0,16384,0,65536,65600,True
model.safetensors,value_embeds.3.weight,7584,32,512,16384,0,16380,0,65536,65584,True
model.safetensors,value_embeds.3.weight,7616,32,512,16384,0,16382,0,65536,65592,True
model.safetensors,value_embeds.3.weight,7648,32,512,16384,0,16384,0,65536,65600,True
model.safetensors,value_embeds.3.weight,7680,32,512,16384,0,16382,0,65536,65592,True
model.safetensors,value_embeds.3.weight,7712,32,512,16384,0,16383,0,65536,65596,True
model.safetensors,value_embeds.3.weight,7744,32,512,16384,0,16381,0,65536,65588,True
model.safetensors,value_embeds.3.weight,7776,32,512,16384,0,16382,0,65536,65592,True
model.safetensors,value_embeds.3.weight,7808,32,512,16384,0,16382,0,65536,65592,True
model.safetensors,value_embeds.3.weight,7840,32,512,16384,0,16380,0,65536,65584,True
model.safetensors,value_embeds.3.weight,7872,32,512,16384,0,16382,0,65536,65592,True
model.safetensors,value_embeds.3.weight,7904,32,512,16384,0,16380,0,65536,65584,True
model.safetensors,value_embeds.3.weight,7936,32,512,16384,0,16383,0,65536,65596,True
model.safetensors,value_embeds.3.weight,7968,32,512,16384,0,16384,0,65536,65600,True
model.safetensors,value_embeds.3.weight,8000,32,512,16384,0,16380,0,65536,65584,True
model.safetensors,value_embeds.3.weight,8032,32,512,16384,0,16384,0,65536,65600,True
model.safetensors,value_embeds.3.weight,8064,32,512,16384,0,16383,0,65536,65596,True
model.safetensors,value_embeds.3.weight,8096,32,512,16384,0,16383,0,65536,65596,True
model.safetensors,value_embeds.3.weight,8128,32,512,16384,0,16383,0,65536,65596,True
model.safetensors,value_embeds.3.weight,8160,32,512,16384,0,16384,0,65536,65600,True
model.safetensors,value_embeds.3.weight,8192,32,512,16384,0,16382,0,65536,65592,True
model.safetensors,value_embeds.3.weight,8224,32,512,16384,0,16380,0,65536,65584,True
model.safetensors,value_embeds.3.weight,8256,32,512,16384,0,16383,0,65536,65596,True
model.safetensors,value_embeds.3.weight,8288,32,512,16384,0,16382,0,65536,65592,True
model.safetensors,value_embeds.3.weight,8320,32,512,16384,0,16380,0,65536,65584,True
model.safetensors,value_embeds.3.weight,8352,32,512,16384,0,16383,0,65536,65596,True
model.safetensors,value_embeds.3.weight,8384,32,512,16384,0,16384,0,65536,65600,True
model.safetensors,value_embeds.3.weight,8416,32,512,16384,0,16383,0,65536,65596,True
model.safetensors,value_embeds.3.weight,8448,32,512,16384,0,16383,0,65536,65596,True
model.safetensors,value_embeds.3.weight,8480,32,512,16384,0,16380,0,65536,65584,True
model.safetensors,value_embeds.3.weight,8512,32,512,16384,0,16384,0,65536,65600,True
model.safetensors,value_embeds.3.weight,8544,32,512,16384,0,16382,0,65536,65592,True
model.safetensors,value_embeds.3.weight,8576,32,512,16384,0,16378,0,65536,65576,True
model.safetensors,value_embeds.3.weight,8608,32,512,16384,0,16382,0,65536,65592,True
model.safetensors,value_embeds.3.weight,8640,32,512,16384,0,16383,0,65536,65596,True
model.safetensors,value_embeds.3.weight,8672,32,512,16384,0,16384,0,65536,65600,True
model.safetensors,value_embeds.3.weight,8704,32,512,16384,0,16384,0,65536,65600,True
model.safetensors,value_embeds.3.weight,8736,32,512,16384,0,16382,0,65536,65592,True
model.safetensors,value_embeds.3.weight,8768,32,512,16384,0,16381,0,65536,65588,True
model.safetensors,value_embeds.3.weight,8800,32,512,16384,0,16383,0,65536,65596,True
model.safetensors,value_embeds.3.weight,8832,32,512,16384,0,16380,0,65536,65584,True
model.safetensors,value_embeds.3.weight,8864,32,512,16384,0,16381,0,65536,65588,True
model.safetensors,value_embeds.3.weight,8896,32,512,16384,0,16383,0,65536,65596,True
model.safetensors,value_embeds.3.weight,8928,32,512,16384,0,16382,0,65536,65592,True
model.safetensors,value_embeds.3.weight,8960,32,512,16384,0,16382,0,65536,65592,True
model.safetensors,value_embeds.3.weight,8992,32,512,16384,0,16383,0,65536,65596,True
model.safetensors,value_embeds.3.weight,9024,32,512,16384,0,16383,0,65536,65596,True
model.safetensors,value_embeds.3.weight,9056,32,512,16384,0,16382,0,65536,65592,True
model.safetensors,value_embeds.3.weight,9088,32,512,16384,0,16384,0,65536,65600,True
model.safetensors,value_embeds.3.weight,9120,32,512,16384,0,16384,0,65536,65600,True
model.safetensors,value_embeds.3.weight,9152,32,512,16384,0,16383,0,65536,65596,True
model.safetensors,value_embeds.3.weight,9184,32,512,16384,0,16382,0,65536,65592,True
model.safetensors,value_embeds.3.weight,9216,32,512,16384,0,16383,0,65536,65596,True
model.safetensors,value_embeds.3.weight,9248,32,512,16384,0,16383,0,65536,65596,True
model.safetensors,value_embeds.3.weight,9280,32,512,16384,0,16383,0,65536,65596,True
model.safetensors,value_embeds.3.weight,9312,32,512,16384,0,16382,0,65536,65592,True
model.safetensors,value_embeds.3.weight,9344,32,512,16384,0,16381,0,65536,65588,True
model.safetensors,value_embeds.3.weight,9376,32,512,16384,0,16383,0,65536,65596,True
model.safetensors,value_embeds.3.weight,9408,32,512,16384,0,16384,0,65536,65600,True
model.safetensors,value_embeds.3.weight,9440,32,512,16384,0,16382,0,65536,65592,True
model.safetensors,value_embeds.3.weight,9472,32,512,16384,0,16382,0,65536,65592,True
model.safetensors,value_embeds.3.weight,9504,32,512,16384,0,16382,0,65536,65592,True
model.safetensors,value_embeds.3.weight,9536,32,512,16384,0,16382,0,65536,65592,True
model.safetensors,value_embeds.3.weight,9568,32,512,16384,0,16382,0,65536,65592,True
model.safetensors,value_embeds.3.weight,9600,32,512,16384,0,16382,0,65536,65592,True
model.safetensors,value_embeds.3.weight,9632,32,512,16384,0,16384,0,65536,65600,True
model.safetensors,value_embeds.3.weight,9664,32,512,16384,0,16383,0,65536,65596,True
model.safetensors,value_embeds.3.weight,9696,32,512,16384,0,16383,0,65536,65596,True
model.safetensors,value_embeds.3.weight,9728,32,512,16384,0,16381,0,65536,65588,True
model.safetensors,value_embeds.3.weight,9760,32,512,16384,0,16380,0,65536,65584,True
model.safetensors,value_embeds.3.weight,9792,32,512,16384,0,16382,0,65536,65592,True
model.safetensors,value_embeds.3.weight,9824,32,512,16384,0,16380,0,65536,65584,True
model.safetensors,value_embeds.3.weight,9856,32,512,16384,0,16383,0,65536,65596,True
model.safetensors,value_embeds.3.weight,9888,32,512,16384,0,16384,0,65536,65600,True
model.safetensors,value_embeds.3.weight,9920,32,512,16384,0,16383,0,65536,65596,True
model.safetensors,value_embeds.3.weight,9952,32,512,16384,0,16381,0,65536,65588,True
model.safetensors,value_embeds.3.weight,9984,32,512,16384,0,16381,0,65536,65588,True
model.safetensors,value_embeds.3.weight,10016,32,512,16384,0,16383,0,65536,65596,True
model.safetensors,value_embeds.3.weight,10048,32,512,16384,0,16383,0,65536,65596,True
model.safetensors,value_embeds.3.weight,10080,32,512,16384,0,16383,0,65536,65596,True
model.safetensors,value_embeds.3.weight,10112,32,512,16384,0,16381,0,65536,65588,True
model.safetensors,value_embeds.3.weight,10144,32,512,16384,0,16384,0,65536,65600,True
model.safetensors,value_embeds.3.weight,10176,32,512,16384,0,16381,0,65536,65588,True
model.safetensors,value_embeds.3.weight,10208,32,512,16384,0,16381,0,65536,65588,True
model.safetensors,value_embeds.3.weight,10240,32,512,16384,0,16383,0,65536,65596,True
model.safetensors,value_embeds.3.weight,10272,32,512,16384,0,16384,0,65536,65600,True
model.safetensors,value_embeds.3.weight,10304,32,512,16384,0,16382,0,65536,65592,True
model.safetensors,value_embeds.3.weight,10336,32,512,16384,0,16383,0,65536,65596,True
model.safetensors,value_embeds.3.weight,10368,32,512,16384,0,16383,0,65536,65596,True
model.safetensors,value_embeds.3.weight,10400,32,512,16384,0,16381,0,65536,65588,True
model.safetensors,value_embeds.3.weight,10432,32,512,16384,0,16380,0,65536,65584,True
model.safetensors,value_embeds.3.weight,10464,32,512,16384,0,16383,0,65536,65596,True
model.safetensors,value_embeds.3.weight,10496,32,512,16384,0,16384,0,65536,65600,True
model.safetensors,value_embeds.3.weight,10528,32,512,16384,0,16382,0,65536,65592,True
model.safetensors,value_embeds.3.weight,10560,32,512,16384,0,16380,0,65536,65584,True
model.safetensors,value_embeds.3.weight,10592,32,512,16384,0,16384,0,65536,65600,True
model.safetensors,value_embeds.3.weight,10624,32,512,16384,0,16382,0,65536,65592,True
model.safetensors,value_embeds.3.weight,10656,32,512,16384,0,16384,0,65536,65600,True
model.safetensors,value_embeds.3.weight,10688,32,512,16384,0,16380,0,65536,65584,True
model.safetensors,value_embeds.3.weight,10720,32,512,16384,0,16381,0,65536,65588,True
model.safetensors,value_embeds.3.weight,10752,32,512,16384,0,16384,0,65536,65600,True
model.safetensors,value_embeds.3.weight,10784,32,512,16384,0,16382,0,65536,65592,True
model.safetensors,value_embeds.3.weight,10816,32,512,16384,0,16383,0,65536,65596,True
model.safetensors,value_embeds.3.weight,10848,32,512,16384,0,16380,0,65536,65584,True
model.safetensors,value_embeds.3.weight,10880,32,512,16384,0,16380,0,65536,65584,True
model.safetensors,value_embeds.3.weight,10912,32,512,16384,0,16381,0,65536,65588,True
model.safetensors,value_embeds.3.weight,10944,32,512,16384,0,16384,0,65536,65600,True
model.safetensors,value_embeds.3.weight,10976,32,512,16384,0,16383,0,65536,65596,True
model.safetensors,value_embeds.3.weight,11008,32,512,16384,0,16382,0,65536,65592,True
model.safetensors,value_embeds.3.weight,11040,32,512,16384,0,16383,0,65536,65596,True
model.safetensors,value_embeds.3.weight,11072,32,512,16384,0,16381,0,65536,65588,True
model.safetensors,value_embeds.3.weight,11104,32,512,16384,0,16382,0,65536,65592,True
model.safetensors,value_embeds.3.weight,11136,32,512,16384,0,16382,0,65536,65592,True
model.safetensors,value_embeds.3.weight,11168,32,512,16384,0,16382,0,65536,65592,True
model.safetensors,value_embeds.3.weight,11200,32,512,16384,0,16383,0,65536,65596,True
model.safetensors,value_embeds.3.weight,11232,32,512,16384,0,16381,0,65536,65588,True
model.safetensors,value_embeds.3.weight,11264,32,512,16384,0,16383,0,65536,65596,True
model.safetensors,value_embeds.3.weight,11296,32,512,16384,0,16384,0,65536,65600,True
model.safetensors,value_embeds.3.weight,11328,32,512,16384,0,16383,0,65536,65596,True
model.safetensors,value_embeds.3.weight,11360,32,512,16384,0,16384,0,65536,65600,True
model.safetensors,value_embeds.3.weight,11392,32,512,16384,0,16383,0,65536,65596,True
model.safetensors,value_embeds.3.weight,11424,32,512,16384,0,16380,0,65536,65584,True
model.safetensors,value_embeds.3.weight,11456,32,512,16384,0,16381,0,65536,65588,True
model.safetensors,value_embeds.3.weight,11488,32,512,16384,0,16382,0,65536,65592,True
model.safetensors,value_embeds.3.weight,11520,32,512,16384,0,16382,0,65536,65592,True
model.safetensors,value_embeds.3.weight,11552,32,512,16384,0,16382,0,65536,65592,True
model.safetensors,value_embeds.3.weight,11584,32,512,16384,0,16382,0,65536,65592,True
model.safetensors,value_embeds.3.weight,11616,32,512,16384,0,16381,0,65536,65588,True
model.safetensors,value_embeds.3.weight,11648,32,512,16384,0,16382,0,65536,65592,True
model.safetensors,value_embeds.3.weight,11680,32,512,16384,0,16383,0,65536,65596,True
model.safetensors,value_embeds.3.weight,11712,32,512,16384,0,16384,0,65536,65600,True
model.safetensors,value_embeds.3.weight,11744,32,512,16384,0,16382,0,65536,65592,True
model.safetensors,value_embeds.3.weight,11776,32,512,16384,0,16383,0,65536,65596,True
model.safetensors,value_embeds.3.weight,11808,32,512,16384,0,16383,0,65536,65596,True
model.safetensors,value_embeds.3.weight,11840,32,512,16384,0,16383,0,65536,65596,True
model.safetensors,value_embeds.3.weight,11872,32,512,16384,0,16383,0,65536,65596,True
model.safetensors,value_embeds.3.weight,11904,32,512,16384,0,16382,0,65536,65592,True
model.safetensors,value_embeds.3.weight,11936,32,512,16384,0,16384,0,65536,65600,True
model.safetensors,value_embeds.3.weight,11968,32,512,16384,0,16378,0,65536,65576,True
model.safetensors,value_embeds.3.weight,12000,32,512,16384,0,16382,0,65536,65592,True
model.safetensors,value_embeds.3.weight,12032,32,512,16384,0,16382,0,65536,65592,True
model.safetensors,value_embeds.3.weight,12064,32,512,16384,0,16383,0,65536,65596,True
model.safetensors,value_embeds.3.weight,12096,32,512,16384,0,16383,0,65536,65596,True
model.safetensors,value_embeds.3.weight,12128,32,512,16384,0,16384,0,65536,65600,True
model.safetensors,value_embeds.3.weight,12160,32,512,16384,0,16382,0,65536,65592,True
model.safetensors,value_embeds.3.weight,12192,32,512,16384,0,16383,0,65536,65596,True
model.safetensors,value_embeds.3.weight,12224,32,512,16384,0,16381,0,65536,65588,True
model.safetensors,value_embeds.3.weight,12256,32,512,16384,0,16380,0,65536,65584,True
model.safetensors,value_embeds.3.weight,12288,32,512,16384,0,16382,0,65536,65592,True
model.safetensors,value_embeds.3.weight,12320,32,512,16384,0,16383,0,65536,65596,True
model.safetensors,value_embeds.3.weight,12352,32,512,16384,0,16384,0,65536,65600,True
model.safetensors,value_embeds.3.weight,12384,32,512,16384,0,16383,0,65536,65596,True
model.safetensors,value_embeds.3.weight,12416,32,512,16384,0,16382,0,65536,65592,True
model.safetensors,value_embeds.3.weight,12448,32,512,16384,0,16383,0,65536,65596,True
model.safetensors,value_embeds.3.weight,12480,32,512,16384,0,16382,0,65536,65592,True
model.safetensors,value_embeds.3.weight,12512,32,512,16384,0,16381,0,65536,65588,True
model.safetensors,value_embeds.3.weight,12544,32,512,16384,0,16384,0,65536,65600,True
model.safetensors,value_embeds.3.weight,12576,32,512,16384,0,16383,0,65536,65596,True
model.safetensors,value_embeds.3.weight,12608,32,512,16384,0,16382,0,65536,65592,True
model.safetensors,value_embeds.3.weight,12640,32,512,16384,0,16382,0,65536,65592,True
model.safetensors,value_embeds.3.weight,12672,32,512,16384,0,16382,0,65536,65592,True
model.safetensors,value_embeds.3.weight,12704,32,512,16384,0,16383,0,65536,65596,True
model.safetensors,value_embeds.3.weight,12736,32,512,16384,0,16382,0,65536,65592,True
model.safetensors,value_embeds.3.weight,12768,32,512,16384,0,16383,0,65536,65596,True
model.safetensors,value_embeds.3.weight,12800,32,512,16384,0,16384,0,65536,65600,True
model.safetensors,value_embeds.3.weight,12832,32,512,16384,0,16379,0,65536,65580,True
model.safetensors,value_embeds.3.weight,12864,32,512,16384,0,16381,0,65536,65588,True
model.safetensors,value_embeds.3.weight,12896,32,512,16384,0,16382,0,65536,65592,True
model.safetensors,value_embeds.3.weight,12928,32,512,16384,0,16384,0,65536,65600,True
model.safetensors,value_embeds.3.weight,12960,32,512,16384,0,16383,0,65536,65596,True
model.safetensors,value_embeds.3.weight,12992,32,512,16384,0,16383,0,65536,65596,True
model.safetensors,value_embeds.3.weight,13024,32,512,16384,0,16383,0,65536,65596,True
model.safetensors,value_embeds.3.weight,13056,32,512,16384,0,16383,0,65536,65596,True
model.safetensors,value_embeds.3.weight,13088,32,512,16384,0,16382,0,65536,65592,True
model.safetensors,value_embeds.3.weight,13120,32,512,16384,0,16382,0,65536,65592,True
model.safetensors,value_embeds.3.weight,13152,32,512,16384,0,16384,0,65536,65600,True
model.safetensors,value_embeds.3.weight,13184,32,512,16384,0,16383,0,65536,65596,True
model.safetensors,value_embeds.3.weight,13216,32,512,16384,0,16383,0,65536,65596,True
model.safetensors,value_embeds.3.weight,13248,32,512,16384,0,16382,0,65536,65592,True
model.safetensors,value_embeds.3.weight,13280,32,512,16384,0,16383,0,65536,65596,True
model.safetensors,value_embeds.3.weight,13312,32,512,16384,0,16382,0,65536,65592,True
model.safetensors,value_embeds.3.weight,13344,32,512,16384,0,16383,0,65536,65596,True
model.safetensors,value_embeds.3.weight,13376,32,512,16384,0,16384,0,65536,65600,True
model.safetensors,value_embeds.3.weight,13408,32,512,16384,0,16382,0,65536,65592,True
model.safetensors,value_embeds.3.weight,13440,32,512,16384,0,16382,0,65536,65592,True
model.safetensors,value_embeds.3.weight,13472,32,512,16384,0,16382,0,65536,65592,True
model.safetensors,value_embeds.3.weight,13504,32,512,16384,0,16380,0,65536,65584,True
model.safetensors,value_embeds.3.weight,13536,32,512,16384,0,16382,0,65536,65592,True
model.safetensors,value_embeds.3.weight,13568,32,512,16384,0,16383,0,65536,65596,True
model.safetensors,value_embeds.3.weight,13600,32,512,16384,0,16381,0,65536,65588,True
model.safetensors,value_embeds.3.weight,13632,32,512,16384,0,16384,0,65536,65600,True
model.safetensors,value_embeds.3.weight,13664,32,512,16384,0,16383,0,65536,65596,True
model.safetensors,value_embeds.3.weight,13696,32,512,16384,0,16384,0,65536,65600,True
model.safetensors,value_embeds.3.weight,13728,32,512,16384,0,16383,0,65536,65596,True
model.safetensors,value_embeds.3.weight,13760,32,512,16384,0,16383,0,65536,65596,True
model.safetensors,value_embeds.3.weight,13792,32,512,16384,0,16383,0,65536,65596,True
model.safetensors,value_embeds.3.weight,13824,32,512,16384,0,16382,0,65536,65592,True
model.safetensors,value_embeds.3.weight,13856,32,512,16384,0,16384,0,65536,65600,True
model.safetensors,value_embeds.3.weight,13888,32,512,16384,0,16382,0,65536,65592,True
model.safetensors,value_embeds.3.weight,13920,32,512,16384,0,16384,0,65536,65600,True
model.safetensors,value_embeds.3.weight,13952,32,512,16384,0,16382,0,65536,65592,True
model.safetensors,value_embeds.3.weight,13984,32,512,16384,0,16383,0,65536,65596,True
model.safetensors,value_embeds.3.weight,14016,32,512,16384,0,16383,0,65536,65596,True
model.safetensors,value_embeds.3.weight,14048,32,512,16384,0,16382,0,65536,65592,True
model.safetensors,value_embeds.3.weight,14080,32,512,16384,0,16382,0,65536,65592,True
model.safetensors,value_embeds.3.weight,14112,32,512,16384,0,16382,0,65536,65592,True
model.safetensors,value_embeds.3.weight,14144,32,512,16384,0,16379,0,65536,65580,True
model.safetensors,value_embeds.3.weight,14176,32,512,16384,0,16381,0,65536,65588,True
model.safetensors,value_embeds.3.weight,14208,32,512,16384,0,16381,0,65536,65588,True
model.safetensors,value_embeds.3.weight,14240,32,512,16384,0,16382,0,65536,65592,True
model.safetensors,value_embeds.3.weight,14272,32,512,16384,0,16383,0,65536,65596,True
model.safetensors,value_embeds.3.weight,14304,32,512,16384,0,16380,0,65536,65584,True
model.safetensors,value_embeds.3.weight,14336,32,512,16384,0,16383,0,65536,65596,True
model.safetensors,value_embeds.3.weight,14368,32,512,16384,0,16382,0,65536,65592,True
model.safetensors,value_embeds.3.weight,14400,32,512,16384,0,16381,0,65536,65588,True
model.safetensors,value_embeds.3.weight,14432,32,512,16384,0,16382,0,65536,65592,True
model.safetensors,value_embeds.3.weight,14464,32,512,16384,0,16383,0,65536,65596,True
model.safetensors,value_embeds.3.weight,14496,32,512,16384,0,16382,0,65536,65592,True
model.safetensors,value_embeds.3.weight,14528,32,512,16384,0,16382,0,65536,65592,True
model.safetensors,value_embeds.3.weight,14560,32,512,16384,0,16383,0,65536,65596,True
model.safetensors,value_embeds.3.weight,14592,32,512,16384,0,16381,0,65536,65588,True
model.safetensors,value_embeds.3.weight,14624,32,512,16384,0,16383,0,65536,65596,True
model.safetensors,value_embeds.3.weight,14656,32,512,16384,0,16383,0,65536,65596,True
model.safetensors,value_embeds.3.weight,14688,32,512,16384,0,16384,0,65536,65600,True
model.safetensors,value_embeds.3.weight,14720,32,512,16384,0,16381,0,65536,65588,True
model.safetensors,value_embeds.3.weight,14752,32,512,16384,0,16381,0,65536,65588,True
model.safetensors,value_embeds.3.weight,14784,32,512,16384,0,16382,0,65536,65592,True
model.safetensors,value_embeds.3.weight,14816,32,512,16384,0,16383,0,65536,65596,True
model.safetensors,value_embeds.3.weight,14848,32,512,16384,0,16379,0,65536,65580,True
model.safetensors,value_embeds.3.weight,14880,32,512,16384,0,16379,0,65536,65580,True
model.safetensors,value_embeds.3.weight,14912,32,512,16384,0,16383,0,65536,65596,True
model.safetensors,value_embeds.3.weight,14944,32,512,16384,0,16381,0,65536,65588,True
model.safetensors,value_embeds.3.weight,14976,32,512,16384,0,16381,0,65536,65588,True
model.safetensors,value_embeds.3.weight,15008,32,512,16384,0,16380,0,65536,65584,True
model.safetensors,value_embeds.3.weight,15040,32,512,16384,0,16382,0,65536,65592,True
model.safetensors,value_embeds.3.weight,15072,32,512,16384,0,16381,0,65536,65588,True
model.safetensors,value_embeds.3.weight,15104,32,512,16384,0,16382,0,65536,65592,True
model.safetensors,value_embeds.3.weight,15136,32,512,16384,0,16384,0,65536,65600,True
model.safetensors,value_embeds.3.weight,15168,32,512,16384,0,16381,0,65536,65588,True
model.safetensors,value_embeds.3.weight,15200,32,512,16384,0,16377,0,65536,65572,True
model.safetensors,value_embeds.3.weight,15232,32,512,16384,0,16383,0,65536,65596,True
model.safetensors,value_embeds.3.weight,15264,32,512,16384,0,16382,0,65536,65592,True
model.safetensors,value_embeds.3.weight,15296,32,512,16384,0,16383,0,65536,65596,True
model.safetensors,value_embeds.3.weight,15328,32,512,16384,0,16383,0,65536,65596,True
model.safetensors,value_embeds.3.weight,15360,32,512,16384,0,16383,0,65536,65596,True
model.safetensors,value_embeds.3.weight,15392,32,512,16384,0,16384,0,65536,65600,True
model.safetensors,value_embeds.3.weight,15424,32,512,16384,0,16381,0,65536,65588,True
model.safetensors,value_embeds.3.weight,15456,32,512,16384,0,16383,0,65536,65596,True
model.safetensors,value_embeds.3.weight,15488,32,512,16384,0,16383,0,65536,65596,True
model.safetensors,value_embeds.3.weight,15520,32,512,16384,0,16382,0,65536,65592,True
model.safetensors,value_embeds.3.weight,15552,32,512,16384,0,16382,0,65536,65592,True
model.safetensors,value_embeds.3.weight,15584,32,512,16384,0,16383,0,65536,65596,True
model.safetensors,value_embeds.3.weight,15616,32,512,16384,0,16383,0,65536,65596,True
model.safetensors,value_embeds.3.weight,15648,32,512,16384,0,16383,0,65536,65596,True
model.safetensors,value_embeds.3.weight,15680,32,512,16384,0,16383,0,65536,65596,True
model.safetensors,value_embeds.3.weight,15712,32,512,16384,0,16379,0,65536,65580,True
model.safetensors,value_embeds.3.weight,15744,32,512,16384,0,16383,0,65536,65596,True
model.safetensors,value_embeds.3.weight,15776,32,512,16384,0,16383,0,65536,65596,True
model.safetensors,value_embeds.3.weight,15808,32,512,16384,0,16384,0,65536,65600,True
model.safetensors,value_embeds.3.weight,15840,32,512,16384,0,16382,0,65536,65592,True
model.safetensors,value_embeds.3.weight,15872,32,512,16384,0,16383,0,65536,65596,True
model.safetensors,value_embeds.3.weight,15904,32,512,16384,0,16381,0,65536,65588,True
model.safetensors,value_embeds.3.weight,15936,32,512,16384,0,16382,0,65536,65592,True
model.safetensors,value_embeds.3.weight,15968,32,512,16384,0,16382,0,65536,65592,True
model.safetensors,value_embeds.3.weight,16000,32,512,16384,0,16384,0,65536,65600,True
model.safetensors,value_embeds.3.weight,16032,32,512,16384,0,16384,0,65536,65600,True
model.safetensors,value_embeds.3.weight,16064,32,512,16384,0,16384,0,65536,65600,True
model.safetensors,value_embeds.3.weight,16096,32,512,16384,0,16382,0,65536,65592,True
model.safetensors,value_embeds.3.weight,16128,32,512,16384,0,16383,0,65536,65596,True
model.safetensors,value_embeds.3.weight,16160,32,512,16384,0,16381,0,65536,65588,True
model.safetensors,value_embeds.3.weight,16192,32,512,16384,0,16383,0,65536,65596,True
model.safetensors,value_embeds.3.weight,16224,32,512,16384,0,16384,0,65536,65600,True
model.safetensors,value_embeds.3.weight,16256,32,512,16384,0,16383,0,65536,65596,True
model.safetensors,value_embeds.3.weight,16288,32,512,16384,0,16382,0,65536,65592,True
model.safetensors,value_embeds.3.weight,16320,32,512,16384,0,16383,0,65536,65596,True
model.safetensors,value_embeds.3.weight,16352,32,512,16384,0,16382,0,65536,65592,True
model.safetensors,value_embeds.3.weight,16384,32,512,16384,0,16378,0,65536,65576,True
model.safetensors,value_embeds.3.weight,16416,32,512,16384,0,16384,0,65536,65600,True
model.safetensors,value_embeds.3.weight,16448,32,512,16384,0,16384,0,65536,65600,True
model.safetensors,value_embeds.3.weight,16480,32,512,16384,0,16382,0,65536,65592,True
model.safetensors,value_embeds.3.weight,16512,32,512,16384,0,16383,0,65536,65596,True
model.safetensors,value_embeds.3.weight,16544,32,512,16384,0,16383,0,65536,65596,True
model.safetensors,value_embeds.3.weight,16576,32,512,16384,0,16382,0,65536,65592,True
model.safetensors,value_embeds.3.weight,16608,32,512,16384,0,16383,0,65536,65596,True
model.safetensors,value_embeds.3.weight,16640,32,512,16384,0,16383,0,65536,65596,True
model.safetensors,value_embeds.3.weight,16672,32,512,16384,0,16383,0,65536,65596,True
model.safetensors,value_embeds.3.weight,16704,32,512,16384,0,16381,0,65536,65588,True
model.safetensors,value_embeds.3.weight,16736,32,512,16384,0,16383,0,65536,65596,True
model.safetensors,value_embeds.3.weight,16768,32,512,16384,0,16384,0,65536,65600,True
model.safetensors,value_embeds.3.weight,16800,32,512,16384,0,16383,0,65536,65596,True
model.safetensors,value_embeds.3.weight,16832,32,512,16384,0,16383,0,65536,65596,True
model.safetensors,value_embeds.3.weight,16864,32,512,16384,0,16382,0,65536,65592,True
model.safetensors,value_embeds.3.weight,16896,32,512,16384,0,16383,0,65536,65596,True
model.safetensors,value_embeds.3.weight,16928,32,512,16384,0,16381,0,65536,65588,True
model.safetensors,value_embeds.3.weight,16960,32,512,16384,0,16382,0,65536,65592,True
model.safetensors,value_embeds.3.weight,16992,32,512,16384,0,16384,0,65536,65600,True
model.safetensors,value_embeds.3.weight,17024,32,512,16384,0,16379,0,65536,65580,True
model.safetensors,value_embeds.3.weight,17056,32,512,16384,0,16381,0,65536,65588,True
model.safetensors,value_embeds.3.weight,17088,32,512,16384,0,16382,0,65536,65592,True
model.safetensors,value_embeds.3.weight,17120,32,512,16384,0,16382,0,65536,65592,True
model.safetensors,value_embeds.3.weight,17152,32,512,16384,0,16383,0,65536,65596,True
model.safetensors,value_embeds.3.weight,17184,32,512,16384,0,16384,0,65536,65600,True
model.safetensors,value_embeds.3.weight,17216,32,512,16384,0,16382,0,65536,65592,True
model.safetensors,value_embeds.3.weight,17248,32,512,16384,0,16382,0,65536,65592,True
model.safetensors,value_embeds.3.weight,17280,32,512,16384,0,16383,0,65536,65596,True
model.safetensors,value_embeds.3.weight,17312,32,512,16384,0,16383,0,65536,65596,True
model.safetensors,value_embeds.3.weight,17344,32,512,16384,0,16379,0,65536,65580,True
model.safetensors,value_embeds.3.weight,17376,32,512,16384,0,16382,0,65536,65592,True
model.safetensors,value_embeds.3.weight,17408,32,512,16384,0,16381,0,65536,65588,True
model.safetensors,value_embeds.3.weight,17440,32,512,16384,0,16383,0,65536,65596,True
model.safetensors,value_embeds.3.weight,17472,32,512,16384,0,16383,0,65536,65596,True
model.safetensors,value_embeds.3.weight,17504,32,512,16384,0,16384,0,65536,65600,True
model.safetensors,value_embeds.3.weight,17536,32,512,16384,0,16380,0,65536,65584,True
model.safetensors,value_embeds.3.weight,17568,32,512,16384,0,16381,0,65536,65588,True
model.safetensors,value_embeds.3.weight,17600,32,512,16384,0,16384,0,65536,65600,True
model.safetensors,value_embeds.3.weight,17632,32,512,16384,0,16383,0,65536,65596,True
model.safetensors,value_embeds.3.weight,17664,32,512,16384,0,16383,0,65536,65596,True
model.safetensors,value_embeds.3.weight,17696,32,512,16384,0,16382,0,65536,65592,True
model.safetensors,value_embeds.3.weight,17728,32,512,16384,0,16382,0,65536,65592,True
model.safetensors,value_embeds.3.weight,17760,32,512,16384,0,16383,0,65536,65596,True
model.safetensors,value_embeds.3.weight,17792,32,512,16384,0,16383,0,65536,65596,True
model.safetensors,value_embeds.3.weight,17824,32,512,16384,0,16382,0,65536,65592,True
model.safetensors,value_embeds.3.weight,17856,32,512,16384,0,16383,0,65536,65596,True
model.safetensors,value_embeds.3.weight,17888,32,512,16384,0,16379,0,65536,65580,True
model.safetensors,value_embeds.3.weight,17920,32,512,16384,0,16383,0,65536,65596,True
model.safetensors,value_embeds.3.weight,17952,32,512,16384,0,16381,0,65536,65588,True
model.safetensors,value_embeds.3.weight,17984,32,512,16384,0,16382,0,65536,65592,True
model.safetensors,value_embeds.3.weight,18016,32,512,16384,0,16382,0,65536,65592,True
model.safetensors,value_embeds.3.weight,18048,32,512,16384,0,16380,0,65536,65584,True
model.safetensors,value_embeds.3.weight,18080,32,512,16384,0,16384,0,65536,65600,True
model.safetensors,value_embeds.3.weight,18112,32,512,16384,0,16383,0,65536,65596,True
model.safetensors,value_embeds.3.weight,18144,32,512,16384,0,16382,0,65536,65592,True
model.safetensors,value_embeds.3.weight,18176,32,512,16384,0,16383,0,65536,65596,True
model.safetensors,value_embeds.3.weight,18208,32,512,16384,0,16384,0,65536,65600,True
model.safetensors,value_embeds.3.weight,18240,32,512,16384,0,16384,0,65536,65600,True
model.safetensors,value_embeds.3.weight,18272,32,512,16384,0,16384,0,65536,65600,True
model.safetensors,value_embeds.3.weight,18304,32,512,16384,0,16381,0,65536,65588,True
model.safetensors,value_embeds.3.weight,18336,32,512,16384,0,16384,0,65536,65600,True
model.safetensors,value_embeds.3.weight,18368,32,512,16384,0,16383,0,65536,65596,True
model.safetensors,value_embeds.3.weight,18400,32,512,16384,0,16382,0,65536,65592,True
model.safetensors,value_embeds.3.weight,18432,32,512,16384,0,16384,0,65536,65600,True
model.safetensors,value_embeds.3.weight,18464,32,512,16384,0,16381,0,65536,65588,True
model.safetensors,value_embeds.3.weight,18496,32,512,16384,0,16384,0,65536,65600,True
model.safetensors,value_embeds.3.weight,18528,32,512,16384,0,16379,0,65536,65580,True
model.safetensors,value_embeds.3.weight,18560,32,512,16384,0,16383,0,65536,65596,True
model.safetensors,value_embeds.3.weight,18592,32,512,16384,0,16383,0,65536,65596,True
model.safetensors,value_embeds.3.weight,18624,32,512,16384,0,16383,0,65536,65596,True
model.safetensors,value_embeds.3.weight,18656,32,512,16384,0,16384,0,65536,65600,True
model.safetensors,value_embeds.3.weight,18688,32,512,16384,0,16383,0,65536,65596,True
model.safetensors,value_embeds.3.weight,18720,32,512,16384,0,16382,0,65536,65592,True
model.safetensors,value_embeds.3.weight,18752,32,512,16384,0,16384,0,65536,65600,True
model.safetensors,value_embeds.3.weight,18784,32,512,16384,0,16384,0,65536,65600,True
model.safetensors,value_embeds.3.weight,18816,32,512,16384,0,16381,0,65536,65588,True
model.safetensors,value_embeds.3.weight,18848,32,512,16384,0,16382,0,65536,65592,True
model.safetensors,value_embeds.3.weight,18880,32,512,16384,0,16383,0,65536,65596,True
model.safetensors,value_embeds.3.weight,18912,32,512,16384,0,16383,0,65536,65596,True
model.safetensors,value_embeds.3.weight,18944,32,512,16384,0,16382,0,65536,65592,True
model.safetensors,value_embeds.3.weight,18976,32,512,16384,0,16381,0,65536,65588,True
model.safetensors,value_embeds.3.weight,19008,32,512,16384,0,16376,0,65536,65568,True
model.safetensors,value_embeds.3.weight,19040,32,512,16384,0,16383,0,65536,65596,True
model.safetensors,value_embeds.3.weight,19072,32,512,16384,0,16381,0,65536,65588,True
model.safetensors,value_embeds.3.weight,19104,32,512,16384,0,16382,0,65536,65592,True
model.safetensors,value_embeds.3.weight,19136,32,512,16384,0,16382,0,65536,65592,True
model.safetensors,value_embeds.3.weight,19168,32,512,16384,0,16381,0,65536,65588,True
model.safetensors,value_embeds.3.weight,19200,32,512,16384,0,16384,0,65536,65600,True
model.safetensors,value_embeds.3.weight,19232,32,512,16384,0,16382,0,65536,65592,True
model.safetensors,value_embeds.3.weight,19264,32,512,16384,0,16381,0,65536,65588,True
model.safetensors,value_embeds.3.weight,19296,32,512,16384,0,16382,0,65536,65592,True
model.safetensors,value_embeds.3.weight,19328,32,512,16384,0,16381,0,65536,65588,True
model.safetensors,value_embeds.3.weight,19360,32,512,16384,0,16383,0,65536,65596,True
model.safetensors,value_embeds.3.weight,19392,32,512,16384,0,16383,0,65536,65596,True
model.safetensors,value_embeds.3.weight,19424,32,512,16384,0,16384,0,65536,65600,True
model.safetensors,value_embeds.3.weight,19456,32,512,16384,0,16384,0,65536,65600,True
model.safetensors,value_embeds.3.weight,19488,32,512,16384,0,16382,0,65536,65592,True
model.safetensors,value_embeds.3.weight,19520,32,512,16384,0,16383,0,65536,65596,True
model.safetensors,value_embeds.3.weight,19552,32,512,16384,0,16384,0,65536,65600,True
model.safetensors,value_embeds.3.weight,19584,32,512,16384,0,16382,0,65536,65592,True
model.safetensors,value_embeds.3.weight,19616,32,512,16384,0,16384,0,65536,65600,True
model.safetensors,value_embeds.3.weight,19648,32,512,16384,0,16383,0,65536,65596,True
model.safetensors,value_embeds.3.weight,19680,32,512,16384,0,16380,0,65536,65584,True
model.safetensors,value_embeds.3.weight,19712,32,512,16384,0,16383,0,65536,65596,True
model.safetensors,value_embeds.3.weight,19744,32,512,16384,0,16383,0,65536,65596,True
model.safetensors,value_embeds.3.weight,19776,32,512,16384,0,16383,0,65536,65596,True
model.safetensors,value_embeds.3.weight,19808,32,512,16384,0,16382,0,65536,65592,True
model.safetensors,value_embeds.3.weight,19840,32,512,16384,0,16382,0,65536,65592,True
model.safetensors,value_embeds.3.weight,19872,32,512,16384,0,16383,0,65536,65596,True
model.safetensors,value_embeds.3.weight,19904,32,512,16384,0,16381,0,65536,65588,True
model.safetensors,value_embeds.3.weight,19936,32,512,16384,0,16383,0,65536,65596,True
model.safetensors,value_embeds.3.weight,19968,32,512,16384,0,16384,0,65536,65600,True
model.safetensors,value_embeds.3.weight,20000,32,512,16384,0,16380,0,65536,65584,True
model.safetensors,value_embeds.3.weight,20032,32,512,16384,0,16382,0,65536,65592,True
model.safetensors,value_embeds.3.weight,20064,32,512,16384,0,16379,0,65536,65580,True
model.safetensors,value_embeds.3.weight,20096,32,512,16384,0,16384,0,65536,65600,True
model.safetensors,value_embeds.3.weight,20128,32,512,16384,0,16382,0,65536,65592,True
model.safetensors,value_embeds.3.weight,20160,32,512,16384,0,16383,0,65536,65596,True
model.safetensors,value_embeds.3.weight,20192,32,512,16384,0,16381,0,65536,65588,True
model.safetensors,value_embeds.3.weight,20224,32,512,16384,0,16382,0,65536,65592,True
model.safetensors,value_embeds.3.weight,20256,32,512,16384,0,16382,0,65536,65592,True
model.safetensors,value_embeds.3.weight,20288,32,512,16384,0,16379,0,65536,65580,True
model.safetensors,value_embeds.3.weight,20320,32,512,16384,0,16381,0,65536,65588,True
model.safetensors,value_embeds.3.weight,20352,32,512,16384,0,16381,0,65536,65588,True
model.safetensors,value_embeds.3.weight,20384,32,512,16384,0,16382,0,65536,65592,True
model.safetensors,value_embeds.3.weight,20416,32,512,16384,0,16380,0,65536,65584,True
model.safetensors,value_embeds.3.weight,20448,32,512,16384,0,16384,0,65536,65600,True
model.safetensors,value_embeds.3.weight,20480,32,512,16384,0,16383,0,65536,65596,True
model.safetensors,value_embeds.3.weight,20512,32,512,16384,0,16383,0,65536,65596,True
model.safetensors,value_embeds.3.weight,20544,32,512,16384,0,16381,0,65536,65588,True
model.safetensors,value_embeds.3.weight,20576,32,512,16384,0,16382,0,65536,65592,True
model.safetensors,value_embeds.3.weight,20608,32,512,16384,0,16383,0,65536,65596,True
model.safetensors,value_embeds.3.weight,20640,32,512,16384,0,16382,0,65536,65592,True
model.safetensors,value_embeds.3.weight,20672,32,512,16384,0,16383,0,65536,65596,True
model.safetensors,value_embeds.3.weight,20704,32,512,16384,0,16383,0,65536,65596,True
model.safetensors,value_embeds.3.weight,20736,32,512,16384,0,16383,0,65536,65596,True
model.safetensors,value_embeds.3.weight,20768,32,512,16384,0,16382,0,65536,65592,True
model.safetensors,value_embeds.3.weight,20800,32,512,16384,0,16382,0,65536,65592,True
model.safetensors,value_embeds.3.weight,20832,32,512,16384,0,16382,0,65536,65592,True
model.safetensors,value_embeds.3.weight,20864,32,512,16384,0,16380,0,65536,65584,True
model.safetensors,value_embeds.3.weight,20896,32,512,16384,0,16384,0,65536,65600,True
model.safetensors,value_embeds.3.weight,20928,32,512,16384,0,16382,0,65536,65592,True
model.safetensors,value_embeds.3.weight,20960,32,512,16384,0,16382,0,65536,65592,True
model.safetensors,value_embeds.3.weight,20992,32,512,16384,0,16382,0,65536,65592,True
model.safetensors,value_embeds.3.weight,21024,32,512,16384,0,16379,0,65536,65580,True
model.safetensors,value_embeds.3.weight,21056,32,512,16384,0,16382,0,65536,65592,True
model.safetensors,value_embeds.3.weight,21088,32,512,16384,0,16381,0,65536,65588,True
model.safetensors,value_embeds.3.weight,21120,32,512,16384,0,16383,0,65536,65596,True
model.safetensors,value_embeds.3.weight,21152,32,512,16384,0,16381,0,65536,65588,True
model.safetensors,value_embeds.3.weight,21184,32,512,16384,0,16381,0,65536,65588,True
model.safetensors,value_embeds.3.weight,21216,32,512,16384,0,16384,0,65536,65600,True
model.safetensors,value_embeds.3.weight,21248,32,512,16384,0,16382,0,65536,65592,True
model.safetensors,value_embeds.3.weight,21280,32,512,16384,0,16381,0,65536,65588,True
model.safetensors,value_embeds.3.weight,21312,32,512,16384,0,16383,0,65536,65596,True
model.safetensors,value_embeds.3.weight,21344,32,512,16384,0,16380,0,65536,65584,True
model.safetensors,value_embeds.3.weight,21376,32,512,16384,0,16382,0,65536,65592,True
model.safetensors,value_embeds.3.weight,21408,32,512,16384,0,16381,0,65536,65588,True
model.safetensors,value_embeds.3.weight,21440,32,512,16384,0,16382,0,65536,65592,True
model.safetensors,value_embeds.3.weight,21472,32,512,16384,0,16381,0,65536,65588,True
model.safetensors,value_embeds.3.weight,21504,32,512,16384,0,16383,0,65536,65596,True
model.safetensors,value_embeds.3.weight,21536,32,512,16384,0,16383,0,65536,65596,True
model.safetensors,value_embeds.3.weight,21568,32,512,16384,0,16384,0,65536,65600,True
model.safetensors,value_embeds.3.weight,21600,32,512,16384,0,16383,0,65536,65596,True
model.safetensors,value_embeds.3.weight,21632,32,512,16384,0,16380,0,65536,65584,True
model.safetensors,value_embeds.3.weight,21664,32,512,16384,0,16380,0,65536,65584,True
model.safetensors,value_embeds.3.weight,21696,32,512,16384,0,16384,0,65536,65600,True
model.safetensors,value_embeds.3.weight,21728,32,512,16384,0,16382,0,65536,65592,True
model.safetensors,value_embeds.3.weight,21760,32,512,16384,0,16384,0,65536,65600,True
model.safetensors,value_embeds.3.weight,21792,32,512,16384,0,16383,0,65536,65596,True
model.safetensors,value_embeds.3.weight,21824,32,512,16384,0,16381,0,65536,65588,True
model.safetensors,value_embeds.3.weight,21856,32,512,16384,0,16383,0,65536,65596,True
model.safetensors,value_embeds.3.weight,21888,32,512,16384,0,16382,0,65536,65592,True
model.safetensors,value_embeds.3.weight,21920,32,512,16384,0,16384,0,65536,65600,True
model.safetensors,value_embeds.3.weight,21952,32,512,16384,0,16383,0,65536,65596,True
model.safetensors,value_embeds.3.weight,21984,32,512,16384,0,16383,0,65536,65596,True
model.safetensors,value_embeds.3.weight,22016,32,512,16384,0,16384,0,65536,65600,True
model.safetensors,value_embeds.3.weight,22048,32,512,16384,0,16381,0,65536,65588,True
model.safetensors,value_embeds.3.weight,22080,32,512,16384,0,16383,0,65536,65596,True
model.safetensors,value_embeds.3.weight,22112,32,512,16384,0,16384,0,65536,65600,True
model.safetensors,value_embeds.3.weight,22144,32,512,16384,0,16383,0,65536,65596,True
model.safetensors,value_embeds.3.weight,22176,32,512,16384,0,16380,0,65536,65584,True
model.safetensors,value_embeds.3.weight,22208,32,512,16384,0,16380,0,65536,65584,True
model.safetensors,value_embeds.3.weight,22240,32,512,16384,0,16382,0,65536,65592,True
model.safetensors,value_embeds.3.weight,22272,32,512,16384,0,16380,0,65536,65584,True
model.safetensors,value_embeds.3.weight,22304,32,512,16384,0,16383,0,65536,65596,True
model.safetensors,value_embeds.3.weight,22336,32,512,16384,0,16384,0,65536,65600,True
model.safetensors,value_embeds.3.weight,22368,32,512,16384,0,16382,0,65536,65592,True
model.safetensors,value_embeds.3.weight,22400,32,512,16384,0,16382,0,65536,65592,True
model.safetensors,value_embeds.3.weight,22432,32,512,16384,0,16382,0,65536,65592,True
model.safetensors,value_embeds.3.weight,22464,32,512,16384,0,16384,0,65536,65600,True
model.safetensors,value_embeds.3.weight,22496,32,512,16384,0,16383,0,65536,65596,True
model.safetensors,value_embeds.3.weight,22528,32,512,16384,0,16381,0,65536,65588,True
model.safetensors,value_embeds.3.weight,22560,32,512,16384,0,16378,0,65536,65576,True
model.safetensors,value_embeds.3.weight,22592,32,512,16384,0,16381,0,65536,65588,True
model.safetensors,value_embeds.3.weight,22624,32,512,16384,0,16382,0,65536,65592,True
model.safetensors,value_embeds.3.weight,22656,32,512,16384,0,16383,0,65536,65596,True
model.safetensors,value_embeds.3.weight,22688,32,512,16384,0,16381,0,65536,65588,True
model.safetensors,value_embeds.3.weight,22720,32,512,16384,0,16383,0,65536,65596,True
model.safetensors,value_embeds.3.weight,22752,32,512,16384,0,16382,0,65536,65592,True
model.safetensors,value_embeds.3.weight,22784,32,512,16384,0,16383,0,65536,65596,True
model.safetensors,value_embeds.3.weight,22816,32,512,16384,0,16383,0,65536,65596,True
model.safetensors,value_embeds.3.weight,22848,32,512,16384,0,16379,0,65536,65580,True
model.safetensors,value_embeds.3.weight,22880,32,512,16384,0,16383,0,65536,65596,True
model.safetensors,value_embeds.3.weight,22912,32,512,16384,0,16381,0,65536,65588,True
model.safetensors,value_embeds.3.weight,22944,32,512,16384,0,16382,0,65536,65592,True
model.safetensors,value_embeds.3.weight,22976,32,512,16384,0,16382,0,65536,65592,True
model.safetensors,value_embeds.3.weight,23008,32,512,16384,0,16383,0,65536,65596,True
model.safetensors,value_embeds.3.weight,23040,32,512,16384,0,16384,0,65536,65600,True
model.safetensors,value_embeds.3.weight,23072,32,512,16384,0,16384,0,65536,65600,True
model.safetensors,value_embeds.3.weight,23104,32,512,16384,0,16383,0,65536,65596,True
model.safetensors,value_embeds.3.weight,23136,32,512,16384,0,16382,0,65536,65592,True
model.safetensors,value_embeds.3.weight,23168,32,512,16384,0,16378,0,65536,65576,True
model.safetensors,value_embeds.3.weight,23200,32,512,16384,0,16382,0,65536,65592,True
model.safetensors,value_embeds.3.weight,23232,32,512,16384,0,16381,0,65536,65588,True
model.safetensors,value_embeds.3.weight,23264,32,512,16384,0,16384,0,65536,65600,True
model.safetensors,value_embeds.3.weight,23296,32,512,16384,0,16382,0,65536,65592,True
model.safetensors,value_embeds.3.weight,23328,32,512,16384,0,16383,0,65536,65596,True
model.safetensors,value_embeds.3.weight,23360,32,512,16384,0,16381,0,65536,65588,True
model.safetensors,value_embeds.3.weight,23392,32,512,16384,0,16381,0,65536,65588,True
model.safetensors,value_embeds.3.weight,23424,32,512,16384,0,16381,0,65536,65588,True
model.safetensors,value_embeds.3.weight,23456,32,512,16384,0,16383,0,65536,65596,True
model.safetensors,value_embeds.3.weight,23488,32,512,16384,0,16381,0,65536,65588,True
model.safetensors,value_embeds.3.weight,23520,32,512,16384,0,16382,0,65536,65592,True
model.safetensors,value_embeds.3.weight,23552,32,512,16384,0,16384,0,65536,65600,True
model.safetensors,value_embeds.3.weight,23584,32,512,16384,0,16381,0,65536,65588,True
model.safetensors,value_embeds.3.weight,23616,32,512,16384,0,16384,0,65536,65600,True
model.safetensors,value_embeds.3.weight,23648,32,512,16384,0,16383,0,65536,65596,True
model.safetensors,value_embeds.3.weight,23680,32,512,16384,0,16381,0,65536,65588,True
model.safetensors,value_embeds.3.weight,23712,32,512,16384,0,16383,0,65536,65596,True
model.safetensors,value_embeds.3.weight,23744,32,512,16384,0,16382,0,65536,65592,True
model.safetensors,value_embeds.3.weight,23776,32,512,16384,0,16382,0,65536,65592,True
model.safetensors,value_embeds.3.weight,23808,32,512,16384,0,16382,0,65536,65592,True
model.safetensors,value_embeds.3.weight,23840,32,512,16384,0,16384,0,65536,65600,True
model.safetensors,value_embeds.3.weight,23872,32,512,16384,0,16383,0,65536,65596,True
model.safetensors,value_embeds.3.weight,23904,32,512,16384,0,16384,0,65536,65600,True
model.safetensors,value_embeds.3.weight,23936,32,512,16384,0,16383,0,65536,65596,True
model.safetensors,value_embeds.3.weight,23968,32,512,16384,0,16381,0,65536,65588,True
model.safetensors,value_embeds.3.weight,24000,32,512,16384,0,16379,0,65536,65580,True
model.safetensors,value_embeds.3.weight,24032,32,512,16384,0,16383,0,65536,65596,True
model.safetensors,value_embeds.3.weight,24064,32,512,16384,0,16382,0,65536,65592,True
model.safetensors,value_embeds.3.weight,24096,32,512,16384,0,16383,0,65536,65596,True
model.safetensors,value_embeds.3.weight,24128,32,512,16384,0,16383,0,65536,65596,True
model.safetensors,value_embeds.3.weight,24160,32,512,16384,0,16383,0,65536,65596,True
model.safetensors,value_embeds.3.weight,24192,32,512,16384,0,16383,0,65536,65596,True
model.safetensors,value_embeds.3.weight,24224,32,512,16384,0,16384,0,65536,65600,True
model.safetensors,value_embeds.3.weight,24256,32,512,16384,0,16384,0,65536,65600,True
model.safetensors,value_embeds.3.weight,24288,32,512,16384,0,16383,0,65536,65596,True
model.safetensors,value_embeds.3.weight,24320,32,512,16384,0,16383,0,65536,65596,True
model.safetensors,value_embeds.3.weight,24352,32,512,16384,0,16383,0,65536,65596,True
model.safetensors,value_embeds.3.weight,24384,32,512,16384,0,16380,0,65536,65584,True
model.safetensors,value_embeds.3.weight,24416,32,512,16384,0,16384,0,65536,65600,True
model.safetensors,value_embeds.3.weight,24448,32,512,16384,0,16382,0,65536,65592,True
model.safetensors,value_embeds.3.weight,24480,32,512,16384,0,16378,0,65536,65576,True
model.safetensors,value_embeds.3.weight,24512,32,512,16384,0,16383,0,65536,65596,True
model.safetensors,value_embeds.3.weight,24544,32,512,16384,0,16384,0,65536,65600,True
model.safetensors,value_embeds.3.weight,24576,32,512,16384,0,16383,0,65536,65596,True
model.safetensors,value_embeds.3.weight,24608,32,512,16384,0,16382,0,65536,65592,True
model.safetensors,value_embeds.3.weight,24640,32,512,16384,0,16383,0,65536,65596,True
model.safetensors,value_embeds.3.weight,24672,32,512,16384,0,16384,0,65536,65600,True
model.safetensors,value_embeds.3.weight,24704,32,512,16384,0,16382,0,65536,65592,True
model.safetensors,value_embeds.3.weight,24736,32,512,16384,0,16381,0,65536,65588,True
model.safetensors,value_embeds.3.weight,24768,32,512,16384,0,16380,0,65536,65584,True
model.safetensors,value_embeds.3.weight,24800,32,512,16384,0,16383,0,65536,65596,True
model.safetensors,value_embeds.3.weight,24832,32,512,16384,0,16382,0,65536,65592,True
model.safetensors,value_embeds.3.weight,24864,32,512,16384,0,16382,0,65536,65592,True
model.safetensors,value_embeds.3.weight,24896,32,512,16384,0,16380,0,65536,65584,True
model.safetensors,value_embeds.3.weight,24928,32,512,16384,0,16383,0,65536,65596,True
model.safetensors,value_embeds.3.weight,24960,32,512,16384,0,16381,0,65536,65588,True
model.safetensors,value_embeds.3.weight,24992,32,512,16384,0,16382,0,65536,65592,True
model.safetensors,value_embeds.3.weight,25024,32,512,16384,0,16381,0,65536,65588,True
model.safetensors,value_embeds.3.weight,25056,32,512,16384,0,16380,0,65536,65584,True
model.safetensors,value_embeds.3.weight,25088,32,512,16384,0,16380,0,65536,65584,True
model.safetensors,value_embeds.3.weight,25120,32,512,16384,0,16383,0,65536,65596,True
model.safetensors,value_embeds.3.weight,25152,32,512,16384,0,16382,0,65536,65592,True
model.safetensors,value_embeds.3.weight,25184,32,512,16384,0,16383,0,65536,65596,True
model.safetensors,value_embeds.3.weight,25216,32,512,16384,0,16382,0,65536,65592,True
model.safetensors,value_embeds.3.weight,25248,32,512,16384,0,16383,0,65536,65596,True
model.safetensors,value_embeds.3.weight,25280,32,512,16384,0,16381,0,65536,65588,True
model.safetensors,value_embeds.3.weight,25312,32,512,16384,0,16381,0,65536,65588,True
model.safetensors,value_embeds.3.weight,25344,32,512,16384,0,16380,0,65536,65584,True
model.safetensors,value_embeds.3.weight,25376,32,512,16384,0,16382,0,65536,65592,True
model.safetensors,value_embeds.3.weight,25408,32,512,16384,0,16381,0,65536,65588,True
model.safetensors,value_embeds.3.weight,25440,32,512,16384,0,16381,0,65536,65588,True
model.safetensors,value_embeds.3.weight,25472,32,512,16384,0,16381,0,65536,65588,True
model.safetensors,value_embeds.3.weight,25504,32,512,16384,0,16378,0,65536,65576,True
model.safetensors,value_embeds.3.weight,25536,32,512,16384,0,16384,0,65536,65600,True
model.safetensors,value_embeds.3.weight,25568,32,512,16384,0,16383,0,65536,65596,True
model.safetensors,value_embeds.3.weight,25600,32,512,16384,0,16384,0,65536,65600,True
model.safetensors,value_embeds.3.weight,25632,32,512,16384,0,16383,0,65536,65596,True
model.safetensors,value_embeds.3.weight,25664,32,512,16384,0,16382,0,65536,65592,True
model.safetensors,value_embeds.3.weight,25696,32,512,16384,0,16382,0,65536,65592,True
model.safetensors,value_embeds.3.weight,25728,32,512,16384,0,16383,0,65536,65596,True
model.safetensors,value_embeds.3.weight,25760,32,512,16384,0,16382,0,65536,65592,True
model.safetensors,value_embeds.3.weight,25792,32,512,16384,0,16382,0,65536,65592,True
model.safetensors,value_embeds.3.weight,25824,32,512,16384,0,16383,0,65536,65596,True
model.safetensors,value_embeds.3.weight,25856,32,512,16384,0,16382,0,65536,65592,True
model.safetensors,value_embeds.3.weight,25888,32,512,16384,0,16383,0,65536,65596,True
model.safetensors,value_embeds.3.weight,25920,32,512,16384,0,16383,0,65536,65596,True
model.safetensors,value_embeds.3.weight,25952,32,512,16384,0,16380,0,65536,65584,True
model.safetensors,value_embeds.3.weight,25984,32,512,16384,0,16383,0,65536,65596,True
model.safetensors,value_embeds.3.weight,26016,32,512,16384,0,16381,0,65536,65588,True
model.safetensors,value_embeds.3.weight,26048,32,512,16384,0,16383,0,65536,65596,True
model.safetensors,value_embeds.3.weight,26080,32,512,16384,0,16383,0,65536,65596,True
model.safetensors,value_embeds.3.weight,26112,32,512,16384,0,16382,0,65536,65592,True
model.safetensors,value_embeds.3.weight,26144,32,512,16384,0,16383,0,65536,65596,True
model.safetensors,value_embeds.3.weight,26176,32,512,16384,0,16380,0,65536,65584,True
model.safetensors,value_embeds.3.weight,26208,32,512,16384,0,16382,0,65536,65592,True
model.safetensors,value_embeds.3.weight,26240,32,512,16384,0,16383,0,65536,65596,True
model.safetensors,value_embeds.3.weight,26272,32,512,16384,0,16384,0,65536,65600,True
model.safetensors,value_embeds.3.weight,26304,32,512,16384,0,16383,0,65536,65596,True
model.safetensors,value_embeds.3.weight,26336,32,512,16384,0,16383,0,65536,65596,True
model.safetensors,value_embeds.3.weight,26368,32,512,16384,0,16384,0,65536,65600,True
model.safetensors,value_embeds.3.weight,26400,32,512,16384,0,16380,0,65536,65584,True
model.safetensors,value_embeds.3.weight,26432,32,512,16384,0,16384,0,65536,65600,True
model.safetensors,value_embeds.3.weight,26464,32,512,16384,0,16384,0,65536,65600,True
model.safetensors,value_embeds.3.weight,26496,32,512,16384,0,16382,0,65536,65592,True
model.safetensors,value_embeds.3.weight,26528,32,512,16384,0,16383,0,65536,65596,True
model.safetensors,value_embeds.3.weight,26560,32,512,16384,0,16383,0,65536,65596,True
model.safetensors,value_embeds.3.weight,26592,32,512,16384,0,16383,0,65536,65596,True
model.safetensors,value_embeds.3.weight,26624,32,512,16384,0,16383,0,65536,65596,True
model.safetensors,value_embeds.3.weight,26656,32,512,16384,0,16379,0,65536,65580,True
model.safetensors,value_embeds.3.weight,26688,32,512,16384,0,16383,0,65536,65596,True
model.safetensors,value_embeds.3.weight,26720,32,512,16384,0,16381,0,65536,65588,True
model.safetensors,value_embeds.3.weight,26752,32,512,16384,0,16383,0,65536,65596,True
model.safetensors,value_embeds.3.weight,26784,32,512,16384,0,16381,0,65536,65588,True
model.safetensors,value_embeds.3.weight,26816,32,512,16384,0,16382,0,65536,65592,True
model.safetensors,value_embeds.3.weight,26848,32,512,16384,0,16382,0,65536,65592,True
model.safetensors,value_embeds.3.weight,26880,32,512,16384,0,16382,0,65536,65592,True
model.safetensors,value_embeds.3.weight,26912,32,512,16384,0,16382,0,65536,65592,True
model.safetensors,value_embeds.3.weight,26944,32,512,16384,0,16383,0,65536,65596,True
model.safetensors,value_embeds.3.weight,26976,32,512,16384,0,16382,0,65536,65592,True
model.safetensors,value_embeds.3.weight,27008,32,512,16384,0,16383,0,65536,65596,True
model.safetensors,value_embeds.3.weight,27040,32,512,16384,0,16383,0,65536,65596,True
model.safetensors,value_embeds.3.weight,27072,32,512,16384,0,16379,0,65536,65580,True
model.safetensors,value_embeds.3.weight,27104,32,512,16384,0,16384,0,65536,65600,True
model.safetensors,value_embeds.3.weight,27136,32,512,16384,0,16381,0,65536,65588,True
model.safetensors,value_embeds.3.weight,27168,32,512,16384,0,16381,0,65536,65588,True
model.safetensors,value_embeds.3.weight,27200,32,512,16384,0,16381,0,65536,65588,True
model.safetensors,value_embeds.3.weight,27232,32,512,16384,0,16382,0,65536,65592,True
model.safetensors,value_embeds.3.weight,27264,32,512,16384,0,16382,0,65536,65592,True
model.safetensors,value_embeds.3.weight,27296,32,512,16384,0,16383,0,65536,65596,True
model.safetensors,value_embeds.3.weight,27328,32,512,16384,0,16383,0,65536,65596,True
model.safetensors,value_embeds.3.weight,27360,32,512,16384,0,16382,0,65536,65592,True
model.safetensors,value_embeds.3.weight,27392,32,512,16384,0,16381,0,65536,65588,True
model.safetensors,value_embeds.3.weight,27424,32,512,16384,0,16384,0,65536,65600,True
model.safetensors,value_embeds.3.weight,27456,32,512,16384,0,16382,0,65536,65592,True
model.safetensors,value_embeds.3.weight,27488,32,512,16384,0,16379,0,65536,65580,True
model.safetensors,value_embeds.3.weight,27520,32,512,16384,0,16380,0,65536,65584,True
model.safetensors,value_embeds.3.weight,27552,32,512,16384,0,16383,0,65536,65596,True
model.safetensors,value_embeds.3.weight,27584,32,512,16384,0,16383,0,65536,65596,True
model.safetensors,value_embeds.3.weight,27616,32,512,16384,0,16381,0,65536,65588,True
model.safetensors,value_embeds.3.weight,27648,32,512,16384,0,16384,0,65536,65600,True
model.safetensors,value_embeds.3.weight,27680,32,512,16384,0,16383,0,65536,65596,True
model.safetensors,value_embeds.3.weight,27712,32,512,16384,0,16383,0,65536,65596,True
model.safetensors,value_embeds.3.weight,27744,32,512,16384,0,16382,0,65536,65592,True
model.safetensors,value_embeds.3.weight,27776,32,512,16384,0,16383,0,65536,65596,True
model.safetensors,value_embeds.3.weight,27808,32,512,16384,0,16384,0,65536,65600,True
model.safetensors,value_embeds.3.weight,27840,32,512,16384,0,16384,0,65536,65600,True
model.safetensors,value_embeds.3.weight,27872,32,512,16384,0,16383,0,65536,65596,True
model.safetensors,value_embeds.3.weight,27904,32,512,16384,0,16383,0,65536,65596,True
model.safetensors,value_embeds.3.weight,27936,32,512,16384,0,16383,0,65536,65596,True
model.safetensors,value_embeds.3.weight,27968,32,512,16384,0,16380,0,65536,65584,True
model.safetensors,value_embeds.3.weight,28000,32,512,16384,0,16383,0,65536,65596,True
model.safetensors,value_embeds.3.weight,28032,32,512,16384,0,16383,0,65536,65596,True
model.safetensors,value_embeds.3.weight,28064,32,512,16384,0,16381,0,65536,65588,True
model.safetensors,value_embeds.3.weight,28096,32,512,16384,0,16380,0,65536,65584,True
model.safetensors,value_embeds.3.weight,28128,32,512,16384,0,16383,0,65536,65596,True
model.safetensors,value_embeds.3.weight,28160,32,512,16384,0,16380,0,65536,65584,True
model.safetensors,value_embeds.3.weight,28192,32,512,16384,0,16384,0,65536,65600,True
model.safetensors,value_embeds.3.weight,28224,32,512,16384,0,16380,0,65536,65584,True
model.safetensors,value_embeds.3.weight,28256,32,512,16384,0,16382,0,65536,65592,True
model.safetensors,value_embeds.3.weight,28288,32,512,16384,0,16382,0,65536,65592,True
model.safetensors,value_embeds.3.weight,28320,32,512,16384,0,16384,0,65536,65600,True
model.safetensors,value_embeds.3.weight,28352,32,512,16384,0,16382,0,65536,65592,True
model.safetensors,value_embeds.3.weight,28384,32,512,16384,0,16382,0,65536,65592,True
model.safetensors,value_embeds.3.weight,28416,32,512,16384,0,16383,0,65536,65596,True
model.safetensors,value_embeds.3.weight,28448,32,512,16384,0,16382,0,65536,65592,True
model.safetensors,value_embeds.3.weight,28480,32,512,16384,0,16381,0,65536,65588,True
model.safetensors,value_embeds.3.weight,28512,32,512,16384,0,16384,0,65536,65600,True
model.safetensors,value_embeds.3.weight,28544,32,512,16384,0,16381,0,65536,65588,True
model.safetensors,value_embeds.3.weight,28576,32,512,16384,0,16383,0,65536,65596,True
model.safetensors,value_embeds.3.weight,28608,32,512,16384,0,16384,0,65536,65600,True
model.safetensors,value_embeds.3.weight,28640,32,512,16384,0,16382,0,65536,65592,True
model.safetensors,value_embeds.3.weight,28672,32,512,16384,0,16384,0,65536,65600,True
model.safetensors,value_embeds.3.weight,28704,32,512,16384,0,16383,0,65536,65596,True
model.safetensors,value_embeds.3.weight,28736,32,512,16384,0,16383,0,65536,65596,True
model.safetensors,value_embeds.3.weight,28768,32,512,16384,0,16381,0,65536,65588,True
model.safetensors,value_embeds.3.weight,28800,32,512,16384,0,16383,0,65536,65596,True
model.safetensors,value_embeds.3.weight,28832,32,512,16384,0,16379,0,65536,65580,True
model.safetensors,value_embeds.3.weight,28864,32,512,16384,0,16383,0,65536,65596,True
model.safetensors,value_embeds.3.weight,28896,32,512,16384,0,16379,0,65536,65580,True
model.safetensors,value_embeds.3.weight,28928,32,512,16384,0,16383,0,65536,65596,True
model.safetensors,value_embeds.3.weight,28960,32,512,16384,0,16380,0,65536,65584,True
model.safetensors,value_embeds.3.weight,28992,32,512,16384,0,16382,0,65536,65592,True
model.safetensors,value_embeds.3.weight,29024,32,512,16384,0,16381,0,65536,65588,True
model.safetensors,value_embeds.3.weight,29056,32,512,16384,0,16382,0,65536,65592,True
model.safetensors,value_embeds.3.weight,29088,32,512,16384,0,16382,0,65536,65592,True
model.safetensors,value_embeds.3.weight,29120,32,512,16384,0,16382,0,65536,65592,True
model.safetensors,value_embeds.3.weight,29152,32,512,16384,0,16382,0,65536,65592,True
model.safetensors,value_embeds.3.weight,29184,32,512,16384,0,16382,0,65536,65592,True
model.safetensors,value_embeds.3.weight,29216,32,512,16384,0,16382,0,65536,65592,True
model.safetensors,value_embeds.3.weight,29248,32,512,16384,0,16381,0,65536,65588,True
model.safetensors,value_embeds.3.weight,29280,32,512,16384,0,16384,0,65536,65600,True
model.safetensors,value_embeds.3.weight,29312,32,512,16384,0,16381,0,65536,65588,True
model.safetensors,value_embeds.3.weight,29344,32,512,16384,0,16381,0,65536,65588,True
model.safetensors,value_embeds.3.weight,29376,32,512,16384,0,16381,0,65536,65588,True
model.safetensors,value_embeds.3.weight,29408,32,512,16384,0,16382,0,65536,65592,True
model.safetensors,value_embeds.3.weight,29440,32,512,16384,0,16380,0,65536,65584,True
model.safetensors,value_embeds.3.weight,29472,32,512,16384,0,16383,0,65536,65596,True
model.safetensors,value_embeds.3.weight,29504,32,512,16384,0,16382,0,65536,65592,True
model.safetensors,value_embeds.3.weight,29536,32,512,16384,0,16383,0,65536,65596,True
model.safetensors,value_embeds.3.weight,29568,32,512,16384,0,16381,0,65536,65588,True
model.safetensors,value_embeds.3.weight,29600,32,512,16384,0,16382,0,65536,65592,True
model.safetensors,value_embeds.3.weight,29632,32,512,16384,0,16384,0,65536,65600,True
model.safetensors,value_embeds.3.weight,29664,32,512,16384,0,16383,0,65536,65596,True
model.safetensors,value_embeds.3.weight,29696,32,512,16384,0,16384,0,65536,65600,True
model.safetensors,value_embeds.3.weight,29728,32,512,16384,0,16380,0,65536,65584,True
model.safetensors,value_embeds.3.weight,29760,32,512,16384,0,16383,0,65536,65596,True
model.safetensors,value_embeds.3.weight,29792,32,512,16384,0,16381,0,65536,65588,True
model.safetensors,value_embeds.3.weight,29824,32,512,16384,0,16382,0,65536,65592,True
model.safetensors,value_embeds.3.weight,29856,32,512,16384,0,16383,0,65536,65596,True
model.safetensors,value_embeds.3.weight,29888,32,512,16384,0,16383,0,65536,65596,True
model.safetensors,value_embeds.3.weight,29920,32,512,16384,0,16381,0,65536,65588,True
model.safetensors,value_embeds.3.weight,29952,32,512,16384,0,16383,0,65536,65596,True
model.safetensors,value_embeds.3.weight,29984,32,512,16384,0,16383,0,65536,65596,True
model.safetensors,value_embeds.3.weight,30016,32,512,16384,0,16379,0,65536,65580,True
model.safetensors,value_embeds.3.weight,30048,32,512,16384,0,16380,0,65536,65584,True
model.safetensors,value_embeds.3.weight,30080,32,512,16384,0,16380,0,65536,65584,True
model.safetensors,value_embeds.3.weight,30112,32,512,16384,0,16383,0,65536,65596,True
model.safetensors,value_embeds.3.weight,30144,32,512,16384,0,16383,0,65536,65596,True
model.safetensors,value_embeds.3.weight,30176,32,512,16384,0,16379,0,65536,65580,True
model.safetensors,value_embeds.3.weight,30208,32,512,16384,0,16383,0,65536,65596,True
model.safetensors,value_embeds.3.weight,30240,32,512,16384,0,16382,0,65536,65592,True
model.safetensors,value_embeds.3.weight,30272,32,512,16384,0,16383,0,65536,65596,True
model.safetensors,value_embeds.3.weight,30304,32,512,16384,0,16380,0,65536,65584,True
model.safetensors,value_embeds.3.weight,30336,32,512,16384,0,16383,0,65536,65596,True
model.safetensors,value_embeds.3.weight,30368,32,512,16384,0,16383,0,65536,65596,True
model.safetensors,value_embeds.3.weight,30400,32,512,16384,0,16383,0,65536,65596,True
model.safetensors,value_embeds.3.weight,30432,32,512,16384,0,16383,0,65536,65596,True
model.safetensors,value_embeds.3.weight,30464,32,512,16384,0,16382,0,65536,65592,True
model.safetensors,value_embeds.3.weight,30496,32,512,16384,0,16380,0,65536,65584,True
model.safetensors,value_embeds.3.weight,30528,32,512,16384,0,16381,0,65536,65588,True
model.safetensors,value_embeds.3.weight,30560,32,512,16384,0,16384,0,65536,65600,True
model.safetensors,value_embeds.3.weight,30592,32,512,16384,0,16382,0,65536,65592,True
model.safetensors,value_embeds.3.weight,30624,32,512,16384,0,16381,0,65536,65588,True
model.safetensors,value_embeds.3.weight,30656,32,512,16384,0,16381,0,65536,65588,True
model.safetensors,value_embeds.3.weight,30688,32,512,16384,0,16382,0,65536,65592,True
model.safetensors,value_embeds.3.weight,30720,32,512,16384,0,16382,0,65536,65592,True
model.safetensors,value_embeds.3.weight,30752,32,512,16384,0,16381,0,65536,65588,True
model.safetensors,value_embeds.3.weight,30784,32,512,16384,0,16382,0,65536,65592,True
model.safetensors,value_embeds.3.weight,30816,32,512,16384,0,16382,0,65536,65592,True
model.safetensors,value_embeds.3.weight,30848,32,512,16384,0,16380,0,65536,65584,True
model.safetensors,value_embeds.3.weight,30880,32,512,16384,0,16384,0,65536,65600,True
model.safetensors,value_embeds.3.weight,30912,32,512,16384,0,16382,0,65536,65592,True
model.safetensors,value_embeds.3.weight,30944,32,512,16384,0,16383,0,65536,65596,True
model.safetensors,value_embeds.3.weight,30976,32,512,16384,0,16383,0,65536,65596,True
model.safetensors,value_embeds.3.weight,31008,32,512,16384,0,16384,0,65536,65600,True
model.safetensors,value_embeds.3.weight,31040,32,512,16384,0,16379,0,65536,65580,True
model.safetensors,value_embeds.3.weight,31072,32,512,16384,0,16384,0,65536,65600,True
model.safetensors,value_embeds.3.weight,31104,32,512,16384,0,16382,0,65536,65592,True
model.safetensors,value_embeds.3.weight,31136,32,512,16384,0,16383,0,65536,65596,True
model.safetensors,value_embeds.3.weight,31168,32,512,16384,0,16381,0,65536,65588,True
model.safetensors,value_embeds.3.weight,31200,32,512,16384,0,16382,0,65536,65592,True
model.safetensors,value_embeds.3.weight,31232,32,512,16384,0,16382,0,65536,65592,True
model.safetensors,value_embeds.3.weight,31264,32,512,16384,0,16380,0,65536,65584,True
model.safetensors,value_embeds.3.weight,31296,32,512,16384,0,16382,0,65536,65592,True
model.safetensors,value_embeds.3.weight,31328,32,512,16384,0,16381,0,65536,65588,True
model.safetensors,value_embeds.3.weight,31360,32,512,16384,0,16383,0,65536,65596,True
model.safetensors,value_embeds.3.weight,31392,32,512,16384,0,16380,0,65536,65584,True
model.safetensors,value_embeds.3.weight,31424,32,512,16384,0,16382,0,65536,65592,True
model.safetensors,value_embeds.3.weight,31456,32,512,16384,0,16382,0,65536,65592,True
model.safetensors,value_embeds.3.weight,31488,32,512,16384,0,16384,0,65536,65600,True
model.safetensors,value_embeds.3.weight,31520,32,512,16384,0,16382,0,65536,65592,True
model.safetensors,value_embeds.3.weight,31552,32,512,16384,0,16382,0,65536,65592,True
model.safetensors,value_embeds.3.weight,31584,32,512,16384,0,16382,0,65536,65592,True
model.safetensors,value_embeds.3.weight,31616,32,512,16384,0,16381,0,65536,65588,True
model.safetensors,value_embeds.3.weight,31648,32,512,16384,0,16382,0,65536,65592,True
model.safetensors,value_embeds.3.weight,31680,32,512,16384,0,16383,0,65536,65596,True
model.safetensors,value_embeds.3.weight,31712,32,512,16384,0,16383,0,65536,65596,True
model.safetensors,value_embeds.3.weight,31744,32,512,16384,0,16383,0,65536,65596,True
model.safetensors,value_embeds.3.weight,31776,32,512,16384,0,16381,0,65536,65588,True
model.safetensors,value_embeds.3.weight,31808,32,512,16384,0,16383,0,65536,65596,True
model.safetensors,value_embeds.3.weight,31840,32,512,16384,0,16382,0,65536,65592,True
model.safetensors,value_embeds.3.weight,31872,32,512,16384,0,16381,0,65536,65588,True
model.safetensors,value_embeds.3.weight,31904,32,512,16384,0,16384,0,65536,65600,True
model.safetensors,value_embeds.3.weight,31936,32,512,16384,0,16383,0,65536,65596,True
model.safetensors,value_embeds.3.weight,31968,32,512,16384,0,16380,0,65536,65584,True
model.safetensors,value_embeds.3.weight,32000,32,512,16384,0,16381,0,65536,65588,True
model.safetensors,value_embeds.3.weight,32032,32,512,16384,0,16382,0,65536,65592,True
model.safetensors,value_embeds.3.weight,32064,32,512,16384,0,16382,0,65536,65592,True
model.safetensors,value_embeds.3.weight,32096,32,512,16384,0,16384,0,65536,65600,True
model.safetensors,value_embeds.3.weight,32128,32,512,16384,0,16381,0,65536,65588,True
model.safetensors,value_embeds.3.weight,32160,32,512,16384,0,16384,0,65536,65600,True
model.safetensors,value_embeds.3.weight,32192,32,512,16384,0,16379,0,65536,65580,True
model.safetensors,value_embeds.3.weight,32224,32,512,16384,0,16380,0,65536,65584,True
model.safetensors,value_embeds.3.weight,32256,32,512,16384,0,16382,0,65536,65592,True
model.safetensors,value_embeds.3.weight,32288,32,512,16384,0,16383,0,65536,65596,True
model.safetensors,value_embeds.3.weight,32320,32,512,16384,0,16382,0,65536,65592,True
model.safetensors,value_embeds.3.weight,32352,32,512,16384,0,16378,0,65536,65576,True
model.safetensors,value_embeds.3.weight,32384,32,512,16384,0,16383,0,65536,65596,True
model.safetensors,value_embeds.3.weight,32416,32,512,16384,0,16380,0,65536,65584,True
model.safetensors,value_embeds.3.weight,32448,32,512,16384,0,16380,0,65536,65584,True
model.safetensors,value_embeds.3.weight,32480,32,512,16384,0,16381,0,65536,65588,True
model.safetensors,value_embeds.3.weight,32512,32,512,16384,0,16382,0,65536,65592,True
model.safetensors,value_embeds.3.weight,32544,32,512,16384,0,16380,0,65536,65584,True
model.safetensors,value_embeds.3.weight,32576,32,512,16384,0,16383,0,65536,65596,True
model.safetensors,value_embeds.3.weight,32608,32,512,16384,0,16381,0,65536,65588,True
model.safetensors,value_embeds.3.weight,32640,32,512,16384,0,16381,0,65536,65588,True
model.safetensors,value_embeds.3.weight,32672,32,512,16384,0,16382,0,65536,65592,True
model.safetensors,value_embeds.3.weight,32704,32,512,16384,0,16383,0,65536,65596,True
model.safetensors,value_embeds.3.weight,32736,32,512,16384,0,16383,0,65536,65596,True
model.safetensors,value_embeds.5.weight,0,32,512,16384,0,16377,0,65536,65572,True
model.safetensors,value_embeds.5.weight,32,32,512,16384,0,16383,0,65536,65596,True
model.safetensors,value_embeds.5.weight,64,32,512,16384,0,16384,0,65536,65600,True
model.safetensors,value_embeds.5.weight,96,32,512,16384,0,16380,0,65536,65584,True
model.safetensors,value_embeds.5.weight,128,32,512,16384,0,16383,0,65536,65596,True
model.safetensors,value_embeds.5.weight,160,32,512,16384,0,16384,0,65536,65600,True
model.safetensors,value_embeds.5.weight,192,32,512,16384,0,16381,0,65536,65588,True
model.safetensors,value_embeds.5.weight,224,32,512,16384,0,16379,0,65536,65580,True
model.safetensors,value_embeds.5.weight,256,32,512,16384,0,16384,0,65536,65600,True
model.safetensors,value_embeds.5.weight,288,32,512,16384,0,16382,0,65536,65592,True
model.safetensors,value_embeds.5.weight,320,32,512,16384,0,16383,0,65536,65596,True
model.safetensors,value_embeds.5.weight,352,32,512,16384,0,16382,0,65536,65592,True
model.safetensors,value_embeds.5.weight,384,32,512,16384,0,16383,0,65536,65596,True
model.safetensors,value_embeds.5.weight,416,32,512,16384,0,16383,0,65536,65596,True
model.safetensors,value_embeds.5.weight,448,32,512,16384,0,16380,0,65536,65584,True
model.safetensors,value_embeds.5.weight,480,32,512,16384,0,16383,0,65536,65596,True
model.safetensors,value_embeds.5.weight,512,32,512,16384,0,16381,0,65536,65588,True
model.safetensors,value_embeds.5.weight,544,32,512,16384,0,16384,0,65536,65600,True
model.safetensors,value_embeds.5.weight,576,32,512,16384,0,16382,0,65536,65592,True
model.safetensors,value_embeds.5.weight,608,32,512,16384,0,16383,0,65536,65596,True
model.safetensors,value_embeds.5.weight,640,32,512,16384,0,16383,0,65536,65596,True
model.safetensors,value_embeds.5.weight,672,32,512,16384,0,16383,0,65536,65596,True
model.safetensors,value_embeds.5.weight,704,32,512,16384,0,16381,0,65536,65588,True
model.safetensors,value_embeds.5.weight,736,32,512,16384,0,16382,0,65536,65592,True
model.safetensors,value_embeds.5.weight,768,32,512,16384,0,16383,0,65536,65596,True
model.safetensors,value_embeds.5.weight,800,32,512,16384,0,16381,0,65536,65588,True
model.safetensors,value_embeds.5.weight,832,32,512,16384,0,16382,0,65536,65592,True
model.safetensors,value_embeds.5.weight,864,32,512,16384,0,16384,0,65536,65600,True
model.safetensors,value_embeds.5.weight,896,32,512,16384,0,16384,0,65536,65600,True
model.safetensors,value_embeds.5.weight,928,32,512,16384,0,16384,0,65536,65600,True
model.safetensors,value_embeds.5.weight,960,32,512,16384,0,16383,0,65536,65596,True
model.safetensors,value_embeds.5.weight,992,32,512,16384,0,16384,0,65536,65600,True
model.safetensors,value_embeds.5.weight,1024,32,512,16384,0,16384,0,65536,65600,True
model.safetensors,value_embeds.5.weight,1056,32,512,16384,0,16382,0,65536,65592,True
model.safetensors,value_embeds.5.weight,1088,32,512,16384,0,16381,0,65536,65588,True
model.safetensors,value_embeds.5.weight,1120,32,512,16384,0,16384,0,65536,65600,True
model.safetensors,value_embeds.5.weight,1152,32,512,16384,0,16384,0,65536,65600,True
model.safetensors,value_embeds.5.weight,1184,32,512,16384,0,16383,0,65536,65596,True
model.safetensors,value_embeds.5.weight,1216,32,512,16384,0,16383,0,65536,65596,True
model.safetensors,value_embeds.5.weight,1248,32,512,16384,0,16384,0,65536,65600,True
model.safetensors,value_embeds.5.weight,1280,32,512,16384,0,16383,0,65536,65596,True
model.safetensors,value_embeds.5.weight,1312,32,512,16384,0,16382,0,65536,65592,True
model.safetensors,value_embeds.5.weight,1344,32,512,16384,0,16384,0,65536,65600,True
model.safetensors,value_embeds.5.weight,1376,32,512,16384,0,16384,0,65536,65600,True
model.safetensors,value_embeds.5.weight,1408,32,512,16384,0,16384,0,65536,65600,True
model.safetensors,value_embeds.5.weight,1440,32,512,16384,0,16380,0,65536,65584,True
model.safetensors,value_embeds.5.weight,1472,32,512,16384,0,16383,0,65536,65596,True
model.safetensors,value_embeds.5.weight,1504,32,512,16384,0,16383,0,65536,65596,True
model.safetensors,value_embeds.5.weight,1536,32,512,16384,0,16383,0,65536,65596,True
model.safetensors,value_embeds.5.weight,1568,32,512,16384,0,16381,0,65536,65588,True
model.safetensors,value_embeds.5.weight,1600,32,512,16384,0,16380,0,65536,65584,True
model.safetensors,value_embeds.5.weight,1632,32,512,16384,0,16384,0,65536,65600,True
model.safetensors,value_embeds.5.weight,1664,32,512,16384,0,16381,0,65536,65588,True
model.safetensors,value_embeds.5.weight,1696,32,512,16384,0,16384,0,65536,65600,True
model.safetensors,value_embeds.5.weight,1728,32,512,16384,0,16383,0,65536,65596,True
model.safetensors,value_embeds.5.weight,1760,32,512,16384,0,16382,0,65536,65592,True
model.safetensors,value_embeds.5.weight,1792,32,512,16384,0,16382,0,65536,65592,True
model.safetensors,value_embeds.5.weight,1824,32,512,16384,0,16383,0,65536,65596,True
model.safetensors,value_embeds.5.weight,1856,32,512,16384,0,16383,0,65536,65596,True
model.safetensors,value_embeds.5.weight,1888,32,512,16384,0,16383,0,65536,65596,True
model.safetensors,value_embeds.5.weight,1920,32,512,16384,0,16381,0,65536,65588,True
model.safetensors,value_embeds.5.weight,1952,32,512,16384,0,16383,0,65536,65596,True
model.safetensors,value_embeds.5.weight,1984,32,512,16384,0,16383,0,65536,65596,True
model.safetensors,value_embeds.5.weight,2016,32,512,16384,0,16382,0,65536,65592,True
model.safetensors,value_embeds.5.weight,2048,32,512,16384,0,16382,0,65536,65592,True
model.safetensors,value_embeds.5.weight,2080,32,512,16384,0,16383,0,65536,65596,True
model.safetensors,value_embeds.5.weight,2112,32,512,16384,0,16381,0,65536,65588,True
model.safetensors,value_embeds.5.weight,2144,32,512,16384,0,16384,0,65536,65600,True
model.safetensors,value_embeds.5.weight,2176,32,512,16384,0,16384,0,65536,65600,True
model.safetensors,value_embeds.5.weight,2208,32,512,16384,0,16384,0,65536,65600,True
model.safetensors,value_embeds.5.weight,2240,32,512,16384,0,16382,0,65536,65592,True
model.safetensors,value_embeds.5.weight,2272,32,512,16384,0,16380,0,65536,65584,True
model.safetensors,value_embeds.5.weight,2304,32,512,16384,0,16383,0,65536,65596,True
model.safetensors,value_embeds.5.weight,2336,32,512,16384,0,16381,0,65536,65588,True
model.safetensors,value_embeds.5.weight,2368,32,512,16384,0,16383,0,65536,65596,True
model.safetensors,value_embeds.5.weight,2400,32,512,16384,0,16382,0,65536,65592,True
model.safetensors,value_embeds.5.weight,2432,32,512,16384,0,16382,0,65536,65592,True
model.safetensors,value_embeds.5.weight,2464,32,512,16384,0,16383,0,65536,65596,True
model.safetensors,value_embeds.5.weight,2496,32,512,16384,0,16383,0,65536,65596,True
model.safetensors,value_embeds.5.weight,2528,32,512,16384,0,16383,0,65536,65596,True
model.safetensors,value_embeds.5.weight,2560,32,512,16384,0,16382,0,65536,65592,True
model.safetensors,value_embeds.5.weight,2592,32,512,16384,0,16384,0,65536,65600,True
model.safetensors,value_embeds.5.weight,2624,32,512,16384,0,16382,0,65536,65592,True
model.safetensors,value_embeds.5.weight,2656,32,512,16384,0,16382,0,65536,65592,True
model.safetensors,value_embeds.5.weight,2688,32,512,16384,0,16383,0,65536,65596,True
model.safetensors,value_embeds.5.weight,2720,32,512,16384,0,16381,0,65536,65588,True
model.safetensors,value_embeds.5.weight,2752,32,512,16384,0,16383,0,65536,65596,True
model.safetensors,value_embeds.5.weight,2784,32,512,16384,0,16383,0,65536,65596,True
model.safetensors,value_embeds.5.weight,2816,32,512,16384,0,16382,0,65536,65592,True
model.safetensors,value_embeds.5.weight,2848,32,512,16384,0,16382,0,65536,65592,True
model.safetensors,value_embeds.5.weight,2880,32,512,16384,0,16384,0,65536,65600,True
model.safetensors,value_embeds.5.weight,2912,32,512,16384,0,16383,0,65536,65596,True
model.safetensors,value_embeds.5.weight,2944,32,512,16384,0,16383,0,65536,65596,True
model.safetensors,value_embeds.5.weight,2976,32,512,16384,0,16384,0,65536,65600,True
model.safetensors,value_embeds.5.weight,3008,32,512,16384,0,16383,0,65536,65596,True
model.safetensors,value_embeds.5.weight,3040,32,512,16384,0,16380,0,65536,65584,True
model.safetensors,value_embeds.5.weight,3072,32,512,16384,0,16381,0,65536,65588,True
model.safetensors,value_embeds.5.weight,3104,32,512,16384,0,16383,0,65536,65596,True
model.safetensors,value_embeds.5.weight,3136,32,512,16384,0,16382,0,65536,65592,True
model.safetensors,value_embeds.5.weight,3168,32,512,16384,0,16383,0,65536,65596,True
model.safetensors,value_embeds.5.weight,3200,32,512,16384,0,16383,0,65536,65596,True
model.safetensors,value_embeds.5.weight,3232,32,512,16384,0,16384,0,65536,65600,True
model.safetensors,value_embeds.5.weight,3264,32,512,16384,0,16383,0,65536,65596,True
model.safetensors,value_embeds.5.weight,3296,32,512,16384,0,16382,0,65536,65592,True
model.safetensors,value_embeds.5.weight,3328,32,512,16384,0,16381,0,65536,65588,True
model.safetensors,value_embeds.5.weight,3360,32,512,16384,0,16381,0,65536,65588,True
model.safetensors,value_embeds.5.weight,3392,32,512,16384,0,16383,0,65536,65596,True
model.safetensors,value_embeds.5.weight,3424,32,512,16384,0,16384,0,65536,65600,True
model.safetensors,value_embeds.5.weight,3456,32,512,16384,0,16383,0,65536,65596,True
model.safetensors,value_embeds.5.weight,3488,32,512,16384,0,16382,0,65536,65592,True
model.safetensors,value_embeds.5.weight,3520,32,512,16384,0,16384,0,65536,65600,True
model.safetensors,value_embeds.5.weight,3552,32,512,16384,0,16383,0,65536,65596,True
model.safetensors,value_embeds.5.weight,3584,32,512,16384,0,16382,0,65536,65592,True
model.safetensors,value_embeds.5.weight,3616,32,512,16384,0,16384,0,65536,65600,True
model.safetensors,value_embeds.5.weight,3648,32,512,16384,0,16384,0,65536,65600,True
model.safetensors,value_embeds.5.weight,3680,32,512,16384,0,16384,0,65536,65600,True
model.safetensors,value_embeds.5.weight,3712,32,512,16384,0,16379,0,65536,65580,True
model.safetensors,value_embeds.5.weight,3744,32,512,16384,0,16382,0,65536,65592,True
model.safetensors,value_embeds.5.weight,3776,32,512,16384,0,16384,0,65536,65600,True
model.safetensors,value_embeds.5.weight,3808,32,512,16384,0,16383,0,65536,65596,True
model.safetensors,value_embeds.5.weight,3840,32,512,16384,0,16381,0,65536,65588,True
model.safetensors,value_embeds.5.weight,3872,32,512,16384,0,16381,0,65536,65588,True
model.safetensors,value_embeds.5.weight,3904,32,512,16384,0,16382,0,65536,65592,True
model.safetensors,value_embeds.5.weight,3936,32,512,16384,0,16384,0,65536,65600,True
model.safetensors,value_embeds.5.weight,3968,32,512,16384,0,16380,0,65536,65584,True
model.safetensors,value_embeds.5.weight,4000,32,512,16384,0,16379,0,65536,65580,True
model.safetensors,value_embeds.5.weight,4032,32,512,16384,0,16381,0,65536,65588,True
model.safetensors,value_embeds.5.weight,4064,32,512,16384,0,16383,0,65536,65596,True
model.safetensors,value_embeds.5.weight,4096,32,512,16384,0,16384,0,65536,65600,True
model.safetensors,value_embeds.5.weight,4128,32,512,16384,0,16382,0,65536,65592,True
model.safetensors,value_embeds.5.weight,4160,32,512,16384,0,16381,0,65536,65588,True
model.safetensors,value_embeds.5.weight,4192,32,512,16384,0,16384,0,65536,65600,True
model.safetensors,value_embeds.5.weight,4224,32,512,16384,0,16383,0,65536,65596,True
model.safetensors,value_embeds.5.weight,4256,32,512,16384,0,16380,0,65536,65584,True
model.safetensors,value_embeds.5.weight,4288,32,512,16384,0,16384,0,65536,65600,True
model.safetensors,value_embeds.5.weight,4320,32,512,16384,0,16381,0,65536,65588,True
model.safetensors,value_embeds.5.weight,4352,32,512,16384,0,16382,0,65536,65592,True
model.safetensors,value_embeds.5.weight,4384,32,512,16384,0,16384,0,65536,65600,True
model.safetensors,value_embeds.5.weight,4416,32,512,16384,0,16384,0,65536,65600,True
model.safetensors,value_embeds.5.weight,4448,32,512,16384,0,16382,0,65536,65592,True
model.safetensors,value_embeds.5.weight,4480,32,512,16384,0,16383,0,65536,65596,True
model.safetensors,value_embeds.5.weight,4512,32,512,16384,0,16382,0,65536,65592,True
model.safetensors,value_embeds.5.weight,4544,32,512,16384,0,16382,0,65536,65592,True
model.safetensors,value_embeds.5.weight,4576,32,512,16384,0,16382,0,65536,65592,True
model.safetensors,value_embeds.5.weight,4608,32,512,16384,0,16384,0,65536,65600,True
model.safetensors,value_embeds.5.weight,4640,32,512,16384,0,16384,0,65536,65600,True
model.safetensors,value_embeds.5.weight,4672,32,512,16384,0,16383,0,65536,65596,True
model.safetensors,value_embeds.5.weight,4704,32,512,16384,0,16383,0,65536,65596,True
model.safetensors,value_embeds.5.weight,4736,32,512,16384,0,16381,0,65536,65588,True
model.safetensors,value_embeds.5.weight,4768,32,512,16384,0,16382,0,65536,65592,True
model.safetensors,value_embeds.5.weight,4800,32,512,16384,0,16384,0,65536,65600,True
model.safetensors,value_embeds.5.weight,4832,32,512,16384,0,16381,0,65536,65588,True
model.safetensors,value_embeds.5.weight,4864,32,512,16384,0,16381,0,65536,65588,True
model.safetensors,value_embeds.5.weight,4896,32,512,16384,0,16381,0,65536,65588,True
model.safetensors,value_embeds.5.weight,4928,32,512,16384,0,16383,0,65536,65596,True
model.safetensors,value_embeds.5.weight,4960,32,512,16384,0,16383,0,65536,65596,True
model.safetensors,value_embeds.5.weight,4992,32,512,16384,0,16384,0,65536,65600,True
model.safetensors,value_embeds.5.weight,5024,32,512,16384,0,16378,0,65536,65576,True
model.safetensors,value_embeds.5.weight,5056,32,512,16384,0,16383,0,65536,65596,True
model.safetensors,value_embeds.5.weight,5088,32,512,16384,0,16384,0,65536,65600,True
model.safetensors,value_embeds.5.weight,5120,32,512,16384,0,16383,0,65536,65596,True
model.safetensors,value_embeds.5.weight,5152,32,512,16384,0,16383,0,65536,65596,True
model.safetensors,value_embeds.5.weight,5184,32,512,16384,0,16384,0,65536,65600,True
model.safetensors,value_embeds.5.weight,5216,32,512,16384,0,16384,0,65536,65600,True
model.safetensors,value_embeds.5.weight,5248,32,512,16384,0,16383,0,65536,65596,True
model.safetensors,value_embeds.5.weight,5280,32,512,16384,0,16381,0,65536,65588,True
model.safetensors,value_embeds.5.weight,5312,32,512,16384,0,16383,0,65536,65596,True
model.safetensors,value_embeds.5.weight,5344,32,512,16384,0,16384,0,65536,65600,True
model.safetensors,value_embeds.5.weight,5376,32,512,16384,0,16383,0,65536,65596,True
model.safetensors,value_embeds.5.weight,5408,32,512,16384,0,16383,0,65536,65596,True
model.safetensors,value_embeds.5.weight,5440,32,512,16384,0,16381,0,65536,65588,True
model.safetensors,value_embeds.5.weight,5472,32,512,16384,0,16383,0,65536,65596,True
model.safetensors,value_embeds.5.weight,5504,32,512,16384,0,16383,0,65536,65596,True
model.safetensors,value_embeds.5.weight,5536,32,512,16384,0,16380,0,65536,65584,True
model.safetensors,value_embeds.5.weight,5568,32,512,16384,0,16384,0,65536,65600,True
model.safetensors,value_embeds.5.weight,5600,32,512,16384,0,16382,0,65536,65592,True
model.safetensors,value_embeds.5.weight,5632,32,512,16384,0,16384,0,65536,65600,True
model.safetensors,value_embeds.5.weight,5664,32,512,16384,0,16382,0,65536,65592,True
model.safetensors,value_embeds.5.weight,5696,32,512,16384,0,16383,0,65536,65596,True
model.safetensors,value_embeds.5.weight,5728,32,512,16384,0,16383,0,65536,65596,True
model.safetensors,value_embeds.5.weight,5760,32,512,16384,0,16383,0,65536,65596,True
model.safetensors,value_embeds.5.weight,5792,32,512,16384,0,16382,0,65536,65592,True
model.safetensors,value_embeds.5.weight,5824,32,512,16384,0,16382,0,65536,65592,True
model.safetensors,value_embeds.5.weight,5856,32,512,16384,0,16384,0,65536,65600,True
model.safetensors,value_embeds.5.weight,5888,32,512,16384,0,16384,0,65536,65600,True
model.safetensors,value_embeds.5.weight,5920,32,512,16384,0,16380,0,65536,65584,True
model.safetensors,value_embeds.5.weight,5952,32,512,16384,0,16380,0,65536,65584,True
model.safetensors,value_embeds.5.weight,5984,32,512,16384,0,16383,0,65536,65596,True
model.safetensors,value_embeds.5.weight,6016,32,512,16384,0,16380,0,65536,65584,True
model.safetensors,value_embeds.5.weight,6048,32,512,16384,0,16384,0,65536,65600,True
model.safetensors,value_embeds.5.weight,6080,32,512,16384,0,16384,0,65536,65600,True
model.safetensors,value_embeds.5.weight,6112,32,512,16384,0,16382,0,65536,65592,True
model.safetensors,value_embeds.5.weight,6144,32,512,16384,0,16384,0,65536,65600,True
model.safetensors,value_embeds.5.weight,6176,32,512,16384,0,16380,0,65536,65584,True
model.safetensors,value_embeds.5.weight,6208,32,512,16384,0,16381,0,65536,65588,True
model.safetensors,value_embeds.5.weight,6240,32,512,16384,0,16382,0,65536,65592,True
model.safetensors,value_embeds.5.weight,6272,32,512,16384,0,16383,0,65536,65596,True
model.safetensors,value_embeds.5.weight,6304,32,512,16384,0,16383,0,65536,65596,True
model.safetensors,value_embeds.5.weight,6336,32,512,16384,0,16382,0,65536,65592,True
model.safetensors,value_embeds.5.weight,6368,32,512,16384,0,16382,0,65536,65592,True
model.safetensors,value_embeds.5.weight,6400,32,512,16384,0,16383,0,65536,65596,True
model.safetensors,value_embeds.5.weight,6432,32,512,16384,0,16383,0,65536,65596,True
model.safetensors,value_embeds.5.weight,6464,32,512,16384,0,16384,0,65536,65600,True
model.safetensors,value_embeds.5.weight,6496,32,512,16384,0,16380,0,65536,65584,True
model.safetensors,value_embeds.5.weight,6528,32,512,16384,0,16384,0,65536,65600,True
model.safetensors,value_embeds.5.weight,6560,32,512,16384,0,16383,0,65536,65596,True
model.safetensors,value_embeds.5.weight,6592,32,512,16384,0,16382,0,65536,65592,True
model.safetensors,value_embeds.5.weight,6624,32,512,16384,0,16381,0,65536,65588,True
model.safetensors,value_embeds.5.weight,6656,32,512,16384,0,16382,0,65536,65592,True
model.safetensors,value_embeds.5.weight,6688,32,512,16384,0,16381,0,65536,65588,True
model.safetensors,value_embeds.5.weight,6720,32,512,16384,0,16380,0,65536,65584,True
model.safetensors,value_embeds.5.weight,6752,32,512,16384,0,16383,0,65536,65596,True
model.safetensors,value_embeds.5.weight,6784,32,512,16384,0,16384,0,65536,65600,True
model.safetensors,value_embeds.5.weight,6816,32,512,16384,0,16381,0,65536,65588,True
model.safetensors,value_embeds.5.weight,6848,32,512,16384,0,16380,0,65536,65584,True
model.safetensors,value_embeds.5.weight,6880,32,512,16384,0,16383,0,65536,65596,True
model.safetensors,value_embeds.5.weight,6912,32,512,16384,0,16383,0,65536,65596,True
model.safetensors,value_embeds.5.weight,6944,32,512,16384,0,16382,0,65536,65592,True
model.safetensors,value_embeds.5.weight,6976,32,512,16384,0,16383,0,65536,65596,True
model.safetensors,value_embeds.5.weight,7008,32,512,16384,0,16381,0,65536,65588,True
model.safetensors,value_embeds.5.weight,7040,32,512,16384,0,16383,0,65536,65596,True
model.safetensors,value_embeds.5.weight,7072,32,512,16384,0,16383,0,65536,65596,True
model.safetensors,value_embeds.5.weight,7104,32,512,16384,0,16383,0,65536,65596,True
model.safetensors,value_embeds.5.weight,7136,32,512,16384,0,16384,0,65536,65600,True
model.safetensors,value_embeds.5.weight,7168,32,512,16384,0,16380,0,65536,65584,True
model.safetensors,value_embeds.5.weight,7200,32,512,16384,0,16383,0,65536,65596,True
model.safetensors,value_embeds.5.weight,7232,32,512,16384,0,16381,0,65536,65588,True
model.safetensors,value_embeds.5.weight,7264,32,512,16384,0,16380,0,65536,65584,True
model.safetensors,value_embeds.5.weight,7296,32,512,16384,0,16383,0,65536,65596,True
model.safetensors,value_embeds.5.weight,7328,32,512,16384,0,16384,0,65536,65600,True
model.safetensors,value_embeds.5.weight,7360,32,512,16384,0,16383,0,65536,65596,True
model.safetensors,value_embeds.5.weight,7392,32,512,16384,0,16382,0,65536,65592,True
model.safetensors,value_embeds.5.weight,7424,32,512,16384,0,16383,0,65536,65596,True
model.safetensors,value_embeds.5.weight,7456,32,512,16384,0,16382,0,65536,65592,True
model.safetensors,value_embeds.5.weight,7488,32,512,16384,0,16384,0,65536,65600,True
model.safetensors,value_embeds.5.weight,7520,32,512,16384,0,16381,0,65536,65588,True
model.safetensors,value_embeds.5.weight,7552,32,512,16384,0,16383,0,65536,65596,True
model.safetensors,value_embeds.5.weight,7584,32,512,16384,0,16384,0,65536,65600,True
model.safetensors,value_embeds.5.weight,7616,32,512,16384,0,16384,0,65536,65600,True
model.safetensors,value_embeds.5.weight,7648,32,512,16384,0,16383,0,65536,65596,True
model.safetensors,value_embeds.5.weight,7680,32,512,16384,0,16384,0,65536,65600,True
model.safetensors,value_embeds.5.weight,7712,32,512,16384,0,16383,0,65536,65596,True
model.safetensors,value_embeds.5.weight,7744,32,512,16384,0,16379,0,65536,65580,True
model.safetensors,value_embeds.5.weight,7776,32,512,16384,0,16379,0,65536,65580,True
model.safetensors,value_embeds.5.weight,7808,32,512,16384,0,16381,0,65536,65588,True
model.safetensors,value_embeds.5.weight,7840,32,512,16384,0,16384,0,65536,65600,True
model.safetensors,value_embeds.5.weight,7872,32,512,16384,0,16382,0,65536,65592,True
model.safetensors,value_embeds.5.weight,7904,32,512,16384,0,16383,0,65536,65596,True
model.safetensors,value_embeds.5.weight,7936,32,512,16384,0,16384,0,65536,65600,True
model.safetensors,value_embeds.5.weight,7968,32,512,16384,0,16380,0,65536,65584,True
model.safetensors,value_embeds.5.weight,8000,32,512,16384,0,16382,0,65536,65592,True
model.safetensors,value_embeds.5.weight,8032,32,512,16384,0,16381,0,65536,65588,True
model.safetensors,value_embeds.5.weight,8064,32,512,16384,0,16383,0,65536,65596,True
model.safetensors,value_embeds.5.weight,8096,32,512,16384,0,16382,0,65536,65592,True
model.safetensors,value_embeds.5.weight,8128,32,512,16384,0,16384,0,65536,65600,True
model.safetensors,value_embeds.5.weight,8160,32,512,16384,0,16382,0,65536,65592,True
model.safetensors,value_embeds.5.weight,8192,32,512,16384,0,16384,0,65536,65600,True
model.safetensors,value_embeds.5.weight,8224,32,512,16384,0,16378,0,65536,65576,True
model.safetensors,value_embeds.5.weight,8256,32,512,16384,0,16383,0,65536,65596,True
model.safetensors,value_embeds.5.weight,8288,32,512,16384,0,16383,0,65536,65596,True
model.safetensors,value_embeds.5.weight,8320,32,512,16384,0,16383,0,65536,65596,True
model.safetensors,value_embeds.5.weight,8352,32,512,16384,0,16382,0,65536,65592,True
model.safetensors,value_embeds.5.weight,8384,32,512,16384,0,16382,0,65536,65592,True
model.safetensors,value_embeds.5.weight,8416,32,512,16384,0,16383,0,65536,65596,True
model.safetensors,value_embeds.5.weight,8448,32,512,16384,0,16382,0,65536,65592,True
model.safetensors,value_embeds.5.weight,8480,32,512,16384,0,16381,0,65536,65588,True
model.safetensors,value_embeds.5.weight,8512,32,512,16384,0,16382,0,65536,65592,True
model.safetensors,value_embeds.5.weight,8544,32,512,16384,0,16383,0,65536,65596,True
model.safetensors,value_embeds.5.weight,8576,32,512,16384,0,16383,0,65536,65596,True
model.safetensors,value_embeds.5.weight,8608,32,512,16384,0,16383,0,65536,65596,True
model.safetensors,value_embeds.5.weight,8640,32,512,16384,0,16383,0,65536,65596,True
model.safetensors,value_embeds.5.weight,8672,32,512,16384,0,16384,0,65536,65600,True
model.safetensors,value_embeds.5.weight,8704,32,512,16384,0,16384,0,65536,65600,True
model.safetensors,value_embeds.5.weight,8736,32,512,16384,0,16383,0,65536,65596,True
model.safetensors,value_embeds.5.weight,8768,32,512,16384,0,16384,0,65536,65600,True
model.safetensors,value_embeds.5.weight,8800,32,512,16384,0,16381,0,65536,65588,True
model.safetensors,value_embeds.5.weight,8832,32,512,16384,0,16381,0,65536,65588,True
model.safetensors,value_embeds.5.weight,8864,32,512,16384,0,16382,0,65536,65592,True
model.safetensors,value_embeds.5.weight,8896,32,512,16384,0,16382,0,65536,65592,True
model.safetensors,value_embeds.5.weight,8928,32,512,16384,0,16380,0,65536,65584,True
model.safetensors,value_embeds.5.weight,8960,32,512,16384,0,16383,0,65536,65596,True
model.safetensors,value_embeds.5.weight,8992,32,512,16384,0,16384,0,65536,65600,True
model.safetensors,value_embeds.5.weight,9024,32,512,16384,0,16384,0,65536,65600,True
model.safetensors,value_embeds.5.weight,9056,32,512,16384,0,16380,0,65536,65584,True
model.safetensors,value_embeds.5.weight,9088,32,512,16384,0,16383,0,65536,65596,True
model.safetensors,value_embeds.5.weight,9120,32,512,16384,0,16383,0,65536,65596,True
model.safetensors,value_embeds.5.weight,9152,32,512,16384,0,16384,0,65536,65600,True
model.safetensors,value_embeds.5.weight,9184,32,512,16384,0,16384,0,65536,65600,True
model.safetensors,value_embeds.5.weight,9216,32,512,16384,0,16383,0,65536,65596,True
model.safetensors,value_embeds.5.weight,9248,32,512,16384,0,16381,0,65536,65588,True
model.safetensors,value_embeds.5.weight,9280,32,512,16384,0,16383,0,65536,65596,True
model.safetensors,value_embeds.5.weight,9312,32,512,16384,0,16381,0,65536,65588,True
model.safetensors,value_embeds.5.weight,9344,32,512,16384,0,16383,0,65536,65596,True
model.safetensors,value_embeds.5.weight,9376,32,512,16384,0,16380,0,65536,65584,True
model.safetensors,value_embeds.5.weight,9408,32,512,16384,0,16381,0,65536,65588,True
model.safetensors,value_embeds.5.weight,9440,32,512,16384,0,16381,0,65536,65588,True
model.safetensors,value_embeds.5.weight,9472,32,512,16384,0,16384,0,65536,65600,True
model.safetensors,value_embeds.5.weight,9504,32,512,16384,0,16380,0,65536,65584,True
model.safetensors,value_embeds.5.weight,9536,32,512,16384,0,16381,0,65536,65588,True
model.safetensors,value_embeds.5.weight,9568,32,512,16384,0,16382,0,65536,65592,True
model.safetensors,value_embeds.5.weight,9600,32,512,16384,0,16381,0,65536,65588,True
model.safetensors,value_embeds.5.weight,9632,32,512,16384,0,16383,0,65536,65596,True
model.safetensors,value_embeds.5.weight,9664,32,512,16384,0,16383,0,65536,65596,True
model.safetensors,value_embeds.5.weight,9696,32,512,16384,0,16381,0,65536,65588,True
model.safetensors,value_embeds.5.weight,9728,32,512,16384,0,16383,0,65536,65596,True
model.safetensors,value_embeds.5.weight,9760,32,512,16384,0,16383,0,65536,65596,True
model.safetensors,value_embeds.5.weight,9792,32,512,16384,0,16380,0,65536,65584,True
model.safetensors,value_embeds.5.weight,9824,32,512,16384,0,16383,0,65536,65596,True
model.safetensors,value_embeds.5.weight,9856,32,512,16384,0,16382,0,65536,65592,True
model.safetensors,value_embeds.5.weight,9888,32,512,16384,0,16382,0,65536,65592,True
model.safetensors,value_embeds.5.weight,9920,32,512,16384,0,16381,0,65536,65588,True
model.safetensors,value_embeds.5.weight,9952,32,512,16384,0,16382,0,65536,65592,True
model.safetensors,value_embeds.5.weight,9984,32,512,16384,0,16382,0,65536,65592,True
model.safetensors,value_embeds.5.weight,10016,32,512,16384,0,16381,0,65536,65588,True
model.safetensors,value_embeds.5.weight,10048,32,512,16384,0,16383,0,65536,65596,True
model.safetensors,value_embeds.5.weight,10080,32,512,16384,0,16383,0,65536,65596,True
model.safetensors,value_embeds.5.weight,10112,32,512,16384,0,16382,0,65536,65592,True
model.safetensors,value_embeds.5.weight,10144,32,512,16384,0,16382,0,65536,65592,True
model.safetensors,value_embeds.5.weight,10176,32,512,16384,0,16383,0,65536,65596,True
model.safetensors,value_embeds.5.weight,10208,32,512,16384,0,16384,0,65536,65600,True
model.safetensors,value_embeds.5.weight,10240,32,512,16384,0,16382,0,65536,65592,True
model.safetensors,value_embeds.5.weight,10272,32,512,16384,0,16382,0,65536,65592,True
model.safetensors,value_embeds.5.weight,10304,32,512,16384,0,16382,0,65536,65592,True
model.safetensors,value_embeds.5.weight,10336,32,512,16384,0,16383,0,65536,65596,True
model.safetensors,value_embeds.5.weight,10368,32,512,16384,0,16382,0,65536,65592,True
model.safetensors,value_embeds.5.weight,10400,32,512,16384,0,16381,0,65536,65588,True
model.safetensors,value_embeds.5.weight,10432,32,512,16384,0,16384,0,65536,65600,True
model.safetensors,value_embeds.5.weight,10464,32,512,16384,0,16383,0,65536,65596,True
model.safetensors,value_embeds.5.weight,10496,32,512,16384,0,16384,0,65536,65600,True
model.safetensors,value_embeds.5.weight,10528,32,512,16384,0,16384,0,65536,65600,True
model.safetensors,value_embeds.5.weight,10560,32,512,16384,0,16381,0,65536,65588,True
model.safetensors,value_embeds.5.weight,10592,32,512,16384,0,16381,0,65536,65588,True
model.safetensors,value_embeds.5.weight,10624,32,512,16384,0,16383,0,65536,65596,True
model.safetensors,value_embeds.5.weight,10656,32,512,16384,0,16379,0,65536,65580,True
model.safetensors,value_embeds.5.weight,10688,32,512,16384,0,16383,0,65536,65596,True
model.safetensors,value_embeds.5.weight,10720,32,512,16384,0,16382,0,65536,65592,True
model.safetensors,value_embeds.5.weight,10752,32,512,16384,0,16381,0,65536,65588,True
model.safetensors,value_embeds.5.weight,10784,32,512,16384,0,16383,0,65536,65596,True
model.safetensors,value_embeds.5.weight,10816,32,512,16384,0,16382,0,65536,65592,True
model.safetensors,value_embeds.5.weight,10848,32,512,16384,0,16381,0,65536,65588,True
model.safetensors,value_embeds.5.weight,10880,32,512,16384,0,16380,0,65536,65584,True
model.safetensors,value_embeds.5.weight,10912,32,512,16384,0,16381,0,65536,65588,True
model.safetensors,value_embeds.5.weight,10944,32,512,16384,0,16382,0,65536,65592,True
model.safetensors,value_embeds.5.weight,10976,32,512,16384,0,16383,0,65536,65596,True
model.safetensors,value_embeds.5.weight,11008,32,512,16384,0,16384,0,65536,65600,True
model.safetensors,value_embeds.5.weight,11040,32,512,16384,0,16383,0,65536,65596,True
model.safetensors,value_embeds.5.weight,11072,32,512,16384,0,16383,0,65536,65596,True
model.safetensors,value_embeds.5.weight,11104,32,512,16384,0,16384,0,65536,65600,True
model.safetensors,value_embeds.5.weight,11136,32,512,16384,0,16384,0,65536,65600,True
model.safetensors,value_embeds.5.weight,11168,32,512,16384,0,16382,0,65536,65592,True
model.safetensors,value_embeds.5.weight,11200,32,512,16384,0,16381,0,65536,65588,True
model.safetensors,value_embeds.5.weight,11232,32,512,16384,0,16384,0,65536,65600,True
model.safetensors,value_embeds.5.weight,11264,32,512,16384,0,16383,0,65536,65596,True
model.safetensors,value_embeds.5.weight,11296,32,512,16384,0,16384,0,65536,65600,True
model.safetensors,value_embeds.5.weight,11328,32,512,16384,0,16383,0,65536,65596,True
model.safetensors,value_embeds.5.weight,11360,32,512,16384,0,16380,0,65536,65584,True
model.safetensors,value_embeds.5.weight,11392,32,512,16384,0,16383,0,65536,65596,True
model.safetensors,value_embeds.5.weight,11424,32,512,16384,0,16380,0,65536,65584,True
model.safetensors,value_embeds.5.weight,11456,32,512,16384,0,16381,0,65536,65588,True
model.safetensors,value_embeds.5.weight,11488,32,512,16384,0,16383,0,65536,65596,True
model.safetensors,value_embeds.5.weight,11520,32,512,16384,0,16383,0,65536,65596,True
model.safetensors,value_embeds.5.weight,11552,32,512,16384,0,16382,0,65536,65592,True
model.safetensors,value_embeds.5.weight,11584,32,512,16384,0,16381,0,65536,65588,True
model.safetensors,value_embeds.5.weight,11616,32,512,16384,0,16384,0,65536,65600,True
model.safetensors,value_embeds.5.weight,11648,32,512,16384,0,16381,0,65536,65588,True
model.safetensors,value_embeds.5.weight,11680,32,512,16384,0,16383,0,65536,65596,True
model.safetensors,value_embeds.5.weight,11712,32,512,16384,0,16383,0,65536,65596,True
model.safetensors,value_embeds.5.weight,11744,32,512,16384,0,16382,0,65536,65592,True
model.safetensors,value_embeds.5.weight,11776,32,512,16384,0,16383,0,65536,65596,True
model.safetensors,value_embeds.5.weight,11808,32,512,16384,0,16384,0,65536,65600,True
model.safetensors,value_embeds.5.weight,11840,32,512,16384,0,16381,0,65536,65588,True
model.safetensors,value_embeds.5.weight,11872,32,512,16384,0,16381,0,65536,65588,True
model.safetensors,value_embeds.5.weight,11904,32,512,16384,0,16381,0,65536,65588,True
model.safetensors,value_embeds.5.weight,11936,32,512,16384,0,16383,0,65536,65596,True
model.safetensors,value_embeds.5.weight,11968,32,512,16384,0,16382,0,65536,65592,True
model.safetensors,value_embeds.5.weight,12000,32,512,16384,0,16381,0,65536,65588,True
model.safetensors,value_embeds.5.weight,12032,32,512,16384,0,16383,0,65536,65596,True
model.safetensors,value_embeds.5.weight,12064,32,512,16384,0,16382,0,65536,65592,True
model.safetensors,value_embeds.5.weight,12096,32,512,16384,0,16382,0,65536,65592,True
model.safetensors,value_embeds.5.weight,12128,32,512,16384,0,16382,0,65536,65592,True
model.safetensors,value_embeds.5.weight,12160,32,512,16384,0,16382,0,65536,65592,True
model.safetensors,value_embeds.5.weight,12192,32,512,16384,0,16381,0,65536,65588,True
model.safetensors,value_embeds.5.weight,12224,32,512,16384,0,16382,0,65536,65592,True
model.safetensors,value_embeds.5.weight,12256,32,512,16384,0,16381,0,65536,65588,True
model.safetensors,value_embeds.5.weight,12288,32,512,16384,0,16382,0,65536,65592,True
model.safetensors,value_embeds.5.weight,12320,32,512,16384,0,16381,0,65536,65588,True
model.safetensors,value_embeds.5.weight,12352,32,512,16384,0,16384,0,65536,65600,True
model.safetensors,value_embeds.5.weight,12384,32,512,16384,0,16383,0,65536,65596,True
model.safetensors,value_embeds.5.weight,12416,32,512,16384,0,16384,0,65536,65600,True
model.safetensors,value_embeds.5.weight,12448,32,512,16384,0,16382,0,65536,65592,True
model.safetensors,value_embeds.5.weight,12480,32,512,16384,0,16383,0,65536,65596,True
model.safetensors,value_embeds.5.weight,12512,32,512,16384,0,16384,0,65536,65600,True
model.safetensors,value_embeds.5.weight,12544,32,512,16384,0,16383,0,65536,65596,True
model.safetensors,value_embeds.5.weight,12576,32,512,16384,0,16382,0,65536,65592,True
model.safetensors,value_embeds.5.weight,12608,32,512,16384,0,16384,0,65536,65600,True
model.safetensors,value_embeds.5.weight,12640,32,512,16384,0,16383,0,65536,65596,True
model.safetensors,value_embeds.5.weight,12672,32,512,16384,0,16383,0,65536,65596,True
model.safetensors,value_embeds.5.weight,12704,32,512,16384,0,16383,0,65536,65596,True
model.safetensors,value_embeds.5.weight,12736,32,512,16384,0,16384,0,65536,65600,True
model.safetensors,value_embeds.5.weight,12768,32,512,16384,0,16384,0,65536,65600,True
model.safetensors,value_embeds.5.weight,12800,32,512,16384,0,16384,0,65536,65600,True
model.safetensors,value_embeds.5.weight,12832,32,512,16384,0,16383,0,65536,65596,True
model.safetensors,value_embeds.5.weight,12864,32,512,16384,0,16384,0,65536,65600,True
model.safetensors,value_embeds.5.weight,12896,32,512,16384,0,16382,0,65536,65592,True
model.safetensors,value_embeds.5.weight,12928,32,512,16384,0,16382,0,65536,65592,True
model.safetensors,value_embeds.5.weight,12960,32,512,16384,0,16383,0,65536,65596,True
model.safetensors,value_embeds.5.weight,12992,32,512,16384,0,16383,0,65536,65596,True
model.safetensors,value_embeds.5.weight,13024,32,512,16384,0,16381,0,65536,65588,True
model.safetensors,value_embeds.5.weight,13056,32,512,16384,0,16381,0,65536,65588,True
model.safetensors,value_embeds.5.weight,13088,32,512,16384,0,16382,0,65536,65592,True
model.safetensors,value_embeds.5.weight,13120,32,512,16384,0,16383,0,65536,65596,True
model.safetensors,value_embeds.5.weight,13152,32,512,16384,0,16383,0,65536,65596,True
model.safetensors,value_embeds.5.weight,13184,32,512,16384,0,16383,0,65536,65596,True
model.safetensors,value_embeds.5.weight,13216,32,512,16384,0,16382,0,65536,65592,True
model.safetensors,value_embeds.5.weight,13248,32,512,16384,0,16382,0,65536,65592,True
model.safetensors,value_embeds.5.weight,13280,32,512,16384,0,16383,0,65536,65596,True
model.safetensors,value_embeds.5.weight,13312,32,512,16384,0,16382,0,65536,65592,True
model.safetensors,value_embeds.5.weight,13344,32,512,16384,0,16381,0,65536,65588,True
model.safetensors,value_embeds.5.weight,13376,32,512,16384,0,16383,0,65536,65596,True
model.safetensors,value_embeds.5.weight,13408,32,512,16384,0,16383,0,65536,65596,True
model.safetensors,value_embeds.5.weight,13440,32,512,16384,0,16383,0,65536,65596,True
model.safetensors,value_embeds.5.weight,13472,32,512,16384,0,16382,0,65536,65592,True
model.safetensors,value_embeds.5.weight,13504,32,512,16384,0,16383,0,65536,65596,True
model.safetensors,value_embeds.5.weight,13536,32,512,16384,0,16382,0,65536,65592,True
model.safetensors,value_embeds.5.weight,13568,32,512,16384,0,16382,0,65536,65592,True
model.safetensors,value_embeds.5.weight,13600,32,512,16384,0,16381,0,65536,65588,True
model.safetensors,value_embeds.5.weight,13632,32,512,16384,0,16380,0,65536,65584,True
model.safetensors,value_embeds.5.weight,13664,32,512,16384,0,16381,0,65536,65588,True
model.safetensors,value_embeds.5.weight,13696,32,512,16384,0,16382,0,65536,65592,True
model.safetensors,value_embeds.5.weight,13728,32,512,16384,0,16380,0,65536,65584,True
model.safetensors,value_embeds.5.weight,13760,32,512,16384,0,16380,0,65536,65584,True
model.safetensors,value_embeds.5.weight,13792,32,512,16384,0,16383,0,65536,65596,True
model.safetensors,value_embeds.5.weight,13824,32,512,16384,0,16383,0,65536,65596,True
model.safetensors,value_embeds.5.weight,13856,32,512,16384,0,16380,0,65536,65584,True
model.safetensors,value_embeds.5.weight,13888,32,512,16384,0,16383,0,65536,65596,True
model.safetensors,value_embeds.5.weight,13920,32,512,16384,0,16380,0,65536,65584,True
model.safetensors,value_embeds.5.weight,13952,32,512,16384,0,16382,0,65536,65592,True
model.safetensors,value_embeds.5.weight,13984,32,512,16384,0,16383,0,65536,65596,True
model.safetensors,value_embeds.5.weight,14016,32,512,16384,0,16381,0,65536,65588,True
model.safetensors,value_embeds.5.weight,14048,32,512,16384,0,16384,0,65536,65600,True
model.safetensors,value_embeds.5.weight,14080,32,512,16384,0,16382,0,65536,65592,True
model.safetensors,value_embeds.5.weight,14112,32,512,16384,0,16383,0,65536,65596,True
model.safetensors,value_embeds.5.weight,14144,32,512,16384,0,16379,0,65536,65580,True
model.safetensors,value_embeds.5.weight,14176,32,512,16384,0,16384,0,65536,65600,True
model.safetensors,value_embeds.5.weight,14208,32,512,16384,0,16382,0,65536,65592,True
model.safetensors,value_embeds.5.weight,14240,32,512,16384,0,16380,0,65536,65584,True
model.safetensors,value_embeds.5.weight,14272,32,512,16384,0,16383,0,65536,65596,True
model.safetensors,value_embeds.5.weight,14304,32,512,16384,0,16382,0,65536,65592,True
model.safetensors,value_embeds.5.weight,14336,32,512,16384,0,16382,0,65536,65592,True
model.safetensors,value_embeds.5.weight,14368,32,512,16384,0,16384,0,65536,65600,True
model.safetensors,value_embeds.5.weight,14400,32,512,16384,0,16378,0,65536,65576,True
model.safetensors,value_embeds.5.weight,14432,32,512,16384,0,16381,0,65536,65588,True
model.safetensors,value_embeds.5.weight,14464,32,512,16384,0,16379,0,65536,65580,True
model.safetensors,value_embeds.5.weight,14496,32,512,16384,0,16381,0,65536,65588,True
model.safetensors,value_embeds.5.weight,14528,32,512,16384,0,16378,0,65536,65576,True
model.safetensors,value_embeds.5.weight,14560,32,512,16384,0,16380,0,65536,65584,True
model.safetensors,value_embeds.5.weight,14592,32,512,16384,0,16381,0,65536,65588,True
model.safetensors,value_embeds.5.weight,14624,32,512,16384,0,16383,0,65536,65596,True
model.safetensors,value_embeds.5.weight,14656,32,512,16384,0,16383,0,65536,65596,True
model.safetensors,value_embeds.5.weight,14688,32,512,16384,0,16380,0,65536,65584,True
model.safetensors,value_embeds.5.weight,14720,32,512,16384,0,16380,0,65536,65584,True
model.safetensors,value_embeds.5.weight,14752,32,512,16384,0,16380,0,65536,65584,True
model.safetensors,value_embeds.5.weight,14784,32,512,16384,0,16384,0,65536,65600,True
model.safetensors,value_embeds.5.weight,14816,32,512,16384,0,16384,0,65536,65600,True
model.safetensors,value_embeds.5.weight,14848,32,512,16384,0,16381,0,65536,65588,True
model.safetensors,value_embeds.5.weight,14880,32,512,16384,0,16381,0,65536,65588,True
model.safetensors,value_embeds.5.weight,14912,32,512,16384,0,16384,0,65536,65600,True
model.safetensors,value_embeds.5.weight,14944,32,512,16384,0,16384,0,65536,65600,True
model.safetensors,value_embeds.5.weight,14976,32,512,16384,0,16381,0,65536,65588,True
model.safetensors,value_embeds.5.weight,15008,32,512,16384,0,16383,0,65536,65596,True
model.safetensors,value_embeds.5.weight,15040,32,512,16384,0,16382,0,65536,65592,True
model.safetensors,value_embeds.5.weight,15072,32,512,16384,0,16382,0,65536,65592,True
model.safetensors,value_embeds.5.weight,15104,32,512,16384,0,16383,0,65536,65596,True
model.safetensors,value_embeds.5.weight,15136,32,512,16384,0,16383,0,65536,65596,True
model.safetensors,value_embeds.5.weight,15168,32,512,16384,0,16382,0,65536,65592,True
model.safetensors,value_embeds.5.weight,15200,32,512,16384,0,16384,0,65536,65600,True
model.safetensors,value_embeds.5.weight,15232,32,512,16384,0,16384,0,65536,65600,True
model.safetensors,value_embeds.5.weight,15264,32,512,16384,0,16381,0,65536,65588,True
model.safetensors,value_embeds.5.weight,15296,32,512,16384,0,16384,0,65536,65600,True
model.safetensors,value_embeds.5.weight,15328,32,512,16384,0,16380,0,65536,65584,True
model.safetensors,value_embeds.5.weight,15360,32,512,16384,0,16380,0,65536,65584,True
model.safetensors,value_embeds.5.weight,15392,32,512,16384,0,16383,0,65536,65596,True
model.safetensors,value_embeds.5.weight,15424,32,512,16384,0,16383,0,65536,65596,True
model.safetensors,value_embeds.5.weight,15456,32,512,16384,0,16382,0,65536,65592,True
model.safetensors,value_embeds.5.weight,15488,32,512,16384,0,16384,0,65536,65600,True
model.safetensors,value_embeds.5.weight,15520,32,512,16384,0,16384,0,65536,65600,True
model.safetensors,value_embeds.5.weight,15552,32,512,16384,0,16382,0,65536,65592,True
model.safetensors,value_embeds.5.weight,15584,32,512,16384,0,16382,0,65536,65592,True
model.safetensors,value_embeds.5.weight,15616,32,512,16384,0,16383,0,65536,65596,True
model.safetensors,value_embeds.5.weight,15648,32,512,16384,0,16383,0,65536,65596,True
model.safetensors,value_embeds.5.weight,15680,32,512,16384,0,16383,0,65536,65596,True
model.safetensors,value_embeds.5.weight,15712,32,512,16384,0,16383,0,65536,65596,True
model.safetensors,value_embeds.5.weight,15744,32,512,16384,0,16382,0,65536,65592,True
model.safetensors,value_embeds.5.weight,15776,32,512,16384,0,16380,0,65536,65584,True
model.safetensors,value_embeds.5.weight,15808,32,512,16384,0,16383,0,65536,65596,True
model.safetensors,value_embeds.5.weight,15840,32,512,16384,0,16382,0,65536,65592,True
model.safetensors,value_embeds.5.weight,15872,32,512,16384,0,16378,0,65536,65576,True
model.safetensors,value_embeds.5.weight,15904,32,512,16384,0,16384,0,65536,65600,True
model.safetensors,value_embeds.5.weight,15936,32,512,16384,0,16384,0,65536,65600,True
model.safetensors,value_embeds.5.weight,15968,32,512,16384,0,16383,0,65536,65596,True
model.safetensors,value_embeds.5.weight,16000,32,512,16384,0,16384,0,65536,65600,True
model.safetensors,value_embeds.5.weight,16032,32,512,16384,0,16383,0,65536,65596,True
model.safetensors,value_embeds.5.weight,16064,32,512,16384,0,16381,0,65536,65588,True
model.safetensors,value_embeds.5.weight,16096,32,512,16384,0,16383,0,65536,65596,True
model.safetensors,value_embeds.5.weight,16128,32,512,16384,0,16383,0,65536,65596,True
model.safetensors,value_embeds.5.weight,16160,32,512,16384,0,16383,0,65536,65596,True
model.safetensors,value_embeds.5.weight,16192,32,512,16384,0,16382,0,65536,65592,True
model.safetensors,value_embeds.5.weight,16224,32,512,16384,0,16381,0,65536,65588,True
model.safetensors,value_embeds.5.weight,16256,32,512,16384,0,16382,0,65536,65592,True
model.safetensors,value_embeds.5.weight,16288,32,512,16384,0,16380,0,65536,65584,True
model.safetensors,value_embeds.5.weight,16320,32,512,16384,0,16382,0,65536,65592,True
model.safetensors,value_embeds.5.weight,16352,32,512,16384,0,16382,0,65536,65592,True
model.safetensors,value_embeds.5.weight,16384,32,512,16384,0,16382,0,65536,65592,True
model.safetensors,value_embeds.5.weight,16416,32,512,16384,0,16381,0,65536,65588,True
model.safetensors,value_embeds.5.weight,16448,32,512,16384,0,16382,0,65536,65592,True
model.safetensors,value_embeds.5.weight,16480,32,512,16384,0,16381,0,65536,65588,True
model.safetensors,value_embeds.5.weight,16512,32,512,16384,0,16382,0,65536,65592,True
model.safetensors,value_embeds.5.weight,16544,32,512,16384,0,16383,0,65536,65596,True
model.safetensors,value_embeds.5.weight,16576,32,512,16384,0,16384,0,65536,65600,True
model.safetensors,value_embeds.5.weight,16608,32,512,16384,0,16381,0,65536,65588,True
model.safetensors,value_embeds.5.weight,16640,32,512,16384,0,16383,0,65536,65596,True
model.safetensors,value_embeds.5.weight,16672,32,512,16384,0,16384,0,65536,65600,True
model.safetensors,value_embeds.5.weight,16704,32,512,16384,0,16383,0,65536,65596,True
model.safetensors,value_embeds.5.weight,16736,32,512,16384,0,16382,0,65536,65592,True
model.safetensors,value_embeds.5.weight,16768,32,512,16384,0,16383,0,65536,65596,True
model.safetensors,value_embeds.5.weight,16800,32,512,16384,0,16382,0,65536,65592,True
model.safetensors,value_embeds.5.weight,16832,32,512,16384,0,16384,0,65536,65600,True
model.safetensors,value_embeds.5.weight,16864,32,512,16384,0,16382,0,65536,65592,True
model.safetensors,value_embeds.5.weight,16896,32,512,16384,0,16384,0,65536,65600,True
model.safetensors,value_embeds.5.weight,16928,32,512,16384,0,16384,0,65536,65600,True
model.safetensors,value_embeds.5.weight,16960,32,512,16384,0,16384,0,65536,65600,True
model.safetensors,value_embeds.5.weight,16992,32,512,16384,0,16382,0,65536,65592,True
model.safetensors,value_embeds.5.weight,17024,32,512,16384,0,16383,0,65536,65596,True
model.safetensors,value_embeds.5.weight,17056,32,512,16384,0,16381,0,65536,65588,True
model.safetensors,value_embeds.5.weight,17088,32,512,16384,0,16382,0,65536,65592,True
model.safetensors,value_embeds.5.weight,17120,32,512,16384,0,16381,0,65536,65588,True
model.safetensors,value_embeds.5.weight,17152,32,512,16384,0,16383,0,65536,65596,True
model.safetensors,value_embeds.5.weight,17184,32,512,16384,0,16382,0,65536,65592,True
model.safetensors,value_embeds.5.weight,17216,32,512,16384,0,16382,0,65536,65592,True
model.safetensors,value_embeds.5.weight,17248,32,512,16384,0,16383,0,65536,65596,True
model.safetensors,value_embeds.5.weight,17280,32,512,16384,0,16382,0,65536,65592,True
model.safetensors,value_embeds.5.weight,17312,32,512,16384,0,16382,0,65536,65592,True
model.safetensors,value_embeds.5.weight,17344,32,512,16384,0,16383,0,65536,65596,True
model.safetensors,value_embeds.5.weight,17376,32,512,16384,0,16382,0,65536,65592,True
model.safetensors,value_embeds.5.weight,17408,32,512,16384,0,16384,0,65536,65600,True
model.safetensors,value_embeds.5.weight,17440,32,512,16384,0,16381,0,65536,65588,True
model.safetensors,value_embeds.5.weight,17472,32,512,16384,0,16382,0,65536,65592,True
model.safetensors,value_embeds.5.weight,17504,32,512,16384,0,16380,0,65536,65584,True
model.safetensors,value_embeds.5.weight,17536,32,512,16384,0,16381,0,65536,65588,True
model.safetensors,value_embeds.5.weight,17568,32,512,16384,0,16383,0,65536,65596,True
model.safetensors,value_embeds.5.weight,17600,32,512,16384,0,16380,0,65536,65584,True
model.safetensors,value_embeds.5.weight,17632,32,512,16384,0,16383,0,65536,65596,True
model.safetensors,value_embeds.5.weight,17664,32,512,16384,0,16384,0,65536,65600,True
model.safetensors,value_embeds.5.weight,17696,32,512,16384,0,16381,0,65536,65588,True
model.safetensors,value_embeds.5.weight,17728,32,512,16384,0,16382,0,65536,65592,True
model.safetensors,value_embeds.5.weight,17760,32,512,16384,0,16381,0,65536,65588,True
model.safetensors,value_embeds.5.weight,17792,32,512,16384,0,16381,0,65536,65588,True
model.safetensors,value_embeds.5.weight,17824,32,512,16384,0,16383,0,65536,65596,True
model.safetensors,value_embeds.5.weight,17856,32,512,16384,0,16380,0,65536,65584,True
model.safetensors,value_embeds.5.weight,17888,32,512,16384,0,16383,0,65536,65596,True
model.safetensors,value_embeds.5.weight,17920,32,512,16384,0,16383,0,65536,65596,True
model.safetensors,value_embeds.5.weight,17952,32,512,16384,0,16382,0,65536,65592,True
model.safetensors,value_embeds.5.weight,17984,32,512,16384,0,16382,0,65536,65592,True
model.safetensors,value_embeds.5.weight,18016,32,512,16384,0,16382,0,65536,65592,True
model.safetensors,value_embeds.5.weight,18048,32,512,16384,0,16383,0,65536,65596,True
model.safetensors,value_embeds.5.weight,18080,32,512,16384,0,16384,0,65536,65600,True
model.safetensors,value_embeds.5.weight,18112,32,512,16384,0,16383,0,65536,65596,True
model.safetensors,value_embeds.5.weight,18144,32,512,16384,0,16381,0,65536,65588,True
model.safetensors,value_embeds.5.weight,18176,32,512,16384,0,16382,0,65536,65592,True
model.safetensors,value_embeds.5.weight,18208,32,512,16384,0,16382,0,65536,65592,True
model.safetensors,value_embeds.5.weight,18240,32,512,16384,0,16381,0,65536,65588,True
model.safetensors,value_embeds.5.weight,18272,32,512,16384,0,16380,0,65536,65584,True
model.safetensors,value_embeds.5.weight,18304,32,512,16384,0,16382,0,65536,65592,True
model.safetensors,value_embeds.5.weight,18336,32,512,16384,0,16382,0,65536,65592,True
model.safetensors,value_embeds.5.weight,18368,32,512,16384,0,16381,0,65536,65588,True
model.safetensors,value_embeds.5.weight,18400,32,512,16384,0,16379,0,65536,65580,True
model.safetensors,value_embeds.5.weight,18432,32,512,16384,0,16382,0,65536,65592,True
model.safetensors,value_embeds.5.weight,18464,32,512,16384,0,16381,0,65536,65588,True
model.safetensors,value_embeds.5.weight,18496,32,512,16384,0,16382,0,65536,65592,True
model.safetensors,value_embeds.5.weight,18528,32,512,16384,0,16384,0,65536,65600,True
model.safetensors,value_embeds.5.weight,18560,32,512,16384,0,16381,0,65536,65588,True
model.safetensors,value_embeds.5.weight,18592,32,512,16384,0,16383,0,65536,65596,True
model.safetensors,value_embeds.5.weight,18624,32,512,16384,0,16384,0,65536,65600,True
model.safetensors,value_embeds.5.weight,18656,32,512,16384,0,16383,0,65536,65596,True
model.safetensors,value_embeds.5.weight,18688,32,512,16384,0,16383,0,65536,65596,True
model.safetensors,value_embeds.5.weight,18720,32,512,16384,0,16381,0,65536,65588,True
model.safetensors,value_embeds.5.weight,18752,32,512,16384,0,16384,0,65536,65600,True
model.safetensors,value_embeds.5.weight,18784,32,512,16384,0,16382,0,65536,65592,True
model.safetensors,value_embeds.5.weight,18816,32,512,16384,0,16382,0,65536,65592,True
model.safetensors,value_embeds.5.weight,18848,32,512,16384,0,16382,0,65536,65592,True
model.safetensors,value_embeds.5.weight,18880,32,512,16384,0,16383,0,65536,65596,True
model.safetensors,value_embeds.5.weight,18912,32,512,16384,0,16383,0,65536,65596,True
model.safetensors,value_embeds.5.weight,18944,32,512,16384,0,16383,0,65536,65596,True
model.safetensors,value_embeds.5.weight,18976,32,512,16384,0,16380,0,65536,65584,True
model.safetensors,value_embeds.5.weight,19008,32,512,16384,0,16380,0,65536,65584,True
model.safetensors,value_embeds.5.weight,19040,32,512,16384,0,16383,0,65536,65596,True
model.safetensors,value_embeds.5.weight,19072,32,512,16384,0,16384,0,65536,65600,True
model.safetensors,value_embeds.5.weight,19104,32,512,16384,0,16381,0,65536,65588,True
model.safetensors,value_embeds.5.weight,19136,32,512,16384,0,16382,0,65536,65592,True
model.safetensors,value_embeds.5.weight,19168,32,512,16384,0,16379,0,65536,65580,True
model.safetensors,value_embeds.5.weight,19200,32,512,16384,0,16382,0,65536,65592,True
model.safetensors,value_embeds.5.weight,19232,32,512,16384,0,16382,0,65536,65592,True
model.safetensors,value_embeds.5.weight,19264,32,512,16384,0,16383,0,65536,65596,True
model.safetensors,value_embeds.5.weight,19296,32,512,16384,0,16383,0,65536,65596,True
model.safetensors,value_embeds.5.weight,19328,32,512,16384,0,16380,0,65536,65584,True
model.safetensors,value_embeds.5.weight,19360,32,512,16384,0,16381,0,65536,65588,True
model.safetensors,value_embeds.5.weight,19392,32,512,16384,0,16383,0,65536,65596,True
model.safetensors,value_embeds.5.weight,19424,32,512,16384,0,16381,0,65536,65588,True
model.safetensors,value_embeds.5.weight,19456,32,512,16384,0,16381,0,65536,65588,True
model.safetensors,value_embeds.5.weight,19488,32,512,16384,0,16381,0,65536,65588,True
model.safetensors,value_embeds.5.weight,19520,32,512,16384,0,16383,0,65536,65596,True
model.safetensors,value_embeds.5.weight,19552,32,512,16384,0,16383,0,65536,65596,True
model.safetensors,value_embeds.5.weight,19584,32,512,16384,0,16384,0,65536,65600,True
model.safetensors,value_embeds.5.weight,19616,32,512,16384,0,16383,0,65536,65596,True
model.safetensors,value_embeds.5.weight,19648,32,512,16384,0,16382,0,65536,65592,True
model.safetensors,value_embeds.5.weight,19680,32,512,16384,0,16382,0,65536,65592,True
model.safetensors,value_embeds.5.weight,19712,32,512,16384,0,16384,0,65536,65600,True
model.safetensors,value_embeds.5.weight,19744,32,512,16384,0,16382,0,65536,65592,True
model.safetensors,value_embeds.5.weight,19776,32,512,16384,0,16383,0,65536,65596,True
model.safetensors,value_embeds.5.weight,19808,32,512,16384,0,16383,0,65536,65596,True
model.safetensors,value_embeds.5.weight,19840,32,512,16384,0,16383,0,65536,65596,True
model.safetensors,value_embeds.5.weight,19872,32,512,16384,0,16382,0,65536,65592,True
model.safetensors,value_embeds.5.weight,19904,32,512,16384,0,16382,0,65536,65592,True
model.safetensors,value_embeds.5.weight,19936,32,512,16384,0,16380,0,65536,65584,True
model.safetensors,value_embeds.5.weight,19968,32,512,16384,0,16384,0,65536,65600,True
model.safetensors,value_embeds.5.weight,20000,32,512,16384,0,16384,0,65536,65600,True
model.safetensors,value_embeds.5.weight,20032,32,512,16384,0,16381,0,65536,65588,True
model.safetensors,value_embeds.5.weight,20064,32,512,16384,0,16384,0,65536,65600,True
model.safetensors,value_embeds.5.weight,20096,32,512,16384,0,16380,0,65536,65584,True
model.safetensors,value_embeds.5.weight,20128,32,512,16384,0,16379,0,65536,65580,True
model.safetensors,value_embeds.5.weight,20160,32,512,16384,0,16383,0,65536,65596,True
model.safetensors,value_embeds.5.weight,20192,32,512,16384,0,16384,0,65536,65600,True
model.safetensors,value_embeds.5.weight,20224,32,512,16384,0,16381,0,65536,65588,True
model.safetensors,value_embeds.5.weight,20256,32,512,16384,0,16383,0,65536,65596,True
model.safetensors,value_embeds.5.weight,20288,32,512,16384,0,16383,0,65536,65596,True
model.safetensors,value_embeds.5.weight,20320,32,512,16384,0,16383,0,65536,65596,True
model.safetensors,value_embeds.5.weight,20352,32,512,16384,0,16383,0,65536,65596,True
model.safetensors,value_embeds.5.weight,20384,32,512,16384,0,16381,0,65536,65588,True
model.safetensors,value_embeds.5.weight,20416,32,512,16384,0,16383,0,65536,65596,True
model.safetensors,value_embeds.5.weight,20448,32,512,16384,0,16383,0,65536,65596,True
model.safetensors,value_embeds.5.weight,20480,32,512,16384,0,16383,0,65536,65596,True
model.safetensors,value_embeds.5.weight,20512,32,512,16384,0,16383,0,65536,65596,True
model.safetensors,value_embeds.5.weight,20544,32,512,16384,0,16381,0,65536,65588,True
model.safetensors,value_embeds.5.weight,20576,32,512,16384,0,16381,0,65536,65588,True
model.safetensors,value_embeds.5.weight,20608,32,512,16384,0,16383,0,65536,65596,True
model.safetensors,value_embeds.5.weight,20640,32,512,16384,0,16378,0,65536,65576,True
model.safetensors,value_embeds.5.weight,20672,32,512,16384,0,16383,0,65536,65596,True
model.safetensors,value_embeds.5.weight,20704,32,512,16384,0,16382,0,65536,65592,True
model.safetensors,value_embeds.5.weight,20736,32,512,16384,0,16381,0,65536,65588,True
model.safetensors,value_embeds.5.weight,20768,32,512,16384,0,16380,0,65536,65584,True
model.safetensors,value_embeds.5.weight,20800,32,512,16384,0,16382,0,65536,65592,True
model.safetensors,value_embeds.5.weight,20832,32,512,16384,0,16383,0,65536,65596,True
model.safetensors,value_embeds.5.weight,20864,32,512,16384,0,16382,0,65536,65592,True
model.safetensors,value_embeds.5.weight,20896,32,512,16384,0,16382,0,65536,65592,True
model.safetensors,value_embeds.5.weight,20928,32,512,16384,0,16380,0,65536,65584,True
model.safetensors,value_embeds.5.weight,20960,32,512,16384,0,16383,0,65536,65596,True
model.safetensors,value_embeds.5.weight,20992,32,512,16384,0,16381,0,65536,65588,True
model.safetensors,value_embeds.5.weight,21024,32,512,16384,0,16380,0,65536,65584,True
model.safetensors,value_embeds.5.weight,21056,32,512,16384,0,16382,0,65536,65592,True
model.safetensors,value_embeds.5.weight,21088,32,512,16384,0,16381,0,65536,65588,True
model.safetensors,value_embeds.5.weight,21120,32,512,16384,0,16381,0,65536,65588,True
model.safetensors,value_embeds.5.weight,21152,32,512,16384,0,16379,0,65536,65580,True
model.safetensors,value_embeds.5.weight,21184,32,512,16384,0,16381,0,65536,65588,True
model.safetensors,value_embeds.5.weight,21216,32,512,16384,0,16381,0,65536,65588,True
model.safetensors,value_embeds.5.weight,21248,32,512,16384,0,16380,0,65536,65584,True
model.safetensors,value_embeds.5.weight,21280,32,512,16384,0,16381,0,65536,65588,True
model.safetensors,value_embeds.5.weight,21312,32,512,16384,0,16383,0,65536,65596,True
model.safetensors,value_embeds.5.weight,21344,32,512,16384,0,16382,0,65536,65592,True
model.safetensors,value_embeds.5.weight,21376,32,512,16384,0,16381,0,65536,65588,True
model.safetensors,value_embeds.5.weight,21408,32,512,16384,0,16382,0,65536,65592,True
model.safetensors,value_embeds.5.weight,21440,32,512,16384,0,16384,0,65536,65600,True
model.safetensors,value_embeds.5.weight,21472,32,512,16384,0,16382,0,65536,65592,True
model.safetensors,value_embeds.5.weight,21504,32,512,16384,0,16384,0,65536,65600,True
model.safetensors,value_embeds.5.weight,21536,32,512,16384,0,16384,0,65536,65600,True
model.safetensors,value_embeds.5.weight,21568,32,512,16384,0,16381,0,65536,65588,True
model.safetensors,value_embeds.5.weight,21600,32,512,16384,0,16383,0,65536,65596,True
model.safetensors,value_embeds.5.weight,21632,32,512,16384,0,16381,0,65536,65588,True
model.safetensors,value_embeds.5.weight,21664,32,512,16384,0,16382,0,65536,65592,True
model.safetensors,value_embeds.5.weight,21696,32,512,16384,0,16384,0,65536,65600,True
model.safetensors,value_embeds.5.weight,21728,32,512,16384,0,16382,0,65536,65592,True
model.safetensors,value_embeds.5.weight,21760,32,512,16384,0,16382,0,65536,65592,True
model.safetensors,value_embeds.5.weight,21792,32,512,16384,0,16381,0,65536,65588,True
model.safetensors,value_embeds.5.weight,21824,32,512,16384,0,16382,0,65536,65592,True
model.safetensors,value_embeds.5.weight,21856,32,512,16384,0,16383,0,65536,65596,True
model.safetensors,value_embeds.5.weight,21888,32,512,16384,0,16384,0,65536,65600,True
model.safetensors,value_embeds.5.weight,21920,32,512,16384,0,16382,0,65536,65592,True
model.safetensors,value_embeds.5.weight,21952,32,512,16384,0,16382,0,65536,65592,True
model.safetensors,value_embeds.5.weight,21984,32,512,16384,0,16381,0,65536,65588,True
model.safetensors,value_embeds.5.weight,22016,32,512,16384,0,16382,0,65536,65592,True
model.safetensors,value_embeds.5.weight,22048,32,512,16384,0,16384,0,65536,65600,True
model.safetensors,value_embeds.5.weight,22080,32,512,16384,0,16380,0,65536,65584,True
model.safetensors,value_embeds.5.weight,22112,32,512,16384,0,16384,0,65536,65600,True
model.safetensors,value_embeds.5.weight,22144,32,512,16384,0,16382,0,65536,65592,True
model.safetensors,value_embeds.5.weight,22176,32,512,16384,0,16383,0,65536,65596,True
model.safetensors,value_embeds.5.weight,22208,32,512,16384,0,16384,0,65536,65600,True
model.safetensors,value_embeds.5.weight,22240,32,512,16384,0,16380,0,65536,65584,True
model.safetensors,value_embeds.5.weight,22272,32,512,16384,0,16384,0,65536,65600,True
model.safetensors,value_embeds.5.weight,22304,32,512,16384,0,16383,0,65536,65596,True
model.safetensors,value_embeds.5.weight,22336,32,512,16384,0,16382,0,65536,65592,True
model.safetensors,value_embeds.5.weight,22368,32,512,16384,0,16382,0,65536,65592,True
model.safetensors,value_embeds.5.weight,22400,32,512,16384,0,16383,0,65536,65596,True
model.safetensors,value_embeds.5.weight,22432,32,512,16384,0,16381,0,65536,65588,True
model.safetensors,value_embeds.5.weight,22464,32,512,16384,0,16380,0,65536,65584,True
model.safetensors,value_embeds.5.weight,22496,32,512,16384,0,16382,0,65536,65592,True
model.safetensors,value_embeds.5.weight,22528,32,512,16384,0,16380,0,65536,65584,True
model.safetensors,value_embeds.5.weight,22560,32,512,16384,0,16381,0,65536,65588,True
model.safetensors,value_embeds.5.weight,22592,32,512,16384,0,16381,0,65536,65588,True
model.safetensors,value_embeds.5.weight,22624,32,512,16384,0,16381,0,65536,65588,True
model.safetensors,value_embeds.5.weight,22656,32,512,16384,0,16383,0,65536,65596,True
model.safetensors,value_embeds.5.weight,22688,32,512,16384,0,16379,0,65536,65580,True
model.safetensors,value_embeds.5.weight,22720,32,512,16384,0,16383,0,65536,65596,True
model.safetensors,value_embeds.5.weight,22752,32,512,16384,0,16382,0,65536,65592,True
model.safetensors,value_embeds.5.weight,22784,32,512,16384,0,16382,0,65536,65592,True
model.safetensors,value_embeds.5.weight,22816,32,512,16384,0,16383,0,65536,65596,True
model.safetensors,value_embeds.5.weight,22848,32,512,16384,0,16381,0,65536,65588,True
model.safetensors,value_embeds.5.weight,22880,32,512,16384,0,16383,0,65536,65596,True
model.safetensors,value_embeds.5.weight,22912,32,512,16384,0,16381,0,65536,65588,True
model.safetensors,value_embeds.5.weight,22944,32,512,16384,0,16383,0,65536,65596,True
model.safetensors,value_embeds.5.weight,22976,32,512,16384,0,16383,0,65536,65596,True
model.safetensors,value_embeds.5.weight,23008,32,512,16384,0,16382,0,65536,65592,True
model.safetensors,value_embeds.5.weight,23040,32,512,16384,0,16380,0,65536,65584,True
model.safetensors,value_embeds.5.weight,23072,32,512,16384,0,16383,0,65536,65596,True
model.safetensors,value_embeds.5.weight,23104,32,512,16384,0,16381,0,65536,65588,True
model.safetensors,value_embeds.5.weight,23136,32,512,16384,0,16381,0,65536,65588,True
model.safetensors,value_embeds.5.weight,23168,32,512,16384,0,16383,0,65536,65596,True
model.safetensors,value_embeds.5.weight,23200,32,512,16384,0,16383,0,65536,65596,True
model.safetensors,value_embeds.5.weight,23232,32,512,16384,0,16381,0,65536,65588,True
model.safetensors,value_embeds.5.weight,23264,32,512,16384,0,16380,0,65536,65584,True
model.safetensors,value_embeds.5.weight,23296,32,512,16384,0,16383,0,65536,65596,True
model.safetensors,value_embeds.5.weight,23328,32,512,16384,0,16384,0,65536,65600,True
model.safetensors,value_embeds.5.weight,23360,32,512,16384,0,16382,0,65536,65592,True
model.safetensors,value_embeds.5.weight,23392,32,512,16384,0,16383,0,65536,65596,True
model.safetensors,value_embeds.5.weight,23424,32,512,16384,0,16382,0,65536,65592,True
model.safetensors,value_embeds.5.weight,23456,32,512,16384,0,16384,0,65536,65600,True
model.safetensors,value_embeds.5.weight,23488,32,512,16384,0,16381,0,65536,65588,True
model.safetensors,value_embeds.5.weight,23520,32,512,16384,0,16382,0,65536,65592,True
model.safetensors,value_embeds.5.weight,23552,32,512,16384,0,16383,0,65536,65596,True
model.safetensors,value_embeds.5.weight,23584,32,512,16384,0,16383,0,65536,65596,True
model.safetensors,value_embeds.5.weight,23616,32,512,16384,0,16383,0,65536,65596,True
model.safetensors,value_embeds.5.weight,23648,32,512,16384,0,16384,0,65536,65600,True
model.safetensors,value_embeds.5.weight,23680,32,512,16384,0,16383,0,65536,65596,True
model.safetensors,value_embeds.5.weight,23712,32,512,16384,0,16379,0,65536,65580,True
model.safetensors,value_embeds.5.weight,23744,32,512,16384,0,16382,0,65536,65592,True
model.safetensors,value_embeds.5.weight,23776,32,512,16384,0,16383,0,65536,65596,True
model.safetensors,value_embeds.5.weight,23808,32,512,16384,0,16384,0,65536,65600,True
model.safetensors,value_embeds.5.weight,23840,32,512,16384,0,16382,0,65536,65592,True
model.safetensors,value_embeds.5.weight,23872,32,512,16384,0,16378,0,65536,65576,True
model.safetensors,value_embeds.5.weight,23904,32,512,16384,0,16384,0,65536,65600,True
model.safetensors,value_embeds.5.weight,23936,32,512,16384,0,16383,0,65536,65596,True
model.safetensors,value_embeds.5.weight,23968,32,512,16384,0,16384,0,65536,65600,True
model.safetensors,value_embeds.5.weight,24000,32,512,16384,0,16383,0,65536,65596,True
model.safetensors,value_embeds.5.weight,24032,32,512,16384,0,16382,0,65536,65592,True
model.safetensors,value_embeds.5.weight,24064,32,512,16384,0,16382,0,65536,65592,True
model.safetensors,value_embeds.5.weight,24096,32,512,16384,0,16382,0,65536,65592,True
model.safetensors,value_embeds.5.weight,24128,32,512,16384,0,16382,0,65536,65592,True
model.safetensors,value_embeds.5.weight,24160,32,512,16384,0,16381,0,65536,65588,True
model.safetensors,value_embeds.5.weight,24192,32,512,16384,0,16382,0,65536,65592,True
model.safetensors,value_embeds.5.weight,24224,32,512,16384,0,16380,0,65536,65584,True
model.safetensors,value_embeds.5.weight,24256,32,512,16384,0,16382,0,65536,65592,True
model.safetensors,value_embeds.5.weight,24288,32,512,16384,0,16382,0,65536,65592,True
model.safetensors,value_embeds.5.weight,24320,32,512,16384,0,16383,0,65536,65596,True
model.safetensors,value_embeds.5.weight,24352,32,512,16384,0,16382,0,65536,65592,True
model.safetensors,value_embeds.5.weight,24384,32,512,16384,0,16383,0,65536,65596,True
model.safetensors,value_embeds.5.weight,24416,32,512,16384,0,16382,0,65536,65592,True
model.safetensors,value_embeds.5.weight,24448,32,512,16384,0,16382,0,65536,65592,True
model.safetensors,value_embeds.5.weight,24480,32,512,16384,0,16384,0,65536,65600,True
model.safetensors,value_embeds.5.weight,24512,32,512,16384,0,16381,0,65536,65588,True
model.safetensors,value_embeds.5.weight,24544,32,512,16384,0,16382,0,65536,65592,True
model.safetensors,value_embeds.5.weight,24576,32,512,16384,0,16381,0,65536,65588,True
model.safetensors,value_embeds.5.weight,24608,32,512,16384,0,16383,0,65536,65596,True
model.safetensors,value_embeds.5.weight,24640,32,512,16384,0,16383,0,65536,65596,True
model.safetensors,value_embeds.5.weight,24672,32,512,16384,0,16382,0,65536,65592,True
model.safetensors,value_embeds.5.weight,24704,32,512,16384,0,16384,0,65536,65600,True
model.safetensors,value_embeds.5.weight,24736,32,512,16384,0,16380,0,65536,65584,True
model.safetensors,value_embeds.5.weight,24768,32,512,16384,0,16381,0,65536,65588,True
model.safetensors,value_embeds.5.weight,24800,32,512,16384,0,16383,0,65536,65596,True
model.safetensors,value_embeds.5.weight,24832,32,512,16384,0,16383,0,65536,65596,True
model.safetensors,value_embeds.5.weight,24864,32,512,16384,0,16382,0,65536,65592,True
model.safetensors,value_embeds.5.weight,24896,32,512,16384,0,16381,0,65536,65588,True
model.safetensors,value_embeds.5.weight,24928,32,512,16384,0,16384,0,65536,65600,True
model.safetensors,value_embeds.5.weight,24960,32,512,16384,0,16382,0,65536,65592,True
model.safetensors,value_embeds.5.weight,24992,32,512,16384,0,16383,0,65536,65596,True
model.safetensors,value_embeds.5.weight,25024,32,512,16384,0,16382,0,65536,65592,True
model.safetensors,value_embeds.5.weight,25056,32,512,16384,0,16382,0,65536,65592,True
model.safetensors,value_embeds.5.weight,25088,32,512,16384,0,16383,0,65536,65596,True
model.safetensors,value_embeds.5.weight,25120,32,512,16384,0,16383,0,65536,65596,True
model.safetensors,value_embeds.5.weight,25152,32,512,16384,0,16382,0,65536,65592,True
model.safetensors,value_embeds.5.weight,25184,32,512,16384,0,16381,0,65536,65588,True
model.safetensors,value_embeds.5.weight,25216,32,512,16384,0,16381,0,65536,65588,True
model.safetensors,value_embeds.5.weight,25248,32,512,16384,0,16381,0,65536,65588,True
model.safetensors,value_embeds.5.weight,25280,32,512,16384,0,16378,0,65536,65576,True
model.safetensors,value_embeds.5.weight,25312,32,512,16384,0,16382,0,65536,65592,True
model.safetensors,value_embeds.5.weight,25344,32,512,16384,0,16380,0,65536,65584,True
model.safetensors,value_embeds.5.weight,25376,32,512,16384,0,16381,0,65536,65588,True
model.safetensors,value_embeds.5.weight,25408,32,512,16384,0,16383,0,65536,65596,True
model.safetensors,value_embeds.5.weight,25440,32,512,16384,0,16383,0,65536,65596,True
model.safetensors,value_embeds.5.weight,25472,32,512,16384,0,16380,0,65536,65584,True
model.safetensors,value_embeds.5.weight,25504,32,512,16384,0,16382,0,65536,65592,True
model.safetensors,value_embeds.5.weight,25536,32,512,16384,0,16381,0,65536,65588,True
model.safetensors,value_embeds.5.weight,25568,32,512,16384,0,16382,0,65536,65592,True
model.safetensors,value_embeds.5.weight,25600,32,512,16384,0,16384,0,65536,65600,True
model.safetensors,value_embeds.5.weight,25632,32,512,16384,0,16380,0,65536,65584,True
model.safetensors,value_embeds.5.weight,25664,32,512,16384,0,16382,0,65536,65592,True
model.safetensors,value_embeds.5.weight,25696,32,512,16384,0,16384,0,65536,65600,True
model.safetensors,value_embeds.5.weight,25728,32,512,16384,0,16383,0,65536,65596,True
model.safetensors,value_embeds.5.weight,25760,32,512,16384,0,16383,0,65536,65596,True
model.safetensors,value_embeds.5.weight,25792,32,512,16384,0,16381,0,65536,65588,True
model.safetensors,value_embeds.5.weight,25824,32,512,16384,0,16383,0,65536,65596,True
model.safetensors,value_embeds.5.weight,25856,32,512,16384,0,16379,0,65536,65580,True
model.safetensors,value_embeds.5.weight,25888,32,512,16384,0,16384,0,65536,65600,True
model.safetensors,value_embeds.5.weight,25920,32,512,16384,0,16382,0,65536,65592,True
model.safetensors,value_embeds.5.weight,25952,32,512,16384,0,16383,0,65536,65596,True
model.safetensors,value_embeds.5.weight,25984,32,512,16384,0,16382,0,65536,65592,True
model.safetensors,value_embeds.5.weight,26016,32,512,16384,0,16381,0,65536,65588,True
model.safetensors,value_embeds.5.weight,26048,32,512,16384,0,16382,0,65536,65592,True
model.safetensors,value_embeds.5.weight,26080,32,512,16384,0,16381,0,65536,65588,True
model.safetensors,value_embeds.5.weight,26112,32,512,16384,0,16382,0,65536,65592,True
model.safetensors,value_embeds.5.weight,26144,32,512,16384,0,16380,0,65536,65584,True
model.safetensors,value_embeds.5.weight,26176,32,512,16384,0,16381,0,65536,65588,True
model.safetensors,value_embeds.5.weight,26208,32,512,16384,0,16383,0,65536,65596,True
model.safetensors,value_embeds.5.weight,26240,32,512,16384,0,16384,0,65536,65600,True
model.safetensors,value_embeds.5.weight,26272,32,512,16384,0,16380,0,65536,65584,True
model.safetensors,value_embeds.5.weight,26304,32,512,16384,0,16383,0,65536,65596,True
model.safetensors,value_embeds.5.weight,26336,32,512,16384,0,16381,0,65536,65588,True
model.safetensors,value_embeds.5.weight,26368,32,512,16384,0,16383,0,65536,65596,True
model.safetensors,value_embeds.5.weight,26400,32,512,16384,0,16383,0,65536,65596,True
model.safetensors,value_embeds.5.weight,26432,32,512,16384,0,16383,0,65536,65596,True
model.safetensors,value_embeds.5.weight,26464,32,512,16384,0,16384,0,65536,65600,True
model.safetensors,value_embeds.5.weight,26496,32,512,16384,0,16384,0,65536,65600,True
model.safetensors,value_embeds.5.weight,26528,32,512,16384,0,16383,0,65536,65596,True
model.safetensors,value_embeds.5.weight,26560,32,512,16384,0,16383,0,65536,65596,True
model.safetensors,value_embeds.5.weight,26592,32,512,16384,0,16382,0,65536,65592,True
model.safetensors,value_embeds.5.weight,26624,32,512,16384,0,16381,0,65536,65588,True
model.safetensors,value_embeds.5.weight,26656,32,512,16384,0,16378,0,65536,65576,True
model.safetensors,value_embeds.5.weight,26688,32,512,16384,0,16381,0,65536,65588,True
model.safetensors,value_embeds.5.weight,26720,32,512,16384,0,16383,0,65536,65596,True
model.safetensors,value_embeds.5.weight,26752,32,512,16384,0,16382,0,65536,65592,True
model.safetensors,value_embeds.5.weight,26784,32,512,16384,0,16381,0,65536,65588,True
model.safetensors,value_embeds.5.weight,26816,32,512,16384,0,16382,0,65536,65592,True
model.safetensors,value_embeds.5.weight,26848,32,512,16384,0,16383,0,65536,65596,True
model.safetensors,value_embeds.5.weight,26880,32,512,16384,0,16383,0,65536,65596,True
model.safetensors,value_embeds.5.weight,26912,32,512,16384,0,16382,0,65536,65592,True
model.safetensors,value_embeds.5.weight,26944,32,512,16384,0,16379,0,65536,65580,True
model.safetensors,value_embeds.5.weight,26976,32,512,16384,0,16378,0,65536,65576,True
model.safetensors,value_embeds.5.weight,27008,32,512,16384,0,16384,0,65536,65600,True
model.safetensors,value_embeds.5.weight,27040,32,512,16384,0,16382,0,65536,65592,True
model.safetensors,value_embeds.5.weight,27072,32,512,16384,0,16381,0,65536,65588,True
model.safetensors,value_embeds.5.weight,27104,32,512,16384,0,16381,0,65536,65588,True
model.safetensors,value_embeds.5.weight,27136,32,512,16384,0,16382,0,65536,65592,True
model.safetensors,value_embeds.5.weight,27168,32,512,16384,0,16380,0,65536,65584,True
model.safetensors,value_embeds.5.weight,27200,32,512,16384,0,16384,0,65536,65600,True
model.safetensors,value_embeds.5.weight,27232,32,512,16384,0,16382,0,65536,65592,True
model.safetensors,value_embeds.5.weight,27264,32,512,16384,0,16383,0,65536,65596,True
model.safetensors,value_embeds.5.weight,27296,32,512,16384,0,16383,0,65536,65596,True
model.safetensors,value_embeds.5.weight,27328,32,512,16384,0,16381,0,65536,65588,True
model.safetensors,value_embeds.5.weight,27360,32,512,16384,0,16383,0,65536,65596,True
model.safetensors,value_embeds.5.weight,27392,32,512,16384,0,16379,0,65536,65580,True
model.safetensors,value_embeds.5.weight,27424,32,512,16384,0,16380,0,65536,65584,True
model.safetensors,value_embeds.5.weight,27456,32,512,16384,0,16383,0,65536,65596,True
model.safetensors,value_embeds.5.weight,27488,32,512,16384,0,16384,0,65536,65600,True
model.safetensors,value_embeds.5.weight,27520,32,512,16384,0,16382,0,65536,65592,True
model.safetensors,value_embeds.5.weight,27552,32,512,16384,0,16383,0,65536,65596,True
model.safetensors,value_embeds.5.weight,27584,32,512,16384,0,16381,0,65536,65588,True
model.safetensors,value_embeds.5.weight,27616,32,512,16384,0,16381,0,65536,65588,True
model.safetensors,value_embeds.5.weight,27648,32,512,16384,0,16382,0,65536,65592,True
model.safetensors,value_embeds.5.weight,27680,32,512,16384,0,16382,0,65536,65592,True
model.safetensors,value_embeds.5.weight,27712,32,512,16384,0,16383,0,65536,65596,True
model.safetensors,value_embeds.5.weight,27744,32,512,16384,0,16382,0,65536,65592,True
model.safetensors,value_embeds.5.weight,27776,32,512,16384,0,16382,0,65536,65592,True
model.safetensors,value_embeds.5.weight,27808,32,512,16384,0,16383,0,65536,65596,True
model.safetensors,value_embeds.5.weight,27840,32,512,16384,0,16383,0,65536,65596,True
model.safetensors,value_embeds.5.weight,27872,32,512,16384,0,16382,0,65536,65592,True
model.safetensors,value_embeds.5.weight,27904,32,512,16384,0,16383,0,65536,65596,True
model.safetensors,value_embeds.5.weight,27936,32,512,16384,0,16383,0,65536,65596,True
model.safetensors,value_embeds.5.weight,27968,32,512,16384,0,16383,0,65536,65596,True
model.safetensors,value_embeds.5.weight,28000,32,512,16384,0,16380,0,65536,65584,True
model.safetensors,value_embeds.5.weight,28032,32,512,16384,0,16382,0,65536,65592,True
model.safetensors,value_embeds.5.weight,28064,32,512,16384,0,16382,0,65536,65592,True
model.safetensors,value_embeds.5.weight,28096,32,512,16384,0,16382,0,65536,65592,True
model.safetensors,value_embeds.5.weight,28128,32,512,16384,0,16383,0,65536,65596,True
model.safetensors,value_embeds.5.weight,28160,32,512,16384,0,16383,0,65536,65596,True
model.safetensors,value_embeds.5.weight,28192,32,512,16384,0,16384,0,65536,65600,True
model.safetensors,value_embeds.5.weight,28224,32,512,16384,0,16380,0,65536,65584,True
model.safetensors,value_embeds.5.weight,28256,32,512,16384,0,16382,0,65536,65592,True
model.safetensors,value_embeds.5.weight,28288,32,512,16384,0,16381,0,65536,65588,True
model.safetensors,value_embeds.5.weight,28320,32,512,16384,0,16382,0,65536,65592,True
model.safetensors,value_embeds.5.weight,28352,32,512,16384,0,16383,0,65536,65596,True
model.safetensors,value_embeds.5.weight,28384,32,512,16384,0,16382,0,65536,65592,True
model.safetensors,value_embeds.5.weight,28416,32,512,16384,0,16383,0,65536,65596,True
model.safetensors,value_embeds.5.weight,28448,32,512,16384,0,16384,0,65536,65600,True
model.safetensors,value_embeds.5.weight,28480,32,512,16384,0,16382,0,65536,65592,True
model.safetensors,value_embeds.5.weight,28512,32,512,16384,0,16383,0,65536,65596,True
model.safetensors,value_embeds.5.weight,28544,32,512,16384,0,16383,0,65536,65596,True
model.safetensors,value_embeds.5.weight,28576,32,512,16384,0,16379,0,65536,65580,True
model.safetensors,value_embeds.5.weight,28608,32,512,16384,0,16381,0,65536,65588,True
model.safetensors,value_embeds.5.weight,28640,32,512,16384,0,16384,0,65536,65600,True
model.safetensors,value_embeds.5.weight,28672,32,512,16384,0,16380,0,65536,65584,True
model.safetensors,value_embeds.5.weight,28704,32,512,16384,0,16380,0,65536,65584,True
model.safetensors,value_embeds.5.weight,28736,32,512,16384,0,16383,0,65536,65596,True
model.safetensors,value_embeds.5.weight,28768,32,512,16384,0,16381,0,65536,65588,True
model.safetensors,value_embeds.5.weight,28800,32,512,16384,0,16382,0,65536,65592,True
model.safetensors,value_embeds.5.weight,28832,32,512,16384,0,16381,0,65536,65588,True
model.safetensors,value_embeds.5.weight,28864,32,512,16384,0,16383,0,65536,65596,True
model.safetensors,value_embeds.5.weight,28896,32,512,16384,0,16377,0,65536,65572,True
model.safetensors,value_embeds.5.weight,28928,32,512,16384,0,16380,0,65536,65584,True
model.safetensors,value_embeds.5.weight,28960,32,512,16384,0,16383,0,65536,65596,True
model.safetensors,value_embeds.5.weight,28992,32,512,16384,0,16383,0,65536,65596,True
model.safetensors,value_embeds.5.weight,29024,32,512,16384,0,16383,0,65536,65596,True
model.safetensors,value_embeds.5.weight,29056,32,512,16384,0,16381,0,65536,65588,True
model.safetensors,value_embeds.5.weight,29088,32,512,16384,0,16383,0,65536,65596,True
model.safetensors,value_embeds.5.weight,29120,32,512,16384,0,16383,0,65536,65596,True
model.safetensors,value_embeds.5.weight,29152,32,512,16384,0,16382,0,65536,65592,True
model.safetensors,value_embeds.5.weight,29184,32,512,16384,0,16381,0,65536,65588,True
model.safetensors,value_embeds.5.weight,29216,32,512,16384,0,16383,0,65536,65596,True
model.safetensors,value_embeds.5.weight,29248,32,512,16384,0,16383,0,65536,65596,True
model.safetensors,value_embeds.5.weight,29280,32,512,16384,0,16383,0,65536,65596,True
model.safetensors,value_embeds.5.weight,29312,32,512,16384,0,16383,0,65536,65596,True
model.safetensors,value_embeds.5.weight,29344,32,512,16384,0,16380,0,65536,65584,True
model.safetensors,value_embeds.5.weight,29376,32,512,16384,0,16381,0,65536,65588,True
model.safetensors,value_embeds.5.weight,29408,32,512,16384,0,16383,0,65536,65596,True
model.safetensors,value_embeds.5.weight,29440,32,512,16384,0,16382,0,65536,65592,True
model.safetensors,value_embeds.5.weight,29472,32,512,16384,0,16383,0,65536,65596,True
model.safetensors,value_embeds.5.weight,29504,32,512,16384,0,16383,0,65536,65596,True
model.safetensors,value_embeds.5.weight,29536,32,512,16384,0,16380,0,65536,65584,True
model.safetensors,value_embeds.5.weight,29568,32,512,16384,0,16383,0,65536,65596,True
model.safetensors,value_embeds.5.weight,29600,32,512,16384,0,16382,0,65536,65592,True
model.safetensors,value_embeds.5.weight,29632,32,512,16384,0,16381,0,65536,65588,True
model.safetensors,value_embeds.5.weight,29664,32,512,16384,0,16380,0,65536,65584,True
model.safetensors,value_embeds.5.weight,29696,32,512,16384,0,16382,0,65536,65592,True
model.safetensors,value_embeds.5.weight,29728,32,512,16384,0,16384,0,65536,65600,True
model.safetensors,value_embeds.5.weight,29760,32,512,16384,0,16383,0,65536,65596,True
model.safetensors,value_embeds.5.weight,29792,32,512,16384,0,16379,0,65536,65580,True
model.safetensors,value_embeds.5.weight,29824,32,512,16384,0,16382,0,65536,65592,True
model.safetensors,value_embeds.5.weight,29856,32,512,16384,0,16381,0,65536,65588,True
model.safetensors,value_embeds.5.weight,29888,32,512,16384,0,16383,0,65536,65596,True
model.safetensors,value_embeds.5.weight,29920,32,512,16384,0,16382,0,65536,65592,True
model.safetensors,value_embeds.5.weight,29952,32,512,16384,0,16383,0,65536,65596,True
model.safetensors,value_embeds.5.weight,29984,32,512,16384,0,16382,0,65536,65592,True
model.safetensors,value_embeds.5.weight,30016,32,512,16384,0,16382,0,65536,65592,True
model.safetensors,value_embeds.5.weight,30048,32,512,16384,0,16382,0,65536,65592,True
model.safetensors,value_embeds.5.weight,30080,32,512,16384,0,16383,0,65536,65596,True
model.safetensors,value_embeds.5.weight,30112,32,512,16384,0,16383,0,65536,65596,True
model.safetensors,value_embeds.5.weight,30144,32,512,16384,0,16381,0,65536,65588,True
model.safetensors,value_embeds.5.weight,30176,32,512,16384,0,16383,0,65536,65596,True
model.safetensors,value_embeds.5.weight,30208,32,512,16384,0,16383,0,65536,65596,True
model.safetensors,value_embeds.5.weight,30240,32,512,16384,0,16382,0,65536,65592,True
model.safetensors,value_embeds.5.weight,30272,32,512,16384,0,16382,0,65536,65592,True
model.safetensors,value_embeds.5.weight,30304,32,512,16384,0,16383,0,65536,65596,True
model.safetensors,value_embeds.5.weight,30336,32,512,16384,0,16384,0,65536,65600,True
model.safetensors,value_embeds.5.weight,30368,32,512,16384,0,16383,0,65536,65596,True
model.safetensors,value_embeds.5.weight,30400,32,512,16384,0,16380,0,65536,65584,True
model.safetensors,value_embeds.5.weight,30432,32,512,16384,0,16381,0,65536,65588,True
model.safetensors,value_embeds.5.weight,30464,32,512,16384,0,16384,0,65536,65600,True
model.safetensors,value_embeds.5.weight,30496,32,512,16384,0,16382,0,65536,65592,True
model.safetensors,value_embeds.5.weight,30528,32,512,16384,0,16381,0,65536,65588,True
model.safetensors,value_embeds.5.weight,30560,32,512,16384,0,16384,0,65536,65600,True
model.safetensors,value_embeds.5.weight,30592,32,512,16384,0,16383,0,65536,65596,True
model.safetensors,value_embeds.5.weight,30624,32,512,16384,0,16380,0,65536,65584,True
model.safetensors,value_embeds.5.weight,30656,32,512,16384,0,16383,0,65536,65596,True
model.safetensors,value_embeds.5.weight,30688,32,512,16384,0,16381,0,65536,65588,True
model.safetensors,value_embeds.5.weight,30720,32,512,16384,0,16384,0,65536,65600,True
model.safetensors,value_embeds.5.weight,30752,32,512,16384,0,16380,0,65536,65584,True
model.safetensors,value_embeds.5.weight,30784,32,512,16384,0,16380,0,65536,65584,True
model.safetensors,value_embeds.5.weight,30816,32,512,16384,0,16383,0,65536,65596,True
model.safetensors,value_embeds.5.weight,30848,32,512,16384,0,16383,0,65536,65596,True
model.safetensors,value_embeds.5.weight,30880,32,512,16384,0,16383,0,65536,65596,True
model.safetensors,value_embeds.5.weight,30912,32,512,16384,0,16378,0,65536,65576,True
model.safetensors,value_embeds.5.weight,30944,32,512,16384,0,16381,0,65536,65588,True
model.safetensors,value_embeds.5.weight,30976,32,512,16384,0,16383,0,65536,65596,True
model.safetensors,value_embeds.5.weight,31008,32,512,16384,0,16380,0,65536,65584,True
model.safetensors,value_embeds.5.weight,31040,32,512,16384,0,16383,0,65536,65596,True
model.safetensors,value_embeds.5.weight,31072,32,512,16384,0,16382,0,65536,65592,True
model.safetensors,value_embeds.5.weight,31104,32,512,16384,0,16379,0,65536,65580,True
model.safetensors,value_embeds.5.weight,31136,32,512,16384,0,16381,0,65536,65588,True
model.safetensors,value_embeds.5.weight,31168,32,512,16384,0,16381,0,65536,65588,True
model.safetensors,value_embeds.5.weight,31200,32,512,16384,0,16381,0,65536,65588,True
model.safetensors,value_embeds.5.weight,31232,32,512,16384,0,16382,0,65536,65592,True
model.safetensors,value_embeds.5.weight,31264,32,512,16384,0,16380,0,65536,65584,True
model.safetensors,value_embeds.5.weight,31296,32,512,16384,0,16382,0,65536,65592,True
model.safetensors,value_embeds.5.weight,31328,32,512,16384,0,16382,0,65536,65592,True
model.safetensors,value_embeds.5.weight,31360,32,512,16384,0,16382,0,65536,65592,True
model.safetensors,value_embeds.5.weight,31392,32,512,16384,0,16383,0,65536,65596,True
model.safetensors,value_embeds.5.weight,31424,32,512,16384,0,16383,0,65536,65596,True
model.safetensors,value_embeds.5.weight,31456,32,512,16384,0,16382,0,65536,65592,True
model.safetensors,value_embeds.5.weight,31488,32,512,16384,0,16382,0,65536,65592,True
model.safetensors,value_embeds.5.weight,31520,32,512,16384,0,16383,0,65536,65596,True
model.safetensors,value_embeds.5.weight,31552,32,512,16384,0,16383,0,65536,65596,True
model.safetensors,value_embeds.5.weight,31584,32,512,16384,0,16382,0,65536,65592,True
model.safetensors,value_embeds.5.weight,31616,32,512,16384,0,16382,0,65536,65592,True
model.safetensors,value_embeds.5.weight,31648,32,512,16384,0,16383,0,65536,65596,True
model.safetensors,value_embeds.5.weight,31680,32,512,16384,0,16381,0,65536,65588,True
model.safetensors,value_embeds.5.weight,31712,32,512,16384,0,16383,0,65536,65596,True
model.safetensors,value_embeds.5.weight,31744,32,512,16384,0,16380,0,65536,65584,True
model.safetensors,value_embeds.5.weight,31776,32,512,16384,0,16379,0,65536,65580,True
model.safetensors,value_embeds.5.weight,31808,32,512,16384,0,16381,0,65536,65588,True
model.safetensors,value_embeds.5.weight,31840,32,512,16384,0,16380,0,65536,65584,True
model.safetensors,value_embeds.5.weight,31872,32,512,16384,0,16383,0,65536,65596,True
model.safetensors,value_embeds.5.weight,31904,32,512,16384,0,16383,0,65536,65596,True
model.safetensors,value_embeds.5.weight,31936,32,512,16384,0,16382,0,65536,65592,True
model.safetensors,value_embeds.5.weight,31968,32,512,16384,0,16382,0,65536,65592,True
model.safetensors,value_embeds.5.weight,32000,32,512,16384,0,16381,0,65536,65588,True
model.safetensors,value_embeds.5.weight,32032,32,512,16384,0,16380,0,65536,65584,True
model.safetensors,value_embeds.5.weight,32064,32,512,16384,0,16382,0,65536,65592,True
model.safetensors,value_embeds.5.weight,32096,32,512,16384,0,16380,0,65536,65584,True
model.safetensors,value_embeds.5.weight,32128,32,512,16384,0,16381,0,65536,65588,True
model.safetensors,value_embeds.5.weight,32160,32,512,16384,0,16383,0,65536,65596,True
model.safetensors,value_embeds.5.weight,32192,32,512,16384,0,16381,0,65536,65588,True
model.safetensors,value_embeds.5.weight,32224,32,512,16384,0,16380,0,65536,65584,True
model.safetensors,value_embeds.5.weight,32256,32,512,16384,0,16382,0,65536,65592,True
model.safetensors,value_embeds.5.weight,32288,32,512,16384,0,16381,0,65536,65588,True
model.safetensors,value_embeds.5.weight,32320,32,512,16384,0,16380,0,65536,65584,True
model.safetensors,value_embeds.5.weight,32352,32,512,16384,0,16384,0,65536,65600,True
model.safetensors,value_embeds.5.weight,32384,32,512,16384,0,16383,0,65536,65596,True
model.safetensors,value_embeds.5.weight,32416,32,512,16384,0,16383,0,65536,65596,True
model.safetensors,value_embeds.5.weight,32448,32,512,16384,0,16383,0,65536,65596,True
model.safetensors,value_embeds.5.weight,32480,32,512,16384,0,16383,0,65536,65596,True
model.safetensors,value_embeds.5.weight,32512,32,512,16384,0,16381,0,65536,65588,True
model.safetensors,value_embeds.5.weight,32544,32,512,16384,0,16381,0,65536,65588,True
model.safetensors,value_embeds.5.weight,32576,32,512,16384,0,16380,0,65536,65584,True
model.safetensors,value_embeds.5.weight,32608,32,512,16384,0,16377,0,65536,65572,True
model.safetensors,value_embeds.5.weight,32640,32,512,16384,0,16383,0,65536,65596,True
model.safetensors,value_embeds.5.weight,32672,32,512,16384,0,16381,0,65536,65588,True
model.safetensors,value_embeds.5.weight,32704,32,512,16384,0,16381,0,65536,65588,True
model.safetensors,value_embeds.5.weight,32736,32,512,16384,0,16381,0,65536,65588,True
model.safetensors,value_embeds.7.weight,0,32,512,16384,0,16382,0,65536,65592,True
model.safetensors,value_embeds.7.weight,32,32,512,16384,0,16381,0,65536,65588,True
model.safetensors,value_embeds.7.weight,64,32,512,16384,0,16384,0,65536,65600,True
model.safetensors,value_embeds.7.weight,96,32,512,16384,0,16383,0,65536,65596,True
model.safetensors,value_embeds.7.weight,128,32,512,16384,0,16382,0,65536,65592,True
model.safetensors,value_embeds.7.weight,160,32,512,16384,0,16379,0,65536,65580,True
model.safetensors,value_embeds.7.weight,192,32,512,16384,0,16378,0,65536,65576,True
model.safetensors,value_embeds.7.weight,224,32,512,16384,0,16378,0,65536,65576,True
model.safetensors,value_embeds.7.weight,256,32,512,16384,0,16381,0,65536,65588,True
model.safetensors,value_embeds.7.weight,288,32,512,16384,0,16381,0,65536,65588,True
model.safetensors,value_embeds.7.weight,320,32,512,16384,0,16382,0,65536,65592,True
model.safetensors,value_embeds.7.weight,352,32,512,16384,0,16378,0,65536,65576,True
model.safetensors,value_embeds.7.weight,384,32,512,16384,0,16382,0,65536,65592,True
model.safetensors,value_embeds.7.weight,416,32,512,16384,0,16384,0,65536,65600,True
model.safetensors,value_embeds.7.weight,448,32,512,16384,0,16382,0,65536,65592,True
model.safetensors,value_embeds.7.weight,480,32,512,16384,0,16382,0,65536,65592,True
model.safetensors,value_embeds.7.weight,512,32,512,16384,0,16382,0,65536,65592,True
model.safetensors,value_embeds.7.weight,544,32,512,16384,0,16381,0,65536,65588,True
model.safetensors,value_embeds.7.weight,576,32,512,16384,0,16380,0,65536,65584,True
model.safetensors,value_embeds.7.weight,608,32,512,16384,0,16379,0,65536,65580,True
model.safetensors,value_embeds.7.weight,640,32,512,16384,0,16383,0,65536,65596,True
model.safetensors,value_embeds.7.weight,672,32,512,16384,0,16382,0,65536,65592,True
model.safetensors,value_embeds.7.weight,704,32,512,16384,0,16383,0,65536,65596,True
model.safetensors,value_embeds.7.weight,736,32,512,16384,0,16383,0,65536,65596,True
model.safetensors,value_embeds.7.weight,768,32,512,16384,0,16384,0,65536,65600,True
model.safetensors,value_embeds.7.weight,800,32,512,16384,0,16382,0,65536,65592,True
model.safetensors,value_embeds.7.weight,832,32,512,16384,0,16381,0,65536,65588,True
model.safetensors,value_embeds.7.weight,864,32,512,16384,0,16383,0,65536,65596,True
model.safetensors,value_embeds.7.weight,896,32,512,16384,0,16384,0,65536,65600,True
model.safetensors,value_embeds.7.weight,928,32,512,16384,0,16384,0,65536,65600,True
model.safetensors,value_embeds.7.weight,960,32,512,16384,0,16383,0,65536,65596,True
model.safetensors,value_embeds.7.weight,992,32,512,16384,0,16382,0,65536,65592,True
model.safetensors,value_embeds.7.weight,1024,32,512,16384,0,16383,0,65536,65596,True
model.safetensors,value_embeds.7.weight,1056,32,512,16384,0,16383,0,65536,65596,True
model.safetensors,value_embeds.7.weight,1088,32,512,16384,0,16382,0,65536,65592,True
model.safetensors,value_embeds.7.weight,1120,32,512,16384,0,16379,0,65536,65580,True
model.safetensors,value_embeds.7.weight,1152,32,512,16384,0,16383,0,65536,65596,True
model.safetensors,value_embeds.7.weight,1184,32,512,16384,0,16381,0,65536,65588,True
model.safetensors,value_embeds.7.weight,1216,32,512,16384,0,16384,0,65536,65600,True
model.safetensors,value_embeds.7.weight,1248,32,512,16384,0,16383,0,65536,65596,True
model.safetensors,value_embeds.7.weight,1280,32,512,16384,0,16382,0,65536,65592,True
model.safetensors,value_embeds.7.weight,1312,32,512,16384,0,16381,0,65536,65588,True
model.safetensors,value_embeds.7.weight,1344,32,512,16384,0,16383,0,65536,65596,True
model.safetensors,value_embeds.7.weight,1376,32,512,16384,0,16384,0,65536,65600,True
model.safetensors,value_embeds.7.weight,1408,32,512,16384,0,16382,0,65536,65592,True
model.safetensors,value_embeds.7.weight,1440,32,512,16384,0,16383,0,65536,65596,True
model.safetensors,value_embeds.7.weight,1472,32,512,16384,0,16383,0,65536,65596,True
model.safetensors,value_embeds.7.weight,1504,32,512,16384,0,16383,0,65536,65596,True
model.safetensors,value_embeds.7.weight,1536,32,512,16384,0,16380,0,65536,65584,True
model.safetensors,value_embeds.7.weight,1568,32,512,16384,0,16382,0,65536,65592,True
model.safetensors,value_embeds.7.weight,1600,32,512,16384,0,16382,0,65536,65592,True
model.safetensors,value_embeds.7.weight,1632,32,512,16384,0,16380,0,65536,65584,True
model.safetensors,value_embeds.7.weight,1664,32,512,16384,0,16384,0,65536,65600,True
model.safetensors,value_embeds.7.weight,1696,32,512,16384,0,16380,0,65536,65584,True
model.safetensors,value_embeds.7.weight,1728,32,512,16384,0,16381,0,65536,65588,True
model.safetensors,value_embeds.7.weight,1760,32,512,16384,0,16382,0,65536,65592,True
model.safetensors,value_embeds.7.weight,1792,32,512,16384,0,16383,0,65536,65596,True
model.safetensors,value_embeds.7.weight,1824,32,512,16384,0,16384,0,65536,65600,True
model.safetensors,value_embeds.7.weight,1856,32,512,16384,0,16383,0,65536,65596,True
model.safetensors,value_embeds.7.weight,1888,32,512,16384,0,16383,0,65536,65596,True
model.safetensors,value_embeds.7.weight,1920,32,512,16384,0,16383,0,65536,65596,True
model.safetensors,value_embeds.7.weight,1952,32,512,16384,0,16382,0,65536,65592,True
model.safetensors,value_embeds.7.weight,1984,32,512,16384,0,16382,0,65536,65592,True
model.safetensors,value_embeds.7.weight,2016,32,512,16384,0,16381,0,65536,65588,True
model.safetensors,value_embeds.7.weight,2048,32,512,16384,0,16381,0,65536,65588,True
model.safetensors,value_embeds.7.weight,2080,32,512,16384,0,16383,0,65536,65596,True
model.safetensors,value_embeds.7.weight,2112,32,512,16384,0,16383,0,65536,65596,True
model.safetensors,value_embeds.7.weight,2144,32,512,16384,0,16383,0,65536,65596,True
model.safetensors,value_embeds.7.weight,2176,32,512,16384,0,16381,0,65536,65588,True
model.safetensors,value_embeds.7.weight,2208,32,512,16384,0,16383,0,65536,65596,True
model.safetensors,value_embeds.7.weight,2240,32,512,16384,0,16383,0,65536,65596,True
model.safetensors,value_embeds.7.weight,2272,32,512,16384,0,16383,0,65536,65596,True
model.safetensors,value_embeds.7.weight,2304,32,512,16384,0,16383,0,65536,65596,True
model.safetensors,value_embeds.7.weight,2336,32,512,16384,0,16382,0,65536,65592,True
model.safetensors,value_embeds.7.weight,2368,32,512,16384,0,16383,0,65536,65596,True
model.safetensors,value_embeds.7.weight,2400,32,512,16384,0,16382,0,65536,65592,True
model.safetensors,value_embeds.7.weight,2432,32,512,16384,0,16382,0,65536,65592,True
model.safetensors,value_embeds.7.weight,2464,32,512,16384,0,16380,0,65536,65584,True
model.safetensors,value_embeds.7.weight,2496,32,512,16384,0,16381,0,65536,65588,True
model.safetensors,value_embeds.7.weight,2528,32,512,16384,0,16382,0,65536,65592,True
model.safetensors,value_embeds.7.weight,2560,32,512,16384,0,16382,0,65536,65592,True
model.safetensors,value_embeds.7.weight,2592,32,512,16384,0,16381,0,65536,65588,True
model.safetensors,value_embeds.7.weight,2624,32,512,16384,0,16383,0,65536,65596,True
model.safetensors,value_embeds.7.weight,2656,32,512,16384,0,16382,0,65536,65592,True
model.safetensors,value_embeds.7.weight,2688,32,512,16384,0,16383,0,65536,65596,True
model.safetensors,value_embeds.7.weight,2720,32,512,16384,0,16384,0,65536,65600,True
model.safetensors,value_embeds.7.weight,2752,32,512,16384,0,16381,0,65536,65588,True
model.safetensors,value_embeds.7.weight,2784,32,512,16384,0,16384,0,65536,65600,True
model.safetensors,value_embeds.7.weight,2816,32,512,16384,0,16383,0,65536,65596,True
model.safetensors,value_embeds.7.weight,2848,32,512,16384,0,16379,0,65536,65580,True
model.safetensors,value_embeds.7.weight,2880,32,512,16384,0,16382,0,65536,65592,True
model.safetensors,value_embeds.7.weight,2912,32,512,16384,0,16382,0,65536,65592,True
model.safetensors,value_embeds.7.weight,2944,32,512,16384,0,16380,0,65536,65584,True
model.safetensors,value_embeds.7.weight,2976,32,512,16384,0,16382,0,65536,65592,True
model.safetensors,value_embeds.7.weight,3008,32,512,16384,0,16383,0,65536,65596,True
model.safetensors,value_embeds.7.weight,3040,32,512,16384,0,16382,0,65536,65592,True
model.safetensors,value_embeds.7.weight,3072,32,512,16384,0,16383,0,65536,65596,True
model.safetensors,value_embeds.7.weight,3104,32,512,16384,0,16384,0,65536,65600,True
model.safetensors,value_embeds.7.weight,3136,32,512,16384,0,16380,0,65536,65584,True
model.safetensors,value_embeds.7.weight,3168,32,512,16384,0,16381,0,65536,65588,True
model.safetensors,value_embeds.7.weight,3200,32,512,16384,0,16383,0,65536,65596,True
model.safetensors,value_embeds.7.weight,3232,32,512,16384,0,16383,0,65536,65596,True
model.safetensors,value_embeds.7.weight,3264,32,512,16384,0,16383,0,65536,65596,True
model.safetensors,value_embeds.7.weight,3296,32,512,16384,0,16383,0,65536,65596,True
model.safetensors,value_embeds.7.weight,3328,32,512,16384,0,16383,0,65536,65596,True
model.safetensors,value_embeds.7.weight,3360,32,512,16384,0,16383,0,65536,65596,True
model.safetensors,value_embeds.7.weight,3392,32,512,16384,0,16384,0,65536,65600,True
model.safetensors,value_embeds.7.weight,3424,32,512,16384,0,16381,0,65536,65588,True
model.safetensors,value_embeds.7.weight,3456,32,512,16384,0,16382,0,65536,65592,True
model.safetensors,value_embeds.7.weight,3488,32,512,16384,0,16383,0,65536,65596,True
model.safetensors,value_embeds.7.weight,3520,32,512,16384,0,16382,0,65536,65592,True
model.safetensors,value_embeds.7.weight,3552,32,512,16384,0,16383,0,65536,65596,True
model.safetensors,value_embeds.7.weight,3584,32,512,16384,0,16383,0,65536,65596,True
model.safetensors,value_embeds.7.weight,3616,32,512,16384,0,16381,0,65536,65588,True
model.safetensors,value_embeds.7.weight,3648,32,512,16384,0,16382,0,65536,65592,True
model.safetensors,value_embeds.7.weight,3680,32,512,16384,0,16384,0,65536,65600,True
model.safetensors,value_embeds.7.weight,3712,32,512,16384,0,16383,0,65536,65596,True
model.safetensors,value_embeds.7.weight,3744,32,512,16384,0,16382,0,65536,65592,True
model.safetensors,value_embeds.7.weight,3776,32,512,16384,0,16383,0,65536,65596,True
model.safetensors,value_embeds.7.weight,3808,32,512,16384,0,16381,0,65536,65588,True
model.safetensors,value_embeds.7.weight,3840,32,512,16384,0,16384,0,65536,65600,True
model.safetensors,value_embeds.7.weight,3872,32,512,16384,0,16381,0,65536,65588,True
model.safetensors,value_embeds.7.weight,3904,32,512,16384,0,16384,0,65536,65600,True
model.safetensors,value_embeds.7.weight,3936,32,512,16384,0,16382,0,65536,65592,True
model.safetensors,value_embeds.7.weight,3968,32,512,16384,0,16384,0,65536,65600,True
model.safetensors,value_embeds.7.weight,4000,32,512,16384,0,16383,0,65536,65596,True
model.safetensors,value_embeds.7.weight,4032,32,512,16384,0,16381,0,65536,65588,True
model.safetensors,value_embeds.7.weight,4064,32,512,16384,0,16383,0,65536,65596,True
model.safetensors,value_embeds.7.weight,4096,32,512,16384,0,16382,0,65536,65592,True
model.safetensors,value_embeds.7.weight,4128,32,512,16384,0,16381,0,65536,65588,True
model.safetensors,value_embeds.7.weight,4160,32,512,16384,0,16383,0,65536,65596,True
model.safetensors,value_embeds.7.weight,4192,32,512,16384,0,16380,0,65536,65584,True
model.safetensors,value_embeds.7.weight,4224,32,512,16384,0,16382,0,65536,65592,True
model.safetensors,value_embeds.7.weight,4256,32,512,16384,0,16383,0,65536,65596,True
model.safetensors,value_embeds.7.weight,4288,32,512,16384,0,16383,0,65536,65596,True
model.safetensors,value_embeds.7.weight,4320,32,512,16384,0,16382,0,65536,65592,True
model.safetensors,value_embeds.7.weight,4352,32,512,16384,0,16382,0,65536,65592,True
model.safetensors,value_embeds.7.weight,4384,32,512,16384,0,16384,0,65536,65600,True
model.safetensors,value_embeds.7.weight,4416,32,512,16384,0,16384,0,65536,65600,True
model.safetensors,value_embeds.7.weight,4448,32,512,16384,0,16384,0,65536,65600,True
model.safetensors,value_embeds.7.weight,4480,32,512,16384,0,16383,0,65536,65596,True
model.safetensors,value_embeds.7.weight,4512,32,512,16384,0,16384,0,65536,65600,True
model.safetensors,value_embeds.7.weight,4544,32,512,16384,0,16383,0,65536,65596,True
model.safetensors,value_embeds.7.weight,4576,32,512,16384,0,16383,0,65536,65596,True
model.safetensors,value_embeds.7.weight,4608,32,512,16384,0,16383,0,65536,65596,True
model.safetensors,value_embeds.7.weight,4640,32,512,16384,0,16382,0,65536,65592,True
model.safetensors,value_embeds.7.weight,4672,32,512,16384,0,16383,0,65536,65596,True
model.safetensors,value_embeds.7.weight,4704,32,512,16384,0,16384,0,65536,65600,True
model.safetensors,value_embeds.7.weight,4736,32,512,16384,0,16384,0,65536,65600,True
model.safetensors,value_embeds.7.weight,4768,32,512,16384,0,16383,0,65536,65596,True
model.safetensors,value_embeds.7.weight,4800,32,512,16384,0,16384,0,65536,65600,True
model.safetensors,value_embeds.7.weight,4832,32,512,16384,0,16380,0,65536,65584,True
model.safetensors,value_embeds.7.weight,4864,32,512,16384,0,16382,0,65536,65592,True
model.safetensors,value_embeds.7.weight,4896,32,512,16384,0,16382,0,65536,65592,True
model.safetensors,value_embeds.7.weight,4928,32,512,16384,0,16382,0,65536,65592,True
model.safetensors,value_embeds.7.weight,4960,32,512,16384,0,16384,0,65536,65600,True
model.safetensors,value_embeds.7.weight,4992,32,512,16384,0,16383,0,65536,65596,True
model.safetensors,value_embeds.7.weight,5024,32,512,16384,0,16383,0,65536,65596,True
model.safetensors,value_embeds.7.weight,5056,32,512,16384,0,16384,0,65536,65600,True
model.safetensors,value_embeds.7.weight,5088,32,512,16384,0,16382,0,65536,65592,True
model.safetensors,value_embeds.7.weight,5120,32,512,16384,0,16383,0,65536,65596,True
model.safetensors,value_embeds.7.weight,5152,32,512,16384,0,16382,0,65536,65592,True
model.safetensors,value_embeds.7.weight,5184,32,512,16384,0,16384,0,65536,65600,True
model.safetensors,value_embeds.7.weight,5216,32,512,16384,0,16382,0,65536,65592,True
model.safetensors,value_embeds.7.weight,5248,32,512,16384,0,16382,0,65536,65592,True
model.safetensors,value_embeds.7.weight,5280,32,512,16384,0,16382,0,65536,65592,True
model.safetensors,value_embeds.7.weight,5312,32,512,16384,0,16384,0,65536,65600,True
model.safetensors,value_embeds.7.weight,5344,32,512,16384,0,16382,0,65536,65592,True
model.safetensors,value_embeds.7.weight,5376,32,512,16384,0,16380,0,65536,65584,True
model.safetensors,value_embeds.7.weight,5408,32,512,16384,0,16382,0,65536,65592,True
model.safetensors,value_embeds.7.weight,5440,32,512,16384,0,16384,0,65536,65600,True
model.safetensors,value_embeds.7.weight,5472,32,512,16384,0,16384,0,65536,65600,True
model.safetensors,value_embeds.7.weight,5504,32,512,16384,0,16382,0,65536,65592,True
model.safetensors,value_embeds.7.weight,5536,32,512,16384,0,16384,0,65536,65600,True
model.safetensors,value_embeds.7.weight,5568,32,512,16384,0,16384,0,65536,65600,True
model.safetensors,value_embeds.7.weight,5600,32,512,16384,0,16383,0,65536,65596,True
model.safetensors,value_embeds.7.weight,5632,32,512,16384,0,16381,0,65536,65588,True
model.safetensors,value_embeds.7.weight,5664,32,512,16384,0,16382,0,65536,65592,True
model.safetensors,value_embeds.7.weight,5696,32,512,16384,0,16384,0,65536,65600,True
model.safetensors,value_embeds.7.weight,5728,32,512,16384,0,16383,0,65536,65596,True
model.safetensors,value_embeds.7.weight,5760,32,512,16384,0,16381,0,65536,65588,True
model.safetensors,value_embeds.7.weight,5792,32,512,16384,0,16382,0,65536,65592,True
model.safetensors,value_embeds.7.weight,5824,32,512,16384,0,16382,0,65536,65592,True
model.safetensors,value_embeds.7.weight,5856,32,512,16384,0,16382,0,65536,65592,True
model.safetensors,value_embeds.7.weight,5888,32,512,16384,0,16382,0,65536,65592,True
model.safetensors,value_embeds.7.weight,5920,32,512,16384,0,16382,0,65536,65592,True
model.safetensors,value_embeds.7.weight,5952,32,512,16384,0,16378,0,65536,65576,True
model.safetensors,value_embeds.7.weight,5984,32,512,16384,0,16382,0,65536,65592,True
model.safetensors,value_embeds.7.weight,6016,32,512,16384,0,16381,0,65536,65588,True
model.safetensors,value_embeds.7.weight,6048,32,512,16384,0,16381,0,65536,65588,True
model.safetensors,value_embeds.7.weight,6080,32,512,16384,0,16382,0,65536,65592,True
model.safetensors,value_embeds.7.weight,6112,32,512,16384,0,16383,0,65536,65596,True
model.safetensors,value_embeds.7.weight,6144,32,512,16384,0,16383,0,65536,65596,True
model.safetensors,value_embeds.7.weight,6176,32,512,16384,0,16379,0,65536,65580,True
model.safetensors,value_embeds.7.weight,6208,32,512,16384,0,16382,0,65536,65592,True
model.safetensors,value_embeds.7.weight,6240,32,512,16384,0,16382,0,65536,65592,True
model.safetensors,value_embeds.7.weight,6272,32,512,16384,0,16382,0,65536,65592,True
model.safetensors,value_embeds.7.weight,6304,32,512,16384,0,16383,0,65536,65596,True
model.safetensors,value_embeds.7.weight,6336,32,512,16384,0,16382,0,65536,65592,True
model.safetensors,value_embeds.7.weight,6368,32,512,16384,0,16383,0,65536,65596,True
model.safetensors,value_embeds.7.weight,6400,32,512,16384,0,16381,0,65536,65588,True
model.safetensors,value_embeds.7.weight,6432,32,512,16384,0,16383,0,65536,65596,True
model.safetensors,value_embeds.7.weight,6464,32,512,16384,0,16381,0,65536,65588,True
model.safetensors,value_embeds.7.weight,6496,32,512,16384,0,16382,0,65536,65592,True
model.safetensors,value_embeds.7.weight,6528,32,512,16384,0,16383,0,65536,65596,True
model.safetensors,value_embeds.7.weight,6560,32,512,16384,0,16381,0,65536,65588,True
model.safetensors,value_embeds.7.weight,6592,32,512,16384,0,16381,0,65536,65588,True
model.safetensors,value_embeds.7.weight,6624,32,512,16384,0,16384,0,65536,65600,True
model.safetensors,value_embeds.7.weight,6656,32,512,16384,0,16380,0,65536,65584,True
model.safetensors,value_embeds.7.weight,6688,32,512,16384,0,16382,0,65536,65592,True
model.safetensors,value_embeds.7.weight,6720,32,512,16384,0,16380,0,65536,65584,True
model.safetensors,value_embeds.7.weight,6752,32,512,16384,0,16381,0,65536,65588,True
model.safetensors,value_embeds.7.weight,6784,32,512,16384,0,16384,0,65536,65600,True
model.safetensors,value_embeds.7.weight,6816,32,512,16384,0,16382,0,65536,65592,True
model.safetensors,value_embeds.7.weight,6848,32,512,16384,0,16382,0,65536,65592,True
model.safetensors,value_embeds.7.weight,6880,32,512,16384,0,16381,0,65536,65588,True
model.safetensors,value_embeds.7.weight,6912,32,512,16384,0,16382,0,65536,65592,True
model.safetensors,value_embeds.7.weight,6944,32,512,16384,0,16383,0,65536,65596,True
model.safetensors,value_embeds.7.weight,6976,32,512,16384,0,16383,0,65536,65596,True
model.safetensors,value_embeds.7.weight,7008,32,512,16384,0,16383,0,65536,65596,True
model.safetensors,value_embeds.7.weight,7040,32,512,16384,0,16383,0,65536,65596,True
model.safetensors,value_embeds.7.weight,7072,32,512,16384,0,16384,0,65536,65600,True
model.safetensors,value_embeds.7.weight,7104,32,512,16384,0,16383,0,65536,65596,True
model.safetensors,value_embeds.7.weight,7136,32,512,16384,0,16382,0,65536,65592,True
model.safetensors,value_embeds.7.weight,7168,32,512,16384,0,16381,0,65536,65588,True
model.safetensors,value_embeds.7.weight,7200,32,512,16384,0,16383,0,65536,65596,True
model.safetensors,value_embeds.7.weight,7232,32,512,16384,0,16379,0,65536,65580,True
model.safetensors,value_embeds.7.weight,7264,32,512,16384,0,16381,0,65536,65588,True
model.safetensors,value_embeds.7.weight,7296,32,512,16384,0,16383,0,65536,65596,True
model.safetensors,value_embeds.7.weight,7328,32,512,16384,0,16383,0,65536,65596,True
model.safetensors,value_embeds.7.weight,7360,32,512,16384,0,16384,0,65536,65600,True
model.safetensors,value_embeds.7.weight,7392,32,512,16384,0,16382,0,65536,65592,True
model.safetensors,value_embeds.7.weight,7424,32,512,16384,0,16384,0,65536,65600,True
model.safetensors,value_embeds.7.weight,7456,32,512,16384,0,16383,0,65536,65596,True
model.safetensors,value_embeds.7.weight,7488,32,512,16384,0,16384,0,65536,65600,True
model.safetensors,value_embeds.7.weight,7520,32,512,16384,0,16383,0,65536,65596,True
model.safetensors,value_embeds.7.weight,7552,32,512,16384,0,16383,0,65536,65596,True
model.safetensors,value_embeds.7.weight,7584,32,512,16384,0,16384,0,65536,65600,True
model.safetensors,value_embeds.7.weight,7616,32,512,16384,0,16383,0,65536,65596,True
model.safetensors,value_embeds.7.weight,7648,32,512,16384,0,16381,0,65536,65588,True
model.safetensors,value_embeds.7.weight,7680,32,512,16384,0,16382,0,65536,65592,True
model.safetensors,value_embeds.7.weight,7712,32,512,16384,0,16382,0,65536,65592,True
model.safetensors,value_embeds.7.weight,7744,32,512,16384,0,16382,0,65536,65592,True
model.safetensors,value_embeds.7.weight,7776,32,512,16384,0,16383,0,65536,65596,True
model.safetensors,value_embeds.7.weight,7808,32,512,16384,0,16381,0,65536,65588,True
model.safetensors,value_embeds.7.weight,7840,32,512,16384,0,16384,0,65536,65600,True
model.safetensors,value_embeds.7.weight,7872,32,512,16384,0,16383,0,65536,65596,True
model.safetensors,value_embeds.7.weight,7904,32,512,16384,0,16382,0,65536,65592,True
model.safetensors,value_embeds.7.weight,7936,32,512,16384,0,16383,0,65536,65596,True
model.safetensors,value_embeds.7.weight,7968,32,512,16384,0,16384,0,65536,65600,True
model.safetensors,value_embeds.7.weight,8000,32,512,16384,0,16383,0,65536,65596,True
model.safetensors,value_embeds.7.weight,8032,32,512,16384,0,16381,0,65536,65588,True
model.safetensors,value_embeds.7.weight,8064,32,512,16384,0,16383,0,65536,65596,True
model.safetensors,value_embeds.7.weight,8096,32,512,16384,0,16382,0,65536,65592,True
model.safetensors,value_embeds.7.weight,8128,32,512,16384,0,16382,0,65536,65592,True
model.safetensors,value_embeds.7.weight,8160,32,512,16384,0,16381,0,65536,65588,True
model.safetensors,value_embeds.7.weight,8192,32,512,16384,0,16384,0,65536,65600,True
model.safetensors,value_embeds.7.weight,8224,32,512,16384,0,16382,0,65536,65592,True
model.safetensors,value_embeds.7.weight,8256,32,512,16384,0,16381,0,65536,65588,True
model.safetensors,value_embeds.7.weight,8288,32,512,16384,0,16381,0,65536,65588,True
model.safetensors,value_embeds.7.weight,8320,32,512,16384,0,16383,0,65536,65596,True
model.safetensors,value_embeds.7.weight,8352,32,512,16384,0,16382,0,65536,65592,True
model.safetensors,value_embeds.7.weight,8384,32,512,16384,0,16381,0,65536,65588,True
model.safetensors,value_embeds.7.weight,8416,32,512,16384,0,16383,0,65536,65596,True
model.safetensors,value_embeds.7.weight,8448,32,512,16384,0,16384,0,65536,65600,True
model.safetensors,value_embeds.7.weight,8480,32,512,16384,0,16383,0,65536,65596,True
model.safetensors,value_embeds.7.weight,8512,32,512,16384,0,16383,0,65536,65596,True
model.safetensors,value_embeds.7.weight,8544,32,512,16384,0,16383,0,65536,65596,True
model.safetensors,value_embeds.7.weight,8576,32,512,16384,0,16382,0,65536,65592,True
model.safetensors,value_embeds.7.weight,8608,32,512,16384,0,16381,0,65536,65588,True
model.safetensors,value_embeds.7.weight,8640,32,512,16384,0,16383,0,65536,65596,True
model.safetensors,value_embeds.7.weight,8672,32,512,16384,0,16384,0,65536,65600,True
model.safetensors,value_embeds.7.weight,8704,32,512,16384,0,16383,0,65536,65596,True
model.safetensors,value_embeds.7.weight,8736,32,512,16384,0,16384,0,65536,65600,True
model.safetensors,value_embeds.7.weight,8768,32,512,16384,0,16384,0,65536,65600,True
model.safetensors,value_embeds.7.weight,8800,32,512,16384,0,16383,0,65536,65596,True
model.safetensors,value_embeds.7.weight,8832,32,512,16384,0,16383,0,65536,65596,True
model.safetensors,value_embeds.7.weight,8864,32,512,16384,0,16381,0,65536,65588,True
model.safetensors,value_embeds.7.weight,8896,32,512,16384,0,16380,0,65536,65584,True
model.safetensors,value_embeds.7.weight,8928,32,512,16384,0,16384,0,65536,65600,True
model.safetensors,value_embeds.7.weight,8960,32,512,16384,0,16383,0,65536,65596,True
model.safetensors,value_embeds.7.weight,8992,32,512,16384,0,16382,0,65536,65592,True
model.safetensors,value_embeds.7.weight,9024,32,512,16384,0,16384,0,65536,65600,True
model.safetensors,value_embeds.7.weight,9056,32,512,16384,0,16383,0,65536,65596,True
model.safetensors,value_embeds.7.weight,9088,32,512,16384,0,16383,0,65536,65596,True
model.safetensors,value_embeds.7.weight,9120,32,512,16384,0,16381,0,65536,65588,True
model.safetensors,value_embeds.7.weight,9152,32,512,16384,0,16382,0,65536,65592,True
model.safetensors,value_embeds.7.weight,9184,32,512,16384,0,16383,0,65536,65596,True
model.safetensors,value_embeds.7.weight,9216,32,512,16384,0,16383,0,65536,65596,True
model.safetensors,value_embeds.7.weight,9248,32,512,16384,0,16384,0,65536,65600,True
model.safetensors,value_embeds.7.weight,9280,32,512,16384,0,16381,0,65536,65588,True
model.safetensors,value_embeds.7.weight,9312,32,512,16384,0,16381,0,65536,65588,True
model.safetensors,value_embeds.7.weight,9344,32,512,16384,0,16381,0,65536,65588,True
model.safetensors,value_embeds.7.weight,9376,32,512,16384,0,16382,0,65536,65592,True
model.safetensors,value_embeds.7.weight,9408,32,512,16384,0,16384,0,65536,65600,True
model.safetensors,value_embeds.7.weight,9440,32,512,16384,0,16383,0,65536,65596,True
model.safetensors,value_embeds.7.weight,9472,32,512,16384,0,16379,0,65536,65580,True
model.safetensors,value_embeds.7.weight,9504,32,512,16384,0,16383,0,65536,65596,True
model.safetensors,value_embeds.7.weight,9536,32,512,16384,0,16382,0,65536,65592,True
model.safetensors,value_embeds.7.weight,9568,32,512,16384,0,16382,0,65536,65592,True
model.safetensors,value_embeds.7.weight,9600,32,512,16384,0,16382,0,65536,65592,True
model.safetensors,value_embeds.7.weight,9632,32,512,16384,0,16382,0,65536,65592,True
model.safetensors,value_embeds.7.weight,9664,32,512,16384,0,16382,0,65536,65592,True
model.safetensors,value_embeds.7.weight,9696,32,512,16384,0,16382,0,65536,65592,True
model.safetensors,value_embeds.7.weight,9728,32,512,16384,0,16381,0,65536,65588,True
model.safetensors,value_embeds.7.weight,9760,32,512,16384,0,16383,0,65536,65596,True
model.safetensors,value_embeds.7.weight,9792,32,512,16384,0,16383,0,65536,65596,True
model.safetensors,value_embeds.7.weight,9824,32,512,16384,0,16383,0,65536,65596,True
model.safetensors,value_embeds.7.weight,9856,32,512,16384,0,16384,0,65536,65600,True
model.safetensors,value_embeds.7.weight,9888,32,512,16384,0,16381,0,65536,65588,True
model.safetensors,value_embeds.7.weight,9920,32,512,16384,0,16381,0,65536,65588,True
model.safetensors,value_embeds.7.weight,9952,32,512,16384,0,16383,0,65536,65596,True
model.safetensors,value_embeds.7.weight,9984,32,512,16384,0,16382,0,65536,65592,True
model.safetensors,value_embeds.7.weight,10016,32,512,16384,0,16381,0,65536,65588,True
model.safetensors,value_embeds.7.weight,10048,32,512,16384,0,16381,0,65536,65588,True
model.safetensors,value_embeds.7.weight,10080,32,512,16384,0,16383,0,65536,65596,True
model.safetensors,value_embeds.7.weight,10112,32,512,16384,0,16382,0,65536,65592,True
model.safetensors,value_embeds.7.weight,10144,32,512,16384,0,16382,0,65536,65592,True
model.safetensors,value_embeds.7.weight,10176,32,512,16384,0,16381,0,65536,65588,True
model.safetensors,value_embeds.7.weight,10208,32,512,16384,0,16381,0,65536,65588,True
model.safetensors,value_embeds.7.weight,10240,32,512,16384,0,16382,0,65536,65592,True
model.safetensors,value_embeds.7.weight,10272,32,512,16384,0,16382,0,65536,65592,True
model.safetensors,value_embeds.7.weight,10304,32,512,16384,0,16382,0,65536,65592,True
model.safetensors,value_embeds.7.weight,10336,32,512,16384,0,16383,0,65536,65596,True
model.safetensors,value_embeds.7.weight,10368,32,512,16384,0,16382,0,65536,65592,True
model.safetensors,value_embeds.7.weight,10400,32,512,16384,0,16382,0,65536,65592,True
model.safetensors,value_embeds.7.weight,10432,32,512,16384,0,16382,0,65536,65592,True
model.safetensors,value_embeds.7.weight,10464,32,512,16384,0,16382,0,65536,65592,True
model.safetensors,value_embeds.7.weight,10496,32,512,16384,0,16383,0,65536,65596,True
model.safetensors,value_embeds.7.weight,10528,32,512,16384,0,16383,0,65536,65596,True
model.safetensors,value_embeds.7.weight,10560,32,512,16384,0,16383,0,65536,65596,True
model.safetensors,value_embeds.7.weight,10592,32,512,16384,0,16382,0,65536,65592,True
model.safetensors,value_embeds.7.weight,10624,32,512,16384,0,16380,0,65536,65584,True
model.safetensors,value_embeds.7.weight,10656,32,512,16384,0,16383,0,65536,65596,True
model.safetensors,value_embeds.7.weight,10688,32,512,16384,0,16380,0,65536,65584,True
model.safetensors,value_embeds.7.weight,10720,32,512,16384,0,16383,0,65536,65596,True
model.safetensors,value_embeds.7.weight,10752,32,512,16384,0,16381,0,65536,65588,True
model.safetensors,value_embeds.7.weight,10784,32,512,16384,0,16384,0,65536,65600,True
model.safetensors,value_embeds.7.weight,10816,32,512,16384,0,16382,0,65536,65592,True
model.safetensors,value_embeds.7.weight,10848,32,512,16384,0,16383,0,65536,65596,True
model.safetensors,value_embeds.7.weight,10880,32,512,16384,0,16384,0,65536,65600,True
model.safetensors,value_embeds.7.weight,10912,32,512,16384,0,16384,0,65536,65600,True
model.safetensors,value_embeds.7.weight,10944,32,512,16384,0,16383,0,65536,65596,True
model.safetensors,value_embeds.7.weight,10976,32,512,16384,0,16382,0,65536,65592,True
model.safetensors,value_embeds.7.weight,11008,32,512,16384,0,16383,0,65536,65596,True
model.safetensors,value_embeds.7.weight,11040,32,512,16384,0,16380,0,65536,65584,True
model.safetensors,value_embeds.7.weight,11072,32,512,16384,0,16382,0,65536,65592,True
model.safetensors,value_embeds.7.weight,11104,32,512,16384,0,16384,0,65536,65600,True
model.safetensors,value_embeds.7.weight,11136,32,512,16384,0,16383,0,65536,65596,True
model.safetensors,value_embeds.7.weight,11168,32,512,16384,0,16383,0,65536,65596,True
model.safetensors,value_embeds.7.weight,11200,32,512,16384,0,16384,0,65536,65600,True
model.safetensors,value_embeds.7.weight,11232,32,512,16384,0,16384,0,65536,65600,True
model.safetensors,value_embeds.7.weight,11264,32,512,16384,0,16383,0,65536,65596,True
model.safetensors,value_embeds.7.weight,11296,32,512,16384,0,16383,0,65536,65596,True
model.safetensors,value_embeds.7.weight,11328,32,512,16384,0,16380,0,65536,65584,True
model.safetensors,value_embeds.7.weight,11360,32,512,16384,0,16383,0,65536,65596,True
model.safetensors,value_embeds.7.weight,11392,32,512,16384,0,16381,0,65536,65588,True
model.safetensors,value_embeds.7.weight,11424,32,512,16384,0,16381,0,65536,65588,True
model.safetensors,value_embeds.7.weight,11456,32,512,16384,0,16384,0,65536,65600,True
model.safetensors,value_embeds.7.weight,11488,32,512,16384,0,16382,0,65536,65592,True
model.safetensors,value_embeds.7.weight,11520,32,512,16384,0,16383,0,65536,65596,True
model.safetensors,value_embeds.7.weight,11552,32,512,16384,0,16383,0,65536,65596,True
model.safetensors,value_embeds.7.weight,11584,32,512,16384,0,16382,0,65536,65592,True
model.safetensors,value_embeds.7.weight,11616,32,512,16384,0,16381,0,65536,65588,True
model.safetensors,value_embeds.7.weight,11648,32,512,16384,0,16382,0,65536,65592,True
model.safetensors,value_embeds.7.weight,11680,32,512,16384,0,16384,0,65536,65600,True
model.safetensors,value_embeds.7.weight,11712,32,512,16384,0,16383,0,65536,65596,True
model.safetensors,value_embeds.7.weight,11744,32,512,16384,0,16381,0,65536,65588,True
model.safetensors,value_embeds.7.weight,11776,32,512,16384,0,16384,0,65536,65600,True
model.safetensors,value_embeds.7.weight,11808,32,512,16384,0,16382,0,65536,65592,True
model.safetensors,value_embeds.7.weight,11840,32,512,16384,0,16383,0,65536,65596,True
model.safetensors,value_embeds.7.weight,11872,32,512,16384,0,16383,0,65536,65596,True
model.safetensors,value_embeds.7.weight,11904,32,512,16384,0,16380,0,65536,65584,True
model.safetensors,value_embeds.7.weight,11936,32,512,16384,0,16383,0,65536,65596,True
model.safetensors,value_embeds.7.weight,11968,32,512,16384,0,16380,0,65536,65584,True
model.safetensors,value_embeds.7.weight,12000,32,512,16384,0,16381,0,65536,65588,True
model.safetensors,value_embeds.7.weight,12032,32,512,16384,0,16383,0,65536,65596,True
model.safetensors,value_embeds.7.weight,12064,32,512,16384,0,16383,0,65536,65596,True
model.safetensors,value_embeds.7.weight,12096,32,512,16384,0,16384,0,65536,65600,True
model.safetensors,value_embeds.7.weight,12128,32,512,16384,0,16383,0,65536,65596,True
model.safetensors,value_embeds.7.weight,12160,32,512,16384,0,16380,0,65536,65584,True
model.safetensors,value_embeds.7.weight,12192,32,512,16384,0,16383,0,65536,65596,True
model.safetensors,value_embeds.7.weight,12224,32,512,16384,0,16384,0,65536,65600,True
model.safetensors,value_embeds.7.weight,12256,32,512,16384,0,16381,0,65536,65588,True
model.safetensors,value_embeds.7.weight,12288,32,512,16384,0,16382,0,65536,65592,True
model.safetensors,value_embeds.7.weight,12320,32,512,16384,0,16380,0,65536,65584,True
model.safetensors,value_embeds.7.weight,12352,32,512,16384,0,16383,0,65536,65596,True
model.safetensors,value_embeds.7.weight,12384,32,512,16384,0,16379,0,65536,65580,True
model.safetensors,value_embeds.7.weight,12416,32,512,16384,0,16384,0,65536,65600,True
model.safetensors,value_embeds.7.weight,12448,32,512,16384,0,16382,0,65536,65592,True
model.safetensors,value_embeds.7.weight,12480,32,512,16384,0,16382,0,65536,65592,True
model.safetensors,value_embeds.7.weight,12512,32,512,16384,0,16383,0,65536,65596,True
model.safetensors,value_embeds.7.weight,12544,32,512,16384,0,16383,0,65536,65596,True
model.safetensors,value_embeds.7.weight,12576,32,512,16384,0,16381,0,65536,65588,True
model.safetensors,value_embeds.7.weight,12608,32,512,16384,0,16382,0,65536,65592,True
model.safetensors,value_embeds.7.weight,12640,32,512,16384,0,16384,0,65536,65600,True
model.safetensors,value_embeds.7.weight,12672,32,512,16384,0,16383,0,65536,65596,True
model.safetensors,value_embeds.7.weight,12704,32,512,16384,0,16383,0,65536,65596,True
model.safetensors,value_embeds.7.weight,12736,32,512,16384,0,16382,0,65536,65592,True
model.safetensors,value_embeds.7.weight,12768,32,512,16384,0,16383,0,65536,65596,True
model.safetensors,value_embeds.7.weight,12800,32,512,16384,0,16383,0,65536,65596,True
model.safetensors,value_embeds.7.weight,12832,32,512,16384,0,16380,0,65536,65584,True
model.safetensors,value_embeds.7.weight,12864,32,512,16384,0,16383,0,65536,65596,True
model.safetensors,value_embeds.7.weight,12896,32,512,16384,0,16383,0,65536,65596,True
model.safetensors,value_embeds.7.weight,12928,32,512,16384,0,16382,0,65536,65592,True
model.safetensors,value_embeds.7.weight,12960,32,512,16384,0,16383,0,65536,65596,True
model.safetensors,value_embeds.7.weight,12992,32,512,16384,0,16382,0,65536,65592,True
model.safetensors,value_embeds.7.weight,13024,32,512,16384,0,16382,0,65536,65592,True
model.safetensors,value_embeds.7.weight,13056,32,512,16384,0,16383,0,65536,65596,True
model.safetensors,value_embeds.7.weight,13088,32,512,16384,0,16379,0,65536,65580,True
model.safetensors,value_embeds.7.weight,13120,32,512,16384,0,16382,0,65536,65592,True
model.safetensors,value_embeds.7.weight,13152,32,512,16384,0,16382,0,65536,65592,True
model.safetensors,value_embeds.7.weight,13184,32,512,16384,0,16381,0,65536,65588,True
model.safetensors,value_embeds.7.weight,13216,32,512,16384,0,16384,0,65536,65600,True
model.safetensors,value_embeds.7.weight,13248,32,512,16384,0,16384,0,65536,65600,True
model.safetensors,value_embeds.7.weight,13280,32,512,16384,0,16381,0,65536,65588,True
model.safetensors,value_embeds.7.weight,13312,32,512,16384,0,16384,0,65536,65600,True
model.safetensors,value_embeds.7.weight,13344,32,512,16384,0,16382,0,65536,65592,True
model.safetensors,value_embeds.7.weight,13376,32,512,16384,0,16382,0,65536,65592,True
model.safetensors,value_embeds.7.weight,13408,32,512,16384,0,16384,0,65536,65600,True
model.safetensors,value_embeds.7.weight,13440,32,512,16384,0,16382,0,65536,65592,True
model.safetensors,value_embeds.7.weight,13472,32,512,16384,0,16384,0,65536,65600,True
model.safetensors,value_embeds.7.weight,13504,32,512,16384,0,16383,0,65536,65596,True
model.safetensors,value_embeds.7.weight,13536,32,512,16384,0,16380,0,65536,65584,True
model.safetensors,value_embeds.7.weight,13568,32,512,16384,0,16381,0,65536,65588,True
model.safetensors,value_embeds.7.weight,13600,32,512,16384,0,16383,0,65536,65596,True
model.safetensors,value_embeds.7.weight,13632,32,512,16384,0,16381,0,65536,65588,True
model.safetensors,value_embeds.7.weight,13664,32,512,16384,0,16384,0,65536,65600,True
model.safetensors,value_embeds.7.weight,13696,32,512,16384,0,16383,0,65536,65596,True
model.safetensors,value_embeds.7.weight,13728,32,512,16384,0,16384,0,65536,65600,True
model.safetensors,value_embeds.7.weight,13760,32,512,16384,0,16384,0,65536,65600,True
model.safetensors,value_embeds.7.weight,13792,32,512,16384,0,16384,0,65536,65600,True
model.safetensors,value_embeds.7.weight,13824,32,512,16384,0,16383,0,65536,65596,True
model.safetensors,value_embeds.7.weight,13856,32,512,16384,0,16383,0,65536,65596,True
model.safetensors,value_embeds.7.weight,13888,32,512,16384,0,16382,0,65536,65592,True
model.safetensors,value_embeds.7.weight,13920,32,512,16384,0,16383,0,65536,65596,True
model.safetensors,value_embeds.7.weight,13952,32,512,16384,0,16384,0,65536,65600,True
model.safetensors,value_embeds.7.weight,13984,32,512,16384,0,16380,0,65536,65584,True
model.safetensors,value_embeds.7.weight,14016,32,512,16384,0,16382,0,65536,65592,True
model.safetensors,value_embeds.7.weight,14048,32,512,16384,0,16383,0,65536,65596,True
model.safetensors,value_embeds.7.weight,14080,32,512,16384,0,16383,0,65536,65596,True
model.safetensors,value_embeds.7.weight,14112,32,512,16384,0,16382,0,65536,65592,True
model.safetensors,value_embeds.7.weight,14144,32,512,16384,0,16383,0,65536,65596,True
model.safetensors,value_embeds.7.weight,14176,32,512,16384,0,16382,0,65536,65592,True
model.safetensors,value_embeds.7.weight,14208,32,512,16384,0,16383,0,65536,65596,True
model.safetensors,value_embeds.7.weight,14240,32,512,16384,0,16382,0,65536,65592,True
model.safetensors,value_embeds.7.weight,14272,32,512,16384,0,16384,0,65536,65600,True
model.safetensors,value_embeds.7.weight,14304,32,512,16384,0,16383,0,65536,65596,True
model.safetensors,value_embeds.7.weight,14336,32,512,16384,0,16383,0,65536,65596,True
model.safetensors,value_embeds.7.weight,14368,32,512,16384,0,16382,0,65536,65592,True
model.safetensors,value_embeds.7.weight,14400,32,512,16384,0,16381,0,65536,65588,True
model.safetensors,value_embeds.7.weight,14432,32,512,16384,0,16381,0,65536,65588,True
model.safetensors,value_embeds.7.weight,14464,32,512,16384,0,16382,0,65536,65592,True
model.safetensors,value_embeds.7.weight,14496,32,512,16384,0,16383,0,65536,65596,True
model.safetensors,value_embeds.7.weight,14528,32,512,16384,0,16384,0,65536,65600,True
model.safetensors,value_embeds.7.weight,14560,32,512,16384,0,16380,0,65536,65584,True
model.safetensors,value_embeds.7.weight,14592,32,512,16384,0,16384,0,65536,65600,True
model.safetensors,value_embeds.7.weight,14624,32,512,16384,0,16383,0,65536,65596,True
model.safetensors,value_embeds.7.weight,14656,32,512,16384,0,16382,0,65536,65592,True
model.safetensors,value_embeds.7.weight,14688,32,512,16384,0,16382,0,65536,65592,True
model.safetensors,value_embeds.7.weight,14720,32,512,16384,0,16381,0,65536,65588,True
model.safetensors,value_embeds.7.weight,14752,32,512,16384,0,16383,0,65536,65596,True
model.safetensors,value_embeds.7.weight,14784,32,512,16384,0,16383,0,65536,65596,True
model.safetensors,value_embeds.7.weight,14816,32,512,16384,0,16384,0,65536,65600,True
model.safetensors,value_embeds.7.weight,14848,32,512,16384,0,16383,0,65536,65596,True
model.safetensors,value_embeds.7.weight,14880,32,512,16384,0,16383,0,65536,65596,True
model.safetensors,value_embeds.7.weight,14912,32,512,16384,0,16384,0,65536,65600,True
model.safetensors,value_embeds.7.weight,14944,32,512,16384,0,16378,0,65536,65576,True
model.safetensors,value_embeds.7.weight,14976,32,512,16384,0,16383,0,65536,65596,True
model.safetensors,value_embeds.7.weight,15008,32,512,16384,0,16379,0,65536,65580,True
model.safetensors,value_embeds.7.weight,15040,32,512,16384,0,16384,0,65536,65600,True
model.safetensors,value_embeds.7.weight,15072,32,512,16384,0,16383,0,65536,65596,True
model.safetensors,value_embeds.7.weight,15104,32,512,16384,0,16383,0,65536,65596,True
model.safetensors,value_embeds.7.weight,15136,32,512,16384,0,16383,0,65536,65596,True
model.safetensors,value_embeds.7.weight,15168,32,512,16384,0,16379,0,65536,65580,True
model.safetensors,value_embeds.7.weight,15200,32,512,16384,0,16384,0,65536,65600,True
model.safetensors,value_embeds.7.weight,15232,32,512,16384,0,16382,0,65536,65592,True
model.safetensors,value_embeds.7.weight,15264,32,512,16384,0,16384,0,65536,65600,True
model.safetensors,value_embeds.7.weight,15296,32,512,16384,0,16382,0,65536,65592,True
model.safetensors,value_embeds.7.weight,15328,32,512,16384,0,16384,0,65536,65600,True
model.safetensors,value_embeds.7.weight,15360,32,512,16384,0,16381,0,65536,65588,True
model.safetensors,value_embeds.7.weight,15392,32,512,16384,0,16381,0,65536,65588,True
model.safetensors,value_embeds.7.weight,15424,32,512,16384,0,16384,0,65536,65600,True
model.safetensors,value_embeds.7.weight,15456,32,512,16384,0,16382,0,65536,65592,True
model.safetensors,value_embeds.7.weight,15488,32,512,16384,0,16383,0,65536,65596,True
model.safetensors,value_embeds.7.weight,15520,32,512,16384,0,16384,0,65536,65600,True
model.safetensors,value_embeds.7.weight,15552,32,512,16384,0,16382,0,65536,65592,True
model.safetensors,value_embeds.7.weight,15584,32,512,16384,0,16382,0,65536,65592,True
model.safetensors,value_embeds.7.weight,15616,32,512,16384,0,16380,0,65536,65584,True
model.safetensors,value_embeds.7.weight,15648,32,512,16384,0,16382,0,65536,65592,True
model.safetensors,value_embeds.7.weight,15680,32,512,16384,0,16383,0,65536,65596,True
model.safetensors,value_embeds.7.weight,15712,32,512,16384,0,16382,0,65536,65592,True
model.safetensors,value_embeds.7.weight,15744,32,512,16384,0,16383,0,65536,65596,True
model.safetensors,value_embeds.7.weight,15776,32,512,16384,0,16382,0,65536,65592,True
model.safetensors,value_embeds.7.weight,15808,32,512,16384,0,16383,0,65536,65596,True
model.safetensors,value_embeds.7.weight,15840,32,512,16384,0,16382,0,65536,65592,True
model.safetensors,value_embeds.7.weight,15872,32,512,16384,0,16384,0,65536,65600,True
model.safetensors,value_embeds.7.weight,15904,32,512,16384,0,16383,0,65536,65596,True
model.safetensors,value_embeds.7.weight,15936,32,512,16384,0,16381,0,65536,65588,True
model.safetensors,value_embeds.7.weight,15968,32,512,16384,0,16384,0,65536,65600,True
model.safetensors,value_embeds.7.weight,16000,32,512,16384,0,16383,0,65536,65596,True
model.safetensors,value_embeds.7.weight,16032,32,512,16384,0,16383,0,65536,65596,True
model.safetensors,value_embeds.7.weight,16064,32,512,16384,0,16381,0,65536,65588,True
model.safetensors,value_embeds.7.weight,16096,32,512,16384,0,16381,0,65536,65588,True
model.safetensors,value_embeds.7.weight,16128,32,512,16384,0,16380,0,65536,65584,True
model.safetensors,value_embeds.7.weight,16160,32,512,16384,0,16383,0,65536,65596,True
model.safetensors,value_embeds.7.weight,16192,32,512,16384,0,16382,0,65536,65592,True
model.safetensors,value_embeds.7.weight,16224,32,512,16384,0,16382,0,65536,65592,True
model.safetensors,value_embeds.7.weight,16256,32,512,16384,0,16383,0,65536,65596,True
model.safetensors,value_embeds.7.weight,16288,32,512,16384,0,16381,0,65536,65588,True
model.safetensors,value_embeds.7.weight,16320,32,512,16384,0,16381,0,65536,65588,True
model.safetensors,value_embeds.7.weight,16352,32,512,16384,0,16381,0,65536,65588,True
model.safetensors,value_embeds.7.weight,16384,32,512,16384,0,16379,0,65536,65580,True
model.safetensors,value_embeds.7.weight,16416,32,512,16384,0,16383,0,65536,65596,True
model.safetensors,value_embeds.7.weight,16448,32,512,16384,0,16382,0,65536,65592,True
model.safetensors,value_embeds.7.weight,16480,32,512,16384,0,16383,0,65536,65596,True
model.safetensors,value_embeds.7.weight,16512,32,512,16384,0,16382,0,65536,65592,True
model.safetensors,value_embeds.7.weight,16544,32,512,16384,0,16384,0,65536,65600,True
model.safetensors,value_embeds.7.weight,16576,32,512,16384,0,16382,0,65536,65592,True
model.safetensors,value_embeds.7.weight,16608,32,512,16384,0,16382,0,65536,65592,True
model.safetensors,value_embeds.7.weight,16640,32,512,16384,0,16384,0,65536,65600,True
model.safetensors,value_embeds.7.weight,16672,32,512,16384,0,16380,0,65536,65584,True
model.safetensors,value_embeds.7.weight,16704,32,512,16384,0,16381,0,65536,65588,True
model.safetensors,value_embeds.7.weight,16736,32,512,16384,0,16381,0,65536,65588,True
model.safetensors,value_embeds.7.weight,16768,32,512,16384,0,16384,0,65536,65600,True
model.safetensors,value_embeds.7.weight,16800,32,512,16384,0,16383,0,65536,65596,True
model.safetensors,value_embeds.7.weight,16832,32,512,16384,0,16381,0,65536,65588,True
model.safetensors,value_embeds.7.weight,16864,32,512,16384,0,16383,0,65536,65596,True
model.safetensors,value_embeds.7.weight,16896,32,512,16384,0,16383,0,65536,65596,True
model.safetensors,value_embeds.7.weight,16928,32,512,16384,0,16384,0,65536,65600,True
model.safetensors,value_embeds.7.weight,16960,32,512,16384,0,16381,0,65536,65588,True
model.safetensors,value_embeds.7.weight,16992,32,512,16384,0,16381,0,65536,65588,True
model.safetensors,value_embeds.7.weight,17024,32,512,16384,0,16381,0,65536,65588,True
model.safetensors,value_embeds.7.weight,17056,32,512,16384,0,16384,0,65536,65600,True
model.safetensors,value_embeds.7.weight,17088,32,512,16384,0,16383,0,65536,65596,True
model.safetensors,value_embeds.7.weight,17120,32,512,16384,0,16384,0,65536,65600,True
model.safetensors,value_embeds.7.weight,17152,32,512,16384,0,16381,0,65536,65588,True
model.safetensors,value_embeds.7.weight,17184,32,512,16384,0,16380,0,65536,65584,True
model.safetensors,value_embeds.7.weight,17216,32,512,16384,0,16384,0,65536,65600,True
model.safetensors,value_embeds.7.weight,17248,32,512,16384,0,16383,0,65536,65596,True
model.safetensors,value_embeds.7.weight,17280,32,512,16384,0,16382,0,65536,65592,True
model.safetensors,value_embeds.7.weight,17312,32,512,16384,0,16382,0,65536,65592,True
model.safetensors,value_embeds.7.weight,17344,32,512,16384,0,16382,0,65536,65592,True
model.safetensors,value_embeds.7.weight,17376,32,512,16384,0,16381,0,65536,65588,True
model.safetensors,value_embeds.7.weight,17408,32,512,16384,0,16381,0,65536,65588,True
model.safetensors,value_embeds.7.weight,17440,32,512,16384,0,16382,0,65536,65592,True
model.safetensors,value_embeds.7.weight,17472,32,512,16384,0,16379,0,65536,65580,True
model.safetensors,value_embeds.7.weight,17504,32,512,16384,0,16383,0,65536,65596,True
model.safetensors,value_embeds.7.weight,17536,32,512,16384,0,16381,0,65536,65588,True
model.safetensors,value_embeds.7.weight,17568,32,512,16384,0,16383,0,65536,65596,True
model.safetensors,value_embeds.7.weight,17600,32,512,16384,0,16383,0,65536,65596,True
model.safetensors,value_embeds.7.weight,17632,32,512,16384,0,16383,0,65536,65596,True
model.safetensors,value_embeds.7.weight,17664,32,512,16384,0,16380,0,65536,65584,True
model.safetensors,value_embeds.7.weight,17696,32,512,16384,0,16381,0,65536,65588,True
model.safetensors,value_embeds.7.weight,17728,32,512,16384,0,16383,0,65536,65596,True
model.safetensors,value_embeds.7.weight,17760,32,512,16384,0,16383,0,65536,65596,True
model.safetensors,value_embeds.7.weight,17792,32,512,16384,0,16383,0,65536,65596,True
model.safetensors,value_embeds.7.weight,17824,32,512,16384,0,16383,0,65536,65596,True
model.safetensors,value_embeds.7.weight,17856,32,512,16384,0,16380,0,65536,65584,True
model.safetensors,value_embeds.7.weight,17888,32,512,16384,0,16383,0,65536,65596,True
model.safetensors,value_embeds.7.weight,17920,32,512,16384,0,16383,0,65536,65596,True
model.safetensors,value_embeds.7.weight,17952,32,512,16384,0,16383,0,65536,65596,True
model.safetensors,value_embeds.7.weight,17984,32,512,16384,0,16381,0,65536,65588,True
model.safetensors,value_embeds.7.weight,18016,32,512,16384,0,16383,0,65536,65596,True
model.safetensors,value_embeds.7.weight,18048,32,512,16384,0,16382,0,65536,65592,True
model.safetensors,value_embeds.7.weight,18080,32,512,16384,0,16383,0,65536,65596,True
model.safetensors,value_embeds.7.weight,18112,32,512,16384,0,16381,0,65536,65588,True
model.safetensors,value_embeds.7.weight,18144,32,512,16384,0,16381,0,65536,65588,True
model.safetensors,value_embeds.7.weight,18176,32,512,16384,0,16381,0,65536,65588,True
model.safetensors,value_embeds.7.weight,18208,32,512,16384,0,16384,0,65536,65600,True
model.safetensors,value_embeds.7.weight,18240,32,512,16384,0,16384,0,65536,65600,True
model.safetensors,value_embeds.7.weight,18272,32,512,16384,0,16384,0,65536,65600,True
model.safetensors,value_embeds.7.weight,18304,32,512,16384,0,16382,0,65536,65592,True
model.safetensors,value_embeds.7.weight,18336,32,512,16384,0,16383,0,65536,65596,True
model.safetensors,value_embeds.7.weight,18368,32,512,16384,0,16383,0,65536,65596,True
model.safetensors,value_embeds.7.weight,18400,32,512,16384,0,16382,0,65536,65592,True
model.safetensors,value_embeds.7.weight,18432,32,512,16384,0,16382,0,65536,65592,True
model.safetensors,value_embeds.7.weight,18464,32,512,16384,0,16379,0,65536,65580,True
model.safetensors,value_embeds.7.weight,18496,32,512,16384,0,16381,0,65536,65588,True
model.safetensors,value_embeds.7.weight,18528,32,512,16384,0,16381,0,65536,65588,True
model.safetensors,value_embeds.7.weight,18560,32,512,16384,0,16382,0,65536,65592,True
model.safetensors,value_embeds.7.weight,18592,32,512,16384,0,16384,0,65536,65600,True
model.safetensors,value_embeds.7.weight,18624,32,512,16384,0,16384,0,65536,65600,True
model.safetensors,value_embeds.7.weight,18656,32,512,16384,0,16383,0,65536,65596,True
model.safetensors,value_embeds.7.weight,18688,32,512,16384,0,16381,0,65536,65588,True
model.safetensors,value_embeds.7.weight,18720,32,512,16384,0,16381,0,65536,65588,True
model.safetensors,value_embeds.7.weight,18752,32,512,16384,0,16379,0,65536,65580,True
model.safetensors,value_embeds.7.weight,18784,32,512,16384,0,16384,0,65536,65600,True
model.safetensors,value_embeds.7.weight,18816,32,512,16384,0,16381,0,65536,65588,True
model.safetensors,value_embeds.7.weight,18848,32,512,16384,0,16383,0,65536,65596,True
model.safetensors,value_embeds.7.weight,18880,32,512,16384,0,16382,0,65536,65592,True
model.safetensors,value_embeds.7.weight,18912,32,512,16384,0,16382,0,65536,65592,True
model.safetensors,value_embeds.7.weight,18944,32,512,16384,0,16382,0,65536,65592,True
model.safetensors,value_embeds.7.weight,18976,32,512,16384,0,16380,0,65536,65584,True
model.safetensors,value_embeds.7.weight,19008,32,512,16384,0,16384,0,65536,65600,True
model.safetensors,value_embeds.7.weight,19040,32,512,16384,0,16380,0,65536,65584,True
model.safetensors,value_embeds.7.weight,19072,32,512,16384,0,16382,0,65536,65592,True
model.safetensors,value_embeds.7.weight,19104,32,512,16384,0,16381,0,65536,65588,True
model.safetensors,value_embeds.7.weight,19136,32,512,16384,0,16381,0,65536,65588,True
model.safetensors,value_embeds.7.weight,19168,32,512,16384,0,16382,0,65536,65592,True
model.safetensors,value_embeds.7.weight,19200,32,512,16384,0,16381,0,65536,65588,True
model.safetensors,value_embeds.7.weight,19232,32,512,16384,0,16380,0,65536,65584,True
model.safetensors,value_embeds.7.weight,19264,32,512,16384,0,16381,0,65536,65588,True
model.safetensors,value_embeds.7.weight,19296,32,512,16384,0,16381,0,65536,65588,True
model.safetensors,value_embeds.7.weight,19328,32,512,16384,0,16381,0,65536,65588,True
model.safetensors,value_embeds.7.weight,19360,32,512,16384,0,16382,0,65536,65592,True
model.safetensors,value_embeds.7.weight,19392,32,512,16384,0,16381,0,65536,65588,True
model.safetensors,value_embeds.7.weight,19424,32,512,16384,0,16384,0,65536,65600,True
model.safetensors,value_embeds.7.weight,19456,32,512,16384,0,16383,0,65536,65596,True
model.safetensors,value_embeds.7.weight,19488,32,512,16384,0,16384,0,65536,65600,True
model.safetensors,value_embeds.7.weight,19520,32,512,16384,0,16381,0,65536,65588,True
model.safetensors,value_embeds.7.weight,19552,32,512,16384,0,16382,0,65536,65592,True
model.safetensors,value_embeds.7.weight,19584,32,512,16384,0,16381,0,65536,65588,True
model.safetensors,value_embeds.7.weight,19616,32,512,16384,0,16380,0,65536,65584,True
model.safetensors,value_embeds.7.weight,19648,32,512,16384,0,16384,0,65536,65600,True
model.safetensors,value_embeds.7.weight,19680,32,512,16384,0,16380,0,65536,65584,True
model.safetensors,value_embeds.7.weight,19712,32,512,16384,0,16381,0,65536,65588,True
model.safetensors,value_embeds.7.weight,19744,32,512,16384,0,16381,0,65536,65588,True
model.safetensors,value_embeds.7.weight,19776,32,512,16384,0,16383,0,65536,65596,True
model.safetensors,value_embeds.7.weight,19808,32,512,16384,0,16380,0,65536,65584,True
model.safetensors,value_embeds.7.weight,19840,32,512,16384,0,16383,0,65536,65596,True
model.safetensors,value_embeds.7.weight,19872,32,512,16384,0,16381,0,65536,65588,True
model.safetensors,value_embeds.7.weight,19904,32,512,16384,0,16384,0,65536,65600,True
model.safetensors,value_embeds.7.weight,19936,32,512,16384,0,16384,0,65536,65600,True
model.safetensors,value_embeds.7.weight,19968,32,512,16384,0,16383,0,65536,65596,True
model.safetensors,value_embeds.7.weight,20000,32,512,16384,0,16382,0,65536,65592,True
model.safetensors,value_embeds.7.weight,20032,32,512,16384,0,16383,0,65536,65596,True
model.safetensors,value_embeds.7.weight,20064,32,512,16384,0,16383,0,65536,65596,True
model.safetensors,value_embeds.7.weight,20096,32,512,16384,0,16382,0,65536,65592,True
model.safetensors,value_embeds.7.weight,20128,32,512,16384,0,16384,0,65536,65600,True
model.safetensors,value_embeds.7.weight,20160,32,512,16384,0,16381,0,65536,65588,True
model.safetensors,value_embeds.7.weight,20192,32,512,16384,0,16384,0,65536,65600,True
model.safetensors,value_embeds.7.weight,20224,32,512,16384,0,16383,0,65536,65596,True
model.safetensors,value_embeds.7.weight,20256,32,512,16384,0,16381,0,65536,65588,True
model.safetensors,value_embeds.7.weight,20288,32,512,16384,0,16382,0,65536,65592,True
model.safetensors,value_embeds.7.weight,20320,32,512,16384,0,16381,0,65536,65588,True
model.safetensors,value_embeds.7.weight,20352,32,512,16384,0,16379,0,65536,65580,True
model.safetensors,value_embeds.7.weight,20384,32,512,16384,0,16384,0,65536,65600,True
model.safetensors,value_embeds.7.weight,20416,32,512,16384,0,16382,0,65536,65592,True
model.safetensors,value_embeds.7.weight,20448,32,512,16384,0,16383,0,65536,65596,True
model.safetensors,value_embeds.7.weight,20480,32,512,16384,0,16383,0,65536,65596,True
model.safetensors,value_embeds.7.weight,20512,32,512,16384,0,16382,0,65536,65592,True
model.safetensors,value_embeds.7.weight,20544,32,512,16384,0,16383,0,65536,65596,True
model.safetensors,value_embeds.7.weight,20576,32,512,16384,0,16383,0,65536,65596,True
model.safetensors,value_embeds.7.weight,20608,32,512,16384,0,16379,0,65536,65580,True
model.safetensors,value_embeds.7.weight,20640,32,512,16384,0,16383,0,65536,65596,True
model.safetensors,value_embeds.7.weight,20672,32,512,16384,0,16384,0,65536,65600,True
model.safetensors,value_embeds.7.weight,20704,32,512,16384,0,16381,0,65536,65588,True
model.safetensors,value_embeds.7.weight,20736,32,512,16384,0,16383,0,65536,65596,True
model.safetensors,value_embeds.7.weight,20768,32,512,16384,0,16380,0,65536,65584,True
model.safetensors,value_embeds.7.weight,20800,32,512,16384,0,16379,0,65536,65580,True
model.safetensors,value_embeds.7.weight,20832,32,512,16384,0,16384,0,65536,65600,True
model.safetensors,value_embeds.7.weight,20864,32,512,16384,0,16383,0,65536,65596,True
model.safetensors,value_embeds.7.weight,20896,32,512,16384,0,16382,0,65536,65592,True
model.safetensors,value_embeds.7.weight,20928,32,512,16384,0,16382,0,65536,65592,True
model.safetensors,value_embeds.7.weight,20960,32,512,16384,0,16382,0,65536,65592,True
model.safetensors,value_embeds.7.weight,20992,32,512,16384,0,16382,0,65536,65592,True
model.safetensors,value_embeds.7.weight,21024,32,512,16384,0,16381,0,65536,65588,True
model.safetensors,value_embeds.7.weight,21056,32,512,16384,0,16383,0,65536,65596,True
model.safetensors,value_embeds.7.weight,21088,32,512,16384,0,16383,0,65536,65596,True
model.safetensors,value_embeds.7.weight,21120,32,512,16384,0,16382,0,65536,65592,True
model.safetensors,value_embeds.7.weight,21152,32,512,16384,0,16383,0,65536,65596,True
model.safetensors,value_embeds.7.weight,21184,32,512,16384,0,16382,0,65536,65592,True
model.safetensors,value_embeds.7.weight,21216,32,512,16384,0,16381,0,65536,65588,True
model.safetensors,value_embeds.7.weight,21248,32,512,16384,0,16384,0,65536,65600,True
model.safetensors,value_embeds.7.weight,21280,32,512,16384,0,16381,0,65536,65588,True
model.safetensors,value_embeds.7.weight,21312,32,512,16384,0,16384,0,65536,65600,True
model.safetensors,value_embeds.7.weight,21344,32,512,16384,0,16381,0,65536,65588,True
model.safetensors,value_embeds.7.weight,21376,32,512,16384,0,16382,0,65536,65592,True
model.safetensors,value_embeds.7.weight,21408,32,512,16384,0,16383,0,65536,65596,True
model.safetensors,value_embeds.7.weight,21440,32,512,16384,0,16380,0,65536,65584,True
model.safetensors,value_embeds.7.weight,21472,32,512,16384,0,16383,0,65536,65596,True
model.safetensors,value_embeds.7.weight,21504,32,512,16384,0,16384,0,65536,65600,True
model.safetensors,value_embeds.7.weight,21536,32,512,16384,0,16383,0,65536,65596,True
model.safetensors,value_embeds.7.weight,21568,32,512,16384,0,16383,0,65536,65596,True
model.safetensors,value_embeds.7.weight,21600,32,512,16384,0,16384,0,65536,65600,True
model.safetensors,value_embeds.7.weight,21632,32,512,16384,0,16381,0,65536,65588,True
model.safetensors,value_embeds.7.weight,21664,32,512,16384,0,16383,0,65536,65596,True
model.safetensors,value_embeds.7.weight,21696,32,512,16384,0,16383,0,65536,65596,True
model.safetensors,value_embeds.7.weight,21728,32,512,16384,0,16383,0,65536,65596,True
model.safetensors,value_embeds.7.weight,21760,32,512,16384,0,16384,0,65536,65600,True
model.safetensors,value_embeds.7.weight,21792,32,512,16384,0,16384,0,65536,65600,True
model.safetensors,value_embeds.7.weight,21824,32,512,16384,0,16382,0,65536,65592,True
model.safetensors,value_embeds.7.weight,21856,32,512,16384,0,16379,0,65536,65580,True
model.safetensors,value_embeds.7.weight,21888,32,512,16384,0,16382,0,65536,65592,True
model.safetensors,value_embeds.7.weight,21920,32,512,16384,0,16383,0,65536,65596,True
model.safetensors,value_embeds.7.weight,21952,32,512,16384,0,16383,0,65536,65596,True
model.safetensors,value_embeds.7.weight,21984,32,512,16384,0,16384,0,65536,65600,True
model.safetensors,value_embeds.7.weight,22016,32,512,16384,0,16384,0,65536,65600,True
model.safetensors,value_embeds.7.weight,22048,32,512,16384,0,16380,0,65536,65584,True
model.safetensors,value_embeds.7.weight,22080,32,512,16384,0,16382,0,65536,65592,True
model.safetensors,value_embeds.7.weight,22112,32,512,16384,0,16382,0,65536,65592,True
model.safetensors,value_embeds.7.weight,22144,32,512,16384,0,16384,0,65536,65600,True
model.safetensors,value_embeds.7.weight,22176,32,512,16384,0,16384,0,65536,65600,True
model.safetensors,value_embeds.7.weight,22208,32,512,16384,0,16383,0,65536,65596,True
model.safetensors,value_embeds.7.weight,22240,32,512,16384,0,16383,0,65536,65596,True
model.safetensors,value_embeds.7.weight,22272,32,512,16384,0,16381,0,65536,65588,True
model.safetensors,value_embeds.7.weight,22304,32,512,16384,0,16382,0,65536,65592,True
model.safetensors,value_embeds.7.weight,22336,32,512,16384,0,16383,0,65536,65596,True
model.safetensors,value_embeds.7.weight,22368,32,512,16384,0,16381,0,65536,65588,True
model.safetensors,value_embeds.7.weight,22400,32,512,16384,0,16383,0,65536,65596,True
model.safetensors,value_embeds.7.weight,22432,32,512,16384,0,16381,0,65536,65588,True
model.safetensors,value_embeds.7.weight,22464,32,512,16384,0,16381,0,65536,65588,True
model.safetensors,value_embeds.7.weight,22496,32,512,16384,0,16382,0,65536,65592,True
model.safetensors,value_embeds.7.weight,22528,32,512,16384,0,16382,0,65536,65592,True
model.safetensors,value_embeds.7.weight,22560,32,512,16384,0,16382,0,65536,65592,True
model.safetensors,value_embeds.7.weight,22592,32,512,16384,0,16383,0,65536,65596,True
model.safetensors,value_embeds.7.weight,22624,32,512,16384,0,16382,0,65536,65592,True
model.safetensors,value_embeds.7.weight,22656,32,512,16384,0,16382,0,65536,65592,True
model.safetensors,value_embeds.7.weight,22688,32,512,16384,0,16384,0,65536,65600,True
model.safetensors,value_embeds.7.weight,22720,32,512,16384,0,16383,0,65536,65596,True
model.safetensors,value_embeds.7.weight,22752,32,512,16384,0,16381,0,65536,65588,True
model.safetensors,value_embeds.7.weight,22784,32,512,16384,0,16383,0,65536,65596,True
model.safetensors,value_embeds.7.weight,22816,32,512,16384,0,16383,0,65536,65596,True
model.safetensors,value_embeds.7.weight,22848,32,512,16384,0,16380,0,65536,65584,True
model.safetensors,value_embeds.7.weight,22880,32,512,16384,0,16382,0,65536,65592,True
model.safetensors,value_embeds.7.weight,22912,32,512,16384,0,16383,0,65536,65596,True
model.safetensors,value_embeds.7.weight,22944,32,512,16384,0,16384,0,65536,65600,True
model.safetensors,value_embeds.7.weight,22976,32,512,16384,0,16384,0,65536,65600,True
model.safetensors,value_embeds.7.weight,23008,32,512,16384,0,16382,0,65536,65592,True
model.safetensors,value_embeds.7.weight,23040,32,512,16384,0,16384,0,65536,65600,True
model.safetensors,value_embeds.7.weight,23072,32,512,16384,0,16384,0,65536,65600,True
model.safetensors,value_embeds.7.weight,23104,32,512,16384,0,16384,0,65536,65600,True
model.safetensors,value_embeds.7.weight,23136,32,512,16384,0,16382,0,65536,65592,True
model.safetensors,value_embeds.7.weight,23168,32,512,16384,0,16382,0,65536,65592,True
model.safetensors,value_embeds.7.weight,23200,32,512,16384,0,16382,0,65536,65592,True
model.safetensors,value_embeds.7.weight,23232,32,512,16384,0,16382,0,65536,65592,True
model.safetensors,value_embeds.7.weight,23264,32,512,16384,0,16383,0,65536,65596,True
model.safetensors,value_embeds.7.weight,23296,32,512,16384,0,16380,0,65536,65584,True
model.safetensors,value_embeds.7.weight,23328,32,512,16384,0,16383,0,65536,65596,True
model.safetensors,value_embeds.7.weight,23360,32,512,16384,0,16384,0,65536,65600,True
model.safetensors,value_embeds.7.weight,23392,32,512,16384,0,16381,0,65536,65588,True
model.safetensors,value_embeds.7.weight,23424,32,512,16384,0,16381,0,65536,65588,True
model.safetensors,value_embeds.7.weight,23456,32,512,16384,0,16383,0,65536,65596,True
model.safetensors,value_embeds.7.weight,23488,32,512,16384,0,16383,0,65536,65596,True
model.safetensors,value_embeds.7.weight,23520,32,512,16384,0,16382,0,65536,65592,True
model.safetensors,value_embeds.7.weight,23552,32,512,16384,0,16383,0,65536,65596,True
model.safetensors,value_embeds.7.weight,23584,32,512,16384,0,16382,0,65536,65592,True
model.safetensors,value_embeds.7.weight,23616,32,512,16384,0,16383,0,65536,65596,True
model.safetensors,value_embeds.7.weight,23648,32,512,16384,0,16380,0,65536,65584,True
model.safetensors,value_embeds.7.weight,23680,32,512,16384,0,16383,0,65536,65596,True
model.safetensors,value_embeds.7.weight,23712,32,512,16384,0,16384,0,65536,65600,True
model.safetensors,value_embeds.7.weight,23744,32,512,16384,0,16384,0,65536,65600,True
model.safetensors,value_embeds.7.weight,23776,32,512,16384,0,16380,0,65536,65584,True
model.safetensors,value_embeds.7.weight,23808,32,512,16384,0,16384,0,65536,65600,True
model.safetensors,value_embeds.7.weight,23840,32,512,16384,0,16383,0,65536,65596,True
model.safetensors,value_embeds.7.weight,23872,32,512,16384,0,16383,0,65536,65596,True
model.safetensors,value_embeds.7.weight,23904,32,512,16384,0,16383,0,65536,65596,True
model.safetensors,value_embeds.7.weight,23936,32,512,16384,0,16382,0,65536,65592,True
model.safetensors,value_embeds.7.weight,23968,32,512,16384,0,16380,0,65536,65584,True
model.safetensors,value_embeds.7.weight,24000,32,512,16384,0,16384,0,65536,65600,True
model.safetensors,value_embeds.7.weight,24032,32,512,16384,0,16378,0,65536,65576,True
model.safetensors,value_embeds.7.weight,24064,32,512,16384,0,16383,0,65536,65596,True
model.safetensors,value_embeds.7.weight,24096,32,512,16384,0,16384,0,65536,65600,True
model.safetensors,value_embeds.7.weight,24128,32,512,16384,0,16383,0,65536,65596,True
model.safetensors,value_embeds.7.weight,24160,32,512,16384,0,16383,0,65536,65596,True
model.safetensors,value_embeds.7.weight,24192,32,512,16384,0,16383,0,65536,65596,True
model.safetensors,value_embeds.7.weight,24224,32,512,16384,0,16381,0,65536,65588,True
model.safetensors,value_embeds.7.weight,24256,32,512,16384,0,16384,0,65536,65600,True
model.safetensors,value_embeds.7.weight,24288,32,512,16384,0,16381,0,65536,65588,True
model.safetensors,value_embeds.7.weight,24320,32,512,16384,0,16382,0,65536,65592,True
model.safetensors,value_embeds.7.weight,24352,32,512,16384,0,16382,0,65536,65592,True
model.safetensors,value_embeds.7.weight,24384,32,512,16384,0,16384,0,65536,65600,True
model.safetensors,value_embeds.7.weight,24416,32,512,16384,0,16381,0,65536,65588,True
model.safetensors,value_embeds.7.weight,24448,32,512,16384,0,16382,0,65536,65592,True
model.safetensors,value_embeds.7.weight,24480,32,512,16384,0,16383,0,65536,65596,True
model.safetensors,value_embeds.7.weight,24512,32,512,16384,0,16384,0,65536,65600,True
model.safetensors,value_embeds.7.weight,24544,32,512,16384,0,16384,0,65536,65600,True
model.safetensors,value_embeds.7.weight,24576,32,512,16384,0,16380,0,65536,65584,True
model.safetensors,value_embeds.7.weight,24608,32,512,16384,0,16381,0,65536,65588,True
model.safetensors,value_embeds.7.weight,24640,32,512,16384,0,16382,0,65536,65592,True
model.safetensors,value_embeds.7.weight,24672,32,512,16384,0,16382,0,65536,65592,True
model.safetensors,value_embeds.7.weight,24704,32,512,16384,0,16382,0,65536,65592,True
model.safetensors,value_embeds.7.weight,24736,32,512,16384,0,16380,0,65536,65584,True
model.safetensors,value_embeds.7.weight,24768,32,512,16384,0,16380,0,65536,65584,True
model.safetensors,value_embeds.7.weight,24800,32,512,16384,0,16381,0,65536,65588,True
model.safetensors,value_embeds.7.weight,24832,32,512,16384,0,16381,0,65536,65588,True
model.safetensors,value_embeds.7.weight,24864,32,512,16384,0,16379,0,65536,65580,True
model.safetensors,value_embeds.7.weight,24896,32,512,16384,0,16384,0,65536,65600,True
model.safetensors,value_embeds.7.weight,24928,32,512,16384,0,16382,0,65536,65592,True
model.safetensors,value_embeds.7.weight,24960,32,512,16384,0,16380,0,65536,65584,True
model.safetensors,value_embeds.7.weight,24992,32,512,16384,0,16382,0,65536,65592,True
model.safetensors,value_embeds.7.weight,25024,32,512,16384,0,16381,0,65536,65588,True
model.safetensors,value_embeds.7.weight,25056,32,512,16384,0,16382,0,65536,65592,True
model.safetensors,value_embeds.7.weight,25088,32,512,16384,0,16381,0,65536,65588,True
model.safetensors,value_embeds.7.weight,25120,32,512,16384,0,16382,0,65536,65592,True
model.safetensors,value_embeds.7.weight,25152,32,512,16384,0,16384,0,65536,65600,True
model.safetensors,value_embeds.7.weight,25184,32,512,16384,0,16381,0,65536,65588,True
model.safetensors,value_embeds.7.weight,25216,32,512,16384,0,16380,0,65536,65584,True
model.safetensors,value_embeds.7.weight,25248,32,512,16384,0,16378,0,65536,65576,True
model.safetensors,value_embeds.7.weight,25280,32,512,16384,0,16382,0,65536,65592,True
model.safetensors,value_embeds.7.weight,25312,32,512,16384,0,16383,0,65536,65596,True
model.safetensors,value_embeds.7.weight,25344,32,512,16384,0,16382,0,65536,65592,True
model.safetensors,value_embeds.7.weight,25376,32,512,16384,0,16382,0,65536,65592,True
model.safetensors,value_embeds.7.weight,25408,32,512,16384,0,16382,0,65536,65592,True
model.safetensors,value_embeds.7.weight,25440,32,512,16384,0,16382,0,65536,65592,True
model.safetensors,value_embeds.7.weight,25472,32,512,16384,0,16380,0,65536,65584,True
model.safetensors,value_embeds.7.weight,25504,32,512,16384,0,16380,0,65536,65584,True
model.safetensors,value_embeds.7.weight,25536,32,512,16384,0,16380,0,65536,65584,True
model.safetensors,value_embeds.7.weight,25568,32,512,16384,0,16382,0,65536,65592,True
model.safetensors,value_embeds.7.weight,25600,32,512,16384,0,16384,0,65536,65600,True
model.safetensors,value_embeds.7.weight,25632,32,512,16384,0,16381,0,65536,65588,True
model.safetensors,value_embeds.7.weight,25664,32,512,16384,0,16383,0,65536,65596,True
model.safetensors,value_embeds.7.weight,25696,32,512,16384,0,16380,0,65536,65584,True
model.safetensors,value_embeds.7.weight,25728,32,512,16384,0,16383,0,65536,65596,True
model.safetensors,value_embeds.7.weight,25760,32,512,16384,0,16381,0,65536,65588,True
model.safetensors,value_embeds.7.weight,25792,32,512,16384,0,16384,0,65536,65600,True
model.safetensors,value_embeds.7.weight,25824,32,512,16384,0,16383,0,65536,65596,True
model.safetensors,value_embeds.7.weight,25856,32,512,16384,0,16383,0,65536,65596,True
model.safetensors,value_embeds.7.weight,25888,32,512,16384,0,16383,0,65536,65596,True
model.safetensors,value_embeds.7.weight,25920,32,512,16384,0,16383,0,65536,65596,True
model.safetensors,value_embeds.7.weight,25952,32,512,16384,0,16383,0,65536,65596,True
model.safetensors,value_embeds.7.weight,25984,32,512,16384,0,16383,0,65536,65596,True
model.safetensors,value_embeds.7.weight,26016,32,512,16384,0,16384,0,65536,65600,True
model.safetensors,value_embeds.7.weight,26048,32,512,16384,0,16383,0,65536,65596,True
model.safetensors,value_embeds.7.weight,26080,32,512,16384,0,16380,0,65536,65584,True
model.safetensors,value_embeds.7.weight,26112,32,512,16384,0,16384,0,65536,65600,True
model.safetensors,value_embeds.7.weight,26144,32,512,16384,0,16382,0,65536,65592,True
model.safetensors,value_embeds.7.weight,26176,32,512,16384,0,16383,0,65536,65596,True
model.safetensors,value_embeds.7.weight,26208,32,512,16384,0,16381,0,65536,65588,True
model.safetensors,value_embeds.7.weight,26240,32,512,16384,0,16382,0,65536,65592,True
model.safetensors,value_embeds.7.weight,26272,32,512,16384,0,16382,0,65536,65592,True
model.safetensors,value_embeds.7.weight,26304,32,512,16384,0,16383,0,65536,65596,True
model.safetensors,value_embeds.7.weight,26336,32,512,16384,0,16382,0,65536,65592,True
model.safetensors,value_embeds.7.weight,26368,32,512,16384,0,16383,0,65536,65596,True
model.safetensors,value_embeds.7.weight,26400,32,512,16384,0,16382,0,65536,65592,True
model.safetensors,value_embeds.7.weight,26432,32,512,16384,0,16382,0,65536,65592,True
model.safetensors,value_embeds.7.weight,26464,32,512,16384,0,16382,0,65536,65592,True
model.safetensors,value_embeds.7.weight,26496,32,512,16384,0,16383,0,65536,65596,True
model.safetensors,value_embeds.7.weight,26528,32,512,16384,0,16381,0,65536,65588,True
model.safetensors,value_embeds.7.weight,26560,32,512,16384,0,16383,0,65536,65596,True
model.safetensors,value_embeds.7.weight,26592,32,512,16384,0,16383,0,65536,65596,True
model.safetensors,value_embeds.7.weight,26624,32,512,16384,0,16383,0,65536,65596,True
model.safetensors,value_embeds.7.weight,26656,32,512,16384,0,16382,0,65536,65592,True
model.safetensors,value_embeds.7.weight,26688,32,512,16384,0,16383,0,65536,65596,True
model.safetensors,value_embeds.7.weight,26720,32,512,16384,0,16382,0,65536,65592,True
model.safetensors,value_embeds.7.weight,26752,32,512,16384,0,16380,0,65536,65584,True
model.safetensors,value_embeds.7.weight,26784,32,512,16384,0,16381,0,65536,65588,True
model.safetensors,value_embeds.7.weight,26816,32,512,16384,0,16383,0,65536,65596,True
model.safetensors,value_embeds.7.weight,26848,32,512,16384,0,16382,0,65536,65592,True
model.safetensors,value_embeds.7.weight,26880,32,512,16384,0,16384,0,65536,65600,True
model.safetensors,value_embeds.7.weight,26912,32,512,16384,0,16384,0,65536,65600,True
model.safetensors,value_embeds.7.weight,26944,32,512,16384,0,16383,0,65536,65596,True
model.safetensors,value_embeds.7.weight,26976,32,512,16384,0,16380,0,65536,65584,True
model.safetensors,value_embeds.7.weight,27008,32,512,16384,0,16383,0,65536,65596,True
model.safetensors,value_embeds.7.weight,27040,32,512,16384,0,16384,0,65536,65600,True
model.safetensors,value_embeds.7.weight,27072,32,512,16384,0,16383,0,65536,65596,True
model.safetensors,value_embeds.7.weight,27104,32,512,16384,0,16383,0,65536,65596,True
model.safetensors,value_embeds.7.weight,27136,32,512,16384,0,16384,0,65536,65600,True
model.safetensors,value_embeds.7.weight,27168,32,512,16384,0,16383,0,65536,65596,True
model.safetensors,value_embeds.7.weight,27200,32,512,16384,0,16381,0,65536,65588,True
model.safetensors,value_embeds.7.weight,27232,32,512,16384,0,16384,0,65536,65600,True
model.safetensors,value_embeds.7.weight,27264,32,512,16384,0,16383,0,65536,65596,True
model.safetensors,value_embeds.7.weight,27296,32,512,16384,0,16381,0,65536,65588,True
model.safetensors,value_embeds.7.weight,27328,32,512,16384,0,16382,0,65536,65592,True
model.safetensors,value_embeds.7.weight,27360,32,512,16384,0,16382,0,65536,65592,True
model.safetensors,value_embeds.7.weight,27392,32,512,16384,0,16383,0,65536,65596,True
model.safetensors,value_embeds.7.weight,27424,32,512,16384,0,16381,0,65536,65588,True
model.safetensors,value_embeds.7.weight,27456,32,512,16384,0,16383,0,65536,65596,True
model.safetensors,value_embeds.7.weight,27488,32,512,16384,0,16383,0,65536,65596,True
model.safetensors,value_embeds.7.weight,27520,32,512,16384,0,16381,0,65536,65588,True
model.safetensors,value_embeds.7.weight,27552,32,512,16384,0,16378,0,65536,65576,True
model.safetensors,value_embeds.7.weight,27584,32,512,16384,0,16382,0,65536,65592,True
model.safetensors,value_embeds.7.weight,27616,32,512,16384,0,16383,0,65536,65596,True
model.safetensors,value_embeds.7.weight,27648,32,512,16384,0,16384,0,65536,65600,True
model.safetensors,value_embeds.7.weight,27680,32,512,16384,0,16383,0,65536,65596,True
model.safetensors,value_embeds.7.weight,27712,32,512,16384,0,16383,0,65536,65596,True
model.safetensors,value_embeds.7.weight,27744,32,512,16384,0,16384,0,65536,65600,True
model.safetensors,value_embeds.7.weight,27776,32,512,16384,0,16382,0,65536,65592,True
model.safetensors,value_embeds.7.weight,27808,32,512,16384,0,16383,0,65536,65596,True
model.safetensors,value_embeds.7.weight,27840,32,512,16384,0,16384,0,65536,65600,True
model.safetensors,value_embeds.7.weight,27872,32,512,16384,0,16383,0,65536,65596,True
model.safetensors,value_embeds.7.weight,27904,32,512,16384,0,16384,0,65536,65600,True
model.safetensors,value_embeds.7.weight,27936,32,512,16384,0,16382,0,65536,65592,True
model.safetensors,value_embeds.7.weight,27968,32,512,16384,0,16384,0,65536,65600,True
model.safetensors,value_embeds.7.weight,28000,32,512,16384,0,16382,0,65536,65592,True
model.safetensors,value_embeds.7.weight,28032,32,512,16384,0,16383,0,65536,65596,True
model.safetensors,value_embeds.7.weight,28064,32,512,16384,0,16384,0,65536,65600,True
model.safetensors,value_embeds.7.weight,28096,32,512,16384,0,16383,0,65536,65596,True
model.safetensors,value_embeds.7.weight,28128,32,512,16384,0,16382,0,65536,65592,True
model.safetensors,value_embeds.7.weight,28160,32,512,16384,0,16384,0,65536,65600,True
model.safetensors,value_embeds.7.weight,28192,32,512,16384,0,16383,0,65536,65596,True
model.safetensors,value_embeds.7.weight,28224,32,512,16384,0,16380,0,65536,65584,True
model.safetensors,value_embeds.7.weight,28256,32,512,16384,0,16384,0,65536,65600,True
model.safetensors,value_embeds.7.weight,28288,32,512,16384,0,16383,0,65536,65596,True
model.safetensors,value_embeds.7.weight,28320,32,512,16384,0,16382,0,65536,65592,True
model.safetensors,value_embeds.7.weight,28352,32,512,16384,0,16380,0,65536,65584,True
model.safetensors,value_embeds.7.weight,28384,32,512,16384,0,16382,0,65536,65592,True
model.safetensors,value_embeds.7.weight,28416,32,512,16384,0,16382,0,65536,65592,True
model.safetensors,value_embeds.7.weight,28448,32,512,16384,0,16383,0,65536,65596,True
model.safetensors,value_embeds.7.weight,28480,32,512,16384,0,16383,0,65536,65596,True
model.safetensors,value_embeds.7.weight,28512,32,512,16384,0,16380,0,65536,65584,True
model.safetensors,value_embeds.7.weight,28544,32,512,16384,0,16382,0,65536,65592,True
model.safetensors,value_embeds.7.weight,28576,32,512,16384,0,16383,0,65536,65596,True
model.safetensors,value_embeds.7.weight,28608,32,512,16384,0,16383,0,65536,65596,True
model.safetensors,value_embeds.7.weight,28640,32,512,16384,0,16382,0,65536,65592,True
model.safetensors,value_embeds.7.weight,28672,32,512,16384,0,16378,0,65536,65576,True
model.safetensors,value_embeds.7.weight,28704,32,512,16384,0,16381,0,65536,65588,True
model.safetensors,value_embeds.7.weight,28736,32,512,16384,0,16382,0,65536,65592,True
model.safetensors,value_embeds.7.weight,28768,32,512,16384,0,16383,0,65536,65596,True
model.safetensors,value_embeds.7.weight,28800,32,512,16384,0,16382,0,65536,65592,True
model.safetensors,value_embeds.7.weight,28832,32,512,16384,0,16383,0,65536,65596,True
model.safetensors,value_embeds.7.weight,28864,32,512,16384,0,16383,0,65536,65596,True
model.safetensors,value_embeds.7.weight,28896,32,512,16384,0,16384,0,65536,65600,True
model.safetensors,value_embeds.7.weight,28928,32,512,16384,0,16380,0,65536,65584,True
model.safetensors,value_embeds.7.weight,28960,32,512,16384,0,16382,0,65536,65592,True
model.safetensors,value_embeds.7.weight,28992,32,512,16384,0,16384,0,65536,65600,True
model.safetensors,value_embeds.7.weight,29024,32,512,16384,0,16380,0,65536,65584,True
model.safetensors,value_embeds.7.weight,29056,32,512,16384,0,16381,0,65536,65588,True
model.safetensors,value_embeds.7.weight,29088,32,512,16384,0,16383,0,65536,65596,True
model.safetensors,value_embeds.7.weight,29120,32,512,16384,0,16383,0,65536,65596,True
model.safetensors,value_embeds.7.weight,29152,32,512,16384,0,16382,0,65536,65592,True
model.safetensors,value_embeds.7.weight,29184,32,512,16384,0,16383,0,65536,65596,True
model.safetensors,value_embeds.7.weight,29216,32,512,16384,0,16383,0,65536,65596,True
model.safetensors,value_embeds.7.weight,29248,32,512,16384,0,16383,0,65536,65596,True
model.safetensors,value_embeds.7.weight,29280,32,512,16384,0,16383,0,65536,65596,True
model.safetensors,value_embeds.7.weight,29312,32,512,16384,0,16383,0,65536,65596,True
model.safetensors,value_embeds.7.weight,29344,32,512,16384,0,16382,0,65536,65592,True
model.safetensors,value_embeds.7.weight,29376,32,512,16384,0,16382,0,65536,65592,True
model.safetensors,value_embeds.7.weight,29408,32,512,16384,0,16383,0,65536,65596,True
model.safetensors,value_embeds.7.weight,29440,32,512,16384,0,16382,0,65536,65592,True
model.safetensors,value_embeds.7.weight,29472,32,512,16384,0,16383,0,65536,65596,True
model.safetensors,value_embeds.7.weight,29504,32,512,16384,0,16380,0,65536,65584,True
model.safetensors,value_embeds.7.weight,29536,32,512,16384,0,16377,0,65536,65572,True
model.safetensors,value_embeds.7.weight,29568,32,512,16384,0,16381,0,65536,65588,True
model.safetensors,value_embeds.7.weight,29600,32,512,16384,0,16380,0,65536,65584,True
model.safetensors,value_embeds.7.weight,29632,32,512,16384,0,16382,0,65536,65592,True
model.safetensors,value_embeds.7.weight,29664,32,512,16384,0,16382,0,65536,65592,True
model.safetensors,value_embeds.7.weight,29696,32,512,16384,0,16382,0,65536,65592,True
model.safetensors,value_embeds.7.weight,29728,32,512,16384,0,16379,0,65536,65580,True
model.safetensors,value_embeds.7.weight,29760,32,512,16384,0,16383,0,65536,65596,True
model.safetensors,value_embeds.7.weight,29792,32,512,16384,0,16383,0,65536,65596,True
model.safetensors,value_embeds.7.weight,29824,32,512,16384,0,16381,0,65536,65588,True
model.safetensors,value_embeds.7.weight,29856,32,512,16384,0,16380,0,65536,65584,True
model.safetensors,value_embeds.7.weight,29888,32,512,16384,0,16380,0,65536,65584,True
model.safetensors,value_embeds.7.weight,29920,32,512,16384,0,16382,0,65536,65592,True
model.safetensors,value_embeds.7.weight,29952,32,512,16384,0,16383,0,65536,65596,True
model.safetensors,value_embeds.7.weight,29984,32,512,16384,0,16384,0,65536,65600,True
model.safetensors,value_embeds.7.weight,30016,32,512,16384,0,16382,0,65536,65592,True
model.safetensors,value_embeds.7.weight,30048,32,512,16384,0,16383,0,65536,65596,True
model.safetensors,value_embeds.7.weight,30080,32,512,16384,0,16383,0,65536,65596,True
model.safetensors,value_embeds.7.weight,30112,32,512,16384,0,16382,0,65536,65592,True
model.safetensors,value_embeds.7.weight,30144,32,512,16384,0,16384,0,65536,65600,True
model.safetensors,value_embeds.7.weight,30176,32,512,16384,0,16381,0,65536,65588,True
model.safetensors,value_embeds.7.weight,30208,32,512,16384,0,16383,0,65536,65596,True
model.safetensors,value_embeds.7.weight,30240,32,512,16384,0,16381,0,65536,65588,True
model.safetensors,value_embeds.7.weight,30272,32,512,16384,0,16381,0,65536,65588,True
model.safetensors,value_embeds.7.weight,30304,32,512,16384,0,16383,0,65536,65596,True
model.safetensors,value_embeds.7.weight,30336,32,512,16384,0,16383,0,65536,65596,True
model.safetensors,value_embeds.7.weight,30368,32,512,16384,0,16384,0,65536,65600,True
model.safetensors,value_embeds.7.weight,30400,32,512,16384,0,16382,0,65536,65592,True
model.safetensors,value_embeds.7.weight,30432,32,512,16384,0,16383,0,65536,65596,True
model.safetensors,value_embeds.7.weight,30464,32,512,16384,0,16383,0,65536,65596,True
model.safetensors,value_embeds.7.weight,30496,32,512,16384,0,16384,0,65536,65600,True
model.safetensors,value_embeds.7.weight,30528,32,512,16384,0,16382,0,65536,65592,True
model.safetensors,value_embeds.7.weight,30560,32,512,16384,0,16381,0,65536,65588,True
model.safetensors,value_embeds.7.weight,30592,32,512,16384,0,16382,0,65536,65592,True
model.safetensors,value_embeds.7.weight,30624,32,512,16384,0,16384,0,65536,65600,True
model.safetensors,value_embeds.7.weight,30656,32,512,16384,0,16381,0,65536,65588,True
model.safetensors,value_embeds.7.weight,30688,32,512,16384,0,16380,0,65536,65584,True
model.safetensors,value_embeds.7.weight,30720,32,512,16384,0,16383,0,65536,65596,True
model.safetensors,value_embeds.7.weight,30752,32,512,16384,0,16382,0,65536,65592,True
model.safetensors,value_embeds.7.weight,30784,32,512,16384,0,16383,0,65536,65596,True
model.safetensors,value_embeds.7.weight,30816,32,512,16384,0,16383,0,65536,65596,True
model.safetensors,value_embeds.7.weight,30848,32,512,16384,0,16383,0,65536,65596,True
model.safetensors,value_embeds.7.weight,30880,32,512,16384,0,16383,0,65536,65596,True
model.safetensors,value_embeds.7.weight,30912,32,512,16384,0,16384,0,65536,65600,True
model.safetensors,value_embeds.7.weight,30944,32,512,16384,0,16379,0,65536,65580,True
model.safetensors,value_embeds.7.weight,30976,32,512,16384,0,16381,0,65536,65588,True
model.safetensors,value_embeds.7.weight,31008,32,512,16384,0,16383,0,65536,65596,True
model.safetensors,value_embeds.7.weight,31040,32,512,16384,0,16384,0,65536,65600,True
model.safetensors,value_embeds.7.weight,31072,32,512,16384,0,16377,0,65536,65572,True
model.safetensors,value_embeds.7.weight,31104,32,512,16384,0,16382,0,65536,65592,True
model.safetensors,value_embeds.7.weight,31136,32,512,16384,0,16382,0,65536,65592,True
model.safetensors,value_embeds.7.weight,31168,32,512,16384,0,16380,0,65536,65584,True
model.safetensors,value_embeds.7.weight,31200,32,512,16384,0,16382,0,65536,65592,True
model.safetensors,value_embeds.7.weight,31232,32,512,16384,0,16383,0,65536,65596,True
model.safetensors,value_embeds.7.weight,31264,32,512,16384,0,16383,0,65536,65596,True
model.safetensors,value_embeds.7.weight,31296,32,512,16384,0,16383,0,65536,65596,True
model.safetensors,value_embeds.7.weight,31328,32,512,16384,0,16384,0,65536,65600,True
model.safetensors,value_embeds.7.weight,31360,32,512,16384,0,16381,0,65536,65588,True
model.safetensors,value_embeds.7.weight,31392,32,512,16384,0,16383,0,65536,65596,True
model.safetensors,value_embeds.7.weight,31424,32,512,16384,0,16381,0,65536,65588,True
model.safetensors,value_embeds.7.weight,31456,32,512,16384,0,16382,0,65536,65592,True
model.safetensors,value_embeds.7.weight,31488,32,512,16384,0,16382,0,65536,65592,True
model.safetensors,value_embeds.7.weight,31520,32,512,16384,0,16381,0,65536,65588,True
model.safetensors,value_embeds.7.weight,31552,32,512,16384,0,16383,0,65536,65596,True
model.safetensors,value_embeds.7.weight,31584,32,512,16384,0,16383,0,65536,65596,True
model.safetensors,value_embeds.7.weight,31616,32,512,16384,0,16384,0,65536,65600,True
model.safetensors,value_embeds.7.weight,31648,32,512,16384,0,16381,0,65536,65588,True
model.safetensors,value_embeds.7.weight,31680,32,512,16384,0,16380,0,65536,65584,True
model.safetensors,value_embeds.7.weight,31712,32,512,16384,0,16381,0,65536,65588,True
model.safetensors,value_embeds.7.weight,31744,32,512,16384,0,16380,0,65536,65584,True
model.safetensors,value_embeds.7.weight,31776,32,512,16384,0,16383,0,65536,65596,True
model.safetensors,value_embeds.7.weight,31808,32,512,16384,0,16381,0,65536,65588,True
model.safetensors,value_embeds.7.weight,31840,32,512,16384,0,16384,0,65536,65600,True
model.safetensors,value_embeds.7.weight,31872,32,512,16384,0,16384,0,65536,65600,True
model.safetensors,value_embeds.7.weight,31904,32,512,16384,0,16382,0,65536,65592,True
model.safetensors,value_embeds.7.weight,31936,32,512,16384,0,16380,0,65536,65584,True
model.safetensors,value_embeds.7.weight,31968,32,512,16384,0,16381,0,65536,65588,True
model.safetensors,value_embeds.7.weight,32000,32,512,16384,0,16381,0,65536,65588,True
model.safetensors,value_embeds.7.weight,32032,32,512,16384,0,16383,0,65536,65596,True
model.safetensors,value_embeds.7.weight,32064,32,512,16384,0,16382,0,65536,65592,True
model.safetensors,value_embeds.7.weight,32096,32,512,16384,0,16381,0,65536,65588,True
model.safetensors,value_embeds.7.weight,32128,32,512,16384,0,16381,0,65536,65588,True
model.safetensors,value_embeds.7.weight,32160,32,512,16384,0,16383,0,65536,65596,True
model.safetensors,value_embeds.7.weight,32192,32,512,16384,0,16383,0,65536,65596,True
model.safetensors,value_embeds.7.weight,32224,32,512,16384,0,16382,0,65536,65592,True
model.safetensors,value_embeds.7.weight,32256,32,512,16384,0,16383,0,65536,65596,True
model.safetensors,value_embeds.7.weight,32288,32,512,16384,0,16381,0,65536,65588,True
model.safetensors,value_embeds.7.weight,32320,32,512,16384,0,16384,0,65536,65600,True
model.safetensors,value_embeds.7.weight,32352,32,512,16384,0,16381,0,65536,65588,True
model.safetensors,value_embeds.7.weight,32384,32,512,16384,0,16383,0,65536,65596,True
model.safetensors,value_embeds.7.weight,32416,32,512,16384,0,16383,0,65536,65596,True
model.safetensors,value_embeds.7.weight,32448,32,512,16384,0,16381,0,65536,65588,True
model.safetensors,value_embeds.7.weight,32480,32,512,16384,0,16381,0,65536,65588,True
model.safetensors,value_embeds.7.weight,32512,32,512,16384,0,16381,0,65536,65588,True
model.safetensors,value_embeds.7.weight,32544,32,512,16384,0,16383,0,65536,65596,True
model.safetensors,value_embeds.7.weight,32576,32,512,16384,0,16381,0,65536,65588,True
model.safetensors,value_embeds.7.weight,32608,32,512,16384,0,16382,0,65536,65592,True
model.safetensors,value_embeds.7.weight,32640,32,512,16384,0,16381,0,65536,65588,True
model.safetensors,value_embeds.7.weight,32672,32,512,16384,0,16383,0,65536,65596,True
model.safetensors,value_embeds.7.weight,32704,32,512,16384,0,16384,0,65536,65600,True
model.safetensors,value_embeds.7.weight,32736,32,512,16384,0,16382,0,65536,65592,True
model.safetensors,wte.weight,0,32,512,16384,0,16380,0,65536,65584,True
model.safetensors,wte.weight,32,32,512,16384,0,16383,0,65536,65596,True
model.safetensors,wte.weight,64,32,512,16384,0,16383,0,65536,65596,True
model.safetensors,wte.weight,96,32,512,16384,0,16383,0,65536,65596,True
model.safetensors,wte.weight,128,32,512,16384,0,16381,0,65536,65588,True
model.safetensors,wte.weight,160,32,512,16384,0,16379,0,65536,65580,True
model.safetensors,wte.weight,192,32,512,16384,0,16379,0,65536,65580,True
model.safetensors,wte.weight,224,32,512,16384,0,16381,0,65536,65588,True
model.safetensors,wte.weight,256,32,512,16384,0,16383,0,65536,65596,True
model.safetensors,wte.weight,288,32,512,16384,0,16380,0,65536,65584,True
model.safetensors,wte.weight,320,32,512,16384,0,16384,0,65536,65600,True
model.safetensors,wte.weight,352,32,512,16384,0,16384,0,65536,65600,True
model.safetensors,wte.weight,384,32,512,16384,0,16382,0,65536,65592,True
model.safetensors,wte.weight,416,32,512,16384,0,16383,0,65536,65596,True
model.safetensors,wte.weight,448,32,512,16384,0,16381,0,65536,65588,True
model.safetensors,wte.weight,480,32,512,16384,0,16381,0,65536,65588,True
model.safetensors,wte.weight,512,32,512,16384,0,16383,0,65536,65596,True
model.safetensors,wte.weight,544,32,512,16384,0,16384,0,65536,65600,True
model.safetensors,wte.weight,576,32,512,16384,0,16384,0,65536,65600,True
model.safetensors,wte.weight,608,32,512,16384,0,16381,0,65536,65588,True
model.safetensors,wte.weight,640,32,512,16384,0,16383,0,65536,65596,True
model.safetensors,wte.weight,672,32,512,16384,0,16384,0,65536,65600,True
model.safetensors,wte.weight,704,32,512,16384,0,16384,0,65536,65600,True
model.safetensors,wte.weight,736,32,512,16384,0,16384,0,65536,65600,True
model.safetensors,wte.weight,768,32,512,16384,0,16381,0,65536,65588,True
model.safetensors,wte.weight,800,32,512,16384,0,16382,0,65536,65592,True
model.safetensors,wte.weight,832,32,512,16384,0,16383,0,65536,65596,True
model.safetensors,wte.weight,864,32,512,16384,0,16382,0,65536,65592,True
model.safetensors,wte.weight,896,32,512,16384,0,16384,0,65536,65600,True
model.safetensors,wte.weight,928,32,512,16384,0,16379,0,65536,65580,True
model.safetensors,wte.weight,960,32,512,16384,0,16382,0,65536,65592,True
model.safetensors,wte.weight,992,32,512,16384,0,16381,0,65536,65588,True
model.safetensors,wte.weight,1024,32,512,16384,0,16382,0,65536,65592,True
model.safetensors,wte.weight,1056,32,512,16384,0,16383,0,65536,65596,True
model.safetensors,wte.weight,1088,32,512,16384,0,16380,0,65536,65584,True
model.safetensors,wte.weight,1120,32,512,16384,0,16381,0,65536,65588,True
model.safetensors,wte.weight,1152,32,512,16384,0,16380,0,65536,65584,True
model.safetensors,wte.weight,1184,32,512,16384,0,16383,0,65536,65596,True
model.safetensors,wte.weight,1216,32,512,16384,0,16384,0,65536,65600,True
model.safetensors,wte.weight,1248,32,512,16384,0,16383,0,65536,65596,True
model.safetensors,wte.weight,1280,32,512,16384,0,16381,0,65536,65588,True
model.safetensors,wte.weight,1312,32,512,16384,0,16383,0,65536,65596,True
model.safetensors,wte.weight,1344,32,512,16384,0,16381,0,65536,65588,True
model.safetensors,wte.weight,1376,32,512,16384,0,16383,0,65536,65596,True
model.safetensors,wte.weight,1408,32,512,16384,0,16381,0,65536,65588,True
model.safetensors,wte.weight,1440,32,512,16384,0,16383,0,65536,65596,True
model.safetensors,wte.weight,1472,32,512,16384,0,16383,0,65536,65596,True
model.safetensors,wte.weight,1504,32,512,16384,0,16384,0,65536,65600,True
model.safetensors,wte.weight,1536,32,512,16384,0,16383,0,65536,65596,True
model.safetensors,wte.weight,1568,32,512,16384,0,16384,0,65536,65600,True
model.safetensors,wte.weight,1600,32,512,16384,0,16384,0,65536,65600,True
model.safetensors,wte.weight,1632,32,512,16384,0,16382,0,65536,65592,True
model.safetensors,wte.weight,1664,32,512,16384,0,16382,0,65536,65592,True
model.safetensors,wte.weight,1696,32,512,16384,0,16384,0,65536,65600,True
model.safetensors,wte.weight,1728,32,512,16384,0,16382,0,65536,65592,True
model.safetensors,wte.weight,1760,32,512,16384,0,16384,0,65536,65600,True
model.safetensors,wte.weight,1792,32,512,16384,0,16380,0,65536,65584,True
model.safetensors,wte.weight,1824,32,512,16384,0,16383,0,65536,65596,True
model.safetensors,wte.weight,1856,32,512,16384,0,16383,0,65536,65596,True
model.safetensors,wte.weight,1888,32,512,16384,0,16380,0,65536,65584,True
model.safetensors,wte.weight,1920,32,512,16384,0,16382,0,65536,65592,True
model.safetensors,wte.weight,1952,32,512,16384,0,16382,0,65536,65592,True
model.safetensors,wte.weight,1984,32,512,16384,0,16382,0,65536,65592,True
model.safetensors,wte.weight,2016,32,512,16384,0,16381,0,65536,65588,True
model.safetensors,wte.weight,2048,32,512,16384,0,16383,0,65536,65596,True
model.safetensors,wte.weight,2080,32,512,16384,0,16382,0,65536,65592,True
model.safetensors,wte.weight,2112,32,512,16384,0,16380,0,65536,65584,True
model.safetensors,wte.weight,2144,32,512,16384,0,16381,0,65536,65588,True
model.safetensors,wte.weight,2176,32,512,16384,0,16383,0,65536,65596,True
model.safetensors,wte.weight,2208,32,512,16384,0,16381,0,65536,65588,True
model.safetensors,wte.weight,2240,32,512,16384,0,16383,0,65536,65596,True
model.safetensors,wte.weight,2272,32,512,16384,0,16381,0,65536,65588,True
model.safetensors,wte.weight,2304,32,512,16384,0,16380,0,65536,65584,True
model.safetensors,wte.weight,2336,32,512,16384,0,16383,0,65536,65596,True
model.safetensors,wte.weight,2368,32,512,16384,0,16384,0,65536,65600,True
model.safetensors,wte.weight,2400,32,512,16384,0,16382,0,65536,65592,True
model.safetensors,wte.weight,2432,32,512,16384,0,16383,0,65536,65596,True
model.safetensors,wte.weight,2464,32,512,16384,0,16382,0,65536,65592,True
model.safetensors,wte.weight,2496,32,512,16384,0,16381,0,65536,65588,True
model.safetensors,wte.weight,2528,32,512,16384,0,16383,0,65536,65596,True
model.safetensors,wte.weight,2560,32,512,16384,0,16383,0,65536,65596,True
model.safetensors,wte.weight,2592,32,512,16384,0,16381,0,65536,65588,True
model.safetensors,wte.weight,2624,32,512,16384,0,16382,0,65536,65592,True
model.safetensors,wte.weight,2656,32,512,16384,0,16383,0,65536,65596,True
model.safetensors,wte.weight,2688,32,512,16384,0,16382,0,65536,65592,True
model.safetensors,wte.weight,2720,32,512,16384,0,16383,0,65536,65596,True
model.safetensors,wte.weight,2752,32,512,16384,0,16381,0,65536,65588,True
model.safetensors,wte.weight,2784,32,512,16384,0,16381,0,65536,65588,True
model.safetensors,wte.weight,2816,32,512,16384,0,16380,0,65536,65584,True
model.safetensors,wte.weight,2848,32,512,16384,0,16382,0,65536,65592,True
model.safetensors,wte.weight,2880,32,512,16384,0,16381,0,65536,65588,True
model.safetensors,wte.weight,2912,32,512,16384,0,16381,0,65536,65588,True
model.safetensors,wte.weight,2944,32,512,16384,0,16383,0,65536,65596,True
model.safetensors,wte.weight,2976,32,512,16384,0,16383,0,65536,65596,True
model.safetensors,wte.weight,3008,32,512,16384,0,16382,0,65536,65592,True
model.safetensors,wte.weight,3040,32,512,16384,0,16382,0,65536,65592,True
model.safetensors,wte.weight,3072,32,512,16384,0,16383,0,65536,65596,True
model.safetensors,wte.weight,3104,32,512,16384,0,16383,0,65536,65596,True
model.safetensors,wte.weight,3136,32,512,16384,0,16383,0,65536,65596,True
model.safetensors,wte.weight,3168,32,512,16384,0,16383,0,65536,65596,True
model.safetensors,wte.weight,3200,32,512,16384,0,16382,0,65536,65592,True
model.safetensors,wte.weight,3232,32,512,16384,0,16381,0,65536,65588,True
model.safetensors,wte.weight,3264,32,512,16384,0,16381,0,65536,65588,True
model.safetensors,wte.weight,3296,32,512,16384,0,16383,0,65536,65596,True
model.safetensors,wte.weight,3328,32,512,16384,0,16384,0,65536,65600,True
model.safetensors,wte.weight,3360,32,512,16384,0,16384,0,65536,65600,True
model.safetensors,wte.weight,3392,32,512,16384,0,16383,0,65536,65596,True
model.safetensors,wte.weight,3424,32,512,16384,0,16382,0,65536,65592,True
model.safetensors,wte.weight,3456,32,512,16384,0,16382,0,65536,65592,True
model.safetensors,wte.weight,3488,32,512,16384,0,16383,0,65536,65596,True
model.safetensors,wte.weight,3520,32,512,16384,0,16381,0,65536,65588,True
model.safetensors,wte.weight,3552,32,512,16384,0,16382,0,65536,65592,True
model.safetensors,wte.weight,3584,32,512,16384,0,16380,0,65536,65584,True
model.safetensors,wte.weight,3616,32,512,16384,0,16382,0,65536,65592,True
model.safetensors,wte.weight,3648,32,512,16384,0,16383,0,65536,65596,True
model.safetensors,wte.weight,3680,32,512,16384,0,16384,0,65536,65600,True
model.safetensors,wte.weight,3712,32,512,16384,0,16382,0,65536,65592,True
model.safetensors,wte.weight,3744,32,512,16384,0,16383,0,65536,65596,True
model.safetensors,wte.weight,3776,32,512,16384,0,16383,0,65536,65596,True
model.safetensors,wte.weight,3808,32,512,16384,0,16383,0,65536,65596,True
model.safetensors,wte.weight,3840,32,512,16384,0,16383,0,65536,65596,True
model.safetensors,wte.weight,3872,32,512,16384,0,16384,0,65536,65600,True
model.safetensors,wte.weight,3904,32,512,16384,0,16383,0,65536,65596,True
model.safetensors,wte.weight,3936,32,512,16384,0,16383,0,65536,65596,True
model.safetensors,wte.weight,3968,32,512,16384,0,16382,0,65536,65592,True
model.safetensors,wte.weight,4000,32,512,16384,0,16384,0,65536,65600,True
model.safetensors,wte.weight,4032,32,512,16384,0,16380,0,65536,65584,True
model.safetensors,wte.weight,4064,32,512,16384,0,16384,0,65536,65600,True
model.safetensors,wte.weight,4096,32,512,16384,0,16383,0,65536,65596,True
model.safetensors,wte.weight,4128,32,512,16384,0,16384,0,65536,65600,True
model.safetensors,wte.weight,4160,32,512,16384,0,16382,0,65536,65592,True
model.safetensors,wte.weight,4192,32,512,16384,0,16383,0,65536,65596,True
model.safetensors,wte.weight,4224,32,512,16384,0,16382,0,65536,65592,True
model.safetensors,wte.weight,4256,32,512,16384,0,16384,0,65536,65600,True
model.safetensors,wte.weight,4288,32,512,16384,0,16382,0,65536,65592,True
model.safetensors,wte.weight,4320,32,512,16384,0,16381,0,65536,65588,True
model.safetensors,wte.weight,4352,32,512,16384,0,16382,0,65536,65592,True
model.safetensors,wte.weight,4384,32,512,16384,0,16379,0,65536,65580,True
model.safetensors,wte.weight,4416,32,512,16384,0,16380,0,65536,65584,True
model.safetensors,wte.weight,4448,32,512,16384,0,16383,0,65536,65596,True
model.safetensors,wte.weight,4480,32,512,16384,0,16384,0,65536,65600,True
model.safetensors,wte.weight,4512,32,512,16384,0,16382,0,65536,65592,True
model.safetensors,wte.weight,4544,32,512,16384,0,16383,0,65536,65596,True
model.safetensors,wte.weight,4576,32,512,16384,0,16381,0,65536,65588,True
model.safetensors,wte.weight,4608,32,512,16384,0,16380,0,65536,65584,True
model.safetensors,wte.weight,4640,32,512,16384,0,16382,0,65536,65592,True
model.safetensors,wte.weight,4672,32,512,16384,0,16384,0,65536,65600,True
model.safetensors,wte.weight,4704,32,512,16384,0,16382,0,65536,65592,True
model.safetensors,wte.weight,4736,32,512,16384,0,16383,0,65536,65596,True
model.safetensors,wte.weight,4768,32,512,16384,0,16382,0,65536,65592,True
model.safetensors,wte.weight,4800,32,512,16384,0,16383,0,65536,65596,True
model.safetensors,wte.weight,4832,32,512,16384,0,16381,0,65536,65588,True
model.safetensors,wte.weight,4864,32,512,16384,0,16383,0,65536,65596,True
model.safetensors,wte.weight,4896,32,512,16384,0,16382,0,65536,65592,True
model.safetensors,wte.weight,4928,32,512,16384,0,16384,0,65536,65600,True
model.safetensors,wte.weight,4960,32,512,16384,0,16384,0,65536,65600,True
model.safetensors,wte.weight,4992,32,512,16384,0,16384,0,65536,65600,True
model.safetensors,wte.weight,5024,32,512,16384,0,16382,0,65536,65592,True
model.safetensors,wte.weight,5056,32,512,16384,0,16381,0,65536,65588,True
model.safetensors,wte.weight,5088,32,512,16384,0,16381,0,65536,65588,True
model.safetensors,wte.weight,5120,32,512,16384,0,16380,0,65536,65584,True
model.safetensors,wte.weight,5152,32,512,16384,0,16383,0,65536,65596,True
model.safetensors,wte.weight,5184,32,512,16384,0,16380,0,65536,65584,True
model.safetensors,wte.weight,5216,32,512,16384,0,16378,0,65536,65576,True
model.safetensors,wte.weight,5248,32,512,16384,0,16384,0,65536,65600,True
model.safetensors,wte.weight,5280,32,512,16384,0,16383,0,65536,65596,True
model.safetensors,wte.weight,5312,32,512,16384,0,16381,0,65536,65588,True
model.safetensors,wte.weight,5344,32,512,16384,0,16382,0,65536,65592,True
model.safetensors,wte.weight,5376,32,512,16384,0,16381,0,65536,65588,True
model.safetensors,wte.weight,5408,32,512,16384,0,16383,0,65536,65596,True
model.safetensors,wte.weight,5440,32,512,16384,0,16381,0,65536,65588,True
model.safetensors,wte.weight,5472,32,512,16384,0,16383,0,65536,65596,True
model.safetensors,wte.weight,5504,32,512,16384,0,16382,0,65536,65592,True
model.safetensors,wte.weight,5536,32,512,16384,0,16383,0,65536,65596,True
model.safetensors,wte.weight,5568,32,512,16384,0,16383,0,65536,65596,True
model.safetensors,wte.weight,5600,32,512,16384,0,16383,0,65536,65596,True
model.safetensors,wte.weight,5632,32,512,16384,0,16383,0,65536,65596,True
model.safetensors,wte.weight,5664,32,512,16384,0,16382,0,65536,65592,True
model.safetensors,wte.weight,5696,32,512,16384,0,16384,0,65536,65600,True
model.safetensors,wte.weight,5728,32,512,16384,0,16382,0,65536,65592,True
model.safetensors,wte.weight,5760,32,512,16384,0,16383,0,65536,65596,True
model.safetensors,wte.weight,5792,32,512,16384,0,16382,0,65536,65592,True
model.safetensors,wte.weight,5824,32,512,16384,0,16383,0,65536,65596,True
model.safetensors,wte.weight,5856,32,512,16384,0,16381,0,65536,65588,True
model.safetensors,wte.weight,5888,32,512,16384,0,16384,0,65536,65600,True
model.safetensors,wte.weight,5920,32,512,16384,0,16382,0,65536,65592,True
model.safetensors,wte.weight,5952,32,512,16384,0,16381,0,65536,65588,True
model.safetensors,wte.weight,5984,32,512,16384,0,16383,0,65536,65596,True
model.safetensors,wte.weight,6016,32,512,16384,0,16382,0,65536,65592,True
model.safetensors,wte.weight,6048,32,512,16384,0,16383,0,65536,65596,True
model.safetensors,wte.weight,6080,32,512,16384,0,16380,0,65536,65584,True
model.safetensors,wte.weight,6112,32,512,16384,0,16383,0,65536,65596,True
model.safetensors,wte.weight,6144,32,512,16384,0,16380,0,65536,65584,True
model.safetensors,wte.weight,6176,32,512,16384,0,16380,0,65536,65584,True
model.safetensors,wte.weight,6208,32,512,16384,0,16384,0,65536,65600,True
model.safetensors,wte.weight,6240,32,512,16384,0,16384,0,65536,65600,True
model.safetensors,wte.weight,6272,32,512,16384,0,16382,0,65536,65592,True
model.safetensors,wte.weight,6304,32,512,16384,0,16384,0,65536,65600,True
model.safetensors,wte.weight,6336,32,512,16384,0,16383,0,65536,65596,True
model.safetensors,wte.weight,6368,32,512,16384,0,16382,0,65536,65592,True
model.safetensors,wte.weight,6400,32,512,16384,0,16381,0,65536,65588,True
model.safetensors,wte.weight,6432,32,512,16384,0,16380,0,65536,65584,True
model.safetensors,wte.weight,6464,32,512,16384,0,16380,0,65536,65584,True
model.safetensors,wte.weight,6496,32,512,16384,0,16382,0,65536,65592,True
model.safetensors,wte.weight,6528,32,512,16384,0,16382,0,65536,65592,True
model.safetensors,wte.weight,6560,32,512,16384,0,16380,0,65536,65584,True
model.safetensors,wte.weight,6592,32,512,16384,0,16382,0,65536,65592,True
model.safetensors,wte.weight,6624,32,512,16384,0,16383,0,65536,65596,True
model.safetensors,wte.weight,6656,32,512,16384,0,16382,0,65536,65592,True
model.safetensors,wte.weight,6688,32,512,16384,0,16381,0,65536,65588,True
model.safetensors,wte.weight,6720,32,512,16384,0,16378,0,65536,65576,True
model.safetensors,wte.weight,6752,32,512,16384,0,16380,0,65536,65584,True
model.safetensors,wte.weight,6784,32,512,16384,0,16384,0,65536,65600,True
model.safetensors,wte.weight,6816,32,512,16384,0,16381,0,65536,65588,True
model.safetensors,wte.weight,6848,32,512,16384,0,16383,0,65536,65596,True
model.safetensors,wte.weight,6880,32,512,16384,0,16382,0,65536,65592,True
model.safetensors,wte.weight,6912,32,512,16384,0,16382,0,65536,65592,True
model.safetensors,wte.weight,6944,32,512,16384,0,16383,0,65536,65596,True
model.safetensors,wte.weight,6976,32,512,16384,0,16383,0,65536,65596,True
model.safetensors,wte.weight,7008,32,512,16384,0,16383,0,65536,65596,True
model.safetensors,wte.weight,7040,32,512,16384,0,16383,0,65536,65596,True
model.safetensors,wte.weight,7072,32,512,16384,0,16381,0,65536,65588,True
model.safetensors,wte.weight,7104,32,512,16384,0,16380,0,65536,65584,True
model.safetensors,wte.weight,7136,32,512,16384,0,16383,0,65536,65596,True
model.safetensors,wte.weight,7168,32,512,16384,0,16382,0,65536,65592,True
model.safetensors,wte.weight,7200,32,512,16384,0,16383,0,65536,65596,True
model.safetensors,wte.weight,7232,32,512,16384,0,16381,0,65536,65588,True
model.safetensors,wte.weight,7264,32,512,16384,0,16383,0,65536,65596,True
model.safetensors,wte.weight,7296,32,512,16384,0,16382,0,65536,65592,True
model.safetensors,wte.weight,7328,32,512,16384,0,16383,0,65536,65596,True
model.safetensors,wte.weight,7360,32,512,16384,0,16384,0,65536,65600,True
model.safetensors,wte.weight,7392,32,512,16384,0,16381,0,65536,65588,True
model.safetensors,wte.weight,7424,32,512,16384,0,16382,0,65536,65592,True
model.safetensors,wte.weight,7456,32,512,16384,0,16382,0,65536,65592,True
model.safetensors,wte.weight,7488,32,512,16384,0,16383,0,65536,65596,True
model.safetensors,wte.weight,7520,32,512,16384,0,16382,0,65536,65592,True
model.safetensors,wte.weight,7552,32,512,16384,0,16384,0,65536,65600,True
model.safetensors,wte.weight,7584,32,512,16384,0,16382,0,65536,65592,True
model.safetensors,wte.weight,7616,32,512,16384,0,16380,0,65536,65584,True
model.safetensors,wte.weight,7648,32,512,16384,0,16383,0,65536,65596,True
model.safetensors,wte.weight,7680,32,512,16384,0,16382,0,65536,65592,True
model.safetensors,wte.weight,7712,32,512,16384,0,16382,0,65536,65592,True
model.safetensors,wte.weight,7744,32,512,16384,0,16384,0,65536,65600,True
model.safetensors,wte.weight,7776,32,512,16384,0,16382,0,65536,65592,True
model.safetensors,wte.weight,7808,32,512,16384,0,16384,0,65536,65600,True
model.safetensors,wte.weight,7840,32,512,16384,0,16383,0,65536,65596,True
model.safetensors,wte.weight,7872,32,512,16384,0,16382,0,65536,65592,True
model.safetensors,wte.weight,7904,32,512,16384,0,16381,0,65536,65588,True
model.safetensors,wte.weight,7936,32,512,16384,0,16382,0,65536,65592,True
model.safetensors,wte.weight,7968,32,512,16384,0,16382,0,65536,65592,True
model.safetensors,wte.weight,8000,32,512,16384,0,16384,0,65536,65600,True
model.safetensors,wte.weight,8032,32,512,16384,0,16382,0,65536,65592,True
model.safetensors,wte.weight,8064,32,512,16384,0,16384,0,65536,65600,True
model.safetensors,wte.weight,8096,32,512,16384,0,16380,0,65536,65584,True
model.safetensors,wte.weight,8128,32,512,16384,0,16380,0,65536,65584,True
model.safetensors,wte.weight,8160,32,512,16384,0,16383,0,65536,65596,True
model.safetensors,wte.weight,8192,32,512,16384,0,16383,0,65536,65596,True
model.safetensors,wte.weight,8224,32,512,16384,0,16381,0,65536,65588,True
model.safetensors,wte.weight,8256,32,512,16384,0,16382,0,65536,65592,True
model.safetensors,wte.weight,8288,32,512,16384,0,16381,0,65536,65588,True
model.safetensors,wte.weight,8320,32,512,16384,0,16384,0,65536,65600,True
model.safetensors,wte.weight,8352,32,512,16384,0,16383,0,65536,65596,True
model.safetensors,wte.weight,8384,32,512,16384,0,16380,0,65536,65584,True
model.safetensors,wte.weight,8416,32,512,16384,0,16384,0,65536,65600,True
model.safetensors,wte.weight,8448,32,512,16384,0,16383,0,65536,65596,True
model.safetensors,wte.weight,8480,32,512,16384,0,16382,0,65536,65592,True
model.safetensors,wte.weight,8512,32,512,16384,0,16383,0,65536,65596,True
model.safetensors,wte.weight,8544,32,512,16384,0,16382,0,65536,65592,True
model.safetensors,wte.weight,8576,32,512,16384,0,16384,0,65536,65600,True
model.safetensors,wte.weight,8608,32,512,16384,0,16382,0,65536,65592,True
model.safetensors,wte.weight,8640,32,512,16384,0,16380,0,65536,65584,True
model.safetensors,wte.weight,8672,32,512,16384,0,16384,0,65536,65600,True
model.safetensors,wte.weight,8704,32,512,16384,0,16384,0,65536,65600,True
model.safetensors,wte.weight,8736,32,512,16384,0,16381,0,65536,65588,True
model.safetensors,wte.weight,8768,32,512,16384,0,16383,0,65536,65596,True
model.safetensors,wte.weight,8800,32,512,16384,0,16383,0,65536,65596,True
model.safetensors,wte.weight,8832,32,512,16384,0,16382,0,65536,65592,True
model.safetensors,wte.weight,8864,32,512,16384,0,16379,0,65536,65580,True
model.safetensors,wte.weight,8896,32,512,16384,0,16384,0,65536,65600,True
model.safetensors,wte.weight,8928,32,512,16384,0,16383,0,65536,65596,True
model.safetensors,wte.weight,8960,32,512,16384,0,16382,0,65536,65592,True
model.safetensors,wte.weight,8992,32,512,16384,0,16383,0,65536,65596,True
model.safetensors,wte.weight,9024,32,512,16384,0,16382,0,65536,65592,True
model.safetensors,wte.weight,9056,32,512,16384,0,16379,0,65536,65580,True
model.safetensors,wte.weight,9088,32,512,16384,0,16381,0,65536,65588,True
model.safetensors,wte.weight,9120,32,512,16384,0,16382,0,65536,65592,True
model.safetensors,wte.weight,9152,32,512,16384,0,16382,0,65536,65592,True
model.safetensors,wte.weight,9184,32,512,16384,0,16383,0,65536,65596,True
model.safetensors,wte.weight,9216,32,512,16384,0,16378,0,65536,65576,True
model.safetensors,wte.weight,9248,32,512,16384,0,16376,0,65536,65568,True
model.safetensors,wte.weight,9280,32,512,16384,0,16382,0,65536,65592,True
model.safetensors,wte.weight,9312,32,512,16384,0,16381,0,65536,65588,True
model.safetensors,wte.weight,9344,32,512,16384,0,16383,0,65536,65596,True
model.safetensors,wte.weight,9376,32,512,16384,0,16378,0,65536,65576,True
model.safetensors,wte.weight,9408,32,512,16384,0,16383,0,65536,65596,True
model.safetensors,wte.weight,9440,32,512,16384,0,16382,0,65536,65592,True
model.safetensors,wte.weight,9472,32,512,16384,0,16382,0,65536,65592,True
model.safetensors,wte.weight,9504,32,512,16384,0,16383,0,65536,65596,True
model.safetensors,wte.weight,9536,32,512,16384,0,16382,0,65536,65592,True
model.safetensors,wte.weight,9568,32,512,16384,0,16381,0,65536,65588,True
model.safetensors,wte.weight,9600,32,512,16384,0,16381,0,65536,65588,True
model.safetensors,wte.weight,9632,32,512,16384,0,16383,0,65536,65596,True
model.safetensors,wte.weight,9664,32,512,16384,0,16383,0,65536,65596,True
model.safetensors,wte.weight,9696,32,512,16384,0,16382,0,65536,65592,True
model.safetensors,wte.weight,9728,32,512,16384,0,16382,0,65536,65592,True
model.safetensors,wte.weight,9760,32,512,16384,0,16383,0,65536,65596,True
model.safetensors,wte.weight,9792,32,512,16384,0,16384,0,65536,65600,True
model.safetensors,wte.weight,9824,32,512,16384,0,16383,0,65536,65596,True
model.safetensors,wte.weight,9856,32,512,16384,0,16381,0,65536,65588,True
model.safetensors,wte.weight,9888,32,512,16384,0,16381,0,65536,65588,True
model.safetensors,wte.weight,9920,32,512,16384,0,16381,0,65536,65588,True
model.safetensors,wte.weight,9952,32,512,16384,0,16383,0,65536,65596,True
model.safetensors,wte.weight,9984,32,512,16384,0,16381,0,65536,65588,True
model.safetensors,wte.weight,10016,32,512,16384,0,16382,0,65536,65592,True
model.safetensors,wte.weight,10048,32,512,16384,0,16383,0,65536,65596,True
model.safetensors,wte.weight,10080,32,512,16384,0,16381,0,65536,65588,True
model.safetensors,wte.weight,10112,32,512,16384,0,16383,0,65536,65596,True
model.safetensors,wte.weight,10144,32,512,16384,0,16381,0,65536,65588,True
model.safetensors,wte.weight,10176,32,512,16384,0,16380,0,65536,65584,True
model.safetensors,wte.weight,10208,32,512,16384,0,16384,0,65536,65600,True
model.safetensors,wte.weight,10240,32,512,16384,0,16383,0,65536,65596,True
model.safetensors,wte.weight,10272,32,512,16384,0,16381,0,65536,65588,True
model.safetensors,wte.weight,10304,32,512,16384,0,16384,0,65536,65600,True
model.safetensors,wte.weight,10336,32,512,16384,0,16383,0,65536,65596,True
model.safetensors,wte.weight,10368,32,512,16384,0,16383,0,65536,65596,True
model.safetensors,wte.weight,10400,32,512,16384,0,16382,0,65536,65592,True
model.safetensors,wte.weight,10432,32,512,16384,0,16382,0,65536,65592,True
model.safetensors,wte.weight,10464,32,512,16384,0,16379,0,65536,65580,True
model.safetensors,wte.weight,10496,32,512,16384,0,16384,0,65536,65600,True
model.safetensors,wte.weight,10528,32,512,16384,0,16383,0,65536,65596,True
model.safetensors,wte.weight,10560,32,512,16384,0,16382,0,65536,65592,True
model.safetensors,wte.weight,10592,32,512,16384,0,16381,0,65536,65588,True
model.safetensors,wte.weight,10624,32,512,16384,0,16381,0,65536,65588,True
model.safetensors,wte.weight,10656,32,512,16384,0,16381,0,65536,65588,True
model.safetensors,wte.weight,10688,32,512,16384,0,16383,0,65536,65596,True
model.safetensors,wte.weight,10720,32,512,16384,0,16383,0,65536,65596,True
model.safetensors,wte.weight,10752,32,512,16384,0,16383,0,65536,65596,True
model.safetensors,wte.weight,10784,32,512,16384,0,16381,0,65536,65588,True
model.safetensors,wte.weight,10816,32,512,16384,0,16382,0,65536,65592,True
model.safetensors,wte.weight,10848,32,512,16384,0,16381,0,65536,65588,True
model.safetensors,wte.weight,10880,32,512,16384,0,16384,0,65536,65600,True
model.safetensors,wte.weight,10912,32,512,16384,0,16383,0,65536,65596,True
model.safetensors,wte.weight,10944,32,512,16384,0,16384,0,65536,65600,True
model.safetensors,wte.weight,10976,32,512,16384,0,16382,0,65536,65592,True
model.safetensors,wte.weight,11008,32,512,16384,0,16382,0,65536,65592,True
model.safetensors,wte.weight,11040,32,512,16384,0,16383,0,65536,65596,True
model.safetensors,wte.weight,11072,32,512,16384,0,16380,0,65536,65584,True
model.safetensors,wte.weight,11104,32,512,16384,0,16384,0,65536,65600,True
model.safetensors,wte.weight,11136,32,512,16384,0,16382,0,65536,65592,True
model.safetensors,wte.weight,11168,32,512,16384,0,16382,0,65536,65592,True
model.safetensors,wte.weight,11200,32,512,16384,0,16383,0,65536,65596,True
model.safetensors,wte.weight,11232,32,512,16384,0,16382,0,65536,65592,True
model.safetensors,wte.weight,11264,32,512,16384,0,16384,0,65536,65600,True
model.safetensors,wte.weight,11296,32,512,16384,0,16380,0,65536,65584,True
model.safetensors,wte.weight,11328,32,512,16384,0,16384,0,65536,65600,True
model.safetensors,wte.weight,11360,32,512,16384,0,16382,0,65536,65592,True
model.safetensors,wte.weight,11392,32,512,16384,0,16382,0,65536,65592,True
model.safetensors,wte.weight,11424,32,512,16384,0,16383,0,65536,65596,True
model.safetensors,wte.weight,11456,32,512,16384,0,16384,0,65536,65600,True
model.safetensors,wte.weight,11488,32,512,16384,0,16382,0,65536,65592,True
model.safetensors,wte.weight,11520,32,512,16384,0,16381,0,65536,65588,True
model.safetensors,wte.weight,11552,32,512,16384,0,16383,0,65536,65596,True
model.safetensors,wte.weight,11584,32,512,16384,0,16382,0,65536,65592,True
model.safetensors,wte.weight,11616,32,512,16384,0,16384,0,65536,65600,True
model.safetensors,wte.weight,11648,32,512,16384,0,16379,0,65536,65580,True
model.safetensors,wte.weight,11680,32,512,16384,0,16382,0,65536,65592,True
model.safetensors,wte.weight,11712,32,512,16384,0,16384,0,65536,65600,True
model.safetensors,wte.weight,11744,32,512,16384,0,16382,0,65536,65592,True
model.safetensors,wte.weight,11776,32,512,16384,0,16383,0,65536,65596,True
model.safetensors,wte.weight,11808,32,512,16384,0,16383,0,65536,65596,True
model.safetensors,wte.weight,11840,32,512,16384,0,16382,0,65536,65592,True
model.safetensors,wte.weight,11872,32,512,16384,0,16382,0,65536,65592,True
model.safetensors,wte.weight,11904,32,512,16384,0,16384,0,65536,65600,True
model.safetensors,wte.weight,11936,32,512,16384,0,16383,0,65536,65596,True
model.safetensors,wte.weight,11968,32,512,16384,0,16383,0,65536,65596,True
model.safetensors,wte.weight,12000,32,512,16384,0,16378,0,65536,65576,True
model.safetensors,wte.weight,12032,32,512,16384,0,16383,0,65536,65596,True
model.safetensors,wte.weight,12064,32,512,16384,0,16380,0,65536,65584,True
model.safetensors,wte.weight,12096,32,512,16384,0,16380,0,65536,65584,True
model.safetensors,wte.weight,12128,32,512,16384,0,16384,0,65536,65600,True
model.safetensors,wte.weight,12160,32,512,16384,0,16381,0,65536,65588,True
model.safetensors,wte.weight,12192,32,512,16384,0,16382,0,65536,65592,True
model.safetensors,wte.weight,12224,32,512,16384,0,16384,0,65536,65600,True
model.safetensors,wte.weight,12256,32,512,16384,0,16381,0,65536,65588,True
model.safetensors,wte.weight,12288,32,512,16384,0,16382,0,65536,65592,True
model.safetensors,wte.weight,12320,32,512,16384,0,16380,0,65536,65584,True
model.safetensors,wte.weight,12352,32,512,16384,0,16383,0,65536,65596,True
model.safetensors,wte.weight,12384,32,512,16384,0,16382,0,65536,65592,True
model.safetensors,wte.weight,12416,32,512,16384,0,16382,0,65536,65592,True
model.safetensors,wte.weight,12448,32,512,16384,0,16383,0,65536,65596,True
model.safetensors,wte.weight,12480,32,512,16384,0,16381,0,65536,65588,True
model.safetensors,wte.weight,12512,32,512,16384,0,16383,0,65536,65596,True
model.safetensors,wte.weight,12544,32,512,16384,0,16379,0,65536,65580,True
model.safetensors,wte.weight,12576,32,512,16384,0,16384,0,65536,65600,True
model.safetensors,wte.weight,12608,32,512,16384,0,16383,0,65536,65596,True
model.safetensors,wte.weight,12640,32,512,16384,0,16382,0,65536,65592,True
model.safetensors,wte.weight,12672,32,512,16384,0,16384,0,65536,65600,True
model.safetensors,wte.weight,12704,32,512,16384,0,16383,0,65536,65596,True
model.safetensors,wte.weight,12736,32,512,16384,0,16384,0,65536,65600,True
model.safetensors,wte.weight,12768,32,512,16384,0,16384,0,65536,65600,True
model.safetensors,wte.weight,12800,32,512,16384,0,16382,0,65536,65592,True
model.safetensors,wte.weight,12832,32,512,16384,0,16383,0,65536,65596,True
model.safetensors,wte.weight,12864,32,512,16384,0,16382,0,65536,65592,True
model.safetensors,wte.weight,12896,32,512,16384,0,16383,0,65536,65596,True
model.safetensors,wte.weight,12928,32,512,16384,0,16383,0,65536,65596,True
model.safetensors,wte.weight,12960,32,512,16384,0,16384,0,65536,65600,True
model.safetensors,wte.weight,12992,32,512,16384,0,16383,0,65536,65596,True
model.safetensors,wte.weight,13024,32,512,16384,0,16384,0,65536,65600,True
model.safetensors,wte.weight,13056,32,512,16384,0,16384,0,65536,65600,True
model.safetensors,wte.weight,13088,32,512,16384,0,16384,0,65536,65600,True
model.safetensors,wte.weight,13120,32,512,16384,0,16381,0,65536,65588,True
model.safetensors,wte.weight,13152,32,512,16384,0,16383,0,65536,65596,True
model.safetensors,wte.weight,13184,32,512,16384,0,16383,0,65536,65596,True
model.safetensors,wte.weight,13216,32,512,16384,0,16380,0,65536,65584,True
model.safetensors,wte.weight,13248,32,512,16384,0,16382,0,65536,65592,True
model.safetensors,wte.weight,13280,32,512,16384,0,16382,0,65536,65592,True
model.safetensors,wte.weight,13312,32,512,16384,0,16382,0,65536,65592,True
model.safetensors,wte.weight,13344,32,512,16384,0,16383,0,65536,65596,True
model.safetensors,wte.weight,13376,32,512,16384,0,16384,0,65536,65600,True
model.safetensors,wte.weight,13408,32,512,16384,0,16382,0,65536,65592,True
model.safetensors,wte.weight,13440,32,512,16384,0,16381,0,65536,65588,True
model.safetensors,wte.weight,13472,32,512,16384,0,16383,0,65536,65596,True
model.safetensors,wte.weight,13504,32,512,16384,0,16382,0,65536,65592,True
model.safetensors,wte.weight,13536,32,512,16384,0,16381,0,65536,65588,True
model.safetensors,wte.weight,13568,32,512,16384,0,16382,0,65536,65592,True
model.safetensors,wte.weight,13600,32,512,16384,0,16380,0,65536,65584,True
model.safetensors,wte.weight,13632,32,512,16384,0,16383,0,65536,65596,True
model.safetensors,wte.weight,13664,32,512,16384,0,16381,0,65536,65588,True
model.safetensors,wte.weight,13696,32,512,16384,0,16383,0,65536,65596,True
model.safetensors,wte.weight,13728,32,512,16384,0,16383,0,65536,65596,True
model.safetensors,wte.weight,13760,32,512,16384,0,16376,0,65536,65568,True
model.safetensors,wte.weight,13792,32,512,16384,0,16382,0,65536,65592,True
model.safetensors,wte.weight,13824,32,512,16384,0,16381,0,65536,65588,True
model.safetensors,wte.weight,13856,32,512,16384,0,16384,0,65536,65600,True
model.safetensors,wte.weight,13888,32,512,16384,0,16383,0,65536,65596,True
model.safetensors,wte.weight,13920,32,512,16384,0,16383,0,65536,65596,True
model.safetensors,wte.weight,13952,32,512,16384,0,16383,0,65536,65596,True
model.safetensors,wte.weight,13984,32,512,16384,0,16384,0,65536,65600,True
model.safetensors,wte.weight,14016,32,512,16384,0,16383,0,65536,65596,True
model.safetensors,wte.weight,14048,32,512,16384,0,16380,0,65536,65584,True
model.safetensors,wte.weight,14080,32,512,16384,0,16380,0,65536,65584,True
model.safetensors,wte.weight,14112,32,512,16384,0,16383,0,65536,65596,True
model.safetensors,wte.weight,14144,32,512,16384,0,16379,0,65536,65580,True
model.safetensors,wte.weight,14176,32,512,16384,0,16382,0,65536,65592,True
model.safetensors,wte.weight,14208,32,512,16384,0,16384,0,65536,65600,True
model.safetensors,wte.weight,14240,32,512,16384,0,16384,0,65536,65600,True
model.safetensors,wte.weight,14272,32,512,16384,0,16382,0,65536,65592,True
model.safetensors,wte.weight,14304,32,512,16384,0,16382,0,65536,65592,True
model.safetensors,wte.weight,14336,32,512,16384,0,16380,0,65536,65584,True
model.safetensors,wte.weight,14368,32,512,16384,0,16383,0,65536,65596,True
model.safetensors,wte.weight,14400,32,512,16384,0,16382,0,65536,65592,True
model.safetensors,wte.weight,14432,32,512,16384,0,16381,0,65536,65588,True
model.safetensors,wte.weight,14464,32,512,16384,0,16383,0,65536,65596,True
model.safetensors,wte.weight,14496,32,512,16384,0,16382,0,65536,65592,True
model.safetensors,wte.weight,14528,32,512,16384,0,16380,0,65536,65584,True
model.safetensors,wte.weight,14560,32,512,16384,0,16383,0,65536,65596,True
model.safetensors,wte.weight,14592,32,512,16384,0,16384,0,65536,65600,True
model.safetensors,wte.weight,14624,32,512,16384,0,16382,0,65536,65592,True
model.safetensors,wte.weight,14656,32,512,16384,0,16382,0,65536,65592,True
model.safetensors,wte.weight,14688,32,512,16384,0,16380,0,65536,65584,True
model.safetensors,wte.weight,14720,32,512,16384,0,16382,0,65536,65592,True
model.safetensors,wte.weight,14752,32,512,16384,0,16382,0,65536,65592,True
model.safetensors,wte.weight,14784,32,512,16384,0,16383,0,65536,65596,True
model.safetensors,wte.weight,14816,32,512,16384,0,16384,0,65536,65600,True
model.safetensors,wte.weight,14848,32,512,16384,0,16382,0,65536,65592,True
model.safetensors,wte.weight,14880,32,512,16384,0,16382,0,65536,65592,True
model.safetensors,wte.weight,14912,32,512,16384,0,16382,0,65536,65592,True
model.safetensors,wte.weight,14944,32,512,16384,0,16382,0,65536,65592,True
model.safetensors,wte.weight,14976,32,512,16384,0,16382,0,65536,65592,True
model.safetensors,wte.weight,15008,32,512,16384,0,16381,0,65536,65588,True
model.safetensors,wte.weight,15040,32,512,16384,0,16382,0,65536,65592,True
model.safetensors,wte.weight,15072,32,512,16384,0,16379,0,65536,65580,True
model.safetensors,wte.weight,15104,32,512,16384,0,16383,0,65536,65596,True
model.safetensors,wte.weight,15136,32,512,16384,0,16381,0,65536,65588,True
model.safetensors,wte.weight,15168,32,512,16384,0,16382,0,65536,65592,True
model.safetensors,wte.weight,15200,32,512,16384,0,16381,0,65536,65588,True
model.safetensors,wte.weight,15232,32,512,16384,0,16383,0,65536,65596,True
model.safetensors,wte.weight,15264,32,512,16384,0,16383,0,65536,65596,True
model.safetensors,wte.weight,15296,32,512,16384,0,16382,0,65536,65592,True
model.safetensors,wte.weight,15328,32,512,16384,0,16382,0,65536,65592,True
model.safetensors,wte.weight,15360,32,512,16384,0,16384,0,65536,65600,True
model.safetensors,wte.weight,15392,32,512,16384,0,16382,0,65536,65592,True
model.safetensors,wte.weight,15424,32,512,16384,0,16382,0,65536,65592,True
model.safetensors,wte.weight,15456,32,512,16384,0,16383,0,65536,65596,True
model.safetensors,wte.weight,15488,32,512,16384,0,16383,0,65536,65596,True
model.safetensors,wte.weight,15520,32,512,16384,0,16383,0,65536,65596,True
model.safetensors,wte.weight,15552,32,512,16384,0,16381,0,65536,65588,True
model.safetensors,wte.weight,15584,32,512,16384,0,16383,0,65536,65596,True
model.safetensors,wte.weight,15616,32,512,16384,0,16384,0,65536,65600,True
model.safetensors,wte.weight,15648,32,512,16384,0,16384,0,65536,65600,True
model.safetensors,wte.weight,15680,32,512,16384,0,16382,0,65536,65592,True
model.safetensors,wte.weight,15712,32,512,16384,0,16380,0,65536,65584,True
model.safetensors,wte.weight,15744,32,512,16384,0,16381,0,65536,65588,True
model.safetensors,wte.weight,15776,32,512,16384,0,16384,0,65536,65600,True
model.safetensors,wte.weight,15808,32,512,16384,0,16382,0,65536,65592,True
model.safetensors,wte.weight,15840,32,512,16384,0,16380,0,65536,65584,True
model.safetensors,wte.weight,15872,32,512,16384,0,16382,0,65536,65592,True
model.safetensors,wte.weight,15904,32,512,16384,0,16379,0,65536,65580,True
model.safetensors,wte.weight,15936,32,512,16384,0,16380,0,65536,65584,True
model.safetensors,wte.weight,15968,32,512,16384,0,16384,0,65536,65600,True
model.safetensors,wte.weight,16000,32,512,16384,0,16381,0,65536,65588,True
model.safetensors,wte.weight,16032,32,512,16384,0,16382,0,65536,65592,True
model.safetensors,wte.weight,16064,32,512,16384,0,16382,0,65536,65592,True
model.safetensors,wte.weight,16096,32,512,16384,0,16381,0,65536,65588,True
model.safetensors,wte.weight,16128,32,512,16384,0,16384,0,65536,65600,True
model.safetensors,wte.weight,16160,32,512,16384,0,16382,0,65536,65592,True
model.safetensors,wte.weight,16192,32,512,16384,0,16383,0,65536,65596,True
model.safetensors,wte.weight,16224,32,512,16384,0,16384,0,65536,65600,True
model.safetensors,wte.weight,16256,32,512,16384,0,16383,0,65536,65596,True
model.safetensors,wte.weight,16288,32,512,16384,0,16383,0,65536,65596,True
model.safetensors,wte.weight,16320,32,512,16384,0,16382,0,65536,65592,True
model.safetensors,wte.weight,16352,32,512,16384,0,16382,0,65536,65592,True
model.safetensors,wte.weight,16384,32,512,16384,0,16380,0,65536,65584,True
model.safetensors,wte.weight,16416,32,512,16384,0,16383,0,65536,65596,True
model.safetensors,wte.weight,16448,32,512,16384,0,16382,0,65536,65592,True
model.safetensors,wte.weight,16480,32,512,16384,0,16383,0,65536,65596,True
model.safetensors,wte.weight,16512,32,512,16384,0,16383,0,65536,65596,True
model.safetensors,wte.weight,16544,32,512,16384,0,16380,0,65536,65584,True
model.safetensors,wte.weight,16576,32,512,16384,0,16382,0,65536,65592,True
model.safetensors,wte.weight,16608,32,512,16384,0,16379,0,65536,65580,True
model.safetensors,wte.weight,16640,32,512,16384,0,16383,0,65536,65596,True
model.safetensors,wte.weight,16672,32,512,16384,0,16384,0,65536,65600,True
model.safetensors,wte.weight,16704,32,512,16384,0,16383,0,65536,65596,True
model.safetensors,wte.weight,16736,32,512,16384,0,16383,0,65536,65596,True
model.safetensors,wte.weight,16768,32,512,16384,0,16383,0,65536,65596,True
model.safetensors,wte.weight,16800,32,512,16384,0,16378,0,65536,65576,True
model.safetensors,wte.weight,16832,32,512,16384,0,16379,0,65536,65580,True
model.safetensors,wte.weight,16864,32,512,16384,0,16382,0,65536,65592,True
model.safetensors,wte.weight,16896,32,512,16384,0,16383,0,65536,65596,True
model.safetensors,wte.weight,16928,32,512,16384,0,16383,0,65536,65596,True
model.safetensors,wte.weight,16960,32,512,16384,0,16381,0,65536,65588,True
model.safetensors,wte.weight,16992,32,512,16384,0,16383,0,65536,65596,True
model.safetensors,wte.weight,17024,32,512,16384,0,16383,0,65536,65596,True
model.safetensors,wte.weight,17056,32,512,16384,0,16380,0,65536,65584,True
model.safetensors,wte.weight,17088,32,512,16384,0,16380,0,65536,65584,True
model.safetensors,wte.weight,17120,32,512,16384,0,16381,0,65536,65588,True
model.safetensors,wte.weight,17152,32,512,16384,0,16383,0,65536,65596,True
model.safetensors,wte.weight,17184,32,512,16384,0,16383,0,65536,65596,True
model.safetensors,wte.weight,17216,32,512,16384,0,16379,0,65536,65580,True
model.safetensors,wte.weight,17248,32,512,16384,0,16381,0,65536,65588,True
model.safetensors,wte.weight,17280,32,512,16384,0,16379,0,65536,65580,True
model.safetensors,wte.weight,17312,32,512,16384,0,16382,0,65536,65592,True
model.safetensors,wte.weight,17344,32,512,16384,0,16381,0,65536,65588,True
model.safetensors,wte.weight,17376,32,512,16384,0,16383,0,65536,65596,True
model.safetensors,wte.weight,17408,32,512,16384,0,16381,0,65536,65588,True
model.safetensors,wte.weight,17440,32,512,16384,0,16384,0,65536,65600,True
model.safetensors,wte.weight,17472,32,512,16384,0,16380,0,65536,65584,True
model.safetensors,wte.weight,17504,32,512,16384,0,16380,0,65536,65584,True
model.safetensors,wte.weight,17536,32,512,16384,0,16381,0,65536,65588,True
model.safetensors,wte.weight,17568,32,512,16384,0,16381,0,65536,65588,True
model.safetensors,wte.weight,17600,32,512,16384,0,16383,0,65536,65596,True
model.safetensors,wte.weight,17632,32,512,16384,0,16384,0,65536,65600,True
model.safetensors,wte.weight,17664,32,512,16384,0,16384,0,65536,65600,True
model.safetensors,wte.weight,17696,32,512,16384,0,16383,0,65536,65596,True
model.safetensors,wte.weight,17728,32,512,16384,0,16382,0,65536,65592,True
model.safetensors,wte.weight,17760,32,512,16384,0,16381,0,65536,65588,True
model.safetensors,wte.weight,17792,32,512,16384,0,16381,0,65536,65588,True
model.safetensors,wte.weight,17824,32,512,16384,0,16378,0,65536,65576,True
model.safetensors,wte.weight,17856,32,512,16384,0,16383,0,65536,65596,True
model.safetensors,wte.weight,17888,32,512,16384,0,16381,0,65536,65588,True
model.safetensors,wte.weight,17920,32,512,16384,0,16382,0,65536,65592,True
model.safetensors,wte.weight,17952,32,512,16384,0,16382,0,65536,65592,True
model.safetensors,wte.weight,17984,32,512,16384,0,16379,0,65536,65580,True
model.safetensors,wte.weight,18016,32,512,16384,0,16382,0,65536,65592,True
model.safetensors,wte.weight,18048,32,512,16384,0,16382,0,65536,65592,True
model.safetensors,wte.weight,18080,32,512,16384,0,16383,0,65536,65596,True
model.safetensors,wte.weight,18112,32,512,16384,0,16384,0,65536,65600,True
model.safetensors,wte.weight,18144,32,512,16384,0,16378,0,65536,65576,True
model.safetensors,wte.weight,18176,32,512,16384,0,16381,0,65536,65588,True
model.safetensors,wte.weight,18208,32,512,16384,0,16381,0,65536,65588,True
model.safetensors,wte.weight,18240,32,512,16384,0,16382,0,65536,65592,True
model.safetensors,wte.weight,18272,32,512,16384,0,16381,0,65536,65588,True
model.safetensors,wte.weight,18304,32,512,16384,0,16382,0,65536,65592,True
model.safetensors,wte.weight,18336,32,512,16384,0,16383,0,65536,65596,True
model.safetensors,wte.weight,18368,32,512,16384,0,16382,0,65536,65592,True
model.safetensors,wte.weight,18400,32,512,16384,0,16383,0,65536,65596,True
model.safetensors,wte.weight,18432,32,512,16384,0,16382,0,65536,65592,True
model.safetensors,wte.weight,18464,32,512,16384,0,16382,0,65536,65592,True
model.safetensors,wte.weight,18496,32,512,16384,0,16383,0,65536,65596,True
model.safetensors,wte.weight,18528,32,512,16384,0,16382,0,65536,65592,True
model.safetensors,wte.weight,18560,32,512,16384,0,16383,0,65536,65596,True
model.safetensors,wte.weight,18592,32,512,16384,0,16383,0,65536,65596,True
model.safetensors,wte.weight,18624,32,512,16384,0,16381,0,65536,65588,True
model.safetensors,wte.weight,18656,32,512,16384,0,16382,0,65536,65592,True
model.safetensors,wte.weight,18688,32,512,16384,0,16381,0,65536,65588,True
model.safetensors,wte.weight,18720,32,512,16384,0,16384,0,65536,65600,True
model.safetensors,wte.weight,18752,32,512,16384,0,16383,0,65536,65596,True
model.safetensors,wte.weight,18784,32,512,16384,0,16382,0,65536,65592,True
model.safetensors,wte.weight,18816,32,512,16384,0,16381,0,65536,65588,True
model.safetensors,wte.weight,18848,32,512,16384,0,16383,0,65536,65596,True
model.safetensors,wte.weight,18880,32,512,16384,0,16382,0,65536,65592,True
model.safetensors,wte.weight,18912,32,512,16384,0,16377,0,65536,65572,True
model.safetensors,wte.weight,18944,32,512,16384,0,16382,0,65536,65592,True
model.safetensors,wte.weight,18976,32,512,16384,0,16381,0,65536,65588,True
model.safetensors,wte.weight,19008,32,512,16384,0,16383,0,65536,65596,True
model.safetensors,wte.weight,19040,32,512,16384,0,16384,0,65536,65600,True
model.safetensors,wte.weight,19072,32,512,16384,0,16381,0,65536,65588,True
model.safetensors,wte.weight,19104,32,512,16384,0,16382,0,65536,65592,True
model.safetensors,wte.weight,19136,32,512,16384,0,16381,0,65536,65588,True
model.safetensors,wte.weight,19168,32,512,16384,0,16384,0,65536,65600,True
model.safetensors,wte.weight,19200,32,512,16384,0,16382,0,65536,65592,True
model.safetensors,wte.weight,19232,32,512,16384,0,16381,0,65536,65588,True
model.safetensors,wte.weight,19264,32,512,16384,0,16384,0,65536,65600,True
model.safetensors,wte.weight,19296,32,512,16384,0,16382,0,65536,65592,True
model.safetensors,wte.weight,19328,32,512,16384,0,16384,0,65536,65600,True
model.safetensors,wte.weight,19360,32,512,16384,0,16383,0,65536,65596,True
model.safetensors,wte.weight,19392,32,512,16384,0,16383,0,65536,65596,True
model.safetensors,wte.weight,19424,32,512,16384,0,16382,0,65536,65592,True
model.safetensors,wte.weight,19456,32,512,16384,0,16382,0,65536,65592,True
model.safetensors,wte.weight,19488,32,512,16384,0,16382,0,65536,65592,True
model.safetensors,wte.weight,19520,32,512,16384,0,16381,0,65536,65588,True
model.safetensors,wte.weight,19552,32,512,16384,0,16383,0,65536,65596,True
model.safetensors,wte.weight,19584,32,512,16384,0,16380,0,65536,65584,True
model.safetensors,wte.weight,19616,32,512,16384,0,16380,0,65536,65584,True
model.safetensors,wte.weight,19648,32,512,16384,0,16383,0,65536,65596,True
model.safetensors,wte.weight,19680,32,512,16384,0,16384,0,65536,65600,True
model.safetensors,wte.weight,19712,32,512,16384,0,16381,0,65536,65588,True
model.safetensors,wte.weight,19744,32,512,16384,0,16382,0,65536,65592,True
model.safetensors,wte.weight,19776,32,512,16384,0,16384,0,65536,65600,True
model.safetensors,wte.weight,19808,32,512,16384,0,16383,0,65536,65596,True
model.safetensors,wte.weight,19840,32,512,16384,0,16383,0,65536,65596,True
model.safetensors,wte.weight,19872,32,512,16384,0,16380,0,65536,65584,True
model.safetensors,wte.weight,19904,32,512,16384,0,16384,0,65536,65600,True
model.safetensors,wte.weight,19936,32,512,16384,0,16384,0,65536,65600,True
model.safetensors,wte.weight,19968,32,512,16384,0,16382,0,65536,65592,True
model.safetensors,wte.weight,20000,32,512,16384,0,16384,0,65536,65600,True
model.safetensors,wte.weight,20032,32,512,16384,0,16381,0,65536,65588,True
model.safetensors,wte.weight,20064,32,512,16384,0,16383,0,65536,65596,True
model.safetensors,wte.weight,20096,32,512,16384,0,16382,0,65536,65592,True
model.safetensors,wte.weight,20128,32,512,16384,0,16383,0,65536,65596,True
model.safetensors,wte.weight,20160,32,512,16384,0,16383,0,65536,65596,True
model.safetensors,wte.weight,20192,32,512,16384,0,16381,0,65536,65588,True
model.safetensors,wte.weight,20224,32,512,16384,0,16383,0,65536,65596,True
model.safetensors,wte.weight,20256,32,512,16384,0,16381,0,65536,65588,True
model.safetensors,wte.weight,20288,32,512,16384,0,16384,0,65536,65600,True
model.safetensors,wte.weight,20320,32,512,16384,0,16382,0,65536,65592,True
model.safetensors,wte.weight,20352,32,512,16384,0,16380,0,65536,65584,True
model.safetensors,wte.weight,20384,32,512,16384,0,16382,0,65536,65592,True
model.safetensors,wte.weight,20416,32,512,16384,0,16383,0,65536,65596,True
model.safetensors,wte.weight,20448,32,512,16384,0,16382,0,65536,65592,True
model.safetensors,wte.weight,20480,32,512,16384,0,16384,0,65536,65600,True
model.safetensors,wte.weight,20512,32,512,16384,0,16383,0,65536,65596,True
model.safetensors,wte.weight,20544,32,512,16384,0,16383,0,65536,65596,True
model.safetensors,wte.weight,20576,32,512,16384,0,16381,0,65536,65588,True
model.safetensors,wte.weight,20608,32,512,16384,0,16384,0,65536,65600,True
model.safetensors,wte.weight,20640,32,512,16384,0,16384,0,65536,65600,True
model.safetensors,wte.weight,20672,32,512,16384,0,16382,0,65536,65592,True
model.safetensors,wte.weight,20704,32,512,16384,0,16380,0,65536,65584,True
model.safetensors,wte.weight,20736,32,512,16384,0,16382,0,65536,65592,True
model.safetensors,wte.weight,20768,32,512,16384,0,16384,0,65536,65600,True
model.safetensors,wte.weight,20800,32,512,16384,0,16382,0,65536,65592,True
model.safetensors,wte.weight,20832,32,512,16384,0,16382,0,65536,65592,True
model.safetensors,wte.weight,20864,32,512,16384,0,16384,0,65536,65600,True
model.safetensors,wte.weight,20896,32,512,16384,0,16382,0,65536,65592,True
model.safetensors,wte.weight,20928,32,512,16384,0,16382,0,65536,65592,True
model.safetensors,wte.weight,20960,32,512,16384,0,16381,0,65536,65588,True
model.safetensors,wte.weight,20992,32,512,16384,0,16383,0,65536,65596,True
model.safetensors,wte.weight,21024,32,512,16384,0,16381,0,65536,65588,True
model.safetensors,wte.weight,21056,32,512,16384,0,16382,0,65536,65592,True
model.safetensors,wte.weight,21088,32,512,16384,0,16381,0,65536,65588,True
model.safetensors,wte.weight,21120,32,512,16384,0,16383,0,65536,65596,True
model.safetensors,wte.weight,21152,32,512,16384,0,16380,0,65536,65584,True
model.safetensors,wte.weight,21184,32,512,16384,0,16384,0,65536,65600,True
model.safetensors,wte.weight,21216,32,512,16384,0,16383,0,65536,65596,True
model.safetensors,wte.weight,21248,32,512,16384,0,16383,0,65536,65596,True
model.safetensors,wte.weight,21280,32,512,16384,0,16380,0,65536,65584,True
model.safetensors,wte.weight,21312,32,512,16384,0,16384,0,65536,65600,True
model.safetensors,wte.weight,21344,32,512,16384,0,16382,0,65536,65592,True
model.safetensors,wte.weight,21376,32,512,16384,0,16381,0,65536,65588,True
model.safetensors,wte.weight,21408,32,512,16384,0,16380,0,65536,65584,True
model.safetensors,wte.weight,21440,32,512,16384,0,16381,0,65536,65588,True
model.safetensors,wte.weight,21472,32,512,16384,0,16384,0,65536,65600,True
model.safetensors,wte.weight,21504,32,512,16384,0,16383,0,65536,65596,True
model.safetensors,wte.weight,21536,32,512,16384,0,16381,0,65536,65588,True
model.safetensors,wte.weight,21568,32,512,16384,0,16380,0,65536,65584,True
model.safetensors,wte.weight,21600,32,512,16384,0,16381,0,65536,65588,True
model.safetensors,wte.weight,21632,32,512,16384,0,16378,0,65536,65576,True
model.safetensors,wte.weight,21664,32,512,16384,0,16379,0,65536,65580,True
model.safetensors,wte.weight,21696,32,512,16384,0,16384,0,65536,65600,True
model.safetensors,wte.weight,21728,32,512,16384,0,16380,0,65536,65584,True
model.safetensors,wte.weight,21760,32,512,16384,0,16382,0,65536,65592,True
model.safetensors,wte.weight,21792,32,512,16384,0,16382,0,65536,65592,True
model.safetensors,wte.weight,21824,32,512,16384,0,16382,0,65536,65592,True
model.safetensors,wte.weight,21856,32,512,16384,0,16384,0,65536,65600,True
model.safetensors,wte.weight,21888,32,512,16384,0,16382,0,65536,65592,True
model.safetensors,wte.weight,21920,32,512,16384,0,16384,0,65536,65600,True
model.safetensors,wte.weight,21952,32,512,16384,0,16381,0,65536,65588,True
model.safetensors,wte.weight,21984,32,512,16384,0,16379,0,65536,65580,True
model.safetensors,wte.weight,22016,32,512,16384,0,16383,0,65536,65596,True
model.safetensors,wte.weight,22048,32,512,16384,0,16383,0,65536,65596,True
model.safetensors,wte.weight,22080,32,512,16384,0,16382,0,65536,65592,True
model.safetensors,wte.weight,22112,32,512,16384,0,16382,0,65536,65592,True
model.safetensors,wte.weight,22144,32,512,16384,0,16384,0,65536,65600,True
model.safetensors,wte.weight,22176,32,512,16384,0,16380,0,65536,65584,True
model.safetensors,wte.weight,22208,32,512,16384,0,16381,0,65536,65588,True
model.safetensors,wte.weight,22240,32,512,16384,0,16382,0,65536,65592,True
model.safetensors,wte.weight,22272,32,512,16384,0,16381,0,65536,65588,True
model.safetensors,wte.weight,22304,32,512,16384,0,16383,0,65536,65596,True
model.safetensors,wte.weight,22336,32,512,16384,0,16383,0,65536,65596,True
model.safetensors,wte.weight,22368,32,512,16384,0,16384,0,65536,65600,True
model.safetensors,wte.weight,22400,32,512,16384,0,16381,0,65536,65588,True
model.safetensors,wte.weight,22432,32,512,16384,0,16382,0,65536,65592,True
model.safetensors,wte.weight,22464,32,512,16384,0,16382,0,65536,65592,True
model.safetensors,wte.weight,22496,32,512,16384,0,16381,0,65536,65588,True
model.safetensors,wte.weight,22528,32,512,16384,0,16382,0,65536,65592,True
model.safetensors,wte.weight,22560,32,512,16384,0,16382,0,65536,65592,True
model.safetensors,wte.weight,22592,32,512,16384,0,16379,0,65536,65580,True
model.safetensors,wte.weight,22624,32,512,16384,0,16384,0,65536,65600,True
model.safetensors,wte.weight,22656,32,512,16384,0,16384,0,65536,65600,True
model.safetensors,wte.weight,22688,32,512,16384,0,16383,0,65536,65596,True
model.safetensors,wte.weight,22720,32,512,16384,0,16382,0,65536,65592,True
model.safetensors,wte.weight,22752,32,512,16384,0,16381,0,65536,65588,True
model.safetensors,wte.weight,22784,32,512,16384,0,16384,0,65536,65600,True
model.safetensors,wte.weight,22816,32,512,16384,0,16384,0,65536,65600,True
model.safetensors,wte.weight,22848,32,512,16384,0,16382,0,65536,65592,True
model.safetensors,wte.weight,22880,32,512,16384,0,16383,0,65536,65596,True
model.safetensors,wte.weight,22912,32,512,16384,0,16384,0,65536,65600,True
model.safetensors,wte.weight,22944,32,512,16384,0,16383,0,65536,65596,True
model.safetensors,wte.weight,22976,32,512,16384,0,16382,0,65536,65592,True
model.safetensors,wte.weight,23008,32,512,16384,0,16384,0,65536,65600,True
model.safetensors,wte.weight,23040,32,512,16384,0,16381,0,65536,65588,True
model.safetensors,wte.weight,23072,32,512,16384,0,16382,0,65536,65592,True
model.safetensors,wte.weight,23104,32,512,16384,0,16382,0,65536,65592,True
model.safetensors,wte.weight,23136,32,512,16384,0,16384,0,65536,65600,True
model.safetensors,wte.weight,23168,32,512,16384,0,16382,0,65536,65592,True
model.safetensors,wte.weight,23200,32,512,16384,0,16381,0,65536,65588,True
model.safetensors,wte.weight,23232,32,512,16384,0,16381,0,65536,65588,True
model.safetensors,wte.weight,23264,32,512,16384,0,16383,0,65536,65596,True
model.safetensors,wte.weight,23296,32,512,16384,0,16383,0,65536,65596,True
model.safetensors,wte.weight,23328,32,512,16384,0,16382,0,65536,65592,True
model.safetensors,wte.weight,23360,32,512,16384,0,16384,0,65536,65600,True
model.safetensors,wte.weight,23392,32,512,16384,0,16382,0,65536,65592,True
model.safetensors,wte.weight,23424,32,512,16384,0,16381,0,65536,65588,True
model.safetensors,wte.weight,23456,32,512,16384,0,16383,0,65536,65596,True
model.safetensors,wte.weight,23488,32,512,16384,0,16383,0,65536,65596,True
model.safetensors,wte.weight,23520,32,512,16384,0,16384,0,65536,65600,True
model.safetensors,wte.weight,23552,32,512,16384,0,16381,0,65536,65588,True
model.safetensors,wte.weight,23584,32,512,16384,0,16382,0,65536,65592,True
model.safetensors,wte.weight,23616,32,512,16384,0,16384,0,65536,65600,True
model.safetensors,wte.weight,23648,32,512,16384,0,16383,0,65536,65596,True
model.safetensors,wte.weight,23680,32,512,16384,0,16383,0,65536,65596,True
model.safetensors,wte.weight,23712,32,512,16384,0,16382,0,65536,65592,True
model.safetensors,wte.weight,23744,32,512,16384,0,16381,0,65536,65588,True
model.safetensors,wte.weight,23776,32,512,16384,0,16383,0,65536,65596,True
model.safetensors,wte.weight,23808,32,512,16384,0,16384,0,65536,65600,True
model.safetensors,wte.weight,23840,32,512,16384,0,16379,0,65536,65580,True
model.safetensors,wte.weight,23872,32,512,16384,0,16380,0,65536,65584,True
model.safetensors,wte.weight,23904,32,512,16384,0,16381,0,65536,65588,True
model.safetensors,wte.weight,23936,32,512,16384,0,16383,0,65536,65596,True
model.safetensors,wte.weight,23968,32,512,16384,0,16384,0,65536,65600,True
model.safetensors,wte.weight,24000,32,512,16384,0,16381,0,65536,65588,True
model.safetensors,wte.weight,24032,32,512,16384,0,16381,0,65536,65588,True
model.safetensors,wte.weight,24064,32,512,16384,0,16379,0,65536,65580,True
model.safetensors,wte.weight,24096,32,512,16384,0,16381,0,65536,65588,True
model.safetensors,wte.weight,24128,32,512,16384,0,16383,0,65536,65596,True
model.safetensors,wte.weight,24160,32,512,16384,0,16382,0,65536,65592,True
model.safetensors,wte.weight,24192,32,512,16384,0,16379,0,65536,65580,True
model.safetensors,wte.weight,24224,32,512,16384,0,16380,0,65536,65584,True
model.safetensors,wte.weight,24256,32,512,16384,0,16382,0,65536,65592,True
model.safetensors,wte.weight,24288,32,512,16384,0,16381,0,65536,65588,True
model.safetensors,wte.weight,24320,32,512,16384,0,16383,0,65536,65596,True
model.safetensors,wte.weight,24352,32,512,16384,0,16382,0,65536,65592,True
model.safetensors,wte.weight,24384,32,512,16384,0,16382,0,65536,65592,True
model.safetensors,wte.weight,24416,32,512,16384,0,16381,0,65536,65588,True
model.safetensors,wte.weight,24448,32,512,16384,0,16380,0,65536,65584,True
model.safetensors,wte.weight,24480,32,512,16384,0,16383,0,65536,65596,True
model.safetensors,wte.weight,24512,32,512,16384,0,16382,0,65536,65592,True
model.safetensors,wte.weight,24544,32,512,16384,0,16383,0,65536,65596,True
model.safetensors,wte.weight,24576,32,512,16384,0,16384,0,65536,65600,True
model.safetensors,wte.weight,24608,32,512,16384,0,16382,0,65536,65592,True
model.safetensors,wte.weight,24640,32,512,16384,0,16384,0,65536,65600,True
model.safetensors,wte.weight,24672,32,512,16384,0,16382,0,65536,65592,True
model.safetensors,wte.weight,24704,32,512,16384,0,16383,0,65536,65596,True
model.safetensors,wte.weight,24736,32,512,16384,0,16381,0,65536,65588,True
model.safetensors,wte.weight,24768,32,512,16384,0,16384,0,65536,65600,True
model.safetensors,wte.weight,24800,32,512,16384,0,16380,0,65536,65584,True
model.safetensors,wte.weight,24832,32,512,16384,0,16380,0,65536,65584,True
model.safetensors,wte.weight,24864,32,512,16384,0,16384,0,65536,65600,True
model.safetensors,wte.weight,24896,32,512,16384,0,16382,0,65536,65592,True
model.safetensors,wte.weight,24928,32,512,16384,0,16378,0,65536,65576,True
model.safetensors,wte.weight,24960,32,512,16384,0,16383,0,65536,65596,True
model.safetensors,wte.weight,24992,32,512,16384,0,16382,0,65536,65592,True
model.safetensors,wte.weight,25024,32,512,16384,0,16382,0,65536,65592,True
model.safetensors,wte.weight,25056,32,512,16384,0,16382,0,65536,65592,True
model.safetensors,wte.weight,25088,32,512,16384,0,16378,0,65536,65576,True
model.safetensors,wte.weight,25120,32,512,16384,0,16383,0,65536,65596,True
model.safetensors,wte.weight,25152,32,512,16384,0,16382,0,65536,65592,True
model.safetensors,wte.weight,25184,32,512,16384,0,16383,0,65536,65596,True
model.safetensors,wte.weight,25216,32,512,16384,0,16381,0,65536,65588,True
model.safetensors,wte.weight,25248,32,512,16384,0,16382,0,65536,65592,True
model.safetensors,wte.weight,25280,32,512,16384,0,16382,0,65536,65592,True
model.safetensors,wte.weight,25312,32,512,16384,0,16380,0,65536,65584,True
model.safetensors,wte.weight,25344,32,512,16384,0,16380,0,65536,65584,True
model.safetensors,wte.weight,25376,32,512,16384,0,16382,0,65536,65592,True
model.safetensors,wte.weight,25408,32,512,16384,0,16383,0,65536,65596,True
model.safetensors,wte.weight,25440,32,512,16384,0,16381,0,65536,65588,True
model.safetensors,wte.weight,25472,32,512,16384,0,16383,0,65536,65596,True
model.safetensors,wte.weight,25504,32,512,16384,0,16382,0,65536,65592,True
model.safetensors,wte.weight,25536,32,512,16384,0,16382,0,65536,65592,True
model.safetensors,wte.weight,25568,32,512,16384,0,16383,0,65536,65596,True
model.safetensors,wte.weight,25600,32,512,16384,0,16384,0,65536,65600,True
model.safetensors,wte.weight,25632,32,512,16384,0,16383,0,65536,65596,True
model.safetensors,wte.weight,25664,32,512,16384,0,16380,0,65536,65584,True
model.safetensors,wte.weight,25696,32,512,16384,0,16384,0,65536,65600,True
model.safetensors,wte.weight,25728,32,512,16384,0,16383,0,65536,65596,True
model.safetensors,wte.weight,25760,32,512,16384,0,16382,0,65536,65592,True
model.safetensors,wte.weight,25792,32,512,16384,0,16384,0,65536,65600,True
model.safetensors,wte.weight,25824,32,512,16384,0,16382,0,65536,65592,True
model.safetensors,wte.weight,25856,32,512,16384,0,16384,0,65536,65600,True
model.safetensors,wte.weight,25888,32,512,16384,0,16378,0,65536,65576,True
model.safetensors,wte.weight,25920,32,512,16384,0,16383,0,65536,65596,True
model.safetensors,wte.weight,25952,32,512,16384,0,16382,0,65536,65592,True
model.safetensors,wte.weight,25984,32,512,16384,0,16380,0,65536,65584,True
model.safetensors,wte.weight,26016,32,512,16384,0,16381,0,65536,65588,True
model.safetensors,wte.weight,26048,32,512,16384,0,16382,0,65536,65592,True
model.safetensors,wte.weight,26080,32,512,16384,0,16382,0,65536,65592,True
model.safetensors,wte.weight,26112,32,512,16384,0,16379,0,65536,65580,True
model.safetensors,wte.weight,26144,32,512,16384,0,16383,0,65536,65596,True
model.safetensors,wte.weight,26176,32,512,16384,0,16383,0,65536,65596,True
model.safetensors,wte.weight,26208,32,512,16384,0,16381,0,65536,65588,True
model.safetensors,wte.weight,26240,32,512,16384,0,16381,0,65536,65588,True
model.safetensors,wte.weight,26272,32,512,16384,0,16380,0,65536,65584,True
model.safetensors,wte.weight,26304,32,512,16384,0,16382,0,65536,65592,True
model.safetensors,wte.weight,26336,32,512,16384,0,16381,0,65536,65588,True
model.safetensors,wte.weight,26368,32,512,16384,0,16381,0,65536,65588,True
model.safetensors,wte.weight,26400,32,512,16384,0,16382,0,65536,65592,True
model.safetensors,wte.weight,26432,32,512,16384,0,16381,0,65536,65588,True
model.safetensors,wte.weight,26464,32,512,16384,0,16382,0,65536,65592,True
model.safetensors,wte.weight,26496,32,512,16384,0,16380,0,65536,65584,True
model.safetensors,wte.weight,26528,32,512,16384,0,16382,0,65536,65592,True
model.safetensors,wte.weight,26560,32,512,16384,0,16382,0,65536,65592,True
model.safetensors,wte.weight,26592,32,512,16384,0,16383,0,65536,65596,True
model.safetensors,wte.weight,26624,32,512,16384,0,16383,0,65536,65596,True
model.safetensors,wte.weight,26656,32,512,16384,0,16383,0,65536,65596,True
model.safetensors,wte.weight,26688,32,512,16384,0,16382,0,65536,65592,True
model.safetensors,wte.weight,26720,32,512,16384,0,16381,0,65536,65588,True
model.safetensors,wte.weight,26752,32,512,16384,0,16383,0,65536,65596,True
model.safetensors,wte.weight,26784,32,512,16384,0,16382,0,65536,65592,True
model.safetensors,wte.weight,26816,32,512,16384,0,16381,0,65536,65588,True
model.safetensors,wte.weight,26848,32,512,16384,0,16380,0,65536,65584,True
model.safetensors,wte.weight,26880,32,512,16384,0,16379,0,65536,65580,True
model.safetensors,wte.weight,26912,32,512,16384,0,16382,0,65536,65592,True
model.safetensors,wte.weight,26944,32,512,16384,0,16382,0,65536,65592,True
model.safetensors,wte.weight,26976,32,512,16384,0,16383,0,65536,65596,True
model.safetensors,wte.weight,27008,32,512,16384,0,16383,0,65536,65596,True
model.safetensors,wte.weight,27040,32,512,16384,0,16384,0,65536,65600,True
model.safetensors,wte.weight,27072,32,512,16384,0,16381,0,65536,65588,True
model.safetensors,wte.weight,27104,32,512,16384,0,16381,0,65536,65588,True
model.safetensors,wte.weight,27136,32,512,16384,0,16380,0,65536,65584,True
model.safetensors,wte.weight,27168,32,512,16384,0,16382,0,65536,65592,True
model.safetensors,wte.weight,27200,32,512,16384,0,16381,0,65536,65588,True
model.safetensors,wte.weight,27232,32,512,16384,0,16382,0,65536,65592,True
model.safetensors,wte.weight,27264,32,512,16384,0,16381,0,65536,65588,True
model.safetensors,wte.weight,27296,32,512,16384,0,16381,0,65536,65588,True
model.safetensors,wte.weight,27328,32,512,16384,0,16382,0,65536,65592,True
model.safetensors,wte.weight,27360,32,512,16384,0,16383,0,65536,65596,True
model.safetensors,wte.weight,27392,32,512,16384,0,16383,0,65536,65596,True
model.safetensors,wte.weight,27424,32,512,16384,0,16384,0,65536,65600,True
model.safetensors,wte.weight,27456,32,512,16384,0,16383,0,65536,65596,True
model.safetensors,wte.weight,27488,32,512,16384,0,16381,0,65536,65588,True
model.safetensors,wte.weight,27520,32,512,16384,0,16382,0,65536,65592,True
model.safetensors,wte.weight,27552,32,512,16384,0,16382,0,65536,65592,True
model.safetensors,wte.weight,27584,32,512,16384,0,16383,0,65536,65596,True
model.safetensors,wte.weight,27616,32,512,16384,0,16381,0,65536,65588,True
model.safetensors,wte.weight,27648,32,512,16384,0,16381,0,65536,65588,True
model.safetensors,wte.weight,27680,32,512,16384,0,16383,0,65536,65596,True
model.safetensors,wte.weight,27712,32,512,16384,0,16383,0,65536,65596,True
model.safetensors,wte.weight,27744,32,512,16384,0,16384,0,65536,65600,True
model.safetensors,wte.weight,27776,32,512,16384,0,16382,0,65536,65592,True
model.safetensors,wte.weight,27808,32,512,16384,0,16380,0,65536,65584,True
model.safetensors,wte.weight,27840,32,512,16384,0,16383,0,65536,65596,True
model.safetensors,wte.weight,27872,32,512,16384,0,16382,0,65536,65592,True
model.safetensors,wte.weight,27904,32,512,16384,0,16382,0,65536,65592,True
model.safetensors,wte.weight,27936,32,512,16384,0,16384,0,65536,65600,True
model.safetensors,wte.weight,27968,32,512,16384,0,16382,0,65536,65592,True
model.safetensors,wte.weight,28000,32,512,16384,0,16379,0,65536,65580,True
model.safetensors,wte.weight,28032,32,512,16384,0,16381,0,65536,65588,True
model.safetensors,wte.weight,28064,32,512,16384,0,16382,0,65536,65592,True
model.safetensors,wte.weight,28096,32,512,16384,0,16381,0,65536,65588,True
model.safetensors,wte.weight,28128,32,512,16384,0,16383,0,65536,65596,True
model.safetensors,wte.weight,28160,32,512,16384,0,16382,0,65536,65592,True
model.safetensors,wte.weight,28192,32,512,16384,0,16381,0,65536,65588,True
model.safetensors,wte.weight,28224,32,512,16384,0,16381,0,65536,65588,True
model.safetensors,wte.weight,28256,32,512,16384,0,16384,0,65536,65600,True
model.safetensors,wte.weight,28288,32,512,16384,0,16382,0,65536,65592,True
model.safetensors,wte.weight,28320,32,512,16384,0,16382,0,65536,65592,True
model.safetensors,wte.weight,28352,32,512,16384,0,16382,0,65536,65592,True
model.safetensors,wte.weight,28384,32,512,16384,0,16380,0,65536,65584,True
model.safetensors,wte.weight,28416,32,512,16384,0,16382,0,65536,65592,True
model.safetensors,wte.weight,28448,32,512,16384,0,16379,0,65536,65580,True
model.safetensors,wte.weight,28480,32,512,16384,0,16379,0,65536,65580,True
model.safetensors,wte.weight,28512,32,512,16384,0,16381,0,65536,65588,True
model.safetensors,wte.weight,28544,32,512,16384,0,16384,0,65536,65600,True
model.safetensors,wte.weight,28576,32,512,16384,0,16380,0,65536,65584,True
model.safetensors,wte.weight,28608,32,512,16384,0,16384,0,65536,65600,True
model.safetensors,wte.weight,28640,32,512,16384,0,16380,0,65536,65584,True
model.safetensors,wte.weight,28672,32,512,16384,0,16383,0,65536,65596,True
model.safetensors,wte.weight,28704,32,512,16384,0,16383,0,65536,65596,True
model.safetensors,wte.weight,28736,32,512,16384,0,16384,0,65536,65600,True
model.safetensors,wte.weight,28768,32,512,16384,0,16382,0,65536,65592,True
model.safetensors,wte.weight,28800,32,512,16384,0,16378,0,65536,65576,True
model.safetensors,wte.weight,28832,32,512,16384,0,16383,0,65536,65596,True
model.safetensors,wte.weight,28864,32,512,16384,0,16380,0,65536,65584,True
model.safetensors,wte.weight,28896,32,512,16384,0,16382,0,65536,65592,True
model.safetensors,wte.weight,28928,32,512,16384,0,16380,0,65536,65584,True
model.safetensors,wte.weight,28960,32,512,16384,0,16382,0,65536,65592,True
model.safetensors,wte.weight,28992,32,512,16384,0,16384,0,65536,65600,True
model.safetensors,wte.weight,29024,32,512,16384,0,16384,0,65536,65600,True
model.safetensors,wte.weight,29056,32,512,16384,0,16383,0,65536,65596,True
model.safetensors,wte.weight,29088,32,512,16384,0,16382,0,65536,65592,True
model.safetensors,wte.weight,29120,32,512,16384,0,16383,0,65536,65596,True
model.safetensors,wte.weight,29152,32,512,16384,0,16383,0,65536,65596,True
model.safetensors,wte.weight,29184,32,512,16384,0,16382,0,65536,65592,True
model.safetensors,wte.weight,29216,32,512,16384,0,16383,0,65536,65596,True
model.safetensors,wte.weight,29248,32,512,16384,0,16382,0,65536,65592,True
model.safetensors,wte.weight,29280,32,512,16384,0,16383,0,65536,65596,True
model.safetensors,wte.weight,29312,32,512,16384,0,16380,0,65536,65584,True
model.safetensors,wte.weight,29344,32,512,16384,0,16383,0,65536,65596,True
model.safetensors,wte.weight,29376,32,512,16384,0,16383,0,65536,65596,True
model.safetensors,wte.weight,29408,32,512,16384,0,16384,0,65536,65600,True
model.safetensors,wte.weight,29440,32,512,16384,0,16382,0,65536,65592,True
model.safetensors,wte.weight,29472,32,512,16384,0,16383,0,65536,65596,True
model.safetensors,wte.weight,29504,32,512,16384,0,16381,0,65536,65588,True
model.safetensors,wte.weight,29536,32,512,16384,0,16382,0,65536,65592,True
model.safetensors,wte.weight,29568,32,512,16384,0,16383,0,65536,65596,True
model.safetensors,wte.weight,29600,32,512,16384,0,16383,0,65536,65596,True
model.safetensors,wte.weight,29632,32,512,16384,0,16382,0,65536,65592,True
model.safetensors,wte.weight,29664,32,512,16384,0,16383,0,65536,65596,True
model.safetensors,wte.weight,29696,32,512,16384,0,16383,0,65536,65596,True
model.safetensors,wte.weight,29728,32,512,16384,0,16381,0,65536,65588,True
model.safetensors,wte.weight,29760,32,512,16384,0,16383,0,65536,65596,True
model.safetensors,wte.weight,29792,32,512,16384,0,16382,0,65536,65592,True
model.safetensors,wte.weight,29824,32,512,16384,0,16381,0,65536,65588,True
model.safetensors,wte.weight,29856,32,512,16384,0,16381,0,65536,65588,True
model.safetensors,wte.weight,29888,32,512,16384,0,16381,0,65536,65588,True
model.safetensors,wte.weight,29920,32,512,16384,0,16381,0,65536,65588,True
model.safetensors,wte.weight,29952,32,512,16384,0,16383,0,65536,65596,True
model.safetensors,wte.weight,29984,32,512,16384,0,16384,0,65536,65600,True
model.safetensors,wte.weight,30016,32,512,16384,0,16382,0,65536,65592,True
model.safetensors,wte.weight,30048,32,512,16384,0,16384,0,65536,65600,True
model.safetensors,wte.weight,30080,32,512,16384,0,16383,0,65536,65596,True
model.safetensors,wte.weight,30112,32,512,16384,0,16381,0,65536,65588,True
model.safetensors,wte.weight,30144,32,512,16384,0,16383,0,65536,65596,True
model.safetensors,wte.weight,30176,32,512,16384,0,16383,0,65536,65596,True
model.safetensors,wte.weight,30208,32,512,16384,0,16384,0,65536,65600,True
model.safetensors,wte.weight,30240,32,512,16384,0,16382,0,65536,65592,True
model.safetensors,wte.weight,30272,32,512,16384,0,16382,0,65536,65592,True
model.safetensors,wte.weight,30304,32,512,16384,0,16381,0,65536,65588,True
model.safetensors,wte.weight,30336,32,512,16384,0,16383,0,65536,65596,True
model.safetensors,wte.weight,30368,32,512,16384,0,16383,0,65536,65596,True
model.safetensors,wte.weight,30400,32,512,16384,0,16380,0,65536,65584,True
model.safetensors,wte.weight,30432,32,512,16384,0,16382,0,65536,65592,True
model.safetensors,wte.weight,30464,32,512,16384,0,16379,0,65536,65580,True
model.safetensors,wte.weight,30496,32,512,16384,0,16381,0,65536,65588,True
model.safetensors,wte.weight,30528,32,512,16384,0,16381,0,65536,65588,True
model.safetensors,wte.weight,30560,32,512,16384,0,16383,0,65536,65596,True
model.safetensors,wte.weight,30592,32,512,16384,0,16384,0,65536,65600,True
model.safetensors,wte.weight,30624,32,512,16384,0,16382,0,65536,65592,True
model.safetensors,wte.weight,30656,32,512,16384,0,16382,0,65536,65592,True
model.safetensors,wte.weight,30688,32,512,16384,0,16383,0,65536,65596,True
model.safetensors,wte.weight,30720,32,512,16384,0,16384,0,65536,65600,True
model.safetensors,wte.weight,30752,32,512,16384,0,16384,0,65536,65600,True
model.safetensors,wte.weight,30784,32,512,16384,0,16379,0,65536,65580,True
model.safetensors,wte.weight,30816,32,512,16384,0,16384,0,65536,65600,True
model.safetensors,wte.weight,30848,32,512,16384,0,16381,0,65536,65588,True
model.safetensors,wte.weight,30880,32,512,16384,0,16379,0,65536,65580,True
model.safetensors,wte.weight,30912,32,512,16384,0,16379,0,65536,65580,True
model.safetensors,wte.weight,30944,32,512,16384,0,16382,0,65536,65592,True
model.safetensors,wte.weight,30976,32,512,16384,0,16381,0,65536,65588,True
model.safetensors,wte.weight,31008,32,512,16384,0,16384,0,65536,65600,True
model.safetensors,wte.weight,31040,32,512,16384,0,16383,0,65536,65596,True
model.safetensors,wte.weight,31072,32,512,16384,0,16380,0,65536,65584,True
model.safetensors,wte.weight,31104,32,512,16384,0,16379,0,65536,65580,True
model.safetensors,wte.weight,31136,32,512,16384,0,16381,0,65536,65588,True
model.safetensors,wte.weight,31168,32,512,16384,0,16383,0,65536,65596,True
model.safetensors,wte.weight,31200,32,512,16384,0,16381,0,65536,65588,True
model.safetensors,wte.weight,31232,32,512,16384,0,16384,0,65536,65600,True
model.safetensors,wte.weight,31264,32,512,16384,0,16382,0,65536,65592,True
model.safetensors,wte.weight,31296,32,512,16384,0,16382,0,65536,65592,True
model.safetensors,wte.weight,31328,32,512,16384,0,16382,0,65536,65592,True
model.safetensors,wte.weight,31360,32,512,16384,0,16382,0,65536,65592,True
model.safetensors,wte.weight,31392,32,512,16384,0,16383,0,65536,65596,True
model.safetensors,wte.weight,31424,32,512,16384,0,16382,0,65536,65592,True
model.safetensors,wte.weight,31456,32,512,16384,0,16382,0,65536,65592,True
model.safetensors,wte.weight,31488,32,512,16384,0,16380,0,65536,65584,True
model.safetensors,wte.weight,31520,32,512,16384,0,16381,0,65536,65588,True
model.safetensors,wte.weight,31552,32,512,16384,0,16383,0,65536,65596,True
model.safetensors,wte.weight,31584,32,512,16384,0,16381,0,65536,65588,True
model.safetensors,wte.weight,31616,32,512,16384,0,16377,0,65536,65572,True
model.safetensors,wte.weight,31648,32,512,16384,0,16382,0,65536,65592,True
model.safetensors,wte.weight,31680,32,512,16384,0,16382,0,65536,65592,True
model.safetensors,wte.weight,31712,32,512,16384,0,16381,0,65536,65588,True
model.safetensors,wte.weight,31744,32,512,16384,0,16382,0,65536,65592,True
model.safetensors,wte.weight,31776,32,512,16384,0,16383,0,65536,65596,True
model.safetensors,wte.weight,31808,32,512,16384,0,16384,0,65536,65600,True
model.safetensors,wte.weight,31840,32,512,16384,0,16379,0,65536,65580,True
model.safetensors,wte.weight,31872,32,512,16384,0,16381,0,65536,65588,True
model.safetensors,wte.weight,31904,32,512,16384,0,16384,0,65536,65600,True
model.safetensors,wte.weight,31936,32,512,16384,0,16382,0,65536,65592,True
model.safetensors,wte.weight,31968,32,512,16384,0,16384,0,65536,65600,True
model.safetensors,wte.weight,32000,32,512,16384,0,16384,0,65536,65600,True
model.safetensors,wte.weight,32032,32,512,16384,0,16384,0,65536,65600,True
model.safetensors,wte.weight,32064,32,512,16384,0,16380,0,65536,65584,True
model.safetensors,wte.weight,32096,32,512,16384,0,16380,0,65536,65584,True
model.safetensors,wte.weight,32128,32,512,16384,0,16382,0,65536,65592,True
model.safetensors,wte.weight,32160,32,512,16384,0,16384,0,65536,65600,True
model.safetensors,wte.weight,32192,32,512,16384,0,16383,0,65536,65596,True
model.safetensors,wte.weight,32224,32,512,16384,0,16379,0,65536,65580,True
model.safetensors,wte.weight,32256,32,512,16384,0,16380,0,65536,65584,True
model.safetensors,wte.weight,32288,32,512,16384,0,16382,0,65536,65592,True
model.safetensors,wte.weight,32320,32,512,16384,0,16381,0,65536,65588,True
model.safetensors,wte.weight,32352,32,512,16384,0,16381,0,65536,65588,True
model.safetensors,wte.weight,32384,32,512,16384,0,16383,0,65536,65596,True
model.safetensors,wte.weight,32416,32,512,16384,0,16381,0,65536,65588,True
model.safetensors,wte.weight,32448,32,512,16384,0,16380,0,65536,65584,True
model.safetensors,wte.weight,32480,32,512,16384,0,16381,0,65536,65588,True
model.safetensors,wte.weight,32512,32,512,16384,0,16382,0,65536,65592,True
model.safetensors,wte.weight,32544,32,512,16384,0,16383,0,65536,65596,True
model.safetensors,wte.weight,32576,32,512,16384,0,16381,0,65536,65588,True
model.safetensors,wte.weight,32608,32,512,16384,0,16384,0,65536,65600,True
model.safetensors,wte.weight,32640,32,512,16384,0,16381,0,65536,65588,True
model.safetensors,wte.weight,32672,32,512,16384,0,16383,0,65536,65596,True
model.safetensors,wte.weight,32704,32,512,16384,0,16383,0,65536,65596,True
model.safetensors,wte.weight,32736,32,512,16384,0,16380,0,65536,65584,True
