step,path,raw_bytes,resident_bytes,mode,encode_seconds
0,wte.weight.m,67108864,9059805,GRAMMAR,0.14967891600099392
0,wte.weight.v,67108864,9057953,GRAMMAR,0.14368950002244674
0,blocks.0.attn.c_q.weight.buf,1048576,889,GRAMMAR,0.000698582996847108
0,blocks.0.attn.c_k.weight.buf,1048576,889,GRAMMAR,0.0005907079903408885
0,blocks.0.attn.c_v.weight.buf,1048576,889,GRAMMAR,0.0005790829891338944
0,blocks.0.attn.c_proj.weight.buf,1048576,1049401,RAW,0.027142750011989847
0,blocks.0.mlp.c_fc.weight.buf,4194304,2341,GRAMMAR,0.0027062919980380684
0,blocks.0.mlp.c_proj.weight.buf,4194304,4195129,RAW,0.0974197500036098
0,blocks.1.attn.c_q.weight.buf,1048576,889,GRAMMAR,0.0006125409854575992
0,blocks.1.attn.c_k.weight.buf,1048576,889,GRAMMAR,0.0006032079982105643
0,blocks.1.attn.c_v.weight.buf,1048576,889,GRAMMAR,0.0005793340096715838
0,blocks.1.attn.c_proj.weight.buf,1048576,1049401,RAW,0.020255207986338064
0,blocks.1.attn.ve_gate.weight.buf,512,1022,RAW,2.166701597161591e-05
0,blocks.1.mlp.c_fc.weight.buf,4194304,2341,GRAMMAR,0.00249854099820368
0,blocks.1.mlp.c_proj.weight.buf,4194304,4195129,RAW,0.11998183297691867
0,blocks.2.attn.c_q.weight.buf,1048576,889,GRAMMAR,0.0006370410264935344
0,blocks.2.attn.c_k.weight.buf,1048576,889,GRAMMAR,0.0006045839982107282
0,blocks.2.attn.c_v.weight.buf,1048576,889,GRAMMAR,0.0005948339821770787
0,blocks.2.attn.c_proj.weight.buf,1048576,1049401,RAW,0.02033425000263378
0,blocks.2.mlp.c_fc.weight.buf,4194304,2341,GRAMMAR,0.0026295419957023114
0,blocks.2.mlp.c_proj.weight.buf,4194304,4195129,RAW,0.10589287499897182
0,blocks.3.attn.c_q.weight.buf,1048576,889,GRAMMAR,0.000746333011193201
0,blocks.3.attn.c_k.weight.buf,1048576,889,GRAMMAR,0.0006022079905960709
0,blocks.3.attn.c_v.weight.buf,1048576,889,GRAMMAR,0.0006101659964770079
0,blocks.3.attn.c_proj.weight.buf,1048576,1049401,RAW,0.020141083019552752
0,blocks.3.attn.ve_gate.weight.buf,512,1022,RAW,2.112501533702016e-05
0,blocks.3.mlp.c_fc.weight.buf,4194304,2341,GRAMMAR,0.0024780830135568976
0,blocks.3.mlp.c_proj.weight.buf,4194304,4195129,RAW,0.10704720800276846
0,blocks.4.attn.c_q.weight.buf,1048576,889,GRAMMAR,0.0007497089973185211
0,blocks.4.attn.c_k.weight.buf,1048576,889,GRAMMAR,0.0006002919981256127
0,blocks.4.attn.c_v.weight.buf,1048576,889,GRAMMAR,0.000610624992987141
0,blocks.4.attn.c_proj.weight.buf,1048576,1049401,RAW,0.021113666996825486
0,blocks.4.mlp.c_fc.weight.buf,4194304,2341,GRAMMAR,0.0024638329923618585
0,blocks.4.mlp.c_proj.weight.buf,4194304,4195129,RAW,0.09325233299750835
0,blocks.5.attn.c_q.weight.buf,1048576,889,GRAMMAR,0.0005935830122325569
0,blocks.5.attn.c_k.weight.buf,1048576,889,GRAMMAR,0.000571165990550071
0,blocks.5.attn.c_v.weight.buf,1048576,889,GRAMMAR,0.0005781670042779297
0,blocks.5.attn.c_proj.weight.buf,1048576,1049401,RAW,0.021270041004754603
0,blocks.5.attn.ve_gate.weight.buf,512,1022,RAW,6.833299994468689e-05
0,blocks.5.mlp.c_fc.weight.buf,4194304,2341,GRAMMAR,0.002642582985572517
0,blocks.5.mlp.c_proj.weight.buf,4194304,4195129,RAW,0.10031224999693222
0,blocks.6.attn.c_q.weight.buf,1048576,889,GRAMMAR,0.0006785420118831098
0,blocks.6.attn.c_k.weight.buf,1048576,889,GRAMMAR,0.0006209169805515558
0,blocks.6.attn.c_v.weight.buf,1048576,889,GRAMMAR,0.0011415000190027058
0,blocks.6.attn.c_proj.weight.buf,1048576,1049401,RAW,0.02104362499085255
0,blocks.6.mlp.c_fc.weight.buf,4194304,2341,GRAMMAR,0.002687917003640905
0,blocks.6.mlp.c_proj.weight.buf,4194304,4195129,RAW,0.09437658300157636
0,blocks.7.attn.c_q.weight.buf,1048576,889,GRAMMAR,0.0005883330013602972
0,blocks.7.attn.c_k.weight.buf,1048576,889,GRAMMAR,0.0005559159908443689
0,blocks.7.attn.c_v.weight.buf,1048576,889,GRAMMAR,0.0005717079911846668
0,blocks.7.attn.c_proj.weight.buf,1048576,1049401,RAW,0.026108958991244435
0,blocks.7.attn.ve_gate.weight.buf,512,1022,RAW,3.1333998776972294e-05
0,blocks.7.mlp.c_fc.weight.buf,4194304,2341,GRAMMAR,0.0027055419923271984
0,blocks.7.mlp.c_proj.weight.buf,4194304,4195129,RAW,0.09227704198565334
0,lm_head.weight.m,67108864,67136149,RAW,1.4437131249869708
0,lm_head.weight.v,67108864,67136149,RAW,1.4114982500032056
0,resid_lambdas.m,32,32,RAW_VECTOR,1.2333010090515018e-05
0,resid_lambdas.v,32,32,RAW_VECTOR,1.9160215742886066e-06
0,x0_lambdas.m,32,32,RAW_VECTOR,8.749775588512421e-07
0,x0_lambdas.v,32,32,RAW_VECTOR,4.5899651013314724e-07
0,value_embeds.1.weight.m,67108864,31381,GRAMMAR,0.04298145798384212
0,value_embeds.1.weight.v,67108864,31381,GRAMMAR,0.03920274999109097
0,value_embeds.3.weight.m,67108864,31381,GRAMMAR,0.04215704099624418
0,value_embeds.3.weight.v,67108864,31381,GRAMMAR,0.03633141700993292
0,value_embeds.5.weight.m,67108864,31381,GRAMMAR,0.04063504099030979
0,value_embeds.5.weight.v,67108864,31381,GRAMMAR,0.04595866601448506
0,value_embeds.7.weight.m,67108864,31381,GRAMMAR,0.0435897920106072
0,value_embeds.7.weight.v,67108864,31381,GRAMMAR,0.04281941702356562
1,wte.weight.m,67108864,15223933,GRAMMAR,0.21686354099074379
1,wte.weight.v,67108864,15224645,GRAMMAR,0.23125254199840128
1,blocks.0.attn.c_q.weight.buf,1048576,1049401,RAW,0.020861833007074893
1,blocks.0.attn.c_k.weight.buf,1048576,1049401,RAW,0.028413416992407292
1,blocks.0.attn.c_v.weight.buf,1048576,1049401,RAW,0.0203312499797903
1,blocks.0.attn.c_proj.weight.buf,1048576,1049401,RAW,0.020758040976943448
1,blocks.0.mlp.c_fc.weight.buf,4194304,4196389,RAW,0.09570674999849871
1,blocks.0.mlp.c_proj.weight.buf,4194304,4195129,RAW,0.10019962498336099
1,blocks.1.attn.c_q.weight.buf,1048576,1049401,RAW,0.02022933299303986
1,blocks.1.attn.c_k.weight.buf,1048576,1049401,RAW,0.01985166600206867
1,blocks.1.attn.c_v.weight.buf,1048576,1049401,RAW,0.02848949999315664
1,blocks.1.attn.c_proj.weight.buf,1048576,1049401,RAW,0.02160212499438785
1,blocks.1.attn.ve_gate.weight.buf,512,1022,RAW,3.320799442008138e-05
1,blocks.1.mlp.c_fc.weight.buf,4194304,4196389,RAW,0.09545062499819323
1,blocks.1.mlp.c_proj.weight.buf,4194304,4195129,RAW,0.11834420799277723
1,blocks.2.attn.c_q.weight.buf,1048576,1049401,RAW,0.020810958987567574
1,blocks.2.attn.c_k.weight.buf,1048576,1049401,RAW,0.028100208000978455
1,blocks.2.attn.c_v.weight.buf,1048576,1049401,RAW,0.021190833009313792
1,blocks.2.attn.c_proj.weight.buf,1048576,1049401,RAW,0.020499874983215705
1,blocks.2.mlp.c_fc.weight.buf,4194304,4196389,RAW,0.0890280420135241
1,blocks.2.mlp.c_proj.weight.buf,4194304,4195129,RAW,0.10919237500638701
1,blocks.3.attn.c_q.weight.buf,1048576,1049401,RAW,0.02092741700471379
1,blocks.3.attn.c_k.weight.buf,1048576,1049401,RAW,0.02677912500803359
1,blocks.3.attn.c_v.weight.buf,1048576,1049401,RAW,0.021337374986615032
1,blocks.3.attn.c_proj.weight.buf,1048576,1049401,RAW,0.020321832998888567
1,blocks.3.attn.ve_gate.weight.buf,512,1022,RAW,1.6416015569120646e-05
1,blocks.3.mlp.c_fc.weight.buf,4194304,4196389,RAW,0.0902592500206083
1,blocks.3.mlp.c_proj.weight.buf,4194304,4195129,RAW,0.09903408298850991
1,blocks.4.attn.c_q.weight.buf,1048576,1049401,RAW,0.020418333006091416
1,blocks.4.attn.c_k.weight.buf,1048576,1049401,RAW,0.027679083024850115
1,blocks.4.attn.c_v.weight.buf,1048576,1049401,RAW,0.02115058299386874
1,blocks.4.attn.c_proj.weight.buf,1048576,1049401,RAW,0.02010016600252129
1,blocks.4.mlp.c_fc.weight.buf,4194304,4196389,RAW,0.08983220800291747
1,blocks.4.mlp.c_proj.weight.buf,4194304,4195129,RAW,0.11377604099106975
1,blocks.5.attn.c_q.weight.buf,1048576,1049401,RAW,0.02025200001662597
1,blocks.5.attn.c_k.weight.buf,1048576,1049401,RAW,0.02718762500444427
1,blocks.5.attn.c_v.weight.buf,1048576,1049401,RAW,0.020627417019568384
1,blocks.5.attn.c_proj.weight.buf,1048576,1049401,RAW,0.020373959006974474
1,blocks.5.attn.ve_gate.weight.buf,512,1022,RAW,1.329201040789485e-05
1,blocks.5.mlp.c_fc.weight.buf,4194304,4196389,RAW,0.08762949999072589
1,blocks.5.mlp.c_proj.weight.buf,4194304,4195129,RAW,0.1016716249869205
1,blocks.6.attn.c_q.weight.buf,1048576,1049401,RAW,0.020917749992804602
1,blocks.6.attn.c_k.weight.buf,1048576,1049401,RAW,0.019748374994378537
1,blocks.6.attn.c_v.weight.buf,1048576,1049401,RAW,0.028114958986407146
1,blocks.6.attn.c_proj.weight.buf,1048576,1049401,RAW,0.020552125002723187
1,blocks.6.mlp.c_fc.weight.buf,4194304,4196389,RAW,0.08734349999576807
1,blocks.6.mlp.c_proj.weight.buf,4194304,4195129,RAW,0.10432149999542162
1,blocks.7.attn.c_q.weight.buf,1048576,1049401,RAW,0.02142608299618587
1,blocks.7.attn.c_k.weight.buf,1048576,1049401,RAW,0.020372416998725384
1,blocks.7.attn.c_v.weight.buf,1048576,1049401,RAW,0.020176374993752688
1,blocks.7.attn.c_proj.weight.buf,1048576,1049401,RAW,0.02119974998640828
1,blocks.7.attn.ve_gate.weight.buf,512,1022,RAW,3.312499029561877e-05
1,blocks.7.mlp.c_fc.weight.buf,4194304,4196389,RAW,0.08854570801486261
1,blocks.7.mlp.c_proj.weight.buf,4194304,4195129,RAW,0.09307516599074006
1,lm_head.weight.m,67108864,67136149,RAW,1.4718011250079144
1,lm_head.weight.v,67108864,67136149,RAW,1.4567537500115577
1,resid_lambdas.m,32,32,RAW_VECTOR,4.417001036927104e-06
1,resid_lambdas.v,32,32,RAW_VECTOR,5.420006345957518e-07
1,x0_lambdas.m,32,32,RAW_VECTOR,1.0830117389559746e-06
1,x0_lambdas.v,32,32,RAW_VECTOR,1.3329845387488604e-06
1,value_embeds.1.weight.m,67108864,9198793,GRAMMAR,0.1430980000004638
1,value_embeds.1.weight.v,67108864,9195445,GRAMMAR,0.15190620798966847
1,value_embeds.3.weight.m,67108864,9196605,GRAMMAR,0.15023662499152124
1,value_embeds.3.weight.v,67108864,9195597,GRAMMAR,0.14448241700301878
1,value_embeds.5.weight.m,67108864,9195793,GRAMMAR,0.1437230840092525
1,value_embeds.5.weight.v,67108864,9195273,GRAMMAR,0.14578433299902827
1,value_embeds.7.weight.m,67108864,9200005,GRAMMAR,0.1408017500070855
1,value_embeds.7.weight.v,67108864,9196157,GRAMMAR,0.1405031250033062
2,wte.weight.m,67108864,20378021,GRAMMAR,0.2817705830093473
2,wte.weight.v,67108864,20376445,GRAMMAR,0.27364062500419095
2,blocks.0.attn.c_q.weight.buf,1048576,1049401,RAW,0.02857520800898783
2,blocks.0.attn.c_k.weight.buf,1048576,1049401,RAW,0.02005854100571014
2,blocks.0.attn.c_v.weight.buf,1048576,1049401,RAW,0.019763290998525918
2,blocks.0.attn.c_proj.weight.buf,1048576,1049401,RAW,0.02863758397870697
2,blocks.0.mlp.c_fc.weight.buf,4194304,4196389,RAW,0.08748833299614489
2,blocks.0.mlp.c_proj.weight.buf,4194304,4195129,RAW,0.09521091598435305
2,blocks.1.attn.c_q.weight.buf,1048576,1049401,RAW,0.019868125003995374
2,blocks.1.attn.c_k.weight.buf,1048576,1049401,RAW,0.028841584018664435
2,blocks.1.attn.c_v.weight.buf,1048576,1049401,RAW,0.020575250004185364
2,blocks.1.attn.c_proj.weight.buf,1048576,1049401,RAW,0.02031966601498425
2,blocks.1.attn.ve_gate.weight.buf,512,1022,RAW,2.533398219384253e-05
2,blocks.1.mlp.c_fc.weight.buf,4194304,4196389,RAW,0.1046554580098018
2,blocks.1.mlp.c_proj.weight.buf,4194304,4195129,RAW,0.10288687498541549
2,blocks.2.attn.c_q.weight.buf,1048576,1049401,RAW,0.021333249984309077
2,blocks.2.attn.c_k.weight.buf,1048576,1049401,RAW,0.03118004198768176
2,blocks.2.attn.c_v.weight.buf,1048576,1049401,RAW,0.02243783400626853
2,blocks.2.attn.c_proj.weight.buf,1048576,1049401,RAW,0.021990208013448864
2,blocks.2.mlp.c_fc.weight.buf,4194304,4196389,RAW,0.10232604198972695
2,blocks.2.mlp.c_proj.weight.buf,4194304,4195129,RAW,0.09562599999480881
2,blocks.3.attn.c_q.weight.buf,1048576,1049401,RAW,0.021589749987469986
2,blocks.3.attn.c_k.weight.buf,1048576,1049401,RAW,0.03296474998933263
2,blocks.3.attn.c_v.weight.buf,1048576,1049401,RAW,0.02263970801141113
2,blocks.3.attn.c_proj.weight.buf,1048576,1049401,RAW,0.021961499995086342
2,blocks.3.attn.ve_gate.weight.buf,512,1022,RAW,2.158299321308732e-05
2,blocks.3.mlp.c_fc.weight.buf,4194304,4196389,RAW,0.10477649999666028
2,blocks.3.mlp.c_proj.weight.buf,4194304,4195129,RAW,0.12658474998897873
2,blocks.4.attn.c_q.weight.buf,1048576,1049401,RAW,0.03213675000006333
2,blocks.4.attn.c_k.weight.buf,1048576,1049401,RAW,0.0221113330044318
2,blocks.4.attn.c_v.weight.buf,1048576,1049401,RAW,0.02238774998113513
2,blocks.4.attn.c_proj.weight.buf,1048576,1049401,RAW,0.03291591699235141
2,blocks.4.mlp.c_fc.weight.buf,4194304,4196389,RAW,0.10060525001608767
2,blocks.4.mlp.c_proj.weight.buf,4194304,4195129,RAW,0.09874912499799393
2,blocks.5.attn.c_q.weight.buf,1048576,1049401,RAW,0.028864874999271706
2,blocks.5.attn.c_k.weight.buf,1048576,1049401,RAW,0.021006832976127043
2,blocks.5.attn.c_v.weight.buf,1048576,1049401,RAW,0.02085937501396984
2,blocks.5.attn.c_proj.weight.buf,1048576,1049401,RAW,0.027787792001618072
2,blocks.5.attn.ve_gate.weight.buf,512,1022,RAW,7.570799789391458e-05
2,blocks.5.mlp.c_fc.weight.buf,4194304,4196389,RAW,0.0915151670051273
2,blocks.5.mlp.c_proj.weight.buf,4194304,4195129,RAW,0.10567404099856503
2,blocks.6.attn.c_q.weight.buf,1048576,1049401,RAW,0.020455584017327055
2,blocks.6.attn.c_k.weight.buf,1048576,1049401,RAW,0.0225423329975456
2,blocks.6.attn.c_v.weight.buf,1048576,1049401,RAW,0.020860667020315304
2,blocks.6.attn.c_proj.weight.buf,1048576,1049401,RAW,0.020944375020917505
2,blocks.6.mlp.c_fc.weight.buf,4194304,4196389,RAW,0.09427941701142117
2,blocks.6.mlp.c_proj.weight.buf,4194304,4195129,RAW,0.10255666699958965
2,blocks.7.attn.c_q.weight.buf,1048576,1049401,RAW,0.02110045898007229
2,blocks.7.attn.c_k.weight.buf,1048576,1049401,RAW,0.030466958007309586
2,blocks.7.attn.c_v.weight.buf,1048576,1049401,RAW,0.020443875022465363
2,blocks.7.attn.c_proj.weight.buf,1048576,1049401,RAW,0.021141832985449582
2,blocks.7.attn.ve_gate.weight.buf,512,1022,RAW,2.3083004634827375e-05
2,blocks.7.mlp.c_fc.weight.buf,4194304,4196389,RAW,0.10130179199040867
2,blocks.7.mlp.c_proj.weight.buf,4194304,4195129,RAW,0.11022349999984726
2,lm_head.weight.m,67108864,67136149,RAW,1.4553325419838075
2,lm_head.weight.v,67108864,67136149,RAW,1.5134049580083229
2,resid_lambdas.m,32,32,RAW_VECTOR,6.500020390376449e-06
2,resid_lambdas.v,32,32,RAW_VECTOR,6.250047590583563e-07
2,x0_lambdas.m,32,32,RAW_VECTOR,1.0829826351255178e-06
2,x0_lambdas.v,32,32,RAW_VECTOR,4.169996827840805e-07
2,value_embeds.1.weight.m,67108864,15529409,GRAMMAR,0.23175670899217948
2,value_embeds.1.weight.v,67108864,15529313,GRAMMAR,0.2267381249985192
2,value_embeds.3.weight.m,67108864,15530497,GRAMMAR,0.22452395802247338
2,value_embeds.3.weight.v,67108864,15530181,GRAMMAR,0.2223432079772465
2,value_embeds.5.weight.m,67108864,15527801,GRAMMAR,0.21898229198995978
2,value_embeds.5.weight.v,67108864,15528537,GRAMMAR,0.21331241700681858
2,value_embeds.7.weight.m,67108864,15532249,GRAMMAR,0.2163203340023756
2,value_embeds.7.weight.v,67108864,15528405,GRAMMAR,0.22472879098495468
3,wte.weight.m,67108864,24520941,GRAMMAR,0.32708429198828526
3,wte.weight.v,67108864,24517721,GRAMMAR,0.32380241600912996
3,blocks.0.attn.c_q.weight.buf,1048576,1049401,RAW,0.02092454201192595
3,blocks.0.attn.c_k.weight.buf,1048576,1049401,RAW,0.020268749998649582
3,blocks.0.attn.c_v.weight.buf,1048576,1049401,RAW,0.03028754101251252
3,blocks.0.attn.c_proj.weight.buf,1048576,1049401,RAW,0.020738125022035092
3,blocks.0.mlp.c_fc.weight.buf,4194304,4196389,RAW,0.1003693749953527
3,blocks.0.mlp.c_proj.weight.buf,4194304,4195129,RAW,0.10172075001173653
3,blocks.1.attn.c_q.weight.buf,1048576,1049401,RAW,0.036469791986746714
3,blocks.1.attn.c_k.weight.buf,1048576,1049401,RAW,0.020544333005091175
3,blocks.1.attn.c_v.weight.buf,1048576,1049401,RAW,0.020625708013540134
3,blocks.1.attn.c_proj.weight.buf,1048576,1049401,RAW,0.023700624995399266
3,blocks.1.attn.ve_gate.weight.buf,512,1022,RAW,1.5541998436674476e-05
3,blocks.1.mlp.c_fc.weight.buf,4194304,4196389,RAW,0.09540900000138208
3,blocks.1.mlp.c_proj.weight.buf,4194304,4195129,RAW,0.10392749999300577
3,blocks.2.attn.c_q.weight.buf,1048576,1049401,RAW,0.02127441600896418
3,blocks.2.attn.c_k.weight.buf,1048576,1049401,RAW,0.02004599999054335
3,blocks.2.attn.c_v.weight.buf,1048576,1049401,RAW,0.02000458398833871
3,blocks.2.attn.c_proj.weight.buf,1048576,1049401,RAW,0.030108374980045483
3,blocks.2.mlp.c_fc.weight.buf,4194304,4196389,RAW,0.09464712502085604
3,blocks.2.mlp.c_proj.weight.buf,4194304,4195129,RAW,0.10148958300123923
3,blocks.3.attn.c_q.weight.buf,1048576,1049401,RAW,0.029673790995730087
3,blocks.3.attn.c_k.weight.buf,1048576,1049401,RAW,0.02032599999802187
3,blocks.3.attn.c_v.weight.buf,1048576,1049401,RAW,0.02029037498869002
3,blocks.3.attn.c_proj.weight.buf,1048576,1049401,RAW,0.02939874998992309
3,blocks.3.attn.ve_gate.weight.buf,512,1022,RAW,3.5416975151747465e-05
3,blocks.3.mlp.c_fc.weight.buf,4194304,4196389,RAW,0.08933391602477059
3,blocks.3.mlp.c_proj.weight.buf,4194304,4195129,RAW,0.1064265409950167
3,blocks.4.attn.c_q.weight.buf,1048576,1049401,RAW,0.03056162499706261
3,blocks.4.attn.c_k.weight.buf,1048576,1049401,RAW,0.02307208298589103
3,blocks.4.attn.c_v.weight.buf,1048576,1049401,RAW,0.020805625012144446
3,blocks.4.attn.c_proj.weight.buf,1048576,1049401,RAW,0.030379207979422063
3,blocks.4.mlp.c_fc.weight.buf,4194304,4196389,RAW,0.09071349998703226
3,blocks.4.mlp.c_proj.weight.buf,4194304,4195129,RAW,0.09734600002411753
3,blocks.5.attn.c_q.weight.buf,1048576,1049401,RAW,0.02941241697408259
3,blocks.5.attn.c_k.weight.buf,1048576,1049401,RAW,0.02079520799452439
3,blocks.5.attn.c_v.weight.buf,1048576,1049401,RAW,0.022603042016271502
3,blocks.5.attn.c_proj.weight.buf,1048576,1049401,RAW,0.033314375003101304
3,blocks.5.attn.ve_gate.weight.buf,512,1022,RAW,2.9833026928827167e-05
3,blocks.5.mlp.c_fc.weight.buf,4194304,4196389,RAW,0.09777204200509004
3,blocks.5.mlp.c_proj.weight.buf,4194304,4195129,RAW,0.13834845798555762
3,blocks.6.attn.c_q.weight.buf,1048576,1049401,RAW,0.023266457981662825
3,blocks.6.attn.c_k.weight.buf,1048576,1049401,RAW,0.022549291024915874
3,blocks.6.attn.c_v.weight.buf,1048576,1049401,RAW,0.03465287497965619
3,blocks.6.attn.c_proj.weight.buf,1048576,1049401,RAW,0.02194266699370928
3,blocks.6.mlp.c_fc.weight.buf,4194304,4196389,RAW,0.10499666701070964
3,blocks.6.mlp.c_proj.weight.buf,4194304,4195129,RAW,0.12321062499540858
3,blocks.7.attn.c_q.weight.buf,1048576,1049401,RAW,0.021428666019346565
3,blocks.7.attn.c_k.weight.buf,1048576,1049401,RAW,0.020636583009036258
3,blocks.7.attn.c_v.weight.buf,1048576,1049401,RAW,0.03024191700387746
3,blocks.7.attn.c_proj.weight.buf,1048576,1049401,RAW,0.020335832989076152
3,blocks.7.attn.ve_gate.weight.buf,512,1022,RAW,1.3250013580545783e-05
3,blocks.7.mlp.c_fc.weight.buf,4194304,4196389,RAW,0.0935487909882795
3,blocks.7.mlp.c_proj.weight.buf,4194304,4195129,RAW,0.11224670801311731
3,lm_head.weight.m,67108864,67136149,RAW,1.4848506249836646
3,lm_head.weight.v,67108864,67136149,RAW,1.5127862920053303
3,resid_lambdas.m,32,32,RAW_VECTOR,4.916975740343332e-06
3,resid_lambdas.v,32,32,RAW_VECTOR,5.00003807246685e-07
3,x0_lambdas.m,32,32,RAW_VECTOR,1.1249794624745846e-06
3,x0_lambdas.v,32,32,RAW_VECTOR,4.5899651013314724e-07
3,value_embeds.1.weight.m,67108864,20470933,GRAMMAR,0.2815039590059314
3,value_embeds.1.weight.v,67108864,20470301,GRAMMAR,0.29991454098490067
3,value_embeds.3.weight.m,67108864,20473113,GRAMMAR,0.2892506250063889
3,value_embeds.3.weight.v,67108864,20470921,GRAMMAR,0.2865271669870708
3,value_embeds.5.weight.m,67108864,20472549,GRAMMAR,0.28203475000918843
3,value_embeds.5.weight.v,67108864,20469253,GRAMMAR,0.2951230829930864
3,value_embeds.7.weight.m,67108864,20473621,GRAMMAR,0.2960462089977227
3,value_embeds.7.weight.v,67108864,20472629,GRAMMAR,0.29263158299727365
4,wte.weight.m,67108864,27623221,GRAMMAR,0.38174266600981355
4,wte.weight.v,67108864,27620033,GRAMMAR,0.3869939579744823
4,blocks.0.attn.c_q.weight.buf,1048576,1049401,RAW,0.031370708980830386
4,blocks.0.attn.c_k.weight.buf,1048576,1049401,RAW,0.023029000003589317
4,blocks.0.attn.c_v.weight.buf,1048576,1049401,RAW,0.03409887501038611
4,blocks.0.attn.c_proj.weight.buf,1048576,1049401,RAW,0.023123833001591265
4,blocks.0.mlp.c_fc.weight.buf,4194304,4196389,RAW,0.09517174999928102
4,blocks.0.mlp.c_proj.weight.buf,4194304,4195129,RAW,0.13812350001535378
4,blocks.1.attn.c_q.weight.buf,1048576,1049401,RAW,0.020540457975585014
4,blocks.1.attn.c_k.weight.buf,1048576,1049401,RAW,0.019991957989986986
4,blocks.1.attn.c_v.weight.buf,1048576,1049401,RAW,0.03100345900747925
4,blocks.1.attn.c_proj.weight.buf,1048576,1049401,RAW,0.020509875001152977
4,blocks.1.attn.ve_gate.weight.buf,512,1022,RAW,1.4375022146850824e-05
4,blocks.1.mlp.c_fc.weight.buf,4194304,4196389,RAW,0.09555462500429712
4,blocks.1.mlp.c_proj.weight.buf,4194304,4195129,RAW,0.10440574999665841
4,blocks.2.attn.c_q.weight.buf,1048576,1049401,RAW,0.02031691701267846
4,blocks.2.attn.c_k.weight.buf,1048576,1049401,RAW,0.031427583016920835
4,blocks.2.attn.c_v.weight.buf,1048576,1049401,RAW,0.02140883301035501
4,blocks.2.attn.c_proj.weight.buf,1048576,1049401,RAW,0.021035624988144264
4,blocks.2.mlp.c_fc.weight.buf,4194304,4196389,RAW,0.10047029200359248
4,blocks.2.mlp.c_proj.weight.buf,4194304,4195129,RAW,0.11195650001172908
4,blocks.3.attn.c_q.weight.buf,1048576,1049401,RAW,0.020885208999970928
4,blocks.3.attn.c_k.weight.buf,1048576,1049401,RAW,0.034093166003003716
4,blocks.3.attn.c_v.weight.buf,1048576,1049401,RAW,0.01983375000418164
4,blocks.3.attn.c_proj.weight.buf,1048576,1049401,RAW,0.02024149999488145
4,blocks.3.attn.ve_gate.weight.buf,512,1022,RAW,1.6000005416572094e-05
4,blocks.3.mlp.c_fc.weight.buf,4194304,4196389,RAW,0.0927165420143865
4,blocks.3.mlp.c_proj.weight.buf,4194304,4195129,RAW,0.1320721669762861
4,blocks.4.attn.c_q.weight.buf,1048576,1049401,RAW,0.03457108399015851
4,blocks.4.attn.c_k.weight.buf,1048576,1049401,RAW,0.021588416013401
4,blocks.4.attn.c_v.weight.buf,1048576,1049401,RAW,0.02122491699992679
4,blocks.4.attn.c_proj.weight.buf,1048576,1049401,RAW,0.03326100000413135
4,blocks.4.mlp.c_fc.weight.buf,4194304,4196389,RAW,0.09264841699041426
4,blocks.4.mlp.c_proj.weight.buf,4194304,4195129,RAW,0.09678491699742153
4,blocks.5.attn.c_q.weight.buf,1048576,1049401,RAW,0.030513250007061288
4,blocks.5.attn.c_k.weight.buf,1048576,1049401,RAW,0.020505417021922767
4,blocks.5.attn.c_v.weight.buf,1048576,1049401,RAW,0.01992437499575317
4,blocks.5.attn.c_proj.weight.buf,1048576,1049401,RAW,0.033415499987313524
4,blocks.5.attn.ve_gate.weight.buf,512,1022,RAW,3.6999990697950125e-05
4,blocks.5.mlp.c_fc.weight.buf,4194304,4196389,RAW,0.10631324999849312
4,blocks.5.mlp.c_proj.weight.buf,4194304,4195129,RAW,0.15898883398040198
4,blocks.6.attn.c_q.weight.buf,1048576,1049401,RAW,0.023020291002467275
4,blocks.6.attn.c_k.weight.buf,1048576,1049401,RAW,0.022680291993310675
4,blocks.6.attn.c_v.weight.buf,1048576,1049401,RAW,0.025546207994921133
4,blocks.6.attn.c_proj.weight.buf,1048576,1049401,RAW,0.022321624972391874
4,blocks.6.mlp.c_fc.weight.buf,4194304,4196389,RAW,0.09972974998527206
4,blocks.6.mlp.c_proj.weight.buf,4194304,4195129,RAW,0.1139690830023028
4,blocks.7.attn.c_q.weight.buf,1048576,1049401,RAW,0.021324000001186505
4,blocks.7.attn.c_k.weight.buf,1048576,1049401,RAW,0.02140212498488836
4,blocks.7.attn.c_v.weight.buf,1048576,1049401,RAW,0.031572667008731514
4,blocks.7.attn.c_proj.weight.buf,1048576,1049401,RAW,0.020745708985487
4,blocks.7.attn.ve_gate.weight.buf,512,1022,RAW,1.3249984476715326e-05
4,blocks.7.mlp.c_fc.weight.buf,4194304,4196389,RAW,0.09646295898710378
4,blocks.7.mlp.c_proj.weight.buf,4194304,4195129,RAW,0.1095323330082465
4,lm_head.weight.m,67108864,67136149,RAW,1.5791124580136966
4,lm_head.weight.v,67108864,67136149,RAW,1.6479726249817759
4,resid_lambdas.m,32,32,RAW_VECTOR,5.375011824071407e-06
4,resid_lambdas.v,32,32,RAW_VECTOR,4.580069798976183e-07
4,x0_lambdas.m,32,32,RAW_VECTOR,1.5829864423722029e-06
4,x0_lambdas.v,32,32,RAW_VECTOR,4.580069798976183e-07
4,value_embeds.1.weight.m,67108864,24257597,GRAMMAR,0.3355899580055848
4,value_embeds.1.weight.v,67108864,24258505,GRAMMAR,0.3413641669903882
4,value_embeds.3.weight.m,67108864,24256565,GRAMMAR,0.3411424999940209
4,value_embeds.3.weight.v,67108864,24258629,GRAMMAR,0.34136716698412783
4,value_embeds.5.weight.m,67108864,24258153,GRAMMAR,0.342324124998413
4,value_embeds.5.weight.v,67108864,24260181,GRAMMAR,0.3436883329995908
4,value_embeds.7.weight.m,67108864,24256593,GRAMMAR,0.34724612499121577
4,value_embeds.7.weight.v,67108864,24257205,GRAMMAR,0.34412404100294225
5,wte.weight.m,67108864,30656449,GRAMMAR,0.4443755419924855
5,wte.weight.v,67108864,30655597,GRAMMAR,0.42521579199819826
5,blocks.0.attn.c_q.weight.buf,1048576,1049401,RAW,0.03174870798829943
5,blocks.0.attn.c_k.weight.buf,1048576,1049401,RAW,0.019825916999252513
5,blocks.0.attn.c_v.weight.buf,1048576,1049401,RAW,0.019863666006131098
5,blocks.0.attn.c_proj.weight.buf,1048576,1049401,RAW,0.0308279579912778
5,blocks.0.mlp.c_fc.weight.buf,4194304,4196389,RAW,0.09033683297457173
5,blocks.0.mlp.c_proj.weight.buf,4194304,4195129,RAW,0.0983471249928698
5,blocks.1.attn.c_q.weight.buf,1048576,1049401,RAW,0.030558124999515712
5,blocks.1.attn.c_k.weight.buf,1048576,1049401,RAW,0.031376583996461704
5,blocks.1.attn.c_v.weight.buf,1048576,1049401,RAW,0.020128375006606802
5,blocks.1.attn.c_proj.weight.buf,1048576,1049401,RAW,0.019819375011138618
5,blocks.1.attn.ve_gate.weight.buf,512,1022,RAW,0.00012841602438129485
5,blocks.1.mlp.c_fc.weight.buf,4194304,4196389,RAW,0.09204974997555837
5,blocks.1.mlp.c_proj.weight.buf,4194304,4195129,RAW,0.099241207994055
5,blocks.2.attn.c_q.weight.buf,1048576,1049401,RAW,0.020218958001350984
5,blocks.2.attn.c_k.weight.buf,1048576,1049401,RAW,0.021474000008311123
5,blocks.2.attn.c_v.weight.buf,1048576,1049401,RAW,0.019957374985096976
5,blocks.2.attn.c_proj.weight.buf,1048576,1049401,RAW,0.019800833018962294
5,blocks.2.mlp.c_fc.weight.buf,4194304,4196389,RAW,0.09676995800691657
5,blocks.2.mlp.c_proj.weight.buf,4194304,4195129,RAW,0.12552674999460578
5,blocks.3.attn.c_q.weight.buf,1048576,1049401,RAW,0.03533058398170397
5,blocks.3.attn.c_k.weight.buf,1048576,1049401,RAW,0.021836667001480237
5,blocks.3.attn.c_v.weight.buf,1048576,1049401,RAW,0.02189050000743009
5,blocks.3.attn.c_proj.weight.buf,1048576,1049401,RAW,0.03731975000118837
5,blocks.3.attn.ve_gate.weight.buf,512,1022,RAW,2.8457987355068326e-05
5,blocks.3.mlp.c_fc.weight.buf,4194304,4196389,RAW,0.10088587502832524
5,blocks.3.mlp.c_proj.weight.buf,4194304,4195129,RAW,0.11968112501199357
5,blocks.4.attn.c_q.weight.buf,1048576,1049401,RAW,0.03385658300248906
5,blocks.4.attn.c_k.weight.buf,1048576,1049401,RAW,0.02163750000181608
5,blocks.4.attn.c_v.weight.buf,1048576,1049401,RAW,0.03609712500474416
5,blocks.4.attn.c_proj.weight.buf,1048576,1049401,RAW,0.022001540986821055
5,blocks.4.mlp.c_fc.weight.buf,4194304,4196389,RAW,0.09492420899914578
5,blocks.4.mlp.c_proj.weight.buf,4194304,4195129,RAW,0.10110516601707786
5,blocks.5.attn.c_q.weight.buf,1048576,1049401,RAW,0.03238049999345094
5,blocks.5.attn.c_k.weight.buf,1048576,1049401,RAW,0.0206993329920806
5,blocks.5.attn.c_v.weight.buf,1048576,1049401,RAW,0.020396290987264365
5,blocks.5.attn.c_proj.weight.buf,1048576,1049401,RAW,0.03400208300445229
5,blocks.5.attn.ve_gate.weight.buf,512,1022,RAW,2.7458008844405413e-05
5,blocks.5.mlp.c_fc.weight.buf,4194304,4196389,RAW,0.10032691698870622
5,blocks.5.mlp.c_proj.weight.buf,4194304,4195129,RAW,0.12180333401192911
5,blocks.6.attn.c_q.weight.buf,1048576,1049401,RAW,0.02251912499195896
5,blocks.6.attn.c_k.weight.buf,1048576,1049401,RAW,0.021173750021262094
5,blocks.6.attn.c_v.weight.buf,1048576,1049401,RAW,0.03233670798363164
5,blocks.6.attn.c_proj.weight.buf,1048576,1049401,RAW,0.02188200000091456
5,blocks.6.mlp.c_fc.weight.buf,4194304,4196389,RAW,0.0982522499980405
5,blocks.6.mlp.c_proj.weight.buf,4194304,4195129,RAW,0.1228220000048168
5,blocks.7.attn.c_q.weight.buf,1048576,1049401,RAW,0.02354791699326597
5,blocks.7.attn.c_k.weight.buf,1048576,1049401,RAW,0.021126083011040464
5,blocks.7.attn.c_v.weight.buf,1048576,1049401,RAW,0.032661540986737236
5,blocks.7.attn.c_proj.weight.buf,1048576,1049401,RAW,0.020873834000667557
5,blocks.7.attn.ve_gate.weight.buf,512,1022,RAW,1.3416982255876064e-05
5,blocks.7.mlp.c_fc.weight.buf,4194304,4196389,RAW,0.09663154199370183
5,blocks.7.mlp.c_proj.weight.buf,4194304,4195129,RAW,0.11575791600625962
5,lm_head.weight.m,67108864,67136149,RAW,1.5582892500096932
5,lm_head.weight.v,67108864,67136149,RAW,1.5684897089959122
5,resid_lambdas.m,32,32,RAW_VECTOR,6.917020073160529e-06
5,resid_lambdas.v,32,32,RAW_VECTOR,6.250047590583563e-07
5,x0_lambdas.m,32,32,RAW_VECTOR,2.1250161807984114e-06
5,x0_lambdas.v,32,32,RAW_VECTOR,4.5902561396360397e-07
5,value_embeds.1.weight.m,67108864,27722193,GRAMMAR,0.40026408300036564
5,value_embeds.1.weight.v,67108864,27723625,GRAMMAR,0.39198462502099574
5,value_embeds.3.weight.m,67108864,27721105,GRAMMAR,0.38322341701132245
5,value_embeds.3.weight.v,67108864,27722181,GRAMMAR,0.422472917009145
5,value_embeds.5.weight.m,67108864,27722713,GRAMMAR,0.3860602079948876
5,value_embeds.5.weight.v,67108864,27723197,GRAMMAR,0.39904966700123623
5,value_embeds.7.weight.m,67108864,27722137,GRAMMAR,0.42128662500181235
5,value_embeds.7.weight.v,67108864,27723313,GRAMMAR,0.4164683329872787
6,wte.weight.m,67108864,33397281,GRAMMAR,0.4915128340071533
6,wte.weight.v,67108864,33397569,GRAMMAR,0.5198282500205096
6,blocks.0.attn.c_q.weight.buf,1048576,1049401,RAW,0.035659291985211894
6,blocks.0.attn.c_k.weight.buf,1048576,1049401,RAW,0.0218104170053266
6,blocks.0.attn.c_v.weight.buf,1048576,1049401,RAW,0.021879458014154807
6,blocks.0.attn.c_proj.weight.buf,1048576,1049401,RAW,0.03480399999534711
6,blocks.0.mlp.c_fc.weight.buf,4194304,4196389,RAW,0.09892849999596365
6,blocks.0.mlp.c_proj.weight.buf,4194304,4195129,RAW,0.12033454101765528
6,blocks.1.attn.c_q.weight.buf,1048576,1049401,RAW,0.021166708000237122
6,blocks.1.attn.c_k.weight.buf,1048576,1049401,RAW,0.020495375007158145
6,blocks.1.attn.c_v.weight.buf,1048576,1049401,RAW,0.020799791993340477
6,blocks.1.attn.c_proj.weight.buf,1048576,1049401,RAW,0.022222291998332366
6,blocks.1.attn.ve_gate.weight.buf,512,1022,RAW,1.3167009456083179e-05
6,blocks.1.mlp.c_fc.weight.buf,4194304,4196389,RAW,0.09446808299981058
6,blocks.1.mlp.c_proj.weight.buf,4194304,4195129,RAW,0.10373341600643471
6,blocks.2.attn.c_q.weight.buf,1048576,1049401,RAW,0.03373641599318944
6,blocks.2.attn.c_k.weight.buf,1048576,1049401,RAW,0.020497166988207027
6,blocks.2.attn.c_v.weight.buf,1048576,1049401,RAW,0.02030916602234356
6,blocks.2.attn.c_proj.weight.buf,1048576,1049401,RAW,0.043282207974698395
6,blocks.2.mlp.c_fc.weight.buf,4194304,4196389,RAW,0.09494304098188877
6,blocks.2.mlp.c_proj.weight.buf,4194304,4195129,RAW,0.10667145901243202
6,blocks.3.attn.c_q.weight.buf,1048576,1049401,RAW,0.03278566701919772
6,blocks.3.attn.c_k.weight.buf,1048576,1049401,RAW,0.020451666990993544
6,blocks.3.attn.c_v.weight.buf,1048576,1049401,RAW,0.02027820801595226
6,blocks.3.attn.c_proj.weight.buf,1048576,1049401,RAW,0.03239962499355897
6,blocks.3.attn.ve_gate.weight.buf,512,1022,RAW,1.8749997252598405e-05
6,blocks.3.mlp.c_fc.weight.buf,4194304,4196389,RAW,0.09676675000810064
6,blocks.3.mlp.c_proj.weight.buf,4194304,4195129,RAW,0.10120224999263883
6,blocks.4.attn.c_q.weight.buf,1048576,1049401,RAW,0.033571000007214025
6,blocks.4.attn.c_k.weight.buf,1048576,1049401,RAW,0.02103524998528883
6,blocks.4.attn.c_v.weight.buf,1048576,1049401,RAW,0.020173249999061227
6,blocks.4.attn.c_proj.weight.buf,1048576,1049401,RAW,0.031120500003453344
6,blocks.4.mlp.c_fc.weight.buf,4194304,4196389,RAW,0.09425287498743273
6,blocks.4.mlp.c_proj.weight.buf,4194304,4195129,RAW,0.0996445000055246
6,blocks.5.attn.c_q.weight.buf,1048576,1049401,RAW,0.03252654100651853
6,blocks.5.attn.c_k.weight.buf,1048576,1049401,RAW,0.019875625002896413
6,blocks.5.attn.c_v.weight.buf,1048576,1049401,RAW,0.020373000006657094
6,blocks.5.attn.c_proj.weight.buf,1048576,1049401,RAW,0.03174820900312625
6,blocks.5.attn.ve_gate.weight.buf,512,1022,RAW,1.7874990589916706e-05
6,blocks.5.mlp.c_fc.weight.buf,4194304,4196389,RAW,0.10701825001160614
6,blocks.5.mlp.c_proj.weight.buf,4194304,4195129,RAW,0.09745666701928712
6,blocks.6.attn.c_q.weight.buf,1048576,1049401,RAW,0.019721208984265104
6,blocks.6.attn.c_k.weight.buf,1048576,1049401,RAW,0.02197933298884891
6,blocks.6.attn.c_v.weight.buf,1048576,1049401,RAW,0.019975041010184214
6,blocks.6.attn.c_proj.weight.buf,1048576,1049401,RAW,0.020590500003891066
6,blocks.6.mlp.c_fc.weight.buf,4194304,4196389,RAW,0.09596945799421519
6,blocks.6.mlp.c_proj.weight.buf,4194304,4195129,RAW,0.09662825000123121
6,blocks.7.attn.c_q.weight.buf,1048576,1049401,RAW,0.020162916014669463
6,blocks.7.attn.c_k.weight.buf,1048576,1049401,RAW,0.03178374998969957
6,blocks.7.attn.c_v.weight.buf,1048576,1049401,RAW,0.020521665981505066
6,blocks.7.attn.c_proj.weight.buf,1048576,1049401,RAW,0.020788958994671702
6,blocks.7.attn.ve_gate.weight.buf,512,1022,RAW,1.9458006136119366e-05
6,blocks.7.mlp.c_fc.weight.buf,4194304,4196389,RAW,0.11664995801402256
6,blocks.7.mlp.c_proj.weight.buf,4194304,4195129,RAW,0.12748741600080393
6,lm_head.weight.m,67108864,67136149,RAW,1.591580582986353
6,lm_head.weight.v,67108864,67136149,RAW,1.6928740000003017
6,resid_lambdas.m,32,32,RAW_VECTOR,9.832991054281592e-06
6,resid_lambdas.v,32,32,RAW_VECTOR,5.00003807246685e-07
6,x0_lambdas.m,32,32,RAW_VECTOR,1.6659905668348074e-06
6,x0_lambdas.v,32,32,RAW_VECTOR,3.3300602808594704e-07
6,value_embeds.1.weight.m,67108864,30656677,GRAMMAR,0.4618639999825973
6,value_embeds.1.weight.v,67108864,30651485,GRAMMAR,0.45452120798290707
6,value_embeds.3.weight.m,67108864,30654645,GRAMMAR,0.4455271670012735
6,value_embeds.3.weight.v,67108864,30650557,GRAMMAR,0.4436439999844879
6,value_embeds.5.weight.m,67108864,30651493,GRAMMAR,0.44778458299697377
6,value_embeds.5.weight.v,67108864,30653073,GRAMMAR,0.4527103749860544
6,value_embeds.7.weight.m,67108864,30651621,GRAMMAR,0.47921729198424146
6,value_embeds.7.weight.v,67108864,30652685,GRAMMAR,0.4446637499786448
7,wte.weight.m,67108864,35589705,GRAMMAR,0.505253959010588
7,wte.weight.v,67108864,35594241,GRAMMAR,0.5053960410004947
7,blocks.0.attn.c_q.weight.buf,1048576,1049401,RAW,0.03174416700494476
7,blocks.0.attn.c_k.weight.buf,1048576,1049401,RAW,0.020409874996403232
7,blocks.0.attn.c_v.weight.buf,1048576,1049401,RAW,0.020216958015225828
7,blocks.0.attn.c_proj.weight.buf,1048576,1049401,RAW,0.031097833008971065
7,blocks.0.mlp.c_fc.weight.buf,4194304,4196389,RAW,0.09099333299673162
7,blocks.0.mlp.c_proj.weight.buf,4194304,4195129,RAW,0.09801070799585432
7,blocks.1.attn.c_q.weight.buf,1048576,1049401,RAW,0.01993816700996831
7,blocks.1.attn.c_k.weight.buf,1048576,1049401,RAW,0.03154975001234561
7,blocks.1.attn.c_v.weight.buf,1048576,1049401,RAW,0.019807042001048103
7,blocks.1.attn.c_proj.weight.buf,1048576,1049401,RAW,0.01985045801848173
7,blocks.1.attn.ve_gate.weight.buf,512,1022,RAW,3.5415985621511936e-05
7,blocks.1.mlp.c_fc.weight.buf,4194304,4196389,RAW,0.09985629099537618
7,blocks.1.mlp.c_proj.weight.buf,4194304,4195129,RAW,0.1292105840111617
7,blocks.2.attn.c_q.weight.buf,1048576,1049401,RAW,0.03672708399244584
7,blocks.2.attn.c_k.weight.buf,1048576,1049401,RAW,0.03626100000110455
7,blocks.2.attn.c_v.weight.buf,1048576,1049401,RAW,0.02184124998166226
7,blocks.2.attn.c_proj.weight.buf,1048576,1049401,RAW,0.03642487502656877
7,blocks.2.mlp.c_fc.weight.buf,4194304,4196389,RAW,0.10253679100424051
7,blocks.2.mlp.c_proj.weight.buf,4194304,4195129,RAW,0.10389454101095907
7,blocks.3.attn.c_q.weight.buf,1048576,1049401,RAW,0.032503291993634775
7,blocks.3.attn.c_k.weight.buf,1048576,1049401,RAW,0.02041629099403508
7,blocks.3.attn.c_v.weight.buf,1048576,1049401,RAW,0.020095457992283627
7,blocks.3.attn.c_proj.weight.buf,1048576,1049401,RAW,0.03254950002883561
7,blocks.3.attn.ve_gate.weight.buf,512,1022,RAW,1.4999997802078724e-05
7,blocks.3.mlp.c_fc.weight.buf,4194304,4196389,RAW,0.09590266598388553
7,blocks.3.mlp.c_proj.weight.buf,4194304,4195129,RAW,0.10269025000161491
7,blocks.4.attn.c_q.weight.buf,1048576,1049401,RAW,0.033556625014171004
7,blocks.4.attn.c_k.weight.buf,1048576,1049401,RAW,0.021685499988961965
7,blocks.4.attn.c_v.weight.buf,1048576,1049401,RAW,0.0228419580089394
7,blocks.4.attn.c_proj.weight.buf,1048576,1049401,RAW,0.0344460420019459
7,blocks.4.mlp.c_fc.weight.buf,4194304,4196389,RAW,0.09700733300996944
7,blocks.4.mlp.c_proj.weight.buf,4194304,4195129,RAW,0.10861237498465925
7,blocks.5.attn.c_q.weight.buf,1048576,1049401,RAW,0.032601417013211176
7,blocks.5.attn.c_k.weight.buf,1048576,1049401,RAW,0.03247550001833588
7,blocks.5.attn.c_v.weight.buf,1048576,1049401,RAW,0.02023216601810418
7,blocks.5.attn.c_proj.weight.buf,1048576,1049401,RAW,0.03192375000799075
7,blocks.5.attn.ve_gate.weight.buf,512,1022,RAW,0.00013958301860839128
7,blocks.5.mlp.c_fc.weight.buf,4194304,4196389,RAW,0.0979134579829406
7,blocks.5.mlp.c_proj.weight.buf,4194304,4195129,RAW,0.10489004201372154
7,blocks.6.attn.c_q.weight.buf,1048576,1049401,RAW,0.032584750006208196
7,blocks.6.attn.c_k.weight.buf,1048576,1049401,RAW,0.021446917002322152
7,blocks.6.attn.c_v.weight.buf,1048576,1049401,RAW,0.021316250000381842
7,blocks.6.attn.c_proj.weight.buf,1048576,1049401,RAW,0.03239024998038076
7,blocks.6.mlp.c_fc.weight.buf,4194304,4196389,RAW,0.09945520901237614
7,blocks.6.mlp.c_proj.weight.buf,4194304,4195129,RAW,0.10621062500285916
7,blocks.7.attn.c_q.weight.buf,1048576,1049401,RAW,0.03266825000173412
7,blocks.7.attn.c_k.weight.buf,1048576,1049401,RAW,0.020690375007689
7,blocks.7.attn.c_v.weight.buf,1048576,1049401,RAW,0.020833333022892475
7,blocks.7.attn.c_proj.weight.buf,1048576,1049401,RAW,0.03534033300820738
7,blocks.7.attn.ve_gate.weight.buf,512,1022,RAW,2.954198862425983e-05
7,blocks.7.mlp.c_fc.weight.buf,4194304,4196389,RAW,0.09828883400768973
7,blocks.7.mlp.c_proj.weight.buf,4194304,4195129,RAW,0.09928441699594259
7,lm_head.weight.m,67108864,67136149,RAW,1.5511147500074003
7,lm_head.weight.v,67108864,67136149,RAW,1.5419633749988861
7,resid_lambdas.m,32,32,RAW_VECTOR,6.749993190169334e-06
7,resid_lambdas.v,32,32,RAW_VECTOR,1.04197533801198e-06
7,x0_lambdas.m,32,32,RAW_VECTOR,1.167005393654108e-06
7,x0_lambdas.v,32,32,RAW_VECTOR,2.9199873097240925e-07
7,value_embeds.1.weight.m,67108864,33201229,GRAMMAR,0.46293516701553017
7,value_embeds.1.weight.v,67108864,33198117,GRAMMAR,0.48695312498603016
7,value_embeds.3.weight.m,67108864,33206489,GRAMMAR,0.49318587500602007
7,value_embeds.3.weight.v,67108864,33200285,GRAMMAR,0.481775624997681
7,value_embeds.5.weight.m,67108864,33199157,GRAMMAR,0.4909909999987576
7,value_embeds.5.weight.v,67108864,33199237,GRAMMAR,0.4798827500198968
7,value_embeds.7.weight.m,67108864,33200285,GRAMMAR,0.485458875016775
7,value_embeds.7.weight.v,67108864,33198297,GRAMMAR,0.4757087919861078
8,wte.weight.m,67108864,37784369,GRAMMAR,0.5379046660091262
8,wte.weight.v,67108864,37786741,GRAMMAR,0.5479872500000056
8,blocks.0.attn.c_q.weight.buf,1048576,1049401,RAW,0.020446459006052464
8,blocks.0.attn.c_k.weight.buf,1048576,1049401,RAW,0.02148641599342227
8,blocks.0.attn.c_v.weight.buf,1048576,1049401,RAW,0.019797082990407944
8,blocks.0.attn.c_proj.weight.buf,1048576,1049401,RAW,0.03255341699696146
8,blocks.0.mlp.c_fc.weight.buf,4194304,4196389,RAW,0.09529141697566956
8,blocks.0.mlp.c_proj.weight.buf,4194304,4195129,RAW,0.1049463750096038
8,blocks.1.attn.c_q.weight.buf,1048576,1049401,RAW,0.02039225000771694
8,blocks.1.attn.c_k.weight.buf,1048576,1049401,RAW,0.021682624996174127
8,blocks.1.attn.c_v.weight.buf,1048576,1049401,RAW,0.02021874999627471
8,blocks.1.attn.c_proj.weight.buf,1048576,1049401,RAW,0.020319500006735325
8,blocks.1.attn.ve_gate.weight.buf,512,1022,RAW,0.00012229199637658894
8,blocks.1.mlp.c_fc.weight.buf,4194304,4196389,RAW,0.09764041699236259
8,blocks.1.mlp.c_proj.weight.buf,4194304,4195129,RAW,0.11086874999455176
8,blocks.2.attn.c_q.weight.buf,1048576,1049401,RAW,0.020339750015409663
8,blocks.2.attn.c_k.weight.buf,1048576,1049401,RAW,0.03262895799707621
8,blocks.2.attn.c_v.weight.buf,1048576,1049401,RAW,0.020252457994502038
8,blocks.2.attn.c_proj.weight.buf,1048576,1049401,RAW,0.020126457995502278
8,blocks.2.mlp.c_fc.weight.buf,4194304,4196389,RAW,0.10691779098124243
8,blocks.2.mlp.c_proj.weight.buf,4194304,4195129,RAW,0.10076808300800622
8,blocks.3.attn.c_q.weight.buf,1048576,1049401,RAW,0.019664249994093552
8,blocks.3.attn.c_k.weight.buf,1048576,1049401,RAW,0.032813416997669265
8,blocks.3.attn.c_v.weight.buf,1048576,1049401,RAW,0.020666875003371388
8,blocks.3.attn.c_proj.weight.buf,1048576,1049401,RAW,0.0200027079845313
8,blocks.3.attn.ve_gate.weight.buf,512,1022,RAW,5.4500007536262274e-05
8,blocks.3.mlp.c_fc.weight.buf,4194304,4196389,RAW,0.09562529201502912
8,blocks.3.mlp.c_proj.weight.buf,4194304,4195129,RAW,0.09802829101681709
8,blocks.4.attn.c_q.weight.buf,1048576,1049401,RAW,0.02014308300567791
8,blocks.4.attn.c_k.weight.buf,1048576,1049401,RAW,0.03299029200570658
8,blocks.4.attn.c_v.weight.buf,1048576,1049401,RAW,0.01994712499435991
8,blocks.4.attn.c_proj.weight.buf,1048576,1049401,RAW,0.02007254201453179
8,blocks.4.mlp.c_fc.weight.buf,4194304,4196389,RAW,0.10828183399280533
8,blocks.4.mlp.c_proj.weight.buf,4194304,4195129,RAW,0.1406718750076834
8,blocks.5.attn.c_q.weight.buf,1048576,1049401,RAW,0.02207541698589921
8,blocks.5.attn.c_k.weight.buf,1048576,1049401,RAW,0.023165207996498793
8,blocks.5.attn.c_v.weight.buf,1048576,1049401,RAW,0.02138099999865517
8,blocks.5.attn.c_proj.weight.buf,1048576,1049401,RAW,0.036426791979465634
8,blocks.5.attn.ve_gate.weight.buf,512,1022,RAW,3.095899592153728e-05
8,blocks.5.mlp.c_fc.weight.buf,4194304,4196389,RAW,0.10406908299773932
8,blocks.5.mlp.c_proj.weight.buf,4194304,4195129,RAW,0.11700341699179262
8,blocks.6.attn.c_q.weight.buf,1048576,1049401,RAW,0.03391462500439957
8,blocks.6.attn.c_k.weight.buf,1048576,1049401,RAW,0.02048133299103938
8,blocks.6.attn.c_v.weight.buf,1048576,1049401,RAW,0.020537291013170034
8,blocks.6.attn.c_proj.weight.buf,1048576,1049401,RAW,0.0336112919903826
8,blocks.6.mlp.c_fc.weight.buf,4194304,4196389,RAW,0.09780933300498873
8,blocks.6.mlp.c_proj.weight.buf,4194304,4195129,RAW,0.1040852080041077
8,blocks.7.attn.c_q.weight.buf,1048576,1049401,RAW,0.033782375016016886
8,blocks.7.attn.c_k.weight.buf,1048576,1049401,RAW,0.02079691700055264
8,blocks.7.attn.c_v.weight.buf,1048576,1049401,RAW,0.02056062498013489
8,blocks.7.attn.c_proj.weight.buf,1048576,1049401,RAW,0.034107458021026105
8,blocks.7.attn.ve_gate.weight.buf,512,1022,RAW,1.8749997252598405e-05
8,blocks.7.mlp.c_fc.weight.buf,4194304,4196389,RAW,0.09783545800019056
8,blocks.7.mlp.c_proj.weight.buf,4194304,4195129,RAW,0.11626549999346025
8,lm_head.weight.m,67108864,67136149,RAW,1.5179479159996845
8,lm_head.weight.v,67108864,67136149,RAW,1.582424791995436
8,resid_lambdas.m,32,32,RAW_VECTOR,6.499991286545992e-06
8,resid_lambdas.v,32,32,RAW_VECTOR,5.839974619448185e-07
8,x0_lambdas.m,32,32,RAW_VECTOR,1.1249794624745846e-06
8,x0_lambdas.v,32,32,RAW_VECTOR,3.3300602808594704e-07
8,value_embeds.1.weight.m,67108864,35587085,GRAMMAR,0.518922332994407
8,value_embeds.1.weight.v,67108864,35582901,GRAMMAR,0.5400497500086203
8,value_embeds.3.weight.m,67108864,35586985,GRAMMAR,0.5240052919834852
8,value_embeds.3.weight.v,67108864,35588121,GRAMMAR,0.5446289160172455
8,value_embeds.5.weight.m,67108864,35583857,GRAMMAR,0.5187907090003137
8,value_embeds.5.weight.v,67108864,35586145,GRAMMAR,0.5365122079965658
8,value_embeds.7.weight.m,67108864,35591237,GRAMMAR,0.5245435000106227
8,value_embeds.7.weight.v,67108864,35592373,GRAMMAR,0.5345457080111373
9,wte.weight.m,67108864,39650637,GRAMMAR,0.6193335409916472
9,wte.weight.v,67108864,39650085,GRAMMAR,0.5660544169950299
9,blocks.0.attn.c_q.weight.buf,1048576,1049401,RAW,0.03483520800364204
9,blocks.0.attn.c_k.weight.buf,1048576,1049401,RAW,0.022435582999605685
9,blocks.0.attn.c_v.weight.buf,1048576,1049401,RAW,0.03324854199308902
9,blocks.0.attn.c_proj.weight.buf,1048576,1049401,RAW,0.021142042009159923
9,blocks.0.mlp.c_fc.weight.buf,4194304,4196389,RAW,0.09498908399837092
9,blocks.0.mlp.c_proj.weight.buf,4194304,4195129,RAW,0.12141512500238605
9,blocks.1.attn.c_q.weight.buf,1048576,1049401,RAW,0.020643374999053776
9,blocks.1.attn.c_k.weight.buf,1048576,1049401,RAW,0.020524250023299828
9,blocks.1.attn.c_v.weight.buf,1048576,1049401,RAW,0.033402917004423216
9,blocks.1.attn.c_proj.weight.buf,1048576,1049401,RAW,0.020448625000426546
9,blocks.1.attn.ve_gate.weight.buf,512,1022,RAW,1.400001929141581e-05
9,blocks.1.mlp.c_fc.weight.buf,4194304,4196389,RAW,0.0951639169943519
9,blocks.1.mlp.c_proj.weight.buf,4194304,4195129,RAW,0.10598824999760836
9,blocks.2.attn.c_q.weight.buf,1048576,1049401,RAW,0.020542665995890275
9,blocks.2.attn.c_k.weight.buf,1048576,1049401,RAW,0.020521583006484434
9,blocks.2.attn.c_v.weight.buf,1048576,1049401,RAW,0.03347112500341609
9,blocks.2.attn.c_proj.weight.buf,1048576,1049401,RAW,0.020485666987951845
9,blocks.2.mlp.c_fc.weight.buf,4194304,4196389,RAW,0.09481474998756312
9,blocks.2.mlp.c_proj.weight.buf,4194304,4195129,RAW,0.1289889579929877
9,blocks.3.attn.c_q.weight.buf,1048576,1049401,RAW,0.021242208982584998
9,blocks.3.attn.c_k.weight.buf,1048576,1049401,RAW,0.02028491598321125
9,blocks.3.attn.c_v.weight.buf,1048576,1049401,RAW,0.03309154199087061
9,blocks.3.attn.c_proj.weight.buf,1048576,1049401,RAW,0.020402333000674844
9,blocks.3.attn.ve_gate.weight.buf,512,1022,RAW,2.7749978471547365e-05
9,blocks.3.mlp.c_fc.weight.buf,4194304,4196389,RAW,0.0943383330013603
9,blocks.3.mlp.c_proj.weight.buf,4194304,4195129,RAW,0.10083775001112372
9,blocks.4.attn.c_q.weight.buf,1048576,1049401,RAW,0.020348833000753075
9,blocks.4.attn.c_k.weight.buf,1048576,1049401,RAW,0.020138916006544605
9,blocks.4.attn.c_v.weight.buf,1048576,1049401,RAW,0.02100375000736676
9,blocks.4.attn.c_proj.weight.buf,1048576,1049401,RAW,0.019943041988881305
9,blocks.4.mlp.c_fc.weight.buf,4194304,4196389,RAW,0.09672058399883099
9,blocks.4.mlp.c_proj.weight.buf,4194304,4195129,RAW,0.11772000000928529
9,blocks.5.attn.c_q.weight.buf,1048576,1049401,RAW,0.021102250000694767
9,blocks.5.attn.c_k.weight.buf,1048576,1049401,RAW,0.03810499998508021
9,blocks.5.attn.c_v.weight.buf,1048576,1049401,RAW,0.02083854199736379
9,blocks.5.attn.c_proj.weight.buf,1048576,1049401,RAW,0.020859540993114933
9,blocks.5.attn.ve_gate.weight.buf,512,1022,RAW,8.62079905346036e-05
9,blocks.5.mlp.c_fc.weight.buf,4194304,4196389,RAW,0.10566762500093319
9,blocks.5.mlp.c_proj.weight.buf,4194304,4195129,RAW,0.14331391599262133
9,blocks.6.attn.c_q.weight.buf,1048576,1049401,RAW,0.03697845799615607
9,blocks.6.attn.c_k.weight.buf,1048576,1049401,RAW,0.02208829199662432
9,blocks.6.attn.c_v.weight.buf,1048576,1049401,RAW,0.021782124997116625
9,blocks.6.attn.c_proj.weight.buf,1048576,1049401,RAW,0.023894666985142976
9,blocks.6.mlp.c_fc.weight.buf,4194304,4196389,RAW,0.1037690420052968
9,blocks.6.mlp.c_proj.weight.buf,4194304,4195129,RAW,0.1186330420023296
9,blocks.7.attn.c_q.weight.buf,1048576,1049401,RAW,0.022033083019778132
9,blocks.7.attn.c_k.weight.buf,1048576,1049401,RAW,0.02057358401361853
9,blocks.7.attn.c_v.weight.buf,1048576,1049401,RAW,0.03202745801536366
9,blocks.7.attn.c_proj.weight.buf,1048576,1049401,RAW,0.022155665996251628
9,blocks.7.attn.ve_gate.weight.buf,512,1022,RAW,1.4999997802078724e-05
9,blocks.7.mlp.c_fc.weight.buf,4194304,4196389,RAW,0.10020233402610756
9,blocks.7.mlp.c_proj.weight.buf,4194304,4195129,RAW,0.11941899999510497
9,lm_head.weight.m,67108864,67136149,RAW,1.5611267080239486
9,lm_head.weight.v,67108864,67136149,RAW,1.5758162080019247
9,resid_lambdas.m,32,32,RAW_VECTOR,1.6125006368383765e-05
9,resid_lambdas.v,32,32,RAW_VECTOR,6.660120561718941e-07
9,x0_lambdas.m,32,32,RAW_VECTOR,1.3750104699283838e-06
9,x0_lambdas.v,32,32,RAW_VECTOR,4.169996827840805e-07
9,value_embeds.1.weight.m,67108864,37669981,GRAMMAR,0.5605709159863181
9,value_embeds.1.weight.v,67108864,37670893,GRAMMAR,0.5426904589985497
9,value_embeds.3.weight.m,67108864,37673917,GRAMMAR,0.5457578750210814
9,value_embeds.3.weight.v,67108864,37672049,GRAMMAR,0.5522959169757087
9,value_embeds.5.weight.m,67108864,37670753,GRAMMAR,0.5498208750213962
9,value_embeds.5.weight.v,67108864,37675161,GRAMMAR,0.5644790419901256
9,value_embeds.7.weight.m,67108864,37670877,GRAMMAR,0.5515332499926444
9,value_embeds.7.weight.v,67108864,37674157,GRAMMAR,0.5427363749768119
10,wte.weight.m,67108864,41561749,GRAMMAR,0.6024926659883931
10,wte.weight.v,67108864,41563205,GRAMMAR,0.5915811670129187
10,blocks.0.attn.c_q.weight.buf,1048576,1049401,RAW,0.021293624973623082
10,blocks.0.attn.c_k.weight.buf,1048576,1049401,RAW,0.019451000000117347
10,blocks.0.attn.c_v.weight.buf,1048576,1049401,RAW,0.03181512499577366
10,blocks.0.attn.c_proj.weight.buf,1048576,1049401,RAW,0.020403167000040412
10,blocks.0.mlp.c_fc.weight.buf,4194304,4196389,RAW,0.10024770800373517
10,blocks.0.mlp.c_proj.weight.buf,4194304,4195129,RAW,0.1671391669951845
10,blocks.1.attn.c_q.weight.buf,1048576,1049401,RAW,0.021441832999698818
10,blocks.1.attn.c_k.weight.buf,1048576,1049401,RAW,0.037457833997905254
10,blocks.1.attn.c_v.weight.buf,1048576,1049401,RAW,0.02120208297856152
10,blocks.1.attn.c_proj.weight.buf,1048576,1049401,RAW,0.02209875002154149
10,blocks.1.attn.ve_gate.weight.buf,512,1022,RAW,2.549999044276774e-05
10,blocks.1.mlp.c_fc.weight.buf,4194304,4196389,RAW,0.11589220800669864
10,blocks.1.mlp.c_proj.weight.buf,4194304,4195129,RAW,0.10444304198608734
10,blocks.2.attn.c_q.weight.buf,1048576,1049401,RAW,0.020824249979341403
10,blocks.2.attn.c_k.weight.buf,1048576,1049401,RAW,0.03523787498124875
10,blocks.2.attn.c_v.weight.buf,1048576,1049401,RAW,0.02018179200240411
10,blocks.2.attn.c_proj.weight.buf,1048576,1049401,RAW,0.020105584000702947
10,blocks.2.mlp.c_fc.weight.buf,4194304,4196389,RAW,0.10953275000792928
10,blocks.2.mlp.c_proj.weight.buf,4194304,4195129,RAW,0.11380783299682662
10,blocks.3.attn.c_q.weight.buf,1048576,1049401,RAW,0.02047233300982043
10,blocks.3.attn.c_k.weight.buf,1048576,1049401,RAW,0.03637204199912958
10,blocks.3.attn.c_v.weight.buf,1048576,1049401,RAW,0.02035170901217498
10,blocks.3.attn.c_proj.weight.buf,1048576,1049401,RAW,0.020405374991241843
10,blocks.3.attn.ve_gate.weight.buf,512,1022,RAW,1.2584001524373889e-05
10,blocks.3.mlp.c_fc.weight.buf,4194304,4196389,RAW,0.10083941600169055
10,blocks.3.mlp.c_proj.weight.buf,4194304,4195129,RAW,0.10528575000353158
10,blocks.4.attn.c_q.weight.buf,1048576,1049401,RAW,0.02038491697749123
10,blocks.4.attn.c_k.weight.buf,1048576,1049401,RAW,0.03402304201154038
10,blocks.4.attn.c_v.weight.buf,1048576,1049401,RAW,0.02084695899975486
10,blocks.4.attn.c_proj.weight.buf,1048576,1049401,RAW,0.02059083300991915
10,blocks.4.mlp.c_fc.weight.buf,4194304,4196389,RAW,0.11148320802021772
10,blocks.4.mlp.c_proj.weight.buf,4194304,4195129,RAW,0.106226166972192
10,blocks.5.attn.c_q.weight.buf,1048576,1049401,RAW,0.02048154198564589
10,blocks.5.attn.c_k.weight.buf,1048576,1049401,RAW,0.03396000000066124
10,blocks.5.attn.c_v.weight.buf,1048576,1049401,RAW,0.020026084006531164
10,blocks.5.attn.c_proj.weight.buf,1048576,1049401,RAW,0.02023179200477898
10,blocks.5.attn.ve_gate.weight.buf,512,1022,RAW,1.3291981304064393e-05
10,blocks.5.mlp.c_fc.weight.buf,4194304,4196389,RAW,0.11179812499904074
10,blocks.5.mlp.c_proj.weight.buf,4194304,4195129,RAW,0.10589033298310824
10,blocks.6.attn.c_q.weight.buf,1048576,1049401,RAW,0.020558125019306317
10,blocks.6.attn.c_k.weight.buf,1048576,1049401,RAW,0.03445145799196325
10,blocks.6.attn.c_v.weight.buf,1048576,1049401,RAW,0.020841958990786225
10,blocks.6.attn.c_proj.weight.buf,1048576,1049401,RAW,0.02072041598148644
10,blocks.6.mlp.c_fc.weight.buf,4194304,4196389,RAW,0.12026341698947363
10,blocks.6.mlp.c_proj.weight.buf,4194304,4195129,RAW,0.10041220899438486
10,blocks.7.attn.c_q.weight.buf,1048576,1049401,RAW,0.020107458985876292
10,blocks.7.attn.c_k.weight.buf,1048576,1049401,RAW,0.032871375005925074
10,blocks.7.attn.c_v.weight.buf,1048576,1049401,RAW,0.020252666989108548
10,blocks.7.attn.c_proj.weight.buf,1048576,1049401,RAW,0.02100074998452328
10,blocks.7.attn.ve_gate.weight.buf,512,1022,RAW,1.812499249354005e-05
10,blocks.7.mlp.c_fc.weight.buf,4194304,4196389,RAW,0.10891199999605305
10,blocks.7.mlp.c_proj.weight.buf,4194304,4195129,RAW,0.09882004099199548
10,lm_head.weight.m,67108864,67136149,RAW,1.5798465000116266
10,lm_head.weight.v,67108864,67136149,RAW,1.5463253749767318
10,resid_lambdas.m,32,32,RAW_VECTOR,6.582995411008596e-06
10,resid_lambdas.v,32,32,RAW_VECTOR,1.8329883459955454e-06
10,x0_lambdas.m,32,32,RAW_VECTOR,9.590003173798323e-07
10,x0_lambdas.v,32,32,RAW_VECTOR,4.1601015254855156e-07
10,value_embeds.1.weight.m,67108864,39639801,GRAMMAR,0.6034718329901807
10,value_embeds.1.weight.v,67108864,39639809,GRAMMAR,0.6036766670003999
10,value_embeds.3.weight.m,67108864,39640777,GRAMMAR,0.5876068329962436
10,value_embeds.3.weight.v,67108864,39640993,GRAMMAR,0.5885645420057699
10,value_embeds.5.weight.m,67108864,39636573,GRAMMAR,0.5778745000134222
10,value_embeds.5.weight.v,67108864,39641017,GRAMMAR,0.5879323339904658
10,value_embeds.7.weight.m,67108864,39640801,GRAMMAR,0.5947701669938397
10,value_embeds.7.weight.v,67108864,39644125,GRAMMAR,0.5960865830129478
11,wte.weight.m,67108864,43033161,GRAMMAR,0.6208680830022786
11,wte.weight.v,67108864,43031445,GRAMMAR,0.6144460829964373
11,blocks.0.attn.c_q.weight.buf,1048576,1049401,RAW,0.038126165978610516
11,blocks.0.attn.c_k.weight.buf,1048576,1049401,RAW,0.021605250018183142
11,blocks.0.attn.c_v.weight.buf,1048576,1049401,RAW,0.03684662497835234
11,blocks.0.attn.c_proj.weight.buf,1048576,1049401,RAW,0.022578292002435774
11,blocks.0.mlp.c_fc.weight.buf,4194304,4196389,RAW,0.10807962500257418
11,blocks.0.mlp.c_proj.weight.buf,4194304,4195129,RAW,0.14872749999631196
11,blocks.1.attn.c_q.weight.buf,1048576,1049401,RAW,0.020089375000679865
11,blocks.1.attn.c_k.weight.buf,1048576,1049401,RAW,0.03416537499288097
11,blocks.1.attn.c_v.weight.buf,1048576,1049401,RAW,0.02044579101493582
11,blocks.1.attn.c_proj.weight.buf,1048576,1049401,RAW,0.020646999997552484
11,blocks.1.attn.ve_gate.weight.buf,512,1022,RAW,1.3375014532357454e-05
11,blocks.1.mlp.c_fc.weight.buf,4194304,4196389,RAW,0.09891050000442192
11,blocks.1.mlp.c_proj.weight.buf,4194304,4195129,RAW,0.10946312500163913
11,blocks.2.attn.c_q.weight.buf,1048576,1049401,RAW,0.020706749986857176
11,blocks.2.attn.c_k.weight.buf,1048576,1049401,RAW,0.034741500014206395
11,blocks.2.attn.c_v.weight.buf,1048576,1049401,RAW,0.020127416995819658
11,blocks.2.attn.c_proj.weight.buf,1048576,1049401,RAW,0.02061170802335255
11,blocks.2.mlp.c_fc.weight.buf,4194304,4196389,RAW,0.09820341700105928
11,blocks.2.mlp.c_proj.weight.buf,4194304,4195129,RAW,0.1167960419843439
11,blocks.3.attn.c_q.weight.buf,1048576,1049401,RAW,0.02034720900701359
11,blocks.3.attn.c_k.weight.buf,1048576,1049401,RAW,0.033772333001252264
11,blocks.3.attn.c_v.weight.buf,1048576,1049401,RAW,0.020514332980383188
11,blocks.3.attn.c_proj.weight.buf,1048576,1049401,RAW,0.020280333003029227
11,blocks.3.attn.ve_gate.weight.buf,512,1022,RAW,1.2500007869675756e-05
11,blocks.3.mlp.c_fc.weight.buf,4194304,4196389,RAW,0.11017170798731968
11,blocks.3.mlp.c_proj.weight.buf,4194304,4195129,RAW,0.10679162497399375
11,blocks.4.attn.c_q.weight.buf,1048576,1049401,RAW,0.020652667008107528
11,blocks.4.attn.c_k.weight.buf,1048576,1049401,RAW,0.033842416014522314
11,blocks.4.attn.c_v.weight.buf,1048576,1049401,RAW,0.02063524999539368
11,blocks.4.attn.c_proj.weight.buf,1048576,1049401,RAW,0.020911584026180208
11,blocks.4.mlp.c_fc.weight.buf,4194304,4196389,RAW,0.1117620829900261
11,blocks.4.mlp.c_proj.weight.buf,4194304,4195129,RAW,0.10419658399769105
11,blocks.5.attn.c_q.weight.buf,1048576,1049401,RAW,0.020743500004755333
11,blocks.5.attn.c_k.weight.buf,1048576,1049401,RAW,0.034284249995835125
11,blocks.5.attn.c_v.weight.buf,1048576,1049401,RAW,0.020043083000928164
11,blocks.5.attn.c_proj.weight.buf,1048576,1049401,RAW,0.020348916994407773
11,blocks.5.attn.ve_gate.weight.buf,512,1022,RAW,1.979200169444084e-05
11,blocks.5.mlp.c_fc.weight.buf,4194304,4196389,RAW,0.09929641700000502
11,blocks.5.mlp.c_proj.weight.buf,4194304,4195129,RAW,0.11555554199730977
11,blocks.6.attn.c_q.weight.buf,1048576,1049401,RAW,0.02083329198649153
11,blocks.6.attn.c_k.weight.buf,1048576,1049401,RAW,0.03369745798408985
11,blocks.6.attn.c_v.weight.buf,1048576,1049401,RAW,0.02029812498949468
11,blocks.6.attn.c_proj.weight.buf,1048576,1049401,RAW,0.020046165998792276
11,blocks.6.mlp.c_fc.weight.buf,4194304,4196389,RAW,0.11168562501552515
11,blocks.6.mlp.c_proj.weight.buf,4194304,4195129,RAW,0.09886329100118019
11,blocks.7.attn.c_q.weight.buf,1048576,1049401,RAW,0.0196633750165347
11,blocks.7.attn.c_k.weight.buf,1048576,1049401,RAW,0.03207287497934885
11,blocks.7.attn.c_v.weight.buf,1048576,1049401,RAW,0.020204291999107227
11,blocks.7.attn.c_proj.weight.buf,1048576,1049401,RAW,0.01972058298997581
11,blocks.7.attn.ve_gate.weight.buf,512,1022,RAW,2.5042012566700578e-05
11,blocks.7.mlp.c_fc.weight.buf,4194304,4196389,RAW,0.09550637498614378
11,blocks.7.mlp.c_proj.weight.buf,4194304,4195129,RAW,0.10053654198418371
11,lm_head.weight.m,67108864,67136149,RAW,1.5861305829894263
11,lm_head.weight.v,67108864,67136149,RAW,1.5725408750004135
11,resid_lambdas.m,32,32,RAW_VECTOR,8.707982487976551e-06
11,resid_lambdas.v,32,32,RAW_VECTOR,6.250047590583563e-07
11,x0_lambdas.m,32,32,RAW_VECTOR,1.0410149116069078e-06
11,x0_lambdas.v,32,32,RAW_VECTOR,4.159810487180948e-07
11,value_embeds.1.weight.m,67108864,41332833,GRAMMAR,0.6472941669926513
11,value_embeds.1.weight.v,67108864,41333917,GRAMMAR,0.6138020830112509
11,value_embeds.3.weight.m,67108864,41329721,GRAMMAR,0.6120372090081219
11,value_embeds.3.weight.v,67108864,41336141,GRAMMAR,0.6210730840102769
11,value_embeds.5.weight.m,67108864,41333865,GRAMMAR,0.5936839589849114
11,value_embeds.5.weight.v,67108864,41336293,GRAMMAR,0.6597629589959979
11,value_embeds.7.weight.m,67108864,41331849,GRAMMAR,0.6393218750017695
11,value_embeds.7.weight.v,67108864,41336189,GRAMMAR,0.6272431669931393
12,wte.weight.m,67108864,44408285,GRAMMAR,0.6436681250052061
12,wte.weight.v,67108864,44410869,GRAMMAR,0.6838815000082832
12,blocks.0.attn.c_q.weight.buf,1048576,1049401,RAW,0.033548665989656
12,blocks.0.attn.c_k.weight.buf,1048576,1049401,RAW,0.023550082987640053
12,blocks.0.attn.c_v.weight.buf,1048576,1049401,RAW,0.022245333006139845
12,blocks.0.attn.c_proj.weight.buf,1048576,1049401,RAW,0.03395391700905748
12,blocks.0.mlp.c_fc.weight.buf,4194304,4196389,RAW,0.09723908299929462
12,blocks.0.mlp.c_proj.weight.buf,4194304,4195129,RAW,0.10377474999404512
12,blocks.1.attn.c_q.weight.buf,1048576,1049401,RAW,0.03413408299093135
12,blocks.1.attn.c_k.weight.buf,1048576,1049401,RAW,0.02051474998006597
12,blocks.1.attn.c_v.weight.buf,1048576,1049401,RAW,0.0205241660005413
12,blocks.1.attn.c_proj.weight.buf,1048576,1049401,RAW,0.03503487497800961
12,blocks.1.attn.ve_gate.weight.buf,512,1022,RAW,2.7749978471547365e-05
12,blocks.1.mlp.c_fc.weight.buf,4194304,4196389,RAW,0.09879962500417605
12,blocks.1.mlp.c_proj.weight.buf,4194304,4195129,RAW,0.11153150000609457
12,blocks.2.attn.c_q.weight.buf,1048576,1049401,RAW,0.033576249988982454
12,blocks.2.attn.c_k.weight.buf,1048576,1049401,RAW,0.02105316598317586
12,blocks.2.attn.c_v.weight.buf,1048576,1049401,RAW,0.02048995898803696
12,blocks.2.attn.c_proj.weight.buf,1048576,1049401,RAW,0.035053125000558794
12,blocks.2.mlp.c_fc.weight.buf,4194304,4196389,RAW,0.09632716700434685
12,blocks.2.mlp.c_proj.weight.buf,4194304,4195129,RAW,0.10667345797992311
12,blocks.3.attn.c_q.weight.buf,1048576,1049401,RAW,0.03348979100701399
12,blocks.3.attn.c_k.weight.buf,1048576,1049401,RAW,0.021284874994307756
12,blocks.3.attn.c_v.weight.buf,1048576,1049401,RAW,0.020207958994433284
12,blocks.3.attn.c_proj.weight.buf,1048576,1049401,RAW,0.021388791006756946
12,blocks.3.attn.ve_gate.weight.buf,512,1022,RAW,0.00016029199468903244
12,blocks.3.mlp.c_fc.weight.buf,4194304,4196389,RAW,0.10443112498614937
12,blocks.3.mlp.c_proj.weight.buf,4194304,4195129,RAW,0.11061366699868813
12,blocks.4.attn.c_q.weight.buf,1048576,1049401,RAW,0.034635916992556304
12,blocks.4.attn.c_k.weight.buf,1048576,1049401,RAW,0.020365500007756054
12,blocks.4.attn.c_v.weight.buf,1048576,1049401,RAW,0.02035825001075864
12,blocks.4.attn.c_proj.weight.buf,1048576,1049401,RAW,0.03568995799287222
12,blocks.4.mlp.c_fc.weight.buf,4194304,4196389,RAW,0.09598725000978447
12,blocks.4.mlp.c_proj.weight.buf,4194304,4195129,RAW,0.09875308399205096
12,blocks.5.attn.c_q.weight.buf,1048576,1049401,RAW,0.020209832990076393
12,blocks.5.attn.c_k.weight.buf,1048576,1049401,RAW,0.03294791700318456
12,blocks.5.attn.c_v.weight.buf,1048576,1049401,RAW,0.022091332997661084
12,blocks.5.attn.c_proj.weight.buf,1048576,1049401,RAW,0.0374566669925116
12,blocks.5.attn.ve_gate.weight.buf,512,1022,RAW,3.6124984035268426e-05
12,blocks.5.mlp.c_fc.weight.buf,4194304,4196389,RAW,0.09951970900874585
12,blocks.5.mlp.c_proj.weight.buf,4194304,4195129,RAW,0.10120895798900165
12,blocks.6.attn.c_q.weight.buf,1048576,1049401,RAW,0.03281983398483135
12,blocks.6.attn.c_k.weight.buf,1048576,1049401,RAW,0.020584999991115183
12,blocks.6.attn.c_v.weight.buf,1048576,1049401,RAW,0.02007166700786911
12,blocks.6.attn.c_proj.weight.buf,1048576,1049401,RAW,0.0324363749823533
12,blocks.6.mlp.c_fc.weight.buf,4194304,4196389,RAW,0.0975978749920614
12,blocks.6.mlp.c_proj.weight.buf,4194304,4195129,RAW,0.09787045800476335
12,blocks.7.attn.c_q.weight.buf,1048576,1049401,RAW,0.020262916019419208
12,blocks.7.attn.c_k.weight.buf,1048576,1049401,RAW,0.03779299999587238
12,blocks.7.attn.c_v.weight.buf,1048576,1049401,RAW,0.02133487499668263
12,blocks.7.attn.c_proj.weight.buf,1048576,1049401,RAW,0.021954666008241475
12,blocks.7.attn.ve_gate.weight.buf,512,1022,RAW,2.4542008759453893e-05
12,blocks.7.mlp.c_fc.weight.buf,4194304,4196389,RAW,0.12776545801898465
12,blocks.7.mlp.c_proj.weight.buf,4194304,4195129,RAW,0.13436633298988454
12,lm_head.weight.m,67108864,67136149,RAW,1.5603163329942618
12,lm_head.weight.v,67108864,67136149,RAW,1.5937463339942042
12,resid_lambdas.m,32,32,RAW_VECTOR,9.875016985461116e-06
12,resid_lambdas.v,32,32,RAW_VECTOR,5.409820005297661e-07
12,x0_lambdas.m,32,32,RAW_VECTOR,1.7920101527124643e-06
12,x0_lambdas.v,32,32,RAW_VECTOR,4.169996827840805e-07
12,value_embeds.1.weight.m,67108864,42851145,GRAMMAR,0.6418396670196671
12,value_embeds.1.weight.v,67108864,42853361,GRAMMAR,0.6414415829931386
12,value_embeds.3.weight.m,67108864,42854309,GRAMMAR,0.6612510830163956
12,value_embeds.3.weight.v,67108864,42852529,GRAMMAR,0.6268210420093965
12,value_embeds.5.weight.m,67108864,42850153,GRAMMAR,0.6759613329777494
12,value_embeds.5.weight.v,67108864,42860865,GRAMMAR,0.6530731250240933
12,value_embeds.7.weight.m,67108864,42852257,GRAMMAR,0.64599841699237
12,value_embeds.7.weight.v,67108864,42859753,GRAMMAR,0.6408118339895736
13,wte.weight.m,67108864,45986333,GRAMMAR,0.704076541995164
13,wte.weight.v,67108864,45996081,GRAMMAR,0.6911281660140958
13,blocks.0.attn.c_q.weight.buf,1048576,1049401,RAW,0.021150041982764378
13,blocks.0.attn.c_k.weight.buf,1048576,1049401,RAW,0.019859874999383464
13,blocks.0.attn.c_v.weight.buf,1048576,1049401,RAW,0.03278362500714138
13,blocks.0.attn.c_proj.weight.buf,1048576,1049401,RAW,0.020457749982597306
13,blocks.0.mlp.c_fc.weight.buf,4194304,4196389,RAW,0.0947438329749275
13,blocks.0.mlp.c_proj.weight.buf,4194304,4195129,RAW,0.11876141600077972
13,blocks.1.attn.c_q.weight.buf,1048576,1049401,RAW,0.02049570801318623
13,blocks.1.attn.c_k.weight.buf,1048576,1049401,RAW,0.020257124997442588
13,blocks.1.attn.c_v.weight.buf,1048576,1049401,RAW,0.03391237498726696
13,blocks.1.attn.c_proj.weight.buf,1048576,1049401,RAW,0.02063629199983552
13,blocks.1.attn.ve_gate.weight.buf,512,1022,RAW,1.3542012311518192e-05
13,blocks.1.mlp.c_fc.weight.buf,4194304,4196389,RAW,0.09505470798467286
13,blocks.1.mlp.c_proj.weight.buf,4194304,4195129,RAW,0.11448820799705572
13,blocks.2.attn.c_q.weight.buf,1048576,1049401,RAW,0.022635500004980713
13,blocks.2.attn.c_k.weight.buf,1048576,1049401,RAW,0.020542457990814
13,blocks.2.attn.c_v.weight.buf,1048576,1049401,RAW,0.020142915978794917
13,blocks.2.attn.c_proj.weight.buf,1048576,1049401,RAW,0.02192433300660923
13,blocks.2.mlp.c_fc.weight.buf,4194304,4196389,RAW,0.09969312499742955
13,blocks.2.mlp.c_proj.weight.buf,4194304,4195129,RAW,0.12296670902287588
13,blocks.3.attn.c_q.weight.buf,1048576,1049401,RAW,0.023014042002614588
13,blocks.3.attn.c_k.weight.buf,1048576,1049401,RAW,0.02070262498455122
13,blocks.3.attn.c_v.weight.buf,1048576,1049401,RAW,0.034526458010077477
13,blocks.3.attn.c_proj.weight.buf,1048576,1049401,RAW,0.022159417014336213
13,blocks.3.attn.ve_gate.weight.buf,512,1022,RAW,3.404199378564954e-05
13,blocks.3.mlp.c_fc.weight.buf,4194304,4196389,RAW,0.09597370799747296
13,blocks.3.mlp.c_proj.weight.buf,4194304,4195129,RAW,0.09741874999599531
13,blocks.4.attn.c_q.weight.buf,1048576,1049401,RAW,0.021404209022875875
13,blocks.4.attn.c_k.weight.buf,1048576,1049401,RAW,0.019691708002937958
13,blocks.4.attn.c_v.weight.buf,1048576,1049401,RAW,0.01966733401059173
13,blocks.4.attn.c_proj.weight.buf,1048576,1049401,RAW,0.03269237498170696
13,blocks.4.mlp.c_fc.weight.buf,4194304,4196389,RAW,0.09579316698363982
13,blocks.4.mlp.c_proj.weight.buf,4194304,4195129,RAW,0.16373354100505821
13,blocks.5.attn.c_q.weight.buf,1048576,1049401,RAW,0.02221208400442265
13,blocks.5.attn.c_k.weight.buf,1048576,1049401,RAW,0.021722459001466632
13,blocks.5.attn.c_v.weight.buf,1048576,1049401,RAW,0.038225333992158994
13,blocks.5.attn.c_proj.weight.buf,1048576,1049401,RAW,0.02203975000884384
13,blocks.5.attn.ve_gate.weight.buf,512,1022,RAW,2.208401565439999e-05
13,blocks.5.mlp.c_fc.weight.buf,4194304,4196389,RAW,0.10383783400175162
13,blocks.5.mlp.c_proj.weight.buf,4194304,4195129,RAW,0.12159729198901914
13,blocks.6.attn.c_q.weight.buf,1048576,1049401,RAW,0.021953832998406142
13,blocks.6.attn.c_k.weight.buf,1048576,1049401,RAW,0.035043417010456324
13,blocks.6.attn.c_v.weight.buf,1048576,1049401,RAW,0.020838124997681007
13,blocks.6.attn.c_proj.weight.buf,1048576,1049401,RAW,0.02111312499619089
13,blocks.6.mlp.c_fc.weight.buf,4194304,4196389,RAW,0.11545466602547094
13,blocks.6.mlp.c_proj.weight.buf,4194304,4195129,RAW,0.11628933402244002
13,blocks.7.attn.c_q.weight.buf,1048576,1049401,RAW,0.020467499998630956
13,blocks.7.attn.c_k.weight.buf,1048576,1049401,RAW,0.034251708013471216
13,blocks.7.attn.c_v.weight.buf,1048576,1049401,RAW,0.020529915986116976
13,blocks.7.attn.c_proj.weight.buf,1048576,1049401,RAW,0.020213582989526913
13,blocks.7.attn.ve_gate.weight.buf,512,1022,RAW,1.1791998986154795e-05
13,blocks.7.mlp.c_fc.weight.buf,4194304,4196389,RAW,0.10983425000449643
13,blocks.7.mlp.c_proj.weight.buf,4194304,4195129,RAW,0.11728649999713525
13,lm_head.weight.m,67108864,67136149,RAW,1.5635790419764817
13,lm_head.weight.v,67108864,67136149,RAW,1.606300707993796
13,resid_lambdas.m,32,32,RAW_VECTOR,5.542009603232145e-06
13,resid_lambdas.v,32,32,RAW_VECTOR,3.583991201594472e-06
13,x0_lambdas.m,32,32,RAW_VECTOR,1.0840012691915035e-06
13,x0_lambdas.v,32,32,RAW_VECTOR,4.169996827840805e-07
13,value_embeds.1.weight.m,67108864,44521429,GRAMMAR,0.6597854169958737
13,value_embeds.1.weight.v,67108864,44522601,GRAMMAR,0.6654932090023067
13,value_embeds.3.weight.m,67108864,44523501,GRAMMAR,0.6840628749923781
13,value_embeds.3.weight.v,67108864,44525869,GRAMMAR,0.6905046250030864
13,value_embeds.5.weight.m,67108864,44524449,GRAMMAR,0.6712870000046678
13,value_embeds.5.weight.v,67108864,44528041,GRAMMAR,0.6622710000083316
13,value_embeds.7.weight.m,67108864,44523517,GRAMMAR,0.639106416987488
13,value_embeds.7.weight.v,67108864,44522785,GRAMMAR,0.7122563330049161
14,wte.weight.m,67108864,47419605,GRAMMAR,0.7088855000038166
14,wte.weight.v,67108864,47423025,GRAMMAR,0.6982564159843605
14,blocks.0.attn.c_q.weight.buf,1048576,1049401,RAW,0.03209749999223277
14,blocks.0.attn.c_k.weight.buf,1048576,1049401,RAW,0.019902416999684647
14,blocks.0.attn.c_v.weight.buf,1048576,1049401,RAW,0.01944150001509115
14,blocks.0.attn.c_proj.weight.buf,1048576,1049401,RAW,0.019801208982244134
14,blocks.0.mlp.c_fc.weight.buf,4194304,4196389,RAW,0.09284512500744313
14,blocks.0.mlp.c_proj.weight.buf,4194304,4195129,RAW,0.09927583302487619
14,blocks.1.attn.c_q.weight.buf,1048576,1049401,RAW,0.019975957984570414
14,blocks.1.attn.c_k.weight.buf,1048576,1049401,RAW,0.03242991599836387
14,blocks.1.attn.c_v.weight.buf,1048576,1049401,RAW,0.020629499980714172
14,blocks.1.attn.c_proj.weight.buf,1048576,1049401,RAW,0.020028083003126085
14,blocks.1.attn.ve_gate.weight.buf,512,1022,RAW,2.5125016691163182e-05
14,blocks.1.mlp.c_fc.weight.buf,4194304,4196389,RAW,0.11006400000769645
14,blocks.1.mlp.c_proj.weight.buf,4194304,4195129,RAW,0.16429087502183393
14,blocks.2.attn.c_q.weight.buf,1048576,1049401,RAW,0.038983625010587275
14,blocks.2.attn.c_k.weight.buf,1048576,1049401,RAW,0.02130487500107847
14,blocks.2.attn.c_v.weight.buf,1048576,1049401,RAW,0.021947875007754192
14,blocks.2.attn.c_proj.weight.buf,1048576,1049401,RAW,0.03832758398493752
14,blocks.2.mlp.c_fc.weight.buf,4194304,4196389,RAW,0.10281529201893136
14,blocks.2.mlp.c_proj.weight.buf,4194304,4195129,RAW,0.104493958002422
14,blocks.3.attn.c_q.weight.buf,1048576,1049401,RAW,0.03456104200449772
14,blocks.3.attn.c_k.weight.buf,1048576,1049401,RAW,0.020561916986480355
14,blocks.3.attn.c_v.weight.buf,1048576,1049401,RAW,0.02030412500607781
14,blocks.3.attn.c_proj.weight.buf,1048576,1049401,RAW,0.022503915999550372
14,blocks.3.attn.ve_gate.weight.buf,512,1022,RAW,1.8915976397693157e-05
14,blocks.3.mlp.c_fc.weight.buf,4194304,4196389,RAW,0.0955259169859346
14,blocks.3.mlp.c_proj.weight.buf,4194304,4195129,RAW,0.12133166601415724
14,blocks.4.attn.c_q.weight.buf,1048576,1049401,RAW,0.02132920900476165
14,blocks.4.attn.c_k.weight.buf,1048576,1049401,RAW,0.020722374989418313
14,blocks.4.attn.c_v.weight.buf,1048576,1049401,RAW,0.03392524999799207
14,blocks.4.attn.c_proj.weight.buf,1048576,1049401,RAW,0.020805583015317097
14,blocks.4.mlp.c_fc.weight.buf,4194304,4196389,RAW,0.11024958299822174
14,blocks.4.mlp.c_proj.weight.buf,4194304,4195129,RAW,0.11626537499250844
14,blocks.5.attn.c_q.weight.buf,1048576,1049401,RAW,0.021459708019392565
14,blocks.5.attn.c_k.weight.buf,1048576,1049401,RAW,0.020632750005461276
14,blocks.5.attn.c_v.weight.buf,1048576,1049401,RAW,0.03365600001416169
14,blocks.5.attn.c_proj.weight.buf,1048576,1049401,RAW,0.020706415991298854
14,blocks.5.attn.ve_gate.weight.buf,512,1022,RAW,1.1791998986154795e-05
14,blocks.5.mlp.c_fc.weight.buf,4194304,4196389,RAW,0.09731470898259431
14,blocks.5.mlp.c_proj.weight.buf,4194304,4195129,RAW,0.12572270797681995
14,blocks.6.attn.c_q.weight.buf,1048576,1049401,RAW,0.02288287499686703
14,blocks.6.attn.c_k.weight.buf,1048576,1049401,RAW,0.02265349999652244
14,blocks.6.attn.c_v.weight.buf,1048576,1049401,RAW,0.02349787499406375
14,blocks.6.attn.c_proj.weight.buf,1048576,1049401,RAW,0.020816125004785135
14,blocks.6.mlp.c_fc.weight.buf,4194304,4196389,RAW,0.09985929101821966
14,blocks.6.mlp.c_proj.weight.buf,4194304,4195129,RAW,0.12508341600187123
14,blocks.7.attn.c_q.weight.buf,1048576,1049401,RAW,0.02142862501204945
14,blocks.7.attn.c_k.weight.buf,1048576,1049401,RAW,0.021132207999471575
14,blocks.7.attn.c_v.weight.buf,1048576,1049401,RAW,0.03679899999406189
14,blocks.7.attn.c_proj.weight.buf,1048576,1049401,RAW,0.02107783398241736
14,blocks.7.attn.ve_gate.weight.buf,512,1022,RAW,1.895899185910821e-05
14,blocks.7.mlp.c_fc.weight.buf,4194304,4196389,RAW,0.11185112499515526
14,blocks.7.mlp.c_proj.weight.buf,4194304,4195129,RAW,0.11304437500075437
14,lm_head.weight.m,67108864,67136149,RAW,1.616051167016849
14,lm_head.weight.v,67108864,67136149,RAW,1.6044717500044499
14,resid_lambdas.m,32,32,RAW_VECTOR,5.833018803969026e-06
14,resid_lambdas.v,32,32,RAW_VECTOR,5.410111043602228e-07
14,x0_lambdas.m,32,32,RAW_VECTOR,2.542015863582492e-06
14,x0_lambdas.v,32,32,RAW_VECTOR,1.2500095181167126e-06
14,value_embeds.1.weight.m,67108864,45976505,GRAMMAR,0.6836125830013771
14,value_embeds.1.weight.v,67108864,45973629,GRAMMAR,0.7225808750081342
14,value_embeds.3.weight.m,67108864,45975477,GRAMMAR,0.726563083997462
14,value_embeds.3.weight.v,67108864,45977853,GRAMMAR,0.7180182080192026
14,value_embeds.5.weight.m,67108864,45972261,GRAMMAR,0.691742791008437
14,value_embeds.5.weight.v,67108864,45980065,GRAMMAR,0.7249622919771355
14,value_embeds.7.weight.m,67108864,45972365,GRAMMAR,0.7189089169842191
14,value_embeds.7.weight.v,67108864,45973821,GRAMMAR,0.7064563340099994
15,wte.weight.m,67108864,48741929,GRAMMAR,0.7522266249870881
15,wte.weight.v,67108864,48742129,GRAMMAR,0.7481674580194522
15,blocks.0.attn.c_q.weight.buf,1048576,1049401,RAW,0.020453167002415285
15,blocks.0.attn.c_k.weight.buf,1048576,1049401,RAW,0.03384270897367969
15,blocks.0.attn.c_v.weight.buf,1048576,1049401,RAW,0.02084900002228096
15,blocks.0.attn.c_proj.weight.buf,1048576,1049401,RAW,0.020300959004089236
15,blocks.0.mlp.c_fc.weight.buf,4194304,4196389,RAW,0.11935083402204327
15,blocks.0.mlp.c_proj.weight.buf,4194304,4195129,RAW,0.10342275002039969
15,blocks.1.attn.c_q.weight.buf,1048576,1049401,RAW,0.02016899999580346
15,blocks.1.attn.c_k.weight.buf,1048576,1049401,RAW,0.03337066702079028
15,blocks.1.attn.c_v.weight.buf,1048576,1049401,RAW,0.02045437498600222
15,blocks.1.attn.c_proj.weight.buf,1048576,1049401,RAW,0.019985916995210573
15,blocks.1.attn.ve_gate.weight.buf,512,1022,RAW,1.329201040789485e-05
15,blocks.1.mlp.c_fc.weight.buf,4194304,4196389,RAW,0.11104116699425504
15,blocks.1.mlp.c_proj.weight.buf,4194304,4195129,RAW,0.1049225419992581
15,blocks.2.attn.c_q.weight.buf,1048576,1049401,RAW,0.020197250007186085
15,blocks.2.attn.c_k.weight.buf,1048576,1049401,RAW,0.03362200001720339
15,blocks.2.attn.c_v.weight.buf,1048576,1049401,RAW,0.020861625001998618
15,blocks.2.attn.c_proj.weight.buf,1048576,1049401,RAW,0.02027429098961875
15,blocks.2.mlp.c_fc.weight.buf,4194304,4196389,RAW,0.09675208298722282
15,blocks.2.mlp.c_proj.weight.buf,4194304,4195129,RAW,0.10257929199724458
15,blocks.3.attn.c_q.weight.buf,1048576,1049401,RAW,0.020508541987510398
15,blocks.3.attn.c_k.weight.buf,1048576,1049401,RAW,0.02070487500168383
15,blocks.3.attn.c_v.weight.buf,1048576,1049401,RAW,0.02143900000373833
15,blocks.3.attn.c_proj.weight.buf,1048576,1049401,RAW,0.019853041012538597
15,blocks.3.attn.ve_gate.weight.buf,512,1022,RAW,3.0459021218121052e-05
15,blocks.3.mlp.c_fc.weight.buf,4194304,4196389,RAW,0.10927887499565259
15,blocks.3.mlp.c_proj.weight.buf,4194304,4195129,RAW,0.11066833400400355
15,blocks.4.attn.c_q.weight.buf,1048576,1049401,RAW,0.020446499984245747
15,blocks.4.attn.c_k.weight.buf,1048576,1049401,RAW,0.019683124992297962
15,blocks.4.attn.c_v.weight.buf,1048576,1049401,RAW,0.03309091701521538
15,blocks.4.attn.c_proj.weight.buf,1048576,1049401,RAW,0.020550415996694937
15,blocks.4.mlp.c_fc.weight.buf,4194304,4196389,RAW,0.10000700000091456
15,blocks.4.mlp.c_proj.weight.buf,4194304,4195129,RAW,0.11362220800947398
15,blocks.5.attn.c_q.weight.buf,1048576,1049401,RAW,0.019806249998509884
15,blocks.5.attn.c_k.weight.buf,1048576,1049401,RAW,0.019977583026047796
15,blocks.5.attn.c_v.weight.buf,1048576,1049401,RAW,0.03329529199982062
15,blocks.5.attn.c_proj.weight.buf,1048576,1049401,RAW,0.02025124998181127
15,blocks.5.attn.ve_gate.weight.buf,512,1022,RAW,4.329101648181677e-05
15,blocks.5.mlp.c_fc.weight.buf,4194304,4196389,RAW,0.09504050001851283
15,blocks.5.mlp.c_proj.weight.buf,4194304,4195129,RAW,0.10988912498578429
15,blocks.6.attn.c_q.weight.buf,1048576,1049401,RAW,0.021388249995652586
15,blocks.6.attn.c_k.weight.buf,1048576,1049401,RAW,0.0200367079814896
15,blocks.6.attn.c_v.weight.buf,1048576,1049401,RAW,0.020795125019503757
15,blocks.6.attn.c_proj.weight.buf,1048576,1049401,RAW,0.022813708026660606
15,blocks.6.mlp.c_fc.weight.buf,4194304,4196389,RAW,0.12077133299317211
15,blocks.6.mlp.c_proj.weight.buf,4194304,4195129,RAW,0.14417004198185168
15,blocks.7.attn.c_q.weight.buf,1048576,1049401,RAW,0.02172208297997713
15,blocks.7.attn.c_k.weight.buf,1048576,1049401,RAW,0.02167970797745511
15,blocks.7.attn.c_v.weight.buf,1048576,1049401,RAW,0.03805445900070481
15,blocks.7.attn.c_proj.weight.buf,1048576,1049401,RAW,0.02216333302203566
15,blocks.7.attn.ve_gate.weight.buf,512,1022,RAW,2.304100780747831e-05
15,blocks.7.mlp.c_fc.weight.buf,4194304,4196389,RAW,0.10414133299491368
15,blocks.7.mlp.c_proj.weight.buf,4194304,4195129,RAW,0.10550120798870921
15,lm_head.weight.m,67108864,67136149,RAW,1.5540697500109673
15,lm_head.weight.v,67108864,67136149,RAW,1.5553096250223462
15,resid_lambdas.m,32,32,RAW_VECTOR,5.959009286016226e-06
15,resid_lambdas.v,32,32,RAW_VECTOR,5.420006345957518e-07
15,x0_lambdas.m,32,32,RAW_VECTOR,1.0420044418424368e-06
15,x0_lambdas.v,32,32,RAW_VECTOR,5.00003807246685e-07
15,value_embeds.1.weight.m,67108864,47381793,GRAMMAR,0.7409436669840943
15,value_embeds.1.weight.v,67108864,47377849,GRAMMAR,0.736604499979876
15,value_embeds.3.weight.m,67108864,47383885,GRAMMAR,0.7129105000058189
15,value_embeds.3.weight.v,67108864,47380001,GRAMMAR,0.7521602079796139
15,value_embeds.5.weight.m,67108864,47377589,GRAMMAR,0.7258077500155196
15,value_embeds.5.weight.v,67108864,47380145,GRAMMAR,0.7194171250157524
15,value_embeds.7.weight.m,67108864,47377673,GRAMMAR,0.7174030000169296
15,value_embeds.7.weight.v,67108864,47380181,GRAMMAR,0.7548505419981666
16,wte.weight.m,67108864,50062561,GRAMMAR,0.7768486249842681
16,wte.weight.v,67108864,50062721,GRAMMAR,0.7523460839875042
16,blocks.0.attn.c_q.weight.buf,1048576,1049401,RAW,0.0204391670122277
16,blocks.0.attn.c_k.weight.buf,1048576,1049401,RAW,0.019779374997597188
16,blocks.0.attn.c_v.weight.buf,1048576,1049401,RAW,0.03264775002025999
16,blocks.0.attn.c_proj.weight.buf,1048576,1049401,RAW,0.019778457994107157
16,blocks.0.mlp.c_fc.weight.buf,4194304,4196389,RAW,0.09420691701234318
16,blocks.0.mlp.c_proj.weight.buf,4194304,4195129,RAW,0.09931637498084456
16,blocks.1.attn.c_q.weight.buf,1048576,1049401,RAW,0.021392666007159278
16,blocks.1.attn.c_k.weight.buf,1048576,1049401,RAW,0.019865208014380187
16,blocks.1.attn.c_v.weight.buf,1048576,1049401,RAW,0.02007174998288974
16,blocks.1.attn.c_proj.weight.buf,1048576,1049401,RAW,0.03394691602443345
16,blocks.1.attn.ve_gate.weight.buf,512,1022,RAW,3.2791984267532825e-05
16,blocks.1.mlp.c_fc.weight.buf,4194304,4196389,RAW,0.09719016699818894
16,blocks.1.mlp.c_proj.weight.buf,4194304,4195129,RAW,0.15145316600683145
16,blocks.2.attn.c_q.weight.buf,1048576,1049401,RAW,0.022839542012661695
16,blocks.2.attn.c_k.weight.buf,1048576,1049401,RAW,0.021440417011035606
16,blocks.2.attn.c_v.weight.buf,1048576,1049401,RAW,0.03794550002203323
16,blocks.2.attn.c_proj.weight.buf,1048576,1049401,RAW,0.021549166995100677
16,blocks.2.mlp.c_fc.weight.buf,4194304,4196389,RAW,0.10376912500942126
16,blocks.2.mlp.c_proj.weight.buf,4194304,4195129,RAW,0.1504295409831684
16,blocks.3.attn.c_q.weight.buf,1048576,1049401,RAW,0.02100179099943489
16,blocks.3.attn.c_k.weight.buf,1048576,1049401,RAW,0.035392125020734966
16,blocks.3.attn.c_v.weight.buf,1048576,1049401,RAW,0.02087974999449216
16,blocks.3.attn.c_proj.weight.buf,1048576,1049401,RAW,0.021443541016196832
16,blocks.3.attn.ve_gate.weight.buf,512,1022,RAW,1.958297798410058e-05
16,blocks.3.mlp.c_fc.weight.buf,4194304,4196389,RAW,0.10256129200570285
16,blocks.3.mlp.c_proj.weight.buf,4194304,4195129,RAW,0.11271308301365934
16,blocks.4.attn.c_q.weight.buf,1048576,1049401,RAW,0.0348770419950597
16,blocks.4.attn.c_k.weight.buf,1048576,1049401,RAW,0.0204667910002172
16,blocks.4.attn.c_v.weight.buf,1048576,1049401,RAW,0.020557167008519173
16,blocks.4.attn.c_proj.weight.buf,1048576,1049401,RAW,0.034078999975463375
16,blocks.4.mlp.c_fc.weight.buf,4194304,4196389,RAW,0.09994004099280573
16,blocks.4.mlp.c_proj.weight.buf,4194304,4195129,RAW,0.11790829099481925
16,blocks.5.attn.c_q.weight.buf,1048576,1049401,RAW,0.03389604200492613
16,blocks.5.attn.c_k.weight.buf,1048576,1049401,RAW,0.02070454100612551
16,blocks.5.attn.c_v.weight.buf,1048576,1049401,RAW,0.020221500017214566
16,blocks.5.attn.c_proj.weight.buf,1048576,1049401,RAW,0.034043708990793675
16,blocks.5.attn.ve_gate.weight.buf,512,1022,RAW,1.8624996300786734e-05
16,blocks.5.mlp.c_fc.weight.buf,4194304,4196389,RAW,0.09811370799434371
16,blocks.5.mlp.c_proj.weight.buf,4194304,4195129,RAW,0.10399699999834411
16,blocks.6.attn.c_q.weight.buf,1048576,1049401,RAW,0.03473616699920967
16,blocks.6.attn.c_k.weight.buf,1048576,1049401,RAW,0.02073816698975861
16,blocks.6.attn.c_v.weight.buf,1048576,1049401,RAW,0.020830499997828156
16,blocks.6.attn.c_proj.weight.buf,1048576,1049401,RAW,0.034245624992763624
16,blocks.6.mlp.c_fc.weight.buf,4194304,4196389,RAW,0.09787112497724593
16,blocks.6.mlp.c_proj.weight.buf,4194304,4195129,RAW,0.13253095801337622
16,blocks.7.attn.c_q.weight.buf,1048576,1049401,RAW,0.021769375016447157
16,blocks.7.attn.c_k.weight.buf,1048576,1049401,RAW,0.02104733302257955
16,blocks.7.attn.c_v.weight.buf,1048576,1049401,RAW,0.03480120800668374
16,blocks.7.attn.c_proj.weight.buf,1048576,1049401,RAW,0.020669707999331877
16,blocks.7.attn.ve_gate.weight.buf,512,1022,RAW,1.4584016753360629e-05
16,blocks.7.mlp.c_fc.weight.buf,4194304,4196389,RAW,0.09853816701797768
16,blocks.7.mlp.c_proj.weight.buf,4194304,4195129,RAW,0.1412438330007717
16,lm_head.weight.m,67108864,67136149,RAW,1.5615011249901727
16,lm_head.weight.v,67108864,67136149,RAW,1.5571800000034273
16,resid_lambdas.m,32,32,RAW_VECTOR,5.584006430581212e-06
16,resid_lambdas.v,32,32,RAW_VECTOR,1.667009200900793e-06
16,x0_lambdas.m,32,32,RAW_VECTOR,9.579816833138466e-07
16,x0_lambdas.v,32,32,RAW_VECTOR,4.169996827840805e-07
16,value_embeds.1.weight.m,67108864,48798885,GRAMMAR,0.7392362079990562
16,value_embeds.1.weight.v,67108864,48799065,GRAMMAR,0.7917869579978287
16,value_embeds.3.weight.m,67108864,48805141,GRAMMAR,0.770361959002912
16,value_embeds.3.weight.v,67108864,48799161,GRAMMAR,0.7613801249826793
16,value_embeds.5.weight.m,67108864,48798773,GRAMMAR,0.7486777500016615
16,value_embeds.5.weight.v,67108864,48799225,GRAMMAR,0.8086600000096951
16,value_embeds.7.weight.m,67108864,48798957,GRAMMAR,0.7635063330235425
16,value_embeds.7.weight.v,67108864,48802429,GRAMMAR,0.7841592920012772
17,wte.weight.m,67108864,51141973,GRAMMAR,0.8228459169913549
17,wte.weight.v,67108864,51142109,GRAMMAR,0.8048074580146931
17,blocks.0.attn.c_q.weight.buf,1048576,1049401,RAW,0.03421449998859316
17,blocks.0.attn.c_k.weight.buf,1048576,1049401,RAW,0.0196256669878494
17,blocks.0.attn.c_v.weight.buf,1048576,1049401,RAW,0.021310416021151468
17,blocks.0.attn.c_proj.weight.buf,1048576,1049401,RAW,0.03767608301131986
17,blocks.0.mlp.c_fc.weight.buf,4194304,4196389,RAW,0.09530791599536315
17,blocks.0.mlp.c_proj.weight.buf,4194304,4195129,RAW,0.1088567920087371
17,blocks.1.attn.c_q.weight.buf,1048576,1049401,RAW,0.03376133300480433
17,blocks.1.attn.c_k.weight.buf,1048576,1049401,RAW,0.02060245900065638
17,blocks.1.attn.c_v.weight.buf,1048576,1049401,RAW,0.020275667018722743
17,blocks.1.attn.c_proj.weight.buf,1048576,1049401,RAW,0.03478533402085304
17,blocks.1.attn.ve_gate.weight.buf,512,1022,RAW,2.2916006855666637e-05
17,blocks.1.mlp.c_fc.weight.buf,4194304,4196389,RAW,0.09614283300470561
17,blocks.1.mlp.c_proj.weight.buf,4194304,4195129,RAW,0.10537370899692178
17,blocks.2.attn.c_q.weight.buf,1048576,1049401,RAW,0.034922457998618484
17,blocks.2.attn.c_k.weight.buf,1048576,1049401,RAW,0.019904207991203293
17,blocks.2.attn.c_v.weight.buf,1048576,1049401,RAW,0.020407125004567206
17,blocks.2.attn.c_proj.weight.buf,1048576,1049401,RAW,0.021532332990318537
17,blocks.2.mlp.c_fc.weight.buf,4194304,4196389,RAW,0.09671637500287034
17,blocks.2.mlp.c_proj.weight.buf,4194304,4195129,RAW,0.09988416600390337
17,blocks.3.attn.c_q.weight.buf,1048576,1049401,RAW,0.03357754199532792
17,blocks.3.attn.c_k.weight.buf,1048576,1049401,RAW,0.01995166699634865
17,blocks.3.attn.c_v.weight.buf,1048576,1049401,RAW,0.020312209002440795
17,blocks.3.attn.c_proj.weight.buf,1048576,1049401,RAW,0.03406658300082199
17,blocks.3.attn.ve_gate.weight.buf,512,1022,RAW,3.662498784251511e-05
17,blocks.3.mlp.c_fc.weight.buf,4194304,4196389,RAW,0.09477720799623057
17,blocks.3.mlp.c_proj.weight.buf,4194304,4195129,RAW,0.09879545899457298
17,blocks.4.attn.c_q.weight.buf,1048576,1049401,RAW,0.03386579098878428
17,blocks.4.attn.c_k.weight.buf,1048576,1049401,RAW,0.02008737501455471
17,blocks.4.attn.c_v.weight.buf,1048576,1049401,RAW,0.020067625009687617
17,blocks.4.attn.c_proj.weight.buf,1048576,1049401,RAW,0.03335799998603761
17,blocks.4.mlp.c_fc.weight.buf,4194304,4196389,RAW,0.09591145798913203
17,blocks.4.mlp.c_proj.weight.buf,4194304,4195129,RAW,0.10066329099936411
17,blocks.5.attn.c_q.weight.buf,1048576,1049401,RAW,0.020714250014862046
17,blocks.5.attn.c_k.weight.buf,1048576,1049401,RAW,0.03952458398998715
17,blocks.5.attn.c_v.weight.buf,1048576,1049401,RAW,0.021619917009957135
17,blocks.5.attn.c_proj.weight.buf,1048576,1049401,RAW,0.021764500008430332
17,blocks.5.attn.ve_gate.weight.buf,512,1022,RAW,2.4250010028481483e-05
17,blocks.5.mlp.c_fc.weight.buf,4194304,4196389,RAW,0.10518316700472496
17,blocks.5.mlp.c_proj.weight.buf,4194304,4195129,RAW,0.12707512499764562
17,blocks.6.attn.c_q.weight.buf,1048576,1049401,RAW,0.039961750007933006
17,blocks.6.attn.c_k.weight.buf,1048576,1049401,RAW,0.021670500020263717
17,blocks.6.attn.c_v.weight.buf,1048576,1049401,RAW,0.0215273329813499
17,blocks.6.attn.c_proj.weight.buf,1048576,1049401,RAW,0.03891641701920889
17,blocks.6.mlp.c_fc.weight.buf,4194304,4196389,RAW,0.09746629200526513
17,blocks.6.mlp.c_proj.weight.buf,4194304,4195129,RAW,0.1133997920260299
17,blocks.7.attn.c_q.weight.buf,1048576,1049401,RAW,0.03548879100708291
17,blocks.7.attn.c_k.weight.buf,1048576,1049401,RAW,0.02051987501909025
17,blocks.7.attn.c_v.weight.buf,1048576,1049401,RAW,0.020494541007792577
17,blocks.7.attn.c_proj.weight.buf,1048576,1049401,RAW,0.035901541996281594
17,blocks.7.attn.ve_gate.weight.buf,512,1022,RAW,1.7167010810226202e-05
17,blocks.7.mlp.c_fc.weight.buf,4194304,4196389,RAW,0.10004633400239982
17,blocks.7.mlp.c_proj.weight.buf,4194304,4195129,RAW,0.11383445799583569
17,lm_head.weight.m,67108864,67136149,RAW,1.5589164579869248
17,lm_head.weight.v,67108864,67136149,RAW,1.5996925839863252
17,resid_lambdas.m,32,32,RAW_VECTOR,1.2250005966052413e-05
17,resid_lambdas.v,32,32,RAW_VECTOR,5.830079317092896e-07
17,x0_lambdas.m,32,32,RAW_VECTOR,1.374981366097927e-06
17,x0_lambdas.v,32,32,RAW_VECTOR,5.00003807246685e-07
17,value_embeds.1.weight.m,67108864,49967361,GRAMMAR,0.7695186669880059
17,value_embeds.1.weight.v,67108864,49967477,GRAMMAR,0.7776636249909643
17,value_embeds.3.weight.m,67108864,49967405,GRAMMAR,0.8176801249792334
17,value_embeds.3.weight.v,67108864,49967581,GRAMMAR,0.7854321250051726
17,value_embeds.5.weight.m,67108864,49967161,GRAMMAR,0.7601860830036458
17,value_embeds.5.weight.v,67108864,49967641,GRAMMAR,0.7675200829980895
17,value_embeds.7.weight.m,67108864,49967401,GRAMMAR,0.81408250000095
17,value_embeds.7.weight.v,67108864,49967801,GRAMMAR,0.7912642499723006
18,wte.weight.m,67108864,52209861,GRAMMAR,0.8008374170167372
18,wte.weight.v,67108864,52211949,GRAMMAR,0.8152386669826228
18,blocks.0.attn.c_q.weight.buf,1048576,1049401,RAW,0.021145208011148497
18,blocks.0.attn.c_k.weight.buf,1048576,1049401,RAW,0.020538875018246472
18,blocks.0.attn.c_v.weight.buf,1048576,1049401,RAW,0.035151957999914885
18,blocks.0.attn.c_proj.weight.buf,1048576,1049401,RAW,0.020497166988207027
18,blocks.0.mlp.c_fc.weight.buf,4194304,4196389,RAW,0.09589962498284876
18,blocks.0.mlp.c_proj.weight.buf,4194304,4195129,RAW,0.12230350001482293
18,blocks.1.attn.c_q.weight.buf,1048576,1049401,RAW,0.020741583983181044
18,blocks.1.attn.c_k.weight.buf,1048576,1049401,RAW,0.020373917010147125
18,blocks.1.attn.c_v.weight.buf,1048576,1049401,RAW,0.03459954197751358
18,blocks.1.attn.c_proj.weight.buf,1048576,1049401,RAW,0.02030304100480862
18,blocks.1.attn.ve_gate.weight.buf,512,1022,RAW,1.4707999071106315e-05
18,blocks.1.mlp.c_fc.weight.buf,4194304,4196389,RAW,0.09517720798612572
18,blocks.1.mlp.c_proj.weight.buf,4194304,4195129,RAW,0.12223854201147333
18,blocks.2.attn.c_q.weight.buf,1048576,1049401,RAW,0.020354166976176202
18,blocks.2.attn.c_k.weight.buf,1048576,1049401,RAW,0.01990633300738409
18,blocks.2.attn.c_v.weight.buf,1048576,1049401,RAW,0.03539258299861103
18,blocks.2.attn.c_proj.weight.buf,1048576,1049401,RAW,0.02162416698411107
18,blocks.2.mlp.c_fc.weight.buf,4194304,4196389,RAW,0.09618116699857637
18,blocks.2.mlp.c_proj.weight.buf,4194304,4195129,RAW,0.11887091700918972
18,blocks.3.attn.c_q.weight.buf,1048576,1049401,RAW,0.020717125007649884
18,blocks.3.attn.c_k.weight.buf,1048576,1049401,RAW,0.02082658401923254
18,blocks.3.attn.c_v.weight.buf,1048576,1049401,RAW,0.03491179199772887
18,blocks.3.attn.c_proj.weight.buf,1048576,1049401,RAW,0.02094412501901388
18,blocks.3.attn.ve_gate.weight.buf,512,1022,RAW,1.3083015801385045e-05
18,blocks.3.mlp.c_fc.weight.buf,4194304,4196389,RAW,0.09995420899940655
18,blocks.3.mlp.c_proj.weight.buf,4194304,4195129,RAW,0.12381245798314922
18,blocks.4.attn.c_q.weight.buf,1048576,1049401,RAW,0.021020333020715043
18,blocks.4.attn.c_k.weight.buf,1048576,1049401,RAW,0.020723666006233543
18,blocks.4.attn.c_v.weight.buf,1048576,1049401,RAW,0.03467929200269282
18,blocks.4.attn.c_proj.weight.buf,1048576,1049401,RAW,0.020814000017708167
18,blocks.4.mlp.c_fc.weight.buf,4194304,4196389,RAW,0.0991792079876177
18,blocks.4.mlp.c_proj.weight.buf,4194304,4195129,RAW,0.11643429199466482
18,blocks.5.attn.c_q.weight.buf,1048576,1049401,RAW,0.02060754198464565
18,blocks.5.attn.c_k.weight.buf,1048576,1049401,RAW,0.019796791981207207
18,blocks.5.attn.c_v.weight.buf,1048576,1049401,RAW,0.034529333002865314
18,blocks.5.attn.c_proj.weight.buf,1048576,1049401,RAW,0.034464291005861014
18,blocks.5.attn.ve_gate.weight.buf,512,1022,RAW,1.462499494664371e-05
18,blocks.5.mlp.c_fc.weight.buf,4194304,4196389,RAW,0.09661466599209234
18,blocks.5.mlp.c_proj.weight.buf,4194304,4195129,RAW,0.1163320420018863
18,blocks.6.attn.c_q.weight.buf,1048576,1049401,RAW,0.02059170900611207
18,blocks.6.attn.c_k.weight.buf,1048576,1049401,RAW,0.019988292013294995
18,blocks.6.attn.c_v.weight.buf,1048576,1049401,RAW,0.03403179199085571
18,blocks.6.attn.c_proj.weight.buf,1048576,1049401,RAW,0.020055833010701463
18,blocks.6.mlp.c_fc.weight.buf,4194304,4196389,RAW,0.09688695799559355
18,blocks.6.mlp.c_proj.weight.buf,4194304,4195129,RAW,0.11632366600679234
18,blocks.7.attn.c_q.weight.buf,1048576,1049401,RAW,0.020561750017805025
18,blocks.7.attn.c_k.weight.buf,1048576,1049401,RAW,0.02001491599367
18,blocks.7.attn.c_v.weight.buf,1048576,1049401,RAW,0.033457125013228506
18,blocks.7.attn.c_proj.weight.buf,1048576,1049401,RAW,0.02025966698420234
18,blocks.7.attn.ve_gate.weight.buf,512,1022,RAW,2.629202208481729e-05
18,blocks.7.mlp.c_fc.weight.buf,4194304,4196389,RAW,0.09963595800218172
18,blocks.7.mlp.c_proj.weight.buf,4194304,4195129,RAW,0.15255512500880286
18,lm_head.weight.m,67108864,67136149,RAW,1.6096709159901366
18,lm_head.weight.v,67108864,67136149,RAW,1.56710479198955
18,resid_lambdas.m,32,32,RAW_VECTOR,8.542003342881799e-06
18,resid_lambdas.v,32,32,RAW_VECTOR,5.829788278788328e-07
18,x0_lambdas.m,32,32,RAW_VECTOR,1.2920063454657793e-06
18,x0_lambdas.v,32,32,RAW_VECTOR,4.580069798976183e-07
18,value_embeds.1.weight.m,67108864,51084525,GRAMMAR,0.8119812090008054
18,value_embeds.1.weight.v,67108864,51084669,GRAMMAR,0.8025746249768417
18,value_embeds.3.weight.m,67108864,51086605,GRAMMAR,0.7958470839948859
18,value_embeds.3.weight.v,67108864,51084725,GRAMMAR,0.8254105829983018
18,value_embeds.5.weight.m,67108864,51086457,GRAMMAR,0.7927409170079045
18,value_embeds.5.weight.v,67108864,51086913,GRAMMAR,0.8112913749937434
18,value_embeds.7.weight.m,67108864,51086569,GRAMMAR,0.793337666982552
18,value_embeds.7.weight.v,67108864,51086973,GRAMMAR,0.8333430420025252
19,wte.weight.m,67108864,53367261,GRAMMAR,0.8637411249801517
19,wte.weight.v,67108864,53367149,GRAMMAR,0.8230532080051489
19,blocks.0.attn.c_q.weight.buf,1048576,1049401,RAW,0.020314875000622123
19,blocks.0.attn.c_k.weight.buf,1048576,1049401,RAW,0.01964745798613876
19,blocks.0.attn.c_v.weight.buf,1048576,1049401,RAW,0.034611709008459
19,blocks.0.attn.c_proj.weight.buf,1048576,1049401,RAW,0.01948662498034537
19,blocks.0.mlp.c_fc.weight.buf,4194304,4196389,RAW,0.09361600002739578
19,blocks.0.mlp.c_proj.weight.buf,4194304,4195129,RAW,0.13395754198427312
19,blocks.1.attn.c_q.weight.buf,1048576,1049401,RAW,0.021765207988210022
19,blocks.1.attn.c_k.weight.buf,1048576,1049401,RAW,0.03861829201923683
19,blocks.1.attn.c_v.weight.buf,1048576,1049401,RAW,0.022479416977148503
19,blocks.1.attn.c_proj.weight.buf,1048576,1049401,RAW,0.02158791699912399
19,blocks.1.attn.ve_gate.weight.buf,512,1022,RAW,2.7874979423359036e-05
19,blocks.1.mlp.c_fc.weight.buf,4194304,4196389,RAW,0.11824004101799801
19,blocks.1.mlp.c_proj.weight.buf,4194304,4195129,RAW,0.14783545798854902
19,blocks.2.attn.c_q.weight.buf,1048576,1049401,RAW,0.021653458999935538
19,blocks.2.attn.c_k.weight.buf,1048576,1049401,RAW,0.03510804200777784
19,blocks.2.attn.c_v.weight.buf,1048576,1049401,RAW,0.020455082994885743
19,blocks.2.attn.c_proj.weight.buf,1048576,1049401,RAW,0.020349333994090557
19,blocks.2.mlp.c_fc.weight.buf,4194304,4196389,RAW,0.0996658339863643
19,blocks.2.mlp.c_proj.weight.buf,4194304,4195129,RAW,0.10386445900076069
19,blocks.3.attn.c_q.weight.buf,1048576,1049401,RAW,0.020328042010078207
19,blocks.3.attn.c_k.weight.buf,1048576,1049401,RAW,0.035610249993624166
19,blocks.3.attn.c_v.weight.buf,1048576,1049401,RAW,0.02062020800076425
19,blocks.3.attn.c_proj.weight.buf,1048576,1049401,RAW,0.020476500008953735
19,blocks.3.attn.ve_gate.weight.buf,512,1022,RAW,1.3959011994302273e-05
19,blocks.3.mlp.c_fc.weight.buf,4194304,4196389,RAW,0.09831304199178703
19,blocks.3.mlp.c_proj.weight.buf,4194304,4195129,RAW,0.1058958750218153
19,blocks.4.attn.c_q.weight.buf,1048576,1049401,RAW,0.020602417003829032
19,blocks.4.attn.c_k.weight.buf,1048576,1049401,RAW,0.03497933302423917
19,blocks.4.attn.c_v.weight.buf,1048576,1049401,RAW,0.020244957995601
19,blocks.4.attn.c_proj.weight.buf,1048576,1049401,RAW,0.019919499987736344
19,blocks.4.mlp.c_fc.weight.buf,4194304,4196389,RAW,0.11291933400207199
19,blocks.4.mlp.c_proj.weight.buf,4194304,4195129,RAW,0.10657654100214131
19,blocks.5.attn.c_q.weight.buf,1048576,1049401,RAW,0.020342208008514717
19,blocks.5.attn.c_k.weight.buf,1048576,1049401,RAW,0.03553133297828026
19,blocks.5.attn.c_v.weight.buf,1048576,1049401,RAW,0.020784958003787324
19,blocks.5.attn.c_proj.weight.buf,1048576,1049401,RAW,0.020368166005937383
19,blocks.5.attn.ve_gate.weight.buf,512,1022,RAW,1.1500000255182385e-05
19,blocks.5.mlp.c_fc.weight.buf,4194304,4196389,RAW,0.11389691598014906
19,blocks.5.mlp.c_proj.weight.buf,4194304,4195129,RAW,0.10625174999586307
19,blocks.6.attn.c_q.weight.buf,1048576,1049401,RAW,0.02096287501626648
19,blocks.6.attn.c_k.weight.buf,1048576,1049401,RAW,0.03470104199368507
19,blocks.6.attn.c_v.weight.buf,1048576,1049401,RAW,0.020837207994190976
19,blocks.6.attn.c_proj.weight.buf,1048576,1049401,RAW,0.020392624981468543
19,blocks.6.mlp.c_fc.weight.buf,4194304,4196389,RAW,0.11587533401325345
19,blocks.6.mlp.c_proj.weight.buf,4194304,4195129,RAW,0.10644491601851769
19,blocks.7.attn.c_q.weight.buf,1048576,1049401,RAW,0.01956979199894704
19,blocks.7.attn.c_k.weight.buf,1048576,1049401,RAW,0.019814333994872868
19,blocks.7.attn.c_v.weight.buf,1048576,1049401,RAW,0.034707667015027255
19,blocks.7.attn.c_proj.weight.buf,1048576,1049401,RAW,0.02003045898163691
19,blocks.7.attn.ve_gate.weight.buf,512,1022,RAW,1.0707997716963291e-05
19,blocks.7.mlp.c_fc.weight.buf,4194304,4196389,RAW,0.096136917010881
19,blocks.7.mlp.c_proj.weight.buf,4194304,4195129,RAW,0.12969000000157394
19,lm_head.weight.m,67108864,67136149,RAW,1.5785079170018435
19,lm_head.weight.v,67108864,67136149,RAW,1.5597554999985732
19,resid_lambdas.m,32,32,RAW_VECTOR,6.66698906570673e-06
19,resid_lambdas.v,32,32,RAW_VECTOR,2.9999937396496534e-06
19,x0_lambdas.m,32,32,RAW_VECTOR,9.170034900307655e-07
19,x0_lambdas.v,32,32,RAW_VECTOR,5.00003807246685e-07
19,value_embeds.1.weight.m,67108864,52357209,GRAMMAR,0.8115530830109492
19,value_embeds.1.weight.v,67108864,52359433,GRAMMAR,0.8426473330182489
19,value_embeds.3.weight.m,67108864,52357229,GRAMMAR,0.8326261669863015
19,value_embeds.3.weight.v,67108864,52357357,GRAMMAR,0.8371069999993779
19,value_embeds.5.weight.m,67108864,52357161,GRAMMAR,0.8531410829746164
19,value_embeds.5.weight.v,67108864,52359541,GRAMMAR,0.8259093340020627
19,value_embeds.7.weight.m,67108864,52359269,GRAMMAR,0.8187224160064943
19,value_embeds.7.weight.v,67108864,52357505,GRAMMAR,0.8166865420062095
20,wte.weight.m,67108864,54272829,GRAMMAR,0.8605322919902392
20,wte.weight.v,67108864,54272589,GRAMMAR,0.8505375839886256
20,blocks.0.attn.c_q.weight.buf,1048576,1049401,RAW,0.020780958991963416
20,blocks.0.attn.c_k.weight.buf,1048576,1049401,RAW,0.019873915996868163
20,blocks.0.attn.c_v.weight.buf,1048576,1049401,RAW,0.03455241600750014
20,blocks.0.attn.c_proj.weight.buf,1048576,1049401,RAW,0.020121750014368445
20,blocks.0.mlp.c_fc.weight.buf,4194304,4196389,RAW,0.09381183300865814
20,blocks.0.mlp.c_proj.weight.buf,4194304,4195129,RAW,0.1306172499898821
20,blocks.1.attn.c_q.weight.buf,1048576,1049401,RAW,0.020415292005054653
20,blocks.1.attn.c_k.weight.buf,1048576,1049401,RAW,0.01987870899029076
20,blocks.1.attn.c_v.weight.buf,1048576,1049401,RAW,0.035859249997884035
20,blocks.1.attn.c_proj.weight.buf,1048576,1049401,RAW,0.0201314169971738
20,blocks.1.attn.ve_gate.weight.buf,512,1022,RAW,3.137500607408583e-05
20,blocks.1.mlp.c_fc.weight.buf,4194304,4196389,RAW,0.09471762497560121
20,blocks.1.mlp.c_proj.weight.buf,4194304,4195129,RAW,0.10153433398227207
20,blocks.2.attn.c_q.weight.buf,1048576,1049401,RAW,0.02129708300344646
20,blocks.2.attn.c_k.weight.buf,1048576,1049401,RAW,0.020304083009250462
20,blocks.2.attn.c_v.weight.buf,1048576,1049401,RAW,0.03372304199729115
20,blocks.2.attn.c_proj.weight.buf,1048576,1049401,RAW,0.020385375013574958
20,blocks.2.mlp.c_fc.weight.buf,4194304,4196389,RAW,0.09620895798434503
20,blocks.2.mlp.c_proj.weight.buf,4194304,4195129,RAW,0.10309833299834281
20,blocks.3.attn.c_q.weight.buf,1048576,1049401,RAW,0.023227458994369954
20,blocks.3.attn.c_k.weight.buf,1048576,1049401,RAW,0.02185395802371204
20,blocks.3.attn.c_v.weight.buf,1048576,1049401,RAW,0.02156379199004732
20,blocks.3.attn.c_proj.weight.buf,1048576,1049401,RAW,0.03985491601633839
20,blocks.3.attn.ve_gate.weight.buf,512,1022,RAW,3.708299482241273e-05
20,blocks.3.mlp.c_fc.weight.buf,4194304,4196389,RAW,0.10382225000648759
20,blocks.3.mlp.c_proj.weight.buf,4194304,4195129,RAW,0.17520966700976714
20,blocks.4.attn.c_q.weight.buf,1048576,1049401,RAW,0.021626708010444418
20,blocks.4.attn.c_k.weight.buf,1048576,1049401,RAW,0.039106457988964394
20,blocks.4.attn.c_v.weight.buf,1048576,1049401,RAW,0.021467500017024577
20,blocks.4.attn.c_proj.weight.buf,1048576,1049401,RAW,0.02048895799089223
20,blocks.4.mlp.c_fc.weight.buf,4194304,4196389,RAW,0.1128091250138823
20,blocks.4.mlp.c_proj.weight.buf,4194304,4195129,RAW,0.10444387499592267
20,blocks.5.attn.c_q.weight.buf,1048576,1049401,RAW,0.020422417001100257
20,blocks.5.attn.c_k.weight.buf,1048576,1049401,RAW,0.03480887500336394
20,blocks.5.attn.c_v.weight.buf,1048576,1049401,RAW,0.020331625011749566
20,blocks.5.attn.c_proj.weight.buf,1048576,1049401,RAW,0.02043075000983663
20,blocks.5.attn.ve_gate.weight.buf,512,1022,RAW,1.695798709988594e-05
20,blocks.5.mlp.c_fc.weight.buf,4194304,4196389,RAW,0.11141849998966791
20,blocks.5.mlp.c_proj.weight.buf,4194304,4195129,RAW,0.10393033400760032
20,blocks.6.attn.c_q.weight.buf,1048576,1049401,RAW,0.020699999993667006
20,blocks.6.attn.c_k.weight.buf,1048576,1049401,RAW,0.033799917000578716
20,blocks.6.attn.c_v.weight.buf,1048576,1049401,RAW,0.021318499988410622
20,blocks.6.attn.c_proj.weight.buf,1048576,1049401,RAW,0.020623541000531986
20,blocks.6.mlp.c_fc.weight.buf,4194304,4196389,RAW,0.11091208399739116
20,blocks.6.mlp.c_proj.weight.buf,4194304,4195129,RAW,0.11911595801939256
20,blocks.7.attn.c_q.weight.buf,1048576,1049401,RAW,0.020418542000697926
20,blocks.7.attn.c_k.weight.buf,1048576,1049401,RAW,0.0344845830113627
20,blocks.7.attn.c_v.weight.buf,1048576,1049401,RAW,0.021238874993287027
20,blocks.7.attn.c_proj.weight.buf,1048576,1049401,RAW,0.020829624991165474
20,blocks.7.attn.ve_gate.weight.buf,512,1022,RAW,1.262497971765697e-05
20,blocks.7.mlp.c_fc.weight.buf,4194304,4196389,RAW,0.10047887501423247
20,blocks.7.mlp.c_proj.weight.buf,4194304,4195129,RAW,0.10544158300035633
20,lm_head.weight.m,67108864,67136149,RAW,1.5712087500141934
20,lm_head.weight.v,67108864,67136149,RAW,1.6162580829986837
20,resid_lambdas.m,32,32,RAW_VECTOR,8.333008736371994e-06
20,resid_lambdas.v,32,32,RAW_VECTOR,4.169996827840805e-07
20,x0_lambdas.m,32,32,RAW_VECTOR,1.1250085663050413e-06
20,x0_lambdas.v,32,32,RAW_VECTOR,4.5797787606716156e-07
20,value_embeds.1.weight.m,67108864,53305489,GRAMMAR,0.8501751250005327
20,value_embeds.1.weight.v,67108864,53307661,GRAMMAR,0.8641115000064019
20,value_embeds.3.weight.m,67108864,53305581,GRAMMAR,0.8561305000039283
20,value_embeds.3.weight.v,67108864,53307597,GRAMMAR,0.8389509999833535
20,value_embeds.5.weight.m,67108864,53305441,GRAMMAR,0.8305562919995282
20,value_embeds.5.weight.v,67108864,53305805,GRAMMAR,0.8941682500008028
20,value_embeds.7.weight.m,67108864,53305569,GRAMMAR,0.8601975830097217
20,value_embeds.7.weight.v,67108864,53305865,GRAMMAR,0.841623582993634
21,wte.weight.m,67108864,55151717,GRAMMAR,0.9159041659731884
21,wte.weight.v,67108864,55151509,GRAMMAR,0.8838431670155842
21,blocks.0.attn.c_q.weight.buf,1048576,1049401,RAW,0.020781500003067777
21,blocks.0.attn.c_k.weight.buf,1048576,1049401,RAW,0.021859291999135166
21,blocks.0.attn.c_v.weight.buf,1048576,1049401,RAW,0.02049795800121501
21,blocks.0.attn.c_proj.weight.buf,1048576,1049401,RAW,0.03482070899917744
21,blocks.0.mlp.c_fc.weight.buf,4194304,4196389,RAW,0.09661812501144595
21,blocks.0.mlp.c_proj.weight.buf,4194304,4195129,RAW,0.10146474998327903
21,blocks.1.attn.c_q.weight.buf,1048576,1049401,RAW,0.019805750023806468
21,blocks.1.attn.c_k.weight.buf,1048576,1049401,RAW,0.034783125011017546
21,blocks.1.attn.c_v.weight.buf,1048576,1049401,RAW,0.020015499991131946
21,blocks.1.attn.c_proj.weight.buf,1048576,1049401,RAW,0.020038291986566037
21,blocks.1.attn.ve_gate.weight.buf,512,1022,RAW,1.3582990504801273e-05
21,blocks.1.mlp.c_fc.weight.buf,4194304,4196389,RAW,0.09603116600192152
21,blocks.1.mlp.c_proj.weight.buf,4194304,4195129,RAW,0.11512087500886992
21,blocks.2.attn.c_q.weight.buf,1048576,1049401,RAW,0.02025500001036562
21,blocks.2.attn.c_k.weight.buf,1048576,1049401,RAW,0.03359387500677258
21,blocks.2.attn.c_v.weight.buf,1048576,1049401,RAW,0.019963791011832654
21,blocks.2.attn.c_proj.weight.buf,1048576,1049401,RAW,0.019573875004425645
21,blocks.2.mlp.c_fc.weight.buf,4194304,4196389,RAW,0.09426891698967665
21,blocks.2.mlp.c_proj.weight.buf,4194304,4195129,RAW,0.10226629101089202
21,blocks.3.attn.c_q.weight.buf,1048576,1049401,RAW,0.020215208001900464
21,blocks.3.attn.c_k.weight.buf,1048576,1049401,RAW,0.020177958998829126
21,blocks.3.attn.c_v.weight.buf,1048576,1049401,RAW,0.034766374999890104
21,blocks.3.attn.c_proj.weight.buf,1048576,1049401,RAW,0.01984608400380239
21,blocks.3.attn.ve_gate.weight.buf,512,1022,RAW,1.6416975995525718e-05
21,blocks.3.mlp.c_fc.weight.buf,4194304,4196389,RAW,0.0981884170032572
21,blocks.3.mlp.c_proj.weight.buf,4194304,4195129,RAW,0.151832707982976
21,blocks.4.attn.c_q.weight.buf,1048576,1049401,RAW,0.021570790995610878
21,blocks.4.attn.c_k.weight.buf,1048576,1049401,RAW,0.039525708998553455
21,blocks.4.attn.c_v.weight.buf,1048576,1049401,RAW,0.021046041016234085
21,blocks.4.attn.c_proj.weight.buf,1048576,1049401,RAW,0.023252208018675447
21,blocks.4.mlp.c_fc.weight.buf,4194304,4196389,RAW,0.12358229098026641
21,blocks.4.mlp.c_proj.weight.buf,4194304,4195129,RAW,0.13461754098534584
21,blocks.5.attn.c_q.weight.buf,1048576,1049401,RAW,0.0333934579975903
21,blocks.5.attn.c_k.weight.buf,1048576,1049401,RAW,0.02151449999655597
21,blocks.5.attn.c_v.weight.buf,1048576,1049401,RAW,0.020404999988386407
21,blocks.5.attn.c_proj.weight.buf,1048576,1049401,RAW,0.03424558398546651
21,blocks.5.attn.ve_gate.weight.buf,512,1022,RAW,2.058298559859395e-05
21,blocks.5.mlp.c_fc.weight.buf,4194304,4196389,RAW,0.10003654198953882
21,blocks.5.mlp.c_proj.weight.buf,4194304,4195129,RAW,0.10465816699434072
21,blocks.6.attn.c_q.weight.buf,1048576,1049401,RAW,0.020659957983298227
21,blocks.6.attn.c_k.weight.buf,1048576,1049401,RAW,0.021833834005519748
21,blocks.6.attn.c_v.weight.buf,1048576,1049401,RAW,0.020265958999516442
21,blocks.6.attn.c_proj.weight.buf,1048576,1049401,RAW,0.020354167005280033
21,blocks.6.mlp.c_fc.weight.buf,4194304,4196389,RAW,0.10077925000223331
21,blocks.6.mlp.c_proj.weight.buf,4194304,4195129,RAW,0.10397858297801577
21,blocks.7.attn.c_q.weight.buf,1048576,1049401,RAW,0.0203893750149291
21,blocks.7.attn.c_k.weight.buf,1048576,1049401,RAW,0.035893082997063175
21,blocks.7.attn.c_v.weight.buf,1048576,1049401,RAW,0.02251074998639524
21,blocks.7.attn.c_proj.weight.buf,1048576,1049401,RAW,0.02122358398628421
21,blocks.7.attn.ve_gate.weight.buf,512,1022,RAW,1.3707991456612945e-05
21,blocks.7.mlp.c_fc.weight.buf,4194304,4196389,RAW,0.11399491701740772
21,blocks.7.mlp.c_proj.weight.buf,4194304,4195129,RAW,0.12110200000461191
21,lm_head.weight.m,67108864,67136149,RAW,1.5790833340142854
21,lm_head.weight.v,67108864,67136149,RAW,1.6197439999959897
21,resid_lambdas.m,32,32,RAW_VECTOR,6.500020390376449e-06
21,resid_lambdas.v,32,32,RAW_VECTOR,5.830079317092896e-07
21,x0_lambdas.m,32,32,RAW_VECTOR,1.2909877113997936e-06
21,x0_lambdas.v,32,32,RAW_VECTOR,5.420006345957518e-07
21,value_embeds.1.weight.m,67108864,54246657,GRAMMAR,0.8596801669918932
21,value_embeds.1.weight.v,67108864,54244649,GRAMMAR,0.8907290000061039
21,value_embeds.3.weight.m,67108864,54244765,GRAMMAR,0.8894639170030132
21,value_embeds.3.weight.v,67108864,54246661,GRAMMAR,0.9041944580094423
21,value_embeds.5.weight.m,67108864,54244613,GRAMMAR,0.8811334999918472
21,value_embeds.5.weight.v,67108864,54244897,GRAMMAR,0.9099307500000577
21,value_embeds.7.weight.m,67108864,54244665,GRAMMAR,0.8858099170029163
21,value_embeds.7.weight.v,67108864,54247029,GRAMMAR,0.875280209002085
22,wte.weight.m,67108864,56069593,GRAMMAR,0.92800100002205
22,wte.weight.v,67108864,56069349,GRAMMAR,0.9198740420106333
22,blocks.0.attn.c_q.weight.buf,1048576,1049401,RAW,0.020525500003714114
22,blocks.0.attn.c_k.weight.buf,1048576,1049401,RAW,0.035121334018185735
22,blocks.0.attn.c_v.weight.buf,1048576,1049401,RAW,0.019989832973806188
22,blocks.0.attn.c_proj.weight.buf,1048576,1049401,RAW,0.020359709014883265
22,blocks.0.mlp.c_fc.weight.buf,4194304,4196389,RAW,0.10903745898394845
22,blocks.0.mlp.c_proj.weight.buf,4194304,4195129,RAW,0.10279779200209305
22,blocks.1.attn.c_q.weight.buf,1048576,1049401,RAW,0.021821500005898997
22,blocks.1.attn.c_k.weight.buf,1048576,1049401,RAW,0.03705229100887664
22,blocks.1.attn.c_v.weight.buf,1048576,1049401,RAW,0.019786749995546415
22,blocks.1.attn.c_proj.weight.buf,1048576,1049401,RAW,0.019749833008972928
22,blocks.1.attn.ve_gate.weight.buf,512,1022,RAW,3.608298720791936e-05
22,blocks.1.mlp.c_fc.weight.buf,4194304,4196389,RAW,0.09731237500091083
22,blocks.1.mlp.c_proj.weight.buf,4194304,4195129,RAW,0.11876870898413472
22,blocks.2.attn.c_q.weight.buf,1048576,1049401,RAW,0.019910415983758867
22,blocks.2.attn.c_k.weight.buf,1048576,1049401,RAW,0.03439049998996779
22,blocks.2.attn.c_v.weight.buf,1048576,1049401,RAW,0.020626792014809325
22,blocks.2.attn.c_proj.weight.buf,1048576,1049401,RAW,0.021267833973979577
22,blocks.2.mlp.c_fc.weight.buf,4194304,4196389,RAW,0.11438395798904821
22,blocks.2.mlp.c_proj.weight.buf,4194304,4195129,RAW,0.10616399999707937
22,blocks.3.attn.c_q.weight.buf,1048576,1049401,RAW,0.020199541992042214
22,blocks.3.attn.c_k.weight.buf,1048576,1049401,RAW,0.034689499996602535
22,blocks.3.attn.c_v.weight.buf,1048576,1049401,RAW,0.020716833998449147
22,blocks.3.attn.c_proj.weight.buf,1048576,1049401,RAW,0.021239541994873434
22,blocks.3.attn.ve_gate.weight.buf,512,1022,RAW,2.6541005354374647e-05
22,blocks.3.mlp.c_fc.weight.buf,4194304,4196389,RAW,0.12113591699744575
22,blocks.3.mlp.c_proj.weight.buf,4194304,4195129,RAW,0.135477332980372
22,blocks.4.attn.c_q.weight.buf,1048576,1049401,RAW,0.03985500000999309
22,blocks.4.attn.c_k.weight.buf,1048576,1049401,RAW,0.0227824579924345
22,blocks.4.attn.c_v.weight.buf,1048576,1049401,RAW,0.023014375008642673
22,blocks.4.attn.c_proj.weight.buf,1048576,1049401,RAW,0.04269708399078809
22,blocks.4.mlp.c_fc.weight.buf,4194304,4196389,RAW,0.10682745900703594
22,blocks.4.mlp.c_proj.weight.buf,4194304,4195129,RAW,0.13433474997873418
22,blocks.5.attn.c_q.weight.buf,1048576,1049401,RAW,0.023048582981573418
22,blocks.5.attn.c_k.weight.buf,1048576,1049401,RAW,0.02251408397569321
22,blocks.5.attn.c_v.weight.buf,1048576,1049401,RAW,0.036378499993588775
22,blocks.5.attn.c_proj.weight.buf,1048576,1049401,RAW,0.022661249997327104
22,blocks.5.attn.ve_gate.weight.buf,512,1022,RAW,2.3250002413988113e-05
22,blocks.5.mlp.c_fc.weight.buf,4194304,4196389,RAW,0.10528420799528249
22,blocks.5.mlp.c_proj.weight.buf,4194304,4195129,RAW,0.13947816600557417
22,blocks.6.attn.c_q.weight.buf,1048576,1049401,RAW,0.021709208987886086
22,blocks.6.attn.c_k.weight.buf,1048576,1049401,RAW,0.022182749991770834
22,blocks.6.attn.c_v.weight.buf,1048576,1049401,RAW,0.03827250000904314
22,blocks.6.attn.c_proj.weight.buf,1048576,1049401,RAW,0.022123125003417954
22,blocks.6.mlp.c_fc.weight.buf,4194304,4196389,RAW,0.10866687499219552
22,blocks.6.mlp.c_proj.weight.buf,4194304,4195129,RAW,0.12442995799938217
22,blocks.7.attn.c_q.weight.buf,1048576,1049401,RAW,0.021539292007219046
22,blocks.7.attn.c_k.weight.buf,1048576,1049401,RAW,0.03708070801803842
22,blocks.7.attn.c_v.weight.buf,1048576,1049401,RAW,0.022073375002946705
22,blocks.7.attn.c_proj.weight.buf,1048576,1049401,RAW,0.020595749985659495
22,blocks.7.attn.ve_gate.weight.buf,512,1022,RAW,2.8250011382624507e-05
22,blocks.7.mlp.c_fc.weight.buf,4194304,4196389,RAW,0.12164070797734894
22,blocks.7.mlp.c_proj.weight.buf,4194304,4195129,RAW,0.11713245901046321
22,lm_head.weight.m,67108864,67136149,RAW,1.699330083996756
22,lm_head.weight.v,67108864,67136149,RAW,1.634126582997851
22,resid_lambdas.m,32,32,RAW_VECTOR,6.791000487282872e-06
22,resid_lambdas.v,32,32,RAW_VECTOR,1.4580145943909883e-06
22,x0_lambdas.m,32,32,RAW_VECTOR,1.0420044418424368e-06
22,x0_lambdas.v,32,32,RAW_VECTOR,3.3300602808594704e-07
22,value_embeds.1.weight.m,67108864,55214169,GRAMMAR,0.9027787499944679
22,value_embeds.1.weight.v,67108864,55212157,GRAMMAR,0.9078456660208758
22,value_embeds.3.weight.m,67108864,55212337,GRAMMAR,0.9006554170046002
22,value_embeds.3.weight.v,67108864,55216185,GRAMMAR,0.9111419999971986
22,value_embeds.5.weight.m,67108864,55212149,GRAMMAR,0.8926247500057798
22,value_embeds.5.weight.v,67108864,55212453,GRAMMAR,0.943217292020563
22,value_embeds.7.weight.m,67108864,55210125,GRAMMAR,0.9022389999881852
22,value_embeds.7.weight.v,67108864,55212533,GRAMMAR,0.8926100409880746
23,wte.weight.m,67108864,56794225,GRAMMAR,0.9352882500097621
23,wte.weight.v,67108864,56793929,GRAMMAR,0.9166350409795996
23,blocks.0.attn.c_q.weight.buf,1048576,1049401,RAW,0.019904083019355312
23,blocks.0.attn.c_k.weight.buf,1048576,1049401,RAW,0.021395749994553626
23,blocks.0.attn.c_v.weight.buf,1048576,1049401,RAW,0.01988191599957645
23,blocks.0.attn.c_proj.weight.buf,1048576,1049401,RAW,0.01968170900363475
23,blocks.0.mlp.c_fc.weight.buf,4194304,4196389,RAW,0.11274404200958088
23,blocks.0.mlp.c_proj.weight.buf,4194304,4195129,RAW,0.1028648330247961
23,blocks.1.attn.c_q.weight.buf,1048576,1049401,RAW,0.0197288750205189
23,blocks.1.attn.c_k.weight.buf,1048576,1049401,RAW,0.035530999972252175
23,blocks.1.attn.c_v.weight.buf,1048576,1049401,RAW,0.03447012501419522
23,blocks.1.attn.c_proj.weight.buf,1048576,1049401,RAW,0.021039165992988274
23,blocks.1.attn.ve_gate.weight.buf,512,1022,RAW,1.8291000742465258e-05
23,blocks.1.mlp.c_fc.weight.buf,4194304,4196389,RAW,0.11099516600370407
23,blocks.1.mlp.c_proj.weight.buf,4194304,4195129,RAW,0.10224966701935045
23,blocks.2.attn.c_q.weight.buf,1048576,1049401,RAW,0.020042625023052096
23,blocks.2.attn.c_k.weight.buf,1048576,1049401,RAW,0.03404345898889005
23,blocks.2.attn.c_v.weight.buf,1048576,1049401,RAW,0.020233999995980412
23,blocks.2.attn.c_proj.weight.buf,1048576,1049401,RAW,0.019784833013545722
23,blocks.2.mlp.c_fc.weight.buf,4194304,4196389,RAW,0.09515762497903779
23,blocks.2.mlp.c_proj.weight.buf,4194304,4195129,RAW,0.12246874999254942
23,blocks.3.attn.c_q.weight.buf,1048576,1049401,RAW,0.021974457980832085
23,blocks.3.attn.c_k.weight.buf,1048576,1049401,RAW,0.02141937499982305
23,blocks.3.attn.c_v.weight.buf,1048576,1049401,RAW,0.04040691599948332
23,blocks.3.attn.c_proj.weight.buf,1048576,1049401,RAW,0.021465541009092703
23,blocks.3.attn.ve_gate.weight.buf,512,1022,RAW,2.304100780747831e-05
23,blocks.3.mlp.c_fc.weight.buf,4194304,4196389,RAW,0.1058676669781562
23,blocks.3.mlp.c_proj.weight.buf,4194304,4195129,RAW,0.15397516600205563
23,blocks.4.attn.c_q.weight.buf,1048576,1049401,RAW,0.022051375010050833
23,blocks.4.attn.c_k.weight.buf,1048576,1049401,RAW,0.04027225001482293
23,blocks.4.attn.c_v.weight.buf,1048576,1049401,RAW,0.021183624980039895
23,blocks.4.attn.c_proj.weight.buf,1048576,1049401,RAW,0.020898374990792945
23,blocks.4.mlp.c_fc.weight.buf,4194304,4196389,RAW,0.11459904100047424
23,blocks.4.mlp.c_proj.weight.buf,4194304,4195129,RAW,0.10600924998288974
23,blocks.5.attn.c_q.weight.buf,1048576,1049401,RAW,0.020244084007572383
23,blocks.5.attn.c_k.weight.buf,1048576,1049401,RAW,0.035497042001225054
23,blocks.5.attn.c_v.weight.buf,1048576,1049401,RAW,0.020063583011506125
23,blocks.5.attn.c_proj.weight.buf,1048576,1049401,RAW,0.02053862501634285
23,blocks.5.attn.ve_gate.weight.buf,512,1022,RAW,2.2082997020334005e-05
23,blocks.5.mlp.c_fc.weight.buf,4194304,4196389,RAW,0.11390145897166803
23,blocks.5.mlp.c_proj.weight.buf,4194304,4195129,RAW,0.10597483298624866
23,blocks.6.attn.c_q.weight.buf,1048576,1049401,RAW,0.02083945900085382
23,blocks.6.attn.c_k.weight.buf,1048576,1049401,RAW,0.03595408299588598
23,blocks.6.attn.c_v.weight.buf,1048576,1049401,RAW,0.02021562500158325
23,blocks.6.attn.c_proj.weight.buf,1048576,1049401,RAW,0.020470791001571342
23,blocks.6.mlp.c_fc.weight.buf,4194304,4196389,RAW,0.11298454200732522
23,blocks.6.mlp.c_proj.weight.buf,4194304,4195129,RAW,0.10847062501125038
23,blocks.7.attn.c_q.weight.buf,1048576,1049401,RAW,0.02064995901309885
23,blocks.7.attn.c_k.weight.buf,1048576,1049401,RAW,0.03615562501363456
23,blocks.7.attn.c_v.weight.buf,1048576,1049401,RAW,0.03555979099473916
23,blocks.7.attn.c_proj.weight.buf,1048576,1049401,RAW,0.020701083005405962
23,blocks.7.attn.ve_gate.weight.buf,512,1022,RAW,1.2457981938496232e-05
23,blocks.7.mlp.c_fc.weight.buf,4194304,4196389,RAW,0.11528845800785348
23,blocks.7.mlp.c_proj.weight.buf,4194304,4195129,RAW,0.10782149998703972
23,lm_head.weight.m,67108864,67136149,RAW,1.5858553329890128
23,lm_head.weight.v,67108864,67136149,RAW,1.642801917012548
23,resid_lambdas.m,32,32,RAW_VECTOR,8.458009688183665e-06
23,resid_lambdas.v,32,32,RAW_VECTOR,7.080088835209608e-07
23,x0_lambdas.m,32,32,RAW_VECTOR,1.00000761449337e-06
23,x0_lambdas.v,32,32,RAW_VECTOR,5.420006345957518e-07
23,value_embeds.1.weight.m,67108864,55969365,GRAMMAR,0.9167382089945022
23,value_embeds.1.weight.v,67108864,55969257,GRAMMAR,0.9379719170101453
23,value_embeds.3.weight.m,67108864,55969469,GRAMMAR,0.918539166013943
23,value_embeds.3.weight.v,67108864,55969273,GRAMMAR,0.8936166249914095
23,value_embeds.5.weight.m,67108864,55969253,GRAMMAR,0.9383402499952354
23,value_embeds.5.weight.v,67108864,55969585,GRAMMAR,0.9204171669844072
23,value_embeds.7.weight.m,67108864,55969381,GRAMMAR,0.9198197920050006
23,value_embeds.7.weight.v,67108864,55969621,GRAMMAR,0.8973787919967435
24,wte.weight.m,67108864,57492945,GRAMMAR,0.9345872080011759
24,wte.weight.v,67108864,57492605,GRAMMAR,0.9382473330188077
24,blocks.0.attn.c_q.weight.buf,1048576,1049401,RAW,0.034992209024494514
24,blocks.0.attn.c_k.weight.buf,1048576,1049401,RAW,0.01950920801027678
24,blocks.0.attn.c_v.weight.buf,1048576,1049401,RAW,0.020347542013041675
24,blocks.0.attn.c_proj.weight.buf,1048576,1049401,RAW,0.034878250007750466
24,blocks.0.mlp.c_fc.weight.buf,4194304,4196389,RAW,0.10973008399014361
24,blocks.0.mlp.c_proj.weight.buf,4194304,4195129,RAW,0.09975908297928981
24,blocks.1.attn.c_q.weight.buf,1048576,1049401,RAW,0.01973262501996942
24,blocks.1.attn.c_k.weight.buf,1048576,1049401,RAW,0.03694204200292006
24,blocks.1.attn.c_v.weight.buf,1048576,1049401,RAW,0.021928625006694347
24,blocks.1.attn.c_proj.weight.buf,1048576,1049401,RAW,0.036935333017027006
24,blocks.1.attn.ve_gate.weight.buf,512,1022,RAW,4.1834020521491766e-05
24,blocks.1.mlp.c_fc.weight.buf,4194304,4196389,RAW,0.09682245898875408
24,blocks.1.mlp.c_proj.weight.buf,4194304,4195129,RAW,0.10463279200484976
24,blocks.2.attn.c_q.weight.buf,1048576,1049401,RAW,0.03987495799083263
24,blocks.2.attn.c_k.weight.buf,1048576,1049401,RAW,0.02257487497990951
24,blocks.2.attn.c_v.weight.buf,1048576,1049401,RAW,0.021657332981703803
24,blocks.2.attn.c_proj.weight.buf,1048576,1049401,RAW,0.03952358302194625
24,blocks.2.mlp.c_fc.weight.buf,4194304,4196389,RAW,0.10561675002099946
24,blocks.2.mlp.c_proj.weight.buf,4194304,4195129,RAW,0.1298655409773346
24,blocks.3.attn.c_q.weight.buf,1048576,1049401,RAW,0.04056062499876134
24,blocks.3.attn.c_k.weight.buf,1048576,1049401,RAW,0.02155295800184831
24,blocks.3.attn.c_v.weight.buf,1048576,1049401,RAW,0.03973108300124295
24,blocks.3.attn.c_proj.weight.buf,1048576,1049401,RAW,0.020902832999126986
24,blocks.3.attn.ve_gate.weight.buf,512,1022,RAW,1.4416000340133905e-05
24,blocks.3.mlp.c_fc.weight.buf,4194304,4196389,RAW,0.11491208398365416
24,blocks.3.mlp.c_proj.weight.buf,4194304,4195129,RAW,0.12636033300077543
24,blocks.4.attn.c_q.weight.buf,1048576,1049401,RAW,0.020902082993416116
24,blocks.4.attn.c_k.weight.buf,1048576,1049401,RAW,0.020260166988009587
24,blocks.4.attn.c_v.weight.buf,1048576,1049401,RAW,0.03617879201192409
24,blocks.4.attn.c_proj.weight.buf,1048576,1049401,RAW,0.020782584004336968
24,blocks.4.mlp.c_fc.weight.buf,4194304,4196389,RAW,0.10029141599079594
24,blocks.4.mlp.c_proj.weight.buf,4194304,4195129,RAW,0.12975516699953005
24,blocks.5.attn.c_q.weight.buf,1048576,1049401,RAW,0.02035404200432822
24,blocks.5.attn.c_k.weight.buf,1048576,1049401,RAW,0.020883417018922046
24,blocks.5.attn.c_v.weight.buf,1048576,1049401,RAW,0.03685033298097551
24,blocks.5.attn.c_proj.weight.buf,1048576,1049401,RAW,0.02060883300146088
24,blocks.5.attn.ve_gate.weight.buf,512,1022,RAW,1.754099503159523e-05
24,blocks.5.mlp.c_fc.weight.buf,4194304,4196389,RAW,0.09961541701341048
24,blocks.5.mlp.c_proj.weight.buf,4194304,4195129,RAW,0.11163333299919032
24,blocks.6.attn.c_q.weight.buf,1048576,1049401,RAW,0.020785208005690947
24,blocks.6.attn.c_k.weight.buf,1048576,1049401,RAW,0.020070541999302804
24,blocks.6.attn.c_v.weight.buf,1048576,1049401,RAW,0.021711250010412186
24,blocks.6.attn.c_proj.weight.buf,1048576,1049401,RAW,0.021366417000535876
24,blocks.6.mlp.c_fc.weight.buf,4194304,4196389,RAW,0.11866745899897069
24,blocks.6.mlp.c_proj.weight.buf,4194304,4195129,RAW,0.12257145799230784
24,blocks.7.attn.c_q.weight.buf,1048576,1049401,RAW,0.02104895797674544
24,blocks.7.attn.c_k.weight.buf,1048576,1049401,RAW,0.02045516701764427
24,blocks.7.attn.c_v.weight.buf,1048576,1049401,RAW,0.0366251670056954
24,blocks.7.attn.c_proj.weight.buf,1048576,1049401,RAW,0.020351957995444536
24,blocks.7.attn.ve_gate.weight.buf,512,1022,RAW,1.3583980035036802e-05
24,blocks.7.mlp.c_fc.weight.buf,4194304,4196389,RAW,0.10075475001940504
24,blocks.7.mlp.c_proj.weight.buf,4194304,4195129,RAW,0.12019474999397062
24,lm_head.weight.m,67108864,67136149,RAW,1.6298424169945065
24,lm_head.weight.v,67108864,67136149,RAW,1.6016658750013448
24,resid_lambdas.m,32,32,RAW_VECTOR,6.999995093792677e-06
24,resid_lambdas.v,32,32,RAW_VECTOR,6.67001586407423e-07
24,x0_lambdas.m,32,32,RAW_VECTOR,1.04197533801198e-06
24,x0_lambdas.v,32,32,RAW_VECTOR,4.169996827840805e-07
24,value_embeds.1.weight.m,67108864,56767173,GRAMMAR,0.933037416980369
24,value_embeds.1.weight.v,67108864,56767093,GRAMMAR,0.9515533329977188
24,value_embeds.3.weight.m,67108864,56767297,GRAMMAR,0.9476669169962406
24,value_embeds.3.weight.v,67108864,56767065,GRAMMAR,0.9340159580169711
24,value_embeds.5.weight.m,67108864,56767073,GRAMMAR,0.967508458008524
24,value_embeds.5.weight.v,67108864,56767313,GRAMMAR,0.9435976670065429
24,value_embeds.7.weight.m,67108864,56767205,GRAMMAR,0.9197100840101484
24,value_embeds.7.weight.v,67108864,56767369,GRAMMAR,0.9542642910091672
25,wte.weight.m,67108864,58258717,GRAMMAR,0.981439707975369
25,wte.weight.v,67108864,58258373,GRAMMAR,0.9519685409904923
25,blocks.0.attn.c_q.weight.buf,1048576,1049401,RAW,0.020346917008282617
25,blocks.0.attn.c_k.weight.buf,1048576,1049401,RAW,0.03534883400425315
25,blocks.0.attn.c_v.weight.buf,1048576,1049401,RAW,0.02005254098912701
25,blocks.0.attn.c_proj.weight.buf,1048576,1049401,RAW,0.021514458989258856
25,blocks.0.mlp.c_fc.weight.buf,4194304,4196389,RAW,0.12162391701713204
25,blocks.0.mlp.c_proj.weight.buf,4194304,4195129,RAW,0.13840870800777338
25,blocks.1.attn.c_q.weight.buf,1048576,1049401,RAW,0.02344124999945052
25,blocks.1.attn.c_k.weight.buf,1048576,1049401,RAW,0.021991292014718056
25,blocks.1.attn.c_v.weight.buf,1048576,1049401,RAW,0.02172575000440702
25,blocks.1.attn.c_proj.weight.buf,1048576,1049401,RAW,0.023130749992560595
25,blocks.1.attn.ve_gate.weight.buf,512,1022,RAW,2.600002335384488e-05
25,blocks.1.mlp.c_fc.weight.buf,4194304,4196389,RAW,0.10082791702006944
25,blocks.1.mlp.c_proj.weight.buf,4194304,4195129,RAW,0.12524416702217422
25,blocks.2.attn.c_q.weight.buf,1048576,1049401,RAW,0.022123874980024993
25,blocks.2.attn.c_k.weight.buf,1048576,1049401,RAW,0.020162166008958593
25,blocks.2.attn.c_v.weight.buf,1048576,1049401,RAW,0.037096540996572
25,blocks.2.attn.c_proj.weight.buf,1048576,1049401,RAW,0.021530875004827976
25,blocks.2.mlp.c_fc.weight.buf,4194304,4196389,RAW,0.11492795898811892
25,blocks.2.mlp.c_proj.weight.buf,4194304,4195129,RAW,0.12581179200788029
25,blocks.3.attn.c_q.weight.buf,1048576,1049401,RAW,0.02117125000222586
25,blocks.3.attn.c_k.weight.buf,1048576,1049401,RAW,0.020472917007282376
25,blocks.3.attn.c_v.weight.buf,1048576,1049401,RAW,0.03573483397485688
25,blocks.3.attn.c_proj.weight.buf,1048576,1049401,RAW,0.02072679201955907
25,blocks.3.attn.ve_gate.weight.buf,512,1022,RAW,1.8291000742465258e-05
25,blocks.3.mlp.c_fc.weight.buf,4194304,4196389,RAW,0.10017741599585861
25,blocks.3.mlp.c_proj.weight.buf,4194304,4195129,RAW,0.1254843329952564
25,blocks.4.attn.c_q.weight.buf,1048576,1049401,RAW,0.020257666998077184
25,blocks.4.attn.c_k.weight.buf,1048576,1049401,RAW,0.02055783398100175
25,blocks.4.attn.c_v.weight.buf,1048576,1049401,RAW,0.037529249995714054
25,blocks.4.attn.c_proj.weight.buf,1048576,1049401,RAW,0.02112508300342597
25,blocks.4.mlp.c_fc.weight.buf,4194304,4196389,RAW,0.09924549999414012
25,blocks.4.mlp.c_proj.weight.buf,4194304,4195129,RAW,0.12259266697219573
25,blocks.5.attn.c_q.weight.buf,1048576,1049401,RAW,0.02080645802197978
25,blocks.5.attn.c_k.weight.buf,1048576,1049401,RAW,0.020435582991922274
25,blocks.5.attn.c_v.weight.buf,1048576,1049401,RAW,0.03666087499004789
25,blocks.5.attn.c_proj.weight.buf,1048576,1049401,RAW,0.02027316699968651
25,blocks.5.attn.ve_gate.weight.buf,512,1022,RAW,1.7332989955320954e-05
25,blocks.5.mlp.c_fc.weight.buf,4194304,4196389,RAW,0.11432741701719351
25,blocks.5.mlp.c_proj.weight.buf,4194304,4195129,RAW,0.12354491601581685
25,blocks.6.attn.c_q.weight.buf,1048576,1049401,RAW,0.02084470901172608
25,blocks.6.attn.c_k.weight.buf,1048576,1049401,RAW,0.020298416988225654
25,blocks.6.attn.c_v.weight.buf,1048576,1049401,RAW,0.02076170899090357
25,blocks.6.attn.c_proj.weight.buf,1048576,1049401,RAW,0.019909458002075553
25,blocks.6.mlp.c_fc.weight.buf,4194304,4196389,RAW,0.09791575002600439
25,blocks.6.mlp.c_proj.weight.buf,4194304,4195129,RAW,0.10376733299926855
25,blocks.7.attn.c_q.weight.buf,1048576,1049401,RAW,0.020279290998587385
25,blocks.7.attn.c_k.weight.buf,1048576,1049401,RAW,0.020105166011489928
25,blocks.7.attn.c_v.weight.buf,1048576,1049401,RAW,0.03570925001986325
25,blocks.7.attn.c_proj.weight.buf,1048576,1049401,RAW,0.0202526249922812
25,blocks.7.attn.ve_gate.weight.buf,512,1022,RAW,1.4541001291945577e-05
25,blocks.7.mlp.c_fc.weight.buf,4194304,4196389,RAW,0.09721999999601394
25,blocks.7.mlp.c_proj.weight.buf,4194304,4195129,RAW,0.11677287498605438
25,lm_head.weight.m,67108864,67136149,RAW,1.6417274580162484
25,lm_head.weight.v,67108864,67136149,RAW,1.592721041990444
25,resid_lambdas.m,32,32,RAW_VECTOR,5.1670067477971315e-06
25,resid_lambdas.v,32,32,RAW_VECTOR,2.4590117391198874e-06
25,x0_lambdas.m,32,32,RAW_VECTOR,2.375018084421754e-06
25,x0_lambdas.v,32,32,RAW_VECTOR,1.00000761449337e-06
25,value_embeds.1.weight.m,67108864,57569473,GRAMMAR,0.9685472080018371
25,value_embeds.1.weight.v,67108864,57569377,GRAMMAR,0.9506348750146572
25,value_embeds.3.weight.m,67108864,57567465,GRAMMAR,0.9512830420280807
25,value_embeds.3.weight.v,67108864,57567305,GRAMMAR,0.9826284580049105
25,value_embeds.5.weight.m,67108864,57567333,GRAMMAR,0.9672595419979189
25,value_embeds.5.weight.v,67108864,57567529,GRAMMAR,0.9561777079943568
25,value_embeds.7.weight.m,67108864,57567389,GRAMMAR,0.9669342499983031
25,value_embeds.7.weight.v,67108864,57569605,GRAMMAR,0.9642544169910252
26,wte.weight.m,67108864,58940101,GRAMMAR,0.9648182500095572
26,wte.weight.v,67108864,58939737,GRAMMAR,1.0092253330221865
26,blocks.0.attn.c_q.weight.buf,1048576,1049401,RAW,0.0217713339952752
26,blocks.0.attn.c_k.weight.buf,1048576,1049401,RAW,0.020184249995509163
26,blocks.0.attn.c_v.weight.buf,1048576,1049401,RAW,0.020329499995568767
26,blocks.0.attn.c_proj.weight.buf,1048576,1049401,RAW,0.03614775001187809
26,blocks.0.mlp.c_fc.weight.buf,4194304,4196389,RAW,0.09634408398414962
26,blocks.0.mlp.c_proj.weight.buf,4194304,4195129,RAW,0.10703737498261034
26,blocks.1.attn.c_q.weight.buf,1048576,1049401,RAW,0.03695025001070462
26,blocks.1.attn.c_k.weight.buf,1048576,1049401,RAW,0.020548707980196923
26,blocks.1.attn.c_v.weight.buf,1048576,1049401,RAW,0.02022766601294279
26,blocks.1.attn.c_proj.weight.buf,1048576,1049401,RAW,0.03646037500584498
26,blocks.1.attn.ve_gate.weight.buf,512,1022,RAW,2.1624990040436387e-05
26,blocks.1.mlp.c_fc.weight.buf,4194304,4196389,RAW,0.0986566670180764
26,blocks.1.mlp.c_proj.weight.buf,4194304,4195129,RAW,0.10910875000990927
26,blocks.2.attn.c_q.weight.buf,1048576,1049401,RAW,0.03626633298699744
26,blocks.2.attn.c_k.weight.buf,1048576,1049401,RAW,0.02000749998842366
26,blocks.2.attn.c_v.weight.buf,1048576,1049401,RAW,0.02028749999590218
26,blocks.2.attn.c_proj.weight.buf,1048576,1049401,RAW,0.03672966698650271
26,blocks.2.mlp.c_fc.weight.buf,4194304,4196389,RAW,0.09860479200142436
26,blocks.2.mlp.c_proj.weight.buf,4194304,4195129,RAW,0.10895933301071636
26,blocks.3.attn.c_q.weight.buf,1048576,1049401,RAW,0.03666854198672809
26,blocks.3.attn.c_k.weight.buf,1048576,1049401,RAW,0.020132417004788294
26,blocks.3.attn.c_v.weight.buf,1048576,1049401,RAW,0.01994937501149252
26,blocks.3.attn.c_proj.weight.buf,1048576,1049401,RAW,0.03593450001790188
26,blocks.3.attn.ve_gate.weight.buf,512,1022,RAW,1.724998583085835e-05
26,blocks.3.mlp.c_fc.weight.buf,4194304,4196389,RAW,0.09994354099035263
26,blocks.3.mlp.c_proj.weight.buf,4194304,4195129,RAW,0.10464849998243153
26,blocks.4.attn.c_q.weight.buf,1048576,1049401,RAW,0.04929308299324475
26,blocks.4.attn.c_k.weight.buf,1048576,1049401,RAW,0.020633165986509994
26,blocks.4.attn.c_v.weight.buf,1048576,1049401,RAW,0.01970095798606053
26,blocks.4.attn.c_proj.weight.buf,1048576,1049401,RAW,0.03579920800984837
26,blocks.4.mlp.c_fc.weight.buf,4194304,4196389,RAW,0.09712912500253879
26,blocks.4.mlp.c_proj.weight.buf,4194304,4195129,RAW,0.10338170899194665
26,blocks.5.attn.c_q.weight.buf,1048576,1049401,RAW,0.03528004098916426
26,blocks.5.attn.c_k.weight.buf,1048576,1049401,RAW,0.02017683399026282
26,blocks.5.attn.c_v.weight.buf,1048576,1049401,RAW,0.01990645899786614
26,blocks.5.attn.c_proj.weight.buf,1048576,1049401,RAW,0.035205624997615814
26,blocks.5.attn.ve_gate.weight.buf,512,1022,RAW,1.4374993043020368e-05
26,blocks.5.mlp.c_fc.weight.buf,4194304,4196389,RAW,0.09801154100568965
26,blocks.5.mlp.c_proj.weight.buf,4194304,4195129,RAW,0.11374187501496635
26,blocks.6.attn.c_q.weight.buf,1048576,1049401,RAW,0.03593908401671797
26,blocks.6.attn.c_k.weight.buf,1048576,1049401,RAW,0.020261208002921194
26,blocks.6.attn.c_v.weight.buf,1048576,1049401,RAW,0.020124000002397224
26,blocks.6.attn.c_proj.weight.buf,1048576,1049401,RAW,0.03543579101096839
26,blocks.6.mlp.c_fc.weight.buf,4194304,4196389,RAW,0.1040237910056021
26,blocks.6.mlp.c_proj.weight.buf,4194304,4195129,RAW,0.13246795799932443
26,blocks.7.attn.c_q.weight.buf,1048576,1049401,RAW,0.041651542007457465
26,blocks.7.attn.c_k.weight.buf,1048576,1049401,RAW,0.02190995801356621
26,blocks.7.attn.c_v.weight.buf,1048576,1049401,RAW,0.040434124995954335
26,blocks.7.attn.c_proj.weight.buf,1048576,1049401,RAW,0.023037125007249415
26,blocks.7.attn.ve_gate.weight.buf,512,1022,RAW,2.266702358610928e-05
26,blocks.7.mlp.c_fc.weight.buf,4194304,4196389,RAW,0.10785991698503494
26,blocks.7.mlp.c_proj.weight.buf,4194304,4195129,RAW,0.12748483300674707
26,lm_head.weight.m,67108864,67136149,RAW,1.6114866250136402
26,lm_head.weight.v,67108864,67136149,RAW,1.6456347499915864
26,resid_lambdas.m,32,32,RAW_VECTOR,8.584000170230865e-06
26,resid_lambdas.v,32,32,RAW_VECTOR,5.410111043602228e-07
26,x0_lambdas.m,32,32,RAW_VECTOR,1.207983586937189e-06
26,x0_lambdas.v,32,32,RAW_VECTOR,4.1601015254855156e-07
26,value_embeds.1.weight.m,67108864,58302785,GRAMMAR,0.9897903749952093
26,value_embeds.1.weight.v,67108864,58302773,GRAMMAR,0.9647333750035614
26,value_embeds.3.weight.m,67108864,58302901,GRAMMAR,1.0053725420148112
26,value_embeds.3.weight.v,67108864,58302669,GRAMMAR,0.9797892500064336
26,value_embeds.5.weight.m,67108864,58302813,GRAMMAR,0.9589763330004644
26,value_embeds.5.weight.v,67108864,58302905,GRAMMAR,1.0088046249875333
26,value_embeds.7.weight.m,67108864,58302829,GRAMMAR,0.988409750018036
26,value_embeds.7.weight.v,67108864,58302861,GRAMMAR,0.9614779580151662
27,wte.weight.m,67108864,59502149,GRAMMAR,1.0442898329929449
27,wte.weight.v,67108864,59501797,GRAMMAR,0.9876512500050012
27,blocks.0.attn.c_q.weight.buf,1048576,1049401,RAW,0.021090458001708612
27,blocks.0.attn.c_k.weight.buf,1048576,1049401,RAW,0.020100665977224708
27,blocks.0.attn.c_v.weight.buf,1048576,1049401,RAW,0.036817000014707446
27,blocks.0.attn.c_proj.weight.buf,1048576,1049401,RAW,0.020827250002184883
27,blocks.0.mlp.c_fc.weight.buf,4194304,4196389,RAW,0.09557391601265408
27,blocks.0.mlp.c_proj.weight.buf,4194304,4195129,RAW,0.10209600001689978
27,blocks.1.attn.c_q.weight.buf,1048576,1049401,RAW,0.035607124998932704
27,blocks.1.attn.c_k.weight.buf,1048576,1049401,RAW,0.01956899999640882
27,blocks.1.attn.c_v.weight.buf,1048576,1049401,RAW,0.020277040981454775
27,blocks.1.attn.c_proj.weight.buf,1048576,1049401,RAW,0.0221062499913387
27,blocks.1.attn.ve_gate.weight.buf,512,1022,RAW,1.5874975360929966e-05
27,blocks.1.mlp.c_fc.weight.buf,4194304,4196389,RAW,0.09733458299888298
27,blocks.1.mlp.c_proj.weight.buf,4194304,4195129,RAW,0.11833191700861789
27,blocks.2.attn.c_q.weight.buf,1048576,1049401,RAW,0.0350720839924179
27,blocks.2.attn.c_k.weight.buf,1048576,1049401,RAW,0.02015629198285751
27,blocks.2.attn.c_v.weight.buf,1048576,1049401,RAW,0.02011387501261197
27,blocks.2.attn.c_proj.weight.buf,1048576,1049401,RAW,0.03523716700146906
27,blocks.2.mlp.c_fc.weight.buf,4194304,4196389,RAW,0.09583083400502801
27,blocks.2.mlp.c_proj.weight.buf,4194304,4195129,RAW,0.10378766700159758
27,blocks.3.attn.c_q.weight.buf,1048576,1049401,RAW,0.03518799997982569
27,blocks.3.attn.c_k.weight.buf,1048576,1049401,RAW,0.020637917012209073
27,blocks.3.attn.c_v.weight.buf,1048576,1049401,RAW,0.01992074999725446
27,blocks.3.attn.c_proj.weight.buf,1048576,1049401,RAW,0.03783595800632611
27,blocks.3.attn.ve_gate.weight.buf,512,1022,RAW,7.174999336712062e-05
27,blocks.3.mlp.c_fc.weight.buf,4194304,4196389,RAW,0.11048900001333095
27,blocks.3.mlp.c_proj.weight.buf,4194304,4195129,RAW,0.13033404099405743
27,blocks.4.attn.c_q.weight.buf,1048576,1049401,RAW,0.024968333018478006
27,blocks.4.attn.c_k.weight.buf,1048576,1049401,RAW,0.022791208000853658
27,blocks.4.attn.c_v.weight.buf,1048576,1049401,RAW,0.04028295900207013
27,blocks.4.attn.c_proj.weight.buf,1048576,1049401,RAW,0.022646040975814685
27,blocks.4.mlp.c_fc.weight.buf,4194304,4196389,RAW,0.10629408300155774
27,blocks.4.mlp.c_proj.weight.buf,4194304,4195129,RAW,0.14201537499320693
27,blocks.5.attn.c_q.weight.buf,1048576,1049401,RAW,0.021578832995146513
27,blocks.5.attn.c_k.weight.buf,1048576,1049401,RAW,0.020479041995713487
27,blocks.5.attn.c_v.weight.buf,1048576,1049401,RAW,0.0204375000030268
27,blocks.5.attn.c_proj.weight.buf,1048576,1049401,RAW,0.02146470799925737
27,blocks.5.attn.ve_gate.weight.buf,512,1022,RAW,1.7333979485556483e-05
27,blocks.5.mlp.c_fc.weight.buf,4194304,4196389,RAW,0.09905749998870306
27,blocks.5.mlp.c_proj.weight.buf,4194304,4195129,RAW,0.10639800000353716
27,blocks.6.attn.c_q.weight.buf,1048576,1049401,RAW,0.03802562502096407
27,blocks.6.attn.c_k.weight.buf,1048576,1049401,RAW,0.020458542014239356
27,blocks.6.attn.c_v.weight.buf,1048576,1049401,RAW,0.03731904100277461
27,blocks.6.attn.c_proj.weight.buf,1048576,1049401,RAW,0.02178641699720174
27,blocks.6.mlp.c_fc.weight.buf,4194304,4196389,RAW,0.10147875000257045
27,blocks.6.mlp.c_proj.weight.buf,4194304,4195129,RAW,0.1275157080090139
27,blocks.7.attn.c_q.weight.buf,1048576,1049401,RAW,0.021279208012856543
27,blocks.7.attn.c_k.weight.buf,1048576,1049401,RAW,0.020870958018349484
27,blocks.7.attn.c_v.weight.buf,1048576,1049401,RAW,0.03567358301370405
27,blocks.7.attn.c_proj.weight.buf,1048576,1049401,RAW,0.022178042010637
27,blocks.7.attn.ve_gate.weight.buf,512,1022,RAW,2.1624990040436387e-05
27,blocks.7.mlp.c_fc.weight.buf,4194304,4196389,RAW,0.10141504200873896
27,blocks.7.mlp.c_proj.weight.buf,4194304,4195129,RAW,0.14368149999063462
27,lm_head.weight.m,67108864,67136149,RAW,1.6037889999861363
27,lm_head.weight.v,67108864,67136149,RAW,1.652490582986502
27,resid_lambdas.m,32,32,RAW_VECTOR,6.9160014390945435e-06
27,resid_lambdas.v,32,32,RAW_VECTOR,3.7500285543501377e-07
27,x0_lambdas.m,32,32,RAW_VECTOR,1.166015863418579e-06
27,x0_lambdas.v,32,32,RAW_VECTOR,5.00003807246685e-07
27,value_embeds.1.weight.m,67108864,58917149,GRAMMAR,0.9799978329974692
27,value_embeds.1.weight.v,67108864,58917041,GRAMMAR,1.0035967500007246
27,value_embeds.3.weight.m,67108864,58917225,GRAMMAR,0.9999881249968894
27,value_embeds.3.weight.v,67108864,58917013,GRAMMAR,0.9762916660110932
27,value_embeds.5.weight.m,67108864,58917149,GRAMMAR,1.0141365420131478
27,value_embeds.5.weight.v,67108864,58917225,GRAMMAR,0.9957504999765661
27,value_embeds.7.weight.m,67108864,58917193,GRAMMAR,0.9883342079992872
27,value_embeds.7.weight.v,67108864,58917197,GRAMMAR,1.0181059580063447
28,wte.weight.m,67108864,60061649,GRAMMAR,1.0332307910139207
28,wte.weight.v,67108864,60061373,GRAMMAR,0.959818625007756
28,blocks.0.attn.c_q.weight.buf,1048576,1049401,RAW,0.02195016699261032
28,blocks.0.attn.c_k.weight.buf,1048576,1049401,RAW,0.021513666986720636
28,blocks.0.attn.c_v.weight.buf,1048576,1049401,RAW,0.04072587500559166
28,blocks.0.attn.c_proj.weight.buf,1048576,1049401,RAW,0.021390083013102412
28,blocks.0.mlp.c_fc.weight.buf,4194304,4196389,RAW,0.10312874999362975
28,blocks.0.mlp.c_proj.weight.buf,4194304,4195129,RAW,0.15851766700507142
28,blocks.1.attn.c_q.weight.buf,1048576,1049401,RAW,0.022021542012225837
28,blocks.1.attn.c_k.weight.buf,1048576,1049401,RAW,0.04151933401590213
28,blocks.1.attn.c_v.weight.buf,1048576,1049401,RAW,0.022018374991603196
28,blocks.1.attn.c_proj.weight.buf,1048576,1049401,RAW,0.039810334012145177
28,blocks.1.attn.ve_gate.weight.buf,512,1022,RAW,3.6083016311749816e-05
28,blocks.1.mlp.c_fc.weight.buf,4194304,4196389,RAW,0.10462795800413005
28,blocks.1.mlp.c_proj.weight.buf,4194304,4195129,RAW,0.12380591698456556
28,blocks.2.attn.c_q.weight.buf,1048576,1049401,RAW,0.020262459001969546
28,blocks.2.attn.c_k.weight.buf,1048576,1049401,RAW,0.036592124990420416
28,blocks.2.attn.c_v.weight.buf,1048576,1049401,RAW,0.020179125014692545
28,blocks.2.attn.c_proj.weight.buf,1048576,1049401,RAW,0.020255292009096593
28,blocks.2.mlp.c_fc.weight.buf,4194304,4196389,RAW,0.1146991660061758
28,blocks.2.mlp.c_proj.weight.buf,4194304,4195129,RAW,0.1058564159902744
28,blocks.3.attn.c_q.weight.buf,1048576,1049401,RAW,0.020091042009880766
28,blocks.3.attn.c_k.weight.buf,1048576,1049401,RAW,0.0358559169981163
28,blocks.3.attn.c_v.weight.buf,1048576,1049401,RAW,0.020612041000276804
28,blocks.3.attn.c_proj.weight.buf,1048576,1049401,RAW,0.020456583006307483
28,blocks.3.attn.ve_gate.weight.buf,512,1022,RAW,1.4374993043020368e-05
28,blocks.3.mlp.c_fc.weight.buf,4194304,4196389,RAW,0.11434616698534228
28,blocks.3.mlp.c_proj.weight.buf,4194304,4195129,RAW,0.10606862499844283
28,blocks.4.attn.c_q.weight.buf,1048576,1049401,RAW,0.02025737499934621
28,blocks.4.attn.c_k.weight.buf,1048576,1049401,RAW,0.03689799999119714
28,blocks.4.attn.c_v.weight.buf,1048576,1049401,RAW,0.02040733300964348
28,blocks.4.attn.c_proj.weight.buf,1048576,1049401,RAW,0.01986233299248852
28,blocks.4.mlp.c_fc.weight.buf,4194304,4196389,RAW,0.115980957983993
28,blocks.4.mlp.c_proj.weight.buf,4194304,4195129,RAW,0.12252783300937153
28,blocks.5.attn.c_q.weight.buf,1048576,1049401,RAW,0.020313833985710517
28,blocks.5.attn.c_k.weight.buf,1048576,1049401,RAW,0.03634870902169496
28,blocks.5.attn.c_v.weight.buf,1048576,1049401,RAW,0.020756667014211416
28,blocks.5.attn.c_proj.weight.buf,1048576,1049401,RAW,0.020343707990832627
28,blocks.5.attn.ve_gate.weight.buf,512,1022,RAW,1.291697844862938e-05
28,blocks.5.mlp.c_fc.weight.buf,4194304,4196389,RAW,0.10054349998245016
28,blocks.5.mlp.c_proj.weight.buf,4194304,4195129,RAW,0.10799704201053828
28,blocks.6.attn.c_q.weight.buf,1048576,1049401,RAW,0.01989533400046639
28,blocks.6.attn.c_k.weight.buf,1048576,1049401,RAW,0.03501895800582133
28,blocks.6.attn.c_v.weight.buf,1048576,1049401,RAW,0.020957250002538785
28,blocks.6.attn.c_proj.weight.buf,1048576,1049401,RAW,0.02001662499969825
28,blocks.6.mlp.c_fc.weight.buf,4194304,4196389,RAW,0.09955429102410562
28,blocks.6.mlp.c_proj.weight.buf,4194304,4195129,RAW,0.10901566699612886
28,blocks.7.attn.c_q.weight.buf,1048576,1049401,RAW,0.020359624992124736
28,blocks.7.attn.c_k.weight.buf,1048576,1049401,RAW,0.019926832988858223
28,blocks.7.attn.c_v.weight.buf,1048576,1049401,RAW,0.035635707987239584
28,blocks.7.attn.c_proj.weight.buf,1048576,1049401,RAW,0.020215500000631437
28,blocks.7.attn.ve_gate.weight.buf,512,1022,RAW,1.0124989785254002e-05
28,blocks.7.mlp.c_fc.weight.buf,4194304,4196389,RAW,0.0987550420104526
28,blocks.7.mlp.c_proj.weight.buf,4194304,4195129,RAW,0.12129187502432615
28,lm_head.weight.m,67108864,67136149,RAW,1.6555217090062797
28,lm_head.weight.v,67108864,67136149,RAW,1.6370034579886124
28,resid_lambdas.m,32,32,RAW_VECTOR,8.624978363513947e-06
28,resid_lambdas.v,32,32,RAW_VECTOR,6.333022611215711e-06
28,x0_lambdas.m,32,32,RAW_VECTOR,2.833025064319372e-06
28,x0_lambdas.v,32,32,RAW_VECTOR,1.0829826351255178e-06
28,value_embeds.1.weight.m,67108864,59510225,GRAMMAR,1.0880271250207443
28,value_embeds.1.weight.v,67108864,59510065,GRAMMAR,1.0107509999943431
28,value_embeds.3.weight.m,67108864,59510317,GRAMMAR,0.9822285829868633
28,value_embeds.3.weight.v,67108864,59510013,GRAMMAR,1.0252844159840606
28,value_embeds.5.weight.m,67108864,59510241,GRAMMAR,0.9944394170015585
28,value_embeds.5.weight.v,67108864,59510257,GRAMMAR,0.9935433749924414
28,value_embeds.7.weight.m,67108864,59510297,GRAMMAR,1.0444285419944208
28,value_embeds.7.weight.v,67108864,59510297,GRAMMAR,1.0068079580087215
29,wte.weight.m,67108864,60544505,GRAMMAR,1.0437320829951204
29,wte.weight.v,67108864,60544265,GRAMMAR,1.0179219580022618
29,blocks.0.attn.c_q.weight.buf,1048576,1049401,RAW,0.020907458005240187
29,blocks.0.attn.c_k.weight.buf,1048576,1049401,RAW,0.03706741699716076
29,blocks.0.attn.c_v.weight.buf,1048576,1049401,RAW,0.02012754199677147
29,blocks.0.attn.c_proj.weight.buf,1048576,1049401,RAW,0.035453958000289276
29,blocks.0.mlp.c_fc.weight.buf,4194304,4196389,RAW,0.09749045898206532
29,blocks.0.mlp.c_proj.weight.buf,4194304,4195129,RAW,0.11357858401606791
29,blocks.1.attn.c_q.weight.buf,1048576,1049401,RAW,0.03622208401793614
29,blocks.1.attn.c_k.weight.buf,1048576,1049401,RAW,0.020580625016009435
29,blocks.1.attn.c_v.weight.buf,1048576,1049401,RAW,0.020872499997494742
29,blocks.1.attn.c_proj.weight.buf,1048576,1049401,RAW,0.037555791990598664
29,blocks.1.attn.ve_gate.weight.buf,512,1022,RAW,1.562500256113708e-05
29,blocks.1.mlp.c_fc.weight.buf,4194304,4196389,RAW,0.09959870798047632
29,blocks.1.mlp.c_proj.weight.buf,4194304,4195129,RAW,0.10347954099415801
29,blocks.2.attn.c_q.weight.buf,1048576,1049401,RAW,0.03552462498191744
29,blocks.2.attn.c_k.weight.buf,1048576,1049401,RAW,0.019795625004917383
29,blocks.2.attn.c_v.weight.buf,1048576,1049401,RAW,0.0198972919897642
29,blocks.2.attn.c_proj.weight.buf,1048576,1049401,RAW,0.036016208003275096
29,blocks.2.mlp.c_fc.weight.buf,4194304,4196389,RAW,0.10965800000121817
29,blocks.2.mlp.c_proj.weight.buf,4194304,4195129,RAW,0.10338849999243394
29,blocks.3.attn.c_q.weight.buf,1048576,1049401,RAW,0.035616790992207825
29,blocks.3.attn.c_k.weight.buf,1048576,1049401,RAW,0.020552416011923924
29,blocks.3.attn.c_v.weight.buf,1048576,1049401,RAW,0.019650750007713214
29,blocks.3.attn.c_proj.weight.buf,1048576,1049401,RAW,0.035409457981586456
29,blocks.3.attn.ve_gate.weight.buf,512,1022,RAW,2.370899892412126e-05
29,blocks.3.mlp.c_fc.weight.buf,4194304,4196389,RAW,0.09718370900372975
29,blocks.3.mlp.c_proj.weight.buf,4194304,4195129,RAW,0.10275058299885131
29,blocks.4.attn.c_q.weight.buf,1048576,1049401,RAW,0.020072292012628168
29,blocks.4.attn.c_k.weight.buf,1048576,1049401,RAW,0.036416333983652294
29,blocks.4.attn.c_v.weight.buf,1048576,1049401,RAW,0.020320874988101423
29,blocks.4.attn.c_proj.weight.buf,1048576,1049401,RAW,0.020184499997412786
29,blocks.4.mlp.c_fc.weight.buf,4194304,4196389,RAW,0.1144534999912139
29,blocks.4.mlp.c_proj.weight.buf,4194304,4195129,RAW,0.1260750840010587
29,blocks.5.attn.c_q.weight.buf,1048576,1049401,RAW,0.021219791990006343
29,blocks.5.attn.c_k.weight.buf,1048576,1049401,RAW,0.0232126250048168
29,blocks.5.attn.c_v.weight.buf,1048576,1049401,RAW,0.02154116699239239
29,blocks.5.attn.c_proj.weight.buf,1048576,1049401,RAW,0.02156470899353735
29,blocks.5.attn.ve_gate.weight.buf,512,1022,RAW,1.8624996300786734e-05
29,blocks.5.mlp.c_fc.weight.buf,4194304,4196389,RAW,0.126137707993621
29,blocks.5.mlp.c_proj.weight.buf,4194304,4195129,RAW,0.11795170800178312
29,blocks.6.attn.c_q.weight.buf,1048576,1049401,RAW,0.020535957999527454
29,blocks.6.attn.c_k.weight.buf,1048576,1049401,RAW,0.021921292005572468
29,blocks.6.attn.c_v.weight.buf,1048576,1049401,RAW,0.02037766602006741
29,blocks.6.attn.c_proj.weight.buf,1048576,1049401,RAW,0.020207667024806142
29,blocks.6.mlp.c_fc.weight.buf,4194304,4196389,RAW,0.10328220800147392
29,blocks.6.mlp.c_proj.weight.buf,4194304,4195129,RAW,0.11310333301662467
29,blocks.7.attn.c_q.weight.buf,1048576,1049401,RAW,0.02150229099788703
29,blocks.7.attn.c_k.weight.buf,1048576,1049401,RAW,0.04051125000114553
29,blocks.7.attn.c_v.weight.buf,1048576,1049401,RAW,0.021283999987645075
29,blocks.7.attn.c_proj.weight.buf,1048576,1049401,RAW,0.02046945900656283
29,blocks.7.attn.ve_gate.weight.buf,512,1022,RAW,2.1042011212557554e-05
29,blocks.7.mlp.c_fc.weight.buf,4194304,4196389,RAW,0.10157925001112744
29,blocks.7.mlp.c_proj.weight.buf,4194304,4195129,RAW,0.10835875000339001
29,lm_head.weight.m,67108864,67136149,RAW,1.6276488330040593
29,lm_head.weight.v,67108864,67136149,RAW,1.6533556659996975
29,resid_lambdas.m,32,32,RAW_VECTOR,7.666007149964571e-06
29,resid_lambdas.v,32,32,RAW_VECTOR,5.830079317092896e-07
29,x0_lambdas.m,32,32,RAW_VECTOR,1.2080126907676458e-06
29,x0_lambdas.v,32,32,RAW_VECTOR,5.00003807246685e-07
29,value_embeds.1.weight.m,67108864,59996777,GRAMMAR,1.0123927920067217
29,value_embeds.1.weight.v,67108864,59996613,GRAMMAR,1.0189741250069346
29,value_embeds.3.weight.m,67108864,59996813,GRAMMAR,1.0361252079892438
29,value_embeds.3.weight.v,67108864,59996557,GRAMMAR,1.03256908399635
29,value_embeds.5.weight.m,67108864,59996817,GRAMMAR,1.0148995829804335
29,value_embeds.5.weight.v,67108864,59996749,GRAMMAR,1.0382502499851398
29,value_embeds.7.weight.m,67108864,59996813,GRAMMAR,1.0292420829937328
29,value_embeds.7.weight.v,67108864,59996837,GRAMMAR,1.025868791009998
30,wte.weight.m,67108864,60992237,GRAMMAR,1.0674170420097653
30,wte.weight.v,67108864,60992005,GRAMMAR,1.0086212090100162
30,blocks.0.attn.c_q.weight.buf,1048576,1049401,RAW,0.02024058299139142
30,blocks.0.attn.c_k.weight.buf,1048576,1049401,RAW,0.019710583001142368
30,blocks.0.attn.c_v.weight.buf,1048576,1049401,RAW,0.03566649998538196
30,blocks.0.attn.c_proj.weight.buf,1048576,1049401,RAW,0.0197199999820441
30,blocks.0.mlp.c_fc.weight.buf,4194304,4196389,RAW,0.09420366701669991
30,blocks.0.mlp.c_proj.weight.buf,4194304,4195129,RAW,0.10469025000929832
30,blocks.1.attn.c_q.weight.buf,1048576,1049401,RAW,0.04047416601679288
30,blocks.1.attn.c_k.weight.buf,1048576,1049401,RAW,0.020863542013103142
30,blocks.1.attn.c_v.weight.buf,1048576,1049401,RAW,0.02131479198578745
30,blocks.1.attn.c_proj.weight.buf,1048576,1049401,RAW,0.04097804200137034
30,blocks.1.attn.ve_gate.weight.buf,512,1022,RAW,2.9499991796910763e-05
30,blocks.1.mlp.c_fc.weight.buf,4194304,4196389,RAW,0.10385591699741781
30,blocks.1.mlp.c_proj.weight.buf,4194304,4195129,RAW,0.15181629100698046
30,blocks.2.attn.c_q.weight.buf,1048576,1049401,RAW,0.021919709019130096
30,blocks.2.attn.c_k.weight.buf,1048576,1049401,RAW,0.02227379198302515
30,blocks.2.attn.c_v.weight.buf,1048576,1049401,RAW,0.040200832998380065
30,blocks.2.attn.c_proj.weight.buf,1048576,1049401,RAW,0.021705082996049896
30,blocks.2.mlp.c_fc.weight.buf,4194304,4196389,RAW,0.09881283299182542
30,blocks.2.mlp.c_proj.weight.buf,4194304,4195129,RAW,0.12225358298746869
30,blocks.3.attn.c_q.weight.buf,1048576,1049401,RAW,0.020480125007452443
30,blocks.3.attn.c_k.weight.buf,1048576,1049401,RAW,0.020178957987809554
30,blocks.3.attn.c_v.weight.buf,1048576,1049401,RAW,0.03684387501562014
30,blocks.3.attn.c_proj.weight.buf,1048576,1049401,RAW,0.020987374999094754
30,blocks.3.attn.ve_gate.weight.buf,512,1022,RAW,1.654098741710186e-05
30,blocks.3.mlp.c_fc.weight.buf,4194304,4196389,RAW,0.09984816701035015
30,blocks.3.mlp.c_proj.weight.buf,4194304,4195129,RAW,0.10624229101813398
30,blocks.4.attn.c_q.weight.buf,1048576,1049401,RAW,0.021618375001708046
30,blocks.4.attn.c_k.weight.buf,1048576,1049401,RAW,0.0203516669862438
30,blocks.4.attn.c_v.weight.buf,1048576,1049401,RAW,0.02043524998589419
30,blocks.4.attn.c_proj.weight.buf,1048576,1049401,RAW,0.03693979201489128
30,blocks.4.mlp.c_fc.weight.buf,4194304,4196389,RAW,0.09930179099319503
30,blocks.4.mlp.c_proj.weight.buf,4194304,4195129,RAW,0.1067749579960946
30,blocks.5.attn.c_q.weight.buf,1048576,1049401,RAW,0.03740450000623241
30,blocks.5.attn.c_k.weight.buf,1048576,1049401,RAW,0.020615999994333833
30,blocks.5.attn.c_v.weight.buf,1048576,1049401,RAW,0.020321042014984414
30,blocks.5.attn.c_proj.weight.buf,1048576,1049401,RAW,0.05182741698808968
30,blocks.5.attn.ve_gate.weight.buf,512,1022,RAW,6.129199755378067e-05
30,blocks.5.mlp.c_fc.weight.buf,4194304,4196389,RAW,0.10065304199815728
30,blocks.5.mlp.c_proj.weight.buf,4194304,4195129,RAW,0.10747808401356451
30,blocks.6.attn.c_q.weight.buf,1048576,1049401,RAW,0.037256292009260505
30,blocks.6.attn.c_k.weight.buf,1048576,1049401,RAW,0.020128165982896462
30,blocks.6.attn.c_v.weight.buf,1048576,1049401,RAW,0.020468542003072798
30,blocks.6.attn.c_proj.weight.buf,1048576,1049401,RAW,0.036847125011263415
30,blocks.6.mlp.c_fc.weight.buf,4194304,4196389,RAW,0.1006440419878345
30,blocks.6.mlp.c_proj.weight.buf,4194304,4195129,RAW,0.10410575001151301
30,blocks.7.attn.c_q.weight.buf,1048576,1049401,RAW,0.036223874980350956
30,blocks.7.attn.c_k.weight.buf,1048576,1049401,RAW,0.020043833006639034
30,blocks.7.attn.c_v.weight.buf,1048576,1049401,RAW,0.020143458008533344
30,blocks.7.attn.c_proj.weight.buf,1048576,1049401,RAW,0.03514849999919534
30,blocks.7.attn.ve_gate.weight.buf,512,1022,RAW,1.8208986148238182e-05
30,blocks.7.mlp.c_fc.weight.buf,4194304,4196389,RAW,0.09888700000010431
30,blocks.7.mlp.c_proj.weight.buf,4194304,4195129,RAW,0.10236362501746044
30,lm_head.weight.m,67108864,67136149,RAW,1.6716520420159213
30,lm_head.weight.v,67108864,67136149,RAW,1.5997983749839477
30,resid_lambdas.m,32,32,RAW_VECTOR,6.624992238357663e-06
30,resid_lambdas.v,32,32,RAW_VECTOR,4.5899651013314724e-07
30,x0_lambdas.m,32,32,RAW_VECTOR,1.0830117389559746e-06
30,x0_lambdas.v,32,32,RAW_VECTOR,5.409820005297661e-07
30,value_embeds.1.weight.m,67108864,60473753,GRAMMAR,1.0741026249888819
30,value_embeds.1.weight.v,67108864,60473545,GRAMMAR,1.03136854202603
30,value_embeds.3.weight.m,67108864,60473801,GRAMMAR,1.0230249169981107
30,value_embeds.3.weight.v,67108864,60473497,GRAMMAR,1.0614439579949249
30,value_embeds.5.weight.m,67108864,60473753,GRAMMAR,1.0707359170191921
30,value_embeds.5.weight.v,67108864,60473677,GRAMMAR,1.038470374973258
30,value_embeds.7.weight.m,67108864,60473781,GRAMMAR,1.0723473749822006
30,value_embeds.7.weight.v,67108864,60473777,GRAMMAR,1.04403929199907
31,wte.weight.m,67108864,61520469,GRAMMAR,1.068196457985323
31,wte.weight.v,67108864,61520213,GRAMMAR,1.050111749995267
31,blocks.0.attn.c_q.weight.buf,1048576,1049401,RAW,0.03708499998901971
31,blocks.0.attn.c_k.weight.buf,1048576,1049401,RAW,0.020444583002245054
31,blocks.0.attn.c_v.weight.buf,1048576,1049401,RAW,0.019502125011058524
31,blocks.0.attn.c_proj.weight.buf,1048576,1049401,RAW,0.036608791997423396
31,blocks.0.mlp.c_fc.weight.buf,4194304,4196389,RAW,0.09967179200612009
31,blocks.0.mlp.c_proj.weight.buf,4194304,4195129,RAW,0.13437920800060965
31,blocks.1.attn.c_q.weight.buf,1048576,1049401,RAW,0.02261400001589209
31,blocks.1.attn.c_k.weight.buf,1048576,1049401,RAW,0.022213083022506908
31,blocks.1.attn.c_v.weight.buf,1048576,1049401,RAW,0.03876433297409676
31,blocks.1.attn.c_proj.weight.buf,1048576,1049401,RAW,0.02152587499585934
31,blocks.1.attn.ve_gate.weight.buf,512,1022,RAW,3.574998117983341e-05
31,blocks.1.mlp.c_fc.weight.buf,4194304,4196389,RAW,0.10280699998838827
31,blocks.1.mlp.c_proj.weight.buf,4194304,4195129,RAW,0.1444082499947399
31,blocks.2.attn.c_q.weight.buf,1048576,1049401,RAW,0.020033500011777505
31,blocks.2.attn.c_k.weight.buf,1048576,1049401,RAW,0.01962654199451208
31,blocks.2.attn.c_v.weight.buf,1048576,1049401,RAW,0.03569633298320696
31,blocks.2.attn.c_proj.weight.buf,1048576,1049401,RAW,0.01996279100421816
31,blocks.2.mlp.c_fc.weight.buf,4194304,4196389,RAW,0.09617729097953998
31,blocks.2.mlp.c_proj.weight.buf,4194304,4195129,RAW,0.12177312499261461
31,blocks.3.attn.c_q.weight.buf,1048576,1049401,RAW,0.020240375015418977
31,blocks.3.attn.c_k.weight.buf,1048576,1049401,RAW,0.01978154099197127
31,blocks.3.attn.c_v.weight.buf,1048576,1049401,RAW,0.036156041984213516
31,blocks.3.attn.c_proj.weight.buf,1048576,1049401,RAW,0.021043832995928824
31,blocks.3.attn.ve_gate.weight.buf,512,1022,RAW,3.379202098585665e-05
31,blocks.3.mlp.c_fc.weight.buf,4194304,4196389,RAW,0.09839179198024794
31,blocks.3.mlp.c_proj.weight.buf,4194304,4195129,RAW,0.11678483299328946
31,blocks.4.attn.c_q.weight.buf,1048576,1049401,RAW,0.020402166002895683
31,blocks.4.attn.c_k.weight.buf,1048576,1049401,RAW,0.02006620800239034
31,blocks.4.attn.c_v.weight.buf,1048576,1049401,RAW,0.03609145799418911
31,blocks.4.attn.c_proj.weight.buf,1048576,1049401,RAW,0.02023054100573063
31,blocks.4.mlp.c_fc.weight.buf,4194304,4196389,RAW,0.10316162498202175
31,blocks.4.mlp.c_proj.weight.buf,4194304,4195129,RAW,0.1751984580187127
31,blocks.5.attn.c_q.weight.buf,1048576,1049401,RAW,0.021760708012152463
31,blocks.5.attn.c_k.weight.buf,1048576,1049401,RAW,0.04215437499806285
31,blocks.5.attn.c_v.weight.buf,1048576,1049401,RAW,0.02134533299249597
31,blocks.5.attn.c_proj.weight.buf,1048576,1049401,RAW,0.021687416010536253
31,blocks.5.attn.ve_gate.weight.buf,512,1022,RAW,4.108299617655575e-05
31,blocks.5.mlp.c_fc.weight.buf,4194304,4196389,RAW,0.12591425000573508
31,blocks.5.mlp.c_proj.weight.buf,4194304,4195129,RAW,0.11447604198474437
31,blocks.6.attn.c_q.weight.buf,1048576,1049401,RAW,0.020172874996205792
31,blocks.6.attn.c_k.weight.buf,1048576,1049401,RAW,0.037991958000930026
31,blocks.6.attn.c_v.weight.buf,1048576,1049401,RAW,0.020307375001721084
31,blocks.6.attn.c_proj.weight.buf,1048576,1049401,RAW,0.0207477500080131
31,blocks.6.mlp.c_fc.weight.buf,4194304,4196389,RAW,0.1017229999997653
31,blocks.6.mlp.c_proj.weight.buf,4194304,4195129,RAW,0.10813070897711441
31,blocks.7.attn.c_q.weight.buf,1048576,1049401,RAW,0.036687750020064414
31,blocks.7.attn.c_k.weight.buf,1048576,1049401,RAW,0.020703582995338365
31,blocks.7.attn.c_v.weight.buf,1048576,1049401,RAW,0.020456791011383757
31,blocks.7.attn.c_proj.weight.buf,1048576,1049401,RAW,0.03670249998685904
31,blocks.7.attn.ve_gate.weight.buf,512,1022,RAW,1.1916010407730937e-05
31,blocks.7.mlp.c_fc.weight.buf,4194304,4196389,RAW,0.1173103750043083
31,blocks.7.mlp.c_proj.weight.buf,4194304,4195129,RAW,0.10645224998006597
31,lm_head.weight.m,67108864,67136149,RAW,1.6187368749815505
31,lm_head.weight.v,67108864,67136149,RAW,1.6608241249923594
31,resid_lambdas.m,32,32,RAW_VECTOR,5.208014044910669e-06
31,resid_lambdas.v,32,32,RAW_VECTOR,2.3329921532422304e-06
31,x0_lambdas.m,32,32,RAW_VECTOR,1.2090022210031748e-06
31,x0_lambdas.v,32,32,RAW_VECTOR,4.169996827840805e-07
31,value_embeds.1.weight.m,67108864,61026237,GRAMMAR,1.0395305409911089
31,value_embeds.1.weight.v,67108864,61025953,GRAMMAR,1.0498244579939637
31,value_embeds.3.weight.m,67108864,61026305,GRAMMAR,1.0732603749784175
31,value_embeds.3.weight.v,67108864,61025953,GRAMMAR,1.0419712080038153
31,value_embeds.5.weight.m,67108864,61026265,GRAMMAR,1.0954130410100333
31,value_embeds.5.weight.v,67108864,61026097,GRAMMAR,1.043074000015622
31,value_embeds.7.weight.m,67108864,61026249,GRAMMAR,1.0431847089785151
31,value_embeds.7.weight.v,67108864,61026189,GRAMMAR,1.074539790977724
32,wte.weight.m,67108864,61960781,GRAMMAR,1.0743481669924222
32,wte.weight.v,67108864,61960433,GRAMMAR,1.0625564170186408
32,blocks.0.attn.c_q.weight.buf,1048576,1049401,RAW,0.022487124981125817
32,blocks.0.attn.c_k.weight.buf,1048576,1049401,RAW,0.04243004199815914
32,blocks.0.attn.c_v.weight.buf,1048576,1049401,RAW,0.02210387500235811
32,blocks.0.attn.c_proj.weight.buf,1048576,1049401,RAW,0.021517082990612835
32,blocks.0.mlp.c_fc.weight.buf,4194304,4196389,RAW,0.11462629100424238
32,blocks.0.mlp.c_proj.weight.buf,4194304,4195129,RAW,0.10842591701657511
32,blocks.1.attn.c_q.weight.buf,1048576,1049401,RAW,0.020362416020361707
32,blocks.1.attn.c_k.weight.buf,1048576,1049401,RAW,0.03681954101193696
32,blocks.1.attn.c_v.weight.buf,1048576,1049401,RAW,0.020432333985809237
32,blocks.1.attn.c_proj.weight.buf,1048576,1049401,RAW,0.02027170898509212
32,blocks.1.attn.ve_gate.weight.buf,512,1022,RAW,1.300001167692244e-05
32,blocks.1.mlp.c_fc.weight.buf,4194304,4196389,RAW,0.11445074999937788
32,blocks.1.mlp.c_proj.weight.buf,4194304,4195129,RAW,0.10901654098415747
32,blocks.2.attn.c_q.weight.buf,1048576,1049401,RAW,0.02050458299345337
32,blocks.2.attn.c_k.weight.buf,1048576,1049401,RAW,0.037040041002910584
32,blocks.2.attn.c_v.weight.buf,1048576,1049401,RAW,0.020751250005559996
32,blocks.2.attn.c_proj.weight.buf,1048576,1049401,RAW,0.02020004199584946
32,blocks.2.mlp.c_fc.weight.buf,4194304,4196389,RAW,0.09927100001368672
32,blocks.2.mlp.c_proj.weight.buf,4194304,4195129,RAW,0.10665500001050532
32,blocks.3.attn.c_q.weight.buf,1048576,1049401,RAW,0.020670458994572982
32,blocks.3.attn.c_k.weight.buf,1048576,1049401,RAW,0.02034341701073572
32,blocks.3.attn.c_v.weight.buf,1048576,1049401,RAW,0.03726474998984486
32,blocks.3.attn.c_proj.weight.buf,1048576,1049401,RAW,0.020282834011595696
32,blocks.3.attn.ve_gate.weight.buf,512,1022,RAW,1.3124983524903655e-05
32,blocks.3.mlp.c_fc.weight.buf,4194304,4196389,RAW,0.11468441699980758
32,blocks.3.mlp.c_proj.weight.buf,4194304,4195129,RAW,0.13005354200140573
32,blocks.4.attn.c_q.weight.buf,1048576,1049401,RAW,0.020673207996878773
32,blocks.4.attn.c_k.weight.buf,1048576,1049401,RAW,0.020463124994421378
32,blocks.4.attn.c_v.weight.buf,1048576,1049401,RAW,0.03792554198298603
32,blocks.4.attn.c_proj.weight.buf,1048576,1049401,RAW,0.02095058301347308
32,blocks.4.mlp.c_fc.weight.buf,4194304,4196389,RAW,0.10059804198681377
32,blocks.4.mlp.c_proj.weight.buf,4194304,4195129,RAW,0.13859916699584574
32,blocks.5.attn.c_q.weight.buf,1048576,1049401,RAW,0.020887042017420754
32,blocks.5.attn.c_k.weight.buf,1048576,1049401,RAW,0.01983108397689648
32,blocks.5.attn.c_v.weight.buf,1048576,1049401,RAW,0.021169040992390364
32,blocks.5.attn.c_proj.weight.buf,1048576,1049401,RAW,0.020912084000883624
32,blocks.5.attn.ve_gate.weight.buf,512,1022,RAW,3.454199759289622e-05
32,blocks.5.mlp.c_fc.weight.buf,4194304,4196389,RAW,0.09988179200445302
32,blocks.5.mlp.c_proj.weight.buf,4194304,4195129,RAW,0.11294449999695644
32,blocks.6.attn.c_q.weight.buf,1048576,1049401,RAW,0.020554791000904515
32,blocks.6.attn.c_k.weight.buf,1048576,1049401,RAW,0.019920999999158084
32,blocks.6.attn.c_v.weight.buf,1048576,1049401,RAW,0.021389959001680836
32,blocks.6.attn.c_proj.weight.buf,1048576,1049401,RAW,0.0202526249922812
32,blocks.6.mlp.c_fc.weight.buf,4194304,4196389,RAW,0.11514166701817885
32,blocks.6.mlp.c_proj.weight.buf,4194304,4195129,RAW,0.1237966249755118
32,blocks.7.attn.c_q.weight.buf,1048576,1049401,RAW,0.020945958007359877
32,blocks.7.attn.c_k.weight.buf,1048576,1049401,RAW,0.020480125007452443
32,blocks.7.attn.c_v.weight.buf,1048576,1049401,RAW,0.03657091601053253
32,blocks.7.attn.c_proj.weight.buf,1048576,1049401,RAW,0.020483875006902963
32,blocks.7.attn.ve_gate.weight.buf,512,1022,RAW,1.2167001841589808e-05
32,blocks.7.mlp.c_fc.weight.buf,4194304,4196389,RAW,0.09819908300414681
32,blocks.7.mlp.c_proj.weight.buf,4194304,4195129,RAW,0.16669508299673907
32,lm_head.weight.m,67108864,67136149,RAW,1.6881724999984726
32,lm_head.weight.v,67108864,67136149,RAW,1.628205541986972
32,resid_lambdas.m,32,32,RAW_VECTOR,1.0707997716963291e-05
32,resid_lambdas.v,32,32,RAW_VECTOR,2.1659943740814924e-06
32,x0_lambdas.m,32,32,RAW_VECTOR,1.2500095181167126e-06
32,x0_lambdas.v,32,32,RAW_VECTOR,4.580069798976183e-07
32,value_embeds.1.weight.m,67108864,61487453,GRAMMAR,1.0821733749762643
32,value_embeds.1.weight.v,67108864,61487241,GRAMMAR,1.0503265419974923
32,value_embeds.3.weight.m,67108864,61487545,GRAMMAR,1.0831401670002379
32,value_embeds.3.weight.v,67108864,61487141,GRAMMAR,1.068894707976142
32,value_embeds.5.weight.m,67108864,61487609,GRAMMAR,1.0499380409892183
32,value_embeds.5.weight.v,67108864,61487397,GRAMMAR,1.0674046670028474
32,value_embeds.7.weight.m,67108864,61487533,GRAMMAR,1.0872271669795737
32,value_embeds.7.weight.v,67108864,61487421,GRAMMAR,1.0563484159938525
33,wte.weight.m,67108864,62308033,GRAMMAR,1.1101624169969
33,wte.weight.v,67108864,62307689,GRAMMAR,1.0746423339878675
33,blocks.0.attn.c_q.weight.buf,1048576,1049401,RAW,0.03594533298746683
33,blocks.0.attn.c_k.weight.buf,1048576,1049401,RAW,0.01988670797436498
33,blocks.0.attn.c_v.weight.buf,1048576,1049401,RAW,0.020161041000392288
33,blocks.0.attn.c_proj.weight.buf,1048576,1049401,RAW,0.038267374999122694
33,blocks.0.mlp.c_fc.weight.buf,4194304,4196389,RAW,0.09728824999183416
33,blocks.0.mlp.c_proj.weight.buf,4194304,4195129,RAW,0.10121358398464508
33,blocks.1.attn.c_q.weight.buf,1048576,1049401,RAW,0.019610291987191886
33,blocks.1.attn.c_k.weight.buf,1048576,1049401,RAW,0.021038458013208583
33,blocks.1.attn.c_v.weight.buf,1048576,1049401,RAW,0.019432000000961125
33,blocks.1.attn.c_proj.weight.buf,1048576,1049401,RAW,0.020322208001744002
33,blocks.1.attn.ve_gate.weight.buf,512,1022,RAW,6.508297519758344e-05
33,blocks.1.mlp.c_fc.weight.buf,4194304,4196389,RAW,0.124723749991972
33,blocks.1.mlp.c_proj.weight.buf,4194304,4195129,RAW,0.10332745799678378
33,blocks.2.attn.c_q.weight.buf,1048576,1049401,RAW,0.020987541996873915
33,blocks.2.attn.c_k.weight.buf,1048576,1049401,RAW,0.04178829200100154
33,blocks.2.attn.c_v.weight.buf,1048576,1049401,RAW,0.021693209011573344
33,blocks.2.attn.c_proj.weight.buf,1048576,1049401,RAW,0.021384666004450992
33,blocks.2.mlp.c_fc.weight.buf,4194304,4196389,RAW,0.12360062499647029
33,blocks.2.mlp.c_proj.weight.buf,4194304,4195129,RAW,0.12671545901685022
33,blocks.3.attn.c_q.weight.buf,1048576,1049401,RAW,0.021618583996314555
33,blocks.3.attn.c_k.weight.buf,1048576,1049401,RAW,0.02318554202793166
33,blocks.3.attn.c_v.weight.buf,1048576,1049401,RAW,0.02160154201555997
33,blocks.3.attn.c_proj.weight.buf,1048576,1049401,RAW,0.02149937499780208
33,blocks.3.attn.ve_gate.weight.buf,512,1022,RAW,0.00012237500050105155
33,blocks.3.mlp.c_fc.weight.buf,4194304,4196389,RAW,0.09952291700756177
33,blocks.3.mlp.c_proj.weight.buf,4194304,4195129,RAW,0.1068684580095578
33,blocks.4.attn.c_q.weight.buf,1048576,1049401,RAW,0.03659487501136027
33,blocks.4.attn.c_k.weight.buf,1048576,1049401,RAW,0.020948417019098997
33,blocks.4.attn.c_v.weight.buf,1048576,1049401,RAW,0.02021795802284032
33,blocks.4.attn.c_proj.weight.buf,1048576,1049401,RAW,0.035991957993246615
33,blocks.4.mlp.c_fc.weight.buf,4194304,4196389,RAW,0.11868949999916367
33,blocks.4.mlp.c_proj.weight.buf,4194304,4195129,RAW,0.10854695801390335
33,blocks.5.attn.c_q.weight.buf,1048576,1049401,RAW,0.037600375013425946
33,blocks.5.attn.c_k.weight.buf,1048576,1049401,RAW,0.02067674999125302
33,blocks.5.attn.c_v.weight.buf,1048576,1049401,RAW,0.020499999984167516
33,blocks.5.attn.c_proj.weight.buf,1048576,1049401,RAW,0.03729587499401532
33,blocks.5.attn.ve_gate.weight.buf,512,1022,RAW,1.945797703228891e-05
33,blocks.5.mlp.c_fc.weight.buf,4194304,4196389,RAW,0.09891649999190122
33,blocks.5.mlp.c_proj.weight.buf,4194304,4195129,RAW,0.1060277080105152
33,blocks.6.attn.c_q.weight.buf,1048576,1049401,RAW,0.037207000015769154
33,blocks.6.attn.c_k.weight.buf,1048576,1049401,RAW,0.02070641700993292
33,blocks.6.attn.c_v.weight.buf,1048576,1049401,RAW,0.020134166989009827
33,blocks.6.attn.c_proj.weight.buf,1048576,1049401,RAW,0.03506854097940959
33,blocks.6.mlp.c_fc.weight.buf,4194304,4196389,RAW,0.10257687498233281
33,blocks.6.mlp.c_proj.weight.buf,4194304,4195129,RAW,0.10611258298740722
33,blocks.7.attn.c_q.weight.buf,1048576,1049401,RAW,0.020392334001371637
33,blocks.7.attn.c_k.weight.buf,1048576,1049401,RAW,0.03762658400228247
33,blocks.7.attn.c_v.weight.buf,1048576,1049401,RAW,0.020247790991561487
33,blocks.7.attn.c_proj.weight.buf,1048576,1049401,RAW,0.02016766701126471
33,blocks.7.attn.ve_gate.weight.buf,512,1022,RAW,1.2250005966052413e-05
33,blocks.7.mlp.c_fc.weight.buf,4194304,4196389,RAW,0.11501695800689049
33,blocks.7.mlp.c_proj.weight.buf,4194304,4195129,RAW,0.10396874998696148
33,lm_head.weight.m,67108864,67136149,RAW,1.6112456249829847
33,lm_head.weight.v,67108864,67136149,RAW,1.6232181250234134
33,resid_lambdas.m,32,32,RAW_VECTOR,6.541988113895059e-06
33,resid_lambdas.v,32,32,RAW_VECTOR,4.580069798976183e-07
33,x0_lambdas.m,32,32,RAW_VECTOR,1.00000761449337e-06
33,x0_lambdas.v,32,32,RAW_VECTOR,4.169996827840805e-07
33,value_embeds.1.weight.m,67108864,61877261,GRAMMAR,1.0905795409926213
33,value_embeds.1.weight.v,67108864,61876929,GRAMMAR,1.0855172919982579
33,value_embeds.3.weight.m,67108864,61877245,GRAMMAR,1.0758692079980392
33,value_embeds.3.weight.v,67108864,61876873,GRAMMAR,1.0832894160121214
33,value_embeds.5.weight.m,67108864,61877381,GRAMMAR,1.0796918339910917
33,value_embeds.5.weight.v,67108864,61877145,GRAMMAR,1.0665572080179118
33,value_embeds.7.weight.m,67108864,61877285,GRAMMAR,1.1090826670115348
33,value_embeds.7.weight.v,67108864,61877117,GRAMMAR,1.0781737079960294
34,wte.weight.m,67108864,62712713,GRAMMAR,1.1127055840042885
34,wte.weight.v,67108864,62712397,GRAMMAR,1.0842538750148378
34,blocks.0.attn.c_q.weight.buf,1048576,1049401,RAW,0.02030245799687691
34,blocks.0.attn.c_k.weight.buf,1048576,1049401,RAW,0.02058404198032804
34,blocks.0.attn.c_v.weight.buf,1048576,1049401,RAW,0.021462167002027854
34,blocks.0.attn.c_proj.weight.buf,1048576,1049401,RAW,0.020408916985616088
34,blocks.0.mlp.c_fc.weight.buf,4194304,4196389,RAW,0.09903083299286664
34,blocks.0.mlp.c_proj.weight.buf,4194304,4195129,RAW,0.12328783300472423
34,blocks.1.attn.c_q.weight.buf,1048576,1049401,RAW,0.020177124999463558
34,blocks.1.attn.c_k.weight.buf,1048576,1049401,RAW,0.020233791001373902
34,blocks.1.attn.c_v.weight.buf,1048576,1049401,RAW,0.03696091700112447
34,blocks.1.attn.c_proj.weight.buf,1048576,1049401,RAW,0.020187916001304984
34,blocks.1.attn.ve_gate.weight.buf,512,1022,RAW,1.2792006600648165e-05
34,blocks.1.mlp.c_fc.weight.buf,4194304,4196389,RAW,0.09911974999704398
34,blocks.1.mlp.c_proj.weight.buf,4194304,4195129,RAW,0.12412750002113171
34,blocks.2.attn.c_q.weight.buf,1048576,1049401,RAW,0.019905374996596947
34,blocks.2.attn.c_k.weight.buf,1048576,1049401,RAW,0.019744332996197045
34,blocks.2.attn.c_v.weight.buf,1048576,1049401,RAW,0.03620729100657627
34,blocks.2.attn.c_proj.weight.buf,1048576,1049401,RAW,0.019791833008639514
34,blocks.2.mlp.c_fc.weight.buf,4194304,4196389,RAW,0.09706591698341072
34,blocks.2.mlp.c_proj.weight.buf,4194304,4195129,RAW,0.1188243750075344
34,blocks.3.attn.c_q.weight.buf,1048576,1049401,RAW,0.036610125011065975
34,blocks.3.attn.c_k.weight.buf,1048576,1049401,RAW,0.019821500027319416
34,blocks.3.attn.c_v.weight.buf,1048576,1049401,RAW,0.01976662501692772
34,blocks.3.attn.c_proj.weight.buf,1048576,1049401,RAW,0.02158391597913578
34,blocks.3.attn.ve_gate.weight.buf,512,1022,RAW,3.82089929189533e-05
34,blocks.3.mlp.c_fc.weight.buf,4194304,4196389,RAW,0.0964075829833746
34,blocks.3.mlp.c_proj.weight.buf,4194304,4195129,RAW,0.1008746669976972
34,blocks.4.attn.c_q.weight.buf,1048576,1049401,RAW,0.03694125000038184
34,blocks.4.attn.c_k.weight.buf,1048576,1049401,RAW,0.019890791008947417
34,blocks.4.attn.c_v.weight.buf,1048576,1049401,RAW,0.019820499990601093
34,blocks.4.attn.c_proj.weight.buf,1048576,1049401,RAW,0.03613737499108538
34,blocks.4.mlp.c_fc.weight.buf,4194304,4196389,RAW,0.0971177089959383
34,blocks.4.mlp.c_proj.weight.buf,4194304,4195129,RAW,0.16352704202290624
34,blocks.5.attn.c_q.weight.buf,1048576,1049401,RAW,0.02193341701058671
34,blocks.5.attn.c_k.weight.buf,1048576,1049401,RAW,0.04203670797869563
34,blocks.5.attn.c_v.weight.buf,1048576,1049401,RAW,0.022027667000656947
34,blocks.5.attn.c_proj.weight.buf,1048576,1049401,RAW,0.021584375004749745
34,blocks.5.attn.ve_gate.weight.buf,512,1022,RAW,2.2499996703118086e-05
34,blocks.5.mlp.c_fc.weight.buf,4194304,4196389,RAW,0.12606637499993667
34,blocks.5.mlp.c_proj.weight.buf,4194304,4195129,RAW,0.15081241697771475
34,blocks.6.attn.c_q.weight.buf,1048576,1049401,RAW,0.0206810410018079
34,blocks.6.attn.c_k.weight.buf,1048576,1049401,RAW,0.037725624977611005
34,blocks.6.attn.c_v.weight.buf,1048576,1049401,RAW,0.02039312498527579
34,blocks.6.attn.c_proj.weight.buf,1048576,1049401,RAW,0.02055683298385702
34,blocks.6.mlp.c_fc.weight.buf,4194304,4196389,RAW,0.10521558299660683
34,blocks.6.mlp.c_proj.weight.buf,4194304,4195129,RAW,0.10937716602347791
34,blocks.7.attn.c_q.weight.buf,1048576,1049401,RAW,0.020662707975134254
34,blocks.7.attn.c_k.weight.buf,1048576,1049401,RAW,0.03723266700399108
34,blocks.7.attn.c_v.weight.buf,1048576,1049401,RAW,0.020748708018800244
34,blocks.7.attn.c_proj.weight.buf,1048576,1049401,RAW,0.02037183300126344
34,blocks.7.attn.ve_gate.weight.buf,512,1022,RAW,2.7542002499103546e-05
34,blocks.7.mlp.c_fc.weight.buf,4194304,4196389,RAW,0.11723004098166712
34,blocks.7.mlp.c_proj.weight.buf,4194304,4195129,RAW,0.10743720800383016
34,lm_head.weight.m,67108864,67136149,RAW,1.6180000419844873
34,lm_head.weight.v,67108864,67136149,RAW,1.6511333340022247
34,resid_lambdas.m,32,32,RAW_VECTOR,9.832991054281592e-06
34,resid_lambdas.v,32,32,RAW_VECTOR,2.041022526100278e-06
34,x0_lambdas.m,32,32,RAW_VECTOR,1.4159886632114649e-06
34,x0_lambdas.v,32,32,RAW_VECTOR,4.1601015254855156e-07
34,value_embeds.1.weight.m,67108864,62311369,GRAMMAR,1.0909002079861239
34,value_embeds.1.weight.v,67108864,62311045,GRAMMAR,1.1000722500029951
34,value_embeds.3.weight.m,67108864,62311349,GRAMMAR,1.102257542021107
34,value_embeds.3.weight.v,67108864,62310913,GRAMMAR,1.0748347499757074
34,value_embeds.5.weight.m,67108864,62311545,GRAMMAR,1.1128024579957128
34,value_embeds.5.weight.v,67108864,62311181,GRAMMAR,1.0922301249811426
34,value_embeds.7.weight.m,67108864,62311389,GRAMMAR,1.0889591249870136
34,value_embeds.7.weight.v,67108864,62311169,GRAMMAR,1.099200208002003
35,wte.weight.m,67108864,63050917,GRAMMAR,1.1038806670112535
35,wte.weight.v,67108864,63050489,GRAMMAR,1.104661124991253
35,blocks.0.attn.c_q.weight.buf,1048576,1049401,RAW,0.037038750015199184
35,blocks.0.attn.c_k.weight.buf,1048576,1049401,RAW,0.020401624991791323
35,blocks.0.attn.c_v.weight.buf,1048576,1049401,RAW,0.02007820800645277
35,blocks.0.attn.c_proj.weight.buf,1048576,1049401,RAW,0.037009417021181434
35,blocks.0.mlp.c_fc.weight.buf,4194304,4196389,RAW,0.09783562499796972
35,blocks.0.mlp.c_proj.weight.buf,4194304,4195129,RAW,0.1062924170109909
35,blocks.1.attn.c_q.weight.buf,1048576,1049401,RAW,0.03718216699780896
35,blocks.1.attn.c_k.weight.buf,1048576,1049401,RAW,0.03608275001170114
35,blocks.1.attn.c_v.weight.buf,1048576,1049401,RAW,0.020055957982549444
35,blocks.1.attn.c_proj.weight.buf,1048576,1049401,RAW,0.036010124982567504
35,blocks.1.attn.ve_gate.weight.buf,512,1022,RAW,9.612497524358332e-05
35,blocks.1.mlp.c_fc.weight.buf,4194304,4196389,RAW,0.10153566699591465
35,blocks.1.mlp.c_proj.weight.buf,4194304,4195129,RAW,0.10726966700167395
35,blocks.2.attn.c_q.weight.buf,1048576,1049401,RAW,0.03757841599872336
35,blocks.2.attn.c_k.weight.buf,1048576,1049401,RAW,0.02056050000828691
35,blocks.2.attn.c_v.weight.buf,1048576,1049401,RAW,0.020414541009813547
35,blocks.2.attn.c_proj.weight.buf,1048576,1049401,RAW,0.036447124992264435
35,blocks.2.mlp.c_fc.weight.buf,4194304,4196389,RAW,0.09857587498845533
35,blocks.2.mlp.c_proj.weight.buf,4194304,4195129,RAW,0.10931520798476413
35,blocks.3.attn.c_q.weight.buf,1048576,1049401,RAW,0.03711058301269077
35,blocks.3.attn.c_k.weight.buf,1048576,1049401,RAW,0.020704666996607557
35,blocks.3.attn.c_v.weight.buf,1048576,1049401,RAW,0.020385584008181468
35,blocks.3.attn.c_proj.weight.buf,1048576,1049401,RAW,0.03662212498602457
35,blocks.3.attn.ve_gate.weight.buf,512,1022,RAW,2.549999044276774e-05
35,blocks.3.mlp.c_fc.weight.buf,4194304,4196389,RAW,0.09997787501197308
35,blocks.3.mlp.c_proj.weight.buf,4194304,4195129,RAW,0.11004958298872225
35,blocks.4.attn.c_q.weight.buf,1048576,1049401,RAW,0.03646887498325668
35,blocks.4.attn.c_k.weight.buf,1048576,1049401,RAW,0.037807916989549994
35,blocks.4.attn.c_v.weight.buf,1048576,1049401,RAW,0.020510458009084687
35,blocks.4.attn.c_proj.weight.buf,1048576,1049401,RAW,0.02073858299991116
35,blocks.4.mlp.c_fc.weight.buf,4194304,4196389,RAW,0.10088770897709765
35,blocks.4.mlp.c_proj.weight.buf,4194304,4195129,RAW,0.10440337497857399
35,blocks.5.attn.c_q.weight.buf,1048576,1049401,RAW,0.020197083009406924
35,blocks.5.attn.c_k.weight.buf,1048576,1049401,RAW,0.03677266699378379
35,blocks.5.attn.c_v.weight.buf,1048576,1049401,RAW,0.02008441701764241
35,blocks.5.attn.c_proj.weight.buf,1048576,1049401,RAW,0.019835665996652097
35,blocks.5.attn.ve_gate.weight.buf,512,1022,RAW,2.7041009161621332e-05
35,blocks.5.mlp.c_fc.weight.buf,4194304,4196389,RAW,0.11276200000429526
35,blocks.5.mlp.c_proj.weight.buf,4194304,4195129,RAW,0.10379700001794845
35,blocks.6.attn.c_q.weight.buf,1048576,1049401,RAW,0.01978429200244136
35,blocks.6.attn.c_k.weight.buf,1048576,1049401,RAW,0.01975033400231041
35,blocks.6.attn.c_v.weight.buf,1048576,1049401,RAW,0.02125787499244325
35,blocks.6.attn.c_proj.weight.buf,1048576,1049401,RAW,0.019900208979379386
35,blocks.6.mlp.c_fc.weight.buf,4194304,4196389,RAW,0.09743554197484627
35,blocks.6.mlp.c_proj.weight.buf,4194304,4195129,RAW,0.12009275000309572
35,blocks.7.attn.c_q.weight.buf,1048576,1049401,RAW,0.02034754099440761
35,blocks.7.attn.c_k.weight.buf,1048576,1049401,RAW,0.019885666988557205
35,blocks.7.attn.c_v.weight.buf,1048576,1049401,RAW,0.03628624998964369
35,blocks.7.attn.c_proj.weight.buf,1048576,1049401,RAW,0.03689445901545696
35,blocks.7.attn.ve_gate.weight.buf,512,1022,RAW,3.0291004804894328e-05
35,blocks.7.mlp.c_fc.weight.buf,4194304,4196389,RAW,0.09982387500349432
35,blocks.7.mlp.c_proj.weight.buf,4194304,4195129,RAW,0.1518801659985911
35,lm_head.weight.m,67108864,67136149,RAW,1.6628270829969551
35,lm_head.weight.v,67108864,67136149,RAW,1.6215332499996293
35,resid_lambdas.m,32,32,RAW_VECTOR,8.583010639995337e-06
35,resid_lambdas.v,32,32,RAW_VECTOR,5.420006345957518e-07
35,x0_lambdas.m,32,32,RAW_VECTOR,1.541979145258665e-06
35,x0_lambdas.v,32,32,RAW_VECTOR,3.3300602808594704e-07
35,value_embeds.1.weight.m,67108864,62684733,GRAMMAR,1.1258336669998243
35,value_embeds.1.weight.v,67108864,62684417,GRAMMAR,1.06706000000122
35,value_embeds.3.weight.m,67108864,62684833,GRAMMAR,1.1258312500140164
35,value_embeds.3.weight.v,67108864,62684321,GRAMMAR,1.1117947080056183
35,value_embeds.5.weight.m,67108864,62684977,GRAMMAR,1.0851142089813948
35,value_embeds.5.weight.v,67108864,62684573,GRAMMAR,1.106738625006983
35,value_embeds.7.weight.m,67108864,62684825,GRAMMAR,1.1170884589955676
35,value_embeds.7.weight.v,67108864,62684569,GRAMMAR,1.0747293749882374
36,wte.weight.m,67108864,63410265,GRAMMAR,1.1431402910093311
36,wte.weight.v,67108864,63409869,GRAMMAR,1.079491832992062
36,blocks.0.attn.c_q.weight.buf,1048576,1049401,RAW,0.020353542000520974
36,blocks.0.attn.c_k.weight.buf,1048576,1049401,RAW,0.01964379200944677
36,blocks.0.attn.c_v.weight.buf,1048576,1049401,RAW,0.03617958401446231
36,blocks.0.attn.c_proj.weight.buf,1048576,1049401,RAW,0.020013832981931046
36,blocks.0.mlp.c_fc.weight.buf,4194304,4196389,RAW,0.09616612497484311
36,blocks.0.mlp.c_proj.weight.buf,4194304,4195129,RAW,0.12242579102166928
36,blocks.1.attn.c_q.weight.buf,1048576,1049401,RAW,0.020273583999369293
36,blocks.1.attn.c_k.weight.buf,1048576,1049401,RAW,0.02024433299084194
36,blocks.1.attn.c_v.weight.buf,1048576,1049401,RAW,0.037341375020332634
36,blocks.1.attn.c_proj.weight.buf,1048576,1049401,RAW,0.020624666998628527
36,blocks.1.attn.ve_gate.weight.buf,512,1022,RAW,1.008401159197092e-05
36,blocks.1.mlp.c_fc.weight.buf,4194304,4196389,RAW,0.1051022500032559
36,blocks.1.mlp.c_proj.weight.buf,4194304,4195129,RAW,0.1822138330026064
36,blocks.2.attn.c_q.weight.buf,1048576,1049401,RAW,0.0211893749947194
36,blocks.2.attn.c_k.weight.buf,1048576,1049401,RAW,0.041559584002243355
36,blocks.2.attn.c_v.weight.buf,1048576,1049401,RAW,0.021432415989693254
36,blocks.2.attn.c_proj.weight.buf,1048576,1049401,RAW,0.021364624990383163
36,blocks.2.mlp.c_fc.weight.buf,4194304,4196389,RAW,0.10556249998626299
36,blocks.2.mlp.c_proj.weight.buf,4194304,4195129,RAW,0.11013816701597534
36,blocks.3.attn.c_q.weight.buf,1048576,1049401,RAW,0.020465750014409423
36,blocks.3.attn.c_k.weight.buf,1048576,1049401,RAW,0.04197516699787229
36,blocks.3.attn.c_v.weight.buf,1048576,1049401,RAW,0.020278042007703334
36,blocks.3.attn.c_proj.weight.buf,1048576,1049401,RAW,0.020372124999994412
36,blocks.3.attn.ve_gate.weight.buf,512,1022,RAW,1.5541998436674476e-05
36,blocks.3.mlp.c_fc.weight.buf,4194304,4196389,RAW,0.1179287499981001
36,blocks.3.mlp.c_proj.weight.buf,4194304,4195129,RAW,0.11068574999808334
36,blocks.4.attn.c_q.weight.buf,1048576,1049401,RAW,0.020454084005905315
36,blocks.4.attn.c_k.weight.buf,1048576,1049401,RAW,0.0386128340032883
36,blocks.4.attn.c_v.weight.buf,1048576,1049401,RAW,0.020701708999695256
36,blocks.4.attn.c_proj.weight.buf,1048576,1049401,RAW,0.020697458006907254
36,blocks.4.mlp.c_fc.weight.buf,4194304,4196389,RAW,0.13199266698211432
36,blocks.4.mlp.c_proj.weight.buf,4194304,4195129,RAW,0.10837558400817215
36,blocks.5.attn.c_q.weight.buf,1048576,1049401,RAW,0.0203787500213366
36,blocks.5.attn.c_k.weight.buf,1048576,1049401,RAW,0.03838445802102797
36,blocks.5.attn.c_v.weight.buf,1048576,1049401,RAW,0.020365499978652224
36,blocks.5.attn.c_proj.weight.buf,1048576,1049401,RAW,0.020397083018906415
36,blocks.5.attn.ve_gate.weight.buf,512,1022,RAW,2.7749978471547365e-05
36,blocks.5.mlp.c_fc.weight.buf,4194304,4196389,RAW,0.11866212499444373
36,blocks.5.mlp.c_proj.weight.buf,4194304,4195129,RAW,0.1078388339956291
36,blocks.6.attn.c_q.weight.buf,1048576,1049401,RAW,0.020900291012367234
36,blocks.6.attn.c_k.weight.buf,1048576,1049401,RAW,0.04005129201686941
36,blocks.6.attn.c_v.weight.buf,1048576,1049401,RAW,0.02073337501497008
36,blocks.6.attn.c_proj.weight.buf,1048576,1049401,RAW,0.02088195801479742
36,blocks.6.mlp.c_fc.weight.buf,4194304,4196389,RAW,0.11582624999573454
36,blocks.6.mlp.c_proj.weight.buf,4194304,4195129,RAW,0.10997674998361617
36,blocks.7.attn.c_q.weight.buf,1048576,1049401,RAW,0.021022583998274058
36,blocks.7.attn.c_k.weight.buf,1048576,1049401,RAW,0.0377674589981325
36,blocks.7.attn.c_v.weight.buf,1048576,1049401,RAW,0.020268541004043072
36,blocks.7.attn.c_proj.weight.buf,1048576,1049401,RAW,0.020656124979723245
36,blocks.7.attn.ve_gate.weight.buf,512,1022,RAW,3.2584008295089006e-05
36,blocks.7.mlp.c_fc.weight.buf,4194304,4196389,RAW,0.11478741699829698
36,blocks.7.mlp.c_proj.weight.buf,4194304,4195129,RAW,0.10482079201028682
36,lm_head.weight.m,67108864,67136149,RAW,1.6650908750016242
36,lm_head.weight.v,67108864,67136149,RAW,1.640414374996908
36,resid_lambdas.m,32,32,RAW_VECTOR,6.832997314631939e-06
36,resid_lambdas.v,32,32,RAW_VECTOR,5.829788278788328e-07
36,x0_lambdas.m,32,32,RAW_VECTOR,9.590003173798323e-07
36,x0_lambdas.v,32,32,RAW_VECTOR,3.7500285543501377e-07
36,value_embeds.1.weight.m,67108864,63052453,GRAMMAR,1.1717229170026258
36,value_embeds.1.weight.v,67108864,63052073,GRAMMAR,1.1229752500075847
36,value_embeds.3.weight.m,67108864,63052473,GRAMMAR,1.2093929580005351
36,value_embeds.3.weight.v,67108864,63051945,GRAMMAR,1.2244152920029592
36,value_embeds.5.weight.m,67108864,63052581,GRAMMAR,1.2272617910057306
36,value_embeds.5.weight.v,67108864,63052269,GRAMMAR,1.214755958004389
36,value_embeds.7.weight.m,67108864,63052469,GRAMMAR,1.1333202499954496
36,value_embeds.7.weight.v,67108864,63052193,GRAMMAR,1.104714832996251
37,wte.weight.m,67108864,63719665,GRAMMAR,1.1797868340217974
37,wte.weight.v,67108864,63719313,GRAMMAR,1.1705892499885522
37,blocks.0.attn.c_q.weight.buf,1048576,1049401,RAW,0.039991917001316324
37,blocks.0.attn.c_k.weight.buf,1048576,1049401,RAW,0.0222657089761924
37,blocks.0.attn.c_v.weight.buf,1048576,1049401,RAW,0.03904745800537057
37,blocks.0.attn.c_proj.weight.buf,1048576,1049401,RAW,0.02136212500045076
37,blocks.0.mlp.c_fc.weight.buf,4194304,4196389,RAW,0.10498691600514576
37,blocks.0.mlp.c_proj.weight.buf,4194304,4195129,RAW,0.1425337090040557
37,blocks.1.attn.c_q.weight.buf,1048576,1049401,RAW,0.0218065409862902
37,blocks.1.attn.c_k.weight.buf,1048576,1049401,RAW,0.021571290999418125
37,blocks.1.attn.c_v.weight.buf,1048576,1049401,RAW,0.03946012500091456
37,blocks.1.attn.c_proj.weight.buf,1048576,1049401,RAW,0.02100945799611509
37,blocks.1.attn.ve_gate.weight.buf,512,1022,RAW,5.0332979299128056e-05
37,blocks.1.mlp.c_fc.weight.buf,4194304,4196389,RAW,0.10643366698059253
37,blocks.1.mlp.c_proj.weight.buf,4194304,4195129,RAW,0.14036491702427156
37,blocks.2.attn.c_q.weight.buf,1048576,1049401,RAW,0.02209275000495836
37,blocks.2.attn.c_k.weight.buf,1048576,1049401,RAW,0.02312558301491663
37,blocks.2.attn.c_v.weight.buf,1048576,1049401,RAW,0.022724707989254966
37,blocks.2.attn.c_proj.weight.buf,1048576,1049401,RAW,0.04357783298473805
37,blocks.2.mlp.c_fc.weight.buf,4194304,4196389,RAW,0.13146437500836328
37,blocks.2.mlp.c_proj.weight.buf,4194304,4195129,RAW,0.17108670898596756
37,blocks.3.attn.c_q.weight.buf,1048576,1049401,RAW,0.02315600001020357
37,blocks.3.attn.c_k.weight.buf,1048576,1049401,RAW,0.02174304099753499
37,blocks.3.attn.c_v.weight.buf,1048576,1049401,RAW,0.039498166006524116
37,blocks.3.attn.c_proj.weight.buf,1048576,1049401,RAW,0.022156292019644752
37,blocks.3.attn.ve_gate.weight.buf,512,1022,RAW,3.62499849870801e-05
37,blocks.3.mlp.c_fc.weight.buf,4194304,4196389,RAW,0.10759520801366307
37,blocks.3.mlp.c_proj.weight.buf,4194304,4195129,RAW,0.14292712500900961
37,blocks.4.attn.c_q.weight.buf,1048576,1049401,RAW,0.021961291990010068
37,blocks.4.attn.c_k.weight.buf,1048576,1049401,RAW,0.04003908397862688
37,blocks.4.attn.c_v.weight.buf,1048576,1049401,RAW,0.022394792002160102
37,blocks.4.attn.c_proj.weight.buf,1048576,1049401,RAW,0.020358540990855545
37,blocks.4.mlp.c_fc.weight.buf,4194304,4196389,RAW,0.10579974998836406
37,blocks.4.mlp.c_proj.weight.buf,4194304,4195129,RAW,0.10911808401579037
37,blocks.5.attn.c_q.weight.buf,1048576,1049401,RAW,0.020572958019329235
37,blocks.5.attn.c_k.weight.buf,1048576,1049401,RAW,0.02048741700127721
37,blocks.5.attn.c_v.weight.buf,1048576,1049401,RAW,0.038328083988744766
37,blocks.5.attn.c_proj.weight.buf,1048576,1049401,RAW,0.020624333003070205
37,blocks.5.attn.ve_gate.weight.buf,512,1022,RAW,1.4457997167482972e-05
37,blocks.5.mlp.c_fc.weight.buf,4194304,4196389,RAW,0.10033779201330617
37,blocks.5.mlp.c_proj.weight.buf,4194304,4195129,RAW,0.11144262499874458
37,blocks.6.attn.c_q.weight.buf,1048576,1049401,RAW,0.020308833016315475
37,blocks.6.attn.c_k.weight.buf,1048576,1049401,RAW,0.020721832988783717
37,blocks.6.attn.c_v.weight.buf,1048576,1049401,RAW,0.022030499996617436
37,blocks.6.attn.c_proj.weight.buf,1048576,1049401,RAW,0.020309540996095166
37,blocks.6.mlp.c_fc.weight.buf,4194304,4196389,RAW,0.10441370800253935
37,blocks.6.mlp.c_proj.weight.buf,4194304,4195129,RAW,0.10957670799689367
37,blocks.7.attn.c_q.weight.buf,1048576,1049401,RAW,0.020472667005378753
37,blocks.7.attn.c_k.weight.buf,1048576,1049401,RAW,0.020274333975976333
37,blocks.7.attn.c_v.weight.buf,1048576,1049401,RAW,0.03765608399407938
37,blocks.7.attn.c_proj.weight.buf,1048576,1049401,RAW,0.020819166995352134
37,blocks.7.attn.ve_gate.weight.buf,512,1022,RAW,2.0792009308934212e-05
37,blocks.7.mlp.c_fc.weight.buf,4194304,4196389,RAW,0.10219508400768973
37,blocks.7.mlp.c_proj.weight.buf,4194304,4195129,RAW,0.11695208397577517
37,lm_head.weight.m,67108864,67136149,RAW,1.667982958984794
37,lm_head.weight.v,67108864,67136149,RAW,1.6258222500036936
37,resid_lambdas.m,32,32,RAW_VECTOR,1.4582998119294643e-05
37,resid_lambdas.v,32,32,RAW_VECTOR,3.6660057958215475e-06
37,x0_lambdas.m,32,32,RAW_VECTOR,2.2910244297236204e-06
37,x0_lambdas.v,32,32,RAW_VECTOR,5.420006345957518e-07
37,value_embeds.1.weight.m,67108864,63375313,GRAMMAR,1.1714961660036352
37,value_embeds.1.weight.v,67108864,63374925,GRAMMAR,1.1282435409957543
37,value_embeds.3.weight.m,67108864,63375377,GRAMMAR,1.1316284170025028
37,value_embeds.3.weight.v,67108864,63374881,GRAMMAR,1.1642916669952683
37,value_embeds.5.weight.m,67108864,63375525,GRAMMAR,1.151034125010483
37,value_embeds.5.weight.v,67108864,63375141,GRAMMAR,1.1070860839972738
37,value_embeds.7.weight.m,67108864,63375377,GRAMMAR,1.1769846249953844
37,value_embeds.7.weight.v,67108864,63375061,GRAMMAR,1.1304480840044562
38,wte.weight.m,67108864,64026937,GRAMMAR,1.1701780000003055
38,wte.weight.v,67108864,64026605,GRAMMAR,1.1315625830029603
38,blocks.0.attn.c_q.weight.buf,1048576,1049401,RAW,0.020553375012241304
38,blocks.0.attn.c_k.weight.buf,1048576,1049401,RAW,0.01947904098778963
38,blocks.0.attn.c_v.weight.buf,1048576,1049401,RAW,0.03596591702080332
38,blocks.0.attn.c_proj.weight.buf,1048576,1049401,RAW,0.019711542001459748
38,blocks.0.mlp.c_fc.weight.buf,4194304,4196389,RAW,0.09556533300201409
38,blocks.0.mlp.c_proj.weight.buf,4194304,4195129,RAW,0.11894891699193977
38,blocks.1.attn.c_q.weight.buf,1048576,1049401,RAW,0.020900124975014478
38,blocks.1.attn.c_k.weight.buf,1048576,1049401,RAW,0.019729332998394966
38,blocks.1.attn.c_v.weight.buf,1048576,1049401,RAW,0.019495957996696234
38,blocks.1.attn.c_proj.weight.buf,1048576,1049401,RAW,0.03662595900823362
38,blocks.1.attn.ve_gate.weight.buf,512,1022,RAW,2.5707995519042015e-05
38,blocks.1.mlp.c_fc.weight.buf,4194304,4196389,RAW,0.09737104101805016
38,blocks.1.mlp.c_proj.weight.buf,4194304,4195129,RAW,0.10473904199898243
38,blocks.2.attn.c_q.weight.buf,1048576,1049401,RAW,0.036003375018481165
38,blocks.2.attn.c_k.weight.buf,1048576,1049401,RAW,0.02010791702196002
38,blocks.2.attn.c_v.weight.buf,1048576,1049401,RAW,0.020178459002636373
38,blocks.2.attn.c_proj.weight.buf,1048576,1049401,RAW,0.036426583013962954
38,blocks.2.mlp.c_fc.weight.buf,4194304,4196389,RAW,0.09751612498075701
38,blocks.2.mlp.c_proj.weight.buf,4194304,4195129,RAW,0.10052091701072641
38,blocks.3.attn.c_q.weight.buf,1048576,1049401,RAW,0.021379292011260986
38,blocks.3.attn.c_k.weight.buf,1048576,1049401,RAW,0.04226587500306778
38,blocks.3.attn.c_v.weight.buf,1048576,1049401,RAW,0.02075695901294239
38,blocks.3.attn.c_proj.weight.buf,1048576,1049401,RAW,0.02129204198718071
38,blocks.3.attn.ve_gate.weight.buf,512,1022,RAW,2.1916988771408796e-05
38,blocks.3.mlp.c_fc.weight.buf,4194304,4196389,RAW,0.10673833399778232
38,blocks.3.mlp.c_proj.weight.buf,4194304,4195129,RAW,0.12758658299571835
38,blocks.4.attn.c_q.weight.buf,1048576,1049401,RAW,0.041078791982727125
38,blocks.4.attn.c_k.weight.buf,1048576,1049401,RAW,0.021728709019953385
38,blocks.4.attn.c_v.weight.buf,1048576,1049401,RAW,0.021367167006246746
38,blocks.4.attn.c_proj.weight.buf,1048576,1049401,RAW,0.03915162500925362
38,blocks.4.mlp.c_fc.weight.buf,4194304,4196389,RAW,0.09970058299950324
38,blocks.4.mlp.c_proj.weight.buf,4194304,4195129,RAW,0.10659941600169986
38,blocks.5.attn.c_q.weight.buf,1048576,1049401,RAW,0.020442792010726407
38,blocks.5.attn.c_k.weight.buf,1048576,1049401,RAW,0.054424375004600734
38,blocks.5.attn.c_v.weight.buf,1048576,1049401,RAW,0.020968707976862788
38,blocks.5.attn.c_proj.weight.buf,1048576,1049401,RAW,0.02076808299170807
38,blocks.5.attn.ve_gate.weight.buf,512,1022,RAW,0.0001347909856121987
38,blocks.5.mlp.c_fc.weight.buf,4194304,4196389,RAW,0.10670637499424629
38,blocks.5.mlp.c_proj.weight.buf,4194304,4195129,RAW,0.10692624998046085
38,blocks.6.attn.c_q.weight.buf,1048576,1049401,RAW,0.020574583002598956
38,blocks.6.attn.c_k.weight.buf,1048576,1049401,RAW,0.02162320801289752
38,blocks.6.attn.c_v.weight.buf,1048576,1049401,RAW,0.02036287498776801
38,blocks.6.attn.c_proj.weight.buf,1048576,1049401,RAW,0.020249166002031416
38,blocks.6.mlp.c_fc.weight.buf,4194304,4196389,RAW,0.10035712498938665
38,blocks.6.mlp.c_proj.weight.buf,4194304,4195129,RAW,0.10646004200680181
38,blocks.7.attn.c_q.weight.buf,1048576,1049401,RAW,0.020554791000904515
38,blocks.7.attn.c_k.weight.buf,1048576,1049401,RAW,0.039314875000854954
38,blocks.7.attn.c_v.weight.buf,1048576,1049401,RAW,0.020466749992920086
38,blocks.7.attn.c_proj.weight.buf,1048576,1049401,RAW,0.020718540996313095
38,blocks.7.attn.ve_gate.weight.buf,512,1022,RAW,1.5166006051003933e-05
38,blocks.7.mlp.c_fc.weight.buf,4194304,4196389,RAW,0.1175785840023309
38,blocks.7.mlp.c_proj.weight.buf,4194304,4195129,RAW,0.11008124999352731
38,lm_head.weight.m,67108864,67136149,RAW,1.646902417007368
38,lm_head.weight.v,67108864,67136149,RAW,1.6484577920055017
38,resid_lambdas.m,32,32,RAW_VECTOR,2.104099257849157e-05
38,resid_lambdas.v,32,32,RAW_VECTOR,5.839974619448185e-07
38,x0_lambdas.m,32,32,RAW_VECTOR,1.3329845387488604e-06
38,x0_lambdas.v,32,32,RAW_VECTOR,2.9199873097240925e-07
38,value_embeds.1.weight.m,67108864,63680965,GRAMMAR,1.1105873749766033
38,value_embeds.1.weight.v,67108864,63680545,GRAMMAR,1.1532274170021992
38,value_embeds.3.weight.m,67108864,63681021,GRAMMAR,1.1508630419848487
38,value_embeds.3.weight.v,67108864,63680493,GRAMMAR,1.1303522500093095
38,value_embeds.5.weight.m,67108864,63681137,GRAMMAR,1.1494355000031646
38,value_embeds.5.weight.v,67108864,63680769,GRAMMAR,1.124805708997883
38,value_embeds.7.weight.m,67108864,63680989,GRAMMAR,1.1653250000090338
38,value_embeds.7.weight.v,67108864,63680705,GRAMMAR,1.1442607089993544
39,wte.weight.m,67108864,64256749,GRAMMAR,1.17134700002498
39,wte.weight.v,67108864,64256433,GRAMMAR,1.1436074169760104
39,blocks.0.attn.c_q.weight.buf,1048576,1049401,RAW,0.02016758400714025
39,blocks.0.attn.c_k.weight.buf,1048576,1049401,RAW,0.037568625004496425
39,blocks.0.attn.c_v.weight.buf,1048576,1049401,RAW,0.020104166003875434
39,blocks.0.attn.c_proj.weight.buf,1048576,1049401,RAW,0.02017691600485705
39,blocks.0.mlp.c_fc.weight.buf,4194304,4196389,RAW,0.09831179198226891
39,blocks.0.mlp.c_proj.weight.buf,4194304,4195129,RAW,0.1070243330032099
39,blocks.1.attn.c_q.weight.buf,1048576,1049401,RAW,0.020085166004719213
39,blocks.1.attn.c_k.weight.buf,1048576,1049401,RAW,0.0377074160205666
39,blocks.1.attn.c_v.weight.buf,1048576,1049401,RAW,0.019687416992383078
39,blocks.1.attn.c_proj.weight.buf,1048576,1049401,RAW,0.019941833015764132
39,blocks.1.attn.ve_gate.weight.buf,512,1022,RAW,9.624985978007317e-06
39,blocks.1.mlp.c_fc.weight.buf,4194304,4196389,RAW,0.1154070420016069
39,blocks.1.mlp.c_proj.weight.buf,4194304,4195129,RAW,0.1027016660082154
39,blocks.2.attn.c_q.weight.buf,1048576,1049401,RAW,0.020055375003721565
39,blocks.2.attn.c_k.weight.buf,1048576,1049401,RAW,0.03569445799803361
39,blocks.2.attn.c_v.weight.buf,1048576,1049401,RAW,0.036349458998302
39,blocks.2.attn.c_proj.weight.buf,1048576,1049401,RAW,0.01982924999902025
39,blocks.2.mlp.c_fc.weight.buf,4194304,4196389,RAW,0.09662299999035895
39,blocks.2.mlp.c_proj.weight.buf,4194304,4195129,RAW,0.11744000000180677
39,blocks.3.attn.c_q.weight.buf,1048576,1049401,RAW,0.020222374994773418
39,blocks.3.attn.c_k.weight.buf,1048576,1049401,RAW,0.019854540994856507
39,blocks.3.attn.c_v.weight.buf,1048576,1049401,RAW,0.03617520799161866
39,blocks.3.attn.c_proj.weight.buf,1048576,1049401,RAW,0.019725666992599145
39,blocks.3.attn.ve_gate.weight.buf,512,1022,RAW,1.0416988516226411e-05
39,blocks.3.mlp.c_fc.weight.buf,4194304,4196389,RAW,0.09773029098869301
39,blocks.3.mlp.c_proj.weight.buf,4194304,4195129,RAW,0.12017104201368056
39,blocks.4.attn.c_q.weight.buf,1048576,1049401,RAW,0.020657499990193173
39,blocks.4.attn.c_k.weight.buf,1048576,1049401,RAW,0.021128958003828302
39,blocks.4.attn.c_v.weight.buf,1048576,1049401,RAW,0.041899792006006464
39,blocks.4.attn.c_proj.weight.buf,1048576,1049401,RAW,0.02158754100673832
39,blocks.4.mlp.c_fc.weight.buf,4194304,4196389,RAW,0.10608904200489633
39,blocks.4.mlp.c_proj.weight.buf,4194304,4195129,RAW,0.14998645900050178
39,blocks.5.attn.c_q.weight.buf,1048576,1049401,RAW,0.02145112497964874
39,blocks.5.attn.c_k.weight.buf,1048576,1049401,RAW,0.04155900000478141
39,blocks.5.attn.c_v.weight.buf,1048576,1049401,RAW,0.04191199998604134
39,blocks.5.attn.c_proj.weight.buf,1048576,1049401,RAW,0.021696791023714468
39,blocks.5.attn.ve_gate.weight.buf,512,1022,RAW,2.6209017960354686e-05
39,blocks.5.mlp.c_fc.weight.buf,4194304,4196389,RAW,0.0997317919973284
39,blocks.5.mlp.c_proj.weight.buf,4194304,4195129,RAW,0.10811991701484658
39,blocks.6.attn.c_q.weight.buf,1048576,1049401,RAW,0.02020741702290252
39,blocks.6.attn.c_k.weight.buf,1048576,1049401,RAW,0.03713329101447016
39,blocks.6.attn.c_v.weight.buf,1048576,1049401,RAW,0.020794874988496304
39,blocks.6.attn.c_proj.weight.buf,1048576,1049401,RAW,0.02078879199689254
39,blocks.6.mlp.c_fc.weight.buf,4194304,4196389,RAW,0.10103516699746251
39,blocks.6.mlp.c_proj.weight.buf,4194304,4195129,RAW,0.10863470801268704
39,blocks.7.attn.c_q.weight.buf,1048576,1049401,RAW,0.020592084008967504
39,blocks.7.attn.c_k.weight.buf,1048576,1049401,RAW,0.020455082994885743
39,blocks.7.attn.c_v.weight.buf,1048576,1049401,RAW,0.037680915993405506
39,blocks.7.attn.c_proj.weight.buf,1048576,1049401,RAW,0.0205530829844065
39,blocks.7.attn.ve_gate.weight.buf,512,1022,RAW,1.3749988283962011e-05
39,blocks.7.mlp.c_fc.weight.buf,4194304,4196389,RAW,0.09997499999008141
39,blocks.7.mlp.c_proj.weight.buf,4194304,4195129,RAW,0.10680745801073499
39,lm_head.weight.m,67108864,67136149,RAW,1.6273519169772044
39,lm_head.weight.v,67108864,67136149,RAW,1.6704547500121407
39,resid_lambdas.m,32,32,RAW_VECTOR,6.66698906570673e-06
39,resid_lambdas.v,32,32,RAW_VECTOR,6.250047590583563e-07
39,x0_lambdas.m,32,32,RAW_VECTOR,1.2080126907676458e-06
39,x0_lambdas.v,32,32,RAW_VECTOR,2.9199873097240925e-07
39,value_embeds.1.weight.m,67108864,63945129,GRAMMAR,1.1434206249832641
39,value_embeds.1.weight.v,67108864,63944765,GRAMMAR,1.1533159999817144
39,value_embeds.3.weight.m,67108864,63945181,GRAMMAR,1.1670138339977711
39,value_embeds.3.weight.v,67108864,63944673,GRAMMAR,1.1243205829814542
39,value_embeds.5.weight.m,67108864,63945285,GRAMMAR,1.1830101659870706
39,value_embeds.5.weight.v,67108864,63944881,GRAMMAR,1.1331366669910494
39,value_embeds.7.weight.m,67108864,63945153,GRAMMAR,1.1661312909855042
39,value_embeds.7.weight.v,67108864,63944953,GRAMMAR,1.1864023750240449
40,wte.weight.m,67108864,64454133,GRAMMAR,1.1459784169855993
40,wte.weight.v,67108864,64453829,GRAMMAR,1.21113083299133
40,blocks.0.attn.c_q.weight.buf,1048576,1049401,RAW,0.02115391698316671
40,blocks.0.attn.c_k.weight.buf,1048576,1049401,RAW,0.02038037500460632
40,blocks.0.attn.c_v.weight.buf,1048576,1049401,RAW,0.038900624989764765
40,blocks.0.attn.c_proj.weight.buf,1048576,1049401,RAW,0.020204959000693634
40,blocks.0.mlp.c_fc.weight.buf,4194304,4196389,RAW,0.09885429200949147
40,blocks.0.mlp.c_proj.weight.buf,4194304,4195129,RAW,0.12657779199071229
40,blocks.1.attn.c_q.weight.buf,1048576,1049401,RAW,0.020471291994908825
40,blocks.1.attn.c_k.weight.buf,1048576,1049401,RAW,0.021355750010116026
40,blocks.1.attn.c_v.weight.buf,1048576,1049401,RAW,0.03773662500316277
40,blocks.1.attn.c_proj.weight.buf,1048576,1049401,RAW,0.037224375002551824
40,blocks.1.attn.ve_gate.weight.buf,512,1022,RAW,1.6250007320195436e-05
40,blocks.1.mlp.c_fc.weight.buf,4194304,4196389,RAW,0.09857404200010933
40,blocks.1.mlp.c_proj.weight.buf,4194304,4195129,RAW,0.12570699999923818
40,blocks.2.attn.c_q.weight.buf,1048576,1049401,RAW,0.020649333018809557
40,blocks.2.attn.c_k.weight.buf,1048576,1049401,RAW,0.02014008298283443
40,blocks.2.attn.c_v.weight.buf,1048576,1049401,RAW,0.03743779199430719
40,blocks.2.attn.c_proj.weight.buf,1048576,1049401,RAW,0.020324209006503224
40,blocks.2.mlp.c_fc.weight.buf,4194304,4196389,RAW,0.09750025000539608
40,blocks.2.mlp.c_proj.weight.buf,4194304,4195129,RAW,0.10165420902194455
40,blocks.3.attn.c_q.weight.buf,1048576,1049401,RAW,0.021492375002708286
40,blocks.3.attn.c_k.weight.buf,1048576,1049401,RAW,0.020359749993076548
40,blocks.3.attn.c_v.weight.buf,1048576,1049401,RAW,0.03580087501904927
40,blocks.3.attn.c_proj.weight.buf,1048576,1049401,RAW,0.020206416986184195
40,blocks.3.attn.ve_gate.weight.buf,512,1022,RAW,2.116698306053877e-05
40,blocks.3.mlp.c_fc.weight.buf,4194304,4196389,RAW,0.09915062499931082
40,blocks.3.mlp.c_proj.weight.buf,4194304,4195129,RAW,0.10212712502107024
40,blocks.4.attn.c_q.weight.buf,1048576,1049401,RAW,0.036848415998974815
40,blocks.4.attn.c_k.weight.buf,1048576,1049401,RAW,0.020047917001647875
40,blocks.4.attn.c_v.weight.buf,1048576,1049401,RAW,0.020150582975475118
40,blocks.4.attn.c_proj.weight.buf,1048576,1049401,RAW,0.05254320800304413
40,blocks.4.mlp.c_fc.weight.buf,4194304,4196389,RAW,0.09787608301849104
40,blocks.4.mlp.c_proj.weight.buf,4194304,4195129,RAW,0.10324708302505314
40,blocks.5.attn.c_q.weight.buf,1048576,1049401,RAW,0.03691249998519197
40,blocks.5.attn.c_k.weight.buf,1048576,1049401,RAW,0.020007874991279095
40,blocks.5.attn.c_v.weight.buf,1048576,1049401,RAW,0.019827458017971367
40,blocks.5.attn.c_proj.weight.buf,1048576,1049401,RAW,0.04638533300021663
40,blocks.5.attn.ve_gate.weight.buf,512,1022,RAW,6.879100692458451e-05
40,blocks.5.mlp.c_fc.weight.buf,4194304,4196389,RAW,0.1113646249868907
40,blocks.5.mlp.c_proj.weight.buf,4194304,4195129,RAW,0.16992362498422153
40,blocks.6.attn.c_q.weight.buf,1048576,1049401,RAW,0.022447291994467378
40,blocks.6.attn.c_k.weight.buf,1048576,1049401,RAW,0.046738334000110626
40,blocks.6.attn.c_v.weight.buf,1048576,1049401,RAW,0.022277833020780236
40,blocks.6.attn.c_proj.weight.buf,1048576,1049401,RAW,0.042612707999069244
40,blocks.6.mlp.c_fc.weight.buf,4194304,4196389,RAW,0.10628970799734816
40,blocks.6.mlp.c_proj.weight.buf,4194304,4195129,RAW,0.12043516701669432
40,blocks.7.attn.c_q.weight.buf,1048576,1049401,RAW,0.03880762500921264
40,blocks.7.attn.c_k.weight.buf,1048576,1049401,RAW,0.020859750016825274
40,blocks.7.attn.c_v.weight.buf,1048576,1049401,RAW,0.02097970899194479
40,blocks.7.attn.c_proj.weight.buf,1048576,1049401,RAW,0.022315582988085225
40,blocks.7.attn.ve_gate.weight.buf,512,1022,RAW,2.3625005269423127e-05
40,blocks.7.mlp.c_fc.weight.buf,4194304,4196389,RAW,0.10217212498537265
40,blocks.7.mlp.c_proj.weight.buf,4194304,4195129,RAW,0.11095162498531863
40,lm_head.weight.m,67108864,67136149,RAW,1.633521333016688
40,lm_head.weight.v,67108864,67136149,RAW,1.6824000000196975
40,resid_lambdas.m,32,32,RAW_VECTOR,5.083013093098998e-06
40,resid_lambdas.v,32,32,RAW_VECTOR,2.5830231606960297e-06
40,x0_lambdas.m,32,32,RAW_VECTOR,1.0840012691915035e-06
40,x0_lambdas.v,32,32,RAW_VECTOR,4.580069798976183e-07
40,value_embeds.1.weight.m,67108864,64184321,GRAMMAR,1.1935012500034645
40,value_embeds.1.weight.v,67108864,64184013,GRAMMAR,1.1901221250009257
40,value_embeds.3.weight.m,67108864,64184393,GRAMMAR,1.1891099579806905
40,value_embeds.3.weight.v,67108864,64183929,GRAMMAR,1.188316792016849
40,value_embeds.5.weight.m,67108864,64184445,GRAMMAR,1.2178845410235226
40,value_embeds.5.weight.v,67108864,64184077,GRAMMAR,1.1488935000088532
40,value_embeds.7.weight.m,67108864,64184381,GRAMMAR,1.1842360419977922
40,value_embeds.7.weight.v,67108864,64184185,GRAMMAR,1.194648333999794
41,wte.weight.m,67108864,64703545,GRAMMAR,1.1974282919836696
41,wte.weight.v,67108864,64703221,GRAMMAR,1.1885664160072338
41,blocks.0.attn.c_q.weight.buf,1048576,1049401,RAW,0.020967666001524776
41,blocks.0.attn.c_k.weight.buf,1048576,1049401,RAW,0.02003029201296158
41,blocks.0.attn.c_v.weight.buf,1048576,1049401,RAW,0.020107541990000755
41,blocks.0.attn.c_proj.weight.buf,1048576,1049401,RAW,0.022060332994442433
41,blocks.0.mlp.c_fc.weight.buf,4194304,4196389,RAW,0.09708595799747854
41,blocks.0.mlp.c_proj.weight.buf,4194304,4195129,RAW,0.10648637497797608
41,blocks.1.attn.c_q.weight.buf,1048576,1049401,RAW,0.037790375004988164
41,blocks.1.attn.c_k.weight.buf,1048576,1049401,RAW,0.02029350001248531
41,blocks.1.attn.c_v.weight.buf,1048576,1049401,RAW,0.02015912500792183
41,blocks.1.attn.c_proj.weight.buf,1048576,1049401,RAW,0.03695175002212636
41,blocks.1.attn.ve_gate.weight.buf,512,1022,RAW,2.566599869169295e-05
41,blocks.1.mlp.c_fc.weight.buf,4194304,4196389,RAW,0.098848249996081
41,blocks.1.mlp.c_proj.weight.buf,4194304,4195129,RAW,0.10882095800479874
41,blocks.2.attn.c_q.weight.buf,1048576,1049401,RAW,0.036917915975209326
41,blocks.2.attn.c_k.weight.buf,1048576,1049401,RAW,0.036173083004541695
41,blocks.2.attn.c_v.weight.buf,1048576,1049401,RAW,0.019965750019764528
41,blocks.2.attn.c_proj.weight.buf,1048576,1049401,RAW,0.03563916601706296
41,blocks.2.mlp.c_fc.weight.buf,4194304,4196389,RAW,0.09838945799856447
41,blocks.2.mlp.c_proj.weight.buf,4194304,4195129,RAW,0.10798724999767728
41,blocks.3.attn.c_q.weight.buf,1048576,1049401,RAW,0.020443125016754493
41,blocks.3.attn.c_k.weight.buf,1048576,1049401,RAW,0.02112604200374335
41,blocks.3.attn.c_v.weight.buf,1048576,1049401,RAW,0.020847791980486363
41,blocks.3.attn.c_proj.weight.buf,1048576,1049401,RAW,0.019824542017886415
41,blocks.3.attn.ve_gate.weight.buf,512,1022,RAW,2.8125010430812836e-05
41,blocks.3.mlp.c_fc.weight.buf,4194304,4196389,RAW,0.09811766698840074
41,blocks.3.mlp.c_proj.weight.buf,4194304,4195129,RAW,0.1035683749942109
41,blocks.4.attn.c_q.weight.buf,1048576,1049401,RAW,0.02016662500682287
41,blocks.4.attn.c_k.weight.buf,1048576,1049401,RAW,0.036468375008553267
41,blocks.4.attn.c_v.weight.buf,1048576,1049401,RAW,0.020224291016347706
41,blocks.4.attn.c_proj.weight.buf,1048576,1049401,RAW,0.01988129099481739
41,blocks.4.mlp.c_fc.weight.buf,4194304,4196389,RAW,0.11336854100227356
41,blocks.4.mlp.c_proj.weight.buf,4194304,4195129,RAW,0.10633262500050478
41,blocks.5.attn.c_q.weight.buf,1048576,1049401,RAW,0.022244500025408342
41,blocks.5.attn.c_k.weight.buf,1048576,1049401,RAW,0.0412774579890538
41,blocks.5.attn.c_v.weight.buf,1048576,1049401,RAW,0.04178924998268485
41,blocks.5.attn.c_proj.weight.buf,1048576,1049401,RAW,0.021282375004375353
41,blocks.5.attn.ve_gate.weight.buf,512,1022,RAW,4.383400664664805e-05
41,blocks.5.mlp.c_fc.weight.buf,4194304,4196389,RAW,0.10596162499859929
41,blocks.5.mlp.c_proj.weight.buf,4194304,4195129,RAW,0.15415066599962302
41,blocks.6.attn.c_q.weight.buf,1048576,1049401,RAW,0.02162787501583807
41,blocks.6.attn.c_k.weight.buf,1048576,1049401,RAW,0.041887041996233165
41,blocks.6.attn.c_v.weight.buf,1048576,1049401,RAW,0.021245457988698035
41,blocks.6.attn.c_proj.weight.buf,1048576,1049401,RAW,0.02000829199096188
41,blocks.6.mlp.c_fc.weight.buf,4194304,4196389,RAW,0.11645570801920258
41,blocks.6.mlp.c_proj.weight.buf,4194304,4195129,RAW,0.10792979097459465
41,blocks.7.attn.c_q.weight.buf,1048576,1049401,RAW,0.020385874988278374
41,blocks.7.attn.c_k.weight.buf,1048576,1049401,RAW,0.03706499998224899
41,blocks.7.attn.c_v.weight.buf,1048576,1049401,RAW,0.020441666012629867
41,blocks.7.attn.c_proj.weight.buf,1048576,1049401,RAW,0.02054012502776459
41,blocks.7.attn.ve_gate.weight.buf,512,1022,RAW,1.3165990822017193e-05
41,blocks.7.mlp.c_fc.weight.buf,4194304,4196389,RAW,0.09938358300132677
41,blocks.7.mlp.c_proj.weight.buf,4194304,4195129,RAW,0.12217262500780635
41,lm_head.weight.m,67108864,67136149,RAW,1.6276712079998106
41,lm_head.weight.v,67108864,67136149,RAW,1.6683482920052484
41,resid_lambdas.m,32,32,RAW_VECTOR,8.709001122042537e-06
41,resid_lambdas.v,32,32,RAW_VECTOR,7.080088835209608e-07
41,x0_lambdas.m,32,32,RAW_VECTOR,1.2909877113997936e-06
41,x0_lambdas.v,32,32,RAW_VECTOR,4.1601015254855156e-07
41,value_embeds.1.weight.m,67108864,64453933,GRAMMAR,1.2232328749960288
41,value_embeds.1.weight.v,67108864,64453605,GRAMMAR,1.2284118329989724
41,value_embeds.3.weight.m,67108864,64453977,GRAMMAR,1.2047153339954093
41,value_embeds.3.weight.v,67108864,64453569,GRAMMAR,1.1632469579926692
41,value_embeds.5.weight.m,67108864,64454041,GRAMMAR,1.2078032920253463
41,value_embeds.5.weight.v,67108864,64453669,GRAMMAR,1.1732489169808105
41,value_embeds.7.weight.m,67108864,64454077,GRAMMAR,1.2241041250235867
41,value_embeds.7.weight.v,67108864,64453785,GRAMMAR,1.1754606670001522
42,wte.weight.m,67108864,64916037,GRAMMAR,1.1751601249852683
42,wte.weight.v,67108864,64915729,GRAMMAR,1.19467316599912
42,blocks.0.attn.c_q.weight.buf,1048576,1049401,RAW,0.02189037497737445
42,blocks.0.attn.c_k.weight.buf,1048576,1049401,RAW,0.020220666978275403
42,blocks.0.attn.c_v.weight.buf,1048576,1049401,RAW,0.03676516699488275
42,blocks.0.attn.c_proj.weight.buf,1048576,1049401,RAW,0.02093720799894072
42,blocks.0.mlp.c_fc.weight.buf,4194304,4196389,RAW,0.09836324999923818
42,blocks.0.mlp.c_proj.weight.buf,4194304,4195129,RAW,0.12877704200218432
42,blocks.1.attn.c_q.weight.buf,1048576,1049401,RAW,0.021023334003984928
42,blocks.1.attn.c_k.weight.buf,1048576,1049401,RAW,0.02017541599343531
42,blocks.1.attn.c_v.weight.buf,1048576,1049401,RAW,0.020412665995536372
42,blocks.1.attn.c_proj.weight.buf,1048576,1049401,RAW,0.021566832991084084
42,blocks.1.attn.ve_gate.weight.buf,512,1022,RAW,2.0750012481585145e-05
42,blocks.1.mlp.c_fc.weight.buf,4194304,4196389,RAW,0.09896812500664964
42,blocks.1.mlp.c_proj.weight.buf,4194304,4195129,RAW,0.10591766599100083
42,blocks.2.attn.c_q.weight.buf,1048576,1049401,RAW,0.02258941699983552
42,blocks.2.attn.c_k.weight.buf,1048576,1049401,RAW,0.02435129100922495
42,blocks.2.attn.c_v.weight.buf,1048576,1049401,RAW,0.03831166701274924
42,blocks.2.attn.c_proj.weight.buf,1048576,1049401,RAW,0.02034787498996593
42,blocks.2.mlp.c_fc.weight.buf,4194304,4196389,RAW,0.0987461660115514
42,blocks.2.mlp.c_proj.weight.buf,4194304,4195129,RAW,0.13642195801367052
42,blocks.3.attn.c_q.weight.buf,1048576,1049401,RAW,0.021059875027276576
42,blocks.3.attn.c_k.weight.buf,1048576,1049401,RAW,0.020405457995366305
42,blocks.3.attn.c_v.weight.buf,1048576,1049401,RAW,0.03785041702212766
42,blocks.3.attn.c_proj.weight.buf,1048576,1049401,RAW,0.020053083018865436
42,blocks.3.attn.ve_gate.weight.buf,512,1022,RAW,1.7709011444821954e-05
42,blocks.3.mlp.c_fc.weight.buf,4194304,4196389,RAW,0.0982715830032248
42,blocks.3.mlp.c_proj.weight.buf,4194304,4195129,RAW,0.13828499999362975
42,blocks.4.attn.c_q.weight.buf,1048576,1049401,RAW,0.020407042000442743
42,blocks.4.attn.c_k.weight.buf,1048576,1049401,RAW,0.02002841600915417
42,blocks.4.attn.c_v.weight.buf,1048576,1049401,RAW,0.03637054198770784
42,blocks.4.attn.c_proj.weight.buf,1048576,1049401,RAW,0.0196897920104675
42,blocks.4.mlp.c_fc.weight.buf,4194304,4196389,RAW,0.1022627089987509
42,blocks.4.mlp.c_proj.weight.buf,4194304,4195129,RAW,0.16653391599538736
42,blocks.5.attn.c_q.weight.buf,1048576,1049401,RAW,0.021666750020813197
42,blocks.5.attn.c_k.weight.buf,1048576,1049401,RAW,0.04167095900629647
42,blocks.5.attn.c_v.weight.buf,1048576,1049401,RAW,0.022435750026488677
42,blocks.5.attn.c_proj.weight.buf,1048576,1049401,RAW,0.022308166982838884
42,blocks.5.attn.ve_gate.weight.buf,512,1022,RAW,2.387500717304647e-05
42,blocks.5.mlp.c_fc.weight.buf,4194304,4196389,RAW,0.11005595899769105
42,blocks.5.mlp.c_proj.weight.buf,4194304,4195129,RAW,0.10857545799808577
42,blocks.6.attn.c_q.weight.buf,1048576,1049401,RAW,0.02076341598876752
42,blocks.6.attn.c_k.weight.buf,1048576,1049401,RAW,0.02229191700462252
42,blocks.6.attn.c_v.weight.buf,1048576,1049401,RAW,0.020547374995658174
42,blocks.6.attn.c_proj.weight.buf,1048576,1049401,RAW,0.03758120798738673
42,blocks.6.mlp.c_fc.weight.buf,4194304,4196389,RAW,0.11925204101135023
42,blocks.6.mlp.c_proj.weight.buf,4194304,4195129,RAW,0.1092248750210274
42,blocks.7.attn.c_q.weight.buf,1048576,1049401,RAW,0.03736158300307579
42,blocks.7.attn.c_k.weight.buf,1048576,1049401,RAW,0.020469499984756112
42,blocks.7.attn.c_v.weight.buf,1048576,1049401,RAW,0.02055929202469997
42,blocks.7.attn.c_proj.weight.buf,1048576,1049401,RAW,0.03713416701066308
42,blocks.7.attn.ve_gate.weight.buf,512,1022,RAW,1.4874996850267053e-05
42,blocks.7.mlp.c_fc.weight.buf,4194304,4196389,RAW,0.10137537500122562
42,blocks.7.mlp.c_proj.weight.buf,4194304,4195129,RAW,0.10722529198392294
42,lm_head.weight.m,67108864,67136149,RAW,1.6217613749904558
42,lm_head.weight.v,67108864,67136149,RAW,1.6558704169874545
42,resid_lambdas.m,32,32,RAW_VECTOR,5.0419766921550035e-06
42,resid_lambdas.v,32,32,RAW_VECTOR,4.169996827840805e-07
42,x0_lambdas.m,32,32,RAW_VECTOR,1.207983586937189e-06
42,x0_lambdas.v,32,32,RAW_VECTOR,4.169996827840805e-07
42,value_embeds.1.weight.m,67108864,64641809,GRAMMAR,1.184549458004767
42,value_embeds.1.weight.v,67108864,64641433,GRAMMAR,1.1843111659982242
42,value_embeds.3.weight.m,67108864,64641865,GRAMMAR,1.2003275000024587
42,value_embeds.3.weight.v,67108864,64641401,GRAMMAR,1.1572655839845538
42,value_embeds.5.weight.m,67108864,64641897,GRAMMAR,1.2406080840155482
42,value_embeds.5.weight.v,67108864,64641505,GRAMMAR,1.155580833001295
42,value_embeds.7.weight.m,67108864,64641949,GRAMMAR,1.2007248330046423
42,value_embeds.7.weight.v,67108864,64641661,GRAMMAR,1.1735158750088885
43,wte.weight.m,67108864,65127841,GRAMMAR,1.1922239589912351
43,wte.weight.v,67108864,65127521,GRAMMAR,1.1964035409910139
43,blocks.0.attn.c_q.weight.buf,1048576,1049401,RAW,0.020930833008605987
43,blocks.0.attn.c_k.weight.buf,1048576,1049401,RAW,0.019646958011435345
43,blocks.0.attn.c_v.weight.buf,1048576,1049401,RAW,0.038802833994850516
43,blocks.0.attn.c_proj.weight.buf,1048576,1049401,RAW,0.021344417007640004
43,blocks.0.mlp.c_fc.weight.buf,4194304,4196389,RAW,0.0991900000080932
43,blocks.0.mlp.c_proj.weight.buf,4194304,4195129,RAW,0.10577958400244825
43,blocks.1.attn.c_q.weight.buf,1048576,1049401,RAW,0.03788733299006708
43,blocks.1.attn.c_k.weight.buf,1048576,1049401,RAW,0.020193625008687377
43,blocks.1.attn.c_v.weight.buf,1048576,1049401,RAW,0.02057666698237881
43,blocks.1.attn.c_proj.weight.buf,1048576,1049401,RAW,0.021913083997787908
43,blocks.1.attn.ve_gate.weight.buf,512,1022,RAW,2.5917019229382277e-05
43,blocks.1.mlp.c_fc.weight.buf,4194304,4196389,RAW,0.09662108300835826
43,blocks.1.mlp.c_proj.weight.buf,4194304,4195129,RAW,0.10141362500144169
43,blocks.2.attn.c_q.weight.buf,1048576,1049401,RAW,0.03653645800659433
43,blocks.2.attn.c_k.weight.buf,1048576,1049401,RAW,0.020027542021125555
43,blocks.2.attn.c_v.weight.buf,1048576,1049401,RAW,0.01994170801481232
43,blocks.2.attn.c_proj.weight.buf,1048576,1049401,RAW,0.0362498750037048
43,blocks.2.mlp.c_fc.weight.buf,4194304,4196389,RAW,0.09769162500742823
43,blocks.2.mlp.c_proj.weight.buf,4194304,4195129,RAW,0.10095395802636631
43,blocks.3.attn.c_q.weight.buf,1048576,1049401,RAW,0.02013112499844283
43,blocks.3.attn.c_k.weight.buf,1048576,1049401,RAW,0.03678175000823103
43,blocks.3.attn.c_v.weight.buf,1048576,1049401,RAW,0.0196566249942407
43,blocks.3.attn.c_proj.weight.buf,1048576,1049401,RAW,0.02018862499971874
43,blocks.3.attn.ve_gate.weight.buf,512,1022,RAW,2.6124995201826096e-05
43,blocks.3.mlp.c_fc.weight.buf,4194304,4196389,RAW,0.09801666700514033
43,blocks.3.mlp.c_proj.weight.buf,4194304,4195129,RAW,0.10308266599895433
43,blocks.4.attn.c_q.weight.buf,1048576,1049401,RAW,0.020482416992308572
43,blocks.4.attn.c_k.weight.buf,1048576,1049401,RAW,0.036268291994929314
43,blocks.4.attn.c_v.weight.buf,1048576,1049401,RAW,0.020040292001795024
43,blocks.4.attn.c_proj.weight.buf,1048576,1049401,RAW,0.02003625000361353
43,blocks.4.mlp.c_fc.weight.buf,4194304,4196389,RAW,0.10430137501680292
43,blocks.4.mlp.c_proj.weight.buf,4194304,4195129,RAW,0.13187958300113678
43,blocks.5.attn.c_q.weight.buf,1048576,1049401,RAW,0.021772124979179353
43,blocks.5.attn.c_k.weight.buf,1048576,1049401,RAW,0.04214624999440275
43,blocks.5.attn.c_v.weight.buf,1048576,1049401,RAW,0.021536207990720868
43,blocks.5.attn.c_proj.weight.buf,1048576,1049401,RAW,0.022117082990007475
43,blocks.5.attn.ve_gate.weight.buf,512,1022,RAW,2.1875021047890186e-05
43,blocks.5.mlp.c_fc.weight.buf,4194304,4196389,RAW,0.14273737501935102
43,blocks.5.mlp.c_proj.weight.buf,4194304,4195129,RAW,0.10681999998632818
43,blocks.6.attn.c_q.weight.buf,1048576,1049401,RAW,0.02033354199375026
43,blocks.6.attn.c_k.weight.buf,1048576,1049401,RAW,0.03712966700550169
43,blocks.6.attn.c_v.weight.buf,1048576,1049401,RAW,0.02093349999631755
43,blocks.6.attn.c_proj.weight.buf,1048576,1049401,RAW,0.02042545800213702
43,blocks.6.mlp.c_fc.weight.buf,4194304,4196389,RAW,0.11653600001591258
43,blocks.6.mlp.c_proj.weight.buf,4194304,4195129,RAW,0.10752133300411515
43,blocks.7.attn.c_q.weight.buf,1048576,1049401,RAW,0.020570916996803135
43,blocks.7.attn.c_k.weight.buf,1048576,1049401,RAW,0.037596290989313275
43,blocks.7.attn.c_v.weight.buf,1048576,1049401,RAW,0.0205169590190053
43,blocks.7.attn.c_proj.weight.buf,1048576,1049401,RAW,0.02058470802148804
43,blocks.7.attn.ve_gate.weight.buf,512,1022,RAW,1.4541001291945577e-05
43,blocks.7.mlp.c_fc.weight.buf,4194304,4196389,RAW,0.09855962498113513
43,blocks.7.mlp.c_proj.weight.buf,4194304,4195129,RAW,0.10667675000149757
43,lm_head.weight.m,67108864,67136149,RAW,1.6221302500052843
43,lm_head.weight.v,67108864,67136149,RAW,1.6562834169890266
43,resid_lambdas.m,32,32,RAW_VECTOR,6.665999535471201e-06
43,resid_lambdas.v,32,32,RAW_VECTOR,1.6250123735517263e-06
43,x0_lambdas.m,32,32,RAW_VECTOR,1.1669762898236513e-06
43,x0_lambdas.v,32,32,RAW_VECTOR,4.5899651013314724e-07
43,value_embeds.1.weight.m,67108864,64881997,GRAMMAR,1.1917713330185506
43,value_embeds.1.weight.v,67108864,64881637,GRAMMAR,1.1856256250175647
43,value_embeds.3.weight.m,67108864,64882073,GRAMMAR,1.2059518749883864
43,value_embeds.3.weight.v,67108864,64881533,GRAMMAR,1.1604173749801703
43,value_embeds.5.weight.m,67108864,64882105,GRAMMAR,1.215573374996893
43,value_embeds.5.weight.v,67108864,64881693,GRAMMAR,1.1783244580146857
43,value_embeds.7.weight.m,67108864,64882205,GRAMMAR,1.2229998749971855
43,value_embeds.7.weight.v,67108864,64881881,GRAMMAR,1.1892610420181882
44,wte.weight.m,67108864,65317985,GRAMMAR,1.2076483750133775
44,wte.weight.v,67108864,65317709,GRAMMAR,1.164594208006747
44,blocks.0.attn.c_q.weight.buf,1048576,1049401,RAW,0.020916792011121288
44,blocks.0.attn.c_k.weight.buf,1048576,1049401,RAW,0.02098116700653918
44,blocks.0.attn.c_v.weight.buf,1048576,1049401,RAW,0.0370672499993816
44,blocks.0.attn.c_proj.weight.buf,1048576,1049401,RAW,0.02043879101984203
44,blocks.0.mlp.c_fc.weight.buf,4194304,4196389,RAW,0.09816158399917185
44,blocks.0.mlp.c_proj.weight.buf,4194304,4195129,RAW,0.1276634579990059
44,blocks.1.attn.c_q.weight.buf,1048576,1049401,RAW,0.021682541992049664
44,blocks.1.attn.c_k.weight.buf,1048576,1049401,RAW,0.020371749997138977
44,blocks.1.attn.c_v.weight.buf,1048576,1049401,RAW,0.037080459005665034
44,blocks.1.attn.c_proj.weight.buf,1048576,1049401,RAW,0.020114207989536226
44,blocks.1.attn.ve_gate.weight.buf,512,1022,RAW,2.6291992980986834e-05
44,blocks.1.mlp.c_fc.weight.buf,4194304,4196389,RAW,0.09810595898306929
44,blocks.1.mlp.c_proj.weight.buf,4194304,4195129,RAW,0.120809583022492
44,blocks.2.attn.c_q.weight.buf,1048576,1049401,RAW,0.020719583990285173
44,blocks.2.attn.c_k.weight.buf,1048576,1049401,RAW,0.019774667016463354
44,blocks.2.attn.c_v.weight.buf,1048576,1049401,RAW,0.035601667012088
44,blocks.2.attn.c_proj.weight.buf,1048576,1049401,RAW,0.02063908299896866
44,blocks.2.mlp.c_fc.weight.buf,4194304,4196389,RAW,0.09679408298688941
44,blocks.2.mlp.c_proj.weight.buf,4194304,4195129,RAW,0.10555224999552593
44,blocks.3.attn.c_q.weight.buf,1048576,1049401,RAW,0.021286208007950336
44,blocks.3.attn.c_k.weight.buf,1048576,1049401,RAW,0.019643375009763986
44,blocks.3.attn.c_v.weight.buf,1048576,1049401,RAW,0.01948341599199921
44,blocks.3.attn.c_proj.weight.buf,1048576,1049401,RAW,0.021460374991875142
44,blocks.3.attn.ve_gate.weight.buf,512,1022,RAW,2.2082997020334005e-05
44,blocks.3.mlp.c_fc.weight.buf,4194304,4196389,RAW,0.10774041700642556
44,blocks.3.mlp.c_proj.weight.buf,4194304,4195129,RAW,0.1189106669917237
44,blocks.4.attn.c_q.weight.buf,1048576,1049401,RAW,0.038364125008229166
44,blocks.4.attn.c_k.weight.buf,1048576,1049401,RAW,0.021419208002043888
44,blocks.4.attn.c_v.weight.buf,1048576,1049401,RAW,0.041404000017791986
44,blocks.4.attn.c_proj.weight.buf,1048576,1049401,RAW,0.022388084005797282
44,blocks.4.mlp.c_fc.weight.buf,4194304,4196389,RAW,0.10886408400256187
44,blocks.4.mlp.c_proj.weight.buf,4194304,4195129,RAW,0.15721504201064818
44,blocks.5.attn.c_q.weight.buf,1048576,1049401,RAW,0.021963541978038847
44,blocks.5.attn.c_k.weight.buf,1048576,1049401,RAW,0.04188295899075456
44,blocks.5.attn.c_v.weight.buf,1048576,1049401,RAW,0.022290958993835375
44,blocks.5.attn.c_proj.weight.buf,1048576,1049401,RAW,0.02180125002632849
44,blocks.5.attn.ve_gate.weight.buf,512,1022,RAW,3.579197800718248e-05
44,blocks.5.mlp.c_fc.weight.buf,4194304,4196389,RAW,0.10035500000230968
44,blocks.5.mlp.c_proj.weight.buf,4194304,4195129,RAW,0.10930675000417978
44,blocks.6.attn.c_q.weight.buf,1048576,1049401,RAW,0.02101799999945797
44,blocks.6.attn.c_k.weight.buf,1048576,1049401,RAW,0.03961308399448171
44,blocks.6.attn.c_v.weight.buf,1048576,1049401,RAW,0.02204499999061227
44,blocks.6.attn.c_proj.weight.buf,1048576,1049401,RAW,0.02243162499507889
44,blocks.6.mlp.c_fc.weight.buf,4194304,4196389,RAW,0.1191014579962939
44,blocks.6.mlp.c_proj.weight.buf,4194304,4195129,RAW,0.1261542090214789
44,blocks.7.attn.c_q.weight.buf,1048576,1049401,RAW,0.020645792013965547
44,blocks.7.attn.c_k.weight.buf,1048576,1049401,RAW,0.03682400000980124
44,blocks.7.attn.c_v.weight.buf,1048576,1049401,RAW,0.02122395799960941
44,blocks.7.attn.c_proj.weight.buf,1048576,1049401,RAW,0.020708249998278916
44,blocks.7.attn.ve_gate.weight.buf,512,1022,RAW,1.3582990504801273e-05
44,blocks.7.mlp.c_fc.weight.buf,4194304,4196389,RAW,0.1178001249791123
44,blocks.7.mlp.c_proj.weight.buf,4194304,4195129,RAW,0.10724095802288502
44,lm_head.weight.m,67108864,67136149,RAW,1.6125846659997478
44,lm_head.weight.v,67108864,67136149,RAW,1.682658417004859
44,resid_lambdas.m,32,32,RAW_VECTOR,8.709001122042537e-06
44,resid_lambdas.v,32,32,RAW_VECTOR,5.839974619448185e-07
44,x0_lambdas.m,32,32,RAW_VECTOR,1.3329845387488604e-06
44,x0_lambdas.v,32,32,RAW_VECTOR,4.580069798976183e-07
44,value_embeds.1.weight.m,67108864,65086125,GRAMMAR,1.201517125009559
44,value_embeds.1.weight.v,67108864,65085785,GRAMMAR,1.2049552499956917
44,value_embeds.3.weight.m,67108864,65086253,GRAMMAR,1.2073511669877917
44,value_embeds.3.weight.v,67108864,65085753,GRAMMAR,1.1834787499974482
44,value_embeds.5.weight.m,67108864,65086233,GRAMMAR,1.2637329580029473
44,value_embeds.5.weight.v,67108864,65085865,GRAMMAR,1.1626199580205139
44,value_embeds.7.weight.m,67108864,65086313,GRAMMAR,1.2449453339795582
44,value_embeds.7.weight.v,67108864,65085989,GRAMMAR,1.2009809169976506
45,wte.weight.m,67108864,65482077,GRAMMAR,1.2468881670210976
45,wte.weight.v,67108864,65481841,GRAMMAR,1.217827832995681
45,blocks.0.attn.c_q.weight.buf,1048576,1049401,RAW,0.021135332994163036
45,blocks.0.attn.c_k.weight.buf,1048576,1049401,RAW,0.02027458301745355
45,blocks.0.attn.c_v.weight.buf,1048576,1049401,RAW,0.03782699999283068
45,blocks.0.attn.c_proj.weight.buf,1048576,1049401,RAW,0.020496874989476055
45,blocks.0.mlp.c_fc.weight.buf,4194304,4196389,RAW,0.0992458330001682
45,blocks.0.mlp.c_proj.weight.buf,4194304,4195129,RAW,0.12468441698001698
45,blocks.1.attn.c_q.weight.buf,1048576,1049401,RAW,0.020201999985147268
45,blocks.1.attn.c_k.weight.buf,1048576,1049401,RAW,0.0196617920009885
45,blocks.1.attn.c_v.weight.buf,1048576,1049401,RAW,0.0364905419992283
45,blocks.1.attn.c_proj.weight.buf,1048576,1049401,RAW,0.02046008300385438
45,blocks.1.attn.ve_gate.weight.buf,512,1022,RAW,1.420799526385963e-05
45,blocks.1.mlp.c_fc.weight.buf,4194304,4196389,RAW,0.09761100000469014
45,blocks.1.mlp.c_proj.weight.buf,4194304,4195129,RAW,0.1035607919911854
45,blocks.2.attn.c_q.weight.buf,1048576,1049401,RAW,0.03695295797660947
45,blocks.2.attn.c_k.weight.buf,1048576,1049401,RAW,0.019876458012731746
45,blocks.2.attn.c_v.weight.buf,1048576,1049401,RAW,0.01995612497557886
45,blocks.2.attn.c_proj.weight.buf,1048576,1049401,RAW,0.03736254197428934
45,blocks.2.mlp.c_fc.weight.buf,4194304,4196389,RAW,0.09837824999704026
45,blocks.2.mlp.c_proj.weight.buf,4194304,4195129,RAW,0.11287625000113621
45,blocks.3.attn.c_q.weight.buf,1048576,1049401,RAW,0.037895374989602715
45,blocks.3.attn.c_k.weight.buf,1048576,1049401,RAW,0.020207791996654123
45,blocks.3.attn.c_v.weight.buf,1048576,1049401,RAW,0.02025412500370294
45,blocks.3.attn.c_proj.weight.buf,1048576,1049401,RAW,0.037038875016150996
45,blocks.3.attn.ve_gate.weight.buf,512,1022,RAW,1.562500256113708e-05
45,blocks.3.mlp.c_fc.weight.buf,4194304,4196389,RAW,0.09932399998069741
45,blocks.3.mlp.c_proj.weight.buf,4194304,4195129,RAW,0.13053170900093392
45,blocks.4.attn.c_q.weight.buf,1048576,1049401,RAW,0.023242332972586155
45,blocks.4.attn.c_k.weight.buf,1048576,1049401,RAW,0.02244570801849477
45,blocks.4.attn.c_v.weight.buf,1048576,1049401,RAW,0.04138904099818319
45,blocks.4.attn.c_proj.weight.buf,1048576,1049401,RAW,0.023002625006483868
45,blocks.4.mlp.c_fc.weight.buf,4194304,4196389,RAW,0.10654350000550039
45,blocks.4.mlp.c_proj.weight.buf,4194304,4195129,RAW,0.1412513749965001
45,blocks.5.attn.c_q.weight.buf,1048576,1049401,RAW,0.020655667001847178
45,blocks.5.attn.c_k.weight.buf,1048576,1049401,RAW,0.020463541994104162
45,blocks.5.attn.c_v.weight.buf,1048576,1049401,RAW,0.05430783299379982
45,blocks.5.attn.c_proj.weight.buf,1048576,1049401,RAW,0.0208608329994604
45,blocks.5.attn.ve_gate.weight.buf,512,1022,RAW,1.3957993360236287e-05
45,blocks.5.mlp.c_fc.weight.buf,4194304,4196389,RAW,0.10005937499227002
45,blocks.5.mlp.c_proj.weight.buf,4194304,4195129,RAW,0.13023849998717196
45,blocks.6.attn.c_q.weight.buf,1048576,1049401,RAW,0.02148525000666268
45,blocks.6.attn.c_k.weight.buf,1048576,1049401,RAW,0.020537916978355497
45,blocks.6.attn.c_v.weight.buf,1048576,1049401,RAW,0.039522458013379946
45,blocks.6.attn.c_proj.weight.buf,1048576,1049401,RAW,0.020128500007558614
45,blocks.6.mlp.c_fc.weight.buf,4194304,4196389,RAW,0.10215733401128091
45,blocks.6.mlp.c_proj.weight.buf,4194304,4195129,RAW,0.12622883400763385
45,blocks.7.attn.c_q.weight.buf,1048576,1049401,RAW,0.021023500012233853
45,blocks.7.attn.c_k.weight.buf,1048576,1049401,RAW,0.020771415991475806
45,blocks.7.attn.c_v.weight.buf,1048576,1049401,RAW,0.03740166701027192
45,blocks.7.attn.c_proj.weight.buf,1048576,1049401,RAW,0.020793041010620072
45,blocks.7.attn.ve_gate.weight.buf,512,1022,RAW,1.7499987734481692e-05
45,blocks.7.mlp.c_fc.weight.buf,4194304,4196389,RAW,0.10045379100483842
45,blocks.7.mlp.c_proj.weight.buf,4194304,4195129,RAW,0.12953687499975786
45,lm_head.weight.m,67108864,67136149,RAW,1.7172802909917664
45,lm_head.weight.v,67108864,67136149,RAW,1.7819489579997025
45,resid_lambdas.m,32,32,RAW_VECTOR,8.041999535635114e-06
45,resid_lambdas.v,32,32,RAW_VECTOR,4.999747034162283e-07
45,x0_lambdas.m,32,32,RAW_VECTOR,3.6659766919910908e-06
45,x0_lambdas.v,32,32,RAW_VECTOR,5.830079317092896e-07
45,value_embeds.1.weight.m,67108864,65262553,GRAMMAR,1.3171726249856874
45,value_embeds.1.weight.v,67108864,65262169,GRAMMAR,1.2738890829787124
45,value_embeds.3.weight.m,67108864,65262705,GRAMMAR,1.2097940410021693
45,value_embeds.3.weight.v,67108864,65262165,GRAMMAR,1.2286731250060257
45,value_embeds.5.weight.m,67108864,65262629,GRAMMAR,1.2312330419954378
45,value_embeds.5.weight.v,67108864,65262273,GRAMMAR,1.1688002909941133
45,value_embeds.7.weight.m,67108864,65262689,GRAMMAR,1.2377005000016652
45,value_embeds.7.weight.v,67108864,65262393,GRAMMAR,1.1963241250196006
46,wte.weight.m,67108864,65684545,GRAMMAR,1.26828158297576
46,wte.weight.v,67108864,65684241,GRAMMAR,1.1989865000068676
46,blocks.0.attn.c_q.weight.buf,1048576,1049401,RAW,0.03633562501636334
46,blocks.0.attn.c_k.weight.buf,1048576,1049401,RAW,0.019565791997592896
46,blocks.0.attn.c_v.weight.buf,1048576,1049401,RAW,0.019997165974928066
46,blocks.0.attn.c_proj.weight.buf,1048576,1049401,RAW,0.035968749987659976
46,blocks.0.mlp.c_fc.weight.buf,4194304,4196389,RAW,0.09709799999836832
46,blocks.0.mlp.c_proj.weight.buf,4194304,4195129,RAW,0.10279162498773076
46,blocks.1.attn.c_q.weight.buf,1048576,1049401,RAW,0.0364374999771826
46,blocks.1.attn.c_k.weight.buf,1048576,1049401,RAW,0.02011991699691862
46,blocks.1.attn.c_v.weight.buf,1048576,1049401,RAW,0.020021040982101113
46,blocks.1.attn.c_proj.weight.buf,1048576,1049401,RAW,0.03604729101061821
46,blocks.1.attn.ve_gate.weight.buf,512,1022,RAW,2.3041997337713838e-05
46,blocks.1.mlp.c_fc.weight.buf,4194304,4196389,RAW,0.11044095800025389
46,blocks.1.mlp.c_proj.weight.buf,4194304,4195129,RAW,0.10207237501163036
46,blocks.2.attn.c_q.weight.buf,1048576,1049401,RAW,0.019940291007515043
46,blocks.2.attn.c_k.weight.buf,1048576,1049401,RAW,0.03670174998114817
46,blocks.2.attn.c_v.weight.buf,1048576,1049401,RAW,0.020211083989124745
46,blocks.2.attn.c_proj.weight.buf,1048576,1049401,RAW,0.020477166981436312
46,blocks.2.mlp.c_fc.weight.buf,4194304,4196389,RAW,0.12495270898216404
46,blocks.2.mlp.c_proj.weight.buf,4194304,4195129,RAW,0.12852154101710767
46,blocks.3.attn.c_q.weight.buf,1048576,1049401,RAW,0.04144950001500547
46,blocks.3.attn.c_k.weight.buf,1048576,1049401,RAW,0.02239600001485087
46,blocks.3.attn.c_v.weight.buf,1048576,1049401,RAW,0.02157199999783188
46,blocks.3.attn.c_proj.weight.buf,1048576,1049401,RAW,0.04123016700032167
46,blocks.3.attn.ve_gate.weight.buf,512,1022,RAW,4.195899236947298e-05
46,blocks.3.mlp.c_fc.weight.buf,4194304,4196389,RAW,0.10638295800890774
46,blocks.3.mlp.c_proj.weight.buf,4194304,4195129,RAW,0.10650270798942074
46,blocks.4.attn.c_q.weight.buf,1048576,1049401,RAW,0.03772029100218788
46,blocks.4.attn.c_k.weight.buf,1048576,1049401,RAW,0.021408958011306822
46,blocks.4.attn.c_v.weight.buf,1048576,1049401,RAW,0.02091162500437349
46,blocks.4.attn.c_proj.weight.buf,1048576,1049401,RAW,0.03734987499774434
46,blocks.4.mlp.c_fc.weight.buf,4194304,4196389,RAW,0.11839725001482293
46,blocks.4.mlp.c_proj.weight.buf,4194304,4195129,RAW,0.11154783301753923
46,blocks.5.attn.c_q.weight.buf,1048576,1049401,RAW,0.020708374999230728
46,blocks.5.attn.c_k.weight.buf,1048576,1049401,RAW,0.03759320799144916
46,blocks.5.attn.c_v.weight.buf,1048576,1049401,RAW,0.020765207998920232
46,blocks.5.attn.c_proj.weight.buf,1048576,1049401,RAW,0.02066337497672066
46,blocks.5.attn.ve_gate.weight.buf,512,1022,RAW,1.4040997484698892e-05
46,blocks.5.mlp.c_fc.weight.buf,4194304,4196389,RAW,0.10309712501475587
46,blocks.5.mlp.c_proj.weight.buf,4194304,4195129,RAW,0.10723312498885207
46,blocks.6.attn.c_q.weight.buf,1048576,1049401,RAW,0.02042262500617653
46,blocks.6.attn.c_k.weight.buf,1048576,1049401,RAW,0.03785437499755062
46,blocks.6.attn.c_v.weight.buf,1048576,1049401,RAW,0.021063583000795916
46,blocks.6.attn.c_proj.weight.buf,1048576,1049401,RAW,0.020769875001860783
46,blocks.6.mlp.c_fc.weight.buf,4194304,4196389,RAW,0.11818941700039431
46,blocks.6.mlp.c_proj.weight.buf,4194304,4195129,RAW,0.10817704201326706
46,blocks.7.attn.c_q.weight.buf,1048576,1049401,RAW,0.02057179098483175
46,blocks.7.attn.c_k.weight.buf,1048576,1049401,RAW,0.037401917012175545
46,blocks.7.attn.c_v.weight.buf,1048576,1049401,RAW,0.020792041992535815
46,blocks.7.attn.c_proj.weight.buf,1048576,1049401,RAW,0.020446666982024908
46,blocks.7.attn.ve_gate.weight.buf,512,1022,RAW,1.2375006917864084e-05
46,blocks.7.mlp.c_fc.weight.buf,4194304,4196389,RAW,0.13556708401301876
46,blocks.7.mlp.c_proj.weight.buf,4194304,4195129,RAW,0.10862720900331624
46,lm_head.weight.m,67108864,67136149,RAW,1.6418133749975823
46,lm_head.weight.v,67108864,67136149,RAW,1.6722163750091568
46,resid_lambdas.m,32,32,RAW_VECTOR,7.541995728388429e-06
46,resid_lambdas.v,32,32,RAW_VECTOR,2.8339854907244444e-06
46,x0_lambdas.m,32,32,RAW_VECTOR,2.082990249618888e-06
46,x0_lambdas.v,32,32,RAW_VECTOR,6.250047590583563e-07
46,value_embeds.1.weight.m,67108864,65533749,GRAMMAR,1.2437687079946045
46,value_embeds.1.weight.v,67108864,65533369,GRAMMAR,1.2169882500020321
46,value_embeds.3.weight.m,67108864,65533881,GRAMMAR,1.1949478749884292
46,value_embeds.3.weight.v,67108864,65533445,GRAMMAR,1.236964417010313
46,value_embeds.5.weight.m,67108864,65533825,GRAMMAR,1.3214642090024427
46,value_embeds.5.weight.v,67108864,65533433,GRAMMAR,1.3117108329897746
46,value_embeds.7.weight.m,67108864,65533841,GRAMMAR,1.3248846660135314
46,value_embeds.7.weight.v,67108864,65533589,GRAMMAR,1.2645088330027647
47,wte.weight.m,67108864,65851001,GRAMMAR,1.2619396670197602
47,wte.weight.v,67108864,65850677,GRAMMAR,1.1834302499773912
47,blocks.0.attn.c_q.weight.buf,1048576,1049401,RAW,0.0199949590023607
47,blocks.0.attn.c_k.weight.buf,1048576,1049401,RAW,0.03601887499098666
47,blocks.0.attn.c_v.weight.buf,1048576,1049401,RAW,0.019552457990357652
47,blocks.0.attn.c_proj.weight.buf,1048576,1049401,RAW,0.019664624996948987
47,blocks.0.mlp.c_fc.weight.buf,4194304,4196389,RAW,0.09680104098515585
47,blocks.0.mlp.c_proj.weight.buf,4194304,4195129,RAW,0.1182343749969732
47,blocks.1.attn.c_q.weight.buf,1048576,1049401,RAW,0.022981040994636714
47,blocks.1.attn.c_k.weight.buf,1048576,1049401,RAW,0.02155216599931009
47,blocks.1.attn.c_v.weight.buf,1048576,1049401,RAW,0.0420939160103444
47,blocks.1.attn.c_proj.weight.buf,1048576,1049401,RAW,0.021751791005954146
47,blocks.1.attn.ve_gate.weight.buf,512,1022,RAW,2.3959000827744603e-05
47,blocks.1.mlp.c_fc.weight.buf,4194304,4196389,RAW,0.10538020898820832
47,blocks.1.mlp.c_proj.weight.buf,4194304,4195129,RAW,0.15475741698173806
47,blocks.2.attn.c_q.weight.buf,1048576,1049401,RAW,0.02131320899934508
47,blocks.2.attn.c_k.weight.buf,1048576,1049401,RAW,0.04199033402255736
47,blocks.2.attn.c_v.weight.buf,1048576,1049401,RAW,0.021730707987444475
47,blocks.2.attn.c_proj.weight.buf,1048576,1049401,RAW,0.020770167000591755
47,blocks.2.mlp.c_fc.weight.buf,4194304,4196389,RAW,0.09950141698936932
47,blocks.2.mlp.c_proj.weight.buf,4194304,4195129,RAW,0.1110759169969242
47,blocks.3.attn.c_q.weight.buf,1048576,1049401,RAW,0.02069654202205129
47,blocks.3.attn.c_k.weight.buf,1048576,1049401,RAW,0.020341083989478648
47,blocks.3.attn.c_v.weight.buf,1048576,1049401,RAW,0.038345875014783815
47,blocks.3.attn.c_proj.weight.buf,1048576,1049401,RAW,0.02004587498959154
47,blocks.3.attn.ve_gate.weight.buf,512,1022,RAW,1.4459015801548958e-05
47,blocks.3.mlp.c_fc.weight.buf,4194304,4196389,RAW,0.10364870799821801
47,blocks.3.mlp.c_proj.weight.buf,4194304,4195129,RAW,0.14673212499474175
47,blocks.4.attn.c_q.weight.buf,1048576,1049401,RAW,0.020452083001146093
47,blocks.4.attn.c_k.weight.buf,1048576,1049401,RAW,0.02035616699140519
47,blocks.4.attn.c_v.weight.buf,1048576,1049401,RAW,0.02180029099690728
47,blocks.4.attn.c_proj.weight.buf,1048576,1049401,RAW,0.020197958016069606
47,blocks.4.mlp.c_fc.weight.buf,4194304,4196389,RAW,0.0995858340174891
47,blocks.4.mlp.c_proj.weight.buf,4194304,4195129,RAW,0.12379899999359623
47,blocks.5.attn.c_q.weight.buf,1048576,1049401,RAW,0.021511207974981517
47,blocks.5.attn.c_k.weight.buf,1048576,1049401,RAW,0.020587333012372255
47,blocks.5.attn.c_v.weight.buf,1048576,1049401,RAW,0.036762290983460844
47,blocks.5.attn.c_proj.weight.buf,1048576,1049401,RAW,0.020446166017791256
47,blocks.5.attn.ve_gate.weight.buf,512,1022,RAW,1.6375008272007108e-05
47,blocks.5.mlp.c_fc.weight.buf,4194304,4196389,RAW,0.10038774998974986
47,blocks.5.mlp.c_proj.weight.buf,4194304,4195129,RAW,0.12561654101591557
47,blocks.6.attn.c_q.weight.buf,1048576,1049401,RAW,0.020858375006355345
47,blocks.6.attn.c_k.weight.buf,1048576,1049401,RAW,0.020038791990373284
47,blocks.6.attn.c_v.weight.buf,1048576,1049401,RAW,0.0369856670149602
47,blocks.6.attn.c_proj.weight.buf,1048576,1049401,RAW,0.020869333005975932
47,blocks.6.mlp.c_fc.weight.buf,4194304,4196389,RAW,0.10026666699559428
47,blocks.6.mlp.c_proj.weight.buf,4194304,4195129,RAW,0.1255539999983739
47,blocks.7.attn.c_q.weight.buf,1048576,1049401,RAW,0.021394417010014877
47,blocks.7.attn.c_k.weight.buf,1048576,1049401,RAW,0.020192916999803856
47,blocks.7.attn.c_v.weight.buf,1048576,1049401,RAW,0.020098207984119654
47,blocks.7.attn.c_proj.weight.buf,1048576,1049401,RAW,0.036538541986374184
47,blocks.7.attn.ve_gate.weight.buf,512,1022,RAW,3.0166993383318186e-05
47,blocks.7.mlp.c_fc.weight.buf,4194304,4196389,RAW,0.09749683400150388
47,blocks.7.mlp.c_proj.weight.buf,4194304,4195129,RAW,0.10317512499750592
47,lm_head.weight.m,67108864,67136149,RAW,1.6622241669974755
47,lm_head.weight.v,67108864,67136149,RAW,1.6478372089914046
47,resid_lambdas.m,32,32,RAW_VECTOR,5.874986527487636e-06
47,resid_lambdas.v,32,32,RAW_VECTOR,5.839974619448185e-07
47,x0_lambdas.m,32,32,RAW_VECTOR,1.541979145258665e-06
47,x0_lambdas.v,32,32,RAW_VECTOR,3.3300602808594704e-07
47,value_embeds.1.weight.m,67108864,65717405,GRAMMAR,1.2745894999825396
47,value_embeds.1.weight.v,67108864,65717061,GRAMMAR,1.2362373750074767
47,value_embeds.3.weight.m,67108864,65717537,GRAMMAR,1.2378442909976002
47,value_embeds.3.weight.v,67108864,65717093,GRAMMAR,1.232739415980177
47,value_embeds.5.weight.m,67108864,65717501,GRAMMAR,1.2346175000129733
47,value_embeds.5.weight.v,67108864,65717105,GRAMMAR,1.233343750005588
47,value_embeds.7.weight.m,67108864,65717533,GRAMMAR,1.2300132919917814
47,value_embeds.7.weight.v,67108864,65717249,GRAMMAR,1.2134670829982497
48,wte.weight.m,67108864,66035921,GRAMMAR,1.2487200000032317
48,wte.weight.v,67108864,66035605,GRAMMAR,1.1984500419930555
48,blocks.0.attn.c_q.weight.buf,1048576,1049401,RAW,0.022070834005717188
48,blocks.0.attn.c_k.weight.buf,1048576,1049401,RAW,0.04216620800434612
48,blocks.0.attn.c_v.weight.buf,1048576,1049401,RAW,0.021748166996985674
48,blocks.0.attn.c_proj.weight.buf,1048576,1049401,RAW,0.02215279100346379
48,blocks.0.mlp.c_fc.weight.buf,4194304,4196389,RAW,0.10663125000428408
48,blocks.0.mlp.c_proj.weight.buf,4194304,4195129,RAW,0.15171079098945484
48,blocks.1.attn.c_q.weight.buf,1048576,1049401,RAW,0.03760916701867245
48,blocks.1.attn.c_k.weight.buf,1048576,1049401,RAW,0.020808916975511238
48,blocks.1.attn.c_v.weight.buf,1048576,1049401,RAW,0.020584250014508143
48,blocks.1.attn.c_proj.weight.buf,1048576,1049401,RAW,0.03693608398316428
48,blocks.1.attn.ve_gate.weight.buf,512,1022,RAW,1.8999999156221747e-05
48,blocks.1.mlp.c_fc.weight.buf,4194304,4196389,RAW,0.1001920829876326
48,blocks.1.mlp.c_proj.weight.buf,4194304,4195129,RAW,0.10833791599725373
48,blocks.2.attn.c_q.weight.buf,1048576,1049401,RAW,0.02057349999086
48,blocks.2.attn.c_k.weight.buf,1048576,1049401,RAW,0.021623458014801145
48,blocks.2.attn.c_v.weight.buf,1048576,1049401,RAW,0.02023370799724944
48,blocks.2.attn.c_proj.weight.buf,1048576,1049401,RAW,0.03703541701543145
48,blocks.2.mlp.c_fc.weight.buf,4194304,4196389,RAW,0.10139574998174794
48,blocks.2.mlp.c_proj.weight.buf,4194304,4195129,RAW,0.10573191699222662
48,blocks.3.attn.c_q.weight.buf,1048576,1049401,RAW,0.035841832985170186
48,blocks.3.attn.c_k.weight.buf,1048576,1049401,RAW,0.021338457998353988
48,blocks.3.attn.c_v.weight.buf,1048576,1049401,RAW,0.020245374995283782
48,blocks.3.attn.c_proj.weight.buf,1048576,1049401,RAW,0.037348249985370785
48,blocks.3.attn.ve_gate.weight.buf,512,1022,RAW,3.529200330376625e-05
48,blocks.3.mlp.c_fc.weight.buf,4194304,4196389,RAW,0.10321837500669062
48,blocks.3.mlp.c_proj.weight.buf,4194304,4195129,RAW,0.12769891700008884
48,blocks.4.attn.c_q.weight.buf,1048576,1049401,RAW,0.020340041985036805
48,blocks.4.attn.c_k.weight.buf,1048576,1049401,RAW,0.021694333001505584
48,blocks.4.attn.c_v.weight.buf,1048576,1049401,RAW,0.020271874993341044
48,blocks.4.attn.c_proj.weight.buf,1048576,1049401,RAW,0.020430957985809073
48,blocks.4.mlp.c_fc.weight.buf,4194304,4196389,RAW,0.11886508300085552
48,blocks.4.mlp.c_proj.weight.buf,4194304,4195129,RAW,0.1074158750125207
48,blocks.5.attn.c_q.weight.buf,1048576,1049401,RAW,0.020147375005763024
48,blocks.5.attn.c_k.weight.buf,1048576,1049401,RAW,0.03703758300980553
48,blocks.5.attn.c_v.weight.buf,1048576,1049401,RAW,0.020712083001853898
48,blocks.5.attn.c_proj.weight.buf,1048576,1049401,RAW,0.020271332992706448
48,blocks.5.attn.ve_gate.weight.buf,512,1022,RAW,1.5166995581239462e-05
48,blocks.5.mlp.c_fc.weight.buf,4194304,4196389,RAW,0.11608595799771138
48,blocks.5.mlp.c_proj.weight.buf,4194304,4195129,RAW,0.10310137498890981
48,blocks.6.attn.c_q.weight.buf,1048576,1049401,RAW,0.020344040996860713
48,blocks.6.attn.c_k.weight.buf,1048576,1049401,RAW,0.036561832996085286
48,blocks.6.attn.c_v.weight.buf,1048576,1049401,RAW,0.02057879199855961
48,blocks.6.attn.c_proj.weight.buf,1048576,1049401,RAW,0.020351082988781855
48,blocks.6.mlp.c_fc.weight.buf,4194304,4196389,RAW,0.1154092920187395
48,blocks.6.mlp.c_proj.weight.buf,4194304,4195129,RAW,0.12363258400000632
48,blocks.7.attn.c_q.weight.buf,1048576,1049401,RAW,0.020570666005369276
48,blocks.7.attn.c_k.weight.buf,1048576,1049401,RAW,0.03641833399888128
48,blocks.7.attn.c_v.weight.buf,1048576,1049401,RAW,0.021027999988291413
48,blocks.7.attn.c_proj.weight.buf,1048576,1049401,RAW,0.020529125002212822
48,blocks.7.attn.ve_gate.weight.buf,512,1022,RAW,8.917006198316813e-06
48,blocks.7.mlp.c_fc.weight.buf,4194304,4196389,RAW,0.09886891598580405
48,blocks.7.mlp.c_proj.weight.buf,4194304,4195129,RAW,0.12269716698210686
48,lm_head.weight.m,67108864,67136149,RAW,1.6750119159987662
48,lm_head.weight.v,67108864,67136149,RAW,1.62516733299708
48,resid_lambdas.m,32,32,RAW_VECTOR,5.958019755780697e-06
48,resid_lambdas.v,32,32,RAW_VECTOR,5.00003807246685e-07
48,x0_lambdas.m,32,32,RAW_VECTOR,1.7919810488820076e-06
48,x0_lambdas.v,32,32,RAW_VECTOR,5.00003807246685e-07
48,value_embeds.1.weight.m,67108864,65913129,GRAMMAR,1.277397416997701
48,value_embeds.1.weight.v,67108864,65912845,GRAMMAR,1.1990692910039797
48,value_embeds.3.weight.m,67108864,65913225,GRAMMAR,1.2659042500017677
48,value_embeds.3.weight.v,67108864,65912845,GRAMMAR,1.2157918329758104
48,value_embeds.5.weight.m,67108864,65913225,GRAMMAR,1.2290914170152973
48,value_embeds.5.weight.v,67108864,65912909,GRAMMAR,1.2511874579940923
48,value_embeds.7.weight.m,67108864,65913213,GRAMMAR,1.2333113749918994
48,value_embeds.7.weight.v,67108864,65913021,GRAMMAR,1.232407833012985
49,wte.weight.m,67108864,66151529,GRAMMAR,1.2561996669974178
49,wte.weight.v,67108864,66151237,GRAMMAR,1.2298512090055738
49,blocks.0.attn.c_q.weight.buf,1048576,1049401,RAW,0.022713957994710654
49,blocks.0.attn.c_k.weight.buf,1048576,1049401,RAW,0.02221116697182879
49,blocks.0.attn.c_v.weight.buf,1048576,1049401,RAW,0.03924516699044034
49,blocks.0.attn.c_proj.weight.buf,1048576,1049401,RAW,0.022837041004095227
49,blocks.0.mlp.c_fc.weight.buf,4194304,4196389,RAW,0.09850479100714438
49,blocks.0.mlp.c_proj.weight.buf,4194304,4195129,RAW,0.10657837500912137
49,blocks.1.attn.c_q.weight.buf,1048576,1049401,RAW,0.03929870901629329
49,blocks.1.attn.c_k.weight.buf,1048576,1049401,RAW,0.020098916022107005
49,blocks.1.attn.c_v.weight.buf,1048576,1049401,RAW,0.020246833009878173
49,blocks.1.attn.c_proj.weight.buf,1048576,1049401,RAW,0.0373894999793265
49,blocks.1.attn.ve_gate.weight.buf,512,1022,RAW,1.604200224392116e-05
49,blocks.1.mlp.c_fc.weight.buf,4194304,4196389,RAW,0.10096012501162477
49,blocks.1.mlp.c_proj.weight.buf,4194304,4195129,RAW,0.1381092079973314
49,blocks.2.attn.c_q.weight.buf,1048576,1049401,RAW,0.02303675000439398
49,blocks.2.attn.c_k.weight.buf,1048576,1049401,RAW,0.021601665997877717
49,blocks.2.attn.c_v.weight.buf,1048576,1049401,RAW,0.03879820799920708
49,blocks.2.attn.c_proj.weight.buf,1048576,1049401,RAW,0.022813292016508058
49,blocks.2.mlp.c_fc.weight.buf,4194304,4196389,RAW,0.1072742500109598
49,blocks.2.mlp.c_proj.weight.buf,4194304,4195129,RAW,0.14044966700021178
49,blocks.3.attn.c_q.weight.buf,1048576,1049401,RAW,0.022318333009025082
49,blocks.3.attn.c_k.weight.buf,1048576,1049401,RAW,0.02185583399841562
49,blocks.3.attn.c_v.weight.buf,1048576,1049401,RAW,0.02383016698877327
49,blocks.3.attn.c_proj.weight.buf,1048576,1049401,RAW,0.02182537500630133
49,blocks.3.attn.ve_gate.weight.buf,512,1022,RAW,6.320801912806928e-05
49,blocks.3.mlp.c_fc.weight.buf,4194304,4196389,RAW,0.10791291599161923
49,blocks.3.mlp.c_proj.weight.buf,4194304,4195129,RAW,0.14814958299393766
49,blocks.4.attn.c_q.weight.buf,1048576,1049401,RAW,0.022062625008402392
49,blocks.4.attn.c_k.weight.buf,1048576,1049401,RAW,0.039085500000510365
49,blocks.4.attn.c_v.weight.buf,1048576,1049401,RAW,0.021572290977928787
49,blocks.4.attn.c_proj.weight.buf,1048576,1049401,RAW,0.020271957997465506
49,blocks.4.mlp.c_fc.weight.buf,4194304,4196389,RAW,0.12542283299262635
49,blocks.4.mlp.c_proj.weight.buf,4194304,4195129,RAW,0.12343116701231338
49,blocks.5.attn.c_q.weight.buf,1048576,1049401,RAW,0.0404527920181863
49,blocks.5.attn.c_k.weight.buf,1048576,1049401,RAW,0.023622000007890165
49,blocks.5.attn.c_v.weight.buf,1048576,1049401,RAW,0.021677583019481972
49,blocks.5.attn.c_proj.weight.buf,1048576,1049401,RAW,0.04034266699454747
49,blocks.5.attn.ve_gate.weight.buf,512,1022,RAW,5.0292001105844975e-05
49,blocks.5.mlp.c_fc.weight.buf,4194304,4196389,RAW,0.10665720899123698
49,blocks.5.mlp.c_proj.weight.buf,4194304,4195129,RAW,0.11388758299290203
49,blocks.6.attn.c_q.weight.buf,1048576,1049401,RAW,0.038733708002837375
49,blocks.6.attn.c_k.weight.buf,1048576,1049401,RAW,0.021927124995272607
49,blocks.6.attn.c_v.weight.buf,1048576,1049401,RAW,0.02104150000377558
49,blocks.6.attn.c_proj.weight.buf,1048576,1049401,RAW,0.03958800001419149
49,blocks.6.mlp.c_fc.weight.buf,4194304,4196389,RAW,0.10316887497901917
49,blocks.6.mlp.c_proj.weight.buf,4194304,4195129,RAW,0.12949841600493528
49,blocks.7.attn.c_q.weight.buf,1048576,1049401,RAW,0.039867542014690116
49,blocks.7.attn.c_k.weight.buf,1048576,1049401,RAW,0.022916208021342754
49,blocks.7.attn.c_v.weight.buf,1048576,1049401,RAW,0.021784459007903934
49,blocks.7.attn.c_proj.weight.buf,1048576,1049401,RAW,0.04471783299231902
49,blocks.7.attn.ve_gate.weight.buf,512,1022,RAW,4.3082982301712036e-05
49,blocks.7.mlp.c_fc.weight.buf,4194304,4196389,RAW,0.1114047080045566
49,blocks.7.mlp.c_proj.weight.buf,4194304,4195129,RAW,0.17239908399642445
49,lm_head.weight.m,67108864,67136149,RAW,1.7025105000066105
49,lm_head.weight.v,67108864,67136149,RAW,1.6548823750053998
49,resid_lambdas.m,32,32,RAW_VECTOR,5.250010872259736e-06
49,resid_lambdas.v,32,32,RAW_VECTOR,1.7920101527124643e-06
49,x0_lambdas.m,32,32,RAW_VECTOR,1.1249794624745846e-06
49,x0_lambdas.v,32,32,RAW_VECTOR,3.7500285543501377e-07
49,value_embeds.1.weight.m,67108864,66041861,GRAMMAR,1.2426616250013467
49,value_embeds.1.weight.v,67108864,66041605,GRAMMAR,1.2207273330132011
49,value_embeds.3.weight.m,67108864,66041933,GRAMMAR,1.2834578329930082
49,value_embeds.3.weight.v,67108864,66041589,GRAMMAR,1.21182191700791
49,value_embeds.5.weight.m,67108864,66046045,GRAMMAR,1.2852782080008183
49,value_embeds.5.weight.v,67108864,66041665,GRAMMAR,1.2332990000140853
49,value_embeds.7.weight.m,67108864,66041925,GRAMMAR,1.2789972499886062
49,value_embeds.7.weight.v,67108864,66041745,GRAMMAR,1.290432415989926
50,wte.weight.m,67108864,66316921,GRAMMAR,1.25287120800931
50,wte.weight.v,67108864,66316649,GRAMMAR,1.2483607910107821
50,blocks.0.attn.c_q.weight.buf,1048576,1049401,RAW,0.03891100001055747
50,blocks.0.attn.c_k.weight.buf,1048576,1049401,RAW,0.020293540990678594
50,blocks.0.attn.c_v.weight.buf,1048576,1049401,RAW,0.02010112500283867
50,blocks.0.attn.c_proj.weight.buf,1048576,1049401,RAW,0.037559625023277476
50,blocks.0.mlp.c_fc.weight.buf,4194304,4196389,RAW,0.09854691699729301
50,blocks.0.mlp.c_proj.weight.buf,4194304,4195129,RAW,0.10803458301234059
50,blocks.1.attn.c_q.weight.buf,1048576,1049401,RAW,0.037218958023004234
50,blocks.1.attn.c_k.weight.buf,1048576,1049401,RAW,0.020409791002748534
50,blocks.1.attn.c_v.weight.buf,1048576,1049401,RAW,0.020126458985032514
50,blocks.1.attn.c_proj.weight.buf,1048576,1049401,RAW,0.03805270799784921
50,blocks.1.attn.ve_gate.weight.buf,512,1022,RAW,3.9292004657909274e-05
50,blocks.1.mlp.c_fc.weight.buf,4194304,4196389,RAW,0.10152504200232215
50,blocks.1.mlp.c_proj.weight.buf,4194304,4195129,RAW,0.1080870000005234
50,blocks.2.attn.c_q.weight.buf,1048576,1049401,RAW,0.038102458987850696
50,blocks.2.attn.c_k.weight.buf,1048576,1049401,RAW,0.021054500015452504
50,blocks.2.attn.c_v.weight.buf,1048576,1049401,RAW,0.020077875000424683
50,blocks.2.attn.c_proj.weight.buf,1048576,1049401,RAW,0.036428833001991734
50,blocks.2.mlp.c_fc.weight.buf,4194304,4196389,RAW,0.11486620898358524
50,blocks.2.mlp.c_proj.weight.buf,4194304,4195129,RAW,0.10326004101079889
50,blocks.3.attn.c_q.weight.buf,1048576,1049401,RAW,0.01969187500071712
50,blocks.3.attn.c_k.weight.buf,1048576,1049401,RAW,0.03615329199237749
50,blocks.3.attn.c_v.weight.buf,1048576,1049401,RAW,0.019646375003503636
50,blocks.3.attn.c_proj.weight.buf,1048576,1049401,RAW,0.020026667014462873
50,blocks.3.attn.ve_gate.weight.buf,512,1022,RAW,1.0834017302840948e-05
50,blocks.3.mlp.c_fc.weight.buf,4194304,4196389,RAW,0.09876604200690053
50,blocks.3.mlp.c_proj.weight.buf,4194304,4195129,RAW,0.10261233398341574
50,blocks.4.attn.c_q.weight.buf,1048576,1049401,RAW,0.01990716697764583
50,blocks.4.attn.c_k.weight.buf,1048576,1049401,RAW,0.035582915996201336
50,blocks.4.attn.c_v.weight.buf,1048576,1049401,RAW,0.020266082981834188
50,blocks.4.attn.c_proj.weight.buf,1048576,1049401,RAW,0.020378832996357232
50,blocks.4.mlp.c_fc.weight.buf,4194304,4196389,RAW,0.12160016698180698
50,blocks.4.mlp.c_proj.weight.buf,4194304,4195129,RAW,0.11647341700154357
50,blocks.5.attn.c_q.weight.buf,1048576,1049401,RAW,0.02043387497542426
50,blocks.5.attn.c_k.weight.buf,1048576,1049401,RAW,0.04721479199361056
50,blocks.5.attn.c_v.weight.buf,1048576,1049401,RAW,0.02306933401268907
50,blocks.5.attn.c_proj.weight.buf,1048576,1049401,RAW,0.021805666998261586
50,blocks.5.attn.ve_gate.weight.buf,512,1022,RAW,2.316699828952551e-05
50,blocks.5.mlp.c_fc.weight.buf,4194304,4196389,RAW,0.13023258399334736
50,blocks.5.mlp.c_proj.weight.buf,4194304,4195129,RAW,0.13335433299653232
50,blocks.6.attn.c_q.weight.buf,1048576,1049401,RAW,0.022029582993127406
50,blocks.6.attn.c_k.weight.buf,1048576,1049401,RAW,0.04170754199731164
50,blocks.6.attn.c_v.weight.buf,1048576,1049401,RAW,0.02326629200251773
50,blocks.6.attn.c_proj.weight.buf,1048576,1049401,RAW,0.02188845898490399
50,blocks.6.mlp.c_fc.weight.buf,4194304,4196389,RAW,0.10189087499747984
50,blocks.6.mlp.c_proj.weight.buf,4194304,4195129,RAW,0.10861274998751469
50,blocks.7.attn.c_q.weight.buf,1048576,1049401,RAW,0.02071241699741222
50,blocks.7.attn.c_k.weight.buf,1048576,1049401,RAW,0.037389750010333955
50,blocks.7.attn.c_v.weight.buf,1048576,1049401,RAW,0.02070550000644289
50,blocks.7.attn.c_proj.weight.buf,1048576,1049401,RAW,0.020724792004330084
50,blocks.7.attn.ve_gate.weight.buf,512,1022,RAW,1.270900247618556e-05
50,blocks.7.mlp.c_fc.weight.buf,4194304,4196389,RAW,0.11635570801445283
50,blocks.7.mlp.c_proj.weight.buf,4194304,4195129,RAW,0.10568149999016896
50,lm_head.weight.m,67108864,67136149,RAW,1.6391998330072965
50,lm_head.weight.v,67108864,67136149,RAW,1.6616332500125282
50,resid_lambdas.m,32,32,RAW_VECTOR,8.208997314795852e-06
50,resid_lambdas.v,32,32,RAW_VECTOR,5.839974619448185e-07
50,x0_lambdas.m,32,32,RAW_VECTOR,9.170034900307655e-07
50,x0_lambdas.v,32,32,RAW_VECTOR,2.9199873097240925e-07
50,value_embeds.1.weight.m,67108864,66192933,GRAMMAR,1.266999500017846
50,value_embeds.1.weight.v,67108864,66192637,GRAMMAR,1.247315750020789
50,value_embeds.3.weight.m,67108864,66192949,GRAMMAR,1.269892250013072
50,value_embeds.3.weight.v,67108864,66192625,GRAMMAR,1.228025999997044
50,value_embeds.5.weight.m,67108864,66192961,GRAMMAR,1.2932747919985559
50,value_embeds.5.weight.v,67108864,66192685,GRAMMAR,1.2431195419922005
50,value_embeds.7.weight.m,67108864,66192925,GRAMMAR,1.313177625008393
50,value_embeds.7.weight.v,67108864,66192741,GRAMMAR,1.2515715829795226
51,wte.weight.m,67108864,66438569,GRAMMAR,1.2680830410099588
51,wte.weight.v,67108864,66438313,GRAMMAR,1.2194084170041606
51,blocks.0.attn.c_q.weight.buf,1048576,1049401,RAW,0.021603082976071164
51,blocks.0.attn.c_k.weight.buf,1048576,1049401,RAW,0.01941645800252445
51,blocks.0.attn.c_v.weight.buf,1048576,1049401,RAW,0.019523124996339902
51,blocks.0.attn.c_proj.weight.buf,1048576,1049401,RAW,0.037048500002129
51,blocks.0.mlp.c_fc.weight.buf,4194304,4196389,RAW,0.09533658300642855
51,blocks.0.mlp.c_proj.weight.buf,4194304,4195129,RAW,0.1045980830094777
51,blocks.1.attn.c_q.weight.buf,1048576,1049401,RAW,0.0371637920034118
51,blocks.1.attn.c_k.weight.buf,1048576,1049401,RAW,0.020364708005217835
51,blocks.1.attn.c_v.weight.buf,1048576,1049401,RAW,0.020368291006889194
51,blocks.1.attn.c_proj.weight.buf,1048576,1049401,RAW,0.03721641699667089
51,blocks.1.attn.ve_gate.weight.buf,512,1022,RAW,2.4874985683709383e-05
51,blocks.1.mlp.c_fc.weight.buf,4194304,4196389,RAW,0.097356917016441
51,blocks.1.mlp.c_proj.weight.buf,4194304,4195129,RAW,0.10335858399048448
51,blocks.2.attn.c_q.weight.buf,1048576,1049401,RAW,0.03665662498679012
51,blocks.2.attn.c_k.weight.buf,1048576,1049401,RAW,0.036860084015643224
51,blocks.2.attn.c_v.weight.buf,1048576,1049401,RAW,0.019830458011711016
51,blocks.2.attn.c_proj.weight.buf,1048576,1049401,RAW,0.03667170900735073
51,blocks.2.mlp.c_fc.weight.buf,4194304,4196389,RAW,0.09869358301511966
51,blocks.2.mlp.c_proj.weight.buf,4194304,4195129,RAW,0.11225641699275002
51,blocks.3.attn.c_q.weight.buf,1048576,1049401,RAW,0.04216808298951946
51,blocks.3.attn.c_k.weight.buf,1048576,1049401,RAW,0.021775665984023362
51,blocks.3.attn.c_v.weight.buf,1048576,1049401,RAW,0.021731709013693035
51,blocks.3.attn.c_proj.weight.buf,1048576,1049401,RAW,0.04248937501688488
51,blocks.3.attn.ve_gate.weight.buf,512,1022,RAW,2.3125001462176442e-05
51,blocks.3.mlp.c_fc.weight.buf,4194304,4196389,RAW,0.10748745800810866
51,blocks.3.mlp.c_proj.weight.buf,4194304,4195129,RAW,0.15419541698065586
51,blocks.4.attn.c_q.weight.buf,1048576,1049401,RAW,0.02242100000148639
51,blocks.4.attn.c_k.weight.buf,1048576,1049401,RAW,0.021308915980625898
51,blocks.4.attn.c_v.weight.buf,1048576,1049401,RAW,0.03798933298094198
51,blocks.4.attn.c_proj.weight.buf,1048576,1049401,RAW,0.020581291988492012
51,blocks.4.mlp.c_fc.weight.buf,4194304,4196389,RAW,0.09993995798868127
51,blocks.4.mlp.c_proj.weight.buf,4194304,4195129,RAW,0.14514325000345707
51,blocks.5.attn.c_q.weight.buf,1048576,1049401,RAW,0.0213402500085067
51,blocks.5.attn.c_k.weight.buf,1048576,1049401,RAW,0.020724707981571555
51,blocks.5.attn.c_v.weight.buf,1048576,1049401,RAW,0.037723583984188735
51,blocks.5.attn.c_proj.weight.buf,1048576,1049401,RAW,0.021163332974538207
51,blocks.5.attn.ve_gate.weight.buf,512,1022,RAW,1.712498487904668e-05
51,blocks.5.mlp.c_fc.weight.buf,4194304,4196389,RAW,0.10208858299301937
51,blocks.5.mlp.c_proj.weight.buf,4194304,4195129,RAW,0.1331297090218868
51,blocks.6.attn.c_q.weight.buf,1048576,1049401,RAW,0.020836542011238635
51,blocks.6.attn.c_k.weight.buf,1048576,1049401,RAW,0.02027479198295623
51,blocks.6.attn.c_v.weight.buf,1048576,1049401,RAW,0.03773266699863598
51,blocks.6.attn.c_proj.weight.buf,1048576,1049401,RAW,0.020826624997425824
51,blocks.6.mlp.c_fc.weight.buf,4194304,4196389,RAW,0.09942395801772363
51,blocks.6.mlp.c_proj.weight.buf,4194304,4195129,RAW,0.13276524998946115
51,blocks.7.attn.c_q.weight.buf,1048576,1049401,RAW,0.02163599999039434
51,blocks.7.attn.c_k.weight.buf,1048576,1049401,RAW,0.021314291981980205
51,blocks.7.attn.c_v.weight.buf,1048576,1049401,RAW,0.03864366599009372
51,blocks.7.attn.c_proj.weight.buf,1048576,1049401,RAW,0.02046795899514109
51,blocks.7.attn.ve_gate.weight.buf,512,1022,RAW,1.18750031106174e-05
51,blocks.7.mlp.c_fc.weight.buf,4194304,4196389,RAW,0.0999015829875134
51,blocks.7.mlp.c_proj.weight.buf,4194304,4195129,RAW,0.14754779200302437
51,lm_head.weight.m,67108864,67136149,RAW,1.6394789170008153
51,lm_head.weight.v,67108864,67136149,RAW,1.6691496669955086
51,resid_lambdas.m,32,32,RAW_VECTOR,6.208021659404039e-06
51,resid_lambdas.v,32,32,RAW_VECTOR,6.250047590583563e-07
51,x0_lambdas.m,32,32,RAW_VECTOR,9.580107871443033e-07
51,x0_lambdas.v,32,32,RAW_VECTOR,3.7500285543501377e-07
51,value_embeds.1.weight.m,67108864,66298429,GRAMMAR,1.2661610420036595
51,value_embeds.1.weight.v,67108864,66298141,GRAMMAR,1.2854764579969924
51,value_embeds.3.weight.m,67108864,66298461,GRAMMAR,1.244386709004175
51,value_embeds.3.weight.v,67108864,66298145,GRAMMAR,1.2830144579929765
51,value_embeds.5.weight.m,67108864,66298493,GRAMMAR,1.2854694160050713
51,value_embeds.5.weight.v,67108864,66298205,GRAMMAR,1.2579358750081155
51,value_embeds.7.weight.m,67108864,66298457,GRAMMAR,1.2651570000161882
51,value_embeds.7.weight.v,67108864,66298253,GRAMMAR,1.2157037089928053
52,wte.weight.m,67108864,66534285,GRAMMAR,1.2906013749889098
52,wte.weight.v,67108864,66534029,GRAMMAR,1.2263875409844331
52,blocks.0.attn.c_q.weight.buf,1048576,1049401,RAW,0.02027295800508
52,blocks.0.attn.c_k.weight.buf,1048576,1049401,RAW,0.0372114589845296
52,blocks.0.attn.c_v.weight.buf,1048576,1049401,RAW,0.02001054200809449
52,blocks.0.attn.c_proj.weight.buf,1048576,1049401,RAW,0.019857290986692533
52,blocks.0.mlp.c_fc.weight.buf,4194304,4196389,RAW,0.11347041701083072
52,blocks.0.mlp.c_proj.weight.buf,4194304,4195129,RAW,0.12758400000166148
52,blocks.1.attn.c_q.weight.buf,1048576,1049401,RAW,0.021331500000087544
52,blocks.1.attn.c_k.weight.buf,1048576,1049401,RAW,0.02283287499449216
52,blocks.1.attn.c_v.weight.buf,1048576,1049401,RAW,0.02143379201879725
52,blocks.1.attn.c_proj.weight.buf,1048576,1049401,RAW,0.02152066701091826
52,blocks.1.attn.ve_gate.weight.buf,512,1022,RAW,2.2958993213251233e-05
52,blocks.1.mlp.c_fc.weight.buf,4194304,4196389,RAW,0.10643549999804236
52,blocks.1.mlp.c_proj.weight.buf,4194304,4195129,RAW,0.1473291669972241
52,blocks.2.attn.c_q.weight.buf,1048576,1049401,RAW,0.021173834014916793
52,blocks.2.attn.c_k.weight.buf,1048576,1049401,RAW,0.03804604202741757
52,blocks.2.attn.c_v.weight.buf,1048576,1049401,RAW,0.020288291008910164
52,blocks.2.attn.c_proj.weight.buf,1048576,1049401,RAW,0.02026412499253638
52,blocks.2.mlp.c_fc.weight.buf,4194304,4196389,RAW,0.09986487499554642
52,blocks.2.mlp.c_proj.weight.buf,4194304,4195129,RAW,0.10612345801200718
52,blocks.3.attn.c_q.weight.buf,1048576,1049401,RAW,0.020299750001868233
52,blocks.3.attn.c_k.weight.buf,1048576,1049401,RAW,0.03834366600494832
52,blocks.3.attn.c_v.weight.buf,1048576,1049401,RAW,0.02022775000659749
52,blocks.3.attn.c_proj.weight.buf,1048576,1049401,RAW,0.020336166984634474
52,blocks.3.attn.ve_gate.weight.buf,512,1022,RAW,1.1541997082531452e-05
52,blocks.3.mlp.c_fc.weight.buf,4194304,4196389,RAW,0.11641508300090209
52,blocks.3.mlp.c_proj.weight.buf,4194304,4195129,RAW,0.10648591700010002
52,blocks.4.attn.c_q.weight.buf,1048576,1049401,RAW,0.020523125014733523
52,blocks.4.attn.c_k.weight.buf,1048576,1049401,RAW,0.037219083023956046
52,blocks.4.attn.c_v.weight.buf,1048576,1049401,RAW,0.020794000010937452
52,blocks.4.attn.c_proj.weight.buf,1048576,1049401,RAW,0.02036970801418647
52,blocks.4.mlp.c_fc.weight.buf,4194304,4196389,RAW,0.09983145800651982
52,blocks.4.mlp.c_proj.weight.buf,4194304,4195129,RAW,0.12704833399038762
52,blocks.5.attn.c_q.weight.buf,1048576,1049401,RAW,0.020326916011981666
52,blocks.5.attn.c_k.weight.buf,1048576,1049401,RAW,0.020346875011455268
52,blocks.5.attn.c_v.weight.buf,1048576,1049401,RAW,0.037762624997412786
52,blocks.5.attn.c_proj.weight.buf,1048576,1049401,RAW,0.02064137501292862
52,blocks.5.attn.ve_gate.weight.buf,512,1022,RAW,1.675001112744212e-05
52,blocks.5.mlp.c_fc.weight.buf,4194304,4196389,RAW,0.10260958399157971
52,blocks.5.mlp.c_proj.weight.buf,4194304,4195129,RAW,0.12401525001041591
52,blocks.6.attn.c_q.weight.buf,1048576,1049401,RAW,0.0205862500006333
52,blocks.6.attn.c_k.weight.buf,1048576,1049401,RAW,0.020386749994941056
52,blocks.6.attn.c_v.weight.buf,1048576,1049401,RAW,0.03810870801680721
52,blocks.6.attn.c_proj.weight.buf,1048576,1049401,RAW,0.020697540981927887
52,blocks.6.mlp.c_fc.weight.buf,4194304,4196389,RAW,0.10072841701912694
52,blocks.6.mlp.c_proj.weight.buf,4194304,4195129,RAW,0.11811016700812615
52,blocks.7.attn.c_q.weight.buf,1048576,1049401,RAW,0.02051166698220186
52,blocks.7.attn.c_k.weight.buf,1048576,1049401,RAW,0.020147499977611005
52,blocks.7.attn.c_v.weight.buf,1048576,1049401,RAW,0.03677420801250264
52,blocks.7.attn.c_proj.weight.buf,1048576,1049401,RAW,0.02073862499673851
52,blocks.7.attn.ve_gate.weight.buf,512,1022,RAW,2.5457993615418673e-05
52,blocks.7.mlp.c_fc.weight.buf,4194304,4196389,RAW,0.09750995898502879
52,blocks.7.mlp.c_proj.weight.buf,4194304,4195129,RAW,0.11945266698603518
52,lm_head.weight.m,67108864,67136149,RAW,1.6542963329993654
52,lm_head.weight.v,67108864,67136149,RAW,1.6431344579905272
52,resid_lambdas.m,32,32,RAW_VECTOR,4.91601531393826e-06
52,resid_lambdas.v,32,32,RAW_VECTOR,1.667009200900793e-06
52,x0_lambdas.m,32,32,RAW_VECTOR,2.6249908842146397e-06
52,x0_lambdas.v,32,32,RAW_VECTOR,1.0840012691915035e-06
52,value_embeds.1.weight.m,67108864,66410897,GRAMMAR,1.3040255839878228
52,value_embeds.1.weight.v,67108864,66410701,GRAMMAR,1.249429332994623
52,value_embeds.3.weight.m,67108864,66410945,GRAMMAR,1.2884025830135215
52,value_embeds.3.weight.v,67108864,66410681,GRAMMAR,1.257043290999718
52,value_embeds.5.weight.m,67108864,66410929,GRAMMAR,1.2699426249891985
52,value_embeds.5.weight.v,67108864,66410737,GRAMMAR,1.2781994169927202
52,value_embeds.7.weight.m,67108864,66410913,GRAMMAR,1.2717030420026276
52,value_embeds.7.weight.v,67108864,66410809,GRAMMAR,1.2971050839987583
53,wte.weight.m,67108864,66606477,GRAMMAR,1.263009125017561
53,wte.weight.v,67108864,66606237,GRAMMAR,1.263892457995098
53,blocks.0.attn.c_q.weight.buf,1048576,1049401,RAW,0.03726637500221841
53,blocks.0.attn.c_k.weight.buf,1048576,1049401,RAW,0.020486207999056205
53,blocks.0.attn.c_v.weight.buf,1048576,1049401,RAW,0.01978699999745004
53,blocks.0.attn.c_proj.weight.buf,1048576,1049401,RAW,0.03752666598302312
53,blocks.0.mlp.c_fc.weight.buf,4194304,4196389,RAW,0.09933749999618158
53,blocks.0.mlp.c_proj.weight.buf,4194304,4195129,RAW,0.12450500001432374
53,blocks.1.attn.c_q.weight.buf,1048576,1049401,RAW,0.03684537499793805
53,blocks.1.attn.c_k.weight.buf,1048576,1049401,RAW,0.020635916996980086
53,blocks.1.attn.c_v.weight.buf,1048576,1049401,RAW,0.020513332972768694
53,blocks.1.attn.c_proj.weight.buf,1048576,1049401,RAW,0.020390791993122548
53,blocks.1.attn.ve_gate.weight.buf,512,1022,RAW,1.0666000889614224e-05
53,blocks.1.mlp.c_fc.weight.buf,4194304,4196389,RAW,0.09984937499393709
53,blocks.1.mlp.c_proj.weight.buf,4194304,4195129,RAW,0.11161912500392646
53,blocks.2.attn.c_q.weight.buf,1048576,1049401,RAW,0.02024512499338016
53,blocks.2.attn.c_k.weight.buf,1048576,1049401,RAW,0.03738720799447037
53,blocks.2.attn.c_v.weight.buf,1048576,1049401,RAW,0.020235042000422254
53,blocks.2.attn.c_proj.weight.buf,1048576,1049401,RAW,0.020378375018481165
53,blocks.2.mlp.c_fc.weight.buf,4194304,4196389,RAW,0.11549341698992066
53,blocks.2.mlp.c_proj.weight.buf,4194304,4195129,RAW,0.10622945902287029
53,blocks.3.attn.c_q.weight.buf,1048576,1049401,RAW,0.020308375009335577
53,blocks.3.attn.c_k.weight.buf,1048576,1049401,RAW,0.036857750004855916
53,blocks.3.attn.c_v.weight.buf,1048576,1049401,RAW,0.021185082994634286
53,blocks.3.attn.c_proj.weight.buf,1048576,1049401,RAW,0.02075912500731647
53,blocks.3.attn.ve_gate.weight.buf,512,1022,RAW,1.2375006917864084e-05
53,blocks.3.mlp.c_fc.weight.buf,4194304,4196389,RAW,0.10047062498051673
53,blocks.3.mlp.c_proj.weight.buf,4194304,4195129,RAW,0.12491962499916553
53,blocks.4.attn.c_q.weight.buf,1048576,1049401,RAW,0.021142750018043444
53,blocks.4.attn.c_k.weight.buf,1048576,1049401,RAW,0.02050712500931695
53,blocks.4.attn.c_v.weight.buf,1048576,1049401,RAW,0.03652333398349583
53,blocks.4.attn.c_proj.weight.buf,1048576,1049401,RAW,0.019863666995661333
53,blocks.4.mlp.c_fc.weight.buf,4194304,4196389,RAW,0.09708733297884464
53,blocks.4.mlp.c_proj.weight.buf,4194304,4195129,RAW,0.12001450001844205
53,blocks.5.attn.c_q.weight.buf,1048576,1049401,RAW,0.020695457991678268
53,blocks.5.attn.c_k.weight.buf,1048576,1049401,RAW,0.01958712498890236
53,blocks.5.attn.c_v.weight.buf,1048576,1049401,RAW,0.03567458299221471
53,blocks.5.attn.c_proj.weight.buf,1048576,1049401,RAW,0.020412583980942145
53,blocks.5.attn.ve_gate.weight.buf,512,1022,RAW,2.5374989490956068e-05
53,blocks.5.mlp.c_fc.weight.buf,4194304,4196389,RAW,0.09852912501082756
53,blocks.5.mlp.c_proj.weight.buf,4194304,4195129,RAW,0.09958045798703097
53,blocks.6.attn.c_q.weight.buf,1048576,1049401,RAW,0.03687929201987572
53,blocks.6.attn.c_k.weight.buf,1048576,1049401,RAW,0.020420041983015835
53,blocks.6.attn.c_v.weight.buf,1048576,1049401,RAW,0.01985512499231845
53,blocks.6.attn.c_proj.weight.buf,1048576,1049401,RAW,0.0364905419992283
53,blocks.6.mlp.c_fc.weight.buf,4194304,4196389,RAW,0.09780008299276233
53,blocks.6.mlp.c_proj.weight.buf,4194304,4195129,RAW,0.10313216698705219
53,blocks.7.attn.c_q.weight.buf,1048576,1049401,RAW,0.03661558299791068
53,blocks.7.attn.c_k.weight.buf,1048576,1049401,RAW,0.03728924997267313
53,blocks.7.attn.c_v.weight.buf,1048576,1049401,RAW,0.021763666998595
53,blocks.7.attn.c_proj.weight.buf,1048576,1049401,RAW,0.04219662499963306
53,blocks.7.attn.ve_gate.weight.buf,512,1022,RAW,3.145798109471798e-05
53,blocks.7.mlp.c_fc.weight.buf,4194304,4196389,RAW,0.10677075001876801
53,blocks.7.mlp.c_proj.weight.buf,4194304,4195129,RAW,0.12686245801160112
53,lm_head.weight.m,67108864,67136149,RAW,1.6451547500037123
53,lm_head.weight.v,67108864,67136149,RAW,1.6599905419861898
53,resid_lambdas.m,32,32,RAW_VECTOR,6.499991286545992e-06
53,resid_lambdas.v,32,32,RAW_VECTOR,4.5902561396360397e-07
53,x0_lambdas.m,32,32,RAW_VECTOR,9.170034900307655e-07
53,x0_lambdas.v,32,32,RAW_VECTOR,4.1601015254855156e-07
53,value_embeds.1.weight.m,67108864,66485257,GRAMMAR,1.2825517920136917
53,value_embeds.1.weight.v,67108864,66485025,GRAMMAR,1.2251033750071656
53,value_embeds.3.weight.m,67108864,66485301,GRAMMAR,1.3322494580061175
53,value_embeds.3.weight.v,67108864,66485005,GRAMMAR,1.2496012920164503
53,value_embeds.5.weight.m,67108864,66485313,GRAMMAR,1.2989107920147944
53,value_embeds.5.weight.v,67108864,66485065,GRAMMAR,1.2708655830065254
53,value_embeds.7.weight.m,67108864,66485257,GRAMMAR,1.286514375009574
53,value_embeds.7.weight.v,67108864,66485197,GRAMMAR,1.324534459010465
54,wte.weight.m,67108864,66721009,GRAMMAR,1.2884602079866454
54,wte.weight.v,67108864,66720821,GRAMMAR,1.3023850000172388
54,blocks.0.attn.c_q.weight.buf,1048576,1049401,RAW,0.02168812500895001
54,blocks.0.attn.c_k.weight.buf,1048576,1049401,RAW,0.03874020799412392
54,blocks.0.attn.c_v.weight.buf,1048576,1049401,RAW,0.02024716601590626
54,blocks.0.attn.c_proj.weight.buf,1048576,1049401,RAW,0.02021370898000896
54,blocks.0.mlp.c_fc.weight.buf,4194304,4196389,RAW,0.09846416598884389
54,blocks.0.mlp.c_proj.weight.buf,4194304,4195129,RAW,0.10755916699417867
54,blocks.1.attn.c_q.weight.buf,1048576,1049401,RAW,0.02027916701626964
54,blocks.1.attn.c_k.weight.buf,1048576,1049401,RAW,0.021703916980186477
54,blocks.1.attn.c_v.weight.buf,1048576,1049401,RAW,0.020368582976516336
54,blocks.1.attn.c_proj.weight.buf,1048576,1049401,RAW,0.020627709018299356
54,blocks.1.attn.ve_gate.weight.buf,512,1022,RAW,1.2208998668938875e-05
54,blocks.1.mlp.c_fc.weight.buf,4194304,4196389,RAW,0.10148283300804906
54,blocks.1.mlp.c_proj.weight.buf,4194304,4195129,RAW,0.111306875012815
54,blocks.2.attn.c_q.weight.buf,1048576,1049401,RAW,0.020036458008689806
54,blocks.2.attn.c_k.weight.buf,1048576,1049401,RAW,0.03729804200702347
54,blocks.2.attn.c_v.weight.buf,1048576,1049401,RAW,0.020434999983990565
54,blocks.2.attn.c_proj.weight.buf,1048576,1049401,RAW,0.02160137501778081
54,blocks.2.mlp.c_fc.weight.buf,4194304,4196389,RAW,0.10007258297991939
54,blocks.2.mlp.c_proj.weight.buf,4194304,4195129,RAW,0.10437416602508165
54,blocks.3.attn.c_q.weight.buf,1048576,1049401,RAW,0.019704584003193304
54,blocks.3.attn.c_k.weight.buf,1048576,1049401,RAW,0.03663899999810383
54,blocks.3.attn.c_v.weight.buf,1048576,1049401,RAW,0.020503457984887064
54,blocks.3.attn.c_proj.weight.buf,1048576,1049401,RAW,0.020542958984151483
54,blocks.3.attn.ve_gate.weight.buf,512,1022,RAW,2.6583002181723714e-05
54,blocks.3.mlp.c_fc.weight.buf,4194304,4196389,RAW,0.09835304200532846
54,blocks.3.mlp.c_proj.weight.buf,4194304,4195129,RAW,0.10384541700477712
54,blocks.4.attn.c_q.weight.buf,1048576,1049401,RAW,0.02024683399940841
54,blocks.4.attn.c_k.weight.buf,1048576,1049401,RAW,0.020474333025049418
54,blocks.4.attn.c_v.weight.buf,1048576,1049401,RAW,0.036988250009017065
54,blocks.4.attn.c_proj.weight.buf,1048576,1049401,RAW,0.022457542014308274
54,blocks.4.mlp.c_fc.weight.buf,4194304,4196389,RAW,0.09966745899873786
54,blocks.4.mlp.c_proj.weight.buf,4194304,4195129,RAW,0.13939895798102953
54,blocks.5.attn.c_q.weight.buf,1048576,1049401,RAW,0.02381958399200812
54,blocks.5.attn.c_k.weight.buf,1048576,1049401,RAW,0.04262466699583456
54,blocks.5.attn.c_v.weight.buf,1048576,1049401,RAW,0.02341208400321193
54,blocks.5.attn.c_proj.weight.buf,1048576,1049401,RAW,0.022197917016455904
54,blocks.5.attn.ve_gate.weight.buf,512,1022,RAW,2.3667002096772194e-05
54,blocks.5.mlp.c_fc.weight.buf,4194304,4196389,RAW,0.12480370799312368
54,blocks.5.mlp.c_proj.weight.buf,4194304,4195129,RAW,0.15126733301440254
54,blocks.6.attn.c_q.weight.buf,1048576,1049401,RAW,0.021059874998172745
54,blocks.6.attn.c_k.weight.buf,1048576,1049401,RAW,0.0380352079810109
54,blocks.6.attn.c_v.weight.buf,1048576,1049401,RAW,0.021061500010546297
54,blocks.6.attn.c_proj.weight.buf,1048576,1049401,RAW,0.021169875020859763
54,blocks.6.mlp.c_fc.weight.buf,4194304,4196389,RAW,0.11724270801641978
54,blocks.6.mlp.c_proj.weight.buf,4194304,4195129,RAW,0.11142395800561644
54,blocks.7.attn.c_q.weight.buf,1048576,1049401,RAW,0.02131208300124854
54,blocks.7.attn.c_k.weight.buf,1048576,1049401,RAW,0.0389599580084905
54,blocks.7.attn.c_v.weight.buf,1048576,1049401,RAW,0.022282249992713332
54,blocks.7.attn.c_proj.weight.buf,1048576,1049401,RAW,0.02164741698652506
54,blocks.7.attn.ve_gate.weight.buf,512,1022,RAW,1.3457989552989602e-05
54,blocks.7.mlp.c_fc.weight.buf,4194304,4196389,RAW,0.10739158300566487
54,blocks.7.mlp.c_proj.weight.buf,4194304,4195129,RAW,0.11579308297950774
54,lm_head.weight.m,67108864,67136149,RAW,1.6462659589888062
54,lm_head.weight.v,67108864,67136149,RAW,1.662128208001377
54,resid_lambdas.m,32,32,RAW_VECTOR,1.624997821636498e-05
54,resid_lambdas.v,32,32,RAW_VECTOR,5.410111043602228e-07
54,x0_lambdas.m,32,32,RAW_VECTOR,1.4169781934469938e-06
54,x0_lambdas.v,32,32,RAW_VECTOR,3.7500285543501377e-07
54,value_embeds.1.weight.m,67108864,66624385,GRAMMAR,1.2864696249889676
54,value_embeds.1.weight.v,67108864,66624157,GRAMMAR,1.2833428329904564
54,value_embeds.3.weight.m,67108864,66624425,GRAMMAR,1.2896970000001602
54,value_embeds.3.weight.v,67108864,66624193,GRAMMAR,1.2688544999982696
54,value_embeds.5.weight.m,67108864,66624429,GRAMMAR,1.3070388750056736
54,value_embeds.5.weight.v,67108864,66624221,GRAMMAR,1.2590344999916852
54,value_embeds.7.weight.m,67108864,66624401,GRAMMAR,1.3422136660083197
54,value_embeds.7.weight.v,67108864,66624345,GRAMMAR,1.2740957500063814
55,wte.weight.m,67108864,66780233,GRAMMAR,1.3179162080050446
55,wte.weight.v,67108864,66780069,GRAMMAR,1.269228082994232
55,blocks.0.attn.c_q.weight.buf,1048576,1049401,RAW,0.020807082997635007
55,blocks.0.attn.c_k.weight.buf,1048576,1049401,RAW,0.020544458995573223
55,blocks.0.attn.c_v.weight.buf,1048576,1049401,RAW,0.03820375000941567
55,blocks.0.attn.c_proj.weight.buf,1048576,1049401,RAW,0.02005512500181794
55,blocks.0.mlp.c_fc.weight.buf,4194304,4196389,RAW,0.09554258297430351
55,blocks.0.mlp.c_proj.weight.buf,4194304,4195129,RAW,0.11942295799963176
55,blocks.1.attn.c_q.weight.buf,1048576,1049401,RAW,0.020716375001939014
55,blocks.1.attn.c_k.weight.buf,1048576,1049401,RAW,0.020187415997497737
55,blocks.1.attn.c_v.weight.buf,1048576,1049401,RAW,0.03647691698279232
55,blocks.1.attn.c_proj.weight.buf,1048576,1049401,RAW,0.03727904200786725
55,blocks.1.attn.ve_gate.weight.buf,512,1022,RAW,2.691699774004519e-05
55,blocks.1.mlp.c_fc.weight.buf,4194304,4196389,RAW,0.09726725000655279
55,blocks.1.mlp.c_proj.weight.buf,4194304,4195129,RAW,0.14162304199999198
55,blocks.2.attn.c_q.weight.buf,1048576,1049401,RAW,0.02207279100548476
55,blocks.2.attn.c_k.weight.buf,1048576,1049401,RAW,0.021561125002335757
55,blocks.2.attn.c_v.weight.buf,1048576,1049401,RAW,0.04193170802318491
55,blocks.2.attn.c_proj.weight.buf,1048576,1049401,RAW,0.021469750005053356
55,blocks.2.mlp.c_fc.weight.buf,4194304,4196389,RAW,0.11120541699347086
55,blocks.2.mlp.c_proj.weight.buf,4194304,4195129,RAW,0.16360195900779217
55,blocks.3.attn.c_q.weight.buf,1048576,1049401,RAW,0.020398874999955297
55,blocks.3.attn.c_k.weight.buf,1048576,1049401,RAW,0.03764904200215824
55,blocks.3.attn.c_v.weight.buf,1048576,1049401,RAW,0.020038458023918793
55,blocks.3.attn.c_proj.weight.buf,1048576,1049401,RAW,0.020671250007580966
55,blocks.3.attn.ve_gate.weight.buf,512,1022,RAW,1.2874981621280313e-05
55,blocks.3.mlp.c_fc.weight.buf,4194304,4196389,RAW,0.10158745798980817
55,blocks.3.mlp.c_proj.weight.buf,4194304,4195129,RAW,0.12604158400790766
55,blocks.4.attn.c_q.weight.buf,1048576,1049401,RAW,0.02076758400653489
55,blocks.4.attn.c_k.weight.buf,1048576,1049401,RAW,0.0383612499863375
55,blocks.4.attn.c_v.weight.buf,1048576,1049401,RAW,0.020758750004461035
55,blocks.4.attn.c_proj.weight.buf,1048576,1049401,RAW,0.02038545798859559
55,blocks.4.mlp.c_fc.weight.buf,4194304,4196389,RAW,0.11833579101948999
55,blocks.4.mlp.c_proj.weight.buf,4194304,4195129,RAW,0.10842583299381658
55,blocks.5.attn.c_q.weight.buf,1048576,1049401,RAW,0.020624625001801178
55,blocks.5.attn.c_k.weight.buf,1048576,1049401,RAW,0.037846416991669685
55,blocks.5.attn.c_v.weight.buf,1048576,1049401,RAW,0.020576582988724113
55,blocks.5.attn.c_proj.weight.buf,1048576,1049401,RAW,0.020678792003309354
55,blocks.5.attn.ve_gate.weight.buf,512,1022,RAW,1.2042000889778137e-05
55,blocks.5.mlp.c_fc.weight.buf,4194304,4196389,RAW,0.11824908299604431
55,blocks.5.mlp.c_proj.weight.buf,4194304,4195129,RAW,0.10781179199693725
55,blocks.6.attn.c_q.weight.buf,1048576,1049401,RAW,0.02026991598540917
55,blocks.6.attn.c_k.weight.buf,1048576,1049401,RAW,0.03732179198414087
55,blocks.6.attn.c_v.weight.buf,1048576,1049401,RAW,0.020368041994515806
55,blocks.6.attn.c_proj.weight.buf,1048576,1049401,RAW,0.020629834005376324
55,blocks.6.mlp.c_fc.weight.buf,4194304,4196389,RAW,0.09971725000650622
55,blocks.6.mlp.c_proj.weight.buf,4194304,4195129,RAW,0.10747745801927522
55,blocks.7.attn.c_q.weight.buf,1048576,1049401,RAW,0.021466707985382527
55,blocks.7.attn.c_k.weight.buf,1048576,1049401,RAW,0.020538499986287206
55,blocks.7.attn.c_v.weight.buf,1048576,1049401,RAW,0.03807754200533964
55,blocks.7.attn.c_proj.weight.buf,1048576,1049401,RAW,0.020500499987974763
55,blocks.7.attn.ve_gate.weight.buf,512,1022,RAW,1.329201040789485e-05
55,blocks.7.mlp.c_fc.weight.buf,4194304,4196389,RAW,0.10123616698547266
55,blocks.7.mlp.c_proj.weight.buf,4194304,4195129,RAW,0.11961212498135865
55,lm_head.weight.m,67108864,67136149,RAW,1.6460808330157306
55,lm_head.weight.v,67108864,67136149,RAW,1.6558292920235544
55,resid_lambdas.m,32,32,RAW_VECTOR,6.624992238357663e-06
55,resid_lambdas.v,32,32,RAW_VECTOR,1.7499842215329409e-06
55,x0_lambdas.m,32,32,RAW_VECTOR,1.166015863418579e-06
55,x0_lambdas.v,32,32,RAW_VECTOR,3.3300602808594704e-07
55,value_embeds.1.weight.m,67108864,66704541,GRAMMAR,1.3465217920020223
55,value_embeds.1.weight.v,67108864,66704369,GRAMMAR,1.2571949159901123
55,value_embeds.3.weight.m,67108864,66704585,GRAMMAR,1.2962118749856018
55,value_embeds.3.weight.v,67108864,66704421,GRAMMAR,1.3038391660084017
55,value_embeds.5.weight.m,67108864,66704537,GRAMMAR,1.277106667024782
55,value_embeds.5.weight.v,67108864,66704437,GRAMMAR,1.2931895829970017
55,value_embeds.7.weight.m,67108864,66704569,GRAMMAR,1.2920977500034496
55,value_embeds.7.weight.v,67108864,66704485,GRAMMAR,1.3158982500026468
56,wte.weight.m,67108864,66820317,GRAMMAR,1.2853297499823384
56,wte.weight.v,67108864,66820189,GRAMMAR,1.2889687499846332
56,blocks.0.attn.c_q.weight.buf,1048576,1049401,RAW,0.02140812500147149
56,blocks.0.attn.c_k.weight.buf,1048576,1049401,RAW,0.021951582981273532
56,blocks.0.attn.c_v.weight.buf,1048576,1049401,RAW,0.020485374989220873
56,blocks.0.attn.c_proj.weight.buf,1048576,1049401,RAW,0.019852999976137653
56,blocks.0.mlp.c_fc.weight.buf,4194304,4196389,RAW,0.10004379198653623
56,blocks.0.mlp.c_proj.weight.buf,4194304,4195129,RAW,0.10724100001971237
56,blocks.1.attn.c_q.weight.buf,1048576,1049401,RAW,0.02028066699858755
56,blocks.1.attn.c_k.weight.buf,1048576,1049401,RAW,0.03786091599613428
56,blocks.1.attn.c_v.weight.buf,1048576,1049401,RAW,0.02056591701693833
56,blocks.1.attn.c_proj.weight.buf,1048576,1049401,RAW,0.0202164159854874
56,blocks.1.attn.ve_gate.weight.buf,512,1022,RAW,1.2125005014240742e-05
56,blocks.1.mlp.c_fc.weight.buf,4194304,4196389,RAW,0.11526058401796035
56,blocks.1.mlp.c_proj.weight.buf,4194304,4195129,RAW,0.1063557080051396
56,blocks.2.attn.c_q.weight.buf,1048576,1049401,RAW,0.020377000008011237
56,blocks.2.attn.c_k.weight.buf,1048576,1049401,RAW,0.037361166992923245
56,blocks.2.attn.c_v.weight.buf,1048576,1049401,RAW,0.020491416013101116
56,blocks.2.attn.c_proj.weight.buf,1048576,1049401,RAW,0.020368792000226676
56,blocks.2.mlp.c_fc.weight.buf,4194304,4196389,RAW,0.11521695798728615
56,blocks.2.mlp.c_proj.weight.buf,4194304,4195129,RAW,0.13089929200941697
56,blocks.3.attn.c_q.weight.buf,1048576,1049401,RAW,0.02033441700041294
56,blocks.3.attn.c_k.weight.buf,1048576,1049401,RAW,0.03708212499623187
56,blocks.3.attn.c_v.weight.buf,1048576,1049401,RAW,0.021439958014525473
56,blocks.3.attn.c_proj.weight.buf,1048576,1049401,RAW,0.020588999992469326
56,blocks.3.attn.ve_gate.weight.buf,512,1022,RAW,1.3540993677452207e-05
56,blocks.3.mlp.c_fc.weight.buf,4194304,4196389,RAW,0.11576545800198801
56,blocks.3.mlp.c_proj.weight.buf,4194304,4195129,RAW,0.11368558302638121
56,blocks.4.attn.c_q.weight.buf,1048576,1049401,RAW,0.020453125005587935
56,blocks.4.attn.c_k.weight.buf,1048576,1049401,RAW,0.03772295801900327
56,blocks.4.attn.c_v.weight.buf,1048576,1049401,RAW,0.02038020800682716
56,blocks.4.attn.c_proj.weight.buf,1048576,1049401,RAW,0.020555958995828405
56,blocks.4.mlp.c_fc.weight.buf,4194304,4196389,RAW,0.10172837501158938
56,blocks.4.mlp.c_proj.weight.buf,4194304,4195129,RAW,0.10414416700950824
56,blocks.5.attn.c_q.weight.buf,1048576,1049401,RAW,0.020238833007169887
56,blocks.5.attn.c_k.weight.buf,1048576,1049401,RAW,0.0364557079738006
56,blocks.5.attn.c_v.weight.buf,1048576,1049401,RAW,0.020477542013395578
56,blocks.5.attn.c_proj.weight.buf,1048576,1049401,RAW,0.019962209014920518
56,blocks.5.attn.ve_gate.weight.buf,512,1022,RAW,2.7542002499103546e-05
56,blocks.5.mlp.c_fc.weight.buf,4194304,4196389,RAW,0.11584870802471414
56,blocks.5.mlp.c_proj.weight.buf,4194304,4195129,RAW,0.11979054097901098
56,blocks.6.attn.c_q.weight.buf,1048576,1049401,RAW,0.020086957985768095
56,blocks.6.attn.c_k.weight.buf,1048576,1049401,RAW,0.020069084013812244
56,blocks.6.attn.c_v.weight.buf,1048576,1049401,RAW,0.021872707991860807
56,blocks.6.attn.c_proj.weight.buf,1048576,1049401,RAW,0.022139416978461668
56,blocks.6.mlp.c_fc.weight.buf,4194304,4196389,RAW,0.10234908401616849
56,blocks.6.mlp.c_proj.weight.buf,4194304,4195129,RAW,0.11137479200260714
56,blocks.7.attn.c_q.weight.buf,1048576,1049401,RAW,0.020682834001490846
56,blocks.7.attn.c_k.weight.buf,1048576,1049401,RAW,0.02021799999056384
56,blocks.7.attn.c_v.weight.buf,1048576,1049401,RAW,0.02122245798818767
56,blocks.7.attn.c_proj.weight.buf,1048576,1049401,RAW,0.020407166972290725
56,blocks.7.attn.ve_gate.weight.buf,512,1022,RAW,1.3250013580545783e-05
56,blocks.7.mlp.c_fc.weight.buf,4194304,4196389,RAW,0.10702299998956732
56,blocks.7.mlp.c_proj.weight.buf,4194304,4195129,RAW,0.15669462500954978
56,lm_head.weight.m,67108864,67136149,RAW,1.7513058340118732
56,lm_head.weight.v,67108864,67136149,RAW,1.7619236249884125
56,resid_lambdas.m,32,32,RAW_VECTOR,6.875023245811462e-06
56,resid_lambdas.v,32,32,RAW_VECTOR,5.830079317092896e-07
56,x0_lambdas.m,32,32,RAW_VECTOR,1.0840012691915035e-06
56,x0_lambdas.v,32,32,RAW_VECTOR,4.169996827840805e-07
56,value_embeds.1.weight.m,67108864,66739861,GRAMMAR,1.3470062499982305
56,value_embeds.1.weight.v,67108864,66739705,GRAMMAR,1.2601837920083199
56,value_embeds.3.weight.m,67108864,66739901,GRAMMAR,1.3334715829987545
56,value_embeds.3.weight.v,67108864,66739765,GRAMMAR,1.3145093749917578
56,value_embeds.5.weight.m,67108864,66739865,GRAMMAR,1.3791897920018528
56,value_embeds.5.weight.v,67108864,66739749,GRAMMAR,1.2920308750180993
56,value_embeds.7.weight.m,67108864,66739897,GRAMMAR,1.3132590420136694
56,value_embeds.7.weight.v,67108864,66739797,GRAMMAR,1.3078765419777483
57,wte.weight.m,67108864,66859993,GRAMMAR,1.3199370840156917
57,wte.weight.v,67108864,66859861,GRAMMAR,1.2739936249854509
57,blocks.0.attn.c_q.weight.buf,1048576,1049401,RAW,0.020231957983924076
57,blocks.0.attn.c_k.weight.buf,1048576,1049401,RAW,0.03831149998586625
57,blocks.0.attn.c_v.weight.buf,1048576,1049401,RAW,0.01996433301246725
57,blocks.0.attn.c_proj.weight.buf,1048576,1049401,RAW,0.020195291988784447
57,blocks.0.mlp.c_fc.weight.buf,4194304,4196389,RAW,0.11489483300829306
57,blocks.0.mlp.c_proj.weight.buf,4194304,4195129,RAW,0.10167833301238716
57,blocks.1.attn.c_q.weight.buf,1048576,1049401,RAW,0.01999616701505147
57,blocks.1.attn.c_k.weight.buf,1048576,1049401,RAW,0.03647391698905267
57,blocks.1.attn.c_v.weight.buf,1048576,1049401,RAW,0.019931374990846962
57,blocks.1.attn.c_proj.weight.buf,1048576,1049401,RAW,0.019796416978351772
57,blocks.1.attn.ve_gate.weight.buf,512,1022,RAW,4.0000013541430235e-05
57,blocks.1.mlp.c_fc.weight.buf,4194304,4196389,RAW,0.09683487500296906
57,blocks.1.mlp.c_proj.weight.buf,4194304,4195129,RAW,0.10953454198897816
57,blocks.2.attn.c_q.weight.buf,1048576,1049401,RAW,0.020218457997543737
57,blocks.2.attn.c_k.weight.buf,1048576,1049401,RAW,0.01940737501718104
57,blocks.2.attn.c_v.weight.buf,1048576,1049401,RAW,0.03719487501075491
57,blocks.2.attn.c_proj.weight.buf,1048576,1049401,RAW,0.019892082986189052
57,blocks.2.mlp.c_fc.weight.buf,4194304,4196389,RAW,0.09794391700415872
57,blocks.2.mlp.c_proj.weight.buf,4194304,4195129,RAW,0.13557683301041834
57,blocks.3.attn.c_q.weight.buf,1048576,1049401,RAW,0.020577540999511257
57,blocks.3.attn.c_k.weight.buf,1048576,1049401,RAW,0.019677875010529533
57,blocks.3.attn.c_v.weight.buf,1048576,1049401,RAW,0.03645366700948216
57,blocks.3.attn.c_proj.weight.buf,1048576,1049401,RAW,0.020357957982923836
57,blocks.3.attn.ve_gate.weight.buf,512,1022,RAW,2.6708003133535385e-05
57,blocks.3.mlp.c_fc.weight.buf,4194304,4196389,RAW,0.10286675000679679
57,blocks.3.mlp.c_proj.weight.buf,4194304,4195129,RAW,0.1540982080041431
57,blocks.4.attn.c_q.weight.buf,1048576,1049401,RAW,0.02199820798705332
57,blocks.4.attn.c_k.weight.buf,1048576,1049401,RAW,0.04172279199701734
57,blocks.4.attn.c_v.weight.buf,1048576,1049401,RAW,0.022188750008353963
57,blocks.4.attn.c_proj.weight.buf,1048576,1049401,RAW,0.021466834004968405
57,blocks.4.mlp.c_fc.weight.buf,4194304,4196389,RAW,0.1256547499797307
57,blocks.4.mlp.c_proj.weight.buf,4194304,4195129,RAW,0.11123079198296182
57,blocks.5.attn.c_q.weight.buf,1048576,1049401,RAW,0.02035479201003909
57,blocks.5.attn.c_k.weight.buf,1048576,1049401,RAW,0.037917832989478484
57,blocks.5.attn.c_v.weight.buf,1048576,1049401,RAW,0.02108104099170305
57,blocks.5.attn.c_proj.weight.buf,1048576,1049401,RAW,0.02101729199057445
57,blocks.5.attn.ve_gate.weight.buf,512,1022,RAW,1.329201040789485e-05
57,blocks.5.mlp.c_fc.weight.buf,4194304,4196389,RAW,0.11873212497448549
57,blocks.5.mlp.c_proj.weight.buf,4194304,4195129,RAW,0.12770537499454804
57,blocks.6.attn.c_q.weight.buf,1048576,1049401,RAW,0.020632791973184794
57,blocks.6.attn.c_k.weight.buf,1048576,1049401,RAW,0.03792570799123496
57,blocks.6.attn.c_v.weight.buf,1048576,1049401,RAW,0.021031541982665658
57,blocks.6.attn.c_proj.weight.buf,1048576,1049401,RAW,0.020968625001842156
57,blocks.6.mlp.c_fc.weight.buf,4194304,4196389,RAW,0.11889583300217055
57,blocks.6.mlp.c_proj.weight.buf,4194304,4195129,RAW,0.1099722090002615
57,blocks.7.attn.c_q.weight.buf,1048576,1049401,RAW,0.02098829101305455
57,blocks.7.attn.c_k.weight.buf,1048576,1049401,RAW,0.03922895799041726
57,blocks.7.attn.c_v.weight.buf,1048576,1049401,RAW,0.02071579100447707
57,blocks.7.attn.c_proj.weight.buf,1048576,1049401,RAW,0.0207503339916002
57,blocks.7.attn.ve_gate.weight.buf,512,1022,RAW,2.0917010260745883e-05
57,blocks.7.mlp.c_fc.weight.buf,4194304,4196389,RAW,0.10591275000479072
57,blocks.7.mlp.c_proj.weight.buf,4194304,4195129,RAW,0.11261637500138022
57,lm_head.weight.m,67108864,67136149,RAW,1.6539984169939999
57,lm_head.weight.v,67108864,67136149,RAW,1.6423542090051342
57,resid_lambdas.m,32,32,RAW_VECTOR,7.332972018048167e-06
57,resid_lambdas.v,32,32,RAW_VECTOR,6.250047590583563e-07
57,x0_lambdas.m,32,32,RAW_VECTOR,9.999785106629133e-07
57,x0_lambdas.v,32,32,RAW_VECTOR,4.169996827840805e-07
57,value_embeds.1.weight.m,67108864,66787677,GRAMMAR,1.2871374159876723
57,value_embeds.1.weight.v,67108864,66787537,GRAMMAR,1.3069016249792185
57,value_embeds.3.weight.m,67108864,66787749,GRAMMAR,1.300602290983079
57,value_embeds.3.weight.v,67108864,66787585,GRAMMAR,1.3070337499957532
57,value_embeds.5.weight.m,67108864,66787693,GRAMMAR,1.3156907499942463
57,value_embeds.5.weight.v,67108864,66787565,GRAMMAR,1.2578269579971675
57,value_embeds.7.weight.m,67108864,66787737,GRAMMAR,1.3150227080041077
57,value_embeds.7.weight.v,67108864,66787633,GRAMMAR,1.2505949169863015
58,wte.weight.m,67108864,66936497,GRAMMAR,1.3134109170059673
58,wte.weight.v,67108864,66936433,GRAMMAR,1.2700300419819541
58,blocks.0.attn.c_q.weight.buf,1048576,1049401,RAW,0.03736070802551694
58,blocks.0.attn.c_k.weight.buf,1048576,1049401,RAW,0.01956454198807478
58,blocks.0.attn.c_v.weight.buf,1048576,1049401,RAW,0.01970487498329021
58,blocks.0.attn.c_proj.weight.buf,1048576,1049401,RAW,0.0362651250034105
58,blocks.0.mlp.c_fc.weight.buf,4194304,4196389,RAW,0.09671658300794661
58,blocks.0.mlp.c_proj.weight.buf,4194304,4195129,RAW,0.10332637498504482
58,blocks.1.attn.c_q.weight.buf,1048576,1049401,RAW,0.04119212500518188
58,blocks.1.attn.c_k.weight.buf,1048576,1049401,RAW,0.02173283399315551
58,blocks.1.attn.c_v.weight.buf,1048576,1049401,RAW,0.021490250015631318
58,blocks.1.attn.c_proj.weight.buf,1048576,1049401,RAW,0.04183029101113789
58,blocks.1.attn.ve_gate.weight.buf,512,1022,RAW,2.6458001229912043e-05
58,blocks.1.mlp.c_fc.weight.buf,4194304,4196389,RAW,0.12645495901233517
58,blocks.1.mlp.c_proj.weight.buf,4194304,4195129,RAW,0.15598512499127537
58,blocks.2.attn.c_q.weight.buf,1048576,1049401,RAW,0.02288920897990465
58,blocks.2.attn.c_k.weight.buf,1048576,1049401,RAW,0.022178250015713274
58,blocks.2.attn.c_v.weight.buf,1048576,1049401,RAW,0.042306541989091784
58,blocks.2.attn.c_proj.weight.buf,1048576,1049401,RAW,0.021065292006824166
58,blocks.2.mlp.c_fc.weight.buf,4194304,4196389,RAW,0.10158691700780764
58,blocks.2.mlp.c_proj.weight.buf,4194304,4195129,RAW,0.129480000003241
58,blocks.3.attn.c_q.weight.buf,1048576,1049401,RAW,0.02049220897606574
58,blocks.3.attn.c_k.weight.buf,1048576,1049401,RAW,0.019938832992920652
58,blocks.3.attn.c_v.weight.buf,1048576,1049401,RAW,0.03787745800218545
58,blocks.3.attn.c_proj.weight.buf,1048576,1049401,RAW,0.020440333988517523
58,blocks.3.attn.ve_gate.weight.buf,512,1022,RAW,1.4374993043020368e-05
58,blocks.3.mlp.c_fc.weight.buf,4194304,4196389,RAW,0.10698725000838749
58,blocks.3.mlp.c_proj.weight.buf,4194304,4195129,RAW,0.12303808398428373
58,blocks.4.attn.c_q.weight.buf,1048576,1049401,RAW,0.02090929201222025
58,blocks.4.attn.c_k.weight.buf,1048576,1049401,RAW,0.03943850001087412
58,blocks.4.attn.c_v.weight.buf,1048576,1049401,RAW,0.02102166597614996
58,blocks.4.attn.c_proj.weight.buf,1048576,1049401,RAW,0.02133429198875092
58,blocks.4.mlp.c_fc.weight.buf,4194304,4196389,RAW,0.13633191600092687
58,blocks.4.mlp.c_proj.weight.buf,4194304,4195129,RAW,0.11404583300463855
58,blocks.5.attn.c_q.weight.buf,1048576,1049401,RAW,0.020238666998920962
58,blocks.5.attn.c_k.weight.buf,1048576,1049401,RAW,0.04030579200480133
58,blocks.5.attn.c_v.weight.buf,1048576,1049401,RAW,0.021126708015799522
58,blocks.5.attn.c_proj.weight.buf,1048576,1049401,RAW,0.020984625007258728
58,blocks.5.attn.ve_gate.weight.buf,512,1022,RAW,1.879199407994747e-05
58,blocks.5.mlp.c_fc.weight.buf,4194304,4196389,RAW,0.11923704197397456
58,blocks.5.mlp.c_proj.weight.buf,4194304,4195129,RAW,0.10878733301069587
58,blocks.6.attn.c_q.weight.buf,1048576,1049401,RAW,0.02079316700110212
58,blocks.6.attn.c_k.weight.buf,1048576,1049401,RAW,0.03787933400599286
58,blocks.6.attn.c_v.weight.buf,1048576,1049401,RAW,0.02055374998599291
58,blocks.6.attn.c_proj.weight.buf,1048576,1049401,RAW,0.020578416995704174
58,blocks.6.mlp.c_fc.weight.buf,4194304,4196389,RAW,0.10305833298480138
58,blocks.6.mlp.c_proj.weight.buf,4194304,4195129,RAW,0.10751608299324289
58,blocks.7.attn.c_q.weight.buf,1048576,1049401,RAW,0.0200089999998454
58,blocks.7.attn.c_k.weight.buf,1048576,1049401,RAW,0.03682087498600595
58,blocks.7.attn.c_v.weight.buf,1048576,1049401,RAW,0.020392042002640665
58,blocks.7.attn.c_proj.weight.buf,1048576,1049401,RAW,0.02006791700841859
58,blocks.7.attn.ve_gate.weight.buf,512,1022,RAW,2.549999044276774e-05
58,blocks.7.mlp.c_fc.weight.buf,4194304,4196389,RAW,0.12994608300505206
58,blocks.7.mlp.c_proj.weight.buf,4194304,4195129,RAW,0.10566495900275186
58,lm_head.weight.m,67108864,67136149,RAW,1.6756072500138544
58,lm_head.weight.v,67108864,67136149,RAW,1.680794165993575
58,resid_lambdas.m,32,32,RAW_VECTOR,1.1374999303370714e-05
58,resid_lambdas.v,32,32,RAW_VECTOR,1.8750142771750689e-06
58,x0_lambdas.m,32,32,RAW_VECTOR,1.00000761449337e-06
58,x0_lambdas.v,32,32,RAW_VECTOR,3.7500285543501377e-07
58,value_embeds.1.weight.m,67108864,66849009,GRAMMAR,1.3460970409796573
58,value_embeds.1.weight.v,67108864,66848873,GRAMMAR,1.2995163340237923
58,value_embeds.3.weight.m,67108864,66849065,GRAMMAR,1.3412001670221798
58,value_embeds.3.weight.v,67108864,66848905,GRAMMAR,1.3199126250110567
58,value_embeds.5.weight.m,67108864,66849029,GRAMMAR,1.3169017079926562
58,value_embeds.5.weight.v,67108864,66848929,GRAMMAR,1.3155437080131378
58,value_embeds.7.weight.m,67108864,66849085,GRAMMAR,1.2983600000152364
58,value_embeds.7.weight.v,67108864,66848985,GRAMMAR,1.3485159999981988
59,wte.weight.m,67108864,66966541,GRAMMAR,1.2910036670218688
59,wte.weight.v,67108864,66966469,GRAMMAR,1.3079470839875285
59,blocks.0.attn.c_q.weight.buf,1048576,1049401,RAW,0.03726179100340232
59,blocks.0.attn.c_k.weight.buf,1048576,1049401,RAW,0.020141332992352545
59,blocks.0.attn.c_v.weight.buf,1048576,1049401,RAW,0.02008204101002775
59,blocks.0.attn.c_proj.weight.buf,1048576,1049401,RAW,0.03738808399066329
59,blocks.0.mlp.c_fc.weight.buf,4194304,4196389,RAW,0.09875112501322292
59,blocks.0.mlp.c_proj.weight.buf,4194304,4195129,RAW,0.10718808299861848
59,blocks.1.attn.c_q.weight.buf,1048576,1049401,RAW,0.03700299997581169
59,blocks.1.attn.c_k.weight.buf,1048576,1049401,RAW,0.020177916972897947
59,blocks.1.attn.c_v.weight.buf,1048576,1049401,RAW,0.019987250008853152
59,blocks.1.attn.c_proj.weight.buf,1048576,1049401,RAW,0.03693749997182749
59,blocks.1.attn.ve_gate.weight.buf,512,1022,RAW,5.062500713393092e-05
59,blocks.1.mlp.c_fc.weight.buf,4194304,4196389,RAW,0.10797725000884384
59,blocks.1.mlp.c_proj.weight.buf,4194304,4195129,RAW,0.11352158299996518
59,blocks.2.attn.c_q.weight.buf,1048576,1049401,RAW,0.037819124991074204
59,blocks.2.attn.c_k.weight.buf,1048576,1049401,RAW,0.020250083995051682
59,blocks.2.attn.c_v.weight.buf,1048576,1049401,RAW,0.02054250001674518
59,blocks.2.attn.c_proj.weight.buf,1048576,1049401,RAW,0.03992633300367743
59,blocks.2.mlp.c_fc.weight.buf,4194304,4196389,RAW,0.11578591598663479
59,blocks.2.mlp.c_proj.weight.buf,4194304,4195129,RAW,0.10663562497938983
59,blocks.3.attn.c_q.weight.buf,1048576,1049401,RAW,0.03789599999436177
59,blocks.3.attn.c_k.weight.buf,1048576,1049401,RAW,0.020575208007358015
59,blocks.3.attn.c_v.weight.buf,1048576,1049401,RAW,0.02036208301433362
59,blocks.3.attn.c_proj.weight.buf,1048576,1049401,RAW,0.037664332980057225
59,blocks.3.attn.ve_gate.weight.buf,512,1022,RAW,1.9208993762731552e-05
59,blocks.3.mlp.c_fc.weight.buf,4194304,4196389,RAW,0.09807333297794685
59,blocks.3.mlp.c_proj.weight.buf,4194304,4195129,RAW,0.1020416249812115
59,blocks.4.attn.c_q.weight.buf,1048576,1049401,RAW,0.03603850002400577
59,blocks.4.attn.c_k.weight.buf,1048576,1049401,RAW,0.020819833007408306
59,blocks.4.attn.c_v.weight.buf,1048576,1049401,RAW,0.02003029198385775
59,blocks.4.attn.c_proj.weight.buf,1048576,1049401,RAW,0.035092500009341165
59,blocks.4.mlp.c_fc.weight.buf,4194304,4196389,RAW,0.09771050000563264
59,blocks.4.mlp.c_proj.weight.buf,4194304,4195129,RAW,0.10390358400763944
59,blocks.5.attn.c_q.weight.buf,1048576,1049401,RAW,0.019788958015851676
59,blocks.5.attn.c_k.weight.buf,1048576,1049401,RAW,0.03708904099767096
59,blocks.5.attn.c_v.weight.buf,1048576,1049401,RAW,0.020100749999983236
59,blocks.5.attn.c_proj.weight.buf,1048576,1049401,RAW,0.019962833990575746
59,blocks.5.attn.ve_gate.weight.buf,512,1022,RAW,3.5083998227491975e-05
59,blocks.5.mlp.c_fc.weight.buf,4194304,4196389,RAW,0.11475850001443177
59,blocks.5.mlp.c_proj.weight.buf,4194304,4195129,RAW,0.1029793749912642
59,blocks.6.attn.c_q.weight.buf,1048576,1049401,RAW,0.020010417007142678
59,blocks.6.attn.c_k.weight.buf,1048576,1049401,RAW,0.03682266699615866
59,blocks.6.attn.c_v.weight.buf,1048576,1049401,RAW,0.020894624991342425
59,blocks.6.attn.c_proj.weight.buf,1048576,1049401,RAW,0.020349708996945992
59,blocks.6.mlp.c_fc.weight.buf,4194304,4196389,RAW,0.10562849999405444
59,blocks.6.mlp.c_proj.weight.buf,4194304,4195129,RAW,0.15128812502371147
59,blocks.7.attn.c_q.weight.buf,1048576,1049401,RAW,0.025383667001733556
59,blocks.7.attn.c_k.weight.buf,1048576,1049401,RAW,0.04234191699652001
59,blocks.7.attn.c_v.weight.buf,1048576,1049401,RAW,0.021963875013170764
59,blocks.7.attn.c_proj.weight.buf,1048576,1049401,RAW,0.02209395801764913
59,blocks.7.attn.ve_gate.weight.buf,512,1022,RAW,3.487497451715171e-05
59,blocks.7.mlp.c_fc.weight.buf,4194304,4196389,RAW,0.12765070801833645
59,blocks.7.mlp.c_proj.weight.buf,4194304,4195129,RAW,0.10859958300716244
59,lm_head.weight.m,67108864,67136149,RAW,1.6592941659910139
59,lm_head.weight.v,67108864,67136149,RAW,1.6809387919784058
59,resid_lambdas.m,32,32,RAW_VECTOR,8.25000461190939e-06
59,resid_lambdas.v,32,32,RAW_VECTOR,4.580069798976183e-07
59,x0_lambdas.m,32,32,RAW_VECTOR,9.579816833138466e-07
59,x0_lambdas.v,32,32,RAW_VECTOR,5.00003807246685e-07
59,value_embeds.1.weight.m,67108864,66913797,GRAMMAR,1.3340266669983976
59,value_embeds.1.weight.v,67108864,66913641,GRAMMAR,1.293469708005432
59,value_embeds.3.weight.m,67108864,66913785,GRAMMAR,1.3431223329971544
59,value_embeds.3.weight.v,67108864,66913701,GRAMMAR,1.2828600840002764
59,value_embeds.5.weight.m,67108864,66913769,GRAMMAR,1.3537850830180105
59,value_embeds.5.weight.v,67108864,66913661,GRAMMAR,1.2949632090167142
59,value_embeds.7.weight.m,67108864,66913805,GRAMMAR,1.363454999984242
59,value_embeds.7.weight.v,67108864,66913729,GRAMMAR,1.3090504999854602
60,wte.weight.m,67108864,66983889,GRAMMAR,1.3396097079967149
60,wte.weight.v,67108864,66983829,GRAMMAR,1.2937404999975115
60,blocks.0.attn.c_q.weight.buf,1048576,1049401,RAW,0.02076454198686406
60,blocks.0.attn.c_k.weight.buf,1048576,1049401,RAW,0.01968283299356699
60,blocks.0.attn.c_v.weight.buf,1048576,1049401,RAW,0.03607620799448341
60,blocks.0.attn.c_proj.weight.buf,1048576,1049401,RAW,0.03635483401012607
60,blocks.0.mlp.c_fc.weight.buf,4194304,4196389,RAW,0.09556024998892099
60,blocks.0.mlp.c_proj.weight.buf,4194304,4195129,RAW,0.10512599998037331
60,blocks.1.attn.c_q.weight.buf,1048576,1049401,RAW,0.039293875015573576
60,blocks.1.attn.c_k.weight.buf,1048576,1049401,RAW,0.020200416998704895
60,blocks.1.attn.c_v.weight.buf,1048576,1049401,RAW,0.020230624999385327
60,blocks.1.attn.c_proj.weight.buf,1048576,1049401,RAW,0.0370952500088606
60,blocks.1.attn.ve_gate.weight.buf,512,1022,RAW,2.1832995116710663e-05
60,blocks.1.mlp.c_fc.weight.buf,4194304,4196389,RAW,0.096740500011947
60,blocks.1.mlp.c_proj.weight.buf,4194304,4195129,RAW,0.10489845799747854
60,blocks.2.attn.c_q.weight.buf,1048576,1049401,RAW,0.03662279201671481
60,blocks.2.attn.c_k.weight.buf,1048576,1049401,RAW,0.020503124978858978
60,blocks.2.attn.c_v.weight.buf,1048576,1049401,RAW,0.020075042004464194
60,blocks.2.attn.c_proj.weight.buf,1048576,1049401,RAW,0.03631141598452814
60,blocks.2.mlp.c_fc.weight.buf,4194304,4196389,RAW,0.09830375001183711
60,blocks.2.mlp.c_proj.weight.buf,4194304,4195129,RAW,0.13011583298793994
60,blocks.3.attn.c_q.weight.buf,1048576,1049401,RAW,0.042416792013682425
60,blocks.3.attn.c_k.weight.buf,1048576,1049401,RAW,0.021779292001156136
60,blocks.3.attn.c_v.weight.buf,1048576,1049401,RAW,0.022613415989326313
60,blocks.3.attn.c_proj.weight.buf,1048576,1049401,RAW,0.0642640829901211
60,blocks.3.attn.ve_gate.weight.buf,512,1022,RAW,0.00010108298738487065
60,blocks.3.mlp.c_fc.weight.buf,4194304,4196389,RAW,0.1078767919971142
60,blocks.3.mlp.c_proj.weight.buf,4194304,4195129,RAW,0.16090404201531783
60,blocks.4.attn.c_q.weight.buf,1048576,1049401,RAW,0.020492958021350205
60,blocks.4.attn.c_k.weight.buf,1048576,1049401,RAW,0.020946499978890643
60,blocks.4.attn.c_v.weight.buf,1048576,1049401,RAW,0.039693124999757856
60,blocks.4.attn.c_proj.weight.buf,1048576,1049401,RAW,0.02031291602179408
60,blocks.4.mlp.c_fc.weight.buf,4194304,4196389,RAW,0.0990673339983914
60,blocks.4.mlp.c_proj.weight.buf,4194304,4195129,RAW,0.12633270901278593
60,blocks.5.attn.c_q.weight.buf,1048576,1049401,RAW,0.020886250014882535
60,blocks.5.attn.c_k.weight.buf,1048576,1049401,RAW,0.020919582981150597
60,blocks.5.attn.c_v.weight.buf,1048576,1049401,RAW,0.0395087499928195
60,blocks.5.attn.c_proj.weight.buf,1048576,1049401,RAW,0.02057441699435003
60,blocks.5.attn.ve_gate.weight.buf,512,1022,RAW,2.3250002413988113e-05
60,blocks.5.mlp.c_fc.weight.buf,4194304,4196389,RAW,0.10182562499539927
60,blocks.5.mlp.c_proj.weight.buf,4194304,4195129,RAW,0.13192187499953434
60,blocks.6.attn.c_q.weight.buf,1048576,1049401,RAW,0.03759299998637289
60,blocks.6.attn.c_k.weight.buf,1048576,1049401,RAW,0.02081966699915938
60,blocks.6.attn.c_v.weight.buf,1048576,1049401,RAW,0.038096832984592766
60,blocks.6.attn.c_proj.weight.buf,1048576,1049401,RAW,0.020627624995540828
60,blocks.6.mlp.c_fc.weight.buf,4194304,4196389,RAW,0.1015822910121642
60,blocks.6.mlp.c_proj.weight.buf,4194304,4195129,RAW,0.12535054198815487
60,blocks.7.attn.c_q.weight.buf,1048576,1049401,RAW,0.02142708402243443
60,blocks.7.attn.c_k.weight.buf,1048576,1049401,RAW,0.020216416014591232
60,blocks.7.attn.c_v.weight.buf,1048576,1049401,RAW,0.0367931250075344
60,blocks.7.attn.c_proj.weight.buf,1048576,1049401,RAW,0.02139599999645725
60,blocks.7.attn.ve_gate.weight.buf,512,1022,RAW,1.4499993994832039e-05
60,blocks.7.mlp.c_fc.weight.buf,4194304,4196389,RAW,0.10021450000931509
60,blocks.7.mlp.c_proj.weight.buf,4194304,4195129,RAW,0.10953874999540858
60,lm_head.weight.m,67108864,67136149,RAW,1.6675095420214348
60,lm_head.weight.v,67108864,67136149,RAW,1.663810124999145
60,resid_lambdas.m,32,32,RAW_VECTOR,7.124996045604348e-06
60,resid_lambdas.v,32,32,RAW_VECTOR,6.250047590583563e-07
60,x0_lambdas.m,32,32,RAW_VECTOR,1.3750104699283838e-06
60,x0_lambdas.v,32,32,RAW_VECTOR,1.4590041246265173e-06
60,value_embeds.1.weight.m,67108864,66921085,GRAMMAR,1.3169037920015398
60,value_embeds.1.weight.v,67108864,66920917,GRAMMAR,1.3136618330026977
60,value_embeds.3.weight.m,67108864,66921085,GRAMMAR,1.311938792001456
60,value_embeds.3.weight.v,67108864,66920961,GRAMMAR,1.3346181660017464
60,value_embeds.5.weight.m,67108864,66921061,GRAMMAR,1.3100904999882914
60,value_embeds.5.weight.v,67108864,66920949,GRAMMAR,1.3166621249984019
60,value_embeds.7.weight.m,67108864,66921097,GRAMMAR,1.3401806250039954
60,value_embeds.7.weight.v,67108864,66921033,GRAMMAR,1.2868965000088792
61,wte.weight.m,67108864,67037165,GRAMMAR,1.3331222080159932
61,wte.weight.v,67108864,67037149,GRAMMAR,1.279084417008562
61,blocks.0.attn.c_q.weight.buf,1048576,1049401,RAW,0.04142387499450706
61,blocks.0.attn.c_k.weight.buf,1048576,1049401,RAW,0.02146712501416914
61,blocks.0.attn.c_v.weight.buf,1048576,1049401,RAW,0.021213458006968722
61,blocks.0.attn.c_proj.weight.buf,1048576,1049401,RAW,0.041409249999560416
61,blocks.0.mlp.c_fc.weight.buf,4194304,4196389,RAW,0.10336916599771939
61,blocks.0.mlp.c_proj.weight.buf,4194304,4195129,RAW,0.10790054200333543
61,blocks.1.attn.c_q.weight.buf,1048576,1049401,RAW,0.03689291700720787
61,blocks.1.attn.c_k.weight.buf,1048576,1049401,RAW,0.03716295899357647
61,blocks.1.attn.c_v.weight.buf,1048576,1049401,RAW,0.020327459002146497
61,blocks.1.attn.c_proj.weight.buf,1048576,1049401,RAW,0.040650000009918585
61,blocks.1.attn.ve_gate.weight.buf,512,1022,RAW,5.0583999836817384e-05
61,blocks.1.mlp.c_fc.weight.buf,4194304,4196389,RAW,0.10566925001330674
61,blocks.1.mlp.c_proj.weight.buf,4194304,4195129,RAW,0.14016458397964016
61,blocks.2.attn.c_q.weight.buf,1048576,1049401,RAW,0.020992708014091477
61,blocks.2.attn.c_k.weight.buf,1048576,1049401,RAW,0.02044820800074376
61,blocks.2.attn.c_v.weight.buf,1048576,1049401,RAW,0.03799341700505465
61,blocks.2.attn.c_proj.weight.buf,1048576,1049401,RAW,0.021097374992677942
61,blocks.2.mlp.c_fc.weight.buf,4194304,4196389,RAW,0.09933766699396074
61,blocks.2.mlp.c_proj.weight.buf,4194304,4195129,RAW,0.1227552090131212
61,blocks.3.attn.c_q.weight.buf,1048576,1049401,RAW,0.021200250019319355
61,blocks.3.attn.c_k.weight.buf,1048576,1049401,RAW,0.02094191699870862
61,blocks.3.attn.c_v.weight.buf,1048576,1049401,RAW,0.037673709011869505
61,blocks.3.attn.c_proj.weight.buf,1048576,1049401,RAW,0.02100004200474359
61,blocks.3.attn.ve_gate.weight.buf,512,1022,RAW,1.4666991773992777e-05
61,blocks.3.mlp.c_fc.weight.buf,4194304,4196389,RAW,0.10408358401036821
61,blocks.3.mlp.c_proj.weight.buf,4194304,4195129,RAW,0.14186674999655224
61,blocks.4.attn.c_q.weight.buf,1048576,1049401,RAW,0.021091375005198643
61,blocks.4.attn.c_k.weight.buf,1048576,1049401,RAW,0.02043087501078844
61,blocks.4.attn.c_v.weight.buf,1048576,1049401,RAW,0.037610999977914616
61,blocks.4.attn.c_proj.weight.buf,1048576,1049401,RAW,0.020757292018970475
61,blocks.4.mlp.c_fc.weight.buf,4194304,4196389,RAW,0.09805412500281818
61,blocks.4.mlp.c_proj.weight.buf,4194304,4195129,RAW,0.12188016599975526
61,blocks.5.attn.c_q.weight.buf,1048576,1049401,RAW,0.0203975000185892
61,blocks.5.attn.c_k.weight.buf,1048576,1049401,RAW,0.01992737498949282
61,blocks.5.attn.c_v.weight.buf,1048576,1049401,RAW,0.03756141700432636
61,blocks.5.attn.c_proj.weight.buf,1048576,1049401,RAW,0.020387292024679482
61,blocks.5.attn.ve_gate.weight.buf,512,1022,RAW,3.0041992431506515e-05
61,blocks.5.mlp.c_fc.weight.buf,4194304,4196389,RAW,0.09744279200094752
61,blocks.5.mlp.c_proj.weight.buf,4194304,4195129,RAW,0.10367133302497678
61,blocks.6.attn.c_q.weight.buf,1048576,1049401,RAW,0.03799820801941678
61,blocks.6.attn.c_k.weight.buf,1048576,1049401,RAW,0.019921041995985433
61,blocks.6.attn.c_v.weight.buf,1048576,1049401,RAW,0.01980829201056622
61,blocks.6.attn.c_proj.weight.buf,1048576,1049401,RAW,0.03668612497858703
61,blocks.6.mlp.c_fc.weight.buf,4194304,4196389,RAW,0.09645833302056417
61,blocks.6.mlp.c_proj.weight.buf,4194304,4195129,RAW,0.10387833300046623
61,blocks.7.attn.c_q.weight.buf,1048576,1049401,RAW,0.036882457992760465
61,blocks.7.attn.c_k.weight.buf,1048576,1049401,RAW,0.020805500011192635
61,blocks.7.attn.c_v.weight.buf,1048576,1049401,RAW,0.020282499986933544
61,blocks.7.attn.c_proj.weight.buf,1048576,1049401,RAW,0.03724141701241024
61,blocks.7.attn.ve_gate.weight.buf,512,1022,RAW,1.4874996850267053e-05
61,blocks.7.mlp.c_fc.weight.buf,4194304,4196389,RAW,0.09850341701530851
61,blocks.7.mlp.c_proj.weight.buf,4194304,4195129,RAW,0.15218154099420644
61,lm_head.weight.m,67108864,67136149,RAW,1.6560212080075871
61,lm_head.weight.v,67108864,67136149,RAW,1.637017790984828
61,resid_lambdas.m,32,32,RAW_VECTOR,5.874986527487636e-06
61,resid_lambdas.v,32,32,RAW_VECTOR,2.2910244297236204e-06
61,x0_lambdas.m,32,32,RAW_VECTOR,1.8750142771750689e-06
61,x0_lambdas.v,32,32,RAW_VECTOR,4.169996827840805e-07
61,value_embeds.1.weight.m,67108864,66991185,GRAMMAR,1.340239124983782
61,value_embeds.1.weight.v,67108864,66991077,GRAMMAR,1.2881505409895908
61,value_embeds.3.weight.m,67108864,66991165,GRAMMAR,1.3886182919959538
61,value_embeds.3.weight.v,67108864,66991081,GRAMMAR,1.2935939169838093
61,value_embeds.5.weight.m,67108864,66991145,GRAMMAR,1.3793353749788366
61,value_embeds.5.weight.v,67108864,66991077,GRAMMAR,1.3165098329773173
61,value_embeds.7.weight.m,67108864,66991205,GRAMMAR,1.3263477500004228
61,value_embeds.7.weight.v,67108864,66991153,GRAMMAR,1.3272127920063213
62,wte.weight.m,67108864,67040801,GRAMMAR,1.316945708997082
62,wte.weight.v,67108864,67040785,GRAMMAR,1.327741082990542
62,blocks.0.attn.c_q.weight.buf,1048576,1049401,RAW,0.038013082987163216
62,blocks.0.attn.c_k.weight.buf,1048576,1049401,RAW,0.020075665990589187
62,blocks.0.attn.c_v.weight.buf,1048576,1049401,RAW,0.02046562498435378
62,blocks.0.attn.c_proj.weight.buf,1048576,1049401,RAW,0.03809791698586196
62,blocks.0.mlp.c_fc.weight.buf,4194304,4196389,RAW,0.09820566698908806
62,blocks.0.mlp.c_proj.weight.buf,4194304,4195129,RAW,0.10916883399477229
62,blocks.1.attn.c_q.weight.buf,1048576,1049401,RAW,0.03761250001844019
62,blocks.1.attn.c_k.weight.buf,1048576,1049401,RAW,0.019793416984612122
62,blocks.1.attn.c_v.weight.buf,1048576,1049401,RAW,0.019446334015810862
62,blocks.1.attn.c_proj.weight.buf,1048576,1049401,RAW,0.036002834007376805
62,blocks.1.attn.ve_gate.weight.buf,512,1022,RAW,2.358399797230959e-05
62,blocks.1.mlp.c_fc.weight.buf,4194304,4196389,RAW,0.09671933398931287
62,blocks.1.mlp.c_proj.weight.buf,4194304,4195129,RAW,0.10170195798855275
62,blocks.2.attn.c_q.weight.buf,1048576,1049401,RAW,0.01978474998031743
62,blocks.2.attn.c_k.weight.buf,1048576,1049401,RAW,0.021289374999469146
62,blocks.2.attn.c_v.weight.buf,1048576,1049401,RAW,0.019887625006958842
62,blocks.2.attn.c_proj.weight.buf,1048576,1049401,RAW,0.01985641600913368
62,blocks.2.mlp.c_fc.weight.buf,4194304,4196389,RAW,0.09934770900872536
62,blocks.2.mlp.c_proj.weight.buf,4194304,4195129,RAW,0.1010307090182323
62,blocks.3.attn.c_q.weight.buf,1048576,1049401,RAW,0.019662958016851917
62,blocks.3.attn.c_k.weight.buf,1048576,1049401,RAW,0.036562042019795626
62,blocks.3.attn.c_v.weight.buf,1048576,1049401,RAW,0.01977308400091715
62,blocks.3.attn.c_proj.weight.buf,1048576,1049401,RAW,0.019843332993332297
62,blocks.3.attn.ve_gate.weight.buf,512,1022,RAW,2.6749999960884452e-05
62,blocks.3.mlp.c_fc.weight.buf,4194304,4196389,RAW,0.11235654199845158
62,blocks.3.mlp.c_proj.weight.buf,4194304,4195129,RAW,0.10220195798319764
62,blocks.4.attn.c_q.weight.buf,1048576,1049401,RAW,0.022175791003974155
62,blocks.4.attn.c_k.weight.buf,1048576,1049401,RAW,0.021466042002430186
62,blocks.4.attn.c_v.weight.buf,1048576,1049401,RAW,0.02343429101165384
62,blocks.4.attn.c_proj.weight.buf,1048576,1049401,RAW,0.021734333015047014
62,blocks.4.mlp.c_fc.weight.buf,4194304,4196389,RAW,0.12717408299795352
62,blocks.4.mlp.c_proj.weight.buf,4194304,4195129,RAW,0.15416170802200213
62,blocks.5.attn.c_q.weight.buf,1048576,1049401,RAW,0.021600999985821545
62,blocks.5.attn.c_k.weight.buf,1048576,1049401,RAW,0.0429865839832928
62,blocks.5.attn.c_v.weight.buf,1048576,1049401,RAW,0.021620625018840656
62,blocks.5.attn.c_proj.weight.buf,1048576,1049401,RAW,0.020392832986544818
62,blocks.5.attn.ve_gate.weight.buf,512,1022,RAW,1.5792000340297818e-05
62,blocks.5.mlp.c_fc.weight.buf,4194304,4196389,RAW,0.10158037501969375
62,blocks.5.mlp.c_proj.weight.buf,4194304,4195129,RAW,0.10645229197689332
62,blocks.6.attn.c_q.weight.buf,1048576,1049401,RAW,0.020296875009080395
62,blocks.6.attn.c_k.weight.buf,1048576,1049401,RAW,0.03802629100391641
62,blocks.6.attn.c_v.weight.buf,1048576,1049401,RAW,0.02068750001490116
62,blocks.6.attn.c_proj.weight.buf,1048576,1049401,RAW,0.020290167012717575
62,blocks.6.mlp.c_fc.weight.buf,4194304,4196389,RAW,0.11691858299309388
62,blocks.6.mlp.c_proj.weight.buf,4194304,4195129,RAW,0.10784637500182725
62,blocks.7.attn.c_q.weight.buf,1048576,1049401,RAW,0.020388416975038126
62,blocks.7.attn.c_k.weight.buf,1048576,1049401,RAW,0.03766858298331499
62,blocks.7.attn.c_v.weight.buf,1048576,1049401,RAW,0.02062787499744445
62,blocks.7.attn.c_proj.weight.buf,1048576,1049401,RAW,0.020419292006408796
62,blocks.7.attn.ve_gate.weight.buf,512,1022,RAW,1.2541015166789293e-05
62,blocks.7.mlp.c_fc.weight.buf,4194304,4196389,RAW,0.13232204099767841
62,blocks.7.mlp.c_proj.weight.buf,4194304,4195129,RAW,0.10885108300135471
62,lm_head.weight.m,67108864,67136149,RAW,1.615712375001749
62,lm_head.weight.v,67108864,67136149,RAW,1.7172183330112603
62,resid_lambdas.m,32,32,RAW_VECTOR,8.208997314795852e-06
62,resid_lambdas.v,32,32,RAW_VECTOR,4.5797787606716156e-07
62,x0_lambdas.m,32,32,RAW_VECTOR,1.0410149116069078e-06
62,x0_lambdas.v,32,32,RAW_VECTOR,5.00003807246685e-07
62,value_embeds.1.weight.m,67108864,67012633,GRAMMAR,1.3115638329763897
62,value_embeds.1.weight.v,67108864,67012585,GRAMMAR,1.3296776250062976
62,value_embeds.3.weight.m,67108864,67012645,GRAMMAR,1.3437335829949006
62,value_embeds.3.weight.v,67108864,67012545,GRAMMAR,1.3260527079983149
62,value_embeds.5.weight.m,67108864,67012617,GRAMMAR,1.3609957080043387
62,value_embeds.5.weight.v,67108864,67012549,GRAMMAR,1.2939427079982124
62,value_embeds.7.weight.m,67108864,67012665,GRAMMAR,1.4027117080113385
62,value_embeds.7.weight.v,67108864,67012605,GRAMMAR,1.296185333019821
63,wte.weight.m,67108864,67061733,GRAMMAR,1.385613958002068
63,wte.weight.v,67108864,67061729,GRAMMAR,1.3009013340051752
63,blocks.0.attn.c_q.weight.buf,1048576,1049401,RAW,0.020222916995408013
63,blocks.0.attn.c_k.weight.buf,1048576,1049401,RAW,0.03902454100898467
63,blocks.0.attn.c_v.weight.buf,1048576,1049401,RAW,0.019957083015469834
63,blocks.0.attn.c_proj.weight.buf,1048576,1049401,RAW,0.01977199999964796
63,blocks.0.mlp.c_fc.weight.buf,4194304,4196389,RAW,0.11220770899672061
63,blocks.0.mlp.c_proj.weight.buf,4194304,4195129,RAW,0.12531720800325274
63,blocks.1.attn.c_q.weight.buf,1048576,1049401,RAW,0.021663959021680057
63,blocks.1.attn.c_k.weight.buf,1048576,1049401,RAW,0.04271779098780826
63,blocks.1.attn.c_v.weight.buf,1048576,1049401,RAW,0.02139224999700673
63,blocks.1.attn.c_proj.weight.buf,1048576,1049401,RAW,0.021484791999682784
63,blocks.1.attn.ve_gate.weight.buf,512,1022,RAW,3.8416997995227575e-05
63,blocks.1.mlp.c_fc.weight.buf,4194304,4196389,RAW,0.10918666701763868
63,blocks.1.mlp.c_proj.weight.buf,4194304,4195129,RAW,0.15093879197956994
63,blocks.2.attn.c_q.weight.buf,1048576,1049401,RAW,0.03759600000921637
63,blocks.2.attn.c_k.weight.buf,1048576,1049401,RAW,0.020528749999357387
63,blocks.2.attn.c_v.weight.buf,1048576,1049401,RAW,0.02026691599166952
63,blocks.2.attn.c_proj.weight.buf,1048576,1049401,RAW,0.03655629200511612
63,blocks.2.mlp.c_fc.weight.buf,4194304,4196389,RAW,0.10114920799969696
63,blocks.2.mlp.c_proj.weight.buf,4194304,4195129,RAW,0.10702608298743144
63,blocks.3.attn.c_q.weight.buf,1048576,1049401,RAW,0.020351166982436553
63,blocks.3.attn.c_k.weight.buf,1048576,1049401,RAW,0.03780437502427958
63,blocks.3.attn.c_v.weight.buf,1048576,1049401,RAW,0.020617542002582923
63,blocks.3.attn.c_proj.weight.buf,1048576,1049401,RAW,0.020559958007652313
63,blocks.3.attn.ve_gate.weight.buf,512,1022,RAW,1.3750017387792468e-05
63,blocks.3.mlp.c_fc.weight.buf,4194304,4196389,RAW,0.1012593749910593
63,blocks.3.mlp.c_proj.weight.buf,4194304,4195129,RAW,0.10914333298569545
63,blocks.4.attn.c_q.weight.buf,1048576,1049401,RAW,0.020586457976605743
63,blocks.4.attn.c_k.weight.buf,1048576,1049401,RAW,0.03833720798138529
63,blocks.4.attn.c_v.weight.buf,1048576,1049401,RAW,0.019797290995484218
63,blocks.4.attn.c_proj.weight.buf,1048576,1049401,RAW,0.02009408301091753
63,blocks.4.mlp.c_fc.weight.buf,4194304,4196389,RAW,0.10187924999627285
63,blocks.4.mlp.c_proj.weight.buf,4194304,4195129,RAW,0.1313500409887638
63,blocks.5.attn.c_q.weight.buf,1048576,1049401,RAW,0.020576082984916866
63,blocks.5.attn.c_k.weight.buf,1048576,1049401,RAW,0.0380142500216607
63,blocks.5.attn.c_v.weight.buf,1048576,1049401,RAW,0.02054562501143664
63,blocks.5.attn.c_proj.weight.buf,1048576,1049401,RAW,0.020085833995835856
63,blocks.5.attn.ve_gate.weight.buf,512,1022,RAW,1.2999982573091984e-05
63,blocks.5.mlp.c_fc.weight.buf,4194304,4196389,RAW,0.11859291698783636
63,blocks.5.mlp.c_proj.weight.buf,4194304,4195129,RAW,0.10802608297672123
63,blocks.6.attn.c_q.weight.buf,1048576,1049401,RAW,0.021191417006775737
63,blocks.6.attn.c_k.weight.buf,1048576,1049401,RAW,0.037643957999534905
63,blocks.6.attn.c_v.weight.buf,1048576,1049401,RAW,0.020607792015653104
63,blocks.6.attn.c_proj.weight.buf,1048576,1049401,RAW,0.020399375003762543
63,blocks.6.mlp.c_fc.weight.buf,4194304,4196389,RAW,0.09969283398822881
63,blocks.6.mlp.c_proj.weight.buf,4194304,4195129,RAW,0.11240749998250976
63,blocks.7.attn.c_q.weight.buf,1048576,1049401,RAW,0.02154170800349675
63,blocks.7.attn.c_k.weight.buf,1048576,1049401,RAW,0.02024370798608288
63,blocks.7.attn.c_v.weight.buf,1048576,1049401,RAW,0.03777683401131071
63,blocks.7.attn.c_proj.weight.buf,1048576,1049401,RAW,0.020203416992444545
63,blocks.7.attn.ve_gate.weight.buf,512,1022,RAW,2.5249988539144397e-05
63,blocks.7.mlp.c_fc.weight.buf,4194304,4196389,RAW,0.0971674169995822
63,blocks.7.mlp.c_proj.weight.buf,4194304,4195129,RAW,0.12123416698887013
63,lm_head.weight.m,67108864,67136149,RAW,1.6654499169962946
63,lm_head.weight.v,67108864,67136149,RAW,1.6361259580007754
63,resid_lambdas.m,32,32,RAW_VECTOR,7.5830030255019665e-06
63,resid_lambdas.v,32,32,RAW_VECTOR,7.089984137564898e-07
63,x0_lambdas.m,32,32,RAW_VECTOR,9.159848559647799e-07
63,x0_lambdas.v,32,32,RAW_VECTOR,4.169996827840805e-07
63,value_embeds.1.weight.m,67108864,67037213,GRAMMAR,1.3439671669912059
63,value_embeds.1.weight.v,67108864,67037169,GRAMMAR,1.2974023749993648
63,value_embeds.3.weight.m,67108864,67037237,GRAMMAR,1.3556006249855272
63,value_embeds.3.weight.v,67108864,67037157,GRAMMAR,1.3812953329761513
63,value_embeds.5.weight.m,67108864,67037201,GRAMMAR,1.3183695419866126
63,value_embeds.5.weight.v,67108864,67037133,GRAMMAR,1.333043374994304
63,value_embeds.7.weight.m,67108864,67037241,GRAMMAR,1.3342887500184588
63,value_embeds.7.weight.v,67108864,67037193,GRAMMAR,1.3583794590085745
64,wte.weight.m,67108864,67080437,GRAMMAR,1.3347651670046616
64,wte.weight.v,67108864,67080429,GRAMMAR,1.337699124997016
64,blocks.0.attn.c_q.weight.buf,1048576,1049401,RAW,0.02074412500951439
64,blocks.0.attn.c_k.weight.buf,1048576,1049401,RAW,0.02026854202267714
64,blocks.0.attn.c_v.weight.buf,1048576,1049401,RAW,0.03753362499992363
64,blocks.0.attn.c_proj.weight.buf,1048576,1049401,RAW,0.019947541994042695
64,blocks.0.mlp.c_fc.weight.buf,4194304,4196389,RAW,0.1001477500249166
64,blocks.0.mlp.c_proj.weight.buf,4194304,4195129,RAW,0.13672304200008512
64,blocks.1.attn.c_q.weight.buf,1048576,1049401,RAW,0.02036374999443069
64,blocks.1.attn.c_k.weight.buf,1048576,1049401,RAW,0.020576125010848045
64,blocks.1.attn.c_v.weight.buf,1048576,1049401,RAW,0.021972541988361627
64,blocks.1.attn.c_proj.weight.buf,1048576,1049401,RAW,0.0206988749851007
64,blocks.1.attn.ve_gate.weight.buf,512,1022,RAW,3.0082999728620052e-05
64,blocks.1.mlp.c_fc.weight.buf,4194304,4196389,RAW,0.10292712500086054
64,blocks.1.mlp.c_proj.weight.buf,4194304,4195129,RAW,0.11450637498637661
64,blocks.2.attn.c_q.weight.buf,1048576,1049401,RAW,0.02063104201806709
64,blocks.2.attn.c_k.weight.buf,1048576,1049401,RAW,0.03732783399755135
64,blocks.2.attn.c_v.weight.buf,1048576,1049401,RAW,0.02075991698075086
64,blocks.2.attn.c_proj.weight.buf,1048576,1049401,RAW,0.02117691599414684
64,blocks.2.mlp.c_fc.weight.buf,4194304,4196389,RAW,0.11687058300594799
64,blocks.2.mlp.c_proj.weight.buf,4194304,4195129,RAW,0.10793458297848701
64,blocks.3.attn.c_q.weight.buf,1048576,1049401,RAW,0.020645958022214472
64,blocks.3.attn.c_k.weight.buf,1048576,1049401,RAW,0.020184624998364598
64,blocks.3.attn.c_v.weight.buf,1048576,1049401,RAW,0.036921708000591025
64,blocks.3.attn.c_proj.weight.buf,1048576,1049401,RAW,0.02012766699772328
64,blocks.3.attn.ve_gate.weight.buf,512,1022,RAW,2.54589831456542e-05
64,blocks.3.mlp.c_fc.weight.buf,4194304,4196389,RAW,0.09802674999809824
64,blocks.3.mlp.c_proj.weight.buf,4194304,4195129,RAW,0.1192933330021333
64,blocks.4.attn.c_q.weight.buf,1048576,1049401,RAW,0.02081354198162444
64,blocks.4.attn.c_k.weight.buf,1048576,1049401,RAW,0.020318833005148917
64,blocks.4.attn.c_v.weight.buf,1048576,1049401,RAW,0.036668790999101475
64,blocks.4.attn.c_proj.weight.buf,1048576,1049401,RAW,0.020547791995340958
64,blocks.4.mlp.c_fc.weight.buf,4194304,4196389,RAW,0.09876354201696813
64,blocks.4.mlp.c_proj.weight.buf,4194304,4195129,RAW,0.12395520802238025
64,blocks.5.attn.c_q.weight.buf,1048576,1049401,RAW,0.0206843750202097
64,blocks.5.attn.c_k.weight.buf,1048576,1049401,RAW,0.020875041984254494
64,blocks.5.attn.c_v.weight.buf,1048576,1049401,RAW,0.03829345799749717
64,blocks.5.attn.c_proj.weight.buf,1048576,1049401,RAW,0.02108870798838325
64,blocks.5.attn.ve_gate.weight.buf,512,1022,RAW,2.8834008844569325e-05
64,blocks.5.mlp.c_fc.weight.buf,4194304,4196389,RAW,0.11461850002524443
64,blocks.5.mlp.c_proj.weight.buf,4194304,4195129,RAW,0.10633904201677069
64,blocks.6.attn.c_q.weight.buf,1048576,1049401,RAW,0.024090916995191947
64,blocks.6.attn.c_k.weight.buf,1048576,1049401,RAW,0.021647791989380494
64,blocks.6.attn.c_v.weight.buf,1048576,1049401,RAW,0.04386904198327102
64,blocks.6.attn.c_proj.weight.buf,1048576,1049401,RAW,0.02250270900549367
64,blocks.6.mlp.c_fc.weight.buf,4194304,4196389,RAW,0.10871300002327189
64,blocks.6.mlp.c_proj.weight.buf,4194304,4195129,RAW,0.15490666701225564
64,blocks.7.attn.c_q.weight.buf,1048576,1049401,RAW,0.022418708016630262
64,blocks.7.attn.c_k.weight.buf,1048576,1049401,RAW,0.041206291993148625
64,blocks.7.attn.c_v.weight.buf,1048576,1049401,RAW,0.022883333993377164
64,blocks.7.attn.c_proj.weight.buf,1048576,1049401,RAW,0.02080079200095497
64,blocks.7.attn.ve_gate.weight.buf,512,1022,RAW,1.4042016118764877e-05
64,blocks.7.mlp.c_fc.weight.buf,4194304,4196389,RAW,0.10059166699647903
64,blocks.7.mlp.c_proj.weight.buf,4194304,4195129,RAW,0.10826824998366646
64,lm_head.weight.m,67108864,67136149,RAW,1.6745069170137867
64,lm_head.weight.v,67108864,67136149,RAW,1.6291945000120904
64,resid_lambdas.m,32,32,RAW_VECTOR,7.624999852851033e-06
64,resid_lambdas.v,32,32,RAW_VECTOR,1.8749851733446121e-06
64,x0_lambdas.m,32,32,RAW_VECTOR,1.2500095181167126e-06
64,x0_lambdas.v,32,32,RAW_VECTOR,4.1601015254855156e-07
64,value_embeds.1.weight.m,67108864,67055785,GRAMMAR,1.3246786670060828
64,value_embeds.1.weight.v,67108864,67055749,GRAMMAR,1.3149313750036526
64,value_embeds.3.weight.m,67108864,67055813,GRAMMAR,1.3486060409923084
64,value_embeds.3.weight.v,67108864,67055721,GRAMMAR,1.2902817910071462
64,value_embeds.5.weight.m,67108864,67055777,GRAMMAR,1.3810058750095777
64,value_embeds.5.weight.v,67108864,67055709,GRAMMAR,1.3177760830149055
64,value_embeds.7.weight.m,67108864,67055813,GRAMMAR,1.403093084023567
64,value_embeds.7.weight.v,67108864,67055769,GRAMMAR,1.3347613329824526
65,wte.weight.m,67108864,67105097,GRAMMAR,1.3809339580184314
65,wte.weight.v,67108864,67105105,GRAMMAR,1.318009374983376
65,blocks.0.attn.c_q.weight.buf,1048576,1049401,RAW,0.020054416003404185
65,blocks.0.attn.c_k.weight.buf,1048576,1049401,RAW,0.036845291004283354
65,blocks.0.attn.c_v.weight.buf,1048576,1049401,RAW,0.019708375009940937
65,blocks.0.attn.c_proj.weight.buf,1048576,1049401,RAW,0.01977424998767674
65,blocks.0.mlp.c_fc.weight.buf,4194304,4196389,RAW,0.0993295410007704
65,blocks.0.mlp.c_proj.weight.buf,4194304,4195129,RAW,0.10116258400375955
65,blocks.1.attn.c_q.weight.buf,1048576,1049401,RAW,0.01961645798292011
65,blocks.1.attn.c_k.weight.buf,1048576,1049401,RAW,0.036795708001591265
65,blocks.1.attn.c_v.weight.buf,1048576,1049401,RAW,0.02008395898155868
65,blocks.1.attn.c_proj.weight.buf,1048576,1049401,RAW,0.019417583011090755
65,blocks.1.attn.ve_gate.weight.buf,512,1022,RAW,3.783300053328276e-05
65,blocks.1.mlp.c_fc.weight.buf,4194304,4196389,RAW,0.09704625001177192
65,blocks.1.mlp.c_proj.weight.buf,4194304,4195129,RAW,0.1259684590040706
65,blocks.2.attn.c_q.weight.buf,1048576,1049401,RAW,0.021270500001264736
65,blocks.2.attn.c_k.weight.buf,1048576,1049401,RAW,0.02130029199179262
65,blocks.2.attn.c_v.weight.buf,1048576,1049401,RAW,0.04220770800020546
65,blocks.2.attn.c_proj.weight.buf,1048576,1049401,RAW,0.021490250015631318
65,blocks.2.mlp.c_fc.weight.buf,4194304,4196389,RAW,0.1256439590069931
65,blocks.2.mlp.c_proj.weight.buf,4194304,4195129,RAW,0.15285354197840206
65,blocks.3.attn.c_q.weight.buf,1048576,1049401,RAW,0.021881833003135398
65,blocks.3.attn.c_k.weight.buf,1048576,1049401,RAW,0.0422367500141263
65,blocks.3.attn.c_v.weight.buf,1048576,1049401,RAW,0.020338915986940265
65,blocks.3.attn.c_proj.weight.buf,1048576,1049401,RAW,0.0209182079997845
65,blocks.3.attn.ve_gate.weight.buf,512,1022,RAW,1.6207981389015913e-05
65,blocks.3.mlp.c_fc.weight.buf,4194304,4196389,RAW,0.11453929200069979
65,blocks.3.mlp.c_proj.weight.buf,4194304,4195129,RAW,0.10769433400128037
65,blocks.4.attn.c_q.weight.buf,1048576,1049401,RAW,0.020409542019478977
65,blocks.4.attn.c_k.weight.buf,1048576,1049401,RAW,0.03724233401590027
65,blocks.4.attn.c_v.weight.buf,1048576,1049401,RAW,0.02081420802278444
65,blocks.4.attn.c_proj.weight.buf,1048576,1049401,RAW,0.020226749998982996
65,blocks.4.mlp.c_fc.weight.buf,4194304,4196389,RAW,0.09953054200741462
65,blocks.4.mlp.c_proj.weight.buf,4194304,4195129,RAW,0.10893654200481251
65,blocks.5.attn.c_q.weight.buf,1048576,1049401,RAW,0.02106283401371911
65,blocks.5.attn.c_k.weight.buf,1048576,1049401,RAW,0.020531792019028217
65,blocks.5.attn.c_v.weight.buf,1048576,1049401,RAW,0.037926208024146035
65,blocks.5.attn.c_proj.weight.buf,1048576,1049401,RAW,0.020309624989749864
65,blocks.5.attn.ve_gate.weight.buf,512,1022,RAW,1.3375014532357454e-05
65,blocks.5.mlp.c_fc.weight.buf,4194304,4196389,RAW,0.11471299998811446
65,blocks.5.mlp.c_proj.weight.buf,4194304,4195129,RAW,0.12374670899589546
65,blocks.6.attn.c_q.weight.buf,1048576,1049401,RAW,0.020904499979224056
65,blocks.6.attn.c_k.weight.buf,1048576,1049401,RAW,0.02038029200048186
65,blocks.6.attn.c_v.weight.buf,1048576,1049401,RAW,0.03749508300097659
65,blocks.6.attn.c_proj.weight.buf,1048576,1049401,RAW,0.020378666988108307
65,blocks.6.mlp.c_fc.weight.buf,4194304,4196389,RAW,0.09926591700059362
65,blocks.6.mlp.c_proj.weight.buf,4194304,4195129,RAW,0.1251672910002526
65,blocks.7.attn.c_q.weight.buf,1048576,1049401,RAW,0.02128749998519197
65,blocks.7.attn.c_k.weight.buf,1048576,1049401,RAW,0.02068129100371152
65,blocks.7.attn.c_v.weight.buf,1048576,1049401,RAW,0.03791641700081527
65,blocks.7.attn.c_proj.weight.buf,1048576,1049401,RAW,0.02073887499864213
65,blocks.7.attn.ve_gate.weight.buf,512,1022,RAW,1.3749988283962011e-05
65,blocks.7.mlp.c_fc.weight.buf,4194304,4196389,RAW,0.10149312499561347
65,blocks.7.mlp.c_proj.weight.buf,4194304,4195129,RAW,0.12515141599578783
65,lm_head.weight.m,67108864,67136149,RAW,1.6869120000046678
65,lm_head.weight.v,67108864,67136149,RAW,1.6245749999943655
65,resid_lambdas.m,32,32,RAW_VECTOR,8.041999535635114e-06
65,resid_lambdas.v,32,32,RAW_VECTOR,5.830079317092896e-07
65,x0_lambdas.m,32,32,RAW_VECTOR,1.0840012691915035e-06
65,x0_lambdas.v,32,32,RAW_VECTOR,4.169996827840805e-07
65,value_embeds.1.weight.m,67108864,67080441,GRAMMAR,1.3779380000196397
65,value_embeds.1.weight.v,67108864,67080405,GRAMMAR,1.3192015829845332
65,value_embeds.3.weight.m,67108864,67080453,GRAMMAR,1.3451044170069508
65,value_embeds.3.weight.v,67108864,67080393,GRAMMAR,1.3645643329946324
65,value_embeds.5.weight.m,67108864,67080437,GRAMMAR,1.3874250419903547
65,value_embeds.5.weight.v,67108864,67080365,GRAMMAR,1.3566566670197062
65,value_embeds.7.weight.m,67108864,67080453,GRAMMAR,1.3651252500130795
65,value_embeds.7.weight.v,67108864,67080425,GRAMMAR,1.3603176250180695
66,wte.weight.m,67108864,67105093,GRAMMAR,1.3436093750060536
66,wte.weight.v,67108864,67105097,GRAMMAR,1.3294386669876985
66,blocks.0.attn.c_q.weight.buf,1048576,1049401,RAW,0.03565200002049096
66,blocks.0.attn.c_k.weight.buf,1048576,1049401,RAW,0.021179207979002967
66,blocks.0.attn.c_v.weight.buf,1048576,1049401,RAW,0.01994308299617842
66,blocks.0.attn.c_proj.weight.buf,1048576,1049401,RAW,0.03666833299212158
66,blocks.0.mlp.c_fc.weight.buf,4194304,4196389,RAW,0.10084112497861497
66,blocks.0.mlp.c_proj.weight.buf,4194304,4195129,RAW,0.10748304199660197
66,blocks.1.attn.c_q.weight.buf,1048576,1049401,RAW,0.020215333002852276
66,blocks.1.attn.c_k.weight.buf,1048576,1049401,RAW,0.0384529170114547
66,blocks.1.attn.c_v.weight.buf,1048576,1049401,RAW,0.020328833983512595
66,blocks.1.attn.c_proj.weight.buf,1048576,1049401,RAW,0.020345584023743868
66,blocks.1.attn.ve_gate.weight.buf,512,1022,RAW,3.304198617115617e-05
66,blocks.1.mlp.c_fc.weight.buf,4194304,4196389,RAW,0.10009299998637289
66,blocks.1.mlp.c_proj.weight.buf,4194304,4195129,RAW,0.10829120798734948
66,blocks.2.attn.c_q.weight.buf,1048576,1049401,RAW,0.021057915990240872
66,blocks.2.attn.c_k.weight.buf,1048576,1049401,RAW,0.03841799998190254
66,blocks.2.attn.c_v.weight.buf,1048576,1049401,RAW,0.02017820900073275
66,blocks.2.attn.c_proj.weight.buf,1048576,1049401,RAW,0.020207583002047613
66,blocks.2.mlp.c_fc.weight.buf,4194304,4196389,RAW,0.11559641599887982
66,blocks.2.mlp.c_proj.weight.buf,4194304,4195129,RAW,0.12515000000712462
66,blocks.3.attn.c_q.weight.buf,1048576,1049401,RAW,0.020267499989131466
66,blocks.3.attn.c_k.weight.buf,1048576,1049401,RAW,0.037740792002296075
66,blocks.3.attn.c_v.weight.buf,1048576,1049401,RAW,0.02109783299965784
66,blocks.3.attn.c_proj.weight.buf,1048576,1049401,RAW,0.020917124988045543
66,blocks.3.attn.ve_gate.weight.buf,512,1022,RAW,3.233397728763521e-05
66,blocks.3.mlp.c_fc.weight.buf,4194304,4196389,RAW,0.09943150001345202
66,blocks.3.mlp.c_proj.weight.buf,4194304,4195129,RAW,0.11125862499466166
66,blocks.4.attn.c_q.weight.buf,1048576,1049401,RAW,0.019569875003071502
66,blocks.4.attn.c_k.weight.buf,1048576,1049401,RAW,0.019893874996341765
66,blocks.4.attn.c_v.weight.buf,1048576,1049401,RAW,0.03713787501328625
66,blocks.4.attn.c_proj.weight.buf,1048576,1049401,RAW,0.020231375005096197
66,blocks.4.mlp.c_fc.weight.buf,4194304,4196389,RAW,0.0977212919970043
66,blocks.4.mlp.c_proj.weight.buf,4194304,4195129,RAW,0.12164679198758677
66,blocks.5.attn.c_q.weight.buf,1048576,1049401,RAW,0.02051829098490998
66,blocks.5.attn.c_k.weight.buf,1048576,1049401,RAW,0.019849417003570125
66,blocks.5.attn.c_v.weight.buf,1048576,1049401,RAW,0.03723595800693147
66,blocks.5.attn.c_proj.weight.buf,1048576,1049401,RAW,0.020161916996585205
66,blocks.5.attn.ve_gate.weight.buf,512,1022,RAW,4.1457999031990767e-05
66,blocks.5.mlp.c_fc.weight.buf,4194304,4196389,RAW,0.09765316598350182
66,blocks.5.mlp.c_proj.weight.buf,4194304,4195129,RAW,0.11761200000182725
66,blocks.6.attn.c_q.weight.buf,1048576,1049401,RAW,0.02126845801831223
66,blocks.6.attn.c_k.weight.buf,1048576,1049401,RAW,0.01982637500623241
66,blocks.6.attn.c_v.weight.buf,1048576,1049401,RAW,0.019947332999436185
66,blocks.6.attn.c_proj.weight.buf,1048576,1049401,RAW,0.037450292002176866
66,blocks.6.mlp.c_fc.weight.buf,4194304,4196389,RAW,0.10433358399313875
66,blocks.6.mlp.c_proj.weight.buf,4194304,4195129,RAW,0.15633837500354275
66,blocks.7.attn.c_q.weight.buf,1048576,1049401,RAW,0.021580083994194865
66,blocks.7.attn.c_k.weight.buf,1048576,1049401,RAW,0.021728833991801366
66,blocks.7.attn.c_v.weight.buf,1048576,1049401,RAW,0.04221924999728799
66,blocks.7.attn.c_proj.weight.buf,1048576,1049401,RAW,0.021681582991732284
66,blocks.7.attn.ve_gate.weight.buf,512,1022,RAW,2.2374995751306415e-05
66,blocks.7.mlp.c_fc.weight.buf,4194304,4196389,RAW,0.10989933300879784
66,blocks.7.mlp.c_proj.weight.buf,4194304,4195129,RAW,0.1326545830233954
66,lm_head.weight.m,67108864,67136149,RAW,1.672159957990516
66,lm_head.weight.v,67108864,67136149,RAW,1.6475221250148024
66,resid_lambdas.m,32,32,RAW_VECTOR,6.416987162083387e-06
66,resid_lambdas.v,32,32,RAW_VECTOR,6.250047590583563e-07
66,x0_lambdas.m,32,32,RAW_VECTOR,9.999785106629133e-07
66,x0_lambdas.v,32,32,RAW_VECTOR,5.839974619448185e-07
66,value_embeds.1.weight.m,67108864,67094137,GRAMMAR,1.373200874979375
66,value_embeds.1.weight.v,67108864,67094117,GRAMMAR,1.3319959589862265
66,value_embeds.3.weight.m,67108864,67094149,GRAMMAR,1.3771212919964455
66,value_embeds.3.weight.v,67108864,67094105,GRAMMAR,1.3146033750090282
66,value_embeds.5.weight.m,67108864,67094157,GRAMMAR,1.4004439580021426
66,value_embeds.5.weight.v,67108864,67094093,GRAMMAR,1.3507388339785393
66,value_embeds.7.weight.m,67108864,67094141,GRAMMAR,1.3972534170025028
66,value_embeds.7.weight.v,67108864,67094133,GRAMMAR,1.3640783749870025
67,wte.weight.m,67108864,67118809,GRAMMAR,1.4169938330014702
67,wte.weight.v,67108864,67118797,GRAMMAR,1.3226702499960084
67,blocks.0.attn.c_q.weight.buf,1048576,1049401,RAW,0.03664220898644999
67,blocks.0.attn.c_k.weight.buf,1048576,1049401,RAW,0.01980441701016389
67,blocks.0.attn.c_v.weight.buf,1048576,1049401,RAW,0.019910458009690046
67,blocks.0.attn.c_proj.weight.buf,1048576,1049401,RAW,0.03839583299122751
67,blocks.0.mlp.c_fc.weight.buf,4194304,4196389,RAW,0.09675979099120013
67,blocks.0.mlp.c_proj.weight.buf,4194304,4195129,RAW,0.10215637501096353
67,blocks.1.attn.c_q.weight.buf,1048576,1049401,RAW,0.019837041007122025
67,blocks.1.attn.c_k.weight.buf,1048576,1049401,RAW,0.036877375008771196
67,blocks.1.attn.c_v.weight.buf,1048576,1049401,RAW,0.01965941599337384
67,blocks.1.attn.c_proj.weight.buf,1048576,1049401,RAW,0.01957145900814794
67,blocks.1.attn.ve_gate.weight.buf,512,1022,RAW,3.0458002584055066e-05
67,blocks.1.mlp.c_fc.weight.buf,4194304,4196389,RAW,0.09828562501934357
67,blocks.1.mlp.c_proj.weight.buf,4194304,4195129,RAW,0.10307033400749788
67,blocks.2.attn.c_q.weight.buf,1048576,1049401,RAW,0.021788791986182332
67,blocks.2.attn.c_k.weight.buf,1048576,1049401,RAW,0.04178462497657165
67,blocks.2.attn.c_v.weight.buf,1048576,1049401,RAW,0.042176582996034995
67,blocks.2.attn.c_proj.weight.buf,1048576,1049401,RAW,0.021754749992396683
67,blocks.2.mlp.c_fc.weight.buf,4194304,4196389,RAW,0.12798554199980572
67,blocks.2.mlp.c_proj.weight.buf,4194304,4195129,RAW,0.13173387499409728
67,blocks.3.attn.c_q.weight.buf,1048576,1049401,RAW,0.0217449170013424
67,blocks.3.attn.c_k.weight.buf,1048576,1049401,RAW,0.023601291002705693
67,blocks.3.attn.c_v.weight.buf,1048576,1049401,RAW,0.02196370900492184
67,blocks.3.attn.c_proj.weight.buf,1048576,1049401,RAW,0.02045591699425131
67,blocks.3.attn.ve_gate.weight.buf,512,1022,RAW,1.8916995031759143e-05
67,blocks.3.mlp.c_fc.weight.buf,4194304,4196389,RAW,0.1002588750270661
67,blocks.3.mlp.c_proj.weight.buf,4194304,4195129,RAW,0.10793749999720603
67,blocks.4.attn.c_q.weight.buf,1048576,1049401,RAW,0.020447707996936515
67,blocks.4.attn.c_k.weight.buf,1048576,1049401,RAW,0.0379420839890372
67,blocks.4.attn.c_v.weight.buf,1048576,1049401,RAW,0.020415832987055182
67,blocks.4.attn.c_proj.weight.buf,1048576,1049401,RAW,0.020667542004957795
67,blocks.4.mlp.c_fc.weight.buf,4194304,4196389,RAW,0.10723066699574701
67,blocks.4.mlp.c_proj.weight.buf,4194304,4195129,RAW,0.12628537500859238
67,blocks.5.attn.c_q.weight.buf,1048576,1049401,RAW,0.021064375003334135
67,blocks.5.attn.c_k.weight.buf,1048576,1049401,RAW,0.03857579198665917
67,blocks.5.attn.c_v.weight.buf,1048576,1049401,RAW,0.02048679199651815
67,blocks.5.attn.c_proj.weight.buf,1048576,1049401,RAW,0.02034570902469568
67,blocks.5.attn.ve_gate.weight.buf,512,1022,RAW,1.2375006917864084e-05
67,blocks.5.mlp.c_fc.weight.buf,4194304,4196389,RAW,0.1008857499982696
67,blocks.5.mlp.c_proj.weight.buf,4194304,4195129,RAW,0.10916391600039788
67,blocks.6.attn.c_q.weight.buf,1048576,1049401,RAW,0.021263333008391783
67,blocks.6.attn.c_k.weight.buf,1048576,1049401,RAW,0.038562667003134266
67,blocks.6.attn.c_v.weight.buf,1048576,1049401,RAW,0.02033412500168197
67,blocks.6.attn.c_proj.weight.buf,1048576,1049401,RAW,0.03630325000267476
67,blocks.6.mlp.c_fc.weight.buf,4194304,4196389,RAW,0.10176366701489314
67,blocks.6.mlp.c_proj.weight.buf,4194304,4195129,RAW,0.10708383400924504
67,blocks.7.attn.c_q.weight.buf,1048576,1049401,RAW,0.021033458004239947
67,blocks.7.attn.c_k.weight.buf,1048576,1049401,RAW,0.0380754159996286
67,blocks.7.attn.c_v.weight.buf,1048576,1049401,RAW,0.02094645900069736
67,blocks.7.attn.c_proj.weight.buf,1048576,1049401,RAW,0.02054733398836106
67,blocks.7.attn.ve_gate.weight.buf,512,1022,RAW,1.3082986697554588e-05
67,blocks.7.mlp.c_fc.weight.buf,4194304,4196389,RAW,0.10170220897998661
67,blocks.7.mlp.c_proj.weight.buf,4194304,4195129,RAW,0.13880033302120864
67,lm_head.weight.m,67108864,67136149,RAW,1.6829359999974258
67,lm_head.weight.v,67108864,67136149,RAW,1.6484170419862494
67,resid_lambdas.m,32,32,RAW_VECTOR,8.084025466814637e-06
67,resid_lambdas.v,32,32,RAW_VECTOR,4.5000051613897085e-06
67,x0_lambdas.m,32,32,RAW_VECTOR,2.00001522898674e-06
67,x0_lambdas.v,32,32,RAW_VECTOR,7.080088835209608e-07
67,value_embeds.1.weight.m,67108864,67111485,GRAMMAR,1.3871306660003029
67,value_embeds.1.weight.v,67108864,67111473,GRAMMAR,1.3539023750054184
67,value_embeds.3.weight.m,67108864,67111513,GRAMMAR,1.3583172080107033
67,value_embeds.3.weight.v,67108864,67111481,GRAMMAR,1.3992875829862896
67,value_embeds.5.weight.m,67108864,67111509,GRAMMAR,1.3726264589931816
67,value_embeds.5.weight.v,67108864,67111481,GRAMMAR,1.4508829170081299
67,value_embeds.7.weight.m,67108864,67111509,GRAMMAR,1.4138227500079665
67,value_embeds.7.weight.v,67108864,67111501,GRAMMAR,1.3728968339855783
68,wte.weight.m,67108864,67122457,GRAMMAR,1.352871042006882
68,wte.weight.v,67108864,67122445,GRAMMAR,1.3341873750032391
68,blocks.0.attn.c_q.weight.buf,1048576,1049401,RAW,0.03710295801283792
68,blocks.0.attn.c_k.weight.buf,1048576,1049401,RAW,0.020336374989710748
68,blocks.0.attn.c_v.weight.buf,1048576,1049401,RAW,0.02022250002482906
68,blocks.0.attn.c_proj.weight.buf,1048576,1049401,RAW,0.037343750009313226
68,blocks.0.mlp.c_fc.weight.buf,4194304,4196389,RAW,0.09818345899111591
68,blocks.0.mlp.c_proj.weight.buf,4194304,4195129,RAW,0.10890962500707246
68,blocks.1.attn.c_q.weight.buf,1048576,1049401,RAW,0.037815541989402846
68,blocks.1.attn.c_k.weight.buf,1048576,1049401,RAW,0.02051216599647887
68,blocks.1.attn.c_v.weight.buf,1048576,1049401,RAW,0.020294916001148522
68,blocks.1.attn.c_proj.weight.buf,1048576,1049401,RAW,0.03754054199089296
68,blocks.1.attn.ve_gate.weight.buf,512,1022,RAW,1.6375008272007108e-05
68,blocks.1.mlp.c_fc.weight.buf,4194304,4196389,RAW,0.11541095800930634
68,blocks.1.mlp.c_proj.weight.buf,4194304,4195129,RAW,0.10776487499242648
68,blocks.2.attn.c_q.weight.buf,1048576,1049401,RAW,0.03726783298770897
68,blocks.2.attn.c_k.weight.buf,1048576,1049401,RAW,0.020522042002994567
68,blocks.2.attn.c_v.weight.buf,1048576,1049401,RAW,0.020276041992474347
68,blocks.2.attn.c_proj.weight.buf,1048576,1049401,RAW,0.03782925000996329
68,blocks.2.mlp.c_fc.weight.buf,4194304,4196389,RAW,0.1001748749986291
68,blocks.2.mlp.c_proj.weight.buf,4194304,4195129,RAW,0.10603041702415794
68,blocks.3.attn.c_q.weight.buf,1048576,1049401,RAW,0.03696391702396795
68,blocks.3.attn.c_k.weight.buf,1048576,1049401,RAW,0.020380749978357926
68,blocks.3.attn.c_v.weight.buf,1048576,1049401,RAW,0.02047675001085736
68,blocks.3.attn.c_proj.weight.buf,1048576,1049401,RAW,0.03766787497443147
68,blocks.3.attn.ve_gate.weight.buf,512,1022,RAW,1.8916995031759143e-05
68,blocks.3.mlp.c_fc.weight.buf,4194304,4196389,RAW,0.10088620899477974
68,blocks.3.mlp.c_proj.weight.buf,4194304,4195129,RAW,0.10109891701722518
68,blocks.4.attn.c_q.weight.buf,1048576,1049401,RAW,0.03611783299129456
68,blocks.4.attn.c_k.weight.buf,1048576,1049401,RAW,0.020443416986381635
68,blocks.4.attn.c_v.weight.buf,1048576,1049401,RAW,0.019997416995465755
68,blocks.4.attn.c_proj.weight.buf,1048576,1049401,RAW,0.03674125001998618
68,blocks.4.mlp.c_fc.weight.buf,4194304,4196389,RAW,0.11452395797823556
68,blocks.4.mlp.c_proj.weight.buf,4194304,4195129,RAW,0.10172466700896621
68,blocks.5.attn.c_q.weight.buf,1048576,1049401,RAW,0.020386291987961158
68,blocks.5.attn.c_k.weight.buf,1048576,1049401,RAW,0.03805270898737945
68,blocks.5.attn.c_v.weight.buf,1048576,1049401,RAW,0.02009487501345575
68,blocks.5.attn.c_proj.weight.buf,1048576,1049401,RAW,0.02269250000244938
68,blocks.5.attn.ve_gate.weight.buf,512,1022,RAW,3.1167000997811556e-05
68,blocks.5.mlp.c_fc.weight.buf,4194304,4196389,RAW,0.10514970897929743
68,blocks.5.mlp.c_proj.weight.buf,4194304,4195129,RAW,0.11002170798019506
68,blocks.6.attn.c_q.weight.buf,1048576,1049401,RAW,0.020115457999054343
68,blocks.6.attn.c_k.weight.buf,1048576,1049401,RAW,0.022015166003257036
68,blocks.6.attn.c_v.weight.buf,1048576,1049401,RAW,0.0197365420171991
68,blocks.6.attn.c_proj.weight.buf,1048576,1049401,RAW,0.020046541991177946
68,blocks.6.mlp.c_fc.weight.buf,4194304,4196389,RAW,0.10806320799747482
68,blocks.6.mlp.c_proj.weight.buf,4194304,4195129,RAW,0.13452575000701472
68,blocks.7.attn.c_q.weight.buf,1048576,1049401,RAW,0.042265750002115965
68,blocks.7.attn.c_k.weight.buf,1048576,1049401,RAW,0.021818375011207536
68,blocks.7.attn.c_v.weight.buf,1048576,1049401,RAW,0.021569958014879376
68,blocks.7.attn.c_proj.weight.buf,1048576,1049401,RAW,0.04289204199449159
68,blocks.7.attn.ve_gate.weight.buf,512,1022,RAW,2.5125016691163182e-05
68,blocks.7.mlp.c_fc.weight.buf,4194304,4196389,RAW,0.1264764590014238
68,blocks.7.mlp.c_proj.weight.buf,4194304,4195129,RAW,0.1078185840160586
68,lm_head.weight.m,67108864,67136149,RAW,1.6423257079732139
68,lm_head.weight.v,67108864,67136149,RAW,1.6618472500122152
68,resid_lambdas.m,32,32,RAW_VECTOR,7.166992872953415e-06
68,resid_lambdas.v,32,32,RAW_VECTOR,4.580069798976183e-07
68,x0_lambdas.m,32,32,RAW_VECTOR,1.0829826351255178e-06
68,x0_lambdas.v,32,32,RAW_VECTOR,4.580069798976183e-07
68,value_embeds.1.weight.m,67108864,67118781,GRAMMAR,1.371799166983692
68,value_embeds.1.weight.v,67108864,67118769,GRAMMAR,1.3169360000174493
68,value_embeds.3.weight.m,67108864,67118805,GRAMMAR,1.4109125419927295
68,value_embeds.3.weight.v,67108864,67118777,GRAMMAR,1.301219583983766
68,value_embeds.5.weight.m,67108864,67118805,GRAMMAR,1.3996676249953452
68,value_embeds.5.weight.v,67108864,67118773,GRAMMAR,1.3329617919807788
68,value_embeds.7.weight.m,67108864,67118805,GRAMMAR,1.4001956670254003
68,value_embeds.7.weight.v,67108864,67118797,GRAMMAR,1.3495167499931995
69,wte.weight.m,67108864,67136149,RAW,1.3901004579965957
69,wte.weight.v,67108864,67136149,RAW,1.3217566660023294
69,blocks.0.attn.c_q.weight.buf,1048576,1049401,RAW,0.01959991699550301
69,blocks.0.attn.c_k.weight.buf,1048576,1049401,RAW,0.03706699999747798
69,blocks.0.attn.c_v.weight.buf,1048576,1049401,RAW,0.019623708009021357
69,blocks.0.attn.c_proj.weight.buf,1048576,1049401,RAW,0.01980504099628888
69,blocks.0.mlp.c_fc.weight.buf,4194304,4196389,RAW,0.11100350000197068
69,blocks.0.mlp.c_proj.weight.buf,4194304,4195129,RAW,0.10176758299348876
69,blocks.1.attn.c_q.weight.buf,1048576,1049401,RAW,0.019435583002632484
69,blocks.1.attn.c_k.weight.buf,1048576,1049401,RAW,0.019368625013157725
69,blocks.1.attn.c_v.weight.buf,1048576,1049401,RAW,0.05136645899619907
69,blocks.1.attn.c_proj.weight.buf,1048576,1049401,RAW,0.020092667022254318
69,blocks.1.attn.ve_gate.weight.buf,512,1022,RAW,3.058300353586674e-05
69,blocks.1.mlp.c_fc.weight.buf,4194304,4196389,RAW,0.10052158299367875
69,blocks.1.mlp.c_proj.weight.buf,4194304,4195129,RAW,0.15667608298826963
69,blocks.2.attn.c_q.weight.buf,1048576,1049401,RAW,0.022304374986561015
69,blocks.2.attn.c_k.weight.buf,1048576,1049401,RAW,0.041682416980620474
69,blocks.2.attn.c_v.weight.buf,1048576,1049401,RAW,0.02114216599147767
69,blocks.2.attn.c_proj.weight.buf,1048576,1049401,RAW,0.021653750009136274
69,blocks.2.mlp.c_fc.weight.buf,4194304,4196389,RAW,0.13176045802538283
69,blocks.2.mlp.c_proj.weight.buf,4194304,4195129,RAW,0.10921841699746437
69,blocks.3.attn.c_q.weight.buf,1048576,1049401,RAW,0.020199749997118488
69,blocks.3.attn.c_k.weight.buf,1048576,1049401,RAW,0.03671916699386202
69,blocks.3.attn.c_v.weight.buf,1048576,1049401,RAW,0.02141274997848086
69,blocks.3.attn.c_proj.weight.buf,1048576,1049401,RAW,0.020665042015025392
69,blocks.3.attn.ve_gate.weight.buf,512,1022,RAW,1.650000922381878e-05
69,blocks.3.mlp.c_fc.weight.buf,4194304,4196389,RAW,0.09959633398102596
69,blocks.3.mlp.c_proj.weight.buf,4194304,4195129,RAW,0.12390870798844844
69,blocks.4.attn.c_q.weight.buf,1048576,1049401,RAW,0.021994541020831093
69,blocks.4.attn.c_k.weight.buf,1048576,1049401,RAW,0.02024137499392964
69,blocks.4.attn.c_v.weight.buf,1048576,1049401,RAW,0.038240790978306904
69,blocks.4.attn.c_proj.weight.buf,1048576,1049401,RAW,0.020498500001849607
69,blocks.4.mlp.c_fc.weight.buf,4194304,4196389,RAW,0.09943654199014418
69,blocks.4.mlp.c_proj.weight.buf,4194304,4195129,RAW,0.12911475001601502
69,blocks.5.attn.c_q.weight.buf,1048576,1049401,RAW,0.020659166999394074
69,blocks.5.attn.c_k.weight.buf,1048576,1049401,RAW,0.020018207986140624
69,blocks.5.attn.c_v.weight.buf,1048576,1049401,RAW,0.03810541599523276
69,blocks.5.attn.c_proj.weight.buf,1048576,1049401,RAW,0.02037725000991486
69,blocks.5.attn.ve_gate.weight.buf,512,1022,RAW,1.6709003830328584e-05
69,blocks.5.mlp.c_fc.weight.buf,4194304,4196389,RAW,0.0998195830034092
69,blocks.5.mlp.c_proj.weight.buf,4194304,4195129,RAW,0.12274045799858868
69,blocks.6.attn.c_q.weight.buf,1048576,1049401,RAW,0.021191707986872643
69,blocks.6.attn.c_k.weight.buf,1048576,1049401,RAW,0.020462999993469566
69,blocks.6.attn.c_v.weight.buf,1048576,1049401,RAW,0.037219874997390434
69,blocks.6.attn.c_proj.weight.buf,1048576,1049401,RAW,0.021047916990937665
69,blocks.6.mlp.c_fc.weight.buf,4194304,4196389,RAW,0.10007924999808893
69,blocks.6.mlp.c_proj.weight.buf,4194304,4195129,RAW,0.10742029201355763
69,blocks.7.attn.c_q.weight.buf,1048576,1049401,RAW,0.05345370899885893
69,blocks.7.attn.c_k.weight.buf,1048576,1049401,RAW,0.020696040999609977
69,blocks.7.attn.c_v.weight.buf,1048576,1049401,RAW,0.020588167011737823
69,blocks.7.attn.c_proj.weight.buf,1048576,1049401,RAW,0.03831849998096004
69,blocks.7.attn.ve_gate.weight.buf,512,1022,RAW,2.145799226127565e-05
69,blocks.7.mlp.c_fc.weight.buf,4194304,4196389,RAW,0.09817970800213516
69,blocks.7.mlp.c_proj.weight.buf,4194304,4195129,RAW,0.10138145802193321
69,lm_head.weight.m,67108864,67136149,RAW,1.6518254159891512
69,lm_head.weight.v,67108864,67136149,RAW,1.6336992500000633
69,resid_lambdas.m,32,32,RAW_VECTOR,5.459005478769541e-06
69,resid_lambdas.v,32,32,RAW_VECTOR,5.00003807246685e-07
69,x0_lambdas.m,32,32,RAW_VECTOR,1.0829826351255178e-06
69,x0_lambdas.v,32,32,RAW_VECTOR,4.580069798976183e-07
69,value_embeds.1.weight.m,67108864,67136149,RAW,1.3953590420132969
69,value_embeds.1.weight.v,67108864,67136149,RAW,1.345283291011583
69,value_embeds.3.weight.m,67108864,67136149,RAW,1.389472917013336
69,value_embeds.3.weight.v,67108864,67136149,RAW,1.3404356249957345
69,value_embeds.5.weight.m,67108864,67136149,RAW,1.3479543330031447
69,value_embeds.5.weight.v,67108864,67136149,RAW,1.372458458004985
69,value_embeds.7.weight.m,67108864,67136149,RAW,1.3793372499931138
69,value_embeds.7.weight.v,67108864,67136149,RAW,1.3598847090033814
70,wte.weight.m,67108864,67136149,RAW,1.3500439159979578
70,wte.weight.v,67108864,67136149,RAW,1.3487685000000056
70,blocks.0.attn.c_q.weight.buf,1048576,1049401,RAW,0.03709933298523538
70,blocks.0.attn.c_k.weight.buf,1048576,1049401,RAW,0.020037790993228555
70,blocks.0.attn.c_v.weight.buf,1048576,1049401,RAW,0.020410333992913365
70,blocks.0.attn.c_proj.weight.buf,1048576,1049401,RAW,0.03728687501279637
70,blocks.0.mlp.c_fc.weight.buf,4194304,4196389,RAW,0.10028574999887496
70,blocks.0.mlp.c_proj.weight.buf,4194304,4195129,RAW,0.1175632500089705
70,blocks.1.attn.c_q.weight.buf,1048576,1049401,RAW,0.038814416009699926
70,blocks.1.attn.c_k.weight.buf,1048576,1049401,RAW,0.021284874994307756
70,blocks.1.attn.c_v.weight.buf,1048576,1049401,RAW,0.020644000003812835
70,blocks.1.attn.c_proj.weight.buf,1048576,1049401,RAW,0.03735179200884886
70,blocks.1.attn.ve_gate.weight.buf,512,1022,RAW,1.8584018107503653e-05
70,blocks.1.mlp.c_fc.weight.buf,4194304,4196389,RAW,0.1010295000160113
70,blocks.1.mlp.c_proj.weight.buf,4194304,4195129,RAW,0.10802070799400099
70,blocks.2.attn.c_q.weight.buf,1048576,1049401,RAW,0.03764012499595992
70,blocks.2.attn.c_k.weight.buf,1048576,1049401,RAW,0.02052883297437802
70,blocks.2.attn.c_v.weight.buf,1048576,1049401,RAW,0.019862082990584895
70,blocks.2.attn.c_proj.weight.buf,1048576,1049401,RAW,0.03751454199664295
70,blocks.2.mlp.c_fc.weight.buf,4194304,4196389,RAW,0.1006458749761805
70,blocks.2.mlp.c_proj.weight.buf,4194304,4195129,RAW,0.11476320799556561
70,blocks.3.attn.c_q.weight.buf,1048576,1049401,RAW,0.037514208001084626
70,blocks.3.attn.c_k.weight.buf,1048576,1049401,RAW,0.020399000000907108
70,blocks.3.attn.c_v.weight.buf,1048576,1049401,RAW,0.020379916997626424
70,blocks.3.attn.c_proj.weight.buf,1048576,1049401,RAW,0.037007999984780326
70,blocks.3.attn.ve_gate.weight.buf,512,1022,RAW,1.4249992091208696e-05
70,blocks.3.mlp.c_fc.weight.buf,4194304,4196389,RAW,0.09778212499804795
70,blocks.3.mlp.c_proj.weight.buf,4194304,4195129,RAW,0.10441637501935475
70,blocks.4.attn.c_q.weight.buf,1048576,1049401,RAW,0.035882084019249305
70,blocks.4.attn.c_k.weight.buf,1048576,1049401,RAW,0.03597412499948405
70,blocks.4.attn.c_v.weight.buf,1048576,1049401,RAW,0.02011916699120775
70,blocks.4.attn.c_proj.weight.buf,1048576,1049401,RAW,0.03634620798402466
70,blocks.4.mlp.c_fc.weight.buf,4194304,4196389,RAW,0.09895458299433812
70,blocks.4.mlp.c_proj.weight.buf,4194304,4195129,RAW,0.10232308402191848
70,blocks.5.attn.c_q.weight.buf,1048576,1049401,RAW,0.019756499998038635
70,blocks.5.attn.c_k.weight.buf,1048576,1049401,RAW,0.03785937500651926
70,blocks.5.attn.c_v.weight.buf,1048576,1049401,RAW,0.01983999999356456
70,blocks.5.attn.c_proj.weight.buf,1048576,1049401,RAW,0.02044808299979195
70,blocks.5.attn.ve_gate.weight.buf,512,1022,RAW,2.8417009161785245e-05
70,blocks.5.mlp.c_fc.weight.buf,4194304,4196389,RAW,0.09822483401512727
70,blocks.5.mlp.c_proj.weight.buf,4194304,4195129,RAW,0.10317929199663922
70,blocks.6.attn.c_q.weight.buf,1048576,1049401,RAW,0.020060500013642013
70,blocks.6.attn.c_k.weight.buf,1048576,1049401,RAW,0.03639383299741894
70,blocks.6.attn.c_v.weight.buf,1048576,1049401,RAW,0.021619000006467104
70,blocks.6.attn.c_proj.weight.buf,1048576,1049401,RAW,0.02300683400244452
70,blocks.6.mlp.c_fc.weight.buf,4194304,4196389,RAW,0.12708795801154338
70,blocks.6.mlp.c_proj.weight.buf,4194304,4195129,RAW,0.1468618330254685
70,blocks.7.attn.c_q.weight.buf,1048576,1049401,RAW,0.043285166000714526
70,blocks.7.attn.c_k.weight.buf,1048576,1049401,RAW,0.024058707989752293
70,blocks.7.attn.c_v.weight.buf,1048576,1049401,RAW,0.022180542000569403
70,blocks.7.attn.c_proj.weight.buf,1048576,1049401,RAW,0.04368737500044517
70,blocks.7.attn.ve_gate.weight.buf,512,1022,RAW,3.329099854454398e-05
70,blocks.7.mlp.c_fc.weight.buf,4194304,4196389,RAW,0.10319204200641252
70,blocks.7.mlp.c_proj.weight.buf,4194304,4195129,RAW,0.14031999997678213
70,lm_head.weight.m,67108864,67136149,RAW,1.6596509579976555
70,lm_head.weight.v,67108864,67136149,RAW,1.6767789580044337
70,resid_lambdas.m,32,32,RAW_VECTOR,6.833986844867468e-06
70,resid_lambdas.v,32,32,RAW_VECTOR,1.7500133253633976e-06
70,x0_lambdas.m,32,32,RAW_VECTOR,1.2920063454657793e-06
70,x0_lambdas.v,32,32,RAW_VECTOR,5.409820005297661e-07
70,value_embeds.1.weight.m,67108864,67136149,RAW,1.366833250009222
70,value_embeds.1.weight.v,67108864,67136149,RAW,1.3527847089862917
70,value_embeds.3.weight.m,67108864,67136149,RAW,1.4046685000066645
70,value_embeds.3.weight.v,67108864,67136149,RAW,1.3383868749951944
70,value_embeds.5.weight.m,67108864,67136149,RAW,1.3943122920172755
70,value_embeds.5.weight.v,67108864,67136149,RAW,1.3431322500109673
70,value_embeds.7.weight.m,67108864,67136149,RAW,1.4262114579905756
70,value_embeds.7.weight.v,67108864,67136149,RAW,1.354272583994316
71,wte.weight.m,67108864,67136149,RAW,1.3925858330039773
71,wte.weight.v,67108864,67136149,RAW,1.3244071249791887
71,blocks.0.attn.c_q.weight.buf,1048576,1049401,RAW,0.01946112501900643
71,blocks.0.attn.c_k.weight.buf,1048576,1049401,RAW,0.037888624996412545
71,blocks.0.attn.c_v.weight.buf,1048576,1049401,RAW,0.020288332976633683
71,blocks.0.attn.c_proj.weight.buf,1048576,1049401,RAW,0.021455459005665034
71,blocks.0.mlp.c_fc.weight.buf,4194304,4196389,RAW,0.10292000000481494
71,blocks.0.mlp.c_proj.weight.buf,4194304,4195129,RAW,0.11008970800321549
71,blocks.1.attn.c_q.weight.buf,1048576,1049401,RAW,0.020090874982997775
71,blocks.1.attn.c_k.weight.buf,1048576,1049401,RAW,0.0368070840195287
71,blocks.1.attn.c_v.weight.buf,1048576,1049401,RAW,0.019879542000126094
71,blocks.1.attn.c_proj.weight.buf,1048576,1049401,RAW,0.019825541996397078
71,blocks.1.attn.ve_gate.weight.buf,512,1022,RAW,2.3667002096772194e-05
71,blocks.1.mlp.c_fc.weight.buf,4194304,4196389,RAW,0.11805075002484955
71,blocks.1.mlp.c_proj.weight.buf,4194304,4195129,RAW,0.12436416701530106
71,blocks.2.attn.c_q.weight.buf,1048576,1049401,RAW,0.021118832984939218
71,blocks.2.attn.c_k.weight.buf,1048576,1049401,RAW,0.041838834004011005
71,blocks.2.attn.c_v.weight.buf,1048576,1049401,RAW,0.02163604201632552
71,blocks.2.attn.c_proj.weight.buf,1048576,1049401,RAW,0.021668750006938353
71,blocks.2.mlp.c_fc.weight.buf,4194304,4196389,RAW,0.1074422920064535
71,blocks.2.mlp.c_proj.weight.buf,4194304,4195129,RAW,0.12792925001122057
71,blocks.3.attn.c_q.weight.buf,1048576,1049401,RAW,0.04032358402037062
71,blocks.3.attn.c_k.weight.buf,1048576,1049401,RAW,0.021685374988010153
71,blocks.3.attn.c_v.weight.buf,1048576,1049401,RAW,0.020151000004261732
71,blocks.3.attn.c_proj.weight.buf,1048576,1049401,RAW,0.03756841699942015
71,blocks.3.attn.ve_gate.weight.buf,512,1022,RAW,2.983299782499671e-05
71,blocks.3.mlp.c_fc.weight.buf,4194304,4196389,RAW,0.10022225001011975
71,blocks.3.mlp.c_proj.weight.buf,4194304,4195129,RAW,0.10594037498231046
71,blocks.4.attn.c_q.weight.buf,1048576,1049401,RAW,0.038153708999743685
71,blocks.4.attn.c_k.weight.buf,1048576,1049401,RAW,0.02091166700120084
71,blocks.4.attn.c_v.weight.buf,1048576,1049401,RAW,0.020272583002224565
71,blocks.4.attn.c_proj.weight.buf,1048576,1049401,RAW,0.03692679200321436
71,blocks.4.mlp.c_fc.weight.buf,4194304,4196389,RAW,0.10118724999483675
71,blocks.4.mlp.c_proj.weight.buf,4194304,4195129,RAW,0.1056952920043841
71,blocks.5.attn.c_q.weight.buf,1048576,1049401,RAW,0.020331416017143056
71,blocks.5.attn.c_k.weight.buf,1048576,1049401,RAW,0.03749137499835342
71,blocks.5.attn.c_v.weight.buf,1048576,1049401,RAW,0.02042479199008085
71,blocks.5.attn.c_proj.weight.buf,1048576,1049401,RAW,0.02099308298784308
71,blocks.5.attn.ve_gate.weight.buf,512,1022,RAW,1.2750009773299098e-05
71,blocks.5.mlp.c_fc.weight.buf,4194304,4196389,RAW,0.10466391599038616
71,blocks.5.mlp.c_proj.weight.buf,4194304,4195129,RAW,0.10809233400505036
71,blocks.6.attn.c_q.weight.buf,1048576,1049401,RAW,0.020602000004146248
71,blocks.6.attn.c_k.weight.buf,1048576,1049401,RAW,0.03851641700020991
71,blocks.6.attn.c_v.weight.buf,1048576,1049401,RAW,0.02078658397658728
71,blocks.6.attn.c_proj.weight.buf,1048576,1049401,RAW,0.02062383299926296
71,blocks.6.mlp.c_fc.weight.buf,4194304,4196389,RAW,0.1330338749976363
71,blocks.6.mlp.c_proj.weight.buf,4194304,4195129,RAW,0.10701095798867755
71,blocks.7.attn.c_q.weight.buf,1048576,1049401,RAW,0.020277958014048636
71,blocks.7.attn.c_k.weight.buf,1048576,1049401,RAW,0.03667037500417791
71,blocks.7.attn.c_v.weight.buf,1048576,1049401,RAW,0.021817375003593042
71,blocks.7.attn.c_proj.weight.buf,1048576,1049401,RAW,0.020764707995112985
71,blocks.7.attn.ve_gate.weight.buf,512,1022,RAW,1.216601231135428e-05
71,blocks.7.mlp.c_fc.weight.buf,4194304,4196389,RAW,0.10152999998535961
71,blocks.7.mlp.c_proj.weight.buf,4194304,4195129,RAW,0.10364874999504536
71,lm_head.weight.m,67108864,67136149,RAW,1.6645110420067795
71,lm_head.weight.v,67108864,67136149,RAW,1.622979875013698
71,resid_lambdas.m,32,32,RAW_VECTOR,8.37500556372106e-06
71,resid_lambdas.v,32,32,RAW_VECTOR,6.249756552278996e-07
71,x0_lambdas.m,32,32,RAW_VECTOR,1.207983586937189e-06
71,x0_lambdas.v,32,32,RAW_VECTOR,4.169996827840805e-07
71,value_embeds.1.weight.m,67108864,67136149,RAW,1.3962523749796674
71,value_embeds.1.weight.v,67108864,67136149,RAW,1.3937934589921497
71,value_embeds.3.weight.m,67108864,67136149,RAW,1.4296934580197558
71,value_embeds.3.weight.v,67108864,67136149,RAW,1.3500857079925481
71,value_embeds.5.weight.m,67108864,67136149,RAW,1.4297816250182223
71,value_embeds.5.weight.v,67108864,67136149,RAW,1.3771695839823224
71,value_embeds.7.weight.m,67108864,67136149,RAW,1.3798667920054868
71,value_embeds.7.weight.v,67108864,67136149,RAW,1.4048687079921365
72,wte.weight.m,67108864,67136149,RAW,1.380943166994257
72,wte.weight.v,67108864,67136149,RAW,1.3581714160100091
72,blocks.0.attn.c_q.weight.buf,1048576,1049401,RAW,0.021004082984291017
72,blocks.0.attn.c_k.weight.buf,1048576,1049401,RAW,0.020290083019062877
72,blocks.0.attn.c_v.weight.buf,1048576,1049401,RAW,0.03865729199605994
72,blocks.0.attn.c_proj.weight.buf,1048576,1049401,RAW,0.020306290971348062
72,blocks.0.mlp.c_fc.weight.buf,4194304,4196389,RAW,0.09947420901153237
72,blocks.0.mlp.c_proj.weight.buf,4194304,4195129,RAW,0.12528183299582452
72,blocks.1.attn.c_q.weight.buf,1048576,1049401,RAW,0.020883290999336168
72,blocks.1.attn.c_k.weight.buf,1048576,1049401,RAW,0.02018637498258613
72,blocks.1.attn.c_v.weight.buf,1048576,1049401,RAW,0.03738333401270211
72,blocks.1.attn.c_proj.weight.buf,1048576,1049401,RAW,0.020237040997017175
72,blocks.1.attn.ve_gate.weight.buf,512,1022,RAW,2.8417009161785245e-05
72,blocks.1.mlp.c_fc.weight.buf,4194304,4196389,RAW,0.09958637499948964
72,blocks.1.mlp.c_proj.weight.buf,4194304,4195129,RAW,0.12819712498458102
72,blocks.2.attn.c_q.weight.buf,1048576,1049401,RAW,0.021037958009401336
72,blocks.2.attn.c_k.weight.buf,1048576,1049401,RAW,0.020356541994260624
72,blocks.2.attn.c_v.weight.buf,1048576,1049401,RAW,0.03689637497882359
72,blocks.2.attn.c_proj.weight.buf,1048576,1049401,RAW,0.03779991698684171
72,blocks.2.mlp.c_fc.weight.buf,4194304,4196389,RAW,0.0991616669925861
72,blocks.2.mlp.c_proj.weight.buf,4194304,4195129,RAW,0.10426291701151058
72,blocks.3.attn.c_q.weight.buf,1048576,1049401,RAW,0.021690749999834225
72,blocks.3.attn.c_k.weight.buf,1048576,1049401,RAW,0.020124333997955546
72,blocks.3.attn.c_v.weight.buf,1048576,1049401,RAW,0.019924084015656263
72,blocks.3.attn.c_proj.weight.buf,1048576,1049401,RAW,0.03756195798632689
72,blocks.3.attn.ve_gate.weight.buf,512,1022,RAW,3.183298395015299e-05
72,blocks.3.mlp.c_fc.weight.buf,4194304,4196389,RAW,0.0988579580152873
72,blocks.3.mlp.c_proj.weight.buf,4194304,4195129,RAW,0.10488029100815766
72,blocks.4.attn.c_q.weight.buf,1048576,1049401,RAW,0.021338874998036772
72,blocks.4.attn.c_k.weight.buf,1048576,1049401,RAW,0.020252499991329387
72,blocks.4.attn.c_v.weight.buf,1048576,1049401,RAW,0.020124000002397224
72,blocks.4.attn.c_proj.weight.buf,1048576,1049401,RAW,0.03722050000214949
72,blocks.4.mlp.c_fc.weight.buf,4194304,4196389,RAW,0.09768370797974057
72,blocks.4.mlp.c_proj.weight.buf,4194304,4195129,RAW,0.10789791701245122
72,blocks.5.attn.c_q.weight.buf,1048576,1049401,RAW,0.024238624988356605
72,blocks.5.attn.c_k.weight.buf,1048576,1049401,RAW,0.0222626669856254
72,blocks.5.attn.c_v.weight.buf,1048576,1049401,RAW,0.041673375002574176
72,blocks.5.attn.c_proj.weight.buf,1048576,1049401,RAW,0.04401245899498463
72,blocks.5.attn.ve_gate.weight.buf,512,1022,RAW,3.129098331555724e-05
72,blocks.5.mlp.c_fc.weight.buf,4194304,4196389,RAW,0.10969908401602879
72,blocks.5.mlp.c_proj.weight.buf,4194304,4195129,RAW,0.16150937500060536
72,blocks.6.attn.c_q.weight.buf,1048576,1049401,RAW,0.02238324997597374
72,blocks.6.attn.c_k.weight.buf,1048576,1049401,RAW,0.038440041011199355
72,blocks.6.attn.c_v.weight.buf,1048576,1049401,RAW,0.020795457996428013
72,blocks.6.attn.c_proj.weight.buf,1048576,1049401,RAW,0.020574291003867984
72,blocks.6.mlp.c_fc.weight.buf,4194304,4196389,RAW,0.11718425000435673
72,blocks.6.mlp.c_proj.weight.buf,4194304,4195129,RAW,0.1074147500039544
72,blocks.7.attn.c_q.weight.buf,1048576,1049401,RAW,0.0207476660143584
72,blocks.7.attn.c_k.weight.buf,1048576,1049401,RAW,0.03869824999128468
72,blocks.7.attn.c_v.weight.buf,1048576,1049401,RAW,0.020751707983436063
72,blocks.7.attn.c_proj.weight.buf,1048576,1049401,RAW,0.0204714999999851
72,blocks.7.attn.ve_gate.weight.buf,512,1022,RAW,2.2666994482278824e-05
72,blocks.7.mlp.c_fc.weight.buf,4194304,4196389,RAW,0.11732966700219549
72,blocks.7.mlp.c_proj.weight.buf,4194304,4195129,RAW,0.10714733300847001
72,lm_head.weight.m,67108864,67136149,RAW,1.6599787500163075
72,lm_head.weight.v,67108864,67136149,RAW,1.6488983340095729
72,resid_lambdas.m,32,32,RAW_VECTOR,7.166992872953415e-06
72,resid_lambdas.v,32,32,RAW_VECTOR,5.409820005297661e-07
72,x0_lambdas.m,32,32,RAW_VECTOR,1.3750104699283838e-06
72,x0_lambdas.v,32,32,RAW_VECTOR,5.00003807246685e-07
72,value_embeds.1.weight.m,67108864,67136149,RAW,1.3715124160225969
72,value_embeds.1.weight.v,67108864,67136149,RAW,1.3899488750030287
72,value_embeds.3.weight.m,67108864,67136149,RAW,1.4042835410218686
72,value_embeds.3.weight.v,67108864,67136149,RAW,1.3721693339757621
72,value_embeds.5.weight.m,67108864,67136149,RAW,1.4176269170129672
72,value_embeds.5.weight.v,67108864,67136149,RAW,1.3706264170177747
72,value_embeds.7.weight.m,67108864,67136149,RAW,1.4358167089812923
72,value_embeds.7.weight.v,67108864,67136149,RAW,1.3470379580103327
73,wte.weight.m,67108864,67136149,RAW,1.4229845410154667
73,wte.weight.v,67108864,67136149,RAW,1.3031449580157641
73,blocks.0.attn.c_q.weight.buf,1048576,1049401,RAW,0.03659479200723581
73,blocks.0.attn.c_k.weight.buf,1048576,1049401,RAW,0.019723499979590997
73,blocks.0.attn.c_v.weight.buf,1048576,1049401,RAW,0.019504291005432606
73,blocks.0.attn.c_proj.weight.buf,1048576,1049401,RAW,0.036419124982785434
73,blocks.0.mlp.c_fc.weight.buf,4194304,4196389,RAW,0.09987558398279361
73,blocks.0.mlp.c_proj.weight.buf,4194304,4195129,RAW,0.15147179199266247
73,blocks.1.attn.c_q.weight.buf,1048576,1049401,RAW,0.02250387502135709
73,blocks.1.attn.c_k.weight.buf,1048576,1049401,RAW,0.021290666016284376
73,blocks.1.attn.c_v.weight.buf,1048576,1049401,RAW,0.041397916997084394
73,blocks.1.attn.c_proj.weight.buf,1048576,1049401,RAW,0.021527249977225438
73,blocks.1.attn.ve_gate.weight.buf,512,1022,RAW,3.9000005926936865e-05
73,blocks.1.mlp.c_fc.weight.buf,4194304,4196389,RAW,0.12463774997740984
73,blocks.1.mlp.c_proj.weight.buf,4194304,4195129,RAW,0.13034583302214742
73,blocks.2.attn.c_q.weight.buf,1048576,1049401,RAW,0.02064887501182966
73,blocks.2.attn.c_k.weight.buf,1048576,1049401,RAW,0.02055070799542591
73,blocks.2.attn.c_v.weight.buf,1048576,1049401,RAW,0.03719766600988805
73,blocks.2.attn.c_proj.weight.buf,1048576,1049401,RAW,0.020708124997327104
73,blocks.2.mlp.c_fc.weight.buf,4194304,4196389,RAW,0.10152208301587962
73,blocks.2.mlp.c_proj.weight.buf,4194304,4195129,RAW,0.127001333021326
73,blocks.3.attn.c_q.weight.buf,1048576,1049401,RAW,0.02909091699984856
73,blocks.3.attn.c_k.weight.buf,1048576,1049401,RAW,0.01982250000583008
73,blocks.3.attn.c_v.weight.buf,1048576,1049401,RAW,0.03740749999997206
73,blocks.3.attn.c_proj.weight.buf,1048576,1049401,RAW,0.02094683301402256
73,blocks.3.attn.ve_gate.weight.buf,512,1022,RAW,1.879199407994747e-05
73,blocks.3.mlp.c_fc.weight.buf,4194304,4196389,RAW,0.09920404199510813
73,blocks.3.mlp.c_proj.weight.buf,4194304,4195129,RAW,0.12196829199092463
73,blocks.4.attn.c_q.weight.buf,1048576,1049401,RAW,0.021718625008361414
73,blocks.4.attn.c_k.weight.buf,1048576,1049401,RAW,0.02037487499183044
73,blocks.4.attn.c_v.weight.buf,1048576,1049401,RAW,0.020518999983323738
73,blocks.4.attn.c_proj.weight.buf,1048576,1049401,RAW,0.022495832992717624
73,blocks.4.mlp.c_fc.weight.buf,4194304,4196389,RAW,0.11719154199818149
73,blocks.4.mlp.c_proj.weight.buf,4194304,4195129,RAW,0.105796082993038
73,blocks.5.attn.c_q.weight.buf,1048576,1049401,RAW,0.03798966700560413
73,blocks.5.attn.c_k.weight.buf,1048576,1049401,RAW,0.02036450000014156
73,blocks.5.attn.c_v.weight.buf,1048576,1049401,RAW,0.020577166025759652
73,blocks.5.attn.c_proj.weight.buf,1048576,1049401,RAW,0.022052333981264383
73,blocks.5.attn.ve_gate.weight.buf,512,1022,RAW,1.5124998753890395e-05
73,blocks.5.mlp.c_fc.weight.buf,4194304,4196389,RAW,0.09942470901296474
73,blocks.5.mlp.c_proj.weight.buf,4194304,4195129,RAW,0.10733570801676251
73,blocks.6.attn.c_q.weight.buf,1048576,1049401,RAW,0.03806054199230857
73,blocks.6.attn.c_k.weight.buf,1048576,1049401,RAW,0.02045033301692456
73,blocks.6.attn.c_v.weight.buf,1048576,1049401,RAW,0.02054004100500606
73,blocks.6.attn.c_proj.weight.buf,1048576,1049401,RAW,0.03777133297990076
73,blocks.6.mlp.c_fc.weight.buf,4194304,4196389,RAW,0.09814937500050291
73,blocks.6.mlp.c_proj.weight.buf,4194304,4195129,RAW,0.10171120899030939
73,blocks.7.attn.c_q.weight.buf,1048576,1049401,RAW,0.035478875011904165
73,blocks.7.attn.c_k.weight.buf,1048576,1049401,RAW,0.021104374987771735
73,blocks.7.attn.c_v.weight.buf,1048576,1049401,RAW,0.019983875012258068
73,blocks.7.attn.c_proj.weight.buf,1048576,1049401,RAW,0.02002808399265632
73,blocks.7.attn.ve_gate.weight.buf,512,1022,RAW,0.0001468330156058073
73,blocks.7.mlp.c_fc.weight.buf,4194304,4196389,RAW,0.11308999999891967
73,blocks.7.mlp.c_proj.weight.buf,4194304,4195129,RAW,0.1026215830061119
73,lm_head.weight.m,67108864,67136149,RAW,1.6674021250219084
73,lm_head.weight.v,67108864,67136149,RAW,1.6301503330178093
73,resid_lambdas.m,32,32,RAW_VECTOR,8.000002708286047e-06
73,resid_lambdas.v,32,32,RAW_VECTOR,4.791014362126589e-06
73,x0_lambdas.m,32,32,RAW_VECTOR,2.7909991331398487e-06
73,x0_lambdas.v,32,32,RAW_VECTOR,9.170034900307655e-07
73,value_embeds.1.weight.m,67108864,67136149,RAW,1.4316019999969285
73,value_embeds.1.weight.v,67108864,67136149,RAW,1.3533505000232253
73,value_embeds.3.weight.m,67108864,67136149,RAW,1.4400198749790434
73,value_embeds.3.weight.v,67108864,67136149,RAW,1.3555793749983422
73,value_embeds.5.weight.m,67108864,67136149,RAW,1.3994665420032106
73,value_embeds.5.weight.v,67108864,67136149,RAW,1.3759925829945132
73,value_embeds.7.weight.m,67108864,67136149,RAW,1.3873981249926146
73,value_embeds.7.weight.v,67108864,67136149,RAW,1.3859857500065118
74,wte.weight.m,67108864,67136149,RAW,1.3865404999814928
74,wte.weight.v,67108864,67136149,RAW,1.3400199160096236
74,blocks.0.attn.c_q.weight.buf,1048576,1049401,RAW,0.020849875028943643
74,blocks.0.attn.c_k.weight.buf,1048576,1049401,RAW,0.01996150001650676
74,blocks.0.attn.c_v.weight.buf,1048576,1049401,RAW,0.03692891699029133
74,blocks.0.attn.c_proj.weight.buf,1048576,1049401,RAW,0.02048066697898321
74,blocks.0.mlp.c_fc.weight.buf,4194304,4196389,RAW,0.0974743329861667
74,blocks.0.mlp.c_proj.weight.buf,4194304,4195129,RAW,0.13977400001022033
74,blocks.1.attn.c_q.weight.buf,1048576,1049401,RAW,0.022219874983420596
74,blocks.1.attn.c_k.weight.buf,1048576,1049401,RAW,0.02001295899390243
74,blocks.1.attn.c_v.weight.buf,1048576,1049401,RAW,0.01980379200540483
74,blocks.1.attn.c_proj.weight.buf,1048576,1049401,RAW,0.021769541985122487
74,blocks.1.attn.ve_gate.weight.buf,512,1022,RAW,1.3499986380338669e-05
74,blocks.1.mlp.c_fc.weight.buf,4194304,4196389,RAW,0.09860420899349265
74,blocks.1.mlp.c_proj.weight.buf,4194304,4195129,RAW,0.1070129579748027
74,blocks.2.attn.c_q.weight.buf,1048576,1049401,RAW,0.038646083005005494
74,blocks.2.attn.c_k.weight.buf,1048576,1049401,RAW,0.020218207995640114
74,blocks.2.attn.c_v.weight.buf,1048576,1049401,RAW,0.019959916011430323
74,blocks.2.attn.c_proj.weight.buf,1048576,1049401,RAW,0.03749212500406429
74,blocks.2.mlp.c_fc.weight.buf,4194304,4196389,RAW,0.09732183301821351
74,blocks.2.mlp.c_proj.weight.buf,4194304,4195129,RAW,0.10190212502493523
74,blocks.3.attn.c_q.weight.buf,1048576,1049401,RAW,0.03727000000071712
74,blocks.3.attn.c_k.weight.buf,1048576,1049401,RAW,0.019966666004620492
74,blocks.3.attn.c_v.weight.buf,1048576,1049401,RAW,0.019819209002889693
74,blocks.3.attn.c_proj.weight.buf,1048576,1049401,RAW,0.03650324998307042
74,blocks.3.attn.ve_gate.weight.buf,512,1022,RAW,2.6374997105449438e-05
74,blocks.3.mlp.c_fc.weight.buf,4194304,4196389,RAW,0.09763433301122859
74,blocks.3.mlp.c_proj.weight.buf,4194304,4195129,RAW,0.11843529200996272
74,blocks.4.attn.c_q.weight.buf,1048576,1049401,RAW,0.020225374988513067
74,blocks.4.attn.c_k.weight.buf,1048576,1049401,RAW,0.0427932909806259
74,blocks.4.attn.c_v.weight.buf,1048576,1049401,RAW,0.0217229169793427
74,blocks.4.attn.c_proj.weight.buf,1048576,1049401,RAW,0.021743042016169056
74,blocks.4.mlp.c_fc.weight.buf,4194304,4196389,RAW,0.10833408299367875
74,blocks.4.mlp.c_proj.weight.buf,4194304,4195129,RAW,0.12937716601300053
74,blocks.5.attn.c_q.weight.buf,1048576,1049401,RAW,0.04402254198794253
74,blocks.5.attn.c_k.weight.buf,1048576,1049401,RAW,0.021790166007122025
74,blocks.5.attn.c_v.weight.buf,1048576,1049401,RAW,0.021367874986026436
74,blocks.5.attn.c_proj.weight.buf,1048576,1049401,RAW,0.041863333026412874
74,blocks.5.attn.ve_gate.weight.buf,512,1022,RAW,2.529201447032392e-05
74,blocks.5.mlp.c_fc.weight.buf,4194304,4196389,RAW,0.09946995798964053
74,blocks.5.mlp.c_proj.weight.buf,4194304,4195129,RAW,0.10802483299630694
74,blocks.6.attn.c_q.weight.buf,1048576,1049401,RAW,0.03755762500804849
74,blocks.6.attn.c_k.weight.buf,1048576,1049401,RAW,0.02084604199626483
74,blocks.6.attn.c_v.weight.buf,1048576,1049401,RAW,0.020480208011576906
74,blocks.6.attn.c_proj.weight.buf,1048576,1049401,RAW,0.037403207999886945
74,blocks.6.mlp.c_fc.weight.buf,4194304,4196389,RAW,0.1161857919942122
74,blocks.6.mlp.c_proj.weight.buf,4194304,4195129,RAW,0.10708608300774358
74,blocks.7.attn.c_q.weight.buf,1048576,1049401,RAW,0.03750795900123194
74,blocks.7.attn.c_k.weight.buf,1048576,1049401,RAW,0.020773750002263114
74,blocks.7.attn.c_v.weight.buf,1048576,1049401,RAW,0.02018412499455735
74,blocks.7.attn.c_proj.weight.buf,1048576,1049401,RAW,0.03763304199674167
74,blocks.7.attn.ve_gate.weight.buf,512,1022,RAW,1.554097980260849e-05
74,blocks.7.mlp.c_fc.weight.buf,4194304,4196389,RAW,0.10216400001081638
74,blocks.7.mlp.c_proj.weight.buf,4194304,4195129,RAW,0.11178300000028685
74,lm_head.weight.m,67108864,67136149,RAW,1.6271926669869572
74,lm_head.weight.v,67108864,67136149,RAW,1.6733496249944437
74,resid_lambdas.m,32,32,RAW_VECTOR,7.08398874849081e-06
74,resid_lambdas.v,32,32,RAW_VECTOR,5.829788278788328e-07
74,x0_lambdas.m,32,32,RAW_VECTOR,1.208973117172718e-06
74,x0_lambdas.v,32,32,RAW_VECTOR,2.9199873097240925e-07
74,value_embeds.1.weight.m,67108864,67136149,RAW,1.3697519580018707
74,value_embeds.1.weight.v,67108864,67136149,RAW,1.4292462499870453
74,value_embeds.3.weight.m,67108864,67136149,RAW,1.380697374988813
74,value_embeds.3.weight.v,67108864,67136149,RAW,1.395342250005342
74,value_embeds.5.weight.m,67108864,67136149,RAW,1.4187161669833586
74,value_embeds.5.weight.v,67108864,67136149,RAW,1.3757633330242243
74,value_embeds.7.weight.m,67108864,67136149,RAW,1.4035746660083532
74,value_embeds.7.weight.v,67108864,67136149,RAW,1.349153125018347
75,wte.weight.m,67108864,67136149,RAW,1.3926135829824489
75,wte.weight.v,67108864,67136149,RAW,1.313527916005114
75,blocks.0.attn.c_q.weight.buf,1048576,1049401,RAW,0.06359079200774431
75,blocks.0.attn.c_k.weight.buf,1048576,1049401,RAW,0.02124599998933263
75,blocks.0.attn.c_v.weight.buf,1048576,1049401,RAW,0.02087987499544397
75,blocks.0.attn.c_proj.weight.buf,1048576,1049401,RAW,0.02297883402206935
75,blocks.0.mlp.c_fc.weight.buf,4194304,4196389,RAW,0.10042574998806231
75,blocks.0.mlp.c_proj.weight.buf,4194304,4195129,RAW,0.10790866700699553
75,blocks.1.attn.c_q.weight.buf,1048576,1049401,RAW,0.03802566701779142
75,blocks.1.attn.c_k.weight.buf,1048576,1049401,RAW,0.020062958006747067
75,blocks.1.attn.c_v.weight.buf,1048576,1049401,RAW,0.020474541990552098
75,blocks.1.attn.c_proj.weight.buf,1048576,1049401,RAW,0.03808900000876747
75,blocks.1.attn.ve_gate.weight.buf,512,1022,RAW,1.3542012311518192e-05
75,blocks.1.mlp.c_fc.weight.buf,4194304,4196389,RAW,0.09851887499098666
75,blocks.1.mlp.c_proj.weight.buf,4194304,4195129,RAW,0.10555720800766721
75,blocks.2.attn.c_q.weight.buf,1048576,1049401,RAW,0.0379943750158418
75,blocks.2.attn.c_k.weight.buf,1048576,1049401,RAW,0.02029129199218005
75,blocks.2.attn.c_v.weight.buf,1048576,1049401,RAW,0.020520416990621015
75,blocks.2.attn.c_proj.weight.buf,1048576,1049401,RAW,0.03791304200422019
75,blocks.2.mlp.c_fc.weight.buf,4194304,4196389,RAW,0.09857037500478327
75,blocks.2.mlp.c_proj.weight.buf,4194304,4195129,RAW,0.10585866600740701
75,blocks.3.attn.c_q.weight.buf,1048576,1049401,RAW,0.03796975000295788
75,blocks.3.attn.c_k.weight.buf,1048576,1049401,RAW,0.03797737500281073
75,blocks.3.attn.c_v.weight.buf,1048576,1049401,RAW,0.020330208004452288
75,blocks.3.attn.c_proj.weight.buf,1048576,1049401,RAW,0.03781266702571884
75,blocks.3.attn.ve_gate.weight.buf,512,1022,RAW,1.8791004549711943e-05
75,blocks.3.mlp.c_fc.weight.buf,4194304,4196389,RAW,0.0989828750025481
75,blocks.3.mlp.c_proj.weight.buf,4194304,4195129,RAW,0.10779241699492559
75,blocks.4.attn.c_q.weight.buf,1048576,1049401,RAW,0.03750312500051223
75,blocks.4.attn.c_k.weight.buf,1048576,1049401,RAW,0.02091012499295175
75,blocks.4.attn.c_v.weight.buf,1048576,1049401,RAW,0.020447624992812052
75,blocks.4.attn.c_proj.weight.buf,1048576,1049401,RAW,0.037206541979685426
75,blocks.4.mlp.c_fc.weight.buf,4194304,4196389,RAW,0.10079470800701529
75,blocks.4.mlp.c_proj.weight.buf,4194304,4195129,RAW,0.10839233300066553
75,blocks.5.attn.c_q.weight.buf,1048576,1049401,RAW,0.01962408298277296
75,blocks.5.attn.c_k.weight.buf,1048576,1049401,RAW,0.0370941250002943
75,blocks.5.attn.c_v.weight.buf,1048576,1049401,RAW,0.019523333001416177
75,blocks.5.attn.c_proj.weight.buf,1048576,1049401,RAW,0.02010995798627846
75,blocks.5.attn.ve_gate.weight.buf,512,1022,RAW,1.95419997908175e-05
75,blocks.5.mlp.c_fc.weight.buf,4194304,4196389,RAW,0.09995529099251144
75,blocks.5.mlp.c_proj.weight.buf,4194304,4195129,RAW,0.10803299999679439
75,blocks.6.attn.c_q.weight.buf,1048576,1049401,RAW,0.020020791998831555
75,blocks.6.attn.c_k.weight.buf,1048576,1049401,RAW,0.037006375001510605
75,blocks.6.attn.c_v.weight.buf,1048576,1049401,RAW,0.02059374999953434
75,blocks.6.attn.c_proj.weight.buf,1048576,1049401,RAW,0.019975624978542328
75,blocks.6.mlp.c_fc.weight.buf,4194304,4196389,RAW,0.11298224999336526
75,blocks.6.mlp.c_proj.weight.buf,4194304,4195129,RAW,0.10198508398025297
75,blocks.7.attn.c_q.weight.buf,1048576,1049401,RAW,0.01993949999450706
75,blocks.7.attn.c_k.weight.buf,1048576,1049401,RAW,0.019805916992481798
75,blocks.7.attn.c_v.weight.buf,1048576,1049401,RAW,0.021307292015990242
75,blocks.7.attn.c_proj.weight.buf,1048576,1049401,RAW,0.0196847089973744
75,blocks.7.attn.ve_gate.weight.buf,512,1022,RAW,3.1917006708681583e-05
75,blocks.7.mlp.c_fc.weight.buf,4194304,4196389,RAW,0.0983074999821838
75,blocks.7.mlp.c_proj.weight.buf,4194304,4195129,RAW,0.13491624998277985
75,lm_head.weight.m,67108864,67136149,RAW,1.6822419590025675
75,lm_head.weight.v,67108864,67136149,RAW,1.606461124989437
75,resid_lambdas.m,32,32,RAW_VECTOR,7.875001756474376e-06
75,resid_lambdas.v,32,32,RAW_VECTOR,5.839974619448185e-07
75,x0_lambdas.m,32,32,RAW_VECTOR,1.7090060282498598e-06
75,x0_lambdas.v,32,32,RAW_VECTOR,4.580069798976183e-07
75,value_embeds.1.weight.m,67108864,67136149,RAW,1.4313282910152338
75,value_embeds.1.weight.v,67108864,67136149,RAW,1.3475413749984
75,value_embeds.3.weight.m,67108864,67136149,RAW,1.4520181670086458
75,value_embeds.3.weight.v,67108864,67136149,RAW,1.3574173749948386
75,value_embeds.5.weight.m,67108864,67136149,RAW,1.4587209169985726
75,value_embeds.5.weight.v,67108864,67136149,RAW,1.380077292007627
75,value_embeds.7.weight.m,67108864,67136149,RAW,1.4127471660031006
75,value_embeds.7.weight.v,67108864,67136149,RAW,1.4100053339789156
76,wte.weight.m,67108864,67136149,RAW,1.4596542920044158
76,wte.weight.v,67108864,67136149,RAW,1.3799810420023277
76,blocks.0.attn.c_q.weight.buf,1048576,1049401,RAW,0.020228875015163794
76,blocks.0.attn.c_k.weight.buf,1048576,1049401,RAW,0.019922084000427276
76,blocks.0.attn.c_v.weight.buf,1048576,1049401,RAW,0.03622558401548304
76,blocks.0.attn.c_proj.weight.buf,1048576,1049401,RAW,0.01997466600732878
76,blocks.0.mlp.c_fc.weight.buf,4194304,4196389,RAW,0.09592362499097362
76,blocks.0.mlp.c_proj.weight.buf,4194304,4195129,RAW,0.10283716701087542
76,blocks.1.attn.c_q.weight.buf,1048576,1049401,RAW,0.03691629201057367
76,blocks.1.attn.c_k.weight.buf,1048576,1049401,RAW,0.019762083975365385
76,blocks.1.attn.c_v.weight.buf,1048576,1049401,RAW,0.020062416995642707
76,blocks.1.attn.c_proj.weight.buf,1048576,1049401,RAW,0.03641650002100505
76,blocks.1.attn.ve_gate.weight.buf,512,1022,RAW,2.1041982108727098e-05
76,blocks.1.mlp.c_fc.weight.buf,4194304,4196389,RAW,0.0971715839987155
76,blocks.1.mlp.c_proj.weight.buf,4194304,4195129,RAW,0.12102525000227615
76,blocks.2.attn.c_q.weight.buf,1048576,1049401,RAW,0.03614566699252464
76,blocks.2.attn.c_k.weight.buf,1048576,1049401,RAW,0.020126124989474192
76,blocks.2.attn.c_v.weight.buf,1048576,1049401,RAW,0.019865540991304442
76,blocks.2.attn.c_proj.weight.buf,1048576,1049401,RAW,0.037310666986741126
76,blocks.2.mlp.c_fc.weight.buf,4194304,4196389,RAW,0.10670795798068866
76,blocks.2.mlp.c_proj.weight.buf,4194304,4195129,RAW,0.16082241700496525
76,blocks.3.attn.c_q.weight.buf,1048576,1049401,RAW,0.024088666978059337
76,blocks.3.attn.c_k.weight.buf,1048576,1049401,RAW,0.022074915992561728
76,blocks.3.attn.c_v.weight.buf,1048576,1049401,RAW,0.04410229201312177
76,blocks.3.attn.c_proj.weight.buf,1048576,1049401,RAW,0.022822250000899658
76,blocks.3.attn.ve_gate.weight.buf,512,1022,RAW,5.937498644925654e-05
76,blocks.3.mlp.c_fc.weight.buf,4194304,4196389,RAW,0.11477291598566808
76,blocks.3.mlp.c_proj.weight.buf,4194304,4195129,RAW,0.11187237501144409
76,blocks.4.attn.c_q.weight.buf,1048576,1049401,RAW,0.021210167004028335
76,blocks.4.attn.c_k.weight.buf,1048576,1049401,RAW,0.03596320899669081
76,blocks.4.attn.c_v.weight.buf,1048576,1049401,RAW,0.0216208329948131
76,blocks.4.attn.c_proj.weight.buf,1048576,1049401,RAW,0.020184624998364598
76,blocks.4.mlp.c_fc.weight.buf,4194304,4196389,RAW,0.11744704199372791
76,blocks.4.mlp.c_proj.weight.buf,4194304,4195129,RAW,0.12932574999285862
76,blocks.5.attn.c_q.weight.buf,1048576,1049401,RAW,0.020404708018759266
76,blocks.5.attn.c_k.weight.buf,1048576,1049401,RAW,0.03680145801627077
76,blocks.5.attn.c_v.weight.buf,1048576,1049401,RAW,0.021542458998737857
76,blocks.5.attn.c_proj.weight.buf,1048576,1049401,RAW,0.02043216599849984
76,blocks.5.attn.ve_gate.weight.buf,512,1022,RAW,1.4499993994832039e-05
76,blocks.5.mlp.c_fc.weight.buf,4194304,4196389,RAW,0.09922237499267794
76,blocks.5.mlp.c_proj.weight.buf,4194304,4195129,RAW,0.10853587501333095
76,blocks.6.attn.c_q.weight.buf,1048576,1049401,RAW,0.02048599999397993
76,blocks.6.attn.c_k.weight.buf,1048576,1049401,RAW,0.020132250007009134
76,blocks.6.attn.c_v.weight.buf,1048576,1049401,RAW,0.03808908400242217
76,blocks.6.attn.c_proj.weight.buf,1048576,1049401,RAW,0.02046250001876615
76,blocks.6.mlp.c_fc.weight.buf,4194304,4196389,RAW,0.10076758300419897
76,blocks.6.mlp.c_proj.weight.buf,4194304,4195129,RAW,0.12362741600372829
76,blocks.7.attn.c_q.weight.buf,1048576,1049401,RAW,0.020940834016073495
76,blocks.7.attn.c_k.weight.buf,1048576,1049401,RAW,0.02035837498260662
76,blocks.7.attn.c_v.weight.buf,1048576,1049401,RAW,0.03781879198504612
76,blocks.7.attn.c_proj.weight.buf,1048576,1049401,RAW,0.02093020800384693
76,blocks.7.attn.ve_gate.weight.buf,512,1022,RAW,1.404198701493442e-05
76,blocks.7.mlp.c_fc.weight.buf,4194304,4196389,RAW,0.11647945799631998
76,blocks.7.mlp.c_proj.weight.buf,4194304,4195129,RAW,0.128355458000442
76,lm_head.weight.m,67108864,67136149,RAW,1.6801807500014547
76,lm_head.weight.v,67108864,67136149,RAW,1.6544339170213789
76,resid_lambdas.m,32,32,RAW_VECTOR,5.499983672052622e-06
76,resid_lambdas.v,32,32,RAW_VECTOR,5.66698145121336e-06
76,x0_lambdas.m,32,32,RAW_VECTOR,1.2500095181167126e-06
76,x0_lambdas.v,32,32,RAW_VECTOR,4.159810487180948e-07
76,value_embeds.1.weight.m,67108864,67136149,RAW,1.4350297089840751
76,value_embeds.1.weight.v,67108864,67136149,RAW,1.3732405830232892
76,value_embeds.3.weight.m,67108864,67136149,RAW,1.4999609580263495
76,value_embeds.3.weight.v,67108864,67136149,RAW,1.5051703329954762
76,value_embeds.5.weight.m,67108864,67136149,RAW,1.5276810420036782
76,value_embeds.5.weight.v,67108864,67136149,RAW,1.5092418749991339
76,value_embeds.7.weight.m,67108864,67136149,RAW,1.5030842919950373
76,value_embeds.7.weight.v,67108864,67136149,RAW,1.4503972090024035
77,wte.weight.m,67108864,67136149,RAW,1.449377083015861
77,wte.weight.v,67108864,67136149,RAW,1.4067224999889731
77,blocks.0.attn.c_q.weight.buf,1048576,1049401,RAW,0.02120433302479796
77,blocks.0.attn.c_k.weight.buf,1048576,1049401,RAW,0.038301207998301834
77,blocks.0.attn.c_v.weight.buf,1048576,1049401,RAW,0.020619250019080937
77,blocks.0.attn.c_proj.weight.buf,1048576,1049401,RAW,0.020659208006691188
77,blocks.0.mlp.c_fc.weight.buf,4194304,4196389,RAW,0.12110329099232331
77,blocks.0.mlp.c_proj.weight.buf,4194304,4195129,RAW,0.1250568329996895
77,blocks.1.attn.c_q.weight.buf,1048576,1049401,RAW,0.04056674998719245
77,blocks.1.attn.c_k.weight.buf,1048576,1049401,RAW,0.02218537498265505
77,blocks.1.attn.c_v.weight.buf,1048576,1049401,RAW,0.02058641699841246
77,blocks.1.attn.c_proj.weight.buf,1048576,1049401,RAW,0.0407266249821987
77,blocks.1.attn.ve_gate.weight.buf,512,1022,RAW,3.966700751334429e-05
77,blocks.1.mlp.c_fc.weight.buf,4194304,4196389,RAW,0.10401770798489451
77,blocks.1.mlp.c_proj.weight.buf,4194304,4195129,RAW,0.11750583298271522
77,blocks.2.attn.c_q.weight.buf,1048576,1049401,RAW,0.04105158298625611
77,blocks.2.attn.c_k.weight.buf,1048576,1049401,RAW,0.023846208001486957
77,blocks.2.attn.c_v.weight.buf,1048576,1049401,RAW,0.02246099998592399
77,blocks.2.attn.c_proj.weight.buf,1048576,1049401,RAW,0.04032754199579358
77,blocks.2.mlp.c_fc.weight.buf,4194304,4196389,RAW,0.10812237500795163
77,blocks.2.mlp.c_proj.weight.buf,4194304,4195129,RAW,0.13678995799273252
77,blocks.3.attn.c_q.weight.buf,1048576,1049401,RAW,0.027118583995616063
77,blocks.3.attn.c_k.weight.buf,1048576,1049401,RAW,0.02445979102049023
77,blocks.3.attn.c_v.weight.buf,1048576,1049401,RAW,0.04436416598036885
77,blocks.3.attn.c_proj.weight.buf,1048576,1049401,RAW,0.027187333995243534
77,blocks.3.attn.ve_gate.weight.buf,512,1022,RAW,2.058397512882948e-05
77,blocks.3.mlp.c_fc.weight.buf,4194304,4196389,RAW,0.11264904201379977
77,blocks.3.mlp.c_proj.weight.buf,4194304,4195129,RAW,0.1757954580243677
77,blocks.4.attn.c_q.weight.buf,1048576,1049401,RAW,0.05800020799506456
77,blocks.4.attn.c_k.weight.buf,1048576,1049401,RAW,0.043283832987071946
77,blocks.4.attn.c_v.weight.buf,1048576,1049401,RAW,0.043902625009650365
77,blocks.4.attn.c_proj.weight.buf,1048576,1049401,RAW,0.023668791021918878
77,blocks.4.mlp.c_fc.weight.buf,4194304,4196389,RAW,0.1096417500230018
77,blocks.4.mlp.c_proj.weight.buf,4194304,4195129,RAW,0.14517904201056808
77,blocks.5.attn.c_q.weight.buf,1048576,1049401,RAW,0.023361416009720415
77,blocks.5.attn.c_k.weight.buf,1048576,1049401,RAW,0.04174433299340308
77,blocks.5.attn.c_v.weight.buf,1048576,1049401,RAW,0.0227378330018837
77,blocks.5.attn.c_proj.weight.buf,1048576,1049401,RAW,0.02211150000221096
77,blocks.5.attn.ve_gate.weight.buf,512,1022,RAW,5.816601333208382e-05
77,blocks.5.mlp.c_fc.weight.buf,4194304,4196389,RAW,0.12220287500531413
77,blocks.5.mlp.c_proj.weight.buf,4194304,4195129,RAW,0.1318739170092158
77,blocks.6.attn.c_q.weight.buf,1048576,1049401,RAW,0.024285374995088205
77,blocks.6.attn.c_k.weight.buf,1048576,1049401,RAW,0.032573416974628344
77,blocks.6.attn.c_v.weight.buf,1048576,1049401,RAW,0.022830542002338916
77,blocks.6.attn.c_proj.weight.buf,1048576,1049401,RAW,0.039719375025015324
77,blocks.6.mlp.c_fc.weight.buf,4194304,4196389,RAW,0.12355799999204464
77,blocks.6.mlp.c_proj.weight.buf,4194304,4195129,RAW,0.13273283300804906
77,blocks.7.attn.c_q.weight.buf,1048576,1049401,RAW,0.04716037499019876
77,blocks.7.attn.c_k.weight.buf,1048576,1049401,RAW,0.025880000001052395
77,blocks.7.attn.c_v.weight.buf,1048576,1049401,RAW,0.022132082987809554
77,blocks.7.attn.c_proj.weight.buf,1048576,1049401,RAW,0.040229083999292925
77,blocks.7.attn.ve_gate.weight.buf,512,1022,RAW,3.0041002901270986e-05
77,blocks.7.mlp.c_fc.weight.buf,4194304,4196389,RAW,0.10732779200770892
77,blocks.7.mlp.c_proj.weight.buf,4194304,4195129,RAW,0.1455967910005711
77,lm_head.weight.m,67108864,67136149,RAW,1.8409785840194672
77,lm_head.weight.v,67108864,67136149,RAW,1.7819043330091517
77,resid_lambdas.m,32,32,RAW_VECTOR,6.791000487282872e-06
77,resid_lambdas.v,32,32,RAW_VECTOR,5.839974619448185e-07
77,x0_lambdas.m,32,32,RAW_VECTOR,2.370899892412126e-05
77,x0_lambdas.v,32,32,RAW_VECTOR,3.082997864112258e-06
77,value_embeds.1.weight.m,67108864,67136149,RAW,1.5594514999829698
77,value_embeds.1.weight.v,67108864,67136149,RAW,1.49663983299979
77,value_embeds.3.weight.m,67108864,67136149,RAW,1.5602700840099715
77,value_embeds.3.weight.v,67108864,67136149,RAW,1.4706696249777451
77,value_embeds.5.weight.m,67108864,67136149,RAW,1.5851951249933336
77,value_embeds.5.weight.v,67108864,67136149,RAW,1.3725705829856452
77,value_embeds.7.weight.m,67108864,67136149,RAW,1.3993488749838434
77,value_embeds.7.weight.v,67108864,67136149,RAW,1.5046627499978058
78,wte.weight.m,67108864,67136149,RAW,1.4359304170066025
78,wte.weight.v,67108864,67136149,RAW,1.4173063329944853
78,blocks.0.attn.c_q.weight.buf,1048576,1049401,RAW,0.02091241700691171
78,blocks.0.attn.c_k.weight.buf,1048576,1049401,RAW,0.02013333301874809
78,blocks.0.attn.c_v.weight.buf,1048576,1049401,RAW,0.03804837499046698
78,blocks.0.attn.c_proj.weight.buf,1048576,1049401,RAW,0.02004212501924485
78,blocks.0.mlp.c_fc.weight.buf,4194304,4196389,RAW,0.09855333299492486
78,blocks.0.mlp.c_proj.weight.buf,4194304,4195129,RAW,0.12433612500899471
78,blocks.1.attn.c_q.weight.buf,1048576,1049401,RAW,0.020730042015202343
78,blocks.1.attn.c_k.weight.buf,1048576,1049401,RAW,0.020419167005456984
78,blocks.1.attn.c_v.weight.buf,1048576,1049401,RAW,0.03681670798687264
78,blocks.1.attn.c_proj.weight.buf,1048576,1049401,RAW,0.03665112500311807
78,blocks.1.attn.ve_gate.weight.buf,512,1022,RAW,2.28749995585531e-05
78,blocks.1.mlp.c_fc.weight.buf,4194304,4196389,RAW,0.09654883301118389
78,blocks.1.mlp.c_proj.weight.buf,4194304,4195129,RAW,0.10220112500246614
78,blocks.2.attn.c_q.weight.buf,1048576,1049401,RAW,0.03740845900028944
78,blocks.2.attn.c_k.weight.buf,1048576,1049401,RAW,0.019910500006517395
78,blocks.2.attn.c_v.weight.buf,1048576,1049401,RAW,0.020173791010165587
78,blocks.2.attn.c_proj.weight.buf,1048576,1049401,RAW,0.03695537499152124
78,blocks.2.mlp.c_fc.weight.buf,4194304,4196389,RAW,0.0961855000059586
78,blocks.2.mlp.c_proj.weight.buf,4194304,4195129,RAW,0.10158116597449407
78,blocks.3.attn.c_q.weight.buf,1048576,1049401,RAW,0.038136707997182384
78,blocks.3.attn.c_k.weight.buf,1048576,1049401,RAW,0.02037654200103134
78,blocks.3.attn.c_v.weight.buf,1048576,1049401,RAW,0.02005875000031665
78,blocks.3.attn.c_proj.weight.buf,1048576,1049401,RAW,0.0368738750112243
78,blocks.3.attn.ve_gate.weight.buf,512,1022,RAW,1.4541990822181106e-05
78,blocks.3.mlp.c_fc.weight.buf,4194304,4196389,RAW,0.09802645799936727
78,blocks.3.mlp.c_proj.weight.buf,4194304,4195129,RAW,0.10153016698313877
78,blocks.4.attn.c_q.weight.buf,1048576,1049401,RAW,0.01981737499590963
78,blocks.4.attn.c_k.weight.buf,1048576,1049401,RAW,0.03895437502069399
78,blocks.4.attn.c_v.weight.buf,1048576,1049401,RAW,0.021557458996539935
78,blocks.4.attn.c_proj.weight.buf,1048576,1049401,RAW,0.022062957985326648
78,blocks.4.mlp.c_fc.weight.buf,4194304,4196389,RAW,0.12862108400440775
78,blocks.4.mlp.c_proj.weight.buf,4194304,4195129,RAW,0.12643670898978598
78,blocks.5.attn.c_q.weight.buf,1048576,1049401,RAW,0.042666708992328495
78,blocks.5.attn.c_k.weight.buf,1048576,1049401,RAW,0.021751583000877872
78,blocks.5.attn.c_v.weight.buf,1048576,1049401,RAW,0.021167791011976078
78,blocks.5.attn.c_proj.weight.buf,1048576,1049401,RAW,0.04229508398566395
78,blocks.5.attn.ve_gate.weight.buf,512,1022,RAW,4.258300759829581e-05
78,blocks.5.mlp.c_fc.weight.buf,4194304,4196389,RAW,0.10091675000148825
78,blocks.5.mlp.c_proj.weight.buf,4194304,4195129,RAW,0.11154962499858811
78,blocks.6.attn.c_q.weight.buf,1048576,1049401,RAW,0.03920258302241564
78,blocks.6.attn.c_k.weight.buf,1048576,1049401,RAW,0.02046458297991194
78,blocks.6.attn.c_v.weight.buf,1048576,1049401,RAW,0.020359417016152292
78,blocks.6.attn.c_proj.weight.buf,1048576,1049401,RAW,0.03772808299981989
78,blocks.6.mlp.c_fc.weight.buf,4194304,4196389,RAW,0.10064512499957345
78,blocks.6.mlp.c_proj.weight.buf,4194304,4195129,RAW,0.10668108297977597
78,blocks.7.attn.c_q.weight.buf,1048576,1049401,RAW,0.03862745800870471
78,blocks.7.attn.c_k.weight.buf,1048576,1049401,RAW,0.02082716699806042
78,blocks.7.attn.c_v.weight.buf,1048576,1049401,RAW,0.020516624994343147
78,blocks.7.attn.c_proj.weight.buf,1048576,1049401,RAW,0.03775233300984837
78,blocks.7.attn.ve_gate.weight.buf,512,1022,RAW,2.691699774004519e-05
78,blocks.7.mlp.c_fc.weight.buf,4194304,4196389,RAW,0.11660962499445304
78,blocks.7.mlp.c_proj.weight.buf,4194304,4195129,RAW,0.10909287500544451
78,lm_head.weight.m,67108864,67136149,RAW,1.618553582986351
78,lm_head.weight.v,67108864,67136149,RAW,1.6865396669891197
78,resid_lambdas.m,32,32,RAW_VECTOR,5.1670067477971315e-06
78,resid_lambdas.v,32,32,RAW_VECTOR,5.00003807246685e-07
78,x0_lambdas.m,32,32,RAW_VECTOR,1.2080126907676458e-06
78,x0_lambdas.v,32,32,RAW_VECTOR,4.1601015254855156e-07
78,value_embeds.1.weight.m,67108864,67136149,RAW,1.4120244579971768
78,value_embeds.1.weight.v,67108864,67136149,RAW,1.4142452499945648
78,value_embeds.3.weight.m,67108864,67136149,RAW,1.4303164170123637
78,value_embeds.3.weight.v,67108864,67136149,RAW,1.3978627079923172
78,value_embeds.5.weight.m,67108864,67136149,RAW,1.408585375000257
78,value_embeds.5.weight.v,67108864,67136149,RAW,1.4056660420028493
78,value_embeds.7.weight.m,67108864,67136149,RAW,1.424537958984729
78,value_embeds.7.weight.v,67108864,67136149,RAW,1.39752708299784
79,wte.weight.m,67108864,67136149,RAW,1.4480960829823744
79,wte.weight.v,67108864,67136149,RAW,1.3911174169916194
79,blocks.0.attn.c_q.weight.buf,1048576,1049401,RAW,0.02252529200632125
79,blocks.0.attn.c_k.weight.buf,1048576,1049401,RAW,0.020226874999934807
79,blocks.0.attn.c_v.weight.buf,1048576,1049401,RAW,0.03842620801879093
79,blocks.0.attn.c_proj.weight.buf,1048576,1049401,RAW,0.020108333003008738
79,blocks.0.mlp.c_fc.weight.buf,4194304,4196389,RAW,0.09943441700306721
79,blocks.0.mlp.c_proj.weight.buf,4194304,4195129,RAW,0.12948016700102016
79,blocks.1.attn.c_q.weight.buf,1048576,1049401,RAW,0.02029650000622496
79,blocks.1.attn.c_k.weight.buf,1048576,1049401,RAW,0.020812208007555455
79,blocks.1.attn.c_v.weight.buf,1048576,1049401,RAW,0.03782912500901148
79,blocks.1.attn.c_proj.weight.buf,1048576,1049401,RAW,0.020265916013158858
79,blocks.1.attn.ve_gate.weight.buf,512,1022,RAW,1.2375006917864084e-05
79,blocks.1.mlp.c_fc.weight.buf,4194304,4196389,RAW,0.09991337501560338
79,blocks.1.mlp.c_proj.weight.buf,4194304,4195129,RAW,0.12891320799826644
79,blocks.2.attn.c_q.weight.buf,1048576,1049401,RAW,0.020685499999672174
79,blocks.2.attn.c_k.weight.buf,1048576,1049401,RAW,0.02015374999609776
79,blocks.2.attn.c_v.weight.buf,1048576,1049401,RAW,0.038734792004106566
79,blocks.2.attn.c_proj.weight.buf,1048576,1049401,RAW,0.020668124983785674
79,blocks.2.mlp.c_fc.weight.buf,4194304,4196389,RAW,0.11777958300081082
79,blocks.2.mlp.c_proj.weight.buf,4194304,4195129,RAW,0.13360787500278093
79,blocks.3.attn.c_q.weight.buf,1048576,1049401,RAW,0.020228250010404736
79,blocks.3.attn.c_k.weight.buf,1048576,1049401,RAW,0.01995537499897182
79,blocks.3.attn.c_v.weight.buf,1048576,1049401,RAW,0.037749000010080636
79,blocks.3.attn.c_proj.weight.buf,1048576,1049401,RAW,0.020481624989770353
79,blocks.3.attn.ve_gate.weight.buf,512,1022,RAW,1.8708989955484867e-05
79,blocks.3.mlp.c_fc.weight.buf,4194304,4196389,RAW,0.10035195801174268
79,blocks.3.mlp.c_proj.weight.buf,4194304,4195129,RAW,0.12379937499645166
79,blocks.4.attn.c_q.weight.buf,1048576,1049401,RAW,0.020447250019060448
79,blocks.4.attn.c_k.weight.buf,1048576,1049401,RAW,0.020124959002714604
79,blocks.4.attn.c_v.weight.buf,1048576,1049401,RAW,0.03730566700687632
79,blocks.4.attn.c_proj.weight.buf,1048576,1049401,RAW,0.02060733301914297
79,blocks.4.mlp.c_fc.weight.buf,4194304,4196389,RAW,0.09988066600635648
79,blocks.4.mlp.c_proj.weight.buf,4194304,4195129,RAW,0.10251954098930582
79,blocks.5.attn.c_q.weight.buf,1048576,1049401,RAW,0.03884266599197872
79,blocks.5.attn.c_k.weight.buf,1048576,1049401,RAW,0.020023749995743856
79,blocks.5.attn.c_v.weight.buf,1048576,1049401,RAW,0.019581458996981382
79,blocks.5.attn.c_proj.weight.buf,1048576,1049401,RAW,0.037501500017242506
79,blocks.5.attn.ve_gate.weight.buf,512,1022,RAW,6.062499596737325e-05
79,blocks.5.mlp.c_fc.weight.buf,4194304,4196389,RAW,0.11564766601077281
79,blocks.5.mlp.c_proj.weight.buf,4194304,4195129,RAW,0.10380445799091831
79,blocks.6.attn.c_q.weight.buf,1048576,1049401,RAW,0.03784929099492729
79,blocks.6.attn.c_k.weight.buf,1048576,1049401,RAW,0.020408667012816295
79,blocks.6.attn.c_v.weight.buf,1048576,1049401,RAW,0.02043470900389366
79,blocks.6.attn.c_proj.weight.buf,1048576,1049401,RAW,0.03696633400977589
79,blocks.6.mlp.c_fc.weight.buf,4194304,4196389,RAW,0.0978927499963902
79,blocks.6.mlp.c_proj.weight.buf,4194304,4195129,RAW,0.12230804201681167
79,blocks.7.attn.c_q.weight.buf,1048576,1049401,RAW,0.043013415997847915
79,blocks.7.attn.c_k.weight.buf,1048576,1049401,RAW,0.022090582991950214
79,blocks.7.attn.c_v.weight.buf,1048576,1049401,RAW,0.022044458019081503
79,blocks.7.attn.c_proj.weight.buf,1048576,1049401,RAW,0.04252487499616109
79,blocks.7.attn.ve_gate.weight.buf,512,1022,RAW,2.041697734966874e-05
79,blocks.7.mlp.c_fc.weight.buf,4194304,4196389,RAW,0.10774112501530908
79,blocks.7.mlp.c_proj.weight.buf,4194304,4195129,RAW,0.16205720798461698
79,lm_head.weight.m,67108864,67136149,RAW,1.6864884160168003
79,lm_head.weight.v,67108864,67136149,RAW,1.6691933330148458
79,resid_lambdas.m,32,32,RAW_VECTOR,4.959001671522856e-06
79,resid_lambdas.v,32,32,RAW_VECTOR,1.7079873941838741e-06
79,x0_lambdas.m,32,32,RAW_VECTOR,1.1250085663050413e-06
79,x0_lambdas.v,32,32,RAW_VECTOR,3.7500285543501377e-07
79,value_embeds.1.weight.m,67108864,67136149,RAW,1.568156208988512
79,value_embeds.1.weight.v,67108864,67136149,RAW,1.4118263749987818
79,value_embeds.3.weight.m,67108864,67136149,RAW,1.4442393750068732
79,value_embeds.3.weight.v,67108864,67136149,RAW,1.4088465410168283
79,value_embeds.5.weight.m,67108864,67136149,RAW,1.4391757500125095
79,value_embeds.5.weight.v,67108864,67136149,RAW,1.3732358340057544
79,value_embeds.7.weight.m,67108864,67136149,RAW,1.4830544169817585
79,value_embeds.7.weight.v,67108864,67136149,RAW,1.4331824579858221
80,wte.weight.m,67108864,67136149,RAW,1.495061291003367
80,wte.weight.v,67108864,67136149,RAW,1.4007625000085682
80,blocks.0.attn.c_q.weight.buf,1048576,1049401,RAW,0.02127258398104459
80,blocks.0.attn.c_k.weight.buf,1048576,1049401,RAW,0.020957583998097107
80,blocks.0.attn.c_v.weight.buf,1048576,1049401,RAW,0.04192816698923707
80,blocks.0.attn.c_proj.weight.buf,1048576,1049401,RAW,0.02150683299987577
80,blocks.0.mlp.c_fc.weight.buf,4194304,4196389,RAW,0.11746145802317187
80,blocks.0.mlp.c_proj.weight.buf,4194304,4195129,RAW,0.15816341701429337
80,blocks.1.attn.c_q.weight.buf,1048576,1049401,RAW,0.021644625026965514
80,blocks.1.attn.c_k.weight.buf,1048576,1049401,RAW,0.0432544159993995
80,blocks.1.attn.c_v.weight.buf,1048576,1049401,RAW,0.021361666993470863
80,blocks.1.attn.c_proj.weight.buf,1048576,1049401,RAW,0.02179612498730421
80,blocks.1.attn.ve_gate.weight.buf,512,1022,RAW,2.6708992663770914e-05
80,blocks.1.mlp.c_fc.weight.buf,4194304,4196389,RAW,0.10359362498275004
80,blocks.1.mlp.c_proj.weight.buf,4194304,4195129,RAW,0.1090365840063896
80,blocks.2.attn.c_q.weight.buf,1048576,1049401,RAW,0.020246083004167303
80,blocks.2.attn.c_k.weight.buf,1048576,1049401,RAW,0.05539454100653529
80,blocks.2.attn.c_v.weight.buf,1048576,1049401,RAW,0.020656292006606236
80,blocks.2.attn.c_proj.weight.buf,1048576,1049401,RAW,0.020286542014218867
80,blocks.2.mlp.c_fc.weight.buf,4194304,4196389,RAW,0.11781420800252818
80,blocks.2.mlp.c_proj.weight.buf,4194304,4195129,RAW,0.1103411249932833
80,blocks.3.attn.c_q.weight.buf,1048576,1049401,RAW,0.020182375010335818
80,blocks.3.attn.c_k.weight.buf,1048576,1049401,RAW,0.039517791010439396
80,blocks.3.attn.c_v.weight.buf,1048576,1049401,RAW,0.02044291701167822
80,blocks.3.attn.c_proj.weight.buf,1048576,1049401,RAW,0.020100624999031425
80,blocks.3.attn.ve_gate.weight.buf,512,1022,RAW,1.837499439716339e-05
80,blocks.3.mlp.c_fc.weight.buf,4194304,4196389,RAW,0.12011854202137329
80,blocks.3.mlp.c_proj.weight.buf,4194304,4195129,RAW,0.10981008302769624
80,blocks.4.attn.c_q.weight.buf,1048576,1049401,RAW,0.020545250008581206
80,blocks.4.attn.c_k.weight.buf,1048576,1049401,RAW,0.037684291979530826
80,blocks.4.attn.c_v.weight.buf,1048576,1049401,RAW,0.020710624987259507
80,blocks.4.attn.c_proj.weight.buf,1048576,1049401,RAW,0.02087908302200958
80,blocks.4.mlp.c_fc.weight.buf,4194304,4196389,RAW,0.10466445802012458
80,blocks.4.mlp.c_proj.weight.buf,4194304,4195129,RAW,0.11829291700269096
80,blocks.5.attn.c_q.weight.buf,1048576,1049401,RAW,0.03986120902118273
80,blocks.5.attn.c_k.weight.buf,1048576,1049401,RAW,0.04070783298811875
80,blocks.5.attn.c_v.weight.buf,1048576,1049401,RAW,0.02069329100777395
80,blocks.5.attn.c_proj.weight.buf,1048576,1049401,RAW,0.03782741699251346
80,blocks.5.attn.ve_gate.weight.buf,512,1022,RAW,3.125000512227416e-05
80,blocks.5.mlp.c_fc.weight.buf,4194304,4196389,RAW,0.10355929101933725
80,blocks.5.mlp.c_proj.weight.buf,4194304,4195129,RAW,0.11330437500146218
80,blocks.6.attn.c_q.weight.buf,1048576,1049401,RAW,0.038731624983483925
80,blocks.6.attn.c_k.weight.buf,1048576,1049401,RAW,0.020712083001853898
80,blocks.6.attn.c_v.weight.buf,1048576,1049401,RAW,0.020450916985282674
80,blocks.6.attn.c_proj.weight.buf,1048576,1049401,RAW,0.021760208008345217
80,blocks.6.mlp.c_fc.weight.buf,4194304,4196389,RAW,0.10000883301836438
80,blocks.6.mlp.c_proj.weight.buf,4194304,4195129,RAW,0.10458945800201036
80,blocks.7.attn.c_q.weight.buf,1048576,1049401,RAW,0.03665429100510664
80,blocks.7.attn.c_k.weight.buf,1048576,1049401,RAW,0.01960587501525879
80,blocks.7.attn.c_v.weight.buf,1048576,1049401,RAW,0.020137708983384073
80,blocks.7.attn.c_proj.weight.buf,1048576,1049401,RAW,0.03774220799095929
80,blocks.7.attn.ve_gate.weight.buf,512,1022,RAW,1.3291981304064393e-05
80,blocks.7.mlp.c_fc.weight.buf,4194304,4196389,RAW,0.0980604589858558
80,blocks.7.mlp.c_proj.weight.buf,4194304,4195129,RAW,0.10789379198104143
80,lm_head.weight.m,67108864,67136149,RAW,1.7558763749839272
80,lm_head.weight.v,67108864,67136149,RAW,1.6183844580082223
80,resid_lambdas.m,32,32,RAW_VECTOR,1.229200279340148e-05
80,resid_lambdas.v,32,32,RAW_VECTOR,5.839974619448185e-07
80,x0_lambdas.m,32,32,RAW_VECTOR,1.5829864423722029e-06
80,x0_lambdas.v,32,32,RAW_VECTOR,2.500019036233425e-07
80,value_embeds.1.weight.m,67108864,67136149,RAW,1.4629711659799796
80,value_embeds.1.weight.v,67108864,67136149,RAW,1.4563676670077257
80,value_embeds.3.weight.m,67108864,67136149,RAW,1.523477166017983
80,value_embeds.3.weight.v,67108864,67136149,RAW,1.3766161669918802
80,value_embeds.5.weight.m,67108864,67136149,RAW,1.511603582999669
80,value_embeds.5.weight.v,67108864,67136149,RAW,1.3995493340189569
80,value_embeds.7.weight.m,67108864,67136149,RAW,1.448317207978107
80,value_embeds.7.weight.v,67108864,67136149,RAW,1.4245729999965988
81,wte.weight.m,67108864,67136149,RAW,1.4862330830073915
81,wte.weight.v,67108864,67136149,RAW,1.3853027079894673
81,blocks.0.attn.c_q.weight.buf,1048576,1049401,RAW,0.036523999995552
81,blocks.0.attn.c_k.weight.buf,1048576,1049401,RAW,0.020498708996456116
81,blocks.0.attn.c_v.weight.buf,1048576,1049401,RAW,0.020023166987812147
81,blocks.0.attn.c_proj.weight.buf,1048576,1049401,RAW,0.035455542005365714
81,blocks.0.mlp.c_fc.weight.buf,4194304,4196389,RAW,0.09775579097913578
81,blocks.0.mlp.c_proj.weight.buf,4194304,4195129,RAW,0.10385037498781458
81,blocks.1.attn.c_q.weight.buf,1048576,1049401,RAW,0.020142584020504728
81,blocks.1.attn.c_k.weight.buf,1048576,1049401,RAW,0.021389000001363456
81,blocks.1.attn.c_v.weight.buf,1048576,1049401,RAW,0.02000525000039488
81,blocks.1.attn.c_proj.weight.buf,1048576,1049401,RAW,0.020097875007195398
81,blocks.1.attn.ve_gate.weight.buf,512,1022,RAW,3.845800529234111e-05
81,blocks.1.mlp.c_fc.weight.buf,4194304,4196389,RAW,0.10027179098688066
81,blocks.1.mlp.c_proj.weight.buf,4194304,4195129,RAW,0.13115787497372366
81,blocks.2.attn.c_q.weight.buf,1048576,1049401,RAW,0.0419834170024842
81,blocks.2.attn.c_k.weight.buf,1048576,1049401,RAW,0.020183709013508633
81,blocks.2.attn.c_v.weight.buf,1048576,1049401,RAW,0.01954562502214685
81,blocks.2.attn.c_proj.weight.buf,1048576,1049401,RAW,0.01987995798117481
81,blocks.2.mlp.c_fc.weight.buf,4194304,4196389,RAW,0.1081125840137247
81,blocks.2.mlp.c_proj.weight.buf,4194304,4195129,RAW,0.12920104200020432
81,blocks.3.attn.c_q.weight.buf,1048576,1049401,RAW,0.04228212501038797
81,blocks.3.attn.c_k.weight.buf,1048576,1049401,RAW,0.02198537500225939
81,blocks.3.attn.c_v.weight.buf,1048576,1049401,RAW,0.02155912498710677
81,blocks.3.attn.c_proj.weight.buf,1048576,1049401,RAW,0.043418167013442144
81,blocks.3.attn.ve_gate.weight.buf,512,1022,RAW,3.012499655596912e-05
81,blocks.3.mlp.c_fc.weight.buf,4194304,4196389,RAW,0.10680695800692774
81,blocks.3.mlp.c_proj.weight.buf,4194304,4195129,RAW,0.10602274999837391
81,blocks.4.attn.c_q.weight.buf,1048576,1049401,RAW,0.03817783299018629
81,blocks.4.attn.c_k.weight.buf,1048576,1049401,RAW,0.020568624982843176
81,blocks.4.attn.c_v.weight.buf,1048576,1049401,RAW,0.020128500007558614
81,blocks.4.attn.c_proj.weight.buf,1048576,1049401,RAW,0.03723995899781585
81,blocks.4.mlp.c_fc.weight.buf,4194304,4196389,RAW,0.11743766700965352
81,blocks.4.mlp.c_proj.weight.buf,4194304,4195129,RAW,0.11083841702202335
81,blocks.5.attn.c_q.weight.buf,1048576,1049401,RAW,0.039623624994419515
81,blocks.5.attn.c_k.weight.buf,1048576,1049401,RAW,0.020943792012985796
81,blocks.5.attn.c_v.weight.buf,1048576,1049401,RAW,0.020333708001999184
81,blocks.5.attn.c_proj.weight.buf,1048576,1049401,RAW,0.041399207984795794
81,blocks.5.attn.ve_gate.weight.buf,512,1022,RAW,2.2499996703118086e-05
81,blocks.5.mlp.c_fc.weight.buf,4194304,4196389,RAW,0.10003825000603683
81,blocks.5.mlp.c_proj.weight.buf,4194304,4195129,RAW,0.1074362080253195
81,blocks.6.attn.c_q.weight.buf,1048576,1049401,RAW,0.0376555830007419
81,blocks.6.attn.c_k.weight.buf,1048576,1049401,RAW,0.020747207978274673
81,blocks.6.attn.c_v.weight.buf,1048576,1049401,RAW,0.020621083996957168
81,blocks.6.attn.c_proj.weight.buf,1048576,1049401,RAW,0.037440999993123114
81,blocks.6.mlp.c_fc.weight.buf,4194304,4196389,RAW,0.10020137499668635
81,blocks.6.mlp.c_proj.weight.buf,4194304,4195129,RAW,0.10862604199792258
81,blocks.7.attn.c_q.weight.buf,1048576,1049401,RAW,0.038223458017455414
81,blocks.7.attn.c_k.weight.buf,1048576,1049401,RAW,0.02077170801931061
81,blocks.7.attn.c_v.weight.buf,1048576,1049401,RAW,0.020412458979990333
81,blocks.7.attn.c_proj.weight.buf,1048576,1049401,RAW,0.037895374989602715
81,blocks.7.attn.ve_gate.weight.buf,512,1022,RAW,2.3833010345697403e-05
81,blocks.7.mlp.c_fc.weight.buf,4194304,4196389,RAW,0.11701200000243261
81,blocks.7.mlp.c_proj.weight.buf,4194304,4195129,RAW,0.10858433300745673
81,lm_head.weight.m,67108864,67136149,RAW,1.7250666249892674
81,lm_head.weight.v,67108864,67136149,RAW,1.6901216669939458
81,resid_lambdas.m,32,32,RAW_VECTOR,5.915993824601173e-06
81,resid_lambdas.v,32,32,RAW_VECTOR,4.5899651013314724e-07
81,x0_lambdas.m,32,32,RAW_VECTOR,1.2919772416353226e-06
81,x0_lambdas.v,32,32,RAW_VECTOR,2.9199873097240925e-07
81,value_embeds.1.weight.m,67108864,67136149,RAW,1.5419977080018725
81,value_embeds.1.weight.v,67108864,67136149,RAW,1.4621694160159677
81,value_embeds.3.weight.m,67108864,67136149,RAW,1.5139149999886286
81,value_embeds.3.weight.v,67108864,67136149,RAW,1.431765750021441
81,value_embeds.5.weight.m,67108864,67136149,RAW,1.4495991250150837
81,value_embeds.5.weight.v,67108864,67136149,RAW,1.405832124990411
81,value_embeds.7.weight.m,67108864,67136149,RAW,1.4662362919771113
81,value_embeds.7.weight.v,67108864,67136149,RAW,1.4519360839913134
82,wte.weight.m,67108864,67136149,RAW,1.451306625007419
82,wte.weight.v,67108864,67136149,RAW,1.3960328749963082
82,blocks.0.attn.c_q.weight.buf,1048576,1049401,RAW,0.021544500021263957
82,blocks.0.attn.c_k.weight.buf,1048576,1049401,RAW,0.02039645900367759
82,blocks.0.attn.c_v.weight.buf,1048576,1049401,RAW,0.038909042021259665
82,blocks.0.attn.c_proj.weight.buf,1048576,1049401,RAW,0.020825957995839417
82,blocks.0.mlp.c_fc.weight.buf,4194304,4196389,RAW,0.10455245900084265
82,blocks.0.mlp.c_proj.weight.buf,4194304,4195129,RAW,0.1481422090146225
82,blocks.1.attn.c_q.weight.buf,1048576,1049401,RAW,0.02072829200187698
82,blocks.1.attn.c_k.weight.buf,1048576,1049401,RAW,0.019702000019606203
82,blocks.1.attn.c_v.weight.buf,1048576,1049401,RAW,0.03688449997571297
82,blocks.1.attn.c_proj.weight.buf,1048576,1049401,RAW,0.01993445900734514
82,blocks.1.attn.ve_gate.weight.buf,512,1022,RAW,1.18750031106174e-05
82,blocks.1.mlp.c_fc.weight.buf,4194304,4196389,RAW,0.09747908299323171
82,blocks.1.mlp.c_proj.weight.buf,4194304,4195129,RAW,0.12172170798294246
82,blocks.2.attn.c_q.weight.buf,1048576,1049401,RAW,0.020394374994793907
82,blocks.2.attn.c_k.weight.buf,1048576,1049401,RAW,0.01953520899405703
82,blocks.2.attn.c_v.weight.buf,1048576,1049401,RAW,0.03691829100716859
82,blocks.2.attn.c_proj.weight.buf,1048576,1049401,RAW,0.02008570800535381
82,blocks.2.mlp.c_fc.weight.buf,4194304,4196389,RAW,0.09811129097943194
82,blocks.2.mlp.c_proj.weight.buf,4194304,4195129,RAW,0.1365294580173213
82,blocks.3.attn.c_q.weight.buf,1048576,1049401,RAW,0.020605500001693144
82,blocks.3.attn.c_k.weight.buf,1048576,1049401,RAW,0.01963225001236424
82,blocks.3.attn.c_v.weight.buf,1048576,1049401,RAW,0.037844917009351775
82,blocks.3.attn.c_proj.weight.buf,1048576,1049401,RAW,0.021919374994467944
82,blocks.3.attn.ve_gate.weight.buf,512,1022,RAW,2.9207993065938354e-05
82,blocks.3.mlp.c_fc.weight.buf,4194304,4196389,RAW,0.10531208300380968
82,blocks.3.mlp.c_proj.weight.buf,4194304,4195129,RAW,0.1648634999874048
82,blocks.4.attn.c_q.weight.buf,1048576,1049401,RAW,0.021723083016695455
82,blocks.4.attn.c_k.weight.buf,1048576,1049401,RAW,0.042216834001010284
82,blocks.4.attn.c_v.weight.buf,1048576,1049401,RAW,0.021475124987773597
82,blocks.4.attn.c_proj.weight.buf,1048576,1049401,RAW,0.021688667009584606
82,blocks.4.mlp.c_fc.weight.buf,4194304,4196389,RAW,0.10834841697942466
82,blocks.4.mlp.c_proj.weight.buf,4194304,4195129,RAW,0.11478783300844952
82,blocks.5.attn.c_q.weight.buf,1048576,1049401,RAW,0.020714332989882678
82,blocks.5.attn.c_k.weight.buf,1048576,1049401,RAW,0.038698416989063844
82,blocks.5.attn.c_v.weight.buf,1048576,1049401,RAW,0.02015533301164396
82,blocks.5.attn.c_proj.weight.buf,1048576,1049401,RAW,0.020866625010967255
82,blocks.5.attn.ve_gate.weight.buf,512,1022,RAW,1.3457989552989602e-05
82,blocks.5.mlp.c_fc.weight.buf,4194304,4196389,RAW,0.1029432499781251
82,blocks.5.mlp.c_proj.weight.buf,4194304,4195129,RAW,0.10803504101932049
82,blocks.6.attn.c_q.weight.buf,1048576,1049401,RAW,0.020305707992520183
82,blocks.6.attn.c_k.weight.buf,1048576,1049401,RAW,0.037906458019278944
82,blocks.6.attn.c_v.weight.buf,1048576,1049401,RAW,0.020618459006072953
82,blocks.6.attn.c_proj.weight.buf,1048576,1049401,RAW,0.020797916018636897
82,blocks.6.mlp.c_fc.weight.buf,4194304,4196389,RAW,0.11964654197799973
82,blocks.6.mlp.c_proj.weight.buf,4194304,4195129,RAW,0.10779570901650004
82,blocks.7.attn.c_q.weight.buf,1048576,1049401,RAW,0.020783000014489517
82,blocks.7.attn.c_k.weight.buf,1048576,1049401,RAW,0.038260625005932525
82,blocks.7.attn.c_v.weight.buf,1048576,1049401,RAW,0.020481540996115655
82,blocks.7.attn.c_proj.weight.buf,1048576,1049401,RAW,0.020511707989498973
82,blocks.7.attn.ve_gate.weight.buf,512,1022,RAW,1.8457998521625996e-05
82,blocks.7.mlp.c_fc.weight.buf,4194304,4196389,RAW,0.12231329097994603
82,blocks.7.mlp.c_proj.weight.buf,4194304,4195129,RAW,0.10760804201709107
82,lm_head.weight.m,67108864,67136149,RAW,1.6642605410015676
82,lm_head.weight.v,67108864,67136149,RAW,1.673507041996345
82,resid_lambdas.m,32,32,RAW_VECTOR,5.5000127758830786e-06
82,resid_lambdas.v,32,32,RAW_VECTOR,2.9999937396496534e-06
82,x0_lambdas.m,32,32,RAW_VECTOR,1.04197533801198e-06
82,x0_lambdas.v,32,32,RAW_VECTOR,5.410111043602228e-07
82,value_embeds.1.weight.m,67108864,67136149,RAW,1.4151308749860618
82,value_embeds.1.weight.v,67108864,67136149,RAW,1.4357468750094995
82,value_embeds.3.weight.m,67108864,67136149,RAW,1.4619530420168303
82,value_embeds.3.weight.v,67108864,67136149,RAW,1.4914614580047783
82,value_embeds.5.weight.m,67108864,67136149,RAW,1.439570416987408
82,value_embeds.5.weight.v,67108864,67136149,RAW,1.456090708001284
82,value_embeds.7.weight.m,67108864,67136149,RAW,1.4916735420119949
82,value_embeds.7.weight.v,67108864,67136149,RAW,1.4362880410044454
83,wte.weight.m,67108864,67136149,RAW,1.4289373750216328
83,wte.weight.v,67108864,67136149,RAW,1.4223387920064852
83,blocks.0.attn.c_q.weight.buf,1048576,1049401,RAW,0.021003249974455684
83,blocks.0.attn.c_k.weight.buf,1048576,1049401,RAW,0.01987783401273191
83,blocks.0.attn.c_v.weight.buf,1048576,1049401,RAW,0.03757170800236054
83,blocks.0.attn.c_proj.weight.buf,1048576,1049401,RAW,0.020650249993195757
83,blocks.0.mlp.c_fc.weight.buf,4194304,4196389,RAW,0.09828674999880604
83,blocks.0.mlp.c_proj.weight.buf,4194304,4195129,RAW,0.13046345801558346
83,blocks.1.attn.c_q.weight.buf,1048576,1049401,RAW,0.021679583005607128
83,blocks.1.attn.c_k.weight.buf,1048576,1049401,RAW,0.021035499987192452
83,blocks.1.attn.c_v.weight.buf,1048576,1049401,RAW,0.03766833298141137
83,blocks.1.attn.c_proj.weight.buf,1048576,1049401,RAW,0.02057500000228174
83,blocks.1.attn.ve_gate.weight.buf,512,1022,RAW,1.3790995581075549e-05
83,blocks.1.mlp.c_fc.weight.buf,4194304,4196389,RAW,0.09943699999712408
83,blocks.1.mlp.c_proj.weight.buf,4194304,4195129,RAW,0.12943912501214072
83,blocks.2.attn.c_q.weight.buf,1048576,1049401,RAW,0.02044458402087912
83,blocks.2.attn.c_k.weight.buf,1048576,1049401,RAW,0.02010533300926909
83,blocks.2.attn.c_v.weight.buf,1048576,1049401,RAW,0.03903820799314417
83,blocks.2.attn.c_proj.weight.buf,1048576,1049401,RAW,0.020323083008406684
83,blocks.2.mlp.c_fc.weight.buf,4194304,4196389,RAW,0.09985295799560845
83,blocks.2.mlp.c_proj.weight.buf,4194304,4195129,RAW,0.1244224579713773
83,blocks.3.attn.c_q.weight.buf,1048576,1049401,RAW,0.020318666007369757
83,blocks.3.attn.c_k.weight.buf,1048576,1049401,RAW,0.02009512498625554
83,blocks.3.attn.c_v.weight.buf,1048576,1049401,RAW,0.03793137500179
83,blocks.3.attn.c_proj.weight.buf,1048576,1049401,RAW,0.02035745800822042
83,blocks.3.attn.ve_gate.weight.buf,512,1022,RAW,1.1208991054445505e-05
83,blocks.3.mlp.c_fc.weight.buf,4194304,4196389,RAW,0.09740274999057874
83,blocks.3.mlp.c_proj.weight.buf,4194304,4195129,RAW,0.10397037499933504
83,blocks.4.attn.c_q.weight.buf,1048576,1049401,RAW,0.04846650001127273
83,blocks.4.attn.c_k.weight.buf,1048576,1049401,RAW,0.021829415985848755
83,blocks.4.attn.c_v.weight.buf,1048576,1049401,RAW,0.020511125010671094
83,blocks.4.attn.c_proj.weight.buf,1048576,1049401,RAW,0.04248995799571276
83,blocks.4.mlp.c_fc.weight.buf,4194304,4196389,RAW,0.102334041002905
83,blocks.4.mlp.c_proj.weight.buf,4194304,4195129,RAW,0.1054975829902105
83,blocks.5.attn.c_q.weight.buf,1048576,1049401,RAW,0.036963416991056874
83,blocks.5.attn.c_k.weight.buf,1048576,1049401,RAW,0.020850333996349946
83,blocks.5.attn.c_v.weight.buf,1048576,1049401,RAW,0.020812082977499813
83,blocks.5.attn.c_proj.weight.buf,1048576,1049401,RAW,0.03806500000064261
83,blocks.5.attn.ve_gate.weight.buf,512,1022,RAW,2.479099202901125e-05
83,blocks.5.mlp.c_fc.weight.buf,4194304,4196389,RAW,0.09888783300993964
83,blocks.5.mlp.c_proj.weight.buf,4194304,4195129,RAW,0.15861641700030304
83,blocks.6.attn.c_q.weight.buf,1048576,1049401,RAW,0.022447666997322813
83,blocks.6.attn.c_k.weight.buf,1048576,1049401,RAW,0.02242941700387746
83,blocks.6.attn.c_v.weight.buf,1048576,1049401,RAW,0.04488079098518938
83,blocks.6.attn.c_proj.weight.buf,1048576,1049401,RAW,0.02150679100304842
83,blocks.6.mlp.c_fc.weight.buf,4194304,4196389,RAW,0.11033654201310128
83,blocks.6.mlp.c_proj.weight.buf,4194304,4195129,RAW,0.17328424999141134
83,blocks.7.attn.c_q.weight.buf,1048576,1049401,RAW,0.020600375020876527
83,blocks.7.attn.c_k.weight.buf,1048576,1049401,RAW,0.037960249988827854
83,blocks.7.attn.c_v.weight.buf,1048576,1049401,RAW,0.020604041987098753
83,blocks.7.attn.c_proj.weight.buf,1048576,1049401,RAW,0.02080304201808758
83,blocks.7.attn.ve_gate.weight.buf,512,1022,RAW,1.429201802238822e-05
83,blocks.7.mlp.c_fc.weight.buf,4194304,4196389,RAW,0.11985720798838884
83,blocks.7.mlp.c_proj.weight.buf,4194304,4195129,RAW,0.1151259170146659
83,lm_head.weight.m,67108864,67136149,RAW,1.705139915982727
83,lm_head.weight.v,67108864,67136149,RAW,1.6729937919881195
83,resid_lambdas.m,32,32,RAW_VECTOR,7.458002073690295e-06
83,resid_lambdas.v,32,32,RAW_VECTOR,6.250047590583563e-07
83,x0_lambdas.m,32,32,RAW_VECTOR,9.159848559647799e-07
83,x0_lambdas.v,32,32,RAW_VECTOR,4.580069798976183e-07
83,value_embeds.1.weight.m,67108864,67136149,RAW,1.4908466250053607
83,value_embeds.1.weight.v,67108864,67136149,RAW,1.414197999984026
83,value_embeds.3.weight.m,67108864,67136149,RAW,1.4491139160236344
83,value_embeds.3.weight.v,67108864,67136149,RAW,1.4098053340276238
83,value_embeds.5.weight.m,67108864,67136149,RAW,1.4521519580157474
83,value_embeds.5.weight.v,67108864,67136149,RAW,1.3918827080051415
83,value_embeds.7.weight.m,67108864,67136149,RAW,1.479444084019633
83,value_embeds.7.weight.v,67108864,67136149,RAW,1.4108193750143982
84,wte.weight.m,67108864,67136149,RAW,1.4548718749720138
84,wte.weight.v,67108864,67136149,RAW,1.3554429580108263
84,blocks.0.attn.c_q.weight.buf,1048576,1049401,RAW,0.021320959000149742
84,blocks.0.attn.c_k.weight.buf,1048576,1049401,RAW,0.04193700000178069
84,blocks.0.attn.c_v.weight.buf,1048576,1049401,RAW,0.0213265830243472
84,blocks.0.attn.c_proj.weight.buf,1048576,1049401,RAW,0.021293040976161137
84,blocks.0.mlp.c_fc.weight.buf,4194304,4196389,RAW,0.12426675000460818
84,blocks.0.mlp.c_proj.weight.buf,4194304,4195129,RAW,0.1319401249929797
84,blocks.1.attn.c_q.weight.buf,1048576,1049401,RAW,0.021313999983249232
84,blocks.1.attn.c_k.weight.buf,1048576,1049401,RAW,0.06040658298297785
84,blocks.1.attn.c_v.weight.buf,1048576,1049401,RAW,0.02060154199716635
84,blocks.1.attn.c_proj.weight.buf,1048576,1049401,RAW,0.020365333009976894
84,blocks.1.attn.ve_gate.weight.buf,512,1022,RAW,1.2374977814033628e-05
84,blocks.1.mlp.c_fc.weight.buf,4194304,4196389,RAW,0.1161690830194857
84,blocks.1.mlp.c_proj.weight.buf,4194304,4195129,RAW,0.10644129198044538
84,blocks.2.attn.c_q.weight.buf,1048576,1049401,RAW,0.02017408300889656
84,blocks.2.attn.c_k.weight.buf,1048576,1049401,RAW,0.03714500000933185
84,blocks.2.attn.c_v.weight.buf,1048576,1049401,RAW,0.020283291989471763
84,blocks.2.attn.c_proj.weight.buf,1048576,1049401,RAW,0.020195290999254212
84,blocks.2.mlp.c_fc.weight.buf,4194304,4196389,RAW,0.09938741699443199
84,blocks.2.mlp.c_proj.weight.buf,4194304,4195129,RAW,0.10726191598223522
84,blocks.3.attn.c_q.weight.buf,1048576,1049401,RAW,0.02054770800168626
84,blocks.3.attn.c_k.weight.buf,1048576,1049401,RAW,0.020391166006447747
84,blocks.3.attn.c_v.weight.buf,1048576,1049401,RAW,0.03749675001017749
84,blocks.3.attn.c_proj.weight.buf,1048576,1049401,RAW,0.02029708301415667
84,blocks.3.attn.ve_gate.weight.buf,512,1022,RAW,1.5457975678145885e-05
84,blocks.3.mlp.c_fc.weight.buf,4194304,4196389,RAW,0.0998483749863226
84,blocks.3.mlp.c_proj.weight.buf,4194304,4195129,RAW,0.12408683297690004
84,blocks.4.attn.c_q.weight.buf,1048576,1049401,RAW,0.020900834002532065
84,blocks.4.attn.c_k.weight.buf,1048576,1049401,RAW,0.020427624986041337
84,blocks.4.attn.c_v.weight.buf,1048576,1049401,RAW,0.038133124995511025
84,blocks.4.attn.c_proj.weight.buf,1048576,1049401,RAW,0.02146854202146642
84,blocks.4.mlp.c_fc.weight.buf,4194304,4196389,RAW,0.09973170899320394
84,blocks.4.mlp.c_proj.weight.buf,4194304,4195129,RAW,0.1250955419964157
84,blocks.5.attn.c_q.weight.buf,1048576,1049401,RAW,0.0212454590073321
84,blocks.5.attn.c_k.weight.buf,1048576,1049401,RAW,0.01999525001156144
84,blocks.5.attn.c_v.weight.buf,1048576,1049401,RAW,0.0375063749961555
84,blocks.5.attn.c_proj.weight.buf,1048576,1049401,RAW,0.020912917010718957
84,blocks.5.attn.ve_gate.weight.buf,512,1022,RAW,1.3541022781282663e-05
84,blocks.5.mlp.c_fc.weight.buf,4194304,4196389,RAW,0.10073937501874752
84,blocks.5.mlp.c_proj.weight.buf,4194304,4195129,RAW,0.12176295800600201
84,blocks.6.attn.c_q.weight.buf,1048576,1049401,RAW,0.020818457996938378
84,blocks.6.attn.c_k.weight.buf,1048576,1049401,RAW,0.02003308298299089
84,blocks.6.attn.c_v.weight.buf,1048576,1049401,RAW,0.03925541599164717
84,blocks.6.attn.c_proj.weight.buf,1048576,1049401,RAW,0.022733582998625934
84,blocks.6.mlp.c_fc.weight.buf,4194304,4196389,RAW,0.09807095801807009
84,blocks.6.mlp.c_proj.weight.buf,4194304,4195129,RAW,0.10136399997281842
84,blocks.7.attn.c_q.weight.buf,1048576,1049401,RAW,0.03713208300177939
84,blocks.7.attn.c_k.weight.buf,1048576,1049401,RAW,0.02004362500156276
84,blocks.7.attn.c_v.weight.buf,1048576,1049401,RAW,0.01977437498862855
84,blocks.7.attn.c_proj.weight.buf,1048576,1049401,RAW,0.038942292012507096
84,blocks.7.attn.ve_gate.weight.buf,512,1022,RAW,2.491599298082292e-05
84,blocks.7.mlp.c_fc.weight.buf,4194304,4196389,RAW,0.09894450000138022
84,blocks.7.mlp.c_proj.weight.buf,4194304,4195129,RAW,0.1040028749848716
84,lm_head.weight.m,67108864,67136149,RAW,1.6867408330144826
84,lm_head.weight.v,67108864,67136149,RAW,1.6241244580014609
84,resid_lambdas.m,32,32,RAW_VECTOR,4.959001671522856e-06
84,resid_lambdas.v,32,32,RAW_VECTOR,5.00003807246685e-07
84,x0_lambdas.m,32,32,RAW_VECTOR,2.2920139599591494e-06
84,x0_lambdas.v,32,32,RAW_VECTOR,9.170034900307655e-07
84,value_embeds.1.weight.m,67108864,67136149,RAW,1.47284912498435
84,value_embeds.1.weight.v,67108864,67136149,RAW,1.4027187500032596
84,value_embeds.3.weight.m,67108864,67136149,RAW,1.469819332996849
84,value_embeds.3.weight.v,67108864,67136149,RAW,1.379300125001464
84,value_embeds.5.weight.m,67108864,67136149,RAW,1.4899292500049341
84,value_embeds.5.weight.v,67108864,67136149,RAW,1.391294208006002
84,value_embeds.7.weight.m,67108864,67136149,RAW,1.4679994999896735
84,value_embeds.7.weight.v,67108864,67136149,RAW,1.4604824999987613
85,wte.weight.m,67108864,67136149,RAW,1.4732306670048274
85,wte.weight.v,67108864,67136149,RAW,1.3686345829919446
85,blocks.0.attn.c_q.weight.buf,1048576,1049401,RAW,0.021603917004540563
85,blocks.0.attn.c_k.weight.buf,1048576,1049401,RAW,0.019855291000567377
85,blocks.0.attn.c_v.weight.buf,1048576,1049401,RAW,0.03487579099601135
85,blocks.0.attn.c_proj.weight.buf,1048576,1049401,RAW,0.020388750010170043
85,blocks.0.mlp.c_fc.weight.buf,4194304,4196389,RAW,0.09584570897277445
85,blocks.0.mlp.c_proj.weight.buf,4194304,4195129,RAW,0.10264570798608474
85,blocks.1.attn.c_q.weight.buf,1048576,1049401,RAW,0.03669070900650695
85,blocks.1.attn.c_k.weight.buf,1048576,1049401,RAW,0.019603499997174367
85,blocks.1.attn.c_v.weight.buf,1048576,1049401,RAW,0.019911374984076247
85,blocks.1.attn.c_proj.weight.buf,1048576,1049401,RAW,0.03612829197663814
85,blocks.1.attn.ve_gate.weight.buf,512,1022,RAW,2.5374989490956068e-05
85,blocks.1.mlp.c_fc.weight.buf,4194304,4196389,RAW,0.09709974998258986
85,blocks.1.mlp.c_proj.weight.buf,4194304,4195129,RAW,0.12909220802248456
85,blocks.2.attn.c_q.weight.buf,1048576,1049401,RAW,0.04246937498101033
85,blocks.2.attn.c_k.weight.buf,1048576,1049401,RAW,0.022017333016265184
85,blocks.2.attn.c_v.weight.buf,1048576,1049401,RAW,0.021448624989716336
85,blocks.2.attn.c_proj.weight.buf,1048576,1049401,RAW,0.042068749986356124
85,blocks.2.mlp.c_fc.weight.buf,4194304,4196389,RAW,0.1063800830161199
85,blocks.2.mlp.c_proj.weight.buf,4194304,4195129,RAW,0.12694008302059956
85,blocks.3.attn.c_q.weight.buf,1048576,1049401,RAW,0.04234712501056492
85,blocks.3.attn.c_k.weight.buf,1048576,1049401,RAW,0.021539250010391697
85,blocks.3.attn.c_v.weight.buf,1048576,1049401,RAW,0.020957250002538785
85,blocks.3.attn.c_proj.weight.buf,1048576,1049401,RAW,0.037748250004369766
85,blocks.3.attn.ve_gate.weight.buf,512,1022,RAW,1.7874990589916706e-05
85,blocks.3.mlp.c_fc.weight.buf,4194304,4196389,RAW,0.10039279199554585
85,blocks.3.mlp.c_proj.weight.buf,4194304,4195129,RAW,0.11353629201767035
85,blocks.4.attn.c_q.weight.buf,1048576,1049401,RAW,0.04059795799548738
85,blocks.4.attn.c_k.weight.buf,1048576,1049401,RAW,0.02112275001127273
85,blocks.4.attn.c_v.weight.buf,1048576,1049401,RAW,0.020061666989931837
85,blocks.4.attn.c_proj.weight.buf,1048576,1049401,RAW,0.03811908297939226
85,blocks.4.mlp.c_fc.weight.buf,4194304,4196389,RAW,0.11845220800023526
85,blocks.4.mlp.c_proj.weight.buf,4194304,4195129,RAW,0.10649124998599291
85,blocks.5.attn.c_q.weight.buf,1048576,1049401,RAW,0.037543458020081744
85,blocks.5.attn.c_k.weight.buf,1048576,1049401,RAW,0.021129332977579907
85,blocks.5.attn.c_v.weight.buf,1048576,1049401,RAW,0.02029345798655413
85,blocks.5.attn.c_proj.weight.buf,1048576,1049401,RAW,0.038584417023230344
85,blocks.5.attn.ve_gate.weight.buf,512,1022,RAW,3.0166993383318186e-05
85,blocks.5.mlp.c_fc.weight.buf,4194304,4196389,RAW,0.10140491698984988
85,blocks.5.mlp.c_proj.weight.buf,4194304,4195129,RAW,0.10842075000982732
85,blocks.6.attn.c_q.weight.buf,1048576,1049401,RAW,0.020521041995380074
85,blocks.6.attn.c_k.weight.buf,1048576,1049401,RAW,0.03810187499038875
85,blocks.6.attn.c_v.weight.buf,1048576,1049401,RAW,0.0207350839918945
85,blocks.6.attn.c_proj.weight.buf,1048576,1049401,RAW,0.02028825000161305
85,blocks.6.mlp.c_fc.weight.buf,4194304,4196389,RAW,0.11854450000100769
85,blocks.6.mlp.c_proj.weight.buf,4194304,4195129,RAW,0.108331541006919
85,blocks.7.attn.c_q.weight.buf,1048576,1049401,RAW,0.020791707996977493
85,blocks.7.attn.c_k.weight.buf,1048576,1049401,RAW,0.04100208301679231
85,blocks.7.attn.c_v.weight.buf,1048576,1049401,RAW,0.0216314579884056
85,blocks.7.attn.c_proj.weight.buf,1048576,1049401,RAW,0.02338845797930844
85,blocks.7.attn.ve_gate.weight.buf,512,1022,RAW,1.5792000340297818e-05
85,blocks.7.mlp.c_fc.weight.buf,4194304,4196389,RAW,0.10306037499685772
85,blocks.7.mlp.c_proj.weight.buf,4194304,4195129,RAW,0.10452141598216258
85,lm_head.weight.m,67108864,67136149,RAW,1.6670487499795854
85,lm_head.weight.v,67108864,67136149,RAW,1.6341707090032287
85,resid_lambdas.m,32,32,RAW_VECTOR,7.624999852851033e-06
85,resid_lambdas.v,32,32,RAW_VECTOR,2.2919848561286926e-06
85,x0_lambdas.m,32,32,RAW_VECTOR,9.590003173798323e-07
85,x0_lambdas.v,32,32,RAW_VECTOR,4.5899651013314724e-07
85,value_embeds.1.weight.m,67108864,67136149,RAW,1.4699942500155885
85,value_embeds.1.weight.v,67108864,67136149,RAW,1.4177649159973953
85,value_embeds.3.weight.m,67108864,67136149,RAW,1.4885282080213074
85,value_embeds.3.weight.v,67108864,67136149,RAW,1.4008162909885868
85,value_embeds.5.weight.m,67108864,67136149,RAW,1.4179053749830928
85,value_embeds.5.weight.v,67108864,67136149,RAW,1.4437276250100695
85,value_embeds.7.weight.m,67108864,67136149,RAW,1.4490294590068515
85,value_embeds.7.weight.v,67108864,67136149,RAW,1.4643546250008512
86,wte.weight.m,67108864,67136149,RAW,1.421552582993172
86,wte.weight.v,67108864,67136149,RAW,1.4262391250231303
86,blocks.0.attn.c_q.weight.buf,1048576,1049401,RAW,0.020173041004454717
86,blocks.0.attn.c_k.weight.buf,1048576,1049401,RAW,0.03870837501017377
86,blocks.0.attn.c_v.weight.buf,1048576,1049401,RAW,0.01985574999707751
86,blocks.0.attn.c_proj.weight.buf,1048576,1049401,RAW,0.01960116601549089
86,blocks.0.mlp.c_fc.weight.buf,4194304,4196389,RAW,0.11606629201560281
86,blocks.0.mlp.c_proj.weight.buf,4194304,4195129,RAW,0.10912966699106619
86,blocks.1.attn.c_q.weight.buf,1048576,1049401,RAW,0.020631040999433026
86,blocks.1.attn.c_k.weight.buf,1048576,1049401,RAW,0.03799083401099779
86,blocks.1.attn.c_v.weight.buf,1048576,1049401,RAW,0.020086500007892027
86,blocks.1.attn.c_proj.weight.buf,1048576,1049401,RAW,0.02000991700333543
86,blocks.1.attn.ve_gate.weight.buf,512,1022,RAW,1.1916010407730937e-05
86,blocks.1.mlp.c_fc.weight.buf,4194304,4196389,RAW,0.11852412499138154
86,blocks.1.mlp.c_proj.weight.buf,4194304,4195129,RAW,0.10824699999648146
86,blocks.2.attn.c_q.weight.buf,1048576,1049401,RAW,0.020047250000061467
86,blocks.2.attn.c_k.weight.buf,1048576,1049401,RAW,0.03662254201481119
86,blocks.2.attn.c_v.weight.buf,1048576,1049401,RAW,0.020158291998086497
86,blocks.2.attn.c_proj.weight.buf,1048576,1049401,RAW,0.019947667024098337
86,blocks.2.mlp.c_fc.weight.buf,4194304,4196389,RAW,0.11318766698241234
86,blocks.2.mlp.c_proj.weight.buf,4194304,4195129,RAW,0.10340091600664891
86,blocks.3.attn.c_q.weight.buf,1048576,1049401,RAW,0.01957354199839756
86,blocks.3.attn.c_k.weight.buf,1048576,1049401,RAW,0.019937916978960857
86,blocks.3.attn.c_v.weight.buf,1048576,1049401,RAW,0.03694908300531097
86,blocks.3.attn.c_proj.weight.buf,1048576,1049401,RAW,0.020017625007312745
86,blocks.3.attn.ve_gate.weight.buf,512,1022,RAW,2.8291018679738045e-05
86,blocks.3.mlp.c_fc.weight.buf,4194304,4196389,RAW,0.09887099999468774
86,blocks.3.mlp.c_proj.weight.buf,4194304,4195129,RAW,0.11992929197731428
86,blocks.4.attn.c_q.weight.buf,1048576,1049401,RAW,0.020493832998909056
86,blocks.4.attn.c_k.weight.buf,1048576,1049401,RAW,0.019978083990281448
86,blocks.4.attn.c_v.weight.buf,1048576,1049401,RAW,0.03752641601022333
86,blocks.4.attn.c_proj.weight.buf,1048576,1049401,RAW,0.01998474998981692
86,blocks.4.mlp.c_fc.weight.buf,4194304,4196389,RAW,0.10380695899948478
86,blocks.4.mlp.c_proj.weight.buf,4194304,4195129,RAW,0.1463641670125071
86,blocks.5.attn.c_q.weight.buf,1048576,1049401,RAW,0.023167334002209827
86,blocks.5.attn.c_k.weight.buf,1048576,1049401,RAW,0.02146158297546208
86,blocks.5.attn.c_v.weight.buf,1048576,1049401,RAW,0.02246849998482503
86,blocks.5.attn.c_proj.weight.buf,1048576,1049401,RAW,0.022136790998047218
86,blocks.5.attn.ve_gate.weight.buf,512,1022,RAW,3.4500000765547156e-05
86,blocks.5.mlp.c_fc.weight.buf,4194304,4196389,RAW,0.1264210829976946
86,blocks.5.mlp.c_proj.weight.buf,4194304,4195129,RAW,0.11504141599289142
86,blocks.6.attn.c_q.weight.buf,1048576,1049401,RAW,0.020355415996164083
86,blocks.6.attn.c_k.weight.buf,1048576,1049401,RAW,0.037193458003457636
86,blocks.6.attn.c_v.weight.buf,1048576,1049401,RAW,0.021599333005724475
86,blocks.6.attn.c_proj.weight.buf,1048576,1049401,RAW,0.020784459018614143
86,blocks.6.mlp.c_fc.weight.buf,4194304,4196389,RAW,0.10278987500350922
86,blocks.6.mlp.c_proj.weight.buf,4194304,4195129,RAW,0.11061562501708977
86,blocks.7.attn.c_q.weight.buf,1048576,1049401,RAW,0.020243541977833956
86,blocks.7.attn.c_k.weight.buf,1048576,1049401,RAW,0.02018337498884648
86,blocks.7.attn.c_v.weight.buf,1048576,1049401,RAW,0.03832841702387668
86,blocks.7.attn.c_proj.weight.buf,1048576,1049401,RAW,0.020439666986931115
86,blocks.7.attn.ve_gate.weight.buf,512,1022,RAW,1.4290999388322234e-05
86,blocks.7.mlp.c_fc.weight.buf,4194304,4196389,RAW,0.1012165829888545
86,blocks.7.mlp.c_proj.weight.buf,4194304,4195129,RAW,0.1250555420119781
86,lm_head.weight.m,67108864,67136149,RAW,1.6419894580030814
86,lm_head.weight.v,67108864,67136149,RAW,1.671023457980482
86,resid_lambdas.m,32,32,RAW_VECTOR,7.750000804662704e-06
86,resid_lambdas.v,32,32,RAW_VECTOR,5.410111043602228e-07
86,x0_lambdas.m,32,32,RAW_VECTOR,1.207983586937189e-06
86,x0_lambdas.v,32,32,RAW_VECTOR,4.580069798976183e-07
86,value_embeds.1.weight.m,67108864,67136149,RAW,1.449716792005347
86,value_embeds.1.weight.v,67108864,67136149,RAW,1.4397271670168266
86,value_embeds.3.weight.m,67108864,67136149,RAW,1.450093499996001
86,value_embeds.3.weight.v,67108864,67136149,RAW,1.4515144169854466
86,value_embeds.5.weight.m,67108864,67136149,RAW,1.4610446659789886
86,value_embeds.5.weight.v,67108864,67136149,RAW,1.4227363329846412
86,value_embeds.7.weight.m,67108864,67136149,RAW,1.4942494170099963
86,value_embeds.7.weight.v,67108864,67136149,RAW,1.4054111250152346
87,wte.weight.m,67108864,67136149,RAW,1.4374368750141002
87,wte.weight.v,67108864,67136149,RAW,1.406123833003221
87,blocks.0.attn.c_q.weight.buf,1048576,1049401,RAW,0.037907291000010446
87,blocks.0.attn.c_k.weight.buf,1048576,1049401,RAW,0.020141333021456376
87,blocks.0.attn.c_v.weight.buf,1048576,1049401,RAW,0.019931749993702397
87,blocks.0.attn.c_proj.weight.buf,1048576,1049401,RAW,0.03714570798911154
87,blocks.0.mlp.c_fc.weight.buf,4194304,4196389,RAW,0.09902949997922406
87,blocks.0.mlp.c_proj.weight.buf,4194304,4195129,RAW,0.10779741700389422
87,blocks.1.attn.c_q.weight.buf,1048576,1049401,RAW,0.03820754197658971
87,blocks.1.attn.c_k.weight.buf,1048576,1049401,RAW,0.02033112500794232
87,blocks.1.attn.c_v.weight.buf,1048576,1049401,RAW,0.020348417019704357
87,blocks.1.attn.c_proj.weight.buf,1048576,1049401,RAW,0.038309625000692904
87,blocks.1.attn.ve_gate.weight.buf,512,1022,RAW,2.370899892412126e-05
87,blocks.1.mlp.c_fc.weight.buf,4194304,4196389,RAW,0.09878887500963174
87,blocks.1.mlp.c_proj.weight.buf,4194304,4195129,RAW,0.10792966600274667
87,blocks.2.attn.c_q.weight.buf,1048576,1049401,RAW,0.03765958300209604
87,blocks.2.attn.c_k.weight.buf,1048576,1049401,RAW,0.02060366701334715
87,blocks.2.attn.c_v.weight.buf,1048576,1049401,RAW,0.02022754098288715
87,blocks.2.attn.c_proj.weight.buf,1048576,1049401,RAW,0.039025167003273964
87,blocks.2.mlp.c_fc.weight.buf,4194304,4196389,RAW,0.10027070899377577
87,blocks.2.mlp.c_proj.weight.buf,4194304,4195129,RAW,0.128256958007114
87,blocks.3.attn.c_q.weight.buf,1048576,1049401,RAW,0.03770254101254977
87,blocks.3.attn.c_k.weight.buf,1048576,1049401,RAW,0.020228750014211982
87,blocks.3.attn.c_v.weight.buf,1048576,1049401,RAW,0.020228707988280803
87,blocks.3.attn.c_proj.weight.buf,1048576,1049401,RAW,0.03772816702257842
87,blocks.3.attn.ve_gate.weight.buf,512,1022,RAW,2.691699774004519e-05
87,blocks.3.mlp.c_fc.weight.buf,4194304,4196389,RAW,0.0999418749997858
87,blocks.3.mlp.c_proj.weight.buf,4194304,4195129,RAW,0.10762374999467283
87,blocks.4.attn.c_q.weight.buf,1048576,1049401,RAW,0.035508583998307586
87,blocks.4.attn.c_k.weight.buf,1048576,1049401,RAW,0.020570292021147907
87,blocks.4.attn.c_v.weight.buf,1048576,1049401,RAW,0.020663291012169793
87,blocks.4.attn.c_proj.weight.buf,1048576,1049401,RAW,0.037327750003896654
87,blocks.4.mlp.c_fc.weight.buf,4194304,4196389,RAW,0.09808212498319335
87,blocks.4.mlp.c_proj.weight.buf,4194304,4195129,RAW,0.10245299999951385
87,blocks.5.attn.c_q.weight.buf,1048576,1049401,RAW,0.019629083020845428
87,blocks.5.attn.c_k.weight.buf,1048576,1049401,RAW,0.0375977499934379
87,blocks.5.attn.c_v.weight.buf,1048576,1049401,RAW,0.01975745800882578
87,blocks.5.attn.c_proj.weight.buf,1048576,1049401,RAW,0.020051084022270516
87,blocks.5.attn.ve_gate.weight.buf,512,1022,RAW,4.354197881184518e-05
87,blocks.5.mlp.c_fc.weight.buf,4194304,4196389,RAW,0.11192687501898035
87,blocks.5.mlp.c_proj.weight.buf,4194304,4195129,RAW,0.11911745800171047
87,blocks.6.attn.c_q.weight.buf,1048576,1049401,RAW,0.020455292018596083
87,blocks.6.attn.c_k.weight.buf,1048576,1049401,RAW,0.019847583025693893
87,blocks.6.attn.c_v.weight.buf,1048576,1049401,RAW,0.03663758301991038
87,blocks.6.attn.c_proj.weight.buf,1048576,1049401,RAW,0.020163459004834294
87,blocks.6.mlp.c_fc.weight.buf,4194304,4196389,RAW,0.09792925001238473
87,blocks.6.mlp.c_proj.weight.buf,4194304,4195129,RAW,0.12705183299840428
87,blocks.7.attn.c_q.weight.buf,1048576,1049401,RAW,0.02188983399537392
87,blocks.7.attn.c_k.weight.buf,1048576,1049401,RAW,0.021275709004839882
87,blocks.7.attn.c_v.weight.buf,1048576,1049401,RAW,0.042723874998046085
87,blocks.7.attn.c_proj.weight.buf,1048576,1049401,RAW,0.02214912499766797
87,blocks.7.attn.ve_gate.weight.buf,512,1022,RAW,3.433399251662195e-05
87,blocks.7.mlp.c_fc.weight.buf,4194304,4196389,RAW,0.10537891599233262
87,blocks.7.mlp.c_proj.weight.buf,4194304,4195129,RAW,0.1323628750105854
87,lm_head.weight.m,67108864,67136149,RAW,1.69614262500545
87,lm_head.weight.v,67108864,67136149,RAW,1.6421228330000304
87,resid_lambdas.m,32,32,RAW_VECTOR,5.209003575146198e-06
87,resid_lambdas.v,32,32,RAW_VECTOR,5.00003807246685e-07
87,x0_lambdas.m,32,32,RAW_VECTOR,1.334003172814846e-06
87,x0_lambdas.v,32,32,RAW_VECTOR,5.00003807246685e-07
87,value_embeds.1.weight.m,67108864,67136149,RAW,1.477592832990922
87,value_embeds.1.weight.v,67108864,67136149,RAW,1.4027736250136513
87,value_embeds.3.weight.m,67108864,67136149,RAW,1.4743353329831734
87,value_embeds.3.weight.v,67108864,67136149,RAW,1.4034224580100272
87,value_embeds.5.weight.m,67108864,67136149,RAW,1.4803136670088861
87,value_embeds.5.weight.v,67108864,67136149,RAW,1.401374166016467
87,value_embeds.7.weight.m,67108864,67136149,RAW,1.525689667003462
87,value_embeds.7.weight.v,67108864,67136149,RAW,1.4148246670083608
88,wte.weight.m,67108864,67136149,RAW,1.4597773340065032
88,wte.weight.v,67108864,67136149,RAW,1.364902625005925
88,blocks.0.attn.c_q.weight.buf,1048576,1049401,RAW,0.019813541002804413
88,blocks.0.attn.c_k.weight.buf,1048576,1049401,RAW,0.05105258300318383
88,blocks.0.attn.c_v.weight.buf,1048576,1049401,RAW,0.020098958018934354
88,blocks.0.attn.c_proj.weight.buf,1048576,1049401,RAW,0.021192708984017372
88,blocks.0.mlp.c_fc.weight.buf,4194304,4196389,RAW,0.12518350000027567
88,blocks.0.mlp.c_proj.weight.buf,4194304,4195129,RAW,0.13039845798630267
88,blocks.1.attn.c_q.weight.buf,1048576,1049401,RAW,0.042601624998496845
88,blocks.1.attn.c_k.weight.buf,1048576,1049401,RAW,0.021512000006623566
88,blocks.1.attn.c_v.weight.buf,1048576,1049401,RAW,0.021197124995524064
88,blocks.1.attn.c_proj.weight.buf,1048576,1049401,RAW,0.04284091599402018
88,blocks.1.attn.ve_gate.weight.buf,512,1022,RAW,4.7375011490657926e-05
88,blocks.1.mlp.c_fc.weight.buf,4194304,4196389,RAW,0.1034922499966342
88,blocks.1.mlp.c_proj.weight.buf,4194304,4195129,RAW,0.1073704999871552
88,blocks.2.attn.c_q.weight.buf,1048576,1049401,RAW,0.020396915992023423
88,blocks.2.attn.c_k.weight.buf,1048576,1049401,RAW,0.02162766599212773
88,blocks.2.attn.c_v.weight.buf,1048576,1049401,RAW,0.020300792006310076
88,blocks.2.attn.c_proj.weight.buf,1048576,1049401,RAW,0.020343125012004748
88,blocks.2.mlp.c_fc.weight.buf,4194304,4196389,RAW,0.1032665409729816
88,blocks.2.mlp.c_proj.weight.buf,4194304,4195129,RAW,0.12323604099219665
88,blocks.3.attn.c_q.weight.buf,1048576,1049401,RAW,0.020109125005546957
88,blocks.3.attn.c_k.weight.buf,1048576,1049401,RAW,0.03805170801933855
88,blocks.3.attn.c_v.weight.buf,1048576,1049401,RAW,0.02031841699499637
88,blocks.3.attn.c_proj.weight.buf,1048576,1049401,RAW,0.02034316599019803
88,blocks.3.attn.ve_gate.weight.buf,512,1022,RAW,1.4167017070576549e-05
88,blocks.3.mlp.c_fc.weight.buf,4194304,4196389,RAW,0.11733404200640507
88,blocks.3.mlp.c_proj.weight.buf,4194304,4195129,RAW,0.10623250002390705
88,blocks.4.attn.c_q.weight.buf,1048576,1049401,RAW,0.02044587500859052
88,blocks.4.attn.c_k.weight.buf,1048576,1049401,RAW,0.0373298330232501
88,blocks.4.attn.c_v.weight.buf,1048576,1049401,RAW,0.020772417017724365
88,blocks.4.attn.c_proj.weight.buf,1048576,1049401,RAW,0.020804166997550055
88,blocks.4.mlp.c_fc.weight.buf,4194304,4196389,RAW,0.10033683400251903
88,blocks.4.mlp.c_proj.weight.buf,4194304,4195129,RAW,0.10881174998939969
88,blocks.5.attn.c_q.weight.buf,1048576,1049401,RAW,0.02032716601388529
88,blocks.5.attn.c_k.weight.buf,1048576,1049401,RAW,0.020332832995336503
88,blocks.5.attn.c_v.weight.buf,1048576,1049401,RAW,0.044176666997373104
88,blocks.5.attn.c_proj.weight.buf,1048576,1049401,RAW,0.020638707996113226
88,blocks.5.attn.ve_gate.weight.buf,512,1022,RAW,1.2458011042326689e-05
88,blocks.5.mlp.c_fc.weight.buf,4194304,4196389,RAW,0.1023594579892233
88,blocks.5.mlp.c_proj.weight.buf,4194304,4195129,RAW,0.1262027089833282
88,blocks.6.attn.c_q.weight.buf,1048576,1049401,RAW,0.03802837498369627
88,blocks.6.attn.c_k.weight.buf,1048576,1049401,RAW,0.02057337498990819
88,blocks.6.attn.c_v.weight.buf,1048576,1049401,RAW,0.03690700000151992
88,blocks.6.attn.c_proj.weight.buf,1048576,1049401,RAW,0.02031841699499637
88,blocks.6.mlp.c_fc.weight.buf,4194304,4196389,RAW,0.09819237497868016
88,blocks.6.mlp.c_proj.weight.buf,4194304,4195129,RAW,0.10266150001552887
88,blocks.7.attn.c_q.weight.buf,1048576,1049401,RAW,0.03713345801224932
88,blocks.7.attn.c_k.weight.buf,1048576,1049401,RAW,0.02017533400794491
88,blocks.7.attn.c_v.weight.buf,1048576,1049401,RAW,0.020069749996764585
88,blocks.7.attn.c_proj.weight.buf,1048576,1049401,RAW,0.03799929199158214
88,blocks.7.attn.ve_gate.weight.buf,512,1022,RAW,3.129200194962323e-05
88,blocks.7.mlp.c_fc.weight.buf,4194304,4196389,RAW,0.09897162500419654
88,blocks.7.mlp.c_proj.weight.buf,4194304,4195129,RAW,0.1019969999906607
88,lm_head.weight.m,67108864,67136149,RAW,1.6981606659828685
88,lm_head.weight.v,67108864,67136149,RAW,1.6258376670011785
88,resid_lambdas.m,32,32,RAW_VECTOR,7.95800588093698e-06
88,resid_lambdas.v,32,32,RAW_VECTOR,3.6669953260570765e-06
88,x0_lambdas.m,32,32,RAW_VECTOR,8.750066626816988e-07
88,x0_lambdas.v,32,32,RAW_VECTOR,3.340246621519327e-07
88,value_embeds.1.weight.m,67108864,67136149,RAW,1.491043207992334
88,value_embeds.1.weight.v,67108864,67136149,RAW,1.3900720000092406
88,value_embeds.3.weight.m,67108864,67136149,RAW,1.493198583018966
88,value_embeds.3.weight.v,67108864,67136149,RAW,1.4006014170008712
88,value_embeds.5.weight.m,67108864,67136149,RAW,1.484012166998582
88,value_embeds.5.weight.v,67108864,67136149,RAW,1.4399138750159182
88,value_embeds.7.weight.m,67108864,67136149,RAW,1.4922509579919279
88,value_embeds.7.weight.v,67108864,67136149,RAW,1.4369411669904366
89,wte.weight.m,67108864,67136149,RAW,1.4592722920060623
89,wte.weight.v,67108864,67136149,RAW,1.3847674159915186
89,blocks.0.attn.c_q.weight.buf,1048576,1049401,RAW,0.036607999994885176
89,blocks.0.attn.c_k.weight.buf,1048576,1049401,RAW,0.037153499986743554
89,blocks.0.attn.c_v.weight.buf,1048576,1049401,RAW,0.01974083299865015
89,blocks.0.attn.c_proj.weight.buf,1048576,1049401,RAW,0.036801000009290874
89,blocks.0.mlp.c_fc.weight.buf,4194304,4196389,RAW,0.09673487499821931
89,blocks.0.mlp.c_proj.weight.buf,4194304,4195129,RAW,0.10186087500187568
89,blocks.1.attn.c_q.weight.buf,1048576,1049401,RAW,0.019932416995288804
89,blocks.1.attn.c_k.weight.buf,1048576,1049401,RAW,0.03749033302301541
89,blocks.1.attn.c_v.weight.buf,1048576,1049401,RAW,0.019324207998579368
89,blocks.1.attn.c_proj.weight.buf,1048576,1049401,RAW,0.01971912500448525
89,blocks.1.attn.ve_gate.weight.buf,512,1022,RAW,2.7624977519735694e-05
89,blocks.1.mlp.c_fc.weight.buf,4194304,4196389,RAW,0.11430454201763496
89,blocks.1.mlp.c_proj.weight.buf,4194304,4195129,RAW,0.10097600001608953
89,blocks.2.attn.c_q.weight.buf,1048576,1049401,RAW,0.0196443329914473
89,blocks.2.attn.c_k.weight.buf,1048576,1049401,RAW,0.036732542008394375
89,blocks.2.attn.c_v.weight.buf,1048576,1049401,RAW,0.022321457974612713
89,blocks.2.attn.c_proj.weight.buf,1048576,1049401,RAW,0.021611915988614783
89,blocks.2.mlp.c_fc.weight.buf,4194304,4196389,RAW,0.10499758299556561
89,blocks.2.mlp.c_proj.weight.buf,4194304,4195129,RAW,0.1305960000026971
89,blocks.3.attn.c_q.weight.buf,1048576,1049401,RAW,0.021511750004719943
89,blocks.3.attn.c_k.weight.buf,1048576,1049401,RAW,0.04306466699927114
89,blocks.3.attn.c_v.weight.buf,1048576,1049401,RAW,0.022239500016439706
89,blocks.3.attn.c_proj.weight.buf,1048576,1049401,RAW,0.021416624978883192
89,blocks.3.attn.ve_gate.weight.buf,512,1022,RAW,2.3917004000395536e-05
89,blocks.3.mlp.c_fc.weight.buf,4194304,4196389,RAW,0.12130016699666157
89,blocks.3.mlp.c_proj.weight.buf,4194304,4195129,RAW,0.10816670901840553
89,blocks.4.attn.c_q.weight.buf,1048576,1049401,RAW,0.020493459014687687
89,blocks.4.attn.c_k.weight.buf,1048576,1049401,RAW,0.03825291700195521
89,blocks.4.attn.c_v.weight.buf,1048576,1049401,RAW,0.02228737500263378
89,blocks.4.attn.c_proj.weight.buf,1048576,1049401,RAW,0.021360874990932643
89,blocks.4.mlp.c_fc.weight.buf,4194304,4196389,RAW,0.11619083301047795
89,blocks.4.mlp.c_proj.weight.buf,4194304,4195129,RAW,0.10694274998968467
89,blocks.5.attn.c_q.weight.buf,1048576,1049401,RAW,0.020136417006142437
89,blocks.5.attn.c_k.weight.buf,1048576,1049401,RAW,0.02040079198195599
89,blocks.5.attn.c_v.weight.buf,1048576,1049401,RAW,0.02221666698460467
89,blocks.5.attn.c_proj.weight.buf,1048576,1049401,RAW,0.0208518750150688
89,blocks.5.attn.ve_gate.weight.buf,512,1022,RAW,1.3334007235243917e-05
89,blocks.5.mlp.c_fc.weight.buf,4194304,4196389,RAW,0.09961483301594853
89,blocks.5.mlp.c_proj.weight.buf,4194304,4195129,RAW,0.1268055840046145
89,blocks.6.attn.c_q.weight.buf,1048576,1049401,RAW,0.02084129099966958
89,blocks.6.attn.c_k.weight.buf,1048576,1049401,RAW,0.020291374996304512
89,blocks.6.attn.c_v.weight.buf,1048576,1049401,RAW,0.03811170801054686
89,blocks.6.attn.c_proj.weight.buf,1048576,1049401,RAW,0.022311125008855015
89,blocks.6.mlp.c_fc.weight.buf,4194304,4196389,RAW,0.09998025000095367
89,blocks.6.mlp.c_proj.weight.buf,4194304,4195129,RAW,0.1254720839788206
89,blocks.7.attn.c_q.weight.buf,1048576,1049401,RAW,0.02069870798732154
89,blocks.7.attn.c_k.weight.buf,1048576,1049401,RAW,0.02041779097635299
89,blocks.7.attn.c_v.weight.buf,1048576,1049401,RAW,0.03906058397842571
89,blocks.7.attn.c_proj.weight.buf,1048576,1049401,RAW,0.02054341699113138
89,blocks.7.attn.ve_gate.weight.buf,512,1022,RAW,1.5249999705702066e-05
89,blocks.7.mlp.c_fc.weight.buf,4194304,4196389,RAW,0.09990616599679925
89,blocks.7.mlp.c_proj.weight.buf,4194304,4195129,RAW,0.12453512501087971
89,lm_head.weight.m,67108864,67136149,RAW,1.683837415999733
89,lm_head.weight.v,67108864,67136149,RAW,1.6372649999975692
89,resid_lambdas.m,32,32,RAW_VECTOR,1.058299676515162e-05
89,resid_lambdas.v,32,32,RAW_VECTOR,1.4579854905605316e-06
89,x0_lambdas.m,32,32,RAW_VECTOR,2.541986759752035e-06
89,x0_lambdas.v,32,32,RAW_VECTOR,9.579816833138466e-07
89,value_embeds.1.weight.m,67108864,67136149,RAW,1.4956664589990396
89,value_embeds.1.weight.v,67108864,67136149,RAW,1.40319220800302
89,value_embeds.3.weight.m,67108864,67136149,RAW,1.4837830000033136
89,value_embeds.3.weight.v,67108864,67136149,RAW,1.4384287919965573
89,value_embeds.5.weight.m,67108864,67136149,RAW,1.4437395829882007
89,value_embeds.5.weight.v,67108864,67136149,RAW,1.454437207983574
89,value_embeds.7.weight.m,67108864,67136149,RAW,1.4619890419999138
89,value_embeds.7.weight.v,67108864,67136149,RAW,1.4485349160095211
90,wte.weight.m,67108864,67136149,RAW,1.4279272919811774
90,wte.weight.v,67108864,67136149,RAW,1.416558333003195
90,blocks.0.attn.c_q.weight.buf,1048576,1049401,RAW,0.020716541999718174
90,blocks.0.attn.c_k.weight.buf,1048576,1049401,RAW,0.020421833003638312
90,blocks.0.attn.c_v.weight.buf,1048576,1049401,RAW,0.0374430000083521
90,blocks.0.attn.c_proj.weight.buf,1048576,1049401,RAW,0.021668708010111004
90,blocks.0.mlp.c_fc.weight.buf,4194304,4196389,RAW,0.10171424999134615
90,blocks.0.mlp.c_proj.weight.buf,4194304,4195129,RAW,0.12352220798493363
90,blocks.1.attn.c_q.weight.buf,1048576,1049401,RAW,0.021166999998968095
90,blocks.1.attn.c_k.weight.buf,1048576,1049401,RAW,0.019998833013232797
90,blocks.1.attn.c_v.weight.buf,1048576,1049401,RAW,0.020267833024263382
90,blocks.1.attn.c_proj.weight.buf,1048576,1049401,RAW,0.0384354580019135
90,blocks.1.attn.ve_gate.weight.buf,512,1022,RAW,1.9208004232496023e-05
90,blocks.1.mlp.c_fc.weight.buf,4194304,4196389,RAW,0.09739920901483856
90,blocks.1.mlp.c_proj.weight.buf,4194304,4195129,RAW,0.10128070900100283
90,blocks.2.attn.c_q.weight.buf,1048576,1049401,RAW,0.03662791699753143
90,blocks.2.attn.c_k.weight.buf,1048576,1049401,RAW,0.019891500007361174
90,blocks.2.attn.c_v.weight.buf,1048576,1049401,RAW,0.019887625006958842
90,blocks.2.attn.c_proj.weight.buf,1048576,1049401,RAW,0.036265957984142005
90,blocks.2.mlp.c_fc.weight.buf,4194304,4196389,RAW,0.09925895900232717
90,blocks.2.mlp.c_proj.weight.buf,4194304,4195129,RAW,0.10171033299411647
90,blocks.3.attn.c_q.weight.buf,1048576,1049401,RAW,0.020280124997952953
90,blocks.3.attn.c_k.weight.buf,1048576,1049401,RAW,0.0369046249834355
90,blocks.3.attn.c_v.weight.buf,1048576,1049401,RAW,0.019904374988982454
90,blocks.3.attn.c_proj.weight.buf,1048576,1049401,RAW,0.019971333007561043
90,blocks.3.attn.ve_gate.weight.buf,512,1022,RAW,1.129199517890811e-05
90,blocks.3.mlp.c_fc.weight.buf,4194304,4196389,RAW,0.11324579099891707
90,blocks.3.mlp.c_proj.weight.buf,4194304,4195129,RAW,0.12041816700366326
90,blocks.4.attn.c_q.weight.buf,1048576,1049401,RAW,0.020023708988446742
90,blocks.4.attn.c_k.weight.buf,1048576,1049401,RAW,0.036096124997129664
90,blocks.4.attn.c_v.weight.buf,1048576,1049401,RAW,0.020483500004047528
90,blocks.4.attn.c_proj.weight.buf,1048576,1049401,RAW,0.019766999990679324
90,blocks.4.mlp.c_fc.weight.buf,4194304,4196389,RAW,0.1250563749927096
90,blocks.4.mlp.c_proj.weight.buf,4194304,4195129,RAW,0.12869687500642613
90,blocks.5.attn.c_q.weight.buf,1048576,1049401,RAW,0.03975316698779352
90,blocks.5.attn.c_k.weight.buf,1048576,1049401,RAW,0.022953417006647214
90,blocks.5.attn.c_v.weight.buf,1048576,1049401,RAW,0.021854000020539388
90,blocks.5.attn.c_proj.weight.buf,1048576,1049401,RAW,0.021949792018858716
90,blocks.5.attn.ve_gate.weight.buf,512,1022,RAW,0.00013570801820605993
90,blocks.5.mlp.c_fc.weight.buf,4194304,4196389,RAW,0.10766979100299068
90,blocks.5.mlp.c_proj.weight.buf,4194304,4195129,RAW,0.1076654159987811
90,blocks.6.attn.c_q.weight.buf,1048576,1049401,RAW,0.020373083010781556
90,blocks.6.attn.c_k.weight.buf,1048576,1049401,RAW,0.038095290976343676
90,blocks.6.attn.c_v.weight.buf,1048576,1049401,RAW,0.020394833001773804
90,blocks.6.attn.c_proj.weight.buf,1048576,1049401,RAW,0.02062954200664535
90,blocks.6.mlp.c_fc.weight.buf,4194304,4196389,RAW,0.10340516699943691
90,blocks.6.mlp.c_proj.weight.buf,4194304,4195129,RAW,0.1262082910106983
90,blocks.7.attn.c_q.weight.buf,1048576,1049401,RAW,0.020149500021943823
90,blocks.7.attn.c_k.weight.buf,1048576,1049401,RAW,0.037725792004493997
90,blocks.7.attn.c_v.weight.buf,1048576,1049401,RAW,0.020310583000537008
90,blocks.7.attn.c_proj.weight.buf,1048576,1049401,RAW,0.020697667001513764
90,blocks.7.attn.ve_gate.weight.buf,512,1022,RAW,1.3082986697554588e-05
90,blocks.7.mlp.c_fc.weight.buf,4194304,4196389,RAW,0.11832099998719059
90,blocks.7.mlp.c_proj.weight.buf,4194304,4195129,RAW,0.10794966600951739
90,lm_head.weight.m,67108864,67136149,RAW,1.6341609169903677
90,lm_head.weight.v,67108864,67136149,RAW,1.6903590000001714
90,resid_lambdas.m,32,32,RAW_VECTOR,4.959001671522856e-06
90,resid_lambdas.v,32,32,RAW_VECTOR,3.7500285543501377e-07
90,x0_lambdas.m,32,32,RAW_VECTOR,1.00000761449337e-06
90,x0_lambdas.v,32,32,RAW_VECTOR,4.5797787606716156e-07
90,value_embeds.1.weight.m,67108864,67136149,RAW,1.4360244589915965
90,value_embeds.1.weight.v,67108864,67136149,RAW,1.4770025410107337
90,value_embeds.3.weight.m,67108864,67136149,RAW,1.4572855829901528
90,value_embeds.3.weight.v,67108864,67136149,RAW,1.4613384580006823
90,value_embeds.5.weight.m,67108864,67136149,RAW,1.466066833003424
90,value_embeds.5.weight.v,67108864,67136149,RAW,1.4377302909852006
90,value_embeds.7.weight.m,67108864,67136149,RAW,1.4794077910191845
90,value_embeds.7.weight.v,67108864,67136149,RAW,1.4521264169889037
91,wte.weight.m,67108864,67136149,RAW,1.4554370410041884
91,wte.weight.v,67108864,67136149,RAW,1.4126870830077678
91,blocks.0.attn.c_q.weight.buf,1048576,1049401,RAW,0.020502291998127475
91,blocks.0.attn.c_k.weight.buf,1048576,1049401,RAW,0.020057041983818635
91,blocks.0.attn.c_v.weight.buf,1048576,1049401,RAW,0.037949624995235354
91,blocks.0.attn.c_proj.weight.buf,1048576,1049401,RAW,0.020123333000810817
91,blocks.0.mlp.c_fc.weight.buf,4194304,4196389,RAW,0.09814808299415745
91,blocks.0.mlp.c_proj.weight.buf,4194304,4195129,RAW,0.12387500001932494
91,blocks.1.attn.c_q.weight.buf,1048576,1049401,RAW,0.02031854199594818
91,blocks.1.attn.c_k.weight.buf,1048576,1049401,RAW,0.020226666994858533
91,blocks.1.attn.c_v.weight.buf,1048576,1049401,RAW,0.03748316699056886
91,blocks.1.attn.c_proj.weight.buf,1048576,1049401,RAW,0.020471375028137118
91,blocks.1.attn.ve_gate.weight.buf,512,1022,RAW,1.4999997802078724e-05
91,blocks.1.mlp.c_fc.weight.buf,4194304,4196389,RAW,0.11595708300592378
91,blocks.1.mlp.c_proj.weight.buf,4194304,4195129,RAW,0.12758283398579806
91,blocks.2.attn.c_q.weight.buf,1048576,1049401,RAW,0.02054845800739713
91,blocks.2.attn.c_k.weight.buf,1048576,1049401,RAW,0.019906291010556743
91,blocks.2.attn.c_v.weight.buf,1048576,1049401,RAW,0.039615083020180464
91,blocks.2.attn.c_proj.weight.buf,1048576,1049401,RAW,0.020480082981521264
91,blocks.2.mlp.c_fc.weight.buf,4194304,4196389,RAW,0.09992704199976288
91,blocks.2.mlp.c_proj.weight.buf,4194304,4195129,RAW,0.10757349999039434
91,blocks.3.attn.c_q.weight.buf,1048576,1049401,RAW,0.022171291988343
91,blocks.3.attn.c_k.weight.buf,1048576,1049401,RAW,0.020515167008852586
91,blocks.3.attn.c_v.weight.buf,1048576,1049401,RAW,0.0203167500148993
91,blocks.3.attn.c_proj.weight.buf,1048576,1049401,RAW,0.022657666995655745
91,blocks.3.attn.ve_gate.weight.buf,512,1022,RAW,1.3040989870205522e-05
91,blocks.3.mlp.c_fc.weight.buf,4194304,4196389,RAW,0.10297895802068524
91,blocks.3.mlp.c_proj.weight.buf,4194304,4195129,RAW,0.11019204198964871
91,blocks.4.attn.c_q.weight.buf,1048576,1049401,RAW,0.021575124992523342
91,blocks.4.attn.c_k.weight.buf,1048576,1049401,RAW,0.019631584000308067
91,blocks.4.attn.c_v.weight.buf,1048576,1049401,RAW,0.020750084018800408
91,blocks.4.attn.c_proj.weight.buf,1048576,1049401,RAW,0.03689104100340046
91,blocks.4.mlp.c_fc.weight.buf,4194304,4196389,RAW,0.11288770800456405
91,blocks.4.mlp.c_proj.weight.buf,4194304,4195129,RAW,0.10514562501339242
91,blocks.5.attn.c_q.weight.buf,1048576,1049401,RAW,0.03604550001909956
91,blocks.5.attn.c_k.weight.buf,1048576,1049401,RAW,0.020360791007988155
91,blocks.5.attn.c_v.weight.buf,1048576,1049401,RAW,0.020127834024606273
91,blocks.5.attn.c_proj.weight.buf,1048576,1049401,RAW,0.03723149999859743
91,blocks.5.attn.ve_gate.weight.buf,512,1022,RAW,2.5125016691163182e-05
91,blocks.5.mlp.c_fc.weight.buf,4194304,4196389,RAW,0.09747037501074374
91,blocks.5.mlp.c_proj.weight.buf,4194304,4195129,RAW,0.10228495800402015
91,blocks.6.attn.c_q.weight.buf,1048576,1049401,RAW,0.019484124990412965
91,blocks.6.attn.c_k.weight.buf,1048576,1049401,RAW,0.03694116699625738
91,blocks.6.attn.c_v.weight.buf,1048576,1049401,RAW,0.020358042005682364
91,blocks.6.attn.c_proj.weight.buf,1048576,1049401,RAW,0.02029954199679196
91,blocks.6.mlp.c_fc.weight.buf,4194304,4196389,RAW,0.10021179099567235
91,blocks.6.mlp.c_proj.weight.buf,4194304,4195129,RAW,0.1352054169983603
91,blocks.7.attn.c_q.weight.buf,1048576,1049401,RAW,0.044062000000849366
91,blocks.7.attn.c_k.weight.buf,1048576,1049401,RAW,0.022132290992885828
91,blocks.7.attn.c_v.weight.buf,1048576,1049401,RAW,0.022710374993039295
91,blocks.7.attn.c_proj.weight.buf,1048576,1049401,RAW,0.045251375006046146
91,blocks.7.attn.ve_gate.weight.buf,512,1022,RAW,3.429199568927288e-05
91,blocks.7.mlp.c_fc.weight.buf,4194304,4196389,RAW,0.13202345799072646
91,blocks.7.mlp.c_proj.weight.buf,4194304,4195129,RAW,0.12215874998946674
91,lm_head.weight.m,67108864,67136149,RAW,1.6563740419805981
91,lm_head.weight.v,67108864,67136149,RAW,1.6698993750032969
91,resid_lambdas.m,32,32,RAW_VECTOR,7.2499969974160194e-06
91,resid_lambdas.v,32,32,RAW_VECTOR,1.6660196706652641e-06
91,x0_lambdas.m,32,32,RAW_VECTOR,1.207983586937189e-06
91,x0_lambdas.v,32,32,RAW_VECTOR,4.580069798976183e-07
91,value_embeds.1.weight.m,67108864,67136149,RAW,1.4633794580004178
91,value_embeds.1.weight.v,67108864,67136149,RAW,1.4350639160256833
91,value_embeds.3.weight.m,67108864,67136149,RAW,1.472704292013077
91,value_embeds.3.weight.v,67108864,67136149,RAW,1.4268137499748264
91,value_embeds.5.weight.m,67108864,67136149,RAW,1.4945315000077244
91,value_embeds.5.weight.v,67108864,67136149,RAW,1.3984609589970205
91,value_embeds.7.weight.m,67108864,67136149,RAW,1.514339374989504
91,value_embeds.7.weight.v,67108864,67136149,RAW,1.4355129999748897
92,wte.weight.m,67108864,67136149,RAW,1.4751096249965485
92,wte.weight.v,67108864,67136149,RAW,1.3813122080173343
92,blocks.0.attn.c_q.weight.buf,1048576,1049401,RAW,0.04195233297650702
92,blocks.0.attn.c_k.weight.buf,1048576,1049401,RAW,0.02166475000558421
92,blocks.0.attn.c_v.weight.buf,1048576,1049401,RAW,0.021550290985032916
92,blocks.0.attn.c_proj.weight.buf,1048576,1049401,RAW,0.041896792012266815
92,blocks.0.mlp.c_fc.weight.buf,4194304,4196389,RAW,0.1053505839954596
92,blocks.0.mlp.c_proj.weight.buf,4194304,4195129,RAW,0.11645599998882972
92,blocks.1.attn.c_q.weight.buf,1048576,1049401,RAW,0.037940416019409895
92,blocks.1.attn.c_k.weight.buf,1048576,1049401,RAW,0.02049204197828658
92,blocks.1.attn.c_v.weight.buf,1048576,1049401,RAW,0.02028095899731852
92,blocks.1.attn.c_proj.weight.buf,1048576,1049401,RAW,0.037906624987954274
92,blocks.1.attn.ve_gate.weight.buf,512,1022,RAW,1.7709011444821954e-05
92,blocks.1.mlp.c_fc.weight.buf,4194304,4196389,RAW,0.1151212920085527
92,blocks.1.mlp.c_proj.weight.buf,4194304,4195129,RAW,0.1062471250188537
92,blocks.2.attn.c_q.weight.buf,1048576,1049401,RAW,0.0375620829872787
92,blocks.2.attn.c_k.weight.buf,1048576,1049401,RAW,0.020860457996604964
92,blocks.2.attn.c_v.weight.buf,1048576,1049401,RAW,0.02053441700991243
92,blocks.2.attn.c_proj.weight.buf,1048576,1049401,RAW,0.03843362498446368
92,blocks.2.mlp.c_fc.weight.buf,4194304,4196389,RAW,0.100407083024038
92,blocks.2.mlp.c_proj.weight.buf,4194304,4195129,RAW,0.10668437500135042
92,blocks.3.attn.c_q.weight.buf,1048576,1049401,RAW,0.020278749987483025
92,blocks.3.attn.c_k.weight.buf,1048576,1049401,RAW,0.02117937500588596
92,blocks.3.attn.c_v.weight.buf,1048576,1049401,RAW,0.020314958004746586
92,blocks.3.attn.c_proj.weight.buf,1048576,1049401,RAW,0.020237707998603582
92,blocks.3.attn.ve_gate.weight.buf,512,1022,RAW,0.00013466700329445302
92,blocks.3.mlp.c_fc.weight.buf,4194304,4196389,RAW,0.10033625000505708
92,blocks.3.mlp.c_proj.weight.buf,4194304,4195129,RAW,0.10605000000214204
92,blocks.4.attn.c_q.weight.buf,1048576,1049401,RAW,0.02041166598792188
92,blocks.4.attn.c_k.weight.buf,1048576,1049401,RAW,0.021578250016318634
92,blocks.4.attn.c_v.weight.buf,1048576,1049401,RAW,0.020518166973488405
92,blocks.4.attn.c_proj.weight.buf,1048576,1049401,RAW,0.02068204098031856
92,blocks.4.mlp.c_fc.weight.buf,4194304,4196389,RAW,0.10272295799222775
92,blocks.4.mlp.c_proj.weight.buf,4194304,4195129,RAW,0.10994341698824428
92,blocks.5.attn.c_q.weight.buf,1048576,1049401,RAW,0.02061799998045899
92,blocks.5.attn.c_k.weight.buf,1048576,1049401,RAW,0.038124833983602
92,blocks.5.attn.c_v.weight.buf,1048576,1049401,RAW,0.02074379098485224
92,blocks.5.attn.c_proj.weight.buf,1048576,1049401,RAW,0.020929999998770654
92,blocks.5.attn.ve_gate.weight.buf,512,1022,RAW,1.1874974006786942e-05
92,blocks.5.mlp.c_fc.weight.buf,4194304,4196389,RAW,0.11487370799295604
92,blocks.5.mlp.c_proj.weight.buf,4194304,4195129,RAW,0.11243695800658315
92,blocks.6.attn.c_q.weight.buf,1048576,1049401,RAW,0.01986695799860172
92,blocks.6.attn.c_k.weight.buf,1048576,1049401,RAW,0.021880916989175603
92,blocks.6.attn.c_v.weight.buf,1048576,1049401,RAW,0.019887959002517164
92,blocks.6.attn.c_proj.weight.buf,1048576,1049401,RAW,0.02002550000906922
92,blocks.6.mlp.c_fc.weight.buf,4194304,4196389,RAW,0.11371491698082536
92,blocks.6.mlp.c_proj.weight.buf,4194304,4195129,RAW,0.10077887499937788
92,blocks.7.attn.c_q.weight.buf,1048576,1049401,RAW,0.020262082980480045
92,blocks.7.attn.c_k.weight.buf,1048576,1049401,RAW,0.036927832989022136
92,blocks.7.attn.c_v.weight.buf,1048576,1049401,RAW,0.02036383398808539
92,blocks.7.attn.c_proj.weight.buf,1048576,1049401,RAW,0.020095499989110976
92,blocks.7.attn.ve_gate.weight.buf,512,1022,RAW,3.074997221119702e-05
92,blocks.7.mlp.c_fc.weight.buf,4194304,4196389,RAW,0.0990822910098359
92,blocks.7.mlp.c_proj.weight.buf,4194304,4195129,RAW,0.1200982500158716
92,lm_head.weight.m,67108864,67136149,RAW,1.6797175829997286
92,lm_head.weight.v,67108864,67136149,RAW,1.6467665410018526
92,resid_lambdas.m,32,32,RAW_VECTOR,1.0500021744519472e-05
92,resid_lambdas.v,32,32,RAW_VECTOR,5.829788278788328e-07
92,x0_lambdas.m,32,32,RAW_VECTOR,1.6249832697212696e-06
92,x0_lambdas.v,32,32,RAW_VECTOR,4.159810487180948e-07
92,value_embeds.1.weight.m,67108864,67136149,RAW,1.5083290410111658
92,value_embeds.1.weight.v,67108864,67136149,RAW,1.3914700000023004
92,value_embeds.3.weight.m,67108864,67136149,RAW,1.5199213339947164
92,value_embeds.3.weight.v,67108864,67136149,RAW,1.4049547089962289
92,value_embeds.5.weight.m,67108864,67136149,RAW,1.5122042919974774
92,value_embeds.5.weight.v,67108864,67136149,RAW,1.422850082977675
92,value_embeds.7.weight.m,67108864,67136149,RAW,1.4897893749875948
92,value_embeds.7.weight.v,67108864,67136149,RAW,1.4732252909743693
93,wte.weight.m,67108864,67136149,RAW,1.499010499974247
93,wte.weight.v,67108864,67136149,RAW,1.3993021250062156
93,blocks.0.attn.c_q.weight.buf,1048576,1049401,RAW,0.019887250004103407
93,blocks.0.attn.c_k.weight.buf,1048576,1049401,RAW,0.021266708004986867
93,blocks.0.attn.c_v.weight.buf,1048576,1049401,RAW,0.019447541009867564
93,blocks.0.attn.c_proj.weight.buf,1048576,1049401,RAW,0.01973779097897932
93,blocks.0.mlp.c_fc.weight.buf,4194304,4196389,RAW,0.09852745902026072
93,blocks.0.mlp.c_proj.weight.buf,4194304,4195129,RAW,0.10461716700228862
93,blocks.1.attn.c_q.weight.buf,1048576,1049401,RAW,0.019687874999362975
93,blocks.1.attn.c_k.weight.buf,1048576,1049401,RAW,0.03660312498686835
93,blocks.1.attn.c_v.weight.buf,1048576,1049401,RAW,0.01950054199551232
93,blocks.1.attn.c_proj.weight.buf,1048576,1049401,RAW,0.019685542007209733
93,blocks.1.attn.ve_gate.weight.buf,512,1022,RAW,3.320799442008138e-05
93,blocks.1.mlp.c_fc.weight.buf,4194304,4196389,RAW,0.11826791701605543
93,blocks.1.mlp.c_proj.weight.buf,4194304,4195129,RAW,0.13614791599684395
93,blocks.2.attn.c_q.weight.buf,1048576,1049401,RAW,0.021385957981692627
93,blocks.2.attn.c_k.weight.buf,1048576,1049401,RAW,0.022557125019375235
93,blocks.2.attn.c_v.weight.buf,1048576,1049401,RAW,0.021998709009494632
93,blocks.2.attn.c_proj.weight.buf,1048576,1049401,RAW,0.04192654101643711
93,blocks.2.mlp.c_fc.weight.buf,4194304,4196389,RAW,0.10797599999932572
93,blocks.2.mlp.c_proj.weight.buf,4194304,4195129,RAW,0.10943904198938981
93,blocks.3.attn.c_q.weight.buf,1048576,1049401,RAW,0.037112124991836026
93,blocks.3.attn.c_k.weight.buf,1048576,1049401,RAW,0.021399457997176796
93,blocks.3.attn.c_v.weight.buf,1048576,1049401,RAW,0.020199457998387516
93,blocks.3.attn.c_proj.weight.buf,1048576,1049401,RAW,0.036244125018129125
93,blocks.3.attn.ve_gate.weight.buf,512,1022,RAW,8.120900020003319e-05
93,blocks.3.mlp.c_fc.weight.buf,4194304,4196389,RAW,0.10149050000472926
93,blocks.3.mlp.c_proj.weight.buf,4194304,4195129,RAW,0.10728870797902346
93,blocks.4.attn.c_q.weight.buf,1048576,1049401,RAW,0.03732950001722202
93,blocks.4.attn.c_k.weight.buf,1048576,1049401,RAW,0.03892612498020753
93,blocks.4.attn.c_v.weight.buf,1048576,1049401,RAW,0.020362000010209158
93,blocks.4.attn.c_proj.weight.buf,1048576,1049401,RAW,0.03789437498198822
93,blocks.4.mlp.c_fc.weight.buf,4194304,4196389,RAW,0.10101162499631755
93,blocks.4.mlp.c_proj.weight.buf,4194304,4195129,RAW,0.10628325000288896
93,blocks.5.attn.c_q.weight.buf,1048576,1049401,RAW,0.02072062497609295
93,blocks.5.attn.c_k.weight.buf,1048576,1049401,RAW,0.02184825000585988
93,blocks.5.attn.c_v.weight.buf,1048576,1049401,RAW,0.020169416995486245
93,blocks.5.attn.c_proj.weight.buf,1048576,1049401,RAW,0.021083208004711196
93,blocks.5.attn.ve_gate.weight.buf,512,1022,RAW,1.2042000889778137e-05
93,blocks.5.mlp.c_fc.weight.buf,4194304,4196389,RAW,0.10082099999999627
93,blocks.5.mlp.c_proj.weight.buf,4194304,4195129,RAW,0.10585783299757168
93,blocks.6.attn.c_q.weight.buf,1048576,1049401,RAW,0.020276625000406057
93,blocks.6.attn.c_k.weight.buf,1048576,1049401,RAW,0.03836075001163408
93,blocks.6.attn.c_v.weight.buf,1048576,1049401,RAW,0.02036962498095818
93,blocks.6.attn.c_proj.weight.buf,1048576,1049401,RAW,0.02064716597669758
93,blocks.6.mlp.c_fc.weight.buf,4194304,4196389,RAW,0.1160506249871105
93,blocks.6.mlp.c_proj.weight.buf,4194304,4195129,RAW,0.10673325002426282
93,blocks.7.attn.c_q.weight.buf,1048576,1049401,RAW,0.020737666985951364
93,blocks.7.attn.c_k.weight.buf,1048576,1049401,RAW,0.03783304200624116
93,blocks.7.attn.c_v.weight.buf,1048576,1049401,RAW,0.03777125000488013
93,blocks.7.attn.c_proj.weight.buf,1048576,1049401,RAW,0.02022095798747614
93,blocks.7.attn.ve_gate.weight.buf,512,1022,RAW,3.850000211969018e-05
93,blocks.7.mlp.c_fc.weight.buf,4194304,4196389,RAW,0.11466916700010188
93,blocks.7.mlp.c_proj.weight.buf,4194304,4195129,RAW,0.10261108298436739
93,lm_head.weight.m,67108864,67136149,RAW,1.6729084169783164
93,lm_head.weight.v,67108864,67136149,RAW,1.6491252919950057
93,resid_lambdas.m,32,32,RAW_VECTOR,5.0000089686363935e-06
93,resid_lambdas.v,32,32,RAW_VECTOR,6.250047590583563e-07
93,x0_lambdas.m,32,32,RAW_VECTOR,2.375018084421754e-06
93,x0_lambdas.v,32,32,RAW_VECTOR,9.590003173798323e-07
93,value_embeds.1.weight.m,67108864,67136149,RAW,1.488740125001641
93,value_embeds.1.weight.v,67108864,67136149,RAW,1.4185956669971347
93,value_embeds.3.weight.m,67108864,67136149,RAW,1.5081456250045449
93,value_embeds.3.weight.v,67108864,67136149,RAW,1.439299874997232
93,value_embeds.5.weight.m,67108864,67136149,RAW,1.4857239160046447
93,value_embeds.5.weight.v,67108864,67136149,RAW,1.4397182499815244
93,value_embeds.7.weight.m,67108864,67136149,RAW,1.5010073329904117
93,value_embeds.7.weight.v,67108864,67136149,RAW,1.4461350410128944
94,wte.weight.m,67108864,67136149,RAW,1.5099698750127573
94,wte.weight.v,67108864,67136149,RAW,1.4119497089996003
94,blocks.0.attn.c_q.weight.buf,1048576,1049401,RAW,0.020757708989549428
94,blocks.0.attn.c_k.weight.buf,1048576,1049401,RAW,0.020200833008857444
94,blocks.0.attn.c_v.weight.buf,1048576,1049401,RAW,0.03750162498909049
94,blocks.0.attn.c_proj.weight.buf,1048576,1049401,RAW,0.02009045801241882
94,blocks.0.mlp.c_fc.weight.buf,4194304,4196389,RAW,0.09617308300221339
94,blocks.0.mlp.c_proj.weight.buf,4194304,4195129,RAW,0.10115337499883026
94,blocks.1.attn.c_q.weight.buf,1048576,1049401,RAW,0.052050500002224
94,blocks.1.attn.c_k.weight.buf,1048576,1049401,RAW,0.01957333300379105
94,blocks.1.attn.c_v.weight.buf,1048576,1049401,RAW,0.019532832986442372
94,blocks.1.attn.c_proj.weight.buf,1048576,1049401,RAW,0.036472749983659014
94,blocks.1.attn.ve_gate.weight.buf,512,1022,RAW,2.7750007575377822e-05
94,blocks.1.mlp.c_fc.weight.buf,4194304,4196389,RAW,0.09779749999870546
94,blocks.1.mlp.c_proj.weight.buf,4194304,4195129,RAW,0.10306674998719245
94,blocks.2.attn.c_q.weight.buf,1048576,1049401,RAW,0.03661170799750835
94,blocks.2.attn.c_k.weight.buf,1048576,1049401,RAW,0.020017125003505498
94,blocks.2.attn.c_v.weight.buf,1048576,1049401,RAW,0.019676374999107793
94,blocks.2.attn.c_proj.weight.buf,1048576,1049401,RAW,0.03727104200515896
94,blocks.2.mlp.c_fc.weight.buf,4194304,4196389,RAW,0.09747137501835823
94,blocks.2.mlp.c_proj.weight.buf,4194304,4195129,RAW,0.10174033301882446
94,blocks.3.attn.c_q.weight.buf,1048576,1049401,RAW,0.019760459021199495
94,blocks.3.attn.c_k.weight.buf,1048576,1049401,RAW,0.0373448749887757
94,blocks.3.attn.c_v.weight.buf,1048576,1049401,RAW,0.020668083016062155
94,blocks.3.attn.c_proj.weight.buf,1048576,1049401,RAW,0.02139216600335203
94,blocks.3.attn.ve_gate.weight.buf,512,1022,RAW,0.00015495799016207457
94,blocks.3.mlp.c_fc.weight.buf,4194304,4196389,RAW,0.10691091700573452
94,blocks.3.mlp.c_proj.weight.buf,4194304,4195129,RAW,0.1271385420113802
94,blocks.4.attn.c_q.weight.buf,1048576,1049401,RAW,0.04203258402412757
94,blocks.4.attn.c_k.weight.buf,1048576,1049401,RAW,0.04189395799767226
94,blocks.4.attn.c_v.weight.buf,1048576,1049401,RAW,0.02140062500257045
94,blocks.4.attn.c_proj.weight.buf,1048576,1049401,RAW,0.0427574579953216
94,blocks.4.mlp.c_fc.weight.buf,4194304,4196389,RAW,0.1017523749906104
94,blocks.4.mlp.c_proj.weight.buf,4194304,4195129,RAW,0.10806541697820649
94,blocks.5.attn.c_q.weight.buf,1048576,1049401,RAW,0.0384618749958463
94,blocks.5.attn.c_k.weight.buf,1048576,1049401,RAW,0.02055333400494419
94,blocks.5.attn.c_v.weight.buf,1048576,1049401,RAW,0.0201085000007879
94,blocks.5.attn.c_proj.weight.buf,1048576,1049401,RAW,0.038605499983532354
94,blocks.5.attn.ve_gate.weight.buf,512,1022,RAW,1.4958000974729657e-05
94,blocks.5.mlp.c_fc.weight.buf,4194304,4196389,RAW,0.10036837501684204
94,blocks.5.mlp.c_proj.weight.buf,4194304,4195129,RAW,0.10752912500174716
94,blocks.6.attn.c_q.weight.buf,1048576,1049401,RAW,0.03771025000605732
94,blocks.6.attn.c_k.weight.buf,1048576,1049401,RAW,0.020793208008399233
94,blocks.6.attn.c_v.weight.buf,1048576,1049401,RAW,0.020600167015800253
94,blocks.6.attn.c_proj.weight.buf,1048576,1049401,RAW,0.03793674998451024
94,blocks.6.mlp.c_fc.weight.buf,4194304,4196389,RAW,0.10184779099654406
94,blocks.6.mlp.c_proj.weight.buf,4194304,4195129,RAW,0.11918558302568272
94,blocks.7.attn.c_q.weight.buf,1048576,1049401,RAW,0.0383858339919243
94,blocks.7.attn.c_k.weight.buf,1048576,1049401,RAW,0.03728774999035522
94,blocks.7.attn.c_v.weight.buf,1048576,1049401,RAW,0.02108420801232569
94,blocks.7.attn.c_proj.weight.buf,1048576,1049401,RAW,0.038220791990170255
94,blocks.7.attn.ve_gate.weight.buf,512,1022,RAW,2.5957997422665358e-05
94,blocks.7.mlp.c_fc.weight.buf,4194304,4196389,RAW,0.10042883298592642
94,blocks.7.mlp.c_proj.weight.buf,4194304,4195129,RAW,0.1072867079928983
94,lm_head.weight.m,67108864,67136149,RAW,1.645927749981638
94,lm_head.weight.v,67108864,67136149,RAW,1.6741313750098925
94,resid_lambdas.m,32,32,RAW_VECTOR,1.3458018656820059e-05
94,resid_lambdas.v,32,32,RAW_VECTOR,3.7079735193401575e-06
94,x0_lambdas.m,32,32,RAW_VECTOR,2.1249870769679546e-06
94,x0_lambdas.v,32,32,RAW_VECTOR,4.169996827840805e-07
94,value_embeds.1.weight.m,67108864,67136149,RAW,1.4699055830133148
94,value_embeds.1.weight.v,67108864,67136149,RAW,1.4747413340082858
94,value_embeds.3.weight.m,67108864,67136149,RAW,1.4887312079954427
94,value_embeds.3.weight.v,67108864,67136149,RAW,1.4584169999870937
94,value_embeds.5.weight.m,67108864,67136149,RAW,1.4535484169900883
94,value_embeds.5.weight.v,67108864,67136149,RAW,1.4884374579996802
94,value_embeds.7.weight.m,67108864,67136149,RAW,1.4937415829917882
94,value_embeds.7.weight.v,67108864,67136149,RAW,1.4581904170045163
95,wte.weight.m,67108864,67136149,RAW,1.4508990420144983
95,wte.weight.v,67108864,67136149,RAW,1.4502560000109952
95,blocks.0.attn.c_q.weight.buf,1048576,1049401,RAW,0.02137645799666643
95,blocks.0.attn.c_k.weight.buf,1048576,1049401,RAW,0.019774500018684193
95,blocks.0.attn.c_v.weight.buf,1048576,1049401,RAW,0.03780741599621251
95,blocks.0.attn.c_proj.weight.buf,1048576,1049401,RAW,0.020518042001640424
95,blocks.0.mlp.c_fc.weight.buf,4194304,4196389,RAW,0.09912779097794555
95,blocks.0.mlp.c_proj.weight.buf,4194304,4195129,RAW,0.1251396249863319
95,blocks.1.attn.c_q.weight.buf,1048576,1049401,RAW,0.038204540993319824
95,blocks.1.attn.c_k.weight.buf,1048576,1049401,RAW,0.01999370800331235
95,blocks.1.attn.c_v.weight.buf,1048576,1049401,RAW,0.019940084021072835
95,blocks.1.attn.c_proj.weight.buf,1048576,1049401,RAW,0.03829129200312309
95,blocks.1.attn.ve_gate.weight.buf,512,1022,RAW,1.95419997908175e-05
95,blocks.1.mlp.c_fc.weight.buf,4194304,4196389,RAW,0.09939474999555387
95,blocks.1.mlp.c_proj.weight.buf,4194304,4195129,RAW,0.1028178749838844
95,blocks.2.attn.c_q.weight.buf,1048576,1049401,RAW,0.03635899999062531
95,blocks.2.attn.c_k.weight.buf,1048576,1049401,RAW,0.01992729099583812
95,blocks.2.attn.c_v.weight.buf,1048576,1049401,RAW,0.02018783299718052
95,blocks.2.attn.c_proj.weight.buf,1048576,1049401,RAW,0.03645704101654701
95,blocks.2.mlp.c_fc.weight.buf,4194304,4196389,RAW,0.09751120800501667
95,blocks.2.mlp.c_proj.weight.buf,4194304,4195129,RAW,0.1011714999913238
95,blocks.3.attn.c_q.weight.buf,1048576,1049401,RAW,0.020100167021155357
95,blocks.3.attn.c_k.weight.buf,1048576,1049401,RAW,0.036946625012205914
95,blocks.3.attn.c_v.weight.buf,1048576,1049401,RAW,0.01989112500450574
95,blocks.3.attn.c_proj.weight.buf,1048576,1049401,RAW,0.02036516700172797
95,blocks.3.attn.ve_gate.weight.buf,512,1022,RAW,2.3667002096772194e-05
95,blocks.3.mlp.c_fc.weight.buf,4194304,4196389,RAW,0.11470799997914582
95,blocks.3.mlp.c_proj.weight.buf,4194304,4195129,RAW,0.11916691699298099
95,blocks.4.attn.c_q.weight.buf,1048576,1049401,RAW,0.01983408399973996
95,blocks.4.attn.c_k.weight.buf,1048576,1049401,RAW,0.037082625000039116
95,blocks.4.attn.c_v.weight.buf,1048576,1049401,RAW,0.020205500011797994
95,blocks.4.attn.c_proj.weight.buf,1048576,1049401,RAW,0.019866333022946492
95,blocks.4.mlp.c_fc.weight.buf,4194304,4196389,RAW,0.11713854200206697
95,blocks.4.mlp.c_proj.weight.buf,4194304,4195129,RAW,0.1354307500005234
95,blocks.5.attn.c_q.weight.buf,1048576,1049401,RAW,0.04307949999929406
95,blocks.5.attn.c_k.weight.buf,1048576,1049401,RAW,0.02215462501044385
95,blocks.5.attn.c_v.weight.buf,1048576,1049401,RAW,0.021636207995470613
95,blocks.5.attn.c_proj.weight.buf,1048576,1049401,RAW,0.043237875011982396
95,blocks.5.attn.ve_gate.weight.buf,512,1022,RAW,4.225000157020986e-05
95,blocks.5.mlp.c_fc.weight.buf,4194304,4196389,RAW,0.10946379200322554
95,blocks.5.mlp.c_proj.weight.buf,4194304,4195129,RAW,0.11642670800210908
95,blocks.6.attn.c_q.weight.buf,1048576,1049401,RAW,0.039024333003908396
95,blocks.6.attn.c_k.weight.buf,1048576,1049401,RAW,0.020467041002120823
95,blocks.6.attn.c_v.weight.buf,1048576,1049401,RAW,0.020315082976594567
95,blocks.6.attn.c_proj.weight.buf,1048576,1049401,RAW,0.03958941699238494
95,blocks.6.mlp.c_fc.weight.buf,4194304,4196389,RAW,0.10173233298701234
95,blocks.6.mlp.c_proj.weight.buf,4194304,4195129,RAW,0.12385783297941089
95,blocks.7.attn.c_q.weight.buf,1048576,1049401,RAW,0.03746274998411536
95,blocks.7.attn.c_k.weight.buf,1048576,1049401,RAW,0.020591665990650654
95,blocks.7.attn.c_v.weight.buf,1048576,1049401,RAW,0.020695999992312863
95,blocks.7.attn.c_proj.weight.buf,1048576,1049401,RAW,0.038056999997934327
95,blocks.7.attn.ve_gate.weight.buf,512,1022,RAW,1.6875012079253793e-05
95,blocks.7.mlp.c_fc.weight.buf,4194304,4196389,RAW,0.10079895899980329
95,blocks.7.mlp.c_proj.weight.buf,4194304,4195129,RAW,0.10529512498760596
95,lm_head.weight.m,67108864,67136149,RAW,1.6332065000024159
95,lm_head.weight.v,67108864,67136149,RAW,1.6769037499907427
95,resid_lambdas.m,32,32,RAW_VECTOR,6.832997314631939e-06
95,resid_lambdas.v,32,32,RAW_VECTOR,5.410111043602228e-07
95,x0_lambdas.m,32,32,RAW_VECTOR,1.04197533801198e-06
95,x0_lambdas.v,32,32,RAW_VECTOR,4.169996827840805e-07
95,value_embeds.1.weight.m,67108864,67136149,RAW,1.4754051670024637
95,value_embeds.1.weight.v,67108864,67136149,RAW,1.4750775830179919
95,value_embeds.3.weight.m,67108864,67136149,RAW,1.4649419589841273
95,value_embeds.3.weight.v,67108864,67136149,RAW,1.4998212500067893
95,value_embeds.5.weight.m,67108864,67136149,RAW,1.4694404589827172
95,value_embeds.5.weight.v,67108864,67136149,RAW,1.4735524579882622
95,value_embeds.7.weight.m,67108864,67136149,RAW,1.5034997499897145
95,value_embeds.7.weight.v,67108864,67136149,RAW,1.4663307500013616
96,wte.weight.m,67108864,67136149,RAW,1.4576048750022892
96,wte.weight.v,67108864,67136149,RAW,1.4434046249953099
96,blocks.0.attn.c_q.weight.buf,1048576,1049401,RAW,0.02079675000277348
96,blocks.0.attn.c_k.weight.buf,1048576,1049401,RAW,0.020485749992076308
96,blocks.0.attn.c_v.weight.buf,1048576,1049401,RAW,0.037445583002408966
96,blocks.0.attn.c_proj.weight.buf,1048576,1049401,RAW,0.020991917001083493
96,blocks.0.mlp.c_fc.weight.buf,4194304,4196389,RAW,0.1155144999793265
96,blocks.0.mlp.c_proj.weight.buf,4194304,4195129,RAW,0.10574770899256691
96,blocks.1.attn.c_q.weight.buf,1048576,1049401,RAW,0.03864162499667145
96,blocks.1.attn.c_k.weight.buf,1048576,1049401,RAW,0.020303708995925263
96,blocks.1.attn.c_v.weight.buf,1048576,1049401,RAW,0.020190666982671246
96,blocks.1.attn.c_proj.weight.buf,1048576,1049401,RAW,0.038545249990420416
96,blocks.1.attn.ve_gate.weight.buf,512,1022,RAW,1.5541998436674476e-05
96,blocks.1.mlp.c_fc.weight.buf,4194304,4196389,RAW,0.09961416601436213
96,blocks.1.mlp.c_proj.weight.buf,4194304,4195129,RAW,0.11047083302401006
96,blocks.2.attn.c_q.weight.buf,1048576,1049401,RAW,0.03910854199784808
96,blocks.2.attn.c_k.weight.buf,1048576,1049401,RAW,0.019791124999755993
96,blocks.2.attn.c_v.weight.buf,1048576,1049401,RAW,0.02040379197569564
96,blocks.2.attn.c_proj.weight.buf,1048576,1049401,RAW,0.038579874992137775
96,blocks.2.mlp.c_fc.weight.buf,4194304,4196389,RAW,0.10070808298769407
96,blocks.2.mlp.c_proj.weight.buf,4194304,4195129,RAW,0.10819858298054896
96,blocks.3.attn.c_q.weight.buf,1048576,1049401,RAW,0.03710129199316725
96,blocks.3.attn.c_k.weight.buf,1048576,1049401,RAW,0.020139540982199833
96,blocks.3.attn.c_v.weight.buf,1048576,1049401,RAW,0.019767999998293817
96,blocks.3.attn.c_proj.weight.buf,1048576,1049401,RAW,0.03951570802018978
96,blocks.3.attn.ve_gate.weight.buf,512,1022,RAW,1.562500256113708e-05
96,blocks.3.mlp.c_fc.weight.buf,4194304,4196389,RAW,0.11330450000241399
96,blocks.3.mlp.c_proj.weight.buf,4194304,4195129,RAW,0.1040805829979945
96,blocks.4.attn.c_q.weight.buf,1048576,1049401,RAW,0.03676708397688344
96,blocks.4.attn.c_k.weight.buf,1048576,1049401,RAW,0.019930874987039715
96,blocks.4.attn.c_v.weight.buf,1048576,1049401,RAW,0.01983291600481607
96,blocks.4.attn.c_proj.weight.buf,1048576,1049401,RAW,0.037032749998616055
96,blocks.4.mlp.c_fc.weight.buf,4194304,4196389,RAW,0.09781708300579339
96,blocks.4.mlp.c_proj.weight.buf,4194304,4195129,RAW,0.10104816599050537
96,blocks.5.attn.c_q.weight.buf,1048576,1049401,RAW,0.019773874984821305
96,blocks.5.attn.c_k.weight.buf,1048576,1049401,RAW,0.03706849997979589
96,blocks.5.attn.c_v.weight.buf,1048576,1049401,RAW,0.019835208979202434
96,blocks.5.attn.c_proj.weight.buf,1048576,1049401,RAW,0.019896040990715846
96,blocks.5.attn.ve_gate.weight.buf,512,1022,RAW,2.400000812485814e-05
96,blocks.5.mlp.c_fc.weight.buf,4194304,4196389,RAW,0.09858733401051722
96,blocks.5.mlp.c_proj.weight.buf,4194304,4195129,RAW,0.10899695797706954
96,blocks.6.attn.c_q.weight.buf,1048576,1049401,RAW,0.021743624994996935
96,blocks.6.attn.c_k.weight.buf,1048576,1049401,RAW,0.04192620899993926
96,blocks.6.attn.c_v.weight.buf,1048576,1049401,RAW,0.02186162499128841
96,blocks.6.attn.c_proj.weight.buf,1048576,1049401,RAW,0.021892499993555248
96,blocks.6.mlp.c_fc.weight.buf,4194304,4196389,RAW,0.11209554199012928
96,blocks.6.mlp.c_proj.weight.buf,4194304,4195129,RAW,0.12858566700015217
96,blocks.7.attn.c_q.weight.buf,1048576,1049401,RAW,0.040269791992614046
96,blocks.7.attn.c_k.weight.buf,1048576,1049401,RAW,0.022932458989089355
96,blocks.7.attn.c_v.weight.buf,1048576,1049401,RAW,0.02016375001403503
96,blocks.7.attn.c_proj.weight.buf,1048576,1049401,RAW,0.02039254200644791
96,blocks.7.attn.ve_gate.weight.buf,512,1022,RAW,1.4625024050474167e-05
96,blocks.7.mlp.c_fc.weight.buf,4194304,4196389,RAW,0.1023821659910027
96,blocks.7.mlp.c_proj.weight.buf,4194304,4195129,RAW,0.10676283299108036
96,lm_head.weight.m,67108864,67136149,RAW,1.645657957997173
96,lm_head.weight.v,67108864,67136149,RAW,1.6838700420048553
96,resid_lambdas.m,32,32,RAW_VECTOR,5.0000089686363935e-06
96,resid_lambdas.v,32,32,RAW_VECTOR,3.7500285543501377e-07
96,x0_lambdas.m,32,32,RAW_VECTOR,1.2500095181167126e-06
96,x0_lambdas.v,32,32,RAW_VECTOR,3.7500285543501377e-07
96,value_embeds.1.weight.m,67108864,67136149,RAW,1.4862595830054488
96,value_embeds.1.weight.v,67108864,67136149,RAW,1.4735084580024704
96,value_embeds.3.weight.m,67108864,67136149,RAW,1.4940592919883784
96,value_embeds.3.weight.v,67108864,67136149,RAW,1.4679946250107605
96,value_embeds.5.weight.m,67108864,67136149,RAW,1.495233833004022
96,value_embeds.5.weight.v,67108864,67136149,RAW,1.43387687500217
96,value_embeds.7.weight.m,67108864,67136149,RAW,1.5224912499834318
96,value_embeds.7.weight.v,67108864,67136149,RAW,1.426271792006446
97,wte.weight.m,67108864,67136149,RAW,1.4765260419808328
97,wte.weight.v,67108864,67136149,RAW,1.4241203340061475
97,blocks.0.attn.c_q.weight.buf,1048576,1049401,RAW,0.02190658400650136
97,blocks.0.attn.c_k.weight.buf,1048576,1049401,RAW,0.0204553339863196
97,blocks.0.attn.c_v.weight.buf,1048576,1049401,RAW,0.03768858400871977
97,blocks.0.attn.c_proj.weight.buf,1048576,1049401,RAW,0.020152583019807935
97,blocks.0.mlp.c_fc.weight.buf,4194304,4196389,RAW,0.11472991699702106
97,blocks.0.mlp.c_proj.weight.buf,4194304,4195129,RAW,0.10777699999744073
97,blocks.1.attn.c_q.weight.buf,1048576,1049401,RAW,0.039385916985338554
97,blocks.1.attn.c_k.weight.buf,1048576,1049401,RAW,0.020190791983623058
97,blocks.1.attn.c_v.weight.buf,1048576,1049401,RAW,0.02026095800101757
97,blocks.1.attn.c_proj.weight.buf,1048576,1049401,RAW,0.03783712501171976
97,blocks.1.attn.ve_gate.weight.buf,512,1022,RAW,2.291597775183618e-05
97,blocks.1.mlp.c_fc.weight.buf,4194304,4196389,RAW,0.09974145898013376
97,blocks.1.mlp.c_proj.weight.buf,4194304,4195129,RAW,0.10504216700792313
97,blocks.2.attn.c_q.weight.buf,1048576,1049401,RAW,0.03776087501319125
97,blocks.2.attn.c_k.weight.buf,1048576,1049401,RAW,0.020537542004603893
97,blocks.2.attn.c_v.weight.buf,1048576,1049401,RAW,0.02010420899023302
97,blocks.2.attn.c_proj.weight.buf,1048576,1049401,RAW,0.03786054198280908
97,blocks.2.mlp.c_fc.weight.buf,4194304,4196389,RAW,0.10033358301734552
97,blocks.2.mlp.c_proj.weight.buf,4194304,4195129,RAW,0.10880916699534282
97,blocks.3.attn.c_q.weight.buf,1048576,1049401,RAW,0.038062334002461284
97,blocks.3.attn.c_k.weight.buf,1048576,1049401,RAW,0.019932290975702927
97,blocks.3.attn.c_v.weight.buf,1048576,1049401,RAW,0.02054029199643992
97,blocks.3.attn.c_proj.weight.buf,1048576,1049401,RAW,0.03765933300019242
97,blocks.3.attn.ve_gate.weight.buf,512,1022,RAW,2.458400558680296e-05
97,blocks.3.mlp.c_fc.weight.buf,4194304,4196389,RAW,0.11571941600413993
97,blocks.3.mlp.c_proj.weight.buf,4194304,4195129,RAW,0.1069198330224026
97,blocks.4.attn.c_q.weight.buf,1048576,1049401,RAW,0.03760574999614619
97,blocks.4.attn.c_k.weight.buf,1048576,1049401,RAW,0.020511040987912565
97,blocks.4.attn.c_v.weight.buf,1048576,1049401,RAW,0.020365417003631592
97,blocks.4.attn.c_proj.weight.buf,1048576,1049401,RAW,0.03813958397950046
97,blocks.4.mlp.c_fc.weight.buf,4194304,4196389,RAW,0.09906991699244827
97,blocks.4.mlp.c_proj.weight.buf,4194304,4195129,RAW,0.10187899999436922
97,blocks.5.attn.c_q.weight.buf,1048576,1049401,RAW,0.020229499990819022
97,blocks.5.attn.c_k.weight.buf,1048576,1049401,RAW,0.03742933401372284
97,blocks.5.attn.c_v.weight.buf,1048576,1049401,RAW,0.02028150000842288
97,blocks.5.attn.c_proj.weight.buf,1048576,1049401,RAW,0.020364041993161663
97,blocks.5.attn.ve_gate.weight.buf,512,1022,RAW,8.624978363513947e-06
97,blocks.5.mlp.c_fc.weight.buf,4194304,4196389,RAW,0.09853608399862424
97,blocks.5.mlp.c_proj.weight.buf,4194304,4195129,RAW,0.1018141660024412
97,blocks.6.attn.c_q.weight.buf,1048576,1049401,RAW,0.019800333975581452
97,blocks.6.attn.c_k.weight.buf,1048576,1049401,RAW,0.037375333020463586
97,blocks.6.attn.c_v.weight.buf,1048576,1049401,RAW,0.020286124985432252
97,blocks.6.attn.c_proj.weight.buf,1048576,1049401,RAW,0.020327041012933478
97,blocks.6.mlp.c_fc.weight.buf,4194304,4196389,RAW,0.1125763340096455
97,blocks.6.mlp.c_proj.weight.buf,4194304,4195129,RAW,0.1250890000083018
97,blocks.7.attn.c_q.weight.buf,1048576,1049401,RAW,0.02007525000954047
97,blocks.7.attn.c_k.weight.buf,1048576,1049401,RAW,0.03566262498497963
97,blocks.7.attn.c_v.weight.buf,1048576,1049401,RAW,0.02121245799935423
97,blocks.7.attn.c_proj.weight.buf,1048576,1049401,RAW,0.020075875014299527
97,blocks.7.attn.ve_gate.weight.buf,512,1022,RAW,2.9749993700534105e-05
97,blocks.7.mlp.c_fc.weight.buf,4194304,4196389,RAW,0.100238458981039
97,blocks.7.mlp.c_proj.weight.buf,4194304,4195129,RAW,0.13008379098027945
97,lm_head.weight.m,67108864,67136149,RAW,1.695879833016079
97,lm_head.weight.v,67108864,67136149,RAW,1.6289279170159716
97,resid_lambdas.m,32,32,RAW_VECTOR,5.499983672052622e-06
97,resid_lambdas.v,32,32,RAW_VECTOR,1.9170111045241356e-06
97,x0_lambdas.m,32,32,RAW_VECTOR,1.6250123735517263e-06
97,x0_lambdas.v,32,32,RAW_VECTOR,4.999747034162283e-07
97,value_embeds.1.weight.m,67108864,67136149,RAW,1.4886892499926034
97,value_embeds.1.weight.v,67108864,67136149,RAW,1.4400779999850783
97,value_embeds.3.weight.m,67108864,67136149,RAW,1.5125541670131497
97,value_embeds.3.weight.v,67108864,67136149,RAW,1.4166510000068229
97,value_embeds.5.weight.m,67108864,67136149,RAW,1.5239568329998292
97,value_embeds.5.weight.v,67108864,67136149,RAW,1.4361396669992246
97,value_embeds.7.weight.m,67108864,67136149,RAW,1.5320121249824297
97,value_embeds.7.weight.v,67108864,67136149,RAW,1.4429995829996187
98,wte.weight.m,67108864,67136149,RAW,1.5012468749773689
98,wte.weight.v,67108864,67136149,RAW,1.4065362499968614
98,blocks.0.attn.c_q.weight.buf,1048576,1049401,RAW,0.019817749998765066
98,blocks.0.attn.c_k.weight.buf,1048576,1049401,RAW,0.02078879199689254
98,blocks.0.attn.c_v.weight.buf,1048576,1049401,RAW,0.019610250019468367
98,blocks.0.attn.c_proj.weight.buf,1048576,1049401,RAW,0.01968287501949817
98,blocks.0.mlp.c_fc.weight.buf,4194304,4196389,RAW,0.10160162500687875
98,blocks.0.mlp.c_proj.weight.buf,4194304,4195129,RAW,0.12726212499546818
98,blocks.1.attn.c_q.weight.buf,1048576,1049401,RAW,0.021189582999795675
98,blocks.1.attn.c_k.weight.buf,1048576,1049401,RAW,0.04350408399477601
98,blocks.1.attn.c_v.weight.buf,1048576,1049401,RAW,0.021764583012554795
98,blocks.1.attn.c_proj.weight.buf,1048576,1049401,RAW,0.021846707997610793
98,blocks.1.attn.ve_gate.weight.buf,512,1022,RAW,2.129198401235044e-05
98,blocks.1.mlp.c_fc.weight.buf,4194304,4196389,RAW,0.12629433299298398
98,blocks.1.mlp.c_proj.weight.buf,4194304,4195129,RAW,0.11784150000312366
98,blocks.2.attn.c_q.weight.buf,1048576,1049401,RAW,0.020446708018425852
98,blocks.2.attn.c_k.weight.buf,1048576,1049401,RAW,0.03797354098060168
98,blocks.2.attn.c_v.weight.buf,1048576,1049401,RAW,0.020012666005641222
98,blocks.2.attn.c_proj.weight.buf,1048576,1049401,RAW,0.020081000024219975
98,blocks.2.mlp.c_fc.weight.buf,4194304,4196389,RAW,0.11604891699971631
98,blocks.2.mlp.c_proj.weight.buf,4194304,4195129,RAW,0.10736004199134186
98,blocks.3.attn.c_q.weight.buf,1048576,1049401,RAW,0.020875874994089827
98,blocks.3.attn.c_k.weight.buf,1048576,1049401,RAW,0.019881249987520278
98,blocks.3.attn.c_v.weight.buf,1048576,1049401,RAW,0.036795959022128955
98,blocks.3.attn.c_proj.weight.buf,1048576,1049401,RAW,0.021322915999917313
98,blocks.3.attn.ve_gate.weight.buf,512,1022,RAW,1.5833997167646885e-05
98,blocks.3.mlp.c_fc.weight.buf,4194304,4196389,RAW,0.10450483299791813
98,blocks.3.mlp.c_proj.weight.buf,4194304,4195129,RAW,0.10811491598724388
98,blocks.4.attn.c_q.weight.buf,1048576,1049401,RAW,0.037731042015366256
98,blocks.4.attn.c_k.weight.buf,1048576,1049401,RAW,0.020659917005104944
98,blocks.4.attn.c_v.weight.buf,1048576,1049401,RAW,0.021440040989546105
98,blocks.4.attn.c_proj.weight.buf,1048576,1049401,RAW,0.02067600001464598
98,blocks.4.mlp.c_fc.weight.buf,4194304,4196389,RAW,0.10054620800656267
98,blocks.4.mlp.c_proj.weight.buf,4194304,4195129,RAW,0.11197125000762753
98,blocks.5.attn.c_q.weight.buf,1048576,1049401,RAW,0.02013812499353662
98,blocks.5.attn.c_k.weight.buf,1048576,1049401,RAW,0.03771270898869261
98,blocks.5.attn.c_v.weight.buf,1048576,1049401,RAW,0.020653791987570003
98,blocks.5.attn.c_proj.weight.buf,1048576,1049401,RAW,0.020626334007829428
98,blocks.5.attn.ve_gate.weight.buf,512,1022,RAW,1.4124991139397025e-05
98,blocks.5.mlp.c_fc.weight.buf,4194304,4196389,RAW,0.11597791701206006
98,blocks.5.mlp.c_proj.weight.buf,4194304,4195129,RAW,0.10861941700568423
98,blocks.6.attn.c_q.weight.buf,1048576,1049401,RAW,0.020491584000410512
98,blocks.6.attn.c_k.weight.buf,1048576,1049401,RAW,0.020613791974028572
98,blocks.6.attn.c_v.weight.buf,1048576,1049401,RAW,0.03810070900362916
98,blocks.6.attn.c_proj.weight.buf,1048576,1049401,RAW,0.020740166975883767
98,blocks.6.mlp.c_fc.weight.buf,4194304,4196389,RAW,0.10438845900353044
98,blocks.6.mlp.c_proj.weight.buf,4194304,4195129,RAW,0.1030269579787273
98,blocks.7.attn.c_q.weight.buf,1048576,1049401,RAW,0.03678845800459385
98,blocks.7.attn.c_k.weight.buf,1048576,1049401,RAW,0.020107207994442433
98,blocks.7.attn.c_v.weight.buf,1048576,1049401,RAW,0.020011499989777803
98,blocks.7.attn.c_proj.weight.buf,1048576,1049401,RAW,0.020006957987789065
98,blocks.7.attn.ve_gate.weight.buf,512,1022,RAW,0.00012387498281896114
98,blocks.7.mlp.c_fc.weight.buf,4194304,4196389,RAW,0.09935608299565502
98,blocks.7.mlp.c_proj.weight.buf,4194304,4195129,RAW,0.1036375839903485
98,lm_head.weight.m,67108864,67136149,RAW,1.734040666022338
98,lm_head.weight.v,67108864,67136149,RAW,1.6298946249880828
98,resid_lambdas.m,32,32,RAW_VECTOR,7.624999852851033e-06
98,resid_lambdas.v,32,32,RAW_VECTOR,5.830079317092896e-07
98,x0_lambdas.m,32,32,RAW_VECTOR,9.170034900307655e-07
98,x0_lambdas.v,32,32,RAW_VECTOR,5.420006345957518e-07
98,value_embeds.1.weight.m,67108864,67136149,RAW,1.5161640830046963
98,value_embeds.1.weight.v,67108864,67136149,RAW,1.4316470409976318
98,value_embeds.3.weight.m,67108864,67136149,RAW,1.5067692500015255
98,value_embeds.3.weight.v,67108864,67136149,RAW,1.428315333003411
98,value_embeds.5.weight.m,67108864,67136149,RAW,1.5260978750011418
98,value_embeds.5.weight.v,67108864,67136149,RAW,1.4456258749996778
98,value_embeds.7.weight.m,67108864,67136149,RAW,1.543042624980444
98,value_embeds.7.weight.v,67108864,67136149,RAW,1.4487712919944897
99,wte.weight.m,67108864,67136149,RAW,1.5042110000213142
99,wte.weight.v,67108864,67136149,RAW,1.3900617500185035
99,blocks.0.attn.c_q.weight.buf,1048576,1049401,RAW,0.020046584017109126
99,blocks.0.attn.c_k.weight.buf,1048576,1049401,RAW,0.019974499999079853
99,blocks.0.attn.c_v.weight.buf,1048576,1049401,RAW,0.03731866698944941
99,blocks.0.attn.c_proj.weight.buf,1048576,1049401,RAW,0.01964841701555997
99,blocks.0.mlp.c_fc.weight.buf,4194304,4196389,RAW,0.10063945801812224
99,blocks.0.mlp.c_proj.weight.buf,4194304,4195129,RAW,0.12514087499585003
99,blocks.1.attn.c_q.weight.buf,1048576,1049401,RAW,0.03646804200252518
99,blocks.1.attn.c_k.weight.buf,1048576,1049401,RAW,0.019612667005276307
99,blocks.1.attn.c_v.weight.buf,1048576,1049401,RAW,0.01974641700508073
99,blocks.1.attn.c_proj.weight.buf,1048576,1049401,RAW,0.03666737501043826
99,blocks.1.attn.ve_gate.weight.buf,512,1022,RAW,1.562500256113708e-05
99,blocks.1.mlp.c_fc.weight.buf,4194304,4196389,RAW,0.09816158300964162
99,blocks.1.mlp.c_proj.weight.buf,4194304,4195129,RAW,0.1098362090124283
99,blocks.2.attn.c_q.weight.buf,1048576,1049401,RAW,0.043698083027265966
99,blocks.2.attn.c_k.weight.buf,1048576,1049401,RAW,0.022751832992071286
99,blocks.2.attn.c_v.weight.buf,1048576,1049401,RAW,0.02124512498266995
99,blocks.2.attn.c_proj.weight.buf,1048576,1049401,RAW,0.04302941702189855
99,blocks.2.mlp.c_fc.weight.buf,4194304,4196389,RAW,0.10552291598287411
99,blocks.2.mlp.c_proj.weight.buf,4194304,4195129,RAW,0.1296166669926606
99,blocks.3.attn.c_q.weight.buf,1048576,1049401,RAW,0.043018708005547523
99,blocks.3.attn.c_k.weight.buf,1048576,1049401,RAW,0.021394999988842756
99,blocks.3.attn.c_v.weight.buf,1048576,1049401,RAW,0.020629874983569607
99,blocks.3.attn.c_proj.weight.buf,1048576,1049401,RAW,0.038299833016935736
99,blocks.3.attn.ve_gate.weight.buf,512,1022,RAW,3.241698141209781e-05
99,blocks.3.mlp.c_fc.weight.buf,4194304,4196389,RAW,0.12303787498967722
99,blocks.3.mlp.c_proj.weight.buf,4194304,4195129,RAW,0.1057224579853937
99,blocks.4.attn.c_q.weight.buf,1048576,1049401,RAW,0.03686350001953542
99,blocks.4.attn.c_k.weight.buf,1048576,1049401,RAW,0.021109458000864834
99,blocks.4.attn.c_v.weight.buf,1048576,1049401,RAW,0.02007420899462886
99,blocks.4.attn.c_proj.weight.buf,1048576,1049401,RAW,0.020344958000350744
99,blocks.4.mlp.c_fc.weight.buf,4194304,4196389,RAW,0.1000683750025928
99,blocks.4.mlp.c_proj.weight.buf,4194304,4195129,RAW,0.10532241698820144
99,blocks.5.attn.c_q.weight.buf,1048576,1049401,RAW,0.020637000008719042
99,blocks.5.attn.c_k.weight.buf,1048576,1049401,RAW,0.019992333982372656
99,blocks.5.attn.c_v.weight.buf,1048576,1049401,RAW,0.03758479101816192
99,blocks.5.attn.c_proj.weight.buf,1048576,1049401,RAW,0.02036062499973923
99,blocks.5.attn.ve_gate.weight.buf,512,1022,RAW,1.1625001206994057e-05
99,blocks.5.mlp.c_fc.weight.buf,4194304,4196389,RAW,0.09880387500743382
99,blocks.5.mlp.c_proj.weight.buf,4194304,4195129,RAW,0.10670883301645517
99,blocks.6.attn.c_q.weight.buf,1048576,1049401,RAW,0.02237095800228417
99,blocks.6.attn.c_k.weight.buf,1048576,1049401,RAW,0.020265999977709725
99,blocks.6.attn.c_v.weight.buf,1048576,1049401,RAW,0.02068154199514538
99,blocks.6.attn.c_proj.weight.buf,1048576,1049401,RAW,0.0384360000025481
99,blocks.6.mlp.c_fc.weight.buf,4194304,4196389,RAW,0.11701241601258516
99,blocks.6.mlp.c_proj.weight.buf,4194304,4195129,RAW,0.1073411249963101
99,blocks.7.attn.c_q.weight.buf,1048576,1049401,RAW,0.03705129199079238
99,blocks.7.attn.c_k.weight.buf,1048576,1049401,RAW,0.021206083009019494
99,blocks.7.attn.c_v.weight.buf,1048576,1049401,RAW,0.020129207987338305
99,blocks.7.attn.c_proj.weight.buf,1048576,1049401,RAW,0.020228000008501112
99,blocks.7.attn.ve_gate.weight.buf,512,1022,RAW,1.1625001206994057e-05
99,blocks.7.mlp.c_fc.weight.buf,4194304,4196389,RAW,0.10015891600050963
99,blocks.7.mlp.c_proj.weight.buf,4194304,4195129,RAW,0.10395383401191793
99,lm_head.weight.m,67108864,67136149,RAW,1.6836002079944592
99,lm_head.weight.v,67108864,67136149,RAW,1.6375662079954054
99,resid_lambdas.m,32,32,RAW_VECTOR,6.624992238357663e-06
99,resid_lambdas.v,32,32,RAW_VECTOR,4.169996827840805e-07
99,x0_lambdas.m,32,32,RAW_VECTOR,1.0840012691915035e-06
99,x0_lambdas.v,32,32,RAW_VECTOR,5.830079317092896e-07
99,value_embeds.1.weight.m,67108864,67136149,RAW,1.52119312499417
99,value_embeds.1.weight.v,67108864,67136149,RAW,1.4526226659945678
99,value_embeds.3.weight.m,67108864,67136149,RAW,1.4869720830174629
99,value_embeds.3.weight.v,67108864,67136149,RAW,1.4596657499787398
99,value_embeds.5.weight.m,67108864,67136149,RAW,1.4859985410002992
99,value_embeds.5.weight.v,67108864,67136149,RAW,1.4524190420052037
99,value_embeds.7.weight.m,67108864,67136149,RAW,1.505372832994908
99,value_embeds.7.weight.v,67108864,67136149,RAW,1.4793232920055743
