step,path,raw_bytes,resident_bytes,mode,encode_seconds
0,wte.weight.m,67108864,67136149,RAW,0.041318834002595395
0,wte.weight.v,67108864,67136149,RAW,0.052866917016217485
0,blocks.0.attn.c_q.weight.buf,1048576,1049401,RAW,0.0007510839786846191
0,blocks.0.attn.c_k.weight.buf,1048576,1049401,RAW,0.0006208330160006881
0,blocks.0.attn.c_v.weight.buf,1048576,1049401,RAW,0.0006193749723024666
0,blocks.0.attn.c_proj.weight.buf,1048576,1049401,RAW,0.000625832995865494
0,blocks.0.mlp.c_fc.weight.buf,4194304,4196389,RAW,0.002594999998109415
0,blocks.0.mlp.c_proj.weight.buf,4194304,4195129,RAW,0.002281499997479841
0,blocks.1.attn.c_q.weight.buf,1048576,1049401,RAW,0.0006608749972656369
0,blocks.1.attn.c_k.weight.buf,1048576,1049401,RAW,0.000604125001700595
0,blocks.1.attn.c_v.weight.buf,1048576,1049401,RAW,0.0005851660098414868
0,blocks.1.attn.c_proj.weight.buf,1048576,1049401,RAW,0.0006132090056780726
0,blocks.1.attn.ve_gate.weight.buf,512,1022,RAW,2.562499139457941e-05
0,blocks.1.mlp.c_fc.weight.buf,4194304,4196389,RAW,0.013447375007672235
0,blocks.1.mlp.c_proj.weight.buf,4194304,4195129,RAW,0.002864250011043623
0,blocks.2.attn.c_q.weight.buf,1048576,1049401,RAW,0.0007180410029832274
0,blocks.2.attn.c_k.weight.buf,1048576,1049401,RAW,0.0006279580120462924
0,blocks.2.attn.c_v.weight.buf,1048576,1049401,RAW,0.0006380840204656124
0,blocks.2.attn.c_proj.weight.buf,1048576,1049401,RAW,0.0006236670014914125
0,blocks.2.mlp.c_fc.weight.buf,4194304,4196389,RAW,0.002387125015957281
0,blocks.2.mlp.c_proj.weight.buf,4194304,4195129,RAW,0.0022507919929921627
0,blocks.3.attn.c_q.weight.buf,1048576,1049401,RAW,0.0006494580011349171
0,blocks.3.attn.c_k.weight.buf,1048576,1049401,RAW,0.0005989590135868639
0,blocks.3.attn.c_v.weight.buf,1048576,1049401,RAW,0.0005884169950149953
0,blocks.3.attn.c_proj.weight.buf,1048576,1049401,RAW,0.0005687910015694797
0,blocks.3.attn.ve_gate.weight.buf,512,1022,RAW,2.6124995201826096e-05
0,blocks.3.mlp.c_fc.weight.buf,4194304,4196389,RAW,0.0022811660019215196
0,blocks.3.mlp.c_proj.weight.buf,4194304,4195129,RAW,0.0022446669754572213
0,blocks.4.attn.c_q.weight.buf,1048576,1049401,RAW,0.0006497499998658895
0,blocks.4.attn.c_k.weight.buf,1048576,1049401,RAW,0.0005698750028386712
0,blocks.4.attn.c_v.weight.buf,1048576,1049401,RAW,0.0006004580063745379
0,blocks.4.attn.c_proj.weight.buf,1048576,1049401,RAW,0.0006119590252637863
0,blocks.4.mlp.c_fc.weight.buf,4194304,4196389,RAW,0.0022962499933782965
0,blocks.4.mlp.c_proj.weight.buf,4194304,4195129,RAW,0.002210042002843693
0,blocks.5.attn.c_q.weight.buf,1048576,1049401,RAW,0.0006572499987669289
0,blocks.5.attn.c_k.weight.buf,1048576,1049401,RAW,0.0005832499882671982
0,blocks.5.attn.c_v.weight.buf,1048576,1049401,RAW,0.000573708995943889
0,blocks.5.attn.c_proj.weight.buf,1048576,1049401,RAW,0.0006191669963300228
0,blocks.5.attn.ve_gate.weight.buf,512,1022,RAW,7.708003977313638e-06
0,blocks.5.mlp.c_fc.weight.buf,4194304,4196389,RAW,0.002268665994051844
0,blocks.5.mlp.c_proj.weight.buf,4194304,4195129,RAW,0.0032884169777389616
0,blocks.6.attn.c_q.weight.buf,1048576,1049401,RAW,0.0007026669918559492
0,blocks.6.attn.c_k.weight.buf,1048576,1049401,RAW,0.0006220829964149743
0,blocks.6.attn.c_v.weight.buf,1048576,1049401,RAW,0.0006219579954631627
0,blocks.6.attn.c_proj.weight.buf,1048576,1049401,RAW,0.0006262499955482781
0,blocks.6.mlp.c_fc.weight.buf,4194304,4196389,RAW,0.0022964160016272217
0,blocks.6.mlp.c_proj.weight.buf,4194304,4195129,RAW,0.0022572499874513596
0,blocks.7.attn.c_q.weight.buf,1048576,1049401,RAW,0.0006659580103587359
0,blocks.7.attn.c_k.weight.buf,1048576,1049401,RAW,0.0005831670132465661
0,blocks.7.attn.c_v.weight.buf,1048576,1049401,RAW,0.0005722499918192625
0,blocks.7.attn.c_proj.weight.buf,1048576,1049401,RAW,0.0005847089923918247
0,blocks.7.attn.ve_gate.weight.buf,512,1022,RAW,1.462499494664371e-05
0,blocks.7.mlp.c_fc.weight.buf,4194304,4196389,RAW,0.0023547910095658153
0,blocks.7.mlp.c_proj.weight.buf,4194304,4195129,RAW,0.0019792500243056566
0,lm_head.weight.m,67108864,67136149,RAW,0.04130583399091847
0,lm_head.weight.v,67108864,67136149,RAW,0.046097584010567516
0,resid_lambdas.m,32,32,RAW_VECTOR,1.3708020560443401e-05
0,resid_lambdas.v,32,32,RAW_VECTOR,5.830079317092896e-07
0,x0_lambdas.m,32,32,RAW_VECTOR,1.5420082490891218e-06
0,x0_lambdas.v,32,32,RAW_VECTOR,4.580069798976183e-07
0,value_embeds.1.weight.m,67108864,67136149,RAW,0.05934450001223013
0,value_embeds.1.weight.v,67108864,67136149,RAW,0.05641512500005774
0,value_embeds.3.weight.m,67108864,67136149,RAW,0.04575679200934246
0,value_embeds.3.weight.v,67108864,67136149,RAW,0.03882545800297521
0,value_embeds.5.weight.m,67108864,67136149,RAW,0.06125070800771937
0,value_embeds.5.weight.v,67108864,67136149,RAW,0.041694709012517706
0,value_embeds.7.weight.m,67108864,67136149,RAW,0.044336667022434995
0,value_embeds.7.weight.v,67108864,67136149,RAW,0.03755583401652984
1,wte.weight.m,67108864,67136149,RAW,0.04653024999424815
1,wte.weight.v,67108864,67136149,RAW,0.04245991702191532
1,blocks.0.attn.c_q.weight.buf,1048576,1049401,RAW,0.0007430840050801635
1,blocks.0.attn.c_k.weight.buf,1048576,1049401,RAW,0.0006690830050501972
1,blocks.0.attn.c_v.weight.buf,1048576,1049401,RAW,0.0006444999889936298
1,blocks.0.attn.c_proj.weight.buf,1048576,1049401,RAW,0.0006806660094298422
1,blocks.0.mlp.c_fc.weight.buf,4194304,4196389,RAW,0.002809625002555549
1,blocks.0.mlp.c_proj.weight.buf,4194304,4195129,RAW,0.0023855000035837293
1,blocks.1.attn.c_q.weight.buf,1048576,1049401,RAW,0.0007149590237531811
1,blocks.1.attn.c_k.weight.buf,1048576,1049401,RAW,0.0006457499985117465
1,blocks.1.attn.c_v.weight.buf,1048576,1049401,RAW,0.0006377079989761114
1,blocks.1.attn.c_proj.weight.buf,1048576,1049401,RAW,0.0006377499958034605
1,blocks.1.attn.ve_gate.weight.buf,512,1022,RAW,8.957984391599894e-06
1,blocks.1.mlp.c_fc.weight.buf,4194304,4196389,RAW,0.002386959007708356
1,blocks.1.mlp.c_proj.weight.buf,4194304,4195129,RAW,0.0022430829994846135
1,blocks.2.attn.c_q.weight.buf,1048576,1049401,RAW,0.0006813329819124192
1,blocks.2.attn.c_k.weight.buf,1048576,1049401,RAW,0.0006282079848460853
1,blocks.2.attn.c_v.weight.buf,1048576,1049401,RAW,0.0005956660024821758
1,blocks.2.attn.c_proj.weight.buf,1048576,1049401,RAW,0.0005963750008959323
1,blocks.2.mlp.c_fc.weight.buf,4194304,4196389,RAW,0.002353541989577934
1,blocks.2.mlp.c_proj.weight.buf,4194304,4195129,RAW,0.017755917011527345
1,blocks.3.attn.c_q.weight.buf,1048576,1049401,RAW,0.000761874980526045
1,blocks.3.attn.c_k.weight.buf,1048576,1049401,RAW,0.0006998750031925738
1,blocks.3.attn.c_v.weight.buf,1048576,1049401,RAW,0.0006707919819746166
1,blocks.3.attn.c_proj.weight.buf,1048576,1049401,RAW,0.0006550410180352628
1,blocks.3.attn.ve_gate.weight.buf,512,1022,RAW,8.917006198316813e-06
1,blocks.3.mlp.c_fc.weight.buf,4194304,4196389,RAW,0.002286541013745591
1,blocks.3.mlp.c_proj.weight.buf,4194304,4195129,RAW,0.002100915997289121
1,blocks.4.attn.c_q.weight.buf,1048576,1049401,RAW,0.0007184580026660115
1,blocks.4.attn.c_k.weight.buf,1048576,1049401,RAW,0.0006360409897752106
1,blocks.4.attn.c_v.weight.buf,1048576,1049401,RAW,0.0006178750190883875
1,blocks.4.attn.c_proj.weight.buf,1048576,1049401,RAW,0.0006443749880418181
1,blocks.4.mlp.c_fc.weight.buf,4194304,4196389,RAW,0.002223249990493059
1,blocks.4.mlp.c_proj.weight.buf,4194304,4195129,RAW,0.00212808302603662
1,blocks.5.attn.c_q.weight.buf,1048576,1049401,RAW,0.0006489160005003214
1,blocks.5.attn.c_k.weight.buf,1048576,1049401,RAW,0.0007120409864000976
1,blocks.5.attn.c_v.weight.buf,1048576,1049401,RAW,0.0006244159885682166
1,blocks.5.attn.c_proj.weight.buf,1048576,1049401,RAW,0.0006208749837242067
1,blocks.5.attn.ve_gate.weight.buf,512,1022,RAW,8.25000461190939e-06
1,blocks.5.mlp.c_fc.weight.buf,4194304,4196389,RAW,0.0022995000181254
1,blocks.5.mlp.c_proj.weight.buf,4194304,4195129,RAW,0.0021825419971719384
1,blocks.6.attn.c_q.weight.buf,1048576,1049401,RAW,0.0006613339937757701
1,blocks.6.attn.c_k.weight.buf,1048576,1049401,RAW,0.0015362919948529452
1,blocks.6.attn.c_v.weight.buf,1048576,1049401,RAW,0.0006158750038594007
1,blocks.6.attn.c_proj.weight.buf,1048576,1049401,RAW,0.0006241670052986592
1,blocks.6.mlp.c_fc.weight.buf,4194304,4196389,RAW,0.0026209170173387975
1,blocks.6.mlp.c_proj.weight.buf,4194304,4195129,RAW,0.00237595901126042
1,blocks.7.attn.c_q.weight.buf,1048576,1049401,RAW,0.0008826669945847243
1,blocks.7.attn.c_k.weight.buf,1048576,1049401,RAW,0.0014686249778605998
1,blocks.7.attn.c_v.weight.buf,1048576,1049401,RAW,0.0006395000091288239
1,blocks.7.attn.c_proj.weight.buf,1048576,1049401,RAW,0.0006218749913387001
1,blocks.7.attn.ve_gate.weight.buf,512,1022,RAW,8.500006515532732e-06
1,blocks.7.mlp.c_fc.weight.buf,4194304,4196389,RAW,0.0024627079837955534
1,blocks.7.mlp.c_proj.weight.buf,4194304,4195129,RAW,0.0023069170129019767
1,lm_head.weight.m,67108864,67136149,RAW,0.04113125000731088
1,lm_head.weight.v,67108864,67136149,RAW,0.04403037502197549
1,resid_lambdas.m,32,32,RAW_VECTOR,5.750014679506421e-06
1,resid_lambdas.v,32,32,RAW_VECTOR,5.420006345957518e-07
1,x0_lambdas.m,32,32,RAW_VECTOR,7.500057108700275e-07
1,x0_lambdas.v,32,32,RAW_VECTOR,1.334003172814846e-06
1,value_embeds.1.weight.m,67108864,67136149,RAW,0.04510016698623076
1,value_embeds.1.weight.v,67108864,67136149,RAW,0.04349308300879784
1,value_embeds.3.weight.m,67108864,67136149,RAW,0.03987270800280385
1,value_embeds.3.weight.v,67108864,67136149,RAW,0.05569783298415132
1,value_embeds.5.weight.m,67108864,67136149,RAW,0.03587616700679064
1,value_embeds.5.weight.v,67108864,67136149,RAW,0.043359584000427276
1,value_embeds.7.weight.m,67108864,67136149,RAW,0.056694583006901667
1,value_embeds.7.weight.v,67108864,67136149,RAW,0.04833916699863039
2,wte.weight.m,67108864,67136149,RAW,0.03504437499213964
2,wte.weight.v,67108864,67136149,RAW,0.0380385419994127
2,blocks.0.attn.c_q.weight.buf,1048576,1049401,RAW,0.0006303330010268837
2,blocks.0.attn.c_k.weight.buf,1048576,1049401,RAW,0.0005869169835932553
2,blocks.0.attn.c_v.weight.buf,1048576,1049401,RAW,0.0005582089943345636
2,blocks.0.attn.c_proj.weight.buf,1048576,1049401,RAW,0.0005463749985210598
2,blocks.0.mlp.c_fc.weight.buf,4194304,4196389,RAW,0.0022674580104649067
2,blocks.0.mlp.c_proj.weight.buf,4194304,4195129,RAW,0.0019880420004483312
2,blocks.1.attn.c_q.weight.buf,1048576,1049401,RAW,0.0010433749994263053
2,blocks.1.attn.c_k.weight.buf,1048576,1049401,RAW,0.0006743749836459756
2,blocks.1.attn.c_v.weight.buf,1048576,1049401,RAW,0.0006626250105910003
2,blocks.1.attn.c_proj.weight.buf,1048576,1049401,RAW,0.000530999997863546
2,blocks.1.attn.ve_gate.weight.buf,512,1022,RAW,1.5083001926541328e-05
2,blocks.1.mlp.c_fc.weight.buf,4194304,4196389,RAW,0.002581417007604614
2,blocks.1.mlp.c_proj.weight.buf,4194304,4195129,RAW,0.001984875008929521
2,blocks.2.attn.c_q.weight.buf,1048576,1049401,RAW,0.0005554580129683018
2,blocks.2.attn.c_k.weight.buf,1048576,1049401,RAW,0.0005660000024363399
2,blocks.2.attn.c_v.weight.buf,1048576,1049401,RAW,0.0005764589877799153
2,blocks.2.attn.c_proj.weight.buf,1048576,1049401,RAW,0.0005727910029236227
2,blocks.2.mlp.c_fc.weight.buf,4194304,4196389,RAW,0.0020143750007264316
2,blocks.2.mlp.c_proj.weight.buf,4194304,4195129,RAW,0.0020942500268574804
2,blocks.3.attn.c_q.weight.buf,1048576,1049401,RAW,0.000573707977309823
2,blocks.3.attn.c_k.weight.buf,1048576,1049401,RAW,0.0005417910288088024
2,blocks.3.attn.c_v.weight.buf,1048576,1049401,RAW,0.0005464999994728714
2,blocks.3.attn.c_proj.weight.buf,1048576,1049401,RAW,0.0005286670057103038
2,blocks.3.attn.ve_gate.weight.buf,512,1022,RAW,7.624999852851033e-06
2,blocks.3.mlp.c_fc.weight.buf,4194304,4196389,RAW,0.0020324579963926226
2,blocks.3.mlp.c_proj.weight.buf,4194304,4195129,RAW,0.0020751669944729656
2,blocks.4.attn.c_q.weight.buf,1048576,1049401,RAW,0.0005739580083172768
2,blocks.4.attn.c_k.weight.buf,1048576,1049401,RAW,0.013221290981164202
2,blocks.4.attn.c_v.weight.buf,1048576,1049401,RAW,0.000726083992049098
2,blocks.4.attn.c_proj.weight.buf,1048576,1049401,RAW,0.0005741250060964376
2,blocks.4.mlp.c_fc.weight.buf,4194304,4196389,RAW,0.002265042014187202
2,blocks.4.mlp.c_proj.weight.buf,4194304,4195129,RAW,0.0021306670096237212
2,blocks.5.attn.c_q.weight.buf,1048576,1049401,RAW,0.0005979160196147859
2,blocks.5.attn.c_k.weight.buf,1048576,1049401,RAW,0.0005476670048665255
2,blocks.5.attn.c_v.weight.buf,1048576,1049401,RAW,0.000545499991858378
2,blocks.5.attn.c_proj.weight.buf,1048576,1049401,RAW,0.0005322920042090118
2,blocks.5.attn.ve_gate.weight.buf,512,1022,RAW,2.4667009711265564e-05
2,blocks.5.mlp.c_fc.weight.buf,4194304,4196389,RAW,0.002056792000075802
2,blocks.5.mlp.c_proj.weight.buf,4194304,4195129,RAW,0.001923750009154901
2,blocks.6.attn.c_q.weight.buf,1048576,1049401,RAW,0.0005503339925780892
2,blocks.6.attn.c_k.weight.buf,1048576,1049401,RAW,0.0005435839993879199
2,blocks.6.attn.c_v.weight.buf,1048576,1049401,RAW,0.0005586250044871122
2,blocks.6.attn.c_proj.weight.buf,1048576,1049401,RAW,0.0005549589986912906
2,blocks.6.mlp.c_fc.weight.buf,4194304,4196389,RAW,0.0020421250083018094
2,blocks.6.mlp.c_proj.weight.buf,4194304,4195129,RAW,0.0020791249989997596
2,blocks.7.attn.c_q.weight.buf,1048576,1049401,RAW,0.0005861670069862157
2,blocks.7.attn.c_k.weight.buf,1048576,1049401,RAW,0.0005384999967645854
2,blocks.7.attn.c_v.weight.buf,1048576,1049401,RAW,0.000555291015189141
2,blocks.7.attn.c_proj.weight.buf,1048576,1049401,RAW,0.0005464999994728714
2,blocks.7.attn.ve_gate.weight.buf,512,1022,RAW,7.458002073690295e-06
2,blocks.7.mlp.c_fc.weight.buf,4194304,4196389,RAW,0.01603383300243877
2,blocks.7.mlp.c_proj.weight.buf,4194304,4195129,RAW,0.0020834580063819885
2,lm_head.weight.m,67108864,67136149,RAW,0.03415637501166202
2,lm_head.weight.v,67108864,67136149,RAW,0.04952400000183843
2,resid_lambdas.m,32,32,RAW_VECTOR,7.2499969974160194e-06
2,resid_lambdas.v,32,32,RAW_VECTOR,1.167005393654108e-06
2,x0_lambdas.m,32,32,RAW_VECTOR,2.082990249618888e-06
2,x0_lambdas.v,32,32,RAW_VECTOR,1.0420044418424368e-06
2,value_embeds.1.weight.m,67108864,67136149,RAW,0.032652458001393825
2,value_embeds.1.weight.v,67108864,67136149,RAW,0.037565792008535936
2,value_embeds.3.weight.m,67108864,67136149,RAW,0.0328248750010971
2,value_embeds.3.weight.v,67108864,67136149,RAW,0.03925379097927362
2,value_embeds.5.weight.m,67108864,67136149,RAW,0.05004324999754317
2,value_embeds.5.weight.v,67108864,67136149,RAW,0.03440304100513458
2,value_embeds.7.weight.m,67108864,67136149,RAW,0.03662275001988746
2,value_embeds.7.weight.v,67108864,67136149,RAW,0.03358499999740161
3,wte.weight.m,67108864,67136149,RAW,0.05253316700691357
3,wte.weight.v,67108864,67136149,RAW,0.04264633299317211
3,blocks.0.attn.c_q.weight.buf,1048576,1049401,RAW,0.0007057919865474105
3,blocks.0.attn.c_k.weight.buf,1048576,1049401,RAW,0.0006266249984037131
3,blocks.0.attn.c_v.weight.buf,1048576,1049401,RAW,0.0006817080138716847
3,blocks.0.attn.c_proj.weight.buf,1048576,1049401,RAW,0.0006144999933894724
3,blocks.0.mlp.c_fc.weight.buf,4194304,4196389,RAW,0.0024393329804297537
3,blocks.0.mlp.c_proj.weight.buf,4194304,4195129,RAW,0.002205541997682303
3,blocks.1.attn.c_q.weight.buf,1048576,1049401,RAW,0.01652762500452809
3,blocks.1.attn.c_k.weight.buf,1048576,1049401,RAW,0.0007402919873129576
3,blocks.1.attn.c_v.weight.buf,1048576,1049401,RAW,0.0006038749997969717
3,blocks.1.attn.c_proj.weight.buf,1048576,1049401,RAW,0.0005895829817745835
3,blocks.1.attn.ve_gate.weight.buf,512,1022,RAW,8.875009370967746e-06
3,blocks.1.mlp.c_fc.weight.buf,4194304,4196389,RAW,0.0024000419944059104
3,blocks.1.mlp.c_proj.weight.buf,4194304,4195129,RAW,0.002092207985697314
3,blocks.2.attn.c_q.weight.buf,1048576,1049401,RAW,0.0006234169995877892
3,blocks.2.attn.c_k.weight.buf,1048576,1049401,RAW,0.0006034999969415367
3,blocks.2.attn.c_v.weight.buf,1048576,1049401,RAW,0.0006404580199159682
3,blocks.2.attn.c_proj.weight.buf,1048576,1049401,RAW,0.000610249990131706
3,blocks.2.mlp.c_fc.weight.buf,4194304,4196389,RAW,0.0021284999966155738
3,blocks.2.mlp.c_proj.weight.buf,4194304,4195129,RAW,0.0022179590014275163
3,blocks.3.attn.c_q.weight.buf,1048576,1049401,RAW,0.0006485829944722354
3,blocks.3.attn.c_k.weight.buf,1048576,1049401,RAW,0.0005747500108554959
3,blocks.3.attn.c_v.weight.buf,1048576,1049401,RAW,0.0005664999771397561
3,blocks.3.attn.c_proj.weight.buf,1048576,1049401,RAW,0.000569041003473103
3,blocks.3.attn.ve_gate.weight.buf,512,1022,RAW,1.7291982658207417e-05
3,blocks.3.mlp.c_fc.weight.buf,4194304,4196389,RAW,0.0022973750019446015
3,blocks.3.mlp.c_proj.weight.buf,4194304,4195129,RAW,0.002131375018507242
3,blocks.4.attn.c_q.weight.buf,1048576,1049401,RAW,0.0006121250044088811
3,blocks.4.attn.c_k.weight.buf,1048576,1049401,RAW,0.0005784580134786665
3,blocks.4.attn.c_v.weight.buf,1048576,1049401,RAW,0.0010923329973593354
3,blocks.4.attn.c_proj.weight.buf,1048576,1049401,RAW,0.0006717079959344119
3,blocks.4.mlp.c_fc.weight.buf,4194304,4196389,RAW,0.002456332993460819
3,blocks.4.mlp.c_proj.weight.buf,4194304,4195129,RAW,0.002233250008430332
3,blocks.5.attn.c_q.weight.buf,1048576,1049401,RAW,0.0008815409964881837
3,blocks.5.attn.c_k.weight.buf,1048576,1049401,RAW,0.000628334004431963
3,blocks.5.attn.c_v.weight.buf,1048576,1049401,RAW,0.000641792023088783
3,blocks.5.attn.c_proj.weight.buf,1048576,1049401,RAW,0.0006155000010039657
3,blocks.5.attn.ve_gate.weight.buf,512,1022,RAW,8.584000170230865e-06
3,blocks.5.mlp.c_fc.weight.buf,4194304,4196389,RAW,0.0022008329979144037
3,blocks.5.mlp.c_proj.weight.buf,4194304,4195129,RAW,0.002233332983450964
3,blocks.6.attn.c_q.weight.buf,1048576,1049401,RAW,0.000692791974870488
3,blocks.6.attn.c_k.weight.buf,1048576,1049401,RAW,0.0005965829768683761
3,blocks.6.attn.c_v.weight.buf,1048576,1049401,RAW,0.0006002500012982637
3,blocks.6.attn.c_proj.weight.buf,1048576,1049401,RAW,0.0005932920030318201
3,blocks.6.mlp.c_fc.weight.buf,4194304,4196389,RAW,0.002299374988069758
3,blocks.6.mlp.c_proj.weight.buf,4194304,4195129,RAW,0.002212916995631531
3,blocks.7.attn.c_q.weight.buf,1048576,1049401,RAW,0.0006346250011119992
3,blocks.7.attn.c_k.weight.buf,1048576,1049401,RAW,0.0005742500070482492
3,blocks.7.attn.c_v.weight.buf,1048576,1049401,RAW,0.0006032499950379133
3,blocks.7.attn.c_proj.weight.buf,1048576,1049401,RAW,0.0006313750054687262
3,blocks.7.attn.ve_gate.weight.buf,512,1022,RAW,7.458002073690295e-06
3,blocks.7.mlp.c_fc.weight.buf,4194304,4196389,RAW,0.0022101250069681555
3,blocks.7.mlp.c_proj.weight.buf,4194304,4195129,RAW,0.01896783401025459
3,lm_head.weight.m,67108864,67136149,RAW,0.03925083400099538
3,lm_head.weight.v,67108864,67136149,RAW,0.059174499998334795
3,resid_lambdas.m,32,32,RAW_VECTOR,5.917012458667159e-06
3,resid_lambdas.v,32,32,RAW_VECTOR,5.839974619448185e-07
3,x0_lambdas.m,32,32,RAW_VECTOR,1.0420044418424368e-06
3,x0_lambdas.v,32,32,RAW_VECTOR,3.7497375160455704e-07
3,value_embeds.1.weight.m,67108864,67136149,RAW,0.035152917000232264
3,value_embeds.1.weight.v,67108864,67136149,RAW,0.040034292003838345
3,value_embeds.3.weight.m,67108864,67136149,RAW,0.03510491701308638
3,value_embeds.3.weight.v,67108864,67136149,RAW,0.040021374996285886
3,value_embeds.5.weight.m,67108864,67136149,RAW,0.05405695899389684
3,value_embeds.5.weight.v,67108864,67136149,RAW,0.04073183302534744
3,value_embeds.7.weight.m,67108864,67136149,RAW,0.03486200000043027
3,value_embeds.7.weight.v,67108864,67136149,RAW,0.040053959004580975
4,wte.weight.m,67108864,67136149,RAW,0.04138700000476092
4,wte.weight.v,67108864,67136149,RAW,0.04055391700239852
4,blocks.0.attn.c_q.weight.buf,1048576,1049401,RAW,0.0007330829976126552
4,blocks.0.attn.c_k.weight.buf,1048576,1049401,RAW,0.000621499988483265
4,blocks.0.attn.c_v.weight.buf,1048576,1049401,RAW,0.0006264580006245524
4,blocks.0.attn.c_proj.weight.buf,1048576,1049401,RAW,0.0006404590094462037
4,blocks.0.mlp.c_fc.weight.buf,4194304,4196389,RAW,0.0024577500007580966
4,blocks.0.mlp.c_proj.weight.buf,4194304,4195129,RAW,0.0022128330019768327
4,blocks.1.attn.c_q.weight.buf,1048576,1049401,RAW,0.0006738340016454458
4,blocks.1.attn.c_k.weight.buf,1048576,1049401,RAW,0.0006342499982565641
4,blocks.1.attn.c_v.weight.buf,1048576,1049401,RAW,0.0006657080084551126
4,blocks.1.attn.c_proj.weight.buf,1048576,1049401,RAW,0.0006029159994795918
4,blocks.1.attn.ve_gate.weight.buf,512,1022,RAW,8.292001439258456e-06
4,blocks.1.mlp.c_fc.weight.buf,4194304,4196389,RAW,0.0020911669998895377
4,blocks.1.mlp.c_proj.weight.buf,4194304,4195129,RAW,0.0021523750037886202
4,blocks.2.attn.c_q.weight.buf,1048576,1049401,RAW,0.0006690419977530837
4,blocks.2.attn.c_k.weight.buf,1048576,1049401,RAW,0.0006498750008177012
4,blocks.2.attn.c_v.weight.buf,1048576,1049401,RAW,0.000626541004749015
4,blocks.2.attn.c_proj.weight.buf,1048576,1049401,RAW,0.0006134160212241113
4,blocks.2.mlp.c_fc.weight.buf,4194304,4196389,RAW,0.0022266250161919743
4,blocks.2.mlp.c_proj.weight.buf,4194304,4195129,RAW,0.0021153329871594906
4,blocks.3.attn.c_q.weight.buf,1048576,1049401,RAW,0.0006444580212701112
4,blocks.3.attn.c_k.weight.buf,1048576,1049401,RAW,0.000596875004703179
4,blocks.3.attn.c_v.weight.buf,1048576,1049401,RAW,0.0006131670088507235
4,blocks.3.attn.c_proj.weight.buf,1048576,1049401,RAW,0.000613124982919544
4,blocks.3.attn.ve_gate.weight.buf,512,1022,RAW,6.833986844867468e-06
4,blocks.3.mlp.c_fc.weight.buf,4194304,4196389,RAW,0.003449332987656817
4,blocks.3.mlp.c_proj.weight.buf,4194304,4195129,RAW,0.0021600829786621034
4,blocks.4.attn.c_q.weight.buf,1048576,1049401,RAW,0.0006862919835839421
4,blocks.4.attn.c_k.weight.buf,1048576,1049401,RAW,0.0006307080038823187
4,blocks.4.attn.c_v.weight.buf,1048576,1049401,RAW,0.0006161670025903732
4,blocks.4.attn.c_proj.weight.buf,1048576,1049401,RAW,0.0005890830070711672
4,blocks.4.mlp.c_fc.weight.buf,4194304,4196389,RAW,0.0034202920214738697
4,blocks.4.mlp.c_proj.weight.buf,4194304,4195129,RAW,0.0020648339996114373
4,blocks.5.attn.c_q.weight.buf,1048576,1049401,RAW,0.0006212909938767552
4,blocks.5.attn.c_k.weight.buf,1048576,1049401,RAW,0.0005828750145155936
4,blocks.5.attn.c_v.weight.buf,1048576,1049401,RAW,0.0005785830144304782
4,blocks.5.attn.c_proj.weight.buf,1048576,1049401,RAW,0.0005962919967714697
4,blocks.5.attn.ve_gate.weight.buf,512,1022,RAW,9.542010957375169e-06
4,blocks.5.mlp.c_fc.weight.buf,4194304,4196389,RAW,0.002121124998666346
4,blocks.5.mlp.c_proj.weight.buf,4194304,4195129,RAW,0.0020357090106699616
4,blocks.6.attn.c_q.weight.buf,1048576,1049401,RAW,0.0006126249791122973
4,blocks.6.attn.c_k.weight.buf,1048576,1049401,RAW,0.0005676250148098916
4,blocks.6.attn.c_v.weight.buf,1048576,1049401,RAW,0.0005867499858140945
4,blocks.6.attn.c_proj.weight.buf,1048576,1049401,RAW,0.000568958988878876
4,blocks.6.mlp.c_fc.weight.buf,4194304,4196389,RAW,0.002139125019311905
4,blocks.6.mlp.c_proj.weight.buf,4194304,4195129,RAW,0.0020218329736962914
4,blocks.7.attn.c_q.weight.buf,1048576,1049401,RAW,0.0006210000137798488
4,blocks.7.attn.c_k.weight.buf,1048576,1049401,RAW,0.0005837909993715584
4,blocks.7.attn.c_v.weight.buf,1048576,1049401,RAW,0.0005730830016545951
4,blocks.7.attn.c_proj.weight.buf,1048576,1049401,RAW,0.0005660000024363399
4,blocks.7.attn.ve_gate.weight.buf,512,1022,RAW,1.1416996130719781e-05
4,blocks.7.mlp.c_fc.weight.buf,4194304,4196389,RAW,0.023962833016412333
4,blocks.7.mlp.c_proj.weight.buf,4194304,4195129,RAW,0.0024637920141685754
4,lm_head.weight.m,67108864,67136149,RAW,0.03433975001098588
4,lm_head.weight.v,67108864,67136149,RAW,0.05860466699232347
4,resid_lambdas.m,32,32,RAW_VECTOR,8.58298153616488e-06
4,resid_lambdas.v,32,32,RAW_VECTOR,1.167005393654108e-06
4,x0_lambdas.m,32,32,RAW_VECTOR,7.089984137564898e-07
4,x0_lambdas.v,32,32,RAW_VECTOR,4.580069798976183e-07
4,value_embeds.1.weight.m,67108864,67136149,RAW,0.04224429198075086
4,value_embeds.1.weight.v,67108864,67136149,RAW,0.03919662500265986
4,value_embeds.3.weight.m,67108864,67136149,RAW,0.03438737502438016
4,value_embeds.3.weight.v,67108864,67136149,RAW,0.0391386249975767
4,value_embeds.5.weight.m,67108864,67136149,RAW,0.03748662499128841
4,value_embeds.5.weight.v,67108864,67136149,RAW,0.0388947079773061
4,value_embeds.7.weight.m,67108864,67136149,RAW,0.0373997499991674
4,value_embeds.7.weight.v,67108864,67136149,RAW,0.0407750419981312
5,wte.weight.m,67108864,67136149,RAW,0.04386029200395569
5,wte.weight.v,67108864,67136149,RAW,0.04097279199049808
5,blocks.0.attn.c_q.weight.buf,1048576,1049401,RAW,0.0006752089830115438
5,blocks.0.attn.c_k.weight.buf,1048576,1049401,RAW,0.0006072910036891699
5,blocks.0.attn.c_v.weight.buf,1048576,1049401,RAW,0.0006153339927550405
5,blocks.0.attn.c_proj.weight.buf,1048576,1049401,RAW,0.0006097499863244593
5,blocks.0.mlp.c_fc.weight.buf,4194304,4196389,RAW,0.0023382500221487135
5,blocks.0.mlp.c_proj.weight.buf,4194304,4195129,RAW,0.0021776249923277646
5,blocks.1.attn.c_q.weight.buf,1048576,1049401,RAW,0.0007008329848758876
5,blocks.1.attn.c_k.weight.buf,1048576,1049401,RAW,0.0006372499919962138
5,blocks.1.attn.c_v.weight.buf,1048576,1049401,RAW,0.0005954579974059016
5,blocks.1.attn.c_proj.weight.buf,1048576,1049401,RAW,0.0013700840063393116
5,blocks.1.attn.ve_gate.weight.buf,512,1022,RAW,3.7416990380734205e-05
5,blocks.1.mlp.c_fc.weight.buf,4194304,4196389,RAW,0.0023921660031192005
5,blocks.1.mlp.c_proj.weight.buf,4194304,4195129,RAW,0.0022532919829245657
5,blocks.2.attn.c_q.weight.buf,1048576,1049401,RAW,0.0007254169904626906
5,blocks.2.attn.c_k.weight.buf,1048576,1049401,RAW,0.0006179999909363687
5,blocks.2.attn.c_v.weight.buf,1048576,1049401,RAW,0.0006127909873612225
5,blocks.2.attn.c_proj.weight.buf,1048576,1049401,RAW,0.000614624994341284
5,blocks.2.mlp.c_fc.weight.buf,4194304,4196389,RAW,0.002162999997381121
5,blocks.2.mlp.c_proj.weight.buf,4194304,4195129,RAW,0.002132291003363207
5,blocks.3.attn.c_q.weight.buf,1048576,1049401,RAW,0.0006613750010728836
5,blocks.3.attn.c_k.weight.buf,1048576,1049401,RAW,0.0006023749883752316
5,blocks.3.attn.c_v.weight.buf,1048576,1049401,RAW,0.0006010829820297658
5,blocks.3.attn.c_proj.weight.buf,1048576,1049401,RAW,0.0006126250082161278
5,blocks.3.attn.ve_gate.weight.buf,512,1022,RAW,1.3791985111311078e-05
5,blocks.3.mlp.c_fc.weight.buf,4194304,4196389,RAW,0.002123999991454184
5,blocks.3.mlp.c_proj.weight.buf,4194304,4195129,RAW,0.002111042005708441
5,blocks.4.attn.c_q.weight.buf,1048576,1049401,RAW,0.0006488339859060943
5,blocks.4.attn.c_k.weight.buf,1048576,1049401,RAW,0.0006827909965068102
5,blocks.4.attn.c_v.weight.buf,1048576,1049401,RAW,0.0006157500029075891
5,blocks.4.attn.c_proj.weight.buf,1048576,1049401,RAW,0.0006261670205276459
5,blocks.4.mlp.c_fc.weight.buf,4194304,4196389,RAW,0.028630250017158687
5,blocks.4.mlp.c_proj.weight.buf,4194304,4195129,RAW,0.0024860419798642397
5,blocks.5.attn.c_q.weight.buf,1048576,1049401,RAW,0.0007172079931478947
5,blocks.5.attn.c_k.weight.buf,1048576,1049401,RAW,0.000615333003224805
5,blocks.5.attn.c_v.weight.buf,1048576,1049401,RAW,0.0006387910107150674
5,blocks.5.attn.c_proj.weight.buf,1048576,1049401,RAW,0.0006200000061653554
5,blocks.5.attn.ve_gate.weight.buf,512,1022,RAW,1.95419997908175e-05
5,blocks.5.mlp.c_fc.weight.buf,4194304,4196389,RAW,0.002740666997851804
5,blocks.5.mlp.c_proj.weight.buf,4194304,4195129,RAW,0.0021829170000273734
5,blocks.6.attn.c_q.weight.buf,1048576,1049401,RAW,0.000689208012772724
5,blocks.6.attn.c_k.weight.buf,1048576,1049401,RAW,0.0006123339990153909
5,blocks.6.attn.c_v.weight.buf,1048576,1049401,RAW,0.0006129579851403832
5,blocks.6.attn.c_proj.weight.buf,1048576,1049401,RAW,0.0006049159856047481
5,blocks.6.mlp.c_fc.weight.buf,4194304,4196389,RAW,0.0021228330151643604
5,blocks.6.mlp.c_proj.weight.buf,4194304,4195129,RAW,0.002168540988350287
5,blocks.7.attn.c_q.weight.buf,1048576,1049401,RAW,0.0006856250111013651
5,blocks.7.attn.c_k.weight.buf,1048576,1049401,RAW,0.0005991669895593077
5,blocks.7.attn.c_v.weight.buf,1048576,1049401,RAW,0.0005897080118302256
5,blocks.7.attn.c_proj.weight.buf,1048576,1049401,RAW,0.00059179199161008
5,blocks.7.attn.ve_gate.weight.buf,512,1022,RAW,1.4459015801548958e-05
5,blocks.7.mlp.c_fc.weight.buf,4194304,4196389,RAW,0.0021682080114260316
5,blocks.7.mlp.c_proj.weight.buf,4194304,4195129,RAW,0.0021969170193187892
5,lm_head.weight.m,67108864,67136149,RAW,0.03903979202732444
5,lm_head.weight.v,67108864,67136149,RAW,0.050410166004439816
5,resid_lambdas.m,32,32,RAW_VECTOR,4.6670029405504465e-06
5,resid_lambdas.v,32,32,RAW_VECTOR,4.580069798976183e-07
5,x0_lambdas.m,32,32,RAW_VECTOR,3.374996595084667e-06
5,x0_lambdas.v,32,32,RAW_VECTOR,7.080088835209608e-07
5,value_embeds.1.weight.m,67108864,67136149,RAW,0.037630332983098924
5,value_embeds.1.weight.v,67108864,67136149,RAW,0.04145745901041664
5,value_embeds.3.weight.m,67108864,67136149,RAW,0.037586209014989436
5,value_embeds.3.weight.v,67108864,67136149,RAW,0.04141774997697212
5,value_embeds.5.weight.m,67108864,67136149,RAW,0.036981541983550414
5,value_embeds.5.weight.v,67108864,67136149,RAW,0.04214895798941143
5,value_embeds.7.weight.m,67108864,67136149,RAW,0.03797287499764934
5,value_embeds.7.weight.v,67108864,67136149,RAW,0.040689957997528836
6,wte.weight.m,67108864,67136149,RAW,0.03959616698557511
6,wte.weight.v,67108864,67136149,RAW,0.06182899998384528
6,blocks.0.attn.c_q.weight.buf,1048576,1049401,RAW,0.0006497499998658895
6,blocks.0.attn.c_k.weight.buf,1048576,1049401,RAW,0.0006120420002844185
6,blocks.0.attn.c_v.weight.buf,1048576,1049401,RAW,0.0006327500159386545
6,blocks.0.attn.c_proj.weight.buf,1048576,1049401,RAW,0.0006242919771466404
6,blocks.0.mlp.c_fc.weight.buf,4194304,4196389,RAW,0.002347624977119267
6,blocks.0.mlp.c_proj.weight.buf,4194304,4195129,RAW,0.002044749999186024
6,blocks.1.attn.c_q.weight.buf,1048576,1049401,RAW,0.0014837500057183206
6,blocks.1.attn.c_k.weight.buf,1048576,1049401,RAW,0.0006879169959574938
6,blocks.1.attn.c_v.weight.buf,1048576,1049401,RAW,0.000586000009207055
6,blocks.1.attn.c_proj.weight.buf,1048576,1049401,RAW,0.0005836250202264637
6,blocks.1.attn.ve_gate.weight.buf,512,1022,RAW,1.4666991773992777e-05
6,blocks.1.mlp.c_fc.weight.buf,4194304,4196389,RAW,0.0022669169993605465
6,blocks.1.mlp.c_proj.weight.buf,4194304,4195129,RAW,0.002069332986138761
6,blocks.2.attn.c_q.weight.buf,1048576,1049401,RAW,0.0006219999922905117
6,blocks.2.attn.c_k.weight.buf,1048576,1049401,RAW,0.0005837920180056244
6,blocks.2.attn.c_v.weight.buf,1048576,1049401,RAW,0.0005780000064987689
6,blocks.2.attn.c_proj.weight.buf,1048576,1049401,RAW,0.000568625022424385
6,blocks.2.mlp.c_fc.weight.buf,4194304,4196389,RAW,0.002070084010483697
6,blocks.2.mlp.c_proj.weight.buf,4194304,4195129,RAW,0.0020453750039450824
6,blocks.3.attn.c_q.weight.buf,1048576,1049401,RAW,0.0006542919727507979
6,blocks.3.attn.c_k.weight.buf,1048576,1049401,RAW,0.0005691669939551502
6,blocks.3.attn.c_v.weight.buf,1048576,1049401,RAW,0.0013516670151147991
6,blocks.3.attn.c_proj.weight.buf,1048576,1049401,RAW,0.0005990420177113265
6,blocks.3.attn.ve_gate.weight.buf,512,1022,RAW,9.125011274591088e-06
6,blocks.3.mlp.c_fc.weight.buf,4194304,4196389,RAW,0.0022962090151850134
6,blocks.3.mlp.c_proj.weight.buf,4194304,4195129,RAW,0.002050625014817342
6,blocks.4.attn.c_q.weight.buf,1048576,1049401,RAW,0.0006384580046869814
6,blocks.4.attn.c_k.weight.buf,1048576,1049401,RAW,0.0005525420128833503
6,blocks.4.attn.c_v.weight.buf,1048576,1049401,RAW,0.0005635000125039369
6,blocks.4.attn.c_proj.weight.buf,1048576,1049401,RAW,0.0005658340232912451
6,blocks.4.mlp.c_fc.weight.buf,4194304,4196389,RAW,0.0021398749959189445
6,blocks.4.mlp.c_proj.weight.buf,4194304,4195129,RAW,0.0020163750159554183
6,blocks.5.attn.c_q.weight.buf,1048576,1049401,RAW,0.0006471250089816749
6,blocks.5.attn.c_k.weight.buf,1048576,1049401,RAW,0.0005931249761488289
6,blocks.5.attn.c_v.weight.buf,1048576,1049401,RAW,0.0013743750168941915
6,blocks.5.attn.c_proj.weight.buf,1048576,1049401,RAW,0.0005872909969184548
6,blocks.5.attn.ve_gate.weight.buf,512,1022,RAW,9.750016033649445e-06
6,blocks.5.mlp.c_fc.weight.buf,4194304,4196389,RAW,0.00234545799321495
6,blocks.5.mlp.c_proj.weight.buf,4194304,4195129,RAW,0.002051624993328005
6,blocks.6.attn.c_q.weight.buf,1048576,1049401,RAW,0.0006281250098254532
6,blocks.6.attn.c_k.weight.buf,1048576,1049401,RAW,0.0005837080243509263
6,blocks.6.attn.c_v.weight.buf,1048576,1049401,RAW,0.0005731660057790577
6,blocks.6.attn.c_proj.weight.buf,1048576,1049401,RAW,0.0005561670113820583
6,blocks.6.mlp.c_fc.weight.buf,4194304,4196389,RAW,0.00206416699802503
6,blocks.6.mlp.c_proj.weight.buf,4194304,4195129,RAW,0.0020406669937074184
6,blocks.7.attn.c_q.weight.buf,1048576,1049401,RAW,0.0006257919885683805
6,blocks.7.attn.c_k.weight.buf,1048576,1049401,RAW,0.0005775840254500508
6,blocks.7.attn.c_v.weight.buf,1048576,1049401,RAW,0.0005750410200562328
6,blocks.7.attn.c_proj.weight.buf,1048576,1049401,RAW,0.0005978750123176724
6,blocks.7.attn.ve_gate.weight.buf,512,1022,RAW,8.25000461190939e-06
6,blocks.7.mlp.c_fc.weight.buf,4194304,4196389,RAW,0.0020774170116055757
6,blocks.7.mlp.c_proj.weight.buf,4194304,4195129,RAW,0.003387958015082404
6,lm_head.weight.m,67108864,67136149,RAW,0.035184500011382625
6,lm_head.weight.v,67108864,67136149,RAW,0.0346997499873396
6,resid_lambdas.m,32,32,RAW_VECTOR,4.8330111894756556e-06
6,resid_lambdas.v,32,32,RAW_VECTOR,5.829788278788328e-07
6,x0_lambdas.m,32,32,RAW_VECTOR,9.580107871443033e-07
6,x0_lambdas.v,32,32,RAW_VECTOR,4.5797787606716156e-07
6,value_embeds.1.weight.m,67108864,67136149,RAW,0.03626587500912137
6,value_embeds.1.weight.v,67108864,67136149,RAW,0.04113587498432025
6,value_embeds.3.weight.m,67108864,67136149,RAW,0.038548125012312084
6,value_embeds.3.weight.v,67108864,67136149,RAW,0.04094129198347218
6,value_embeds.5.weight.m,67108864,67136149,RAW,0.03469329097424634
6,value_embeds.5.weight.v,67108864,67136149,RAW,0.04400104100932367
6,value_embeds.7.weight.m,67108864,67136149,RAW,0.034690291999140754
6,value_embeds.7.weight.v,67108864,67136149,RAW,0.042608957999618724
7,wte.weight.m,67108864,67136149,RAW,0.0343869999924209
7,wte.weight.v,67108864,67136149,RAW,0.05898154198075645
7,blocks.0.attn.c_q.weight.buf,1048576,1049401,RAW,0.0006807500030845404
7,blocks.0.attn.c_k.weight.buf,1048576,1049401,RAW,0.0006395420059561729
7,blocks.0.attn.c_v.weight.buf,1048576,1049401,RAW,0.0006542089977301657
7,blocks.0.attn.c_proj.weight.buf,1048576,1049401,RAW,0.0006641250220127404
7,blocks.0.mlp.c_fc.weight.buf,4194304,4196389,RAW,0.002485792007064447
7,blocks.0.mlp.c_proj.weight.buf,4194304,4195129,RAW,0.0021530840022023767
7,blocks.1.attn.c_q.weight.buf,1048576,1049401,RAW,0.0006382920255418867
7,blocks.1.attn.c_k.weight.buf,1048576,1049401,RAW,0.0006110829999670386
7,blocks.1.attn.c_v.weight.buf,1048576,1049401,RAW,0.0006373339856509119
7,blocks.1.attn.c_proj.weight.buf,1048576,1049401,RAW,0.0007039160118438303
7,blocks.1.attn.ve_gate.weight.buf,512,1022,RAW,0.00012787501327693462
7,blocks.1.mlp.c_fc.weight.buf,4194304,4196389,RAW,0.00255591599852778
7,blocks.1.mlp.c_proj.weight.buf,4194304,4195129,RAW,0.002229709003586322
7,blocks.2.attn.c_q.weight.buf,1048576,1049401,RAW,0.0008252910047303885
7,blocks.2.attn.c_k.weight.buf,1048576,1049401,RAW,0.0006374579970724881
7,blocks.2.attn.c_v.weight.buf,1048576,1049401,RAW,0.0012835829984396696
7,blocks.2.attn.c_proj.weight.buf,1048576,1049401,RAW,0.0005964589945506305
7,blocks.2.mlp.c_fc.weight.buf,4194304,4196389,RAW,0.0023560409899801016
7,blocks.2.mlp.c_proj.weight.buf,4194304,4195129,RAW,0.0021253750019241124
7,blocks.3.attn.c_q.weight.buf,1048576,1049401,RAW,0.0006894160178489983
7,blocks.3.attn.c_k.weight.buf,1048576,1049401,RAW,0.0005795829929411411
7,blocks.3.attn.c_v.weight.buf,1048576,1049401,RAW,0.0006043750036042184
7,blocks.3.attn.c_proj.weight.buf,1048576,1049401,RAW,0.0006068749935366213
7,blocks.3.attn.ve_gate.weight.buf,512,1022,RAW,1.591601176187396e-05
7,blocks.3.mlp.c_fc.weight.buf,4194304,4196389,RAW,0.002258708991575986
7,blocks.3.mlp.c_proj.weight.buf,4194304,4195129,RAW,0.0020997499814257026
7,blocks.4.attn.c_q.weight.buf,1048576,1049401,RAW,0.0006850830104667693
7,blocks.4.attn.c_k.weight.buf,1048576,1049401,RAW,0.0006647499976679683
7,blocks.4.attn.c_v.weight.buf,1048576,1049401,RAW,0.0006513340049423277
7,blocks.4.attn.c_proj.weight.buf,1048576,1049401,RAW,0.0005922499985899776
7,blocks.4.mlp.c_fc.weight.buf,4194304,4196389,RAW,0.0021345829882193357
7,blocks.4.mlp.c_proj.weight.buf,4194304,4195129,RAW,0.0028303750150371343
7,blocks.5.attn.c_q.weight.buf,1048576,1049401,RAW,0.0006927909853402525
7,blocks.5.attn.c_k.weight.buf,1048576,1049401,RAW,0.0006293750193435699
7,blocks.5.attn.c_v.weight.buf,1048576,1049401,RAW,0.0006065410270821303
7,blocks.5.attn.c_proj.weight.buf,1048576,1049401,RAW,0.000634832977084443
7,blocks.5.attn.ve_gate.weight.buf,512,1022,RAW,1.8874998204410076e-05
7,blocks.5.mlp.c_fc.weight.buf,4194304,4196389,RAW,0.00252583299879916
7,blocks.5.mlp.c_proj.weight.buf,4194304,4195129,RAW,0.00215558402123861
7,blocks.6.attn.c_q.weight.buf,1048576,1049401,RAW,0.000657666998449713
7,blocks.6.attn.c_k.weight.buf,1048576,1049401,RAW,0.0006245840049814433
7,blocks.6.attn.c_v.weight.buf,1048576,1049401,RAW,0.0005975420062895864
7,blocks.6.attn.c_proj.weight.buf,1048576,1049401,RAW,0.0006259169895201921
7,blocks.6.mlp.c_fc.weight.buf,4194304,4196389,RAW,0.0021308339782990515
7,blocks.6.mlp.c_proj.weight.buf,4194304,4195129,RAW,0.002140041993698105
7,blocks.7.attn.c_q.weight.buf,1048576,1049401,RAW,0.0007117500063031912
7,blocks.7.attn.c_k.weight.buf,1048576,1049401,RAW,0.0005848330038134009
7,blocks.7.attn.c_v.weight.buf,1048576,1049401,RAW,0.0006015420076437294
7,blocks.7.attn.c_proj.weight.buf,1048576,1049401,RAW,0.0006002499721944332
7,blocks.7.attn.ve_gate.weight.buf,512,1022,RAW,1.3834011042490602e-05
7,blocks.7.mlp.c_fc.weight.buf,4194304,4196389,RAW,0.0022733329969923943
7,blocks.7.mlp.c_proj.weight.buf,4194304,4195129,RAW,0.0021317090140655637
7,lm_head.weight.m,67108864,67136149,RAW,0.04022250001435168
7,lm_head.weight.v,67108864,67136149,RAW,0.0631480420124717
7,resid_lambdas.m,32,32,RAW_VECTOR,6.291986210271716e-06
7,resid_lambdas.v,32,32,RAW_VECTOR,5.839974619448185e-07
7,x0_lambdas.m,32,32,RAW_VECTOR,1.834006980061531e-06
7,x0_lambdas.v,32,32,RAW_VECTOR,3.3300602808594704e-07
7,value_embeds.1.weight.m,67108864,67136149,RAW,0.03739245800534263
7,value_embeds.1.weight.v,67108864,67136149,RAW,0.0642151250212919
7,value_embeds.3.weight.m,67108864,67136149,RAW,0.04332037499989383
7,value_embeds.3.weight.v,67108864,67136149,RAW,0.039992834004806355
7,value_embeds.5.weight.m,67108864,67136149,RAW,0.061641458014491946
7,value_embeds.5.weight.v,67108864,67136149,RAW,0.036281916982261464
7,value_embeds.7.weight.m,67108864,67136149,RAW,0.03900612500729039
7,value_embeds.7.weight.v,67108864,67136149,RAW,0.045408459001919255
8,wte.weight.m,67108864,67136149,RAW,0.040040874999249354
8,wte.weight.v,67108864,67136149,RAW,0.06466954198549502
8,blocks.0.attn.c_q.weight.buf,1048576,1049401,RAW,0.0006513750122394413
8,blocks.0.attn.c_k.weight.buf,1048576,1049401,RAW,0.0006190410058479756
8,blocks.0.attn.c_v.weight.buf,1048576,1049401,RAW,0.0006215000175870955
8,blocks.0.attn.c_proj.weight.buf,1048576,1049401,RAW,0.0006184160010889173
8,blocks.0.mlp.c_fc.weight.buf,4194304,4196389,RAW,0.002467458019964397
8,blocks.0.mlp.c_proj.weight.buf,4194304,4195129,RAW,0.002141041011782363
8,blocks.1.attn.c_q.weight.buf,1048576,1049401,RAW,0.000652250018902123
8,blocks.1.attn.c_k.weight.buf,1048576,1049401,RAW,0.0006231250008568168
8,blocks.1.attn.c_v.weight.buf,1048576,1049401,RAW,0.0006188330007717013
8,blocks.1.attn.c_proj.weight.buf,1048576,1049401,RAW,0.0006080419989302754
8,blocks.1.attn.ve_gate.weight.buf,512,1022,RAW,1.1625001206994057e-05
8,blocks.1.mlp.c_fc.weight.buf,4194304,4196389,RAW,0.002693207992706448
8,blocks.1.mlp.c_proj.weight.buf,4194304,4195129,RAW,0.0023135829833336174
8,blocks.2.attn.c_q.weight.buf,1048576,1049401,RAW,0.0007089590071700513
8,blocks.2.attn.c_k.weight.buf,1048576,1049401,RAW,0.0008479169919155538
8,blocks.2.attn.c_v.weight.buf,1048576,1049401,RAW,0.0006766250007785857
8,blocks.2.attn.c_proj.weight.buf,1048576,1049401,RAW,0.0006023749883752316
8,blocks.2.mlp.c_fc.weight.buf,4194304,4196389,RAW,0.0022258340031839907
8,blocks.2.mlp.c_proj.weight.buf,4194304,4195129,RAW,0.0022115839819889516
8,blocks.3.attn.c_q.weight.buf,1048576,1049401,RAW,0.0007114580075722188
8,blocks.3.attn.c_k.weight.buf,1048576,1049401,RAW,0.0006201670039445162
8,blocks.3.attn.c_v.weight.buf,1048576,1049401,RAW,0.0006677909987047315
8,blocks.3.attn.c_proj.weight.buf,1048576,1049401,RAW,0.0006495830020867288
8,blocks.3.attn.ve_gate.weight.buf,512,1022,RAW,1.6542006051167846e-05
8,blocks.3.mlp.c_fc.weight.buf,4194304,4196389,RAW,0.002084999985527247
8,blocks.3.mlp.c_proj.weight.buf,4194304,4195129,RAW,0.002139999996870756
8,blocks.4.attn.c_q.weight.buf,1048576,1049401,RAW,0.0006488749932032079
8,blocks.4.attn.c_k.weight.buf,1048576,1049401,RAW,0.0006087920046411455
8,blocks.4.attn.c_v.weight.buf,1048576,1049401,RAW,0.0007187910086940974
8,blocks.4.attn.c_proj.weight.buf,1048576,1049401,RAW,0.0006021670124027878
8,blocks.4.mlp.c_fc.weight.buf,4194304,4196389,RAW,0.003503291984088719
8,blocks.4.mlp.c_proj.weight.buf,4194304,4195129,RAW,0.0021201670169830322
8,blocks.5.attn.c_q.weight.buf,1048576,1049401,RAW,0.0006392920040525496
8,blocks.5.attn.c_k.weight.buf,1048576,1049401,RAW,0.0006084999768063426
8,blocks.5.attn.c_v.weight.buf,1048576,1049401,RAW,0.000594375014770776
8,blocks.5.attn.c_proj.weight.buf,1048576,1049401,RAW,0.0005794999888166785
8,blocks.5.attn.ve_gate.weight.buf,512,1022,RAW,9.292009053751826e-06
8,blocks.5.mlp.c_fc.weight.buf,4194304,4196389,RAW,0.0020902089891023934
8,blocks.5.mlp.c_proj.weight.buf,4194304,4195129,RAW,0.0020700419845525175
8,blocks.6.attn.c_q.weight.buf,1048576,1049401,RAW,0.00062508400878869
8,blocks.6.attn.c_k.weight.buf,1048576,1049401,RAW,0.0005807499983347952
8,blocks.6.attn.c_v.weight.buf,1048576,1049401,RAW,0.0005759999912697822
8,blocks.6.attn.c_proj.weight.buf,1048576,1049401,RAW,0.0006278750079218298
8,blocks.6.mlp.c_fc.weight.buf,4194304,4196389,RAW,0.002139999996870756
8,blocks.6.mlp.c_proj.weight.buf,4194304,4195129,RAW,0.0021128340158611536
8,blocks.7.attn.c_q.weight.buf,1048576,1049401,RAW,0.0006782090058550239
8,blocks.7.attn.c_k.weight.buf,1048576,1049401,RAW,0.0005959580012131482
8,blocks.7.attn.c_v.weight.buf,1048576,1049401,RAW,0.000596124998992309
8,blocks.7.attn.c_proj.weight.buf,1048576,1049401,RAW,0.0005754579906351864
8,blocks.7.attn.ve_gate.weight.buf,512,1022,RAW,8.916016668081284e-06
8,blocks.7.mlp.c_fc.weight.buf,4194304,4196389,RAW,0.0021145829814486206
8,blocks.7.mlp.c_proj.weight.buf,4194304,4195129,RAW,0.0033936249965336174
8,lm_head.weight.m,67108864,67136149,RAW,0.03666204199544154
8,lm_head.weight.v,67108864,67136149,RAW,0.0630414170154836
8,resid_lambdas.m,32,32,RAW_VECTOR,5.082983989268541e-06
8,resid_lambdas.v,32,32,RAW_VECTOR,4.999747034162283e-07
8,x0_lambdas.m,32,32,RAW_VECTOR,9.160139597952366e-07
8,x0_lambdas.v,32,32,RAW_VECTOR,4.5797787606716156e-07
8,value_embeds.1.weight.m,67108864,67136149,RAW,0.03932633300428279
8,value_embeds.1.weight.v,67108864,67136149,RAW,0.04099295800551772
8,value_embeds.3.weight.m,67108864,67136149,RAW,0.035103166999761015
8,value_embeds.3.weight.v,67108864,67136149,RAW,0.043699458008632064
8,value_embeds.5.weight.m,67108864,67136149,RAW,0.05540612500044517
8,value_embeds.5.weight.v,67108864,67136149,RAW,0.04053287499118596
8,value_embeds.7.weight.m,67108864,67136149,RAW,0.06430016597732902
8,value_embeds.7.weight.v,67108864,67136149,RAW,0.038179875002242625
9,wte.weight.m,67108864,67136149,RAW,0.03686887500225566
9,wte.weight.v,67108864,67136149,RAW,0.06118762498954311
9,blocks.0.attn.c_q.weight.buf,1048576,1049401,RAW,0.000840124994283542
9,blocks.0.attn.c_k.weight.buf,1048576,1049401,RAW,0.0006564999930560589
9,blocks.0.attn.c_v.weight.buf,1048576,1049401,RAW,0.0006382499996107072
9,blocks.0.attn.c_proj.weight.buf,1048576,1049401,RAW,0.0007240000122692436
9,blocks.0.mlp.c_fc.weight.buf,4194304,4196389,RAW,0.00268062500981614
9,blocks.0.mlp.c_proj.weight.buf,4194304,4195129,RAW,0.0024045410100370646
9,blocks.1.attn.c_q.weight.buf,1048576,1049401,RAW,0.0006348750030156225
9,blocks.1.attn.c_k.weight.buf,1048576,1049401,RAW,0.0016503750230185688
9,blocks.1.attn.c_v.weight.buf,1048576,1049401,RAW,0.0007627499871887267
9,blocks.1.attn.c_proj.weight.buf,1048576,1049401,RAW,0.0006960419996175915
9,blocks.1.attn.ve_gate.weight.buf,512,1022,RAW,2.345800749026239e-05
9,blocks.1.mlp.c_fc.weight.buf,4194304,4196389,RAW,0.0024070000217761844
9,blocks.1.mlp.c_proj.weight.buf,4194304,4195129,RAW,0.0038094170158728957
9,blocks.2.attn.c_q.weight.buf,1048576,1049401,RAW,0.0007229589973576367
9,blocks.2.attn.c_k.weight.buf,1048576,1049401,RAW,0.0006449579959735274
9,blocks.2.attn.c_v.weight.buf,1048576,1049401,RAW,0.0006332499906420708
9,blocks.2.attn.c_proj.weight.buf,1048576,1049401,RAW,0.0006165000086184591
9,blocks.2.mlp.c_fc.weight.buf,4194304,4196389,RAW,0.002201124996645376
9,blocks.2.mlp.c_proj.weight.buf,4194304,4195129,RAW,0.0021346670109778643
9,blocks.3.attn.c_q.weight.buf,1048576,1049401,RAW,0.0006861660222057253
9,blocks.3.attn.c_k.weight.buf,1048576,1049401,RAW,0.0006063749897293746
9,blocks.3.attn.c_v.weight.buf,1048576,1049401,RAW,0.0006755829963367432
9,blocks.3.attn.c_proj.weight.buf,1048576,1049401,RAW,0.0006340410036500543
9,blocks.3.attn.ve_gate.weight.buf,512,1022,RAW,1.6250007320195436e-05
9,blocks.3.mlp.c_fc.weight.buf,4194304,4196389,RAW,0.0022094589949119836
9,blocks.3.mlp.c_proj.weight.buf,4194304,4195129,RAW,0.0021221670031081885
9,blocks.4.attn.c_q.weight.buf,1048576,1049401,RAW,0.0006615000020246953
9,blocks.4.attn.c_k.weight.buf,1048576,1049401,RAW,0.0006051249802112579
9,blocks.4.attn.c_v.weight.buf,1048576,1049401,RAW,0.0011492919875308871
9,blocks.4.attn.c_proj.weight.buf,1048576,1049401,RAW,0.0006272089958656579
9,blocks.4.mlp.c_fc.weight.buf,4194304,4196389,RAW,0.002519458008464426
9,blocks.4.mlp.c_proj.weight.buf,4194304,4195129,RAW,0.0023048339935485274
9,blocks.5.attn.c_q.weight.buf,1048576,1049401,RAW,0.0007235829834826291
9,blocks.5.attn.c_k.weight.buf,1048576,1049401,RAW,0.0006418749981094152
9,blocks.5.attn.c_v.weight.buf,1048576,1049401,RAW,0.0005995420215185732
9,blocks.5.attn.c_proj.weight.buf,1048576,1049401,RAW,0.0006304580019786954
9,blocks.5.attn.ve_gate.weight.buf,512,1022,RAW,1.6125006368383765e-05
9,blocks.5.mlp.c_fc.weight.buf,4194304,4196389,RAW,0.0021867500036023557
9,blocks.5.mlp.c_proj.weight.buf,4194304,4195129,RAW,0.002154082991182804
9,blocks.6.attn.c_q.weight.buf,1048576,1049401,RAW,0.0006579580076504499
9,blocks.6.attn.c_k.weight.buf,1048576,1049401,RAW,0.0005965419986750931
9,blocks.6.attn.c_v.weight.buf,1048576,1049401,RAW,0.0006363750144373626
9,blocks.6.attn.c_proj.weight.buf,1048576,1049401,RAW,0.0005894589994568378
9,blocks.6.mlp.c_fc.weight.buf,4194304,4196389,RAW,0.002192167012253776
9,blocks.6.mlp.c_proj.weight.buf,4194304,4195129,RAW,0.002100165991578251
9,blocks.7.attn.c_q.weight.buf,1048576,1049401,RAW,0.0006572499987669289
9,blocks.7.attn.c_k.weight.buf,1048576,1049401,RAW,0.0006168750114738941
9,blocks.7.attn.c_v.weight.buf,1048576,1049401,RAW,0.0006041669985279441
9,blocks.7.attn.c_proj.weight.buf,1048576,1049401,RAW,0.0006044999754521996
9,blocks.7.attn.ve_gate.weight.buf,512,1022,RAW,1.5666009858250618e-05
9,blocks.7.mlp.c_fc.weight.buf,4194304,4196389,RAW,0.0031893329869490117
9,blocks.7.mlp.c_proj.weight.buf,4194304,4195129,RAW,0.0021967909997329116
9,lm_head.weight.m,67108864,67136149,RAW,0.06779408300644718
9,lm_head.weight.v,67108864,67136149,RAW,0.04342212501796894
9,resid_lambdas.m,32,32,RAW_VECTOR,5.915993824601173e-06
9,resid_lambdas.v,32,32,RAW_VECTOR,5.420006345957518e-07
9,x0_lambdas.m,32,32,RAW_VECTOR,1.6250123735517263e-06
9,x0_lambdas.v,32,32,RAW_VECTOR,3.329769242554903e-07
9,value_embeds.1.weight.m,67108864,67136149,RAW,0.0631487499922514
9,value_embeds.1.weight.v,67108864,67136149,RAW,0.03503329199156724
9,value_embeds.3.weight.m,67108864,67136149,RAW,0.03548162497463636
9,value_embeds.3.weight.v,67108864,67136149,RAW,0.04299895800068043
9,value_embeds.5.weight.m,67108864,67136149,RAW,0.03585045799263753
9,value_embeds.5.weight.v,67108864,67136149,RAW,0.03525804201490246
9,value_embeds.7.weight.m,67108864,67136149,RAW,0.03610908301197924
9,value_embeds.7.weight.v,67108864,67136149,RAW,0.03739341700566001
10,wte.weight.m,67108864,67136149,RAW,0.045821875013643876
10,wte.weight.v,67108864,67136149,RAW,0.04311445797793567
10,blocks.0.attn.c_q.weight.buf,1048576,1049401,RAW,0.0007429170073010027
10,blocks.0.attn.c_k.weight.buf,1048576,1049401,RAW,0.0006377089885063469
10,blocks.0.attn.c_v.weight.buf,1048576,1049401,RAW,0.0006543750059790909
10,blocks.0.attn.c_proj.weight.buf,1048576,1049401,RAW,0.0006567499949596822
10,blocks.0.mlp.c_fc.weight.buf,4194304,4196389,RAW,0.0024187499948311597
10,blocks.0.mlp.c_proj.weight.buf,4194304,4195129,RAW,0.0023134590010158718
10,blocks.1.attn.c_q.weight.buf,1048576,1049401,RAW,0.0006997919990681112
10,blocks.1.attn.c_k.weight.buf,1048576,1049401,RAW,0.030542374996002764
10,blocks.1.attn.c_v.weight.buf,1048576,1049401,RAW,0.0008258330053649843
10,blocks.1.attn.c_proj.weight.buf,1048576,1049401,RAW,0.0006811660132370889
10,blocks.1.attn.ve_gate.weight.buf,512,1022,RAW,2.6291992980986834e-05
10,blocks.1.mlp.c_fc.weight.buf,4194304,4196389,RAW,0.002522958006011322
10,blocks.1.mlp.c_proj.weight.buf,4194304,4195129,RAW,0.0023177500115707517
10,blocks.2.attn.c_q.weight.buf,1048576,1049401,RAW,0.0007335839909501374
10,blocks.2.attn.c_k.weight.buf,1048576,1049401,RAW,0.0006865419854875654
10,blocks.2.attn.c_v.weight.buf,1048576,1049401,RAW,0.0006442499870900065
10,blocks.2.attn.c_proj.weight.buf,1048576,1049401,RAW,0.0006276250060182065
10,blocks.2.mlp.c_fc.weight.buf,4194304,4196389,RAW,0.0022672500053886324
10,blocks.2.mlp.c_proj.weight.buf,4194304,4195129,RAW,0.002421874989522621
10,blocks.3.attn.c_q.weight.buf,1048576,1049401,RAW,0.0007004579820204526
10,blocks.3.attn.c_k.weight.buf,1048576,1049401,RAW,0.0006685839907731861
10,blocks.3.attn.c_v.weight.buf,1048576,1049401,RAW,0.0006175419839564711
10,blocks.3.attn.c_proj.weight.buf,1048576,1049401,RAW,0.0006069169903639704
10,blocks.3.attn.ve_gate.weight.buf,512,1022,RAW,8.541974239051342e-06
10,blocks.3.mlp.c_fc.weight.buf,4194304,4196389,RAW,0.00221350000356324
10,blocks.3.mlp.c_proj.weight.buf,4194304,4195129,RAW,0.0024567910004407167
10,blocks.4.attn.c_q.weight.buf,1048576,1049401,RAW,0.0006626249814871699
10,blocks.4.attn.c_k.weight.buf,1048576,1049401,RAW,0.000659500015899539
10,blocks.4.attn.c_v.weight.buf,1048576,1049401,RAW,0.0006408749904949218
10,blocks.4.attn.c_proj.weight.buf,1048576,1049401,RAW,0.0006770839972887188
10,blocks.4.mlp.c_fc.weight.buf,4194304,4196389,RAW,0.03281612502178177
10,blocks.4.mlp.c_proj.weight.buf,4194304,4195129,RAW,0.0023370000126305968
10,blocks.5.attn.c_q.weight.buf,1048576,1049401,RAW,0.0007002920028753579
10,blocks.5.attn.c_k.weight.buf,1048576,1049401,RAW,0.0007369170198217034
10,blocks.5.attn.c_v.weight.buf,1048576,1049401,RAW,0.0006192080036271363
10,blocks.5.attn.c_proj.weight.buf,1048576,1049401,RAW,0.0006614580051973462
10,blocks.5.attn.ve_gate.weight.buf,512,1022,RAW,3.129200194962323e-05
10,blocks.5.mlp.c_fc.weight.buf,4194304,4196389,RAW,0.002311707998160273
10,blocks.5.mlp.c_proj.weight.buf,4194304,4195129,RAW,0.002368041983572766
10,blocks.6.attn.c_q.weight.buf,1048576,1049401,RAW,0.0006802920252084732
10,blocks.6.attn.c_k.weight.buf,1048576,1049401,RAW,0.0006162500067148358
10,blocks.6.attn.c_v.weight.buf,1048576,1049401,RAW,0.000601250008912757
10,blocks.6.attn.c_proj.weight.buf,1048576,1049401,RAW,0.0006562079943250865
10,blocks.6.mlp.c_fc.weight.buf,4194304,4196389,RAW,0.0021772079926449805
10,blocks.6.mlp.c_proj.weight.buf,4194304,4195129,RAW,0.0023335000150837004
10,blocks.7.attn.c_q.weight.buf,1048576,1049401,RAW,0.0006407500186469406
10,blocks.7.attn.c_k.weight.buf,1048576,1049401,RAW,0.0005862090038135648
10,blocks.7.attn.c_v.weight.buf,1048576,1049401,RAW,0.000613499985774979
10,blocks.7.attn.c_proj.weight.buf,1048576,1049401,RAW,0.0005969170015305281
10,blocks.7.attn.ve_gate.weight.buf,512,1022,RAW,1.983300899155438e-05
10,blocks.7.mlp.c_fc.weight.buf,4194304,4196389,RAW,0.0021700419893022627
10,blocks.7.mlp.c_proj.weight.buf,4194304,4195129,RAW,0.002180083014536649
10,lm_head.weight.m,67108864,67136149,RAW,0.03775391599629074
10,lm_head.weight.v,67108864,67136149,RAW,0.034694084024522454
10,resid_lambdas.m,32,32,RAW_VECTOR,7.000024197623134e-06
10,resid_lambdas.v,32,32,RAW_VECTOR,1.7910206224769354e-06
10,x0_lambdas.m,32,32,RAW_VECTOR,1.2500095181167126e-06
10,x0_lambdas.v,32,32,RAW_VECTOR,4.5899651013314724e-07
10,value_embeds.1.weight.m,67108864,67136149,RAW,0.036947375017916784
10,value_embeds.1.weight.v,67108864,67136149,RAW,0.06325212502270006
10,value_embeds.3.weight.m,67108864,67136149,RAW,0.043220541992923245
10,value_embeds.3.weight.v,67108864,67136149,RAW,0.042475833994103596
10,value_embeds.5.weight.m,67108864,67136149,RAW,0.03614949999609962
10,value_embeds.5.weight.v,67108864,67136149,RAW,0.0420668340229895
10,value_embeds.7.weight.m,67108864,67136149,RAW,0.06405141699360684
10,value_embeds.7.weight.v,67108864,67136149,RAW,0.03751279099378735
11,wte.weight.m,67108864,67136149,RAW,0.058377624984132126
11,wte.weight.v,67108864,67136149,RAW,0.04176800002460368
11,blocks.0.attn.c_q.weight.buf,1048576,1049401,RAW,0.0006396670069079846
11,blocks.0.attn.c_k.weight.buf,1048576,1049401,RAW,0.0006040410080458969
11,blocks.0.attn.c_v.weight.buf,1048576,1049401,RAW,0.0005762919900007546
11,blocks.0.attn.c_proj.weight.buf,1048576,1049401,RAW,0.0005717080202884972
11,blocks.0.mlp.c_fc.weight.buf,4194304,4196389,RAW,0.0022326670004986227
11,blocks.0.mlp.c_proj.weight.buf,4194304,4195129,RAW,0.0021136249997653067
11,blocks.1.attn.c_q.weight.buf,1048576,1049401,RAW,0.0006257499917410314
11,blocks.1.attn.c_k.weight.buf,1048576,1049401,RAW,0.0005760409985668957
11,blocks.1.attn.c_v.weight.buf,1048576,1049401,RAW,0.024604333011666313
11,blocks.1.attn.c_proj.weight.buf,1048576,1049401,RAW,0.0007133749895729125
11,blocks.1.attn.ve_gate.weight.buf,512,1022,RAW,1.058299676515162e-05
11,blocks.1.mlp.c_fc.weight.buf,4194304,4196389,RAW,0.0024104579933919013
11,blocks.1.mlp.c_proj.weight.buf,4194304,4195129,RAW,0.002123666985426098
11,blocks.2.attn.c_q.weight.buf,1048576,1049401,RAW,0.0006450829969253391
11,blocks.2.attn.c_k.weight.buf,1048576,1049401,RAW,0.0005699579778593034
11,blocks.2.attn.c_v.weight.buf,1048576,1049401,RAW,0.0005786250112578273
11,blocks.2.attn.c_proj.weight.buf,1048576,1049401,RAW,0.0005727089883293957
11,blocks.2.mlp.c_fc.weight.buf,4194304,4196389,RAW,0.0021046669862698764
11,blocks.2.mlp.c_proj.weight.buf,4194304,4195129,RAW,0.0020390419813338667
11,blocks.3.attn.c_q.weight.buf,1048576,1049401,RAW,0.0006125420040916651
11,blocks.3.attn.c_k.weight.buf,1048576,1049401,RAW,0.0005853330076206475
11,blocks.3.attn.c_v.weight.buf,1048576,1049401,RAW,0.0005856660136487335
11,blocks.3.attn.c_proj.weight.buf,1048576,1049401,RAW,0.0005709580145776272
11,blocks.3.attn.ve_gate.weight.buf,512,1022,RAW,7.833004929125309e-06
11,blocks.3.mlp.c_fc.weight.buf,4194304,4196389,RAW,0.0020482079999055713
11,blocks.3.mlp.c_proj.weight.buf,4194304,4195129,RAW,0.0020416660117916763
11,blocks.4.attn.c_q.weight.buf,1048576,1049401,RAW,0.0005987499898765236
11,blocks.4.attn.c_k.weight.buf,1048576,1049401,RAW,0.0005817920027766377
11,blocks.4.attn.c_v.weight.buf,1048576,1049401,RAW,0.000560707994736731
11,blocks.4.attn.c_proj.weight.buf,1048576,1049401,RAW,0.0005665839998982847
11,blocks.4.mlp.c_fc.weight.buf,4194304,4196389,RAW,0.0033357499924022704
11,blocks.4.mlp.c_proj.weight.buf,4194304,4195129,RAW,0.0021382499835453928
11,blocks.5.attn.c_q.weight.buf,1048576,1049401,RAW,0.0007042079814709723
11,blocks.5.attn.c_k.weight.buf,1048576,1049401,RAW,0.0007408749952446669
11,blocks.5.attn.c_v.weight.buf,1048576,1049401,RAW,0.0006154580041766167
11,blocks.5.attn.c_proj.weight.buf,1048576,1049401,RAW,0.0005899170064367354
11,blocks.5.attn.ve_gate.weight.buf,512,1022,RAW,1.6875012079253793e-05
11,blocks.5.mlp.c_fc.weight.buf,4194304,4196389,RAW,0.002069791982648894
11,blocks.5.mlp.c_proj.weight.buf,4194304,4195129,RAW,0.0020700419845525175
11,blocks.6.attn.c_q.weight.buf,1048576,1049401,RAW,0.0006054579862393439
11,blocks.6.attn.c_k.weight.buf,1048576,1049401,RAW,0.0005832910246681422
11,blocks.6.attn.c_v.weight.buf,1048576,1049401,RAW,0.000598000013269484
11,blocks.6.attn.c_proj.weight.buf,1048576,1049401,RAW,0.0005899590032640845
11,blocks.6.mlp.c_fc.weight.buf,4194304,4196389,RAW,0.002120290999300778
11,blocks.6.mlp.c_proj.weight.buf,4194304,4195129,RAW,0.002112125017447397
11,blocks.7.attn.c_q.weight.buf,1048576,1049401,RAW,0.0006264580006245524
11,blocks.7.attn.c_k.weight.buf,1048576,1049401,RAW,0.000600125000346452
11,blocks.7.attn.c_v.weight.buf,1048576,1049401,RAW,0.0005958330002613366
11,blocks.7.attn.c_proj.weight.buf,1048576,1049401,RAW,0.0005836659984197468
11,blocks.7.attn.ve_gate.weight.buf,512,1022,RAW,8.792005246505141e-06
11,blocks.7.mlp.c_fc.weight.buf,4194304,4196389,RAW,0.002069332986138761
11,blocks.7.mlp.c_proj.weight.buf,4194304,4195129,RAW,0.02513270900817588
11,lm_head.weight.m,67108864,67136149,RAW,0.034707457991316915
11,lm_head.weight.v,67108864,67136149,RAW,0.03678262498578988
11,resid_lambdas.m,32,32,RAW_VECTOR,4.8330111894756556e-06
11,resid_lambdas.v,32,32,RAW_VECTOR,5.00003807246685e-07
11,x0_lambdas.m,32,32,RAW_VECTOR,8.750066626816988e-07
11,x0_lambdas.v,32,32,RAW_VECTOR,4.999747034162283e-07
11,value_embeds.1.weight.m,67108864,67136149,RAW,0.03695570901618339
11,value_embeds.1.weight.v,67108864,67136149,RAW,0.039011666987789795
11,value_embeds.3.weight.m,67108864,67136149,RAW,0.03560929198283702
11,value_embeds.3.weight.v,67108864,67136149,RAW,0.036259665997931734
11,value_embeds.5.weight.m,67108864,67136149,RAW,0.035379957989789546
11,value_embeds.5.weight.v,67108864,67136149,RAW,0.03743454199866392
11,value_embeds.7.weight.m,67108864,67136149,RAW,0.034888166992459446
11,value_embeds.7.weight.v,67108864,67136149,RAW,0.03746775002218783
12,wte.weight.m,67108864,67136149,RAW,0.06338295800378546
12,wte.weight.v,67108864,67136149,RAW,0.048018000001320615
12,blocks.0.attn.c_q.weight.buf,1048576,1049401,RAW,0.0006952499970793724
12,blocks.0.attn.c_k.weight.buf,1048576,1049401,RAW,0.0006138750177342445
12,blocks.0.attn.c_v.weight.buf,1048576,1049401,RAW,0.0006163340003695339
12,blocks.0.attn.c_proj.weight.buf,1048576,1049401,RAW,0.0006447080231737345
12,blocks.0.mlp.c_fc.weight.buf,4194304,4196389,RAW,0.0024292090092785656
12,blocks.0.mlp.c_proj.weight.buf,4194304,4195129,RAW,0.0021507499914150685
12,blocks.1.attn.c_q.weight.buf,1048576,1049401,RAW,0.0006195000023581088
12,blocks.1.attn.c_k.weight.buf,1048576,1049401,RAW,0.0006125420040916651
12,blocks.1.attn.c_v.weight.buf,1048576,1049401,RAW,0.0006506670033559203
12,blocks.1.attn.c_proj.weight.buf,1048576,1049401,RAW,0.0006120839971117675
12,blocks.1.attn.ve_gate.weight.buf,512,1022,RAW,2.158299321308732e-05
12,blocks.1.mlp.c_fc.weight.buf,4194304,4196389,RAW,0.0021869170013815165
12,blocks.1.mlp.c_proj.weight.buf,4194304,4195129,RAW,0.002219125017290935
12,blocks.2.attn.c_q.weight.buf,1048576,1049401,RAW,0.029023125011008233
12,blocks.2.attn.c_k.weight.buf,1048576,1049401,RAW,0.0007365000201389194
12,blocks.2.attn.c_v.weight.buf,1048576,1049401,RAW,0.0006568749959114939
12,blocks.2.attn.c_proj.weight.buf,1048576,1049401,RAW,0.0006726249994244426
12,blocks.2.mlp.c_fc.weight.buf,4194304,4196389,RAW,0.002640791004523635
12,blocks.2.mlp.c_proj.weight.buf,4194304,4195129,RAW,0.0021349589806050062
12,blocks.3.attn.c_q.weight.buf,1048576,1049401,RAW,0.0007465000089723617
12,blocks.3.attn.c_k.weight.buf,1048576,1049401,RAW,0.0007262080034706742
12,blocks.3.attn.c_v.weight.buf,1048576,1049401,RAW,0.0007085420074872673
12,blocks.3.attn.c_proj.weight.buf,1048576,1049401,RAW,0.000673625007038936
12,blocks.3.attn.ve_gate.weight.buf,512,1022,RAW,1.7707992810755968e-05
12,blocks.3.mlp.c_fc.weight.buf,4194304,4196389,RAW,0.002299915999174118
12,blocks.3.mlp.c_proj.weight.buf,4194304,4195129,RAW,0.002172957989387214
12,blocks.4.attn.c_q.weight.buf,1048576,1049401,RAW,0.000657333992421627
12,blocks.4.attn.c_k.weight.buf,1048576,1049401,RAW,0.0006594579899683595
12,blocks.4.attn.c_v.weight.buf,1048576,1049401,RAW,0.0006742909899912775
12,blocks.4.attn.c_proj.weight.buf,1048576,1049401,RAW,0.0006398749828804284
12,blocks.4.mlp.c_fc.weight.buf,4194304,4196389,RAW,0.00244583300082013
12,blocks.4.mlp.c_proj.weight.buf,4194304,4195129,RAW,0.002293875004397705
12,blocks.5.attn.c_q.weight.buf,1048576,1049401,RAW,0.0012034169922117144
12,blocks.5.attn.c_k.weight.buf,1048576,1049401,RAW,0.0006792079948354512
12,blocks.5.attn.c_v.weight.buf,1048576,1049401,RAW,0.0006387500034179538
12,blocks.5.attn.c_proj.weight.buf,1048576,1049401,RAW,0.0006358750106301159
12,blocks.5.attn.ve_gate.weight.buf,512,1022,RAW,4.362498293630779e-05
12,blocks.5.mlp.c_fc.weight.buf,4194304,4196389,RAW,0.003132959012873471
12,blocks.5.mlp.c_proj.weight.buf,4194304,4195129,RAW,0.0025244170101359487
12,blocks.6.attn.c_q.weight.buf,1048576,1049401,RAW,0.0007295419927686453
12,blocks.6.attn.c_k.weight.buf,1048576,1049401,RAW,0.0006056669808458537
12,blocks.6.attn.c_v.weight.buf,1048576,1049401,RAW,0.0006130840047262609
12,blocks.6.attn.c_proj.weight.buf,1048576,1049401,RAW,0.0006159160111565143
12,blocks.6.mlp.c_fc.weight.buf,4194304,4196389,RAW,0.0022407080105040222
12,blocks.6.mlp.c_proj.weight.buf,4194304,4195129,RAW,0.0021767909929621965
12,blocks.7.attn.c_q.weight.buf,1048576,1049401,RAW,0.0006660840008407831
12,blocks.7.attn.c_k.weight.buf,1048576,1049401,RAW,0.0006046249764040112
12,blocks.7.attn.c_v.weight.buf,1048576,1049401,RAW,0.0006033329991623759
12,blocks.7.attn.c_proj.weight.buf,1048576,1049401,RAW,0.0006288329896051437
12,blocks.7.attn.ve_gate.weight.buf,512,1022,RAW,1.4582998119294643e-05
12,blocks.7.mlp.c_fc.weight.buf,4194304,4196389,RAW,0.002258249995065853
12,blocks.7.mlp.c_proj.weight.buf,4194304,4195129,RAW,0.002167792001273483
12,lm_head.weight.m,67108864,67136149,RAW,0.03762329200981185
12,lm_head.weight.v,67108864,67136149,RAW,0.04293187498115003
12,resid_lambdas.m,32,32,RAW_VECTOR,4.875008016824722e-06
12,resid_lambdas.v,32,32,RAW_VECTOR,4.169996827840805e-07
12,x0_lambdas.m,32,32,RAW_VECTOR,1.0829826351255178e-06
12,x0_lambdas.v,32,32,RAW_VECTOR,4.580069798976183e-07
12,value_embeds.1.weight.m,67108864,67136149,RAW,0.036560541979270056
12,value_embeds.1.weight.v,67108864,67136149,RAW,0.06235987498075701
12,value_embeds.3.weight.m,67108864,67136149,RAW,0.04429862499819137
12,value_embeds.3.weight.v,67108864,67136149,RAW,0.04293112500454299
12,value_embeds.5.weight.m,67108864,67136149,RAW,0.06406191599671729
12,value_embeds.5.weight.v,67108864,67136149,RAW,0.03668070799903944
12,value_embeds.7.weight.m,67108864,67136149,RAW,0.036502832983387634
12,value_embeds.7.weight.v,67108864,67136149,RAW,0.04359808302251622
13,wte.weight.m,67108864,67136149,RAW,0.058465291978791356
13,wte.weight.v,67108864,67136149,RAW,0.039892417000373825
13,blocks.0.attn.c_q.weight.buf,1048576,1049401,RAW,0.0006534999993164092
13,blocks.0.attn.c_k.weight.buf,1048576,1049401,RAW,0.0005873329937458038
13,blocks.0.attn.c_v.weight.buf,1048576,1049401,RAW,0.000591500021982938
13,blocks.0.attn.c_proj.weight.buf,1048576,1049401,RAW,0.000618958001723513
13,blocks.0.mlp.c_fc.weight.buf,4194304,4196389,RAW,0.0022474580036941916
13,blocks.0.mlp.c_proj.weight.buf,4194304,4195129,RAW,0.0021037919796071947
13,blocks.1.attn.c_q.weight.buf,1048576,1049401,RAW,0.0006160420016385615
13,blocks.1.attn.c_k.weight.buf,1048576,1049401,RAW,0.0014442910032812506
13,blocks.1.attn.c_v.weight.buf,1048576,1049401,RAW,0.0006544580101035535
13,blocks.1.attn.c_proj.weight.buf,1048576,1049401,RAW,0.0006655829783994704
13,blocks.1.attn.ve_gate.weight.buf,512,1022,RAW,9.95802110992372e-06
13,blocks.1.mlp.c_fc.weight.buf,4194304,4196389,RAW,0.0023236249980982393
13,blocks.1.mlp.c_proj.weight.buf,4194304,4195129,RAW,0.0026048329891636968
13,blocks.2.attn.c_q.weight.buf,1048576,1049401,RAW,0.0006289579905569553
13,blocks.2.attn.c_k.weight.buf,1048576,1049401,RAW,0.0005782909865956753
13,blocks.2.attn.c_v.weight.buf,1048576,1049401,RAW,0.0005670000100508332
13,blocks.2.attn.c_proj.weight.buf,1048576,1049401,RAW,0.0005609159998130053
13,blocks.2.mlp.c_fc.weight.buf,4194304,4196389,RAW,0.002155750000383705
13,blocks.2.mlp.c_proj.weight.buf,4194304,4195129,RAW,0.0021133330010343343
13,blocks.3.attn.c_q.weight.buf,1048576,1049401,RAW,0.0006218749913387001
13,blocks.3.attn.c_k.weight.buf,1048576,1049401,RAW,0.0005757920152973384
13,blocks.3.attn.c_v.weight.buf,1048576,1049401,RAW,0.0005662920011673123
13,blocks.3.attn.c_proj.weight.buf,1048576,1049401,RAW,0.0005730410048272461
13,blocks.3.attn.ve_gate.weight.buf,512,1022,RAW,8.125003660097718e-06
13,blocks.3.mlp.c_fc.weight.buf,4194304,4196389,RAW,0.002056166995316744
13,blocks.3.mlp.c_proj.weight.buf,4194304,4195129,RAW,0.0020188330090604722
13,blocks.4.attn.c_q.weight.buf,1048576,1049401,RAW,0.0006097920122556388
13,blocks.4.attn.c_k.weight.buf,1048576,1049401,RAW,0.0006047500064596534
13,blocks.4.attn.c_v.weight.buf,1048576,1049401,RAW,0.0014552499924320728
13,blocks.4.attn.c_proj.weight.buf,1048576,1049401,RAW,0.00058058399008587
13,blocks.4.mlp.c_fc.weight.buf,4194304,4196389,RAW,0.0023235839908011258
13,blocks.4.mlp.c_proj.weight.buf,4194304,4195129,RAW,0.0021061250008642673
13,blocks.5.attn.c_q.weight.buf,1048576,1049401,RAW,0.0010228749888483435
13,blocks.5.attn.c_k.weight.buf,1048576,1049401,RAW,0.0005746250099036843
13,blocks.5.attn.c_v.weight.buf,1048576,1049401,RAW,0.0005994999955873936
13,blocks.5.attn.c_proj.weight.buf,1048576,1049401,RAW,0.0005657500005327165
13,blocks.5.attn.ve_gate.weight.buf,512,1022,RAW,8.542003342881799e-06
13,blocks.5.mlp.c_fc.weight.buf,4194304,4196389,RAW,0.0020550840126816183
13,blocks.5.mlp.c_proj.weight.buf,4194304,4195129,RAW,0.0020387919794302434
13,blocks.6.attn.c_q.weight.buf,1048576,1049401,RAW,0.0007685420277994126
13,blocks.6.attn.c_k.weight.buf,1048576,1049401,RAW,0.0005685829964932054
13,blocks.6.attn.c_v.weight.buf,1048576,1049401,RAW,0.0006168329855427146
13,blocks.6.attn.c_proj.weight.buf,1048576,1049401,RAW,0.0005772089934907854
13,blocks.6.mlp.c_fc.weight.buf,4194304,4196389,RAW,0.002081290993373841
13,blocks.6.mlp.c_proj.weight.buf,4194304,4195129,RAW,0.0020458749786484987
13,blocks.7.attn.c_q.weight.buf,1048576,1049401,RAW,0.0007657500100322068
13,blocks.7.attn.c_k.weight.buf,1048576,1049401,RAW,0.0005809580034110695
13,blocks.7.attn.c_v.weight.buf,1048576,1049401,RAW,0.0005695419968105853
13,blocks.7.attn.c_proj.weight.buf,1048576,1049401,RAW,0.0005662500043399632
13,blocks.7.attn.ve_gate.weight.buf,512,1022,RAW,7.791997632011771e-06
13,blocks.7.mlp.c_fc.weight.buf,4194304,4196389,RAW,0.02421083301305771
13,blocks.7.mlp.c_proj.weight.buf,4194304,4195129,RAW,0.00243462499929592
13,lm_head.weight.m,67108864,67136149,RAW,0.03721695800777525
13,lm_head.weight.v,67108864,67136149,RAW,0.06259745801799
13,resid_lambdas.m,32,32,RAW_VECTOR,5.250010872259736e-06
13,resid_lambdas.v,32,32,RAW_VECTOR,2.6669877115637064e-06
13,x0_lambdas.m,32,32,RAW_VECTOR,2.582994056865573e-06
13,x0_lambdas.v,32,32,RAW_VECTOR,1.1250085663050413e-06
13,value_embeds.1.weight.m,67108864,67136149,RAW,0.03868654198595323
13,value_embeds.1.weight.v,67108864,67136149,RAW,0.041128542012302205
13,value_embeds.3.weight.m,67108864,67136149,RAW,0.07035633301711641
13,value_embeds.3.weight.v,67108864,67136149,RAW,0.039946792006958276
13,value_embeds.5.weight.m,67108864,67136149,RAW,0.0389047920180019
13,value_embeds.5.weight.v,67108864,67136149,RAW,0.05655975002446212
13,value_embeds.7.weight.m,67108864,67136149,RAW,0.036251041979994625
13,value_embeds.7.weight.v,67108864,67136149,RAW,0.03701137501047924
14,wte.weight.m,67108864,67136149,RAW,0.059243124997010455
14,wte.weight.v,67108864,67136149,RAW,0.0426350409979932
14,blocks.0.attn.c_q.weight.buf,1048576,1049401,RAW,0.0006595410231966525
14,blocks.0.attn.c_k.weight.buf,1048576,1049401,RAW,0.0006331669865176082
14,blocks.0.attn.c_v.weight.buf,1048576,1049401,RAW,0.0006112080009188503
14,blocks.0.attn.c_proj.weight.buf,1048576,1049401,RAW,0.0006167500105220824
14,blocks.0.mlp.c_fc.weight.buf,4194304,4196389,RAW,0.0023564999864902347
14,blocks.0.mlp.c_proj.weight.buf,4194304,4195129,RAW,0.002144208992831409
14,blocks.1.attn.c_q.weight.buf,1048576,1049401,RAW,0.0006462919991463423
14,blocks.1.attn.c_k.weight.buf,1048576,1049401,RAW,0.0008683330088388175
14,blocks.1.attn.c_v.weight.buf,1048576,1049401,RAW,0.0006438339769374579
14,blocks.1.attn.c_proj.weight.buf,1048576,1049401,RAW,0.0006459580035880208
14,blocks.1.attn.ve_gate.weight.buf,512,1022,RAW,2.2292020730674267e-05
14,blocks.1.mlp.c_fc.weight.buf,4194304,4196389,RAW,0.002476082998327911
14,blocks.1.mlp.c_proj.weight.buf,4194304,4195129,RAW,0.0037465420027729124
14,blocks.2.attn.c_q.weight.buf,1048576,1049401,RAW,0.0006867920164950192
14,blocks.2.attn.c_k.weight.buf,1048576,1049401,RAW,0.000641791004454717
14,blocks.2.attn.c_v.weight.buf,1048576,1049401,RAW,0.0006315000064205378
14,blocks.2.attn.c_proj.weight.buf,1048576,1049401,RAW,0.0006007499760016799
14,blocks.2.mlp.c_fc.weight.buf,4194304,4196389,RAW,0.0022448340023402125
14,blocks.2.mlp.c_proj.weight.buf,4194304,4195129,RAW,0.00209349999204278
14,blocks.3.attn.c_q.weight.buf,1048576,1049401,RAW,0.0006672500167042017
14,blocks.3.attn.c_k.weight.buf,1048576,1049401,RAW,0.0006193750014062971
14,blocks.3.attn.c_v.weight.buf,1048576,1049401,RAW,0.0006051249802112579
14,blocks.3.attn.c_proj.weight.buf,1048576,1049401,RAW,0.0006101670151110739
14,blocks.3.attn.ve_gate.weight.buf,512,1022,RAW,1.562500256113708e-05
14,blocks.3.mlp.c_fc.weight.buf,4194304,4196389,RAW,0.002126208011759445
14,blocks.3.mlp.c_proj.weight.buf,4194304,4195129,RAW,0.002135999995516613
14,blocks.4.attn.c_q.weight.buf,1048576,1049401,RAW,0.0007194170029833913
14,blocks.4.attn.c_k.weight.buf,1048576,1049401,RAW,0.000612083007581532
14,blocks.4.attn.c_v.weight.buf,1048576,1049401,RAW,0.0011790830176323652
14,blocks.4.attn.c_proj.weight.buf,1048576,1049401,RAW,0.0006184579979162663
14,blocks.4.mlp.c_fc.weight.buf,4194304,4196389,RAW,0.002429750020382926
14,blocks.4.mlp.c_proj.weight.buf,4194304,4195129,RAW,0.0021884999878238887
14,blocks.5.attn.c_q.weight.buf,1048576,1049401,RAW,0.0006769999745301902
14,blocks.5.attn.c_k.weight.buf,1048576,1049401,RAW,0.0006221249932423234
14,blocks.5.attn.c_v.weight.buf,1048576,1049401,RAW,0.0006115829746704549
14,blocks.5.attn.c_proj.weight.buf,1048576,1049401,RAW,0.000611708004726097
14,blocks.5.attn.ve_gate.weight.buf,512,1022,RAW,1.9500002963468432e-05
14,blocks.5.mlp.c_fc.weight.buf,4194304,4196389,RAW,0.002154124988010153
14,blocks.5.mlp.c_proj.weight.buf,4194304,4195129,RAW,0.002205666998634115
14,blocks.6.attn.c_q.weight.buf,1048576,1049401,RAW,0.0006834589876234531
14,blocks.6.attn.c_k.weight.buf,1048576,1049401,RAW,0.0005946659948676825
14,blocks.6.attn.c_v.weight.buf,1048576,1049401,RAW,0.0005862079851794988
14,blocks.6.attn.c_proj.weight.buf,1048576,1049401,RAW,0.000596875004703179
14,blocks.6.mlp.c_fc.weight.buf,4194304,4196389,RAW,0.0022007910010870546
14,blocks.6.mlp.c_proj.weight.buf,4194304,4195129,RAW,0.002090082998620346
14,blocks.7.attn.c_q.weight.buf,1048576,1049401,RAW,0.0007021669880487025
14,blocks.7.attn.c_k.weight.buf,1048576,1049401,RAW,0.0006930840027052909
14,blocks.7.attn.c_v.weight.buf,1048576,1049401,RAW,0.0006928750080987811
14,blocks.7.attn.c_proj.weight.buf,1048576,1049401,RAW,0.0007543749816250056
14,blocks.7.attn.ve_gate.weight.buf,512,1022,RAW,1.9917002646252513e-05
14,blocks.7.mlp.c_fc.weight.buf,4194304,4196389,RAW,0.0038655410171486437
14,blocks.7.mlp.c_proj.weight.buf,4194304,4195129,RAW,0.002271792007377371
14,lm_head.weight.m,67108864,67136149,RAW,0.03768375000800006
14,lm_head.weight.v,67108864,67136149,RAW,0.06098454201128334
14,resid_lambdas.m,32,32,RAW_VECTOR,6.166985258460045e-06
14,resid_lambdas.v,32,32,RAW_VECTOR,5.420006345957518e-07
14,x0_lambdas.m,32,32,RAW_VECTOR,1.2500095181167126e-06
14,x0_lambdas.v,32,32,RAW_VECTOR,4.169996827840805e-07
14,value_embeds.1.weight.m,67108864,67136149,RAW,0.0633011249883566
14,value_embeds.1.weight.v,67108864,67136149,RAW,0.03623420899384655
14,value_embeds.3.weight.m,67108864,67136149,RAW,0.03636420899420045
14,value_embeds.3.weight.v,67108864,67136149,RAW,0.043266332999337465
14,value_embeds.5.weight.m,67108864,67136149,RAW,0.0365696249937173
14,value_embeds.5.weight.v,67108864,67136149,RAW,0.036856292019365355
14,value_embeds.7.weight.m,67108864,67136149,RAW,0.03701054200064391
14,value_embeds.7.weight.v,67108864,67136149,RAW,0.0361087080091238
15,wte.weight.m,67108864,67136149,RAW,0.036068999994313344
15,wte.weight.v,67108864,67136149,RAW,0.06707458299933933
15,blocks.0.attn.c_q.weight.buf,1048576,1049401,RAW,0.0006446669867727906
15,blocks.0.attn.c_k.weight.buf,1048576,1049401,RAW,0.000576292019104585
15,blocks.0.attn.c_v.weight.buf,1048576,1049401,RAW,0.0006109170208219439
15,blocks.0.attn.c_proj.weight.buf,1048576,1049401,RAW,0.0005727079987991601
15,blocks.0.mlp.c_fc.weight.buf,4194304,4196389,RAW,0.0022783329768572003
15,blocks.0.mlp.c_proj.weight.buf,4194304,4195129,RAW,0.002067249995889142
15,blocks.1.attn.c_q.weight.buf,1048576,1049401,RAW,0.0006160839984659106
15,blocks.1.attn.c_k.weight.buf,1048576,1049401,RAW,0.00060299999313429
15,blocks.1.attn.c_v.weight.buf,1048576,1049401,RAW,0.0005822080129291862
15,blocks.1.attn.c_proj.weight.buf,1048576,1049401,RAW,0.000580541993258521
15,blocks.1.attn.ve_gate.weight.buf,512,1022,RAW,1.0374991688877344e-05
15,blocks.1.mlp.c_fc.weight.buf,4194304,4196389,RAW,0.02716333299758844
15,blocks.1.mlp.c_proj.weight.buf,4194304,4195129,RAW,0.0021065000037197024
15,blocks.2.attn.c_q.weight.buf,1048576,1049401,RAW,0.0006232500018086284
15,blocks.2.attn.c_k.weight.buf,1048576,1049401,RAW,0.0005772089934907854
15,blocks.2.attn.c_v.weight.buf,1048576,1049401,RAW,0.000581291998969391
15,blocks.2.attn.c_proj.weight.buf,1048576,1049401,RAW,0.00060299999313429
15,blocks.2.mlp.c_fc.weight.buf,4194304,4196389,RAW,0.002081874990835786
15,blocks.2.mlp.c_proj.weight.buf,4194304,4195129,RAW,0.002025124995270744
15,blocks.3.attn.c_q.weight.buf,1048576,1049401,RAW,0.0005891660111956298
15,blocks.3.attn.c_k.weight.buf,1048576,1049401,RAW,0.0005685000214725733
15,blocks.3.attn.c_v.weight.buf,1048576,1049401,RAW,0.0006119160098023713
15,blocks.3.attn.c_proj.weight.buf,1048576,1049401,RAW,0.0005730419943574816
15,blocks.3.attn.ve_gate.weight.buf,512,1022,RAW,1.945797703228891e-05
15,blocks.3.mlp.c_fc.weight.buf,4194304,4196389,RAW,0.0020742079941555858
15,blocks.3.mlp.c_proj.weight.buf,4194304,4195129,RAW,0.002029166993452236
15,blocks.4.attn.c_q.weight.buf,1048576,1049401,RAW,0.0005984170129522681
15,blocks.4.attn.c_k.weight.buf,1048576,1049401,RAW,0.0005591670051217079
15,blocks.4.attn.c_v.weight.buf,1048576,1049401,RAW,0.0005876659997738898
15,blocks.4.attn.c_proj.weight.buf,1048576,1049401,RAW,0.0005967500037513673
15,blocks.4.mlp.c_fc.weight.buf,4194304,4196389,RAW,0.002062082989141345
15,blocks.4.mlp.c_proj.weight.buf,4194304,4195129,RAW,0.0020172079966869205
15,blocks.5.attn.c_q.weight.buf,1048576,1049401,RAW,0.0007039580086711794
15,blocks.5.attn.c_k.weight.buf,1048576,1049401,RAW,0.0005972920043859631
15,blocks.5.attn.c_v.weight.buf,1048576,1049401,RAW,0.0006217909976840019
15,blocks.5.attn.c_proj.weight.buf,1048576,1049401,RAW,0.00058241598890163
15,blocks.5.attn.ve_gate.weight.buf,512,1022,RAW,8.542003342881799e-06
15,blocks.5.mlp.c_fc.weight.buf,4194304,4196389,RAW,0.02397545799612999
15,blocks.5.mlp.c_proj.weight.buf,4194304,4195129,RAW,0.0024269579735118896
15,blocks.6.attn.c_q.weight.buf,1048576,1049401,RAW,0.0006414579984266311
15,blocks.6.attn.c_k.weight.buf,1048576,1049401,RAW,0.0005713750142604113
15,blocks.6.attn.c_v.weight.buf,1048576,1049401,RAW,0.0005839999939780682
15,blocks.6.attn.c_proj.weight.buf,1048576,1049401,RAW,0.0005716669838875532
15,blocks.6.mlp.c_fc.weight.buf,4194304,4196389,RAW,0.0027619169850368053
15,blocks.6.mlp.c_proj.weight.buf,4194304,4195129,RAW,0.0020377920009195805
15,blocks.7.attn.c_q.weight.buf,1048576,1049401,RAW,0.0006051670061424375
15,blocks.7.attn.c_k.weight.buf,1048576,1049401,RAW,0.0005652919935528189
15,blocks.7.attn.c_v.weight.buf,1048576,1049401,RAW,0.0005560829886235297
15,blocks.7.attn.c_proj.weight.buf,1048576,1049401,RAW,0.0005620000010821968
15,blocks.7.attn.ve_gate.weight.buf,512,1022,RAW,8.291011909022927e-06
15,blocks.7.mlp.c_fc.weight.buf,4194304,4196389,RAW,0.002158084011171013
15,blocks.7.mlp.c_proj.weight.buf,4194304,4195129,RAW,0.002037833008216694
15,lm_head.weight.m,67108864,67136149,RAW,0.06025350000709295
15,lm_head.weight.v,67108864,67136149,RAW,0.03575004200683907
15,resid_lambdas.m,32,32,RAW_VECTOR,5.165988113731146e-06
15,resid_lambdas.v,32,32,RAW_VECTOR,6.250047590583563e-07
15,x0_lambdas.m,32,32,RAW_VECTOR,9.590003173798323e-07
15,x0_lambdas.v,32,32,RAW_VECTOR,5.00003807246685e-07
15,value_embeds.1.weight.m,67108864,67136149,RAW,0.03612666702247225
15,value_embeds.1.weight.v,67108864,67136149,RAW,0.04129624998313375
15,value_embeds.3.weight.m,67108864,67136149,RAW,0.035293207998620346
15,value_embeds.3.weight.v,67108864,67136149,RAW,0.04295958299189806
15,value_embeds.5.weight.m,67108864,67136149,RAW,0.03546783298952505
15,value_embeds.5.weight.v,67108864,67136149,RAW,0.04148962500039488
15,value_embeds.7.weight.m,67108864,67136149,RAW,0.03730108300806023
15,value_embeds.7.weight.v,67108864,67136149,RAW,0.04139437500271015
16,wte.weight.m,67108864,67136149,RAW,0.03474862498114817
16,wte.weight.v,67108864,67136149,RAW,0.059701334015699103
16,blocks.0.attn.c_q.weight.buf,1048576,1049401,RAW,0.0006762910052202642
16,blocks.0.attn.c_k.weight.buf,1048576,1049401,RAW,0.0006190830026753247
16,blocks.0.attn.c_v.weight.buf,1048576,1049401,RAW,0.0006076669960748404
16,blocks.0.attn.c_proj.weight.buf,1048576,1049401,RAW,0.0006173339788801968
16,blocks.0.mlp.c_fc.weight.buf,4194304,4196389,RAW,0.0024176249862648547
16,blocks.0.mlp.c_proj.weight.buf,4194304,4195129,RAW,0.0021092079987283796
16,blocks.1.attn.c_q.weight.buf,1048576,1049401,RAW,0.0006572080019395798
16,blocks.1.attn.c_k.weight.buf,1048576,1049401,RAW,0.0006720829987898469
16,blocks.1.attn.c_v.weight.buf,1048576,1049401,RAW,0.0006002500012982637
16,blocks.1.attn.c_proj.weight.buf,1048576,1049401,RAW,0.0005990829959046096
16,blocks.1.attn.ve_gate.weight.buf,512,1022,RAW,1.795799471437931e-05
16,blocks.1.mlp.c_fc.weight.buf,4194304,4196389,RAW,0.003565667022485286
16,blocks.1.mlp.c_proj.weight.buf,4194304,4195129,RAW,0.002204374992288649
16,blocks.2.attn.c_q.weight.buf,1048576,1049401,RAW,0.0006731250032316893
16,blocks.2.attn.c_k.weight.buf,1048576,1049401,RAW,0.0006353339995257556
16,blocks.2.attn.c_v.weight.buf,1048576,1049401,RAW,0.0006226660043466836
16,blocks.2.attn.c_proj.weight.buf,1048576,1049401,RAW,0.0006109589885454625
16,blocks.2.mlp.c_fc.weight.buf,4194304,4196389,RAW,0.002189040998928249
16,blocks.2.mlp.c_proj.weight.buf,4194304,4195129,RAW,0.0021204579970799387
16,blocks.3.attn.c_q.weight.buf,1048576,1049401,RAW,0.0007119999791029841
16,blocks.3.attn.c_k.weight.buf,1048576,1049401,RAW,0.0005941659910604358
16,blocks.3.attn.c_v.weight.buf,1048576,1049401,RAW,0.0006164579826872796
16,blocks.3.attn.c_proj.weight.buf,1048576,1049401,RAW,0.0006217079935595393
16,blocks.3.attn.ve_gate.weight.buf,512,1022,RAW,1.708301715552807e-05
16,blocks.3.mlp.c_fc.weight.buf,4194304,4196389,RAW,0.0021936249977443367
16,blocks.3.mlp.c_proj.weight.buf,4194304,4195129,RAW,0.0021382079867180437
16,blocks.4.attn.c_q.weight.buf,1048576,1049401,RAW,0.0006357079837471247
16,blocks.4.attn.c_k.weight.buf,1048576,1049401,RAW,0.0005957910034339875
16,blocks.4.attn.c_v.weight.buf,1048576,1049401,RAW,0.0006007920019328594
16,blocks.4.attn.c_proj.weight.buf,1048576,1049401,RAW,0.0005894999776501209
16,blocks.4.mlp.c_fc.weight.buf,4194304,4196389,RAW,0.002179207978770137
16,blocks.4.mlp.c_proj.weight.buf,4194304,4195129,RAW,0.0021252500009723008
16,blocks.5.attn.c_q.weight.buf,1048576,1049401,RAW,0.0006617920007556677
16,blocks.5.attn.c_k.weight.buf,1048576,1049401,RAW,0.0005861250101588666
16,blocks.5.attn.c_v.weight.buf,1048576,1049401,RAW,0.0006407499895431101
16,blocks.5.attn.c_proj.weight.buf,1048576,1049401,RAW,0.0008382500091101974
16,blocks.5.attn.ve_gate.weight.buf,512,1022,RAW,4.962499951943755e-05
16,blocks.5.mlp.c_fc.weight.buf,4194304,4196389,RAW,0.00246566699934192
16,blocks.5.mlp.c_proj.weight.buf,4194304,4195129,RAW,0.002147542021702975
16,blocks.6.attn.c_q.weight.buf,1048576,1049401,RAW,0.0006869169883430004
16,blocks.6.attn.c_k.weight.buf,1048576,1049401,RAW,0.0006343329732771963
16,blocks.6.attn.c_v.weight.buf,1048576,1049401,RAW,0.0006061669846531004
16,blocks.6.attn.c_proj.weight.buf,1048576,1049401,RAW,0.000592875003349036
16,blocks.6.mlp.c_fc.weight.buf,4194304,4196389,RAW,0.002132915979018435
16,blocks.6.mlp.c_proj.weight.buf,4194304,4195129,RAW,0.002274250000482425
16,blocks.7.attn.c_q.weight.buf,1048576,1049401,RAW,0.000668541993945837
16,blocks.7.attn.c_k.weight.buf,1048576,1049401,RAW,0.0006020000146236271
16,blocks.7.attn.c_v.weight.buf,1048576,1049401,RAW,0.0005944169824942946
16,blocks.7.attn.c_proj.weight.buf,1048576,1049401,RAW,0.0005944159929640591
16,blocks.7.attn.ve_gate.weight.buf,512,1022,RAW,1.754198456183076e-05
16,blocks.7.mlp.c_fc.weight.buf,4194304,4196389,RAW,0.0021686669788323343
16,blocks.7.mlp.c_proj.weight.buf,4194304,4195129,RAW,0.0021352500189095736
16,lm_head.weight.m,67108864,67136149,RAW,0.04752550000557676
16,lm_head.weight.v,67108864,67136149,RAW,0.0399581250094343
16,resid_lambdas.m,32,32,RAW_VECTOR,6.416987162083387e-06
16,resid_lambdas.v,32,32,RAW_VECTOR,1.667009200900793e-06
16,x0_lambdas.m,32,32,RAW_VECTOR,1.4160177670419216e-06
16,x0_lambdas.v,32,32,RAW_VECTOR,3.7500285543501377e-07
16,value_embeds.1.weight.m,67108864,67136149,RAW,0.043947124999249354
16,value_embeds.1.weight.v,67108864,67136149,RAW,0.05800058398745023
16,value_embeds.3.weight.m,67108864,67136149,RAW,0.03576945798704401
16,value_embeds.3.weight.v,67108864,67136149,RAW,0.04468870800337754
16,value_embeds.5.weight.m,67108864,67136149,RAW,0.03546024998649955
16,value_embeds.5.weight.v,67108864,67136149,RAW,0.044003749993862584
16,value_embeds.7.weight.m,67108864,67136149,RAW,0.03607366597861983
16,value_embeds.7.weight.v,67108864,67136149,RAW,0.04175945799215697
17,wte.weight.m,67108864,67136149,RAW,0.05773850000696257
17,wte.weight.v,67108864,67136149,RAW,0.04032675002235919
17,blocks.0.attn.c_q.weight.buf,1048576,1049401,RAW,0.0008554169908165932
17,blocks.0.attn.c_k.weight.buf,1048576,1049401,RAW,0.0007506670081056654
17,blocks.0.attn.c_v.weight.buf,1048576,1049401,RAW,0.0005958330002613366
17,blocks.0.attn.c_proj.weight.buf,1048576,1049401,RAW,0.0005837079952470958
17,blocks.0.mlp.c_fc.weight.buf,4194304,4196389,RAW,0.0022475830046460032
17,blocks.0.mlp.c_proj.weight.buf,4194304,4195129,RAW,0.0020532499765977263
17,blocks.1.attn.c_q.weight.buf,1048576,1049401,RAW,0.0006057500140741467
17,blocks.1.attn.c_k.weight.buf,1048576,1049401,RAW,0.024424374976661056
17,blocks.1.attn.c_v.weight.buf,1048576,1049401,RAW,0.0007103749958332628
17,blocks.1.attn.c_proj.weight.buf,1048576,1049401,RAW,0.0005899580137338489
17,blocks.1.attn.ve_gate.weight.buf,512,1022,RAW,8.790986612439156e-06
17,blocks.1.mlp.c_fc.weight.buf,4194304,4196389,RAW,0.0024102909956127405
17,blocks.1.mlp.c_proj.weight.buf,4194304,4195129,RAW,0.002094291994580999
17,blocks.2.attn.c_q.weight.buf,1048576,1049401,RAW,0.0005762079963460565
17,blocks.2.attn.c_k.weight.buf,1048576,1049401,RAW,0.0005631670064758509
17,blocks.2.attn.c_v.weight.buf,1048576,1049401,RAW,0.0005665000062435865
17,blocks.2.attn.c_proj.weight.buf,1048576,1049401,RAW,0.0005752499855589122
17,blocks.2.mlp.c_fc.weight.buf,4194304,4196389,RAW,0.0021514580002985895
17,blocks.2.mlp.c_proj.weight.buf,4194304,4195129,RAW,0.00202266700216569
17,blocks.3.attn.c_q.weight.buf,1048576,1049401,RAW,0.0006351669726427644
17,blocks.3.attn.c_k.weight.buf,1048576,1049401,RAW,0.0005632500106003135
17,blocks.3.attn.c_v.weight.buf,1048576,1049401,RAW,0.0005568329943343997
17,blocks.3.attn.c_proj.weight.buf,1048576,1049401,RAW,0.0005789170099887997
17,blocks.3.attn.ve_gate.weight.buf,512,1022,RAW,9.541981853544712e-06
17,blocks.3.mlp.c_fc.weight.buf,4194304,4196389,RAW,0.0020968749886378646
17,blocks.3.mlp.c_proj.weight.buf,4194304,4195129,RAW,0.0020911250030621886
17,blocks.4.attn.c_q.weight.buf,1048576,1049401,RAW,0.0005675829888787121
17,blocks.4.attn.c_k.weight.buf,1048576,1049401,RAW,0.0005851669993717223
17,blocks.4.attn.c_v.weight.buf,1048576,1049401,RAW,0.0006029579963069409
17,blocks.4.attn.c_proj.weight.buf,1048576,1049401,RAW,0.0007446249946951866
17,blocks.4.mlp.c_fc.weight.buf,4194304,4196389,RAW,0.0024330830201506615
17,blocks.4.mlp.c_proj.weight.buf,4194304,4195129,RAW,0.0021097919961903244
17,blocks.5.attn.c_q.weight.buf,1048576,1049401,RAW,0.0006098329904489219
17,blocks.5.attn.c_k.weight.buf,1048576,1049401,RAW,0.0005511250055860728
17,blocks.5.attn.c_v.weight.buf,1048576,1049401,RAW,0.0005813330062665045
17,blocks.5.attn.c_proj.weight.buf,1048576,1049401,RAW,0.0005634999834001064
17,blocks.5.attn.ve_gate.weight.buf,512,1022,RAW,1.1833006283268332e-05
17,blocks.5.mlp.c_fc.weight.buf,4194304,4196389,RAW,0.002085374988382682
17,blocks.5.mlp.c_proj.weight.buf,4194304,4195129,RAW,0.0020785420201718807
17,blocks.6.attn.c_q.weight.buf,1048576,1049401,RAW,0.0005749169795308262
17,blocks.6.attn.c_k.weight.buf,1048576,1049401,RAW,0.0006031670200172812
17,blocks.6.attn.c_v.weight.buf,1048576,1049401,RAW,0.0005642090109176934
17,blocks.6.attn.c_proj.weight.buf,1048576,1049401,RAW,0.0005660419992636889
17,blocks.6.mlp.c_fc.weight.buf,4194304,4196389,RAW,0.0020649170037359
17,blocks.6.mlp.c_proj.weight.buf,4194304,4195129,RAW,0.0020642500021494925
17,blocks.7.attn.c_q.weight.buf,1048576,1049401,RAW,0.0006408329936675727
17,blocks.7.attn.c_k.weight.buf,1048576,1049401,RAW,0.000539708009455353
17,blocks.7.attn.c_v.weight.buf,1048576,1049401,RAW,0.0005666670040227473
17,blocks.7.attn.c_proj.weight.buf,1048576,1049401,RAW,0.0005994170205667615
17,blocks.7.attn.ve_gate.weight.buf,512,1022,RAW,8.125003660097718e-06
17,blocks.7.mlp.c_fc.weight.buf,4194304,4196389,RAW,0.0021076250122860074
17,blocks.7.mlp.c_proj.weight.buf,4194304,4195129,RAW,0.00348383400705643
17,lm_head.weight.m,67108864,67136149,RAW,0.0353742909792345
17,lm_head.weight.v,67108864,67136149,RAW,0.03329620900331065
17,resid_lambdas.m,32,32,RAW_VECTOR,6.084010237827897e-06
17,resid_lambdas.v,32,32,RAW_VECTOR,4.169996827840805e-07
17,x0_lambdas.m,32,32,RAW_VECTOR,1.2090022210031748e-06
17,x0_lambdas.v,32,32,RAW_VECTOR,4.169996827840805e-07
17,value_embeds.1.weight.m,67108864,67136149,RAW,0.03651658300077543
17,value_embeds.1.weight.v,67108864,67136149,RAW,0.06603879199246876
17,value_embeds.3.weight.m,67108864,67136149,RAW,0.0386446249904111
17,value_embeds.3.weight.v,67108864,67136149,RAW,0.04191179102053866
17,value_embeds.5.weight.m,67108864,67136149,RAW,0.060468959010904655
17,value_embeds.5.weight.v,67108864,67136149,RAW,0.03484029200626537
17,value_embeds.7.weight.m,67108864,67136149,RAW,0.03490950001287274
17,value_embeds.7.weight.v,67108864,67136149,RAW,0.04336966699338518
18,wte.weight.m,67108864,67136149,RAW,0.03869420901173726
18,wte.weight.v,67108864,67136149,RAW,0.052166332985507324
18,blocks.0.attn.c_q.weight.buf,1048576,1049401,RAW,0.0006764169957023114
18,blocks.0.attn.c_k.weight.buf,1048576,1049401,RAW,0.0005762079963460565
18,blocks.0.attn.c_v.weight.buf,1048576,1049401,RAW,0.0005980829882901162
18,blocks.0.attn.c_proj.weight.buf,1048576,1049401,RAW,0.0005749580159317702
18,blocks.0.mlp.c_fc.weight.buf,4194304,4196389,RAW,0.00230025002383627
18,blocks.0.mlp.c_proj.weight.buf,4194304,4195129,RAW,0.001981083012651652
18,blocks.1.attn.c_q.weight.buf,1048576,1049401,RAW,0.0006260829977691174
18,blocks.1.attn.c_k.weight.buf,1048576,1049401,RAW,0.0006057090067770332
18,blocks.1.attn.c_v.weight.buf,1048576,1049401,RAW,0.0005348749982658774
18,blocks.1.attn.c_proj.weight.buf,1048576,1049401,RAW,0.0005394170002546161
18,blocks.1.attn.ve_gate.weight.buf,512,1022,RAW,2.1915999241173267e-05
18,blocks.1.mlp.c_fc.weight.buf,4194304,4196389,RAW,0.0019820830202661455
18,blocks.1.mlp.c_proj.weight.buf,4194304,4195129,RAW,0.0020494999771472067
18,blocks.2.attn.c_q.weight.buf,1048576,1049401,RAW,0.0006011660152580589
18,blocks.2.attn.c_k.weight.buf,1048576,1049401,RAW,0.0005368750134948641
18,blocks.2.attn.c_v.weight.buf,1048576,1049401,RAW,0.000534624996362254
18,blocks.2.attn.c_proj.weight.buf,1048576,1049401,RAW,0.0005416249914560467
18,blocks.2.mlp.c_fc.weight.buf,4194304,4196389,RAW,0.0020086659933440387
18,blocks.2.mlp.c_proj.weight.buf,4194304,4195129,RAW,0.001966292009456083
18,blocks.3.attn.c_q.weight.buf,1048576,1049401,RAW,0.0005775409808848053
18,blocks.3.attn.c_k.weight.buf,1048576,1049401,RAW,0.0005320000054780394
18,blocks.3.attn.c_v.weight.buf,1048576,1049401,RAW,0.000730792002286762
18,blocks.3.attn.c_proj.weight.buf,1048576,1049401,RAW,0.0005700000037904829
18,blocks.3.attn.ve_gate.weight.buf,512,1022,RAW,1.1124997399747372e-05
18,blocks.3.mlp.c_fc.weight.buf,4194304,4196389,RAW,0.002240583999082446
18,blocks.3.mlp.c_proj.weight.buf,4194304,4195129,RAW,0.002105541992932558
18,blocks.4.attn.c_q.weight.buf,1048576,1049401,RAW,0.0006595420127268881
18,blocks.4.attn.c_k.weight.buf,1048576,1049401,RAW,0.0006173340079840273
18,blocks.4.attn.c_v.weight.buf,1048576,1049401,RAW,0.0006147080275695771
18,blocks.4.attn.c_proj.weight.buf,1048576,1049401,RAW,0.0006176670140121132
18,blocks.4.mlp.c_fc.weight.buf,4194304,4196389,RAW,0.0021699999924749136
18,blocks.4.mlp.c_proj.weight.buf,4194304,4195129,RAW,0.002151749999029562
18,blocks.5.attn.c_q.weight.buf,1048576,1049401,RAW,0.000665667001157999
18,blocks.5.attn.c_k.weight.buf,1048576,1049401,RAW,0.0006077919970266521
18,blocks.5.attn.c_v.weight.buf,1048576,1049401,RAW,0.0006684160034637898
18,blocks.5.attn.c_proj.weight.buf,1048576,1049401,RAW,0.0006574169965460896
18,blocks.5.attn.ve_gate.weight.buf,512,1022,RAW,2.2374995751306415e-05
18,blocks.5.mlp.c_fc.weight.buf,4194304,4196389,RAW,0.0021657499892171472
18,blocks.5.mlp.c_proj.weight.buf,4194304,4195129,RAW,0.002167041995562613
18,blocks.6.attn.c_q.weight.buf,1048576,1049401,RAW,0.0006626670074183494
18,blocks.6.attn.c_k.weight.buf,1048576,1049401,RAW,0.0006195419991854578
18,blocks.6.attn.c_v.weight.buf,1048576,1049401,RAW,0.0006096249853726476
18,blocks.6.attn.c_proj.weight.buf,1048576,1049401,RAW,0.0006047089991625398
18,blocks.6.mlp.c_fc.weight.buf,4194304,4196389,RAW,0.00360362499486655
18,blocks.6.mlp.c_proj.weight.buf,4194304,4195129,RAW,0.002235959022073075
18,blocks.7.attn.c_q.weight.buf,1048576,1049401,RAW,0.0008562919974792749
18,blocks.7.attn.c_k.weight.buf,1048576,1049401,RAW,0.0006771660118829459
18,blocks.7.attn.c_v.weight.buf,1048576,1049401,RAW,0.000634916010312736
18,blocks.7.attn.c_proj.weight.buf,1048576,1049401,RAW,0.0006244169780984521
18,blocks.7.attn.ve_gate.weight.buf,512,1022,RAW,2.0000006770715117e-05
18,blocks.7.mlp.c_fc.weight.buf,4194304,4196389,RAW,0.0021440419950522482
18,blocks.7.mlp.c_proj.weight.buf,4194304,4195129,RAW,0.0022124579991213977
18,lm_head.weight.m,67108864,67136149,RAW,0.05042358301579952
18,lm_head.weight.v,67108864,67136149,RAW,0.04377333301817998
18,resid_lambdas.m,32,32,RAW_VECTOR,6.457994459196925e-06
18,resid_lambdas.v,32,32,RAW_VECTOR,3.7500285543501377e-07
18,x0_lambdas.m,32,32,RAW_VECTOR,1.541979145258665e-06
18,x0_lambdas.v,32,32,RAW_VECTOR,4.5899651013314724e-07
18,value_embeds.1.weight.m,67108864,67136149,RAW,0.04428520900546573
18,value_embeds.1.weight.v,67108864,67136149,RAW,0.042982166982255876
18,value_embeds.3.weight.m,67108864,67136149,RAW,0.04016062497976236
18,value_embeds.3.weight.v,67108864,67136149,RAW,0.048678250022931024
18,value_embeds.5.weight.m,67108864,67136149,RAW,0.05634945799829438
18,value_embeds.5.weight.v,67108864,67136149,RAW,0.04063654100173153
18,value_embeds.7.weight.m,67108864,67136149,RAW,0.03573800000594929
18,value_embeds.7.weight.v,67108864,67136149,RAW,0.03915366600267589
19,wte.weight.m,67108864,67136149,RAW,0.035344542004168034
19,wte.weight.v,67108864,67136149,RAW,0.04133679097867571
19,blocks.0.attn.c_q.weight.buf,1048576,1049401,RAW,0.000710166001226753
19,blocks.0.attn.c_k.weight.buf,1048576,1049401,RAW,0.0005830000154674053
19,blocks.0.attn.c_v.weight.buf,1048576,1049401,RAW,0.0005836249911226332
19,blocks.0.attn.c_proj.weight.buf,1048576,1049401,RAW,0.0006156250019557774
19,blocks.0.mlp.c_fc.weight.buf,4194304,4196389,RAW,0.002367458975641057
19,blocks.0.mlp.c_proj.weight.buf,4194304,4195129,RAW,0.002006666996749118
19,blocks.1.attn.c_q.weight.buf,1048576,1049401,RAW,0.0006481659947894514
19,blocks.1.attn.c_k.weight.buf,1048576,1049401,RAW,0.0006112080009188503
19,blocks.1.attn.c_v.weight.buf,1048576,1049401,RAW,0.0005761669890489429
19,blocks.1.attn.c_proj.weight.buf,1048576,1049401,RAW,0.0005558749835472554
19,blocks.1.attn.ve_gate.weight.buf,512,1022,RAW,9.042007150128484e-06
19,blocks.1.mlp.c_fc.weight.buf,4194304,4196389,RAW,0.0020846659899689257
19,blocks.1.mlp.c_proj.weight.buf,4194304,4195129,RAW,0.002044416993157938
19,blocks.2.attn.c_q.weight.buf,1048576,1049401,RAW,0.00060374999884516
19,blocks.2.attn.c_k.weight.buf,1048576,1049401,RAW,0.0005640000163111836
19,blocks.2.attn.c_v.weight.buf,1048576,1049401,RAW,0.000556334009161219
19,blocks.2.attn.c_proj.weight.buf,1048576,1049401,RAW,0.0005752079887315631
19,blocks.2.mlp.c_fc.weight.buf,4194304,4196389,RAW,0.002093583025271073
19,blocks.2.mlp.c_proj.weight.buf,4194304,4195129,RAW,0.002039833983872086
19,blocks.3.attn.c_q.weight.buf,1048576,1049401,RAW,0.0006117500015534461
19,blocks.3.attn.c_k.weight.buf,1048576,1049401,RAW,0.0012889170029666275
19,blocks.3.attn.c_v.weight.buf,1048576,1049401,RAW,0.0005999999993946403
19,blocks.3.attn.c_proj.weight.buf,1048576,1049401,RAW,0.0005947499885223806
19,blocks.3.attn.ve_gate.weight.buf,512,1022,RAW,7.750000804662704e-06
19,blocks.3.mlp.c_fc.weight.buf,4194304,4196389,RAW,0.0023496659996453673
19,blocks.3.mlp.c_proj.weight.buf,4194304,4195129,RAW,0.025067292008316144
19,blocks.4.attn.c_q.weight.buf,1048576,1049401,RAW,0.0010032090067397803
19,blocks.4.attn.c_k.weight.buf,1048576,1049401,RAW,0.0005792909942101687
19,blocks.4.attn.c_v.weight.buf,1048576,1049401,RAW,0.0006280420057009906
19,blocks.4.attn.c_proj.weight.buf,1048576,1049401,RAW,0.0005606249906122684
19,blocks.4.mlp.c_fc.weight.buf,4194304,4196389,RAW,0.0022421659959945828
19,blocks.4.mlp.c_proj.weight.buf,4194304,4195129,RAW,0.002080875012325123
19,blocks.5.attn.c_q.weight.buf,1048576,1049401,RAW,0.0006834169907961041
19,blocks.5.attn.c_k.weight.buf,1048576,1049401,RAW,0.0005625420017167926
19,blocks.5.attn.c_v.weight.buf,1048576,1049401,RAW,0.0005462089902721345
19,blocks.5.attn.c_proj.weight.buf,1048576,1049401,RAW,0.0005587910127360374
19,blocks.5.attn.ve_gate.weight.buf,512,1022,RAW,8.084025466814637e-06
19,blocks.5.mlp.c_fc.weight.buf,4194304,4196389,RAW,0.002626792003866285
19,blocks.5.mlp.c_proj.weight.buf,4194304,4195129,RAW,0.0021327089925762266
19,blocks.6.attn.c_q.weight.buf,1048576,1049401,RAW,0.0006362080166582018
19,blocks.6.attn.c_k.weight.buf,1048576,1049401,RAW,0.0005628749786410481
19,blocks.6.attn.c_v.weight.buf,1048576,1049401,RAW,0.0005872500187251717
19,blocks.6.attn.c_proj.weight.buf,1048576,1049401,RAW,0.0005613339890260249
19,blocks.6.mlp.c_fc.weight.buf,4194304,4196389,RAW,0.0034778749977704138
19,blocks.6.mlp.c_proj.weight.buf,4194304,4195129,RAW,0.002156917005777359
19,blocks.7.attn.c_q.weight.buf,1048576,1049401,RAW,0.0006379999977070838
19,blocks.7.attn.c_k.weight.buf,1048576,1049401,RAW,0.0005781670042779297
19,blocks.7.attn.c_v.weight.buf,1048576,1049401,RAW,0.0005768330011051148
19,blocks.7.attn.c_proj.weight.buf,1048576,1049401,RAW,0.0005648340156767517
19,blocks.7.attn.ve_gate.weight.buf,512,1022,RAW,1.0000017937272787e-05
19,blocks.7.mlp.c_fc.weight.buf,4194304,4196389,RAW,0.0021502079907804728
19,blocks.7.mlp.c_proj.weight.buf,4194304,4195129,RAW,0.0020623340096790344
19,lm_head.weight.m,67108864,67136149,RAW,0.046458708005957305
19,lm_head.weight.v,67108864,67136149,RAW,0.039625000004889444
19,resid_lambdas.m,32,32,RAW_VECTOR,6.08398113399744e-06
19,resid_lambdas.v,32,32,RAW_VECTOR,2.040993422269821e-06
19,x0_lambdas.m,32,32,RAW_VECTOR,9.580107871443033e-07
19,x0_lambdas.v,32,32,RAW_VECTOR,5.829788278788328e-07
19,value_embeds.1.weight.m,67108864,67136149,RAW,0.03567979097715579
19,value_embeds.1.weight.v,67108864,67136149,RAW,0.03983287498704158
19,value_embeds.3.weight.m,67108864,67136149,RAW,0.03862670800299384
19,value_embeds.3.weight.v,67108864,67136149,RAW,0.0392392500070855
19,value_embeds.5.weight.m,67108864,67136149,RAW,0.037543624988757074
19,value_embeds.5.weight.v,67108864,67136149,RAW,0.039479333005147055
19,value_embeds.7.weight.m,67108864,67136149,RAW,0.03704587498214096
19,value_embeds.7.weight.v,67108864,67136149,RAW,0.040422541002044454
20,wte.weight.m,67108864,67136149,RAW,0.04019720799988136
20,wte.weight.v,67108864,67136149,RAW,0.038721167016774416
20,blocks.0.attn.c_q.weight.buf,1048576,1049401,RAW,0.0006271250022109598
20,blocks.0.attn.c_k.weight.buf,1048576,1049401,RAW,0.0005675830179825425
20,blocks.0.attn.c_v.weight.buf,1048576,1049401,RAW,0.0005727079987991601
20,blocks.0.attn.c_proj.weight.buf,1048576,1049401,RAW,0.0005486669833771884
20,blocks.0.mlp.c_fc.weight.buf,4194304,4196389,RAW,0.0022419999877456576
20,blocks.0.mlp.c_proj.weight.buf,4194304,4195129,RAW,0.002014625002630055
20,blocks.1.attn.c_q.weight.buf,1048576,1049401,RAW,0.00060224998742342
20,blocks.1.attn.c_k.weight.buf,1048576,1049401,RAW,0.0005509170005097985
20,blocks.1.attn.c_v.weight.buf,1048576,1049401,RAW,0.0012979580205865204
20,blocks.1.attn.c_proj.weight.buf,1048576,1049401,RAW,0.0005909590108785778
20,blocks.1.attn.ve_gate.weight.buf,512,1022,RAW,8.58298153616488e-06
20,blocks.1.mlp.c_fc.weight.buf,4194304,4196389,RAW,0.0022909579856786877
20,blocks.1.mlp.c_proj.weight.buf,4194304,4195129,RAW,0.0020804590021725744
20,blocks.2.attn.c_q.weight.buf,1048576,1049401,RAW,0.0006268750003073364
20,blocks.2.attn.c_k.weight.buf,1048576,1049401,RAW,0.0005548750050365925
20,blocks.2.attn.c_v.weight.buf,1048576,1049401,RAW,0.0005692080012522638
20,blocks.2.attn.c_proj.weight.buf,1048576,1049401,RAW,0.0005975830135867
20,blocks.2.mlp.c_fc.weight.buf,4194304,4196389,RAW,0.002091082977131009
20,blocks.2.mlp.c_proj.weight.buf,4194304,4195129,RAW,0.002169625018723309
20,blocks.3.attn.c_q.weight.buf,1048576,1049401,RAW,0.0006110419926699251
20,blocks.3.attn.c_k.weight.buf,1048576,1049401,RAW,0.0005697919987142086
20,blocks.3.attn.c_v.weight.buf,1048576,1049401,RAW,0.0005656669964082539
20,blocks.3.attn.c_proj.weight.buf,1048576,1049401,RAW,0.0005837909993715584
20,blocks.3.attn.ve_gate.weight.buf,512,1022,RAW,9.166978998109698e-06
20,blocks.3.mlp.c_fc.weight.buf,4194304,4196389,RAW,0.002091333008138463
20,blocks.3.mlp.c_proj.weight.buf,4194304,4195129,RAW,0.0020594999950844795
20,blocks.4.attn.c_q.weight.buf,1048576,1049401,RAW,0.0006162080098874867
20,blocks.4.attn.c_k.weight.buf,1048576,1049401,RAW,0.0005619169969577342
20,blocks.4.attn.c_v.weight.buf,1048576,1049401,RAW,0.0005682079936377704
20,blocks.4.attn.c_proj.weight.buf,1048576,1049401,RAW,0.0005893750058021396
20,blocks.4.mlp.c_fc.weight.buf,4194304,4196389,RAW,0.002123125013895333
20,blocks.4.mlp.c_proj.weight.buf,4194304,4195129,RAW,0.002083541010506451
20,blocks.5.attn.c_q.weight.buf,1048576,1049401,RAW,0.000611374998698011
20,blocks.5.attn.c_k.weight.buf,1048576,1049401,RAW,0.001334542001131922
20,blocks.5.attn.c_v.weight.buf,1048576,1049401,RAW,0.0005891670007258654
20,blocks.5.attn.c_proj.weight.buf,1048576,1049401,RAW,0.0005803749954793602
20,blocks.5.attn.ve_gate.weight.buf,512,1022,RAW,1.0458985343575478e-05
20,blocks.5.mlp.c_fc.weight.buf,4194304,4196389,RAW,0.0023066670109983534
20,blocks.5.mlp.c_proj.weight.buf,4194304,4195129,RAW,0.002075415977742523
20,blocks.6.attn.c_q.weight.buf,1048576,1049401,RAW,0.0005885830032639205
20,blocks.6.attn.c_k.weight.buf,1048576,1049401,RAW,0.0005420829984359443
20,blocks.6.attn.c_v.weight.buf,1048576,1049401,RAW,0.000548749987501651
20,blocks.6.attn.c_proj.weight.buf,1048576,1049401,RAW,0.0005395000043790787
20,blocks.6.mlp.c_fc.weight.buf,4194304,4196389,RAW,0.0020224170002620667
20,blocks.6.mlp.c_proj.weight.buf,4194304,4195129,RAW,0.002001667016884312
20,blocks.7.attn.c_q.weight.buf,1048576,1049401,RAW,0.0006141249905340374
20,blocks.7.attn.c_k.weight.buf,1048576,1049401,RAW,0.0005506669986061752
20,blocks.7.attn.c_v.weight.buf,1048576,1049401,RAW,0.0005374579923227429
20,blocks.7.attn.c_proj.weight.buf,1048576,1049401,RAW,0.0005746670067310333
20,blocks.7.attn.ve_gate.weight.buf,512,1022,RAW,1.8624996300786734e-05
20,blocks.7.mlp.c_fc.weight.buf,4194304,4196389,RAW,0.0020609169732779264
20,blocks.7.mlp.c_proj.weight.buf,4194304,4195129,RAW,0.0019663340062834322
20,lm_head.weight.m,67108864,67136149,RAW,0.03847887500887737
20,lm_head.weight.v,67108864,67136149,RAW,0.05515774997184053
20,resid_lambdas.m,32,32,RAW_VECTOR,5.916983354836702e-06
20,resid_lambdas.v,32,32,RAW_VECTOR,5.00003807246685e-07
20,x0_lambdas.m,32,32,RAW_VECTOR,1.0420044418424368e-06
20,x0_lambdas.v,32,32,RAW_VECTOR,5.409820005297661e-07
20,value_embeds.1.weight.m,67108864,67136149,RAW,0.0371395840193145
20,value_embeds.1.weight.v,67108864,67136149,RAW,0.06755362497642636
20,value_embeds.3.weight.m,67108864,67136149,RAW,0.04643824999220669
20,value_embeds.3.weight.v,67108864,67136149,RAW,0.04278154100757092
20,value_embeds.5.weight.m,67108864,67136149,RAW,0.04135512499487959
20,value_embeds.5.weight.v,67108864,67136149,RAW,0.044292750011663884
20,value_embeds.7.weight.m,67108864,67136149,RAW,0.0910912080144044
20,value_embeds.7.weight.v,67108864,67136149,RAW,0.04070708400104195
21,wte.weight.m,67108864,67136149,RAW,0.03545900000608526
21,wte.weight.v,67108864,67136149,RAW,0.06064491698634811
21,blocks.0.attn.c_q.weight.buf,1048576,1049401,RAW,0.0006444170139729977
21,blocks.0.attn.c_k.weight.buf,1048576,1049401,RAW,0.0005696669977623969
21,blocks.0.attn.c_v.weight.buf,1048576,1049401,RAW,0.0005947090103290975
21,blocks.0.attn.c_proj.weight.buf,1048576,1049401,RAW,0.0006040840235073119
21,blocks.0.mlp.c_fc.weight.buf,4194304,4196389,RAW,0.0023324170033447444
21,blocks.0.mlp.c_proj.weight.buf,4194304,4195129,RAW,0.0019933750154450536
21,blocks.1.attn.c_q.weight.buf,1048576,1049401,RAW,0.000617457990301773
21,blocks.1.attn.c_k.weight.buf,1048576,1049401,RAW,0.0005922909767832607
21,blocks.1.attn.c_v.weight.buf,1048576,1049401,RAW,0.000567167007829994
21,blocks.1.attn.c_proj.weight.buf,1048576,1049401,RAW,0.0005578330019488931
21,blocks.1.attn.ve_gate.weight.buf,512,1022,RAW,9.624985978007317e-06
21,blocks.1.mlp.c_fc.weight.buf,4194304,4196389,RAW,0.002061416977085173
21,blocks.1.mlp.c_proj.weight.buf,4194304,4195129,RAW,0.0020691660174634308
21,blocks.2.attn.c_q.weight.buf,1048576,1049401,RAW,0.0013145830016583204
21,blocks.2.attn.c_k.weight.buf,1048576,1049401,RAW,0.0005937909882050008
21,blocks.2.attn.c_v.weight.buf,1048576,1049401,RAW,0.00062616600189358
21,blocks.2.attn.c_proj.weight.buf,1048576,1049401,RAW,0.0005772500007878989
21,blocks.2.mlp.c_fc.weight.buf,4194304,4196389,RAW,0.0023009580036159605
21,blocks.2.mlp.c_proj.weight.buf,4194304,4195129,RAW,0.0021441250282805413
21,blocks.3.attn.c_q.weight.buf,1048576,1049401,RAW,0.0006144999933894724
21,blocks.3.attn.c_k.weight.buf,1048576,1049401,RAW,0.0005663329793605953
21,blocks.3.attn.c_v.weight.buf,1048576,1049401,RAW,0.0005709170072805136
21,blocks.3.attn.c_proj.weight.buf,1048576,1049401,RAW,0.0005500830011442304
21,blocks.3.attn.ve_gate.weight.buf,512,1022,RAW,7.790978997945786e-06
21,blocks.3.mlp.c_fc.weight.buf,4194304,4196389,RAW,0.002164582983823493
21,blocks.3.mlp.c_proj.weight.buf,4194304,4195129,RAW,0.0020637089910451323
21,blocks.4.attn.c_q.weight.buf,1048576,1049401,RAW,0.0006433749804273248
21,blocks.4.attn.c_k.weight.buf,1048576,1049401,RAW,0.000567167007829994
21,blocks.4.attn.c_v.weight.buf,1048576,1049401,RAW,0.0005711249832529575
21,blocks.4.attn.c_proj.weight.buf,1048576,1049401,RAW,0.0005909169849473983
21,blocks.4.mlp.c_fc.weight.buf,4194304,4196389,RAW,0.00210041698301211
21,blocks.4.mlp.c_proj.weight.buf,4194304,4195129,RAW,0.002130042004864663
21,blocks.5.attn.c_q.weight.buf,1048576,1049401,RAW,0.0006206249818205833
21,blocks.5.attn.c_k.weight.buf,1048576,1049401,RAW,0.0005649579979944974
21,blocks.5.attn.c_v.weight.buf,1048576,1049401,RAW,0.0005714579892810434
21,blocks.5.attn.c_proj.weight.buf,1048576,1049401,RAW,0.000557082996238023
21,blocks.5.attn.ve_gate.weight.buf,512,1022,RAW,8.291011909022927e-06
21,blocks.5.mlp.c_fc.weight.buf,4194304,4196389,RAW,0.0021472500229720026
21,blocks.5.mlp.c_proj.weight.buf,4194304,4195129,RAW,0.0020378749759402126
21,blocks.6.attn.c_q.weight.buf,1048576,1049401,RAW,0.022998874977929518
21,blocks.6.attn.c_k.weight.buf,1048576,1049401,RAW,0.0007046249811537564
21,blocks.6.attn.c_v.weight.buf,1048576,1049401,RAW,0.0005956250242888927
21,blocks.6.attn.c_proj.weight.buf,1048576,1049401,RAW,0.000567209004657343
21,blocks.6.mlp.c_fc.weight.buf,4194304,4196389,RAW,0.0022708330070599914
21,blocks.6.mlp.c_proj.weight.buf,4194304,4195129,RAW,0.0020838750060647726
21,blocks.7.attn.c_q.weight.buf,1048576,1049401,RAW,0.0006360830157063901
21,blocks.7.attn.c_k.weight.buf,1048576,1049401,RAW,0.0005794580210931599
21,blocks.7.attn.c_v.weight.buf,1048576,1049401,RAW,0.0005612920213025063
21,blocks.7.attn.c_proj.weight.buf,1048576,1049401,RAW,0.0005526250170078129
21,blocks.7.attn.ve_gate.weight.buf,512,1022,RAW,7.95800588093698e-06
21,blocks.7.mlp.c_fc.weight.buf,4194304,4196389,RAW,0.0020338749745860696
21,blocks.7.mlp.c_proj.weight.buf,4194304,4195129,RAW,0.002006209018873051
21,lm_head.weight.m,67108864,67136149,RAW,0.03841187499347143
21,lm_head.weight.v,67108864,67136149,RAW,0.04082191700581461
21,resid_lambdas.m,32,32,RAW_VECTOR,5.125009920448065e-06
21,resid_lambdas.v,32,32,RAW_VECTOR,3.3300602808594704e-07
21,x0_lambdas.m,32,32,RAW_VECTOR,1.0830117389559746e-06
21,x0_lambdas.v,32,32,RAW_VECTOR,4.5899651013314724e-07
21,value_embeds.1.weight.m,67108864,67136149,RAW,0.05734845800907351
21,value_embeds.1.weight.v,67108864,67136149,RAW,0.04003083301358856
21,value_embeds.3.weight.m,67108864,67136149,RAW,0.040279417007695884
21,value_embeds.3.weight.v,67108864,67136149,RAW,0.04015454201726243
21,value_embeds.5.weight.m,67108864,67136149,RAW,0.03865712499828078
21,value_embeds.5.weight.v,67108864,67136149,RAW,0.040107374981744215
21,value_embeds.7.weight.m,67108864,67136149,RAW,0.036373250011820346
21,value_embeds.7.weight.v,67108864,67136149,RAW,0.03988970801583491
22,wte.weight.m,67108864,67136149,RAW,0.03895849999389611
22,wte.weight.v,67108864,67136149,RAW,0.037541500001680106
22,blocks.0.attn.c_q.weight.buf,1048576,1049401,RAW,0.0006282499816734344
22,blocks.0.attn.c_k.weight.buf,1048576,1049401,RAW,0.0005868330190423876
22,blocks.0.attn.c_v.weight.buf,1048576,1049401,RAW,0.0005902090051677078
22,blocks.0.attn.c_proj.weight.buf,1048576,1049401,RAW,0.0005516250093933195
22,blocks.0.mlp.c_fc.weight.buf,4194304,4196389,RAW,0.0022037920134607702
22,blocks.0.mlp.c_proj.weight.buf,4194304,4195129,RAW,0.0025574580067768693
22,blocks.1.attn.c_q.weight.buf,1048576,1049401,RAW,0.0007030839915387332
22,blocks.1.attn.c_k.weight.buf,1048576,1049401,RAW,0.0005722079949919134
22,blocks.1.attn.c_v.weight.buf,1048576,1049401,RAW,0.0005694999999832362
22,blocks.1.attn.c_proj.weight.buf,1048576,1049401,RAW,0.000573000026633963
22,blocks.1.attn.ve_gate.weight.buf,512,1022,RAW,6.791990017518401e-06
22,blocks.1.mlp.c_fc.weight.buf,4194304,4196389,RAW,0.002042499982053414
22,blocks.1.mlp.c_proj.weight.buf,4194304,4195129,RAW,0.0019749590137507766
22,blocks.2.attn.c_q.weight.buf,1048576,1049401,RAW,0.0006004169990774244
22,blocks.2.attn.c_k.weight.buf,1048576,1049401,RAW,0.0005542080034501851
22,blocks.2.attn.c_v.weight.buf,1048576,1049401,RAW,0.0006118749734014273
22,blocks.2.attn.c_proj.weight.buf,1048576,1049401,RAW,0.0005596660193987191
22,blocks.2.mlp.c_fc.weight.buf,4194304,4196389,RAW,0.002023082983214408
22,blocks.2.mlp.c_proj.weight.buf,4194304,4195129,RAW,0.0019875839934684336
22,blocks.3.attn.c_q.weight.buf,1048576,1049401,RAW,0.0005918329989071935
22,blocks.3.attn.c_k.weight.buf,1048576,1049401,RAW,0.0005466250004246831
22,blocks.3.attn.c_v.weight.buf,1048576,1049401,RAW,0.0005475409852806479
22,blocks.3.attn.c_proj.weight.buf,1048576,1049401,RAW,0.0005404579860623926
22,blocks.3.attn.ve_gate.weight.buf,512,1022,RAW,7.4169947765767574e-06
22,blocks.3.mlp.c_fc.weight.buf,4194304,4196389,RAW,0.001984540984267369
22,blocks.3.mlp.c_proj.weight.buf,4194304,4195129,RAW,0.0021181250049266964
22,blocks.4.attn.c_q.weight.buf,1048576,1049401,RAW,0.0005985419848002493
22,blocks.4.attn.c_k.weight.buf,1048576,1049401,RAW,0.022862415993586183
22,blocks.4.attn.c_v.weight.buf,1048576,1049401,RAW,0.0007245830202009529
22,blocks.4.attn.c_proj.weight.buf,1048576,1049401,RAW,0.0005911249900236726
22,blocks.4.mlp.c_fc.weight.buf,4194304,4196389,RAW,0.0022678750101476908
22,blocks.4.mlp.c_proj.weight.buf,4194304,4195129,RAW,0.0020368749974295497
22,blocks.5.attn.c_q.weight.buf,1048576,1049401,RAW,0.0005940839764662087
22,blocks.5.attn.c_k.weight.buf,1048576,1049401,RAW,0.0005727080279029906
22,blocks.5.attn.c_v.weight.buf,1048576,1049401,RAW,0.000555666018044576
22,blocks.5.attn.c_proj.weight.buf,1048576,1049401,RAW,0.0005395409825723618
22,blocks.5.attn.ve_gate.weight.buf,512,1022,RAW,8.083006832748652e-06
22,blocks.5.mlp.c_fc.weight.buf,4194304,4196389,RAW,0.00198491700575687
22,blocks.5.mlp.c_proj.weight.buf,4194304,4195129,RAW,0.0020571659842971712
22,blocks.6.attn.c_q.weight.buf,1048576,1049401,RAW,0.0005865840066689998
22,blocks.6.attn.c_k.weight.buf,1048576,1049401,RAW,0.000546208000741899
22,blocks.6.attn.c_v.weight.buf,1048576,1049401,RAW,0.0005639999872073531
22,blocks.6.attn.c_proj.weight.buf,1048576,1049401,RAW,0.0005431660101749003
22,blocks.6.mlp.c_fc.weight.buf,4194304,4196389,RAW,0.001984375005122274
22,blocks.6.mlp.c_proj.weight.buf,4194304,4195129,RAW,0.0019934579904656857
22,blocks.7.attn.c_q.weight.buf,1048576,1049401,RAW,0.0005812500021420419
22,blocks.7.attn.c_k.weight.buf,1048576,1049401,RAW,0.0005265000218059868
22,blocks.7.attn.c_v.weight.buf,1048576,1049401,RAW,0.0005309169937390834
22,blocks.7.attn.c_proj.weight.buf,1048576,1049401,RAW,0.000532083009602502
22,blocks.7.attn.ve_gate.weight.buf,512,1022,RAW,9.665993275120854e-06
22,blocks.7.mlp.c_fc.weight.buf,4194304,4196389,RAW,0.0020935840148013085
22,blocks.7.mlp.c_proj.weight.buf,4194304,4195129,RAW,0.02356729199527763
22,lm_head.weight.m,67108864,67136149,RAW,0.0342312499997206
22,lm_head.weight.v,67108864,67136149,RAW,0.039898791001178324
22,resid_lambdas.m,32,32,RAW_VECTOR,4.416011506691575e-06
22,resid_lambdas.v,32,32,RAW_VECTOR,1.7090060282498598e-06
22,x0_lambdas.m,32,32,RAW_VECTOR,9.170034900307655e-07
22,x0_lambdas.v,32,32,RAW_VECTOR,4.159810487180948e-07
22,value_embeds.1.weight.m,67108864,67136149,RAW,0.03474883301532827
22,value_embeds.1.weight.v,67108864,67136149,RAW,0.03303729198523797
22,value_embeds.3.weight.m,67108864,67136149,RAW,0.03511583397630602
22,value_embeds.3.weight.v,67108864,67136149,RAW,0.04038716701325029
22,value_embeds.5.weight.m,67108864,67136149,RAW,0.0349862500152085
22,value_embeds.5.weight.v,67108864,67136149,RAW,0.04638683301163837
22,value_embeds.7.weight.m,67108864,67136149,RAW,0.03717808300280012
22,value_embeds.7.weight.v,67108864,67136149,RAW,0.04474058299092576
23,wte.weight.m,67108864,67136149,RAW,0.0388852079922799
23,wte.weight.v,67108864,67136149,RAW,0.051960290991701186
23,blocks.0.attn.c_q.weight.buf,1048576,1049401,RAW,0.0007258749974425882
23,blocks.0.attn.c_k.weight.buf,1048576,1049401,RAW,0.0006134160212241113
23,blocks.0.attn.c_v.weight.buf,1048576,1049401,RAW,0.0005951250204816461
23,blocks.0.attn.c_proj.weight.buf,1048576,1049401,RAW,0.0005975830135867
23,blocks.0.mlp.c_fc.weight.buf,4194304,4196389,RAW,0.003084042022237554
23,blocks.0.mlp.c_proj.weight.buf,4194304,4195129,RAW,0.002126166014932096
23,blocks.1.attn.c_q.weight.buf,1048576,1049401,RAW,0.00060450000455603
23,blocks.1.attn.c_k.weight.buf,1048576,1049401,RAW,0.0005662909825332463
23,blocks.1.attn.c_v.weight.buf,1048576,1049401,RAW,0.0005832500173710287
23,blocks.1.attn.c_proj.weight.buf,1048576,1049401,RAW,0.0005846249987371266
23,blocks.1.attn.ve_gate.weight.buf,512,1022,RAW,9.042007150128484e-06
23,blocks.1.mlp.c_fc.weight.buf,4194304,4196389,RAW,0.0020977919921278954
23,blocks.1.mlp.c_proj.weight.buf,4194304,4195129,RAW,0.002026416012085974
23,blocks.2.attn.c_q.weight.buf,1048576,1049401,RAW,0.0006119999743532389
23,blocks.2.attn.c_k.weight.buf,1048576,1049401,RAW,0.0005565419851336628
23,blocks.2.attn.c_v.weight.buf,1048576,1049401,RAW,0.0005774169985670596
23,blocks.2.attn.c_proj.weight.buf,1048576,1049401,RAW,0.0005673330160789192
23,blocks.2.mlp.c_fc.weight.buf,4194304,4196389,RAW,0.0021114999835845083
23,blocks.2.mlp.c_proj.weight.buf,4194304,4195129,RAW,0.0020170419884379953
23,blocks.3.attn.c_q.weight.buf,1048576,1049401,RAW,0.02462924999417737
23,blocks.3.attn.c_k.weight.buf,1048576,1049401,RAW,0.0007741670124232769
23,blocks.3.attn.c_v.weight.buf,1048576,1049401,RAW,0.0006145839870441705
23,blocks.3.attn.c_proj.weight.buf,1048576,1049401,RAW,0.0005891250038985163
23,blocks.3.attn.ve_gate.weight.buf,512,1022,RAW,1.5582976629957557e-05
23,blocks.3.mlp.c_fc.weight.buf,4194304,4196389,RAW,0.0023352919961325824
23,blocks.3.mlp.c_proj.weight.buf,4194304,4195129,RAW,0.002026832982664928
23,blocks.4.attn.c_q.weight.buf,1048576,1049401,RAW,0.0006176659953780472
23,blocks.4.attn.c_k.weight.buf,1048576,1049401,RAW,0.000592124997638166
23,blocks.4.attn.c_v.weight.buf,1048576,1049401,RAW,0.0005694999999832362
23,blocks.4.attn.c_proj.weight.buf,1048576,1049401,RAW,0.0005586250044871122
23,blocks.4.mlp.c_fc.weight.buf,4194304,4196389,RAW,0.0020823329978156835
23,blocks.4.mlp.c_proj.weight.buf,4194304,4195129,RAW,0.0019747499900404364
23,blocks.5.attn.c_q.weight.buf,1048576,1049401,RAW,0.0006425830069929361
23,blocks.5.attn.c_k.weight.buf,1048576,1049401,RAW,0.0005756250175181776
23,blocks.5.attn.c_v.weight.buf,1048576,1049401,RAW,0.0005660419992636889
23,blocks.5.attn.c_proj.weight.buf,1048576,1049401,RAW,0.0005614580004476011
23,blocks.5.attn.ve_gate.weight.buf,512,1022,RAW,8.333998266607523e-06
23,blocks.5.mlp.c_fc.weight.buf,4194304,4196389,RAW,0.0020487910078372806
23,blocks.5.mlp.c_proj.weight.buf,4194304,4195129,RAW,0.002142459008609876
23,blocks.6.attn.c_q.weight.buf,1048576,1049401,RAW,0.0006033329991623759
23,blocks.6.attn.c_k.weight.buf,1048576,1049401,RAW,0.0005592920060735196
23,blocks.6.attn.c_v.weight.buf,1048576,1049401,RAW,0.0005710420082323253
23,blocks.6.attn.c_proj.weight.buf,1048576,1049401,RAW,0.023932167008752003
23,blocks.6.mlp.c_fc.weight.buf,4194304,4196389,RAW,0.002422542020212859
23,blocks.6.mlp.c_proj.weight.buf,4194304,4195129,RAW,0.0021137919975444674
23,blocks.7.attn.c_q.weight.buf,1048576,1049401,RAW,0.0006306669965852052
23,blocks.7.attn.c_k.weight.buf,1048576,1049401,RAW,0.000605208013439551
23,blocks.7.attn.c_v.weight.buf,1048576,1049401,RAW,0.0009116249857470393
23,blocks.7.attn.c_proj.weight.buf,1048576,1049401,RAW,0.0005708749813493341
23,blocks.7.attn.ve_gate.weight.buf,512,1022,RAW,9.41698090173304e-06
23,blocks.7.mlp.c_fc.weight.buf,4194304,4196389,RAW,0.002048416994512081
23,blocks.7.mlp.c_proj.weight.buf,4194304,4195129,RAW,0.0020787919929716736
23,lm_head.weight.m,67108864,67136149,RAW,0.043190833006519824
23,lm_head.weight.v,67108864,67136149,RAW,0.039775207987986505
23,resid_lambdas.m,32,32,RAW_VECTOR,5.874986527487636e-06
23,resid_lambdas.v,32,32,RAW_VECTOR,5.839974619448185e-07
23,x0_lambdas.m,32,32,RAW_VECTOR,9.159848559647799e-07
23,x0_lambdas.v,32,32,RAW_VECTOR,4.580069798976183e-07
23,value_embeds.1.weight.m,67108864,67136149,RAW,0.03434187499806285
23,value_embeds.1.weight.v,67108864,67136149,RAW,0.040200874995207414
23,value_embeds.3.weight.m,67108864,67136149,RAW,0.037577667011646554
23,value_embeds.3.weight.v,67108864,67136149,RAW,0.040135791990906
23,value_embeds.5.weight.m,67108864,67136149,RAW,0.03757454099832103
23,value_embeds.5.weight.v,67108864,67136149,RAW,0.0415202500007581
23,value_embeds.7.weight.m,67108864,67136149,RAW,0.058394875028170645
23,value_embeds.7.weight.v,67108864,67136149,RAW,0.040500083996448666
24,wte.weight.m,67108864,67136149,RAW,0.038186624995432794
24,wte.weight.v,67108864,67136149,RAW,0.055927209003129974
24,blocks.0.attn.c_q.weight.buf,1048576,1049401,RAW,0.0007452089921571314
24,blocks.0.attn.c_k.weight.buf,1048576,1049401,RAW,0.000597625010414049
24,blocks.0.attn.c_v.weight.buf,1048576,1049401,RAW,0.0005768749979324639
24,blocks.0.attn.c_proj.weight.buf,1048576,1049401,RAW,0.0005622909811791033
24,blocks.0.mlp.c_fc.weight.buf,4194304,4196389,RAW,0.0022778339916840196
24,blocks.0.mlp.c_proj.weight.buf,4194304,4195129,RAW,0.0020261669997125864
24,blocks.1.attn.c_q.weight.buf,1048576,1049401,RAW,0.0006304999988060445
24,blocks.1.attn.c_k.weight.buf,1048576,1049401,RAW,0.0005612079985439777
24,blocks.1.attn.c_v.weight.buf,1048576,1049401,RAW,0.0005506669986061752
24,blocks.1.attn.c_proj.weight.buf,1048576,1049401,RAW,0.000543333007954061
24,blocks.1.attn.ve_gate.weight.buf,512,1022,RAW,2.270800177939236e-05
24,blocks.1.mlp.c_fc.weight.buf,4194304,4196389,RAW,0.0020659999863710254
24,blocks.1.mlp.c_proj.weight.buf,4194304,4195129,RAW,0.002039957995293662
24,blocks.2.attn.c_q.weight.buf,1048576,1049401,RAW,0.0005537909746635705
24,blocks.2.attn.c_k.weight.buf,1048576,1049401,RAW,0.0005832920141983777
24,blocks.2.attn.c_v.weight.buf,1048576,1049401,RAW,0.0005560000136028975
24,blocks.2.attn.c_proj.weight.buf,1048576,1049401,RAW,0.0005542500002775341
24,blocks.2.mlp.c_fc.weight.buf,4194304,4196389,RAW,0.002054000011412427
24,blocks.2.mlp.c_proj.weight.buf,4194304,4195129,RAW,0.002012374985497445
24,blocks.3.attn.c_q.weight.buf,1048576,1049401,RAW,0.0005640410236082971
24,blocks.3.attn.c_k.weight.buf,1048576,1049401,RAW,0.000562166009331122
24,blocks.3.attn.c_v.weight.buf,1048576,1049401,RAW,0.0013947080005891621
24,blocks.3.attn.c_proj.weight.buf,1048576,1049401,RAW,0.0005864159902557731
24,blocks.3.attn.ve_gate.weight.buf,512,1022,RAW,3.145798109471798e-05
24,blocks.3.mlp.c_fc.weight.buf,4194304,4196389,RAW,0.0022945840028114617
24,blocks.3.mlp.c_proj.weight.buf,4194304,4195129,RAW,0.0020487089932430536
24,blocks.4.attn.c_q.weight.buf,1048576,1049401,RAW,0.0006164170044939965
24,blocks.4.attn.c_k.weight.buf,1048576,1049401,RAW,0.0005656669964082539
24,blocks.4.attn.c_v.weight.buf,1048576,1049401,RAW,0.0005436250066850334
24,blocks.4.attn.c_proj.weight.buf,1048576,1049401,RAW,0.0005189169896766543
24,blocks.4.mlp.c_fc.weight.buf,4194304,4196389,RAW,0.0020252919930499047
24,blocks.4.mlp.c_proj.weight.buf,4194304,4195129,RAW,0.002062874991679564
24,blocks.5.attn.c_q.weight.buf,1048576,1049401,RAW,0.0005707919772248715
24,blocks.5.attn.c_k.weight.buf,1048576,1049401,RAW,0.0005783330125268549
24,blocks.5.attn.c_v.weight.buf,1048576,1049401,RAW,0.000515749998157844
24,blocks.5.attn.c_proj.weight.buf,1048576,1049401,RAW,0.000559207983314991
24,blocks.5.attn.ve_gate.weight.buf,512,1022,RAW,7.708003977313638e-06
24,blocks.5.mlp.c_fc.weight.buf,4194304,4196389,RAW,0.0020332499989308417
24,blocks.5.mlp.c_proj.weight.buf,4194304,4195129,RAW,0.0019543750095181167
24,blocks.6.attn.c_q.weight.buf,1048576,1049401,RAW,0.0005513330106623471
24,blocks.6.attn.c_k.weight.buf,1048576,1049401,RAW,0.0005307919927872717
24,blocks.6.attn.c_v.weight.buf,1048576,1049401,RAW,0.0005227920191828161
24,blocks.6.attn.c_proj.weight.buf,1048576,1049401,RAW,0.0005633330147247761
24,blocks.6.mlp.c_fc.weight.buf,4194304,4196389,RAW,0.023747833998641
24,blocks.6.mlp.c_proj.weight.buf,4194304,4195129,RAW,0.0023761659977026284
24,blocks.7.attn.c_q.weight.buf,1048576,1049401,RAW,0.0006328340095933527
24,blocks.7.attn.c_k.weight.buf,1048576,1049401,RAW,0.0005640830204356462
24,blocks.7.attn.c_v.weight.buf,1048576,1049401,RAW,0.000560332991881296
24,blocks.7.attn.c_proj.weight.buf,1048576,1049401,RAW,0.0005771659780293703
24,blocks.7.attn.ve_gate.weight.buf,512,1022,RAW,2.908398164436221e-05
24,blocks.7.mlp.c_fc.weight.buf,4194304,4196389,RAW,0.023619458981556818
24,blocks.7.mlp.c_proj.weight.buf,4194304,4195129,RAW,0.0021595829748548567
24,lm_head.weight.m,67108864,67136149,RAW,0.053782083006808534
24,lm_head.weight.v,67108864,67136149,RAW,0.03904879200854339
24,resid_lambdas.m,32,32,RAW_VECTOR,7.624999852851033e-06
24,resid_lambdas.v,32,32,RAW_VECTOR,1.374981366097927e-06
24,x0_lambdas.m,32,32,RAW_VECTOR,1.9999861251562834e-06
24,x0_lambdas.v,32,32,RAW_VECTOR,9.999785106629133e-07
24,value_embeds.1.weight.m,67108864,67136149,RAW,0.03479866700945422
24,value_embeds.1.weight.v,67108864,67136149,RAW,0.04158754201489501
24,value_embeds.3.weight.m,67108864,67136149,RAW,0.03702804201748222
24,value_embeds.3.weight.v,67108864,67136149,RAW,0.03835887499735691
24,value_embeds.5.weight.m,67108864,67136149,RAW,0.035920416994486004
24,value_embeds.5.weight.v,67108864,67136149,RAW,0.0379471670021303
24,value_embeds.7.weight.m,67108864,67136149,RAW,0.039850125001976267
24,value_embeds.7.weight.v,67108864,67136149,RAW,0.03978658400592394
25,wte.weight.m,67108864,67136149,RAW,0.04814408300444484
25,wte.weight.v,67108864,67136149,RAW,0.041635500005213544
25,blocks.0.attn.c_q.weight.buf,1048576,1049401,RAW,0.0006871250225231051
25,blocks.0.attn.c_k.weight.buf,1048576,1049401,RAW,0.0006173330184537917
25,blocks.0.attn.c_v.weight.buf,1048576,1049401,RAW,0.000616833014646545
25,blocks.0.attn.c_proj.weight.buf,1048576,1049401,RAW,0.0006184579979162663
25,blocks.0.mlp.c_fc.weight.buf,4194304,4196389,RAW,0.0029161249985918403
25,blocks.0.mlp.c_proj.weight.buf,4194304,4195129,RAW,0.0024861660203896463
25,blocks.1.attn.c_q.weight.buf,1048576,1049401,RAW,0.0006794159999117255
25,blocks.1.attn.c_k.weight.buf,1048576,1049401,RAW,0.0006198330083861947
25,blocks.1.attn.c_v.weight.buf,1048576,1049401,RAW,0.0014595840184483677
25,blocks.1.attn.c_proj.weight.buf,1048576,1049401,RAW,0.0006606670212931931
25,blocks.1.attn.ve_gate.weight.buf,512,1022,RAW,2.0957988454028964e-05
25,blocks.1.mlp.c_fc.weight.buf,4194304,4196389,RAW,0.0024206660164054483
25,blocks.1.mlp.c_proj.weight.buf,4194304,4195129,RAW,0.0022390829981304705
25,blocks.2.attn.c_q.weight.buf,1048576,1049401,RAW,0.0006920419982634485
25,blocks.2.attn.c_k.weight.buf,1048576,1049401,RAW,0.0006220420182216913
25,blocks.2.attn.c_v.weight.buf,1048576,1049401,RAW,0.0006159159820526838
25,blocks.2.attn.c_proj.weight.buf,1048576,1049401,RAW,0.0006052909884601831
25,blocks.2.mlp.c_fc.weight.buf,4194304,4196389,RAW,0.0021764170087408274
25,blocks.2.mlp.c_proj.weight.buf,4194304,4195129,RAW,0.002207708021160215
25,blocks.3.attn.c_q.weight.buf,1048576,1049401,RAW,0.0006550420075654984
25,blocks.3.attn.c_k.weight.buf,1048576,1049401,RAW,0.0006132909911684692
25,blocks.3.attn.c_v.weight.buf,1048576,1049401,RAW,0.0006167500105220824
25,blocks.3.attn.c_proj.weight.buf,1048576,1049401,RAW,0.0006072500254958868
25,blocks.3.attn.ve_gate.weight.buf,512,1022,RAW,2.329199924133718e-05
25,blocks.3.mlp.c_fc.weight.buf,4194304,4196389,RAW,0.0021571250108536333
25,blocks.3.mlp.c_proj.weight.buf,4194304,4195129,RAW,0.002141125005437061
25,blocks.4.attn.c_q.weight.buf,1048576,1049401,RAW,0.0006602919893339276
25,blocks.4.attn.c_k.weight.buf,1048576,1049401,RAW,0.0006039160070940852
25,blocks.4.attn.c_v.weight.buf,1048576,1049401,RAW,0.0005987919867038727
25,blocks.4.attn.c_proj.weight.buf,1048576,1049401,RAW,0.0006360000115819275
25,blocks.4.mlp.c_fc.weight.buf,4194304,4196389,RAW,0.002129250002326444
25,blocks.4.mlp.c_proj.weight.buf,4194304,4195129,RAW,0.02944658399792388
25,blocks.5.attn.c_q.weight.buf,1048576,1049401,RAW,0.0007928329869173467
25,blocks.5.attn.c_k.weight.buf,1048576,1049401,RAW,0.0006309590244200081
25,blocks.5.attn.c_v.weight.buf,1048576,1049401,RAW,0.0006377090176101774
25,blocks.5.attn.c_proj.weight.buf,1048576,1049401,RAW,0.000636707991361618
25,blocks.5.attn.ve_gate.weight.buf,512,1022,RAW,1.8082995666190982e-05
25,blocks.5.mlp.c_fc.weight.buf,4194304,4196389,RAW,0.002447125007165596
25,blocks.5.mlp.c_proj.weight.buf,4194304,4195129,RAW,0.0020590829954016954
25,blocks.6.attn.c_q.weight.buf,1048576,1049401,RAW,0.0006288329896051437
25,blocks.6.attn.c_k.weight.buf,1048576,1049401,RAW,0.0005703339993488044
25,blocks.6.attn.c_v.weight.buf,1048576,1049401,RAW,0.0005801249935757369
25,blocks.6.attn.c_proj.weight.buf,1048576,1049401,RAW,0.0005722919886466116
25,blocks.6.mlp.c_fc.weight.buf,4194304,4196389,RAW,0.0020564579754136503
25,blocks.6.mlp.c_proj.weight.buf,4194304,4195129,RAW,0.0020284999918658286
25,blocks.7.attn.c_q.weight.buf,1048576,1049401,RAW,0.0006245829863473773
25,blocks.7.attn.c_k.weight.buf,1048576,1049401,RAW,0.000582792010391131
25,blocks.7.attn.c_v.weight.buf,1048576,1049401,RAW,0.0005592080124188215
25,blocks.7.attn.c_proj.weight.buf,1048576,1049401,RAW,0.0005947499885223806
25,blocks.7.attn.ve_gate.weight.buf,512,1022,RAW,1.604200224392116e-05
25,blocks.7.mlp.c_fc.weight.buf,4194304,4196389,RAW,0.0020594579982571304
25,blocks.7.mlp.c_proj.weight.buf,4194304,4195129,RAW,0.0020385000098031014
25,lm_head.weight.m,67108864,67136149,RAW,0.039483291999204084
25,lm_head.weight.v,67108864,67136149,RAW,0.057937333011068404
25,resid_lambdas.m,32,32,RAW_VECTOR,5.915993824601173e-06
25,resid_lambdas.v,32,32,RAW_VECTOR,1.5420082490891218e-06
25,x0_lambdas.m,32,32,RAW_VECTOR,1.167005393654108e-06
25,x0_lambdas.v,32,32,RAW_VECTOR,4.159810487180948e-07
25,value_embeds.1.weight.m,67108864,67136149,RAW,0.0362270420009736
25,value_embeds.1.weight.v,67108864,67136149,RAW,0.03645320900250226
25,value_embeds.3.weight.m,67108864,67136149,RAW,0.03585170800215565
25,value_embeds.3.weight.v,67108864,67136149,RAW,0.035915000014938414
25,value_embeds.5.weight.m,67108864,67136149,RAW,0.03565749997505918
25,value_embeds.5.weight.v,67108864,67136149,RAW,0.04206612499547191
25,value_embeds.7.weight.m,67108864,67136149,RAW,0.03581658299663104
25,value_embeds.7.weight.v,67108864,67136149,RAW,0.04196195802069269
26,wte.weight.m,67108864,67136149,RAW,0.035103917005471885
26,wte.weight.v,67108864,67136149,RAW,0.03457204200094566
26,blocks.0.attn.c_q.weight.buf,1048576,1049401,RAW,0.0007218329992610961
26,blocks.0.attn.c_k.weight.buf,1048576,1049401,RAW,0.0005945829907432199
26,blocks.0.attn.c_v.weight.buf,1048576,1049401,RAW,0.0006179579941090196
26,blocks.0.attn.c_proj.weight.buf,1048576,1049401,RAW,0.0005807080015074462
26,blocks.0.mlp.c_fc.weight.buf,4194304,4196389,RAW,0.002360416983719915
26,blocks.0.mlp.c_proj.weight.buf,4194304,4195129,RAW,0.0019996250048279762
26,blocks.1.attn.c_q.weight.buf,1048576,1049401,RAW,0.0006162080098874867
26,blocks.1.attn.c_k.weight.buf,1048576,1049401,RAW,0.000597250007558614
26,blocks.1.attn.c_v.weight.buf,1048576,1049401,RAW,0.0005566669860854745
26,blocks.1.attn.c_proj.weight.buf,1048576,1049401,RAW,0.0005539999983739108
26,blocks.1.attn.ve_gate.weight.buf,512,1022,RAW,8.292001439258456e-06
26,blocks.1.mlp.c_fc.weight.buf,4194304,4196389,RAW,0.0020560830016620457
26,blocks.1.mlp.c_proj.weight.buf,4194304,4195129,RAW,0.0020579999836627394
26,blocks.2.attn.c_q.weight.buf,1048576,1049401,RAW,0.0006227499980013818
26,blocks.2.attn.c_k.weight.buf,1048576,1049401,RAW,0.0005662500043399632
26,blocks.2.attn.c_v.weight.buf,1048576,1049401,RAW,0.0005865000130143017
26,blocks.2.attn.c_proj.weight.buf,1048576,1049401,RAW,0.0005760409985668957
26,blocks.2.mlp.c_fc.weight.buf,4194304,4196389,RAW,0.002057665988104418
26,blocks.2.mlp.c_proj.weight.buf,4194304,4195129,RAW,0.002095166011713445
26,blocks.3.attn.c_q.weight.buf,1048576,1049401,RAW,0.0006156660092528909
26,blocks.3.attn.c_k.weight.buf,1048576,1049401,RAW,0.0005909170140512288
26,blocks.3.attn.c_v.weight.buf,1048576,1049401,RAW,0.0005547500040847808
26,blocks.3.attn.c_proj.weight.buf,1048576,1049401,RAW,0.0005862079851794988
26,blocks.3.attn.ve_gate.weight.buf,512,1022,RAW,9.416020475327969e-06
26,blocks.3.mlp.c_fc.weight.buf,4194304,4196389,RAW,0.026437749998876825
26,blocks.3.mlp.c_proj.weight.buf,4194304,4195129,RAW,0.0021560000022873282
26,blocks.4.attn.c_q.weight.buf,1048576,1049401,RAW,0.0006212920125108212
26,blocks.4.attn.c_k.weight.buf,1048576,1049401,RAW,0.0005767090187873691
26,blocks.4.attn.c_v.weight.buf,1048576,1049401,RAW,0.000569041003473103
26,blocks.4.attn.c_proj.weight.buf,1048576,1049401,RAW,0.0005838329961989075
26,blocks.4.mlp.c_fc.weight.buf,4194304,4196389,RAW,0.0020539170072879642
26,blocks.4.mlp.c_proj.weight.buf,4194304,4195129,RAW,0.001998792024096474
26,blocks.5.attn.c_q.weight.buf,1048576,1049401,RAW,0.0006325419817585498
26,blocks.5.attn.c_k.weight.buf,1048576,1049401,RAW,0.0005561659927479923
26,blocks.5.attn.c_v.weight.buf,1048576,1049401,RAW,0.0005625830090139061
26,blocks.5.attn.c_proj.weight.buf,1048576,1049401,RAW,0.0005694580031558871
26,blocks.5.attn.ve_gate.weight.buf,512,1022,RAW,8.292001439258456e-06
26,blocks.5.mlp.c_fc.weight.buf,4194304,4196389,RAW,0.0020394999883137643
26,blocks.5.mlp.c_proj.weight.buf,4194304,4195129,RAW,0.002025499998126179
26,blocks.6.attn.c_q.weight.buf,1048576,1049401,RAW,0.0005934580112807453
26,blocks.6.attn.c_k.weight.buf,1048576,1049401,RAW,0.0005618750001303852
26,blocks.6.attn.c_v.weight.buf,1048576,1049401,RAW,0.0005512500065378845
26,blocks.6.attn.c_proj.weight.buf,1048576,1049401,RAW,0.0005742080102209002
26,blocks.6.mlp.c_fc.weight.buf,4194304,4196389,RAW,0.002039167011389509
26,blocks.6.mlp.c_proj.weight.buf,4194304,4195129,RAW,0.0021503749885596335
26,blocks.7.attn.c_q.weight.buf,1048576,1049401,RAW,0.000600500003201887
26,blocks.7.attn.c_k.weight.buf,1048576,1049401,RAW,0.0005575830000452697
26,blocks.7.attn.c_v.weight.buf,1048576,1049401,RAW,0.0005836670170538127
26,blocks.7.attn.c_proj.weight.buf,1048576,1049401,RAW,0.0005621669988613576
26,blocks.7.attn.ve_gate.weight.buf,512,1022,RAW,0.00014124999870546162
26,blocks.7.mlp.c_fc.weight.buf,4194304,4196389,RAW,0.002405166014796123
26,blocks.7.mlp.c_proj.weight.buf,4194304,4195129,RAW,0.0021014169906266034
26,lm_head.weight.m,67108864,67136149,RAW,0.03565541701391339
26,lm_head.weight.v,67108864,67136149,RAW,0.06136999998125248
26,resid_lambdas.m,32,32,RAW_VECTOR,7.166003342717886e-06
26,resid_lambdas.v,32,32,RAW_VECTOR,4.5899651013314724e-07
26,x0_lambdas.m,32,32,RAW_VECTOR,1.00000761449337e-06
26,x0_lambdas.v,32,32,RAW_VECTOR,4.169996827840805e-07
26,value_embeds.1.weight.m,67108864,67136149,RAW,0.03884745802497491
26,value_embeds.1.weight.v,67108864,67136149,RAW,0.03855587501311675
26,value_embeds.3.weight.m,67108864,67136149,RAW,0.03410304099088535
26,value_embeds.3.weight.v,67108864,67136149,RAW,0.038461374992039055
26,value_embeds.5.weight.m,67108864,67136149,RAW,0.039074416999937966
26,value_embeds.5.weight.v,67108864,67136149,RAW,0.03958841698477045
26,value_embeds.7.weight.m,67108864,67136149,RAW,0.03467475000070408
26,value_embeds.7.weight.v,67108864,67136149,RAW,0.058844792016316205
27,wte.weight.m,67108864,67136149,RAW,0.03881412500049919
27,wte.weight.v,67108864,67136149,RAW,0.05765429200255312
27,blocks.0.attn.c_q.weight.buf,1048576,1049401,RAW,0.0007354579865932465
27,blocks.0.attn.c_k.weight.buf,1048576,1049401,RAW,0.0006301249959506094
27,blocks.0.attn.c_v.weight.buf,1048576,1049401,RAW,0.0006275409832596779
27,blocks.0.attn.c_proj.weight.buf,1048576,1049401,RAW,0.0006291669851634651
27,blocks.0.mlp.c_fc.weight.buf,4194304,4196389,RAW,0.00245033300598152
27,blocks.0.mlp.c_proj.weight.buf,4194304,4195129,RAW,0.0021614580182358623
27,blocks.1.attn.c_q.weight.buf,1048576,1049401,RAW,0.0006683749961666763
27,blocks.1.attn.c_k.weight.buf,1048576,1049401,RAW,0.0006110829999670386
27,blocks.1.attn.c_v.weight.buf,1048576,1049401,RAW,0.000624749984126538
27,blocks.1.attn.c_proj.weight.buf,1048576,1049401,RAW,0.0006274580082390457
27,blocks.1.attn.ve_gate.weight.buf,512,1022,RAW,1.8250022549182177e-05
27,blocks.1.mlp.c_fc.weight.buf,4194304,4196389,RAW,0.002121500001521781
27,blocks.1.mlp.c_proj.weight.buf,4194304,4195129,RAW,0.002301665983395651
27,blocks.2.attn.c_q.weight.buf,1048576,1049401,RAW,0.000673625007038936
27,blocks.2.attn.c_k.weight.buf,1048576,1049401,RAW,0.0006567919917870313
27,blocks.2.attn.c_v.weight.buf,1048576,1049401,RAW,0.0006278340006247163
27,blocks.2.attn.c_proj.weight.buf,1048576,1049401,RAW,0.0006323330162558705
27,blocks.2.mlp.c_fc.weight.buf,4194304,4196389,RAW,0.002225250005722046
27,blocks.2.mlp.c_proj.weight.buf,4194304,4195129,RAW,0.029460875026416034
27,blocks.3.attn.c_q.weight.buf,1048576,1049401,RAW,0.0008740420162212104
27,blocks.3.attn.c_k.weight.buf,1048576,1049401,RAW,0.0006962909828871489
27,blocks.3.attn.c_v.weight.buf,1048576,1049401,RAW,0.0006653330055996776
27,blocks.3.attn.c_proj.weight.buf,1048576,1049401,RAW,0.0006461669981945306
27,blocks.3.attn.ve_gate.weight.buf,512,1022,RAW,2.8125010430812836e-05
27,blocks.3.mlp.c_fc.weight.buf,4194304,4196389,RAW,0.0028610829904209822
27,blocks.3.mlp.c_proj.weight.buf,4194304,4195129,RAW,0.002214375010225922
27,blocks.4.attn.c_q.weight.buf,1048576,1049401,RAW,0.0007036669994704425
27,blocks.4.attn.c_k.weight.buf,1048576,1049401,RAW,0.000636332988506183
27,blocks.4.attn.c_v.weight.buf,1048576,1049401,RAW,0.0006304580019786954
27,blocks.4.attn.c_proj.weight.buf,1048576,1049401,RAW,0.0006313750054687262
27,blocks.4.mlp.c_fc.weight.buf,4194304,4196389,RAW,0.0021900419960729778
27,blocks.4.mlp.c_proj.weight.buf,4194304,4195129,RAW,0.002401208010269329
27,blocks.5.attn.c_q.weight.buf,1048576,1049401,RAW,0.0006642910011578351
27,blocks.5.attn.c_k.weight.buf,1048576,1049401,RAW,0.0006447499908972532
27,blocks.5.attn.c_v.weight.buf,1048576,1049401,RAW,0.0006285829877015203
27,blocks.5.attn.c_proj.weight.buf,1048576,1049401,RAW,0.0006318749801721424
27,blocks.5.attn.ve_gate.weight.buf,512,1022,RAW,1.7416983610019088e-05
27,blocks.5.mlp.c_fc.weight.buf,4194304,4196389,RAW,0.002235708001535386
27,blocks.5.mlp.c_proj.weight.buf,4194304,4195129,RAW,0.002156167000066489
27,blocks.6.attn.c_q.weight.buf,1048576,1049401,RAW,0.001388042001053691
27,blocks.6.attn.c_k.weight.buf,1048576,1049401,RAW,0.0006526249926537275
27,blocks.6.attn.c_v.weight.buf,1048576,1049401,RAW,0.0006438330165110528
27,blocks.6.attn.c_proj.weight.buf,1048576,1049401,RAW,0.0006152499991003424
27,blocks.6.mlp.c_fc.weight.buf,4194304,4196389,RAW,0.002675458003068343
27,blocks.6.mlp.c_proj.weight.buf,4194304,4195129,RAW,0.029870041005779058
27,blocks.7.attn.c_q.weight.buf,1048576,1049401,RAW,0.0007933749875519425
27,blocks.7.attn.c_k.weight.buf,1048576,1049401,RAW,0.0006321670080069453
27,blocks.7.attn.c_v.weight.buf,1048576,1049401,RAW,0.000603041989961639
27,blocks.7.attn.c_proj.weight.buf,1048576,1049401,RAW,0.000600125000346452
27,blocks.7.attn.ve_gate.weight.buf,512,1022,RAW,1.6874982975423336e-05
27,blocks.7.mlp.c_fc.weight.buf,4194304,4196389,RAW,0.0024529999936930835
27,blocks.7.mlp.c_proj.weight.buf,4194304,4195129,RAW,0.002183750009862706
27,lm_head.weight.m,67108864,67136149,RAW,0.04150849999859929
27,lm_head.weight.v,67108864,67136149,RAW,0.041430915996897966
27,resid_lambdas.m,32,32,RAW_VECTOR,6.62502134218812e-06
27,resid_lambdas.v,32,32,RAW_VECTOR,5.00003807246685e-07
27,x0_lambdas.m,32,32,RAW_VECTOR,2.582994056865573e-06
27,x0_lambdas.v,32,32,RAW_VECTOR,5.00003807246685e-07
27,value_embeds.1.weight.m,67108864,67136149,RAW,0.06826562498463318
27,value_embeds.1.weight.v,67108864,67136149,RAW,0.03611608300707303
27,value_embeds.3.weight.m,67108864,67136149,RAW,0.03954333299770951
27,value_embeds.3.weight.v,67108864,67136149,RAW,0.04729933402268216
27,value_embeds.5.weight.m,67108864,67136149,RAW,0.03595554200001061
27,value_embeds.5.weight.v,67108864,67136149,RAW,0.03904258299735375
27,value_embeds.7.weight.m,67108864,67136149,RAW,0.03634512500138953
27,value_embeds.7.weight.v,67108864,67136149,RAW,0.03713591699488461
28,wte.weight.m,67108864,67136149,RAW,0.03524845800711773
28,wte.weight.v,67108864,67136149,RAW,0.034523332986282185
28,blocks.0.attn.c_q.weight.buf,1048576,1049401,RAW,0.000883542001247406
28,blocks.0.attn.c_k.weight.buf,1048576,1049401,RAW,0.0005995829997118562
28,blocks.0.attn.c_v.weight.buf,1048576,1049401,RAW,0.0005816249758936465
28,blocks.0.attn.c_proj.weight.buf,1048576,1049401,RAW,0.0006243330135475844
28,blocks.0.mlp.c_fc.weight.buf,4194304,4196389,RAW,0.002934917021775618
28,blocks.0.mlp.c_proj.weight.buf,4194304,4195129,RAW,0.002041665982687846
28,blocks.1.attn.c_q.weight.buf,1048576,1049401,RAW,0.0006614580051973462
28,blocks.1.attn.c_k.weight.buf,1048576,1049401,RAW,0.0006154159782454371
28,blocks.1.attn.c_v.weight.buf,1048576,1049401,RAW,0.0005799169884994626
28,blocks.1.attn.c_proj.weight.buf,1048576,1049401,RAW,0.0005627500067930669
28,blocks.1.attn.ve_gate.weight.buf,512,1022,RAW,8.458009688183665e-06
28,blocks.1.mlp.c_fc.weight.buf,4194304,4196389,RAW,0.002016833022935316
28,blocks.1.mlp.c_proj.weight.buf,4194304,4195129,RAW,0.002073041978292167
28,blocks.2.attn.c_q.weight.buf,1048576,1049401,RAW,0.0006118750025052577
28,blocks.2.attn.c_k.weight.buf,1048576,1049401,RAW,0.0005677090084645897
28,blocks.2.attn.c_v.weight.buf,1048576,1049401,RAW,0.0006129589746706188
28,blocks.2.attn.c_proj.weight.buf,1048576,1049401,RAW,0.0005646249919664115
28,blocks.2.mlp.c_fc.weight.buf,4194304,4196389,RAW,0.0020536249794531614
28,blocks.2.mlp.c_proj.weight.buf,4194304,4195129,RAW,0.002293124998686835
28,blocks.3.attn.c_q.weight.buf,1048576,1049401,RAW,0.0006501669995486736
28,blocks.3.attn.c_k.weight.buf,1048576,1049401,RAW,0.0005667080113198608
28,blocks.3.attn.c_v.weight.buf,1048576,1049401,RAW,0.0005632500106003135
28,blocks.3.attn.c_proj.weight.buf,1048576,1049401,RAW,0.0005654580018017441
28,blocks.3.attn.ve_gate.weight.buf,512,1022,RAW,7.624999852851033e-06
28,blocks.3.mlp.c_fc.weight.buf,4194304,4196389,RAW,0.0034837079874705523
28,blocks.3.mlp.c_proj.weight.buf,4194304,4195129,RAW,0.002102166006807238
28,blocks.4.attn.c_q.weight.buf,1048576,1049401,RAW,0.0006631660216953605
28,blocks.4.attn.c_k.weight.buf,1048576,1049401,RAW,0.0005834590119775385
28,blocks.4.attn.c_v.weight.buf,1048576,1049401,RAW,0.0005525420128833503
28,blocks.4.attn.c_proj.weight.buf,1048576,1049401,RAW,0.0005822909879498184
28,blocks.4.mlp.c_fc.weight.buf,4194304,4196389,RAW,0.0021166249935049564
28,blocks.4.mlp.c_proj.weight.buf,4194304,4195129,RAW,0.001980041997740045
28,blocks.5.attn.c_q.weight.buf,1048576,1049401,RAW,0.000601958017796278
28,blocks.5.attn.c_k.weight.buf,1048576,1049401,RAW,0.0005905410216655582
28,blocks.5.attn.c_v.weight.buf,1048576,1049401,RAW,0.0005694999999832362
28,blocks.5.attn.c_proj.weight.buf,1048576,1049401,RAW,0.0005557920085266232
28,blocks.5.attn.ve_gate.weight.buf,512,1022,RAW,9.000010322779417e-06
28,blocks.5.mlp.c_fc.weight.buf,4194304,4196389,RAW,0.002063083986286074
28,blocks.5.mlp.c_proj.weight.buf,4194304,4195129,RAW,0.0020000829827040434
28,blocks.6.attn.c_q.weight.buf,1048576,1049401,RAW,0.0006060409941710532
28,blocks.6.attn.c_k.weight.buf,1048576,1049401,RAW,0.0006053330143913627
28,blocks.6.attn.c_v.weight.buf,1048576,1049401,RAW,0.0005647910002153367
28,blocks.6.attn.c_proj.weight.buf,1048576,1049401,RAW,0.0005500410043168813
28,blocks.6.mlp.c_fc.weight.buf,4194304,4196389,RAW,0.002046625013463199
28,blocks.6.mlp.c_proj.weight.buf,4194304,4195129,RAW,0.002027333015576005
28,blocks.7.attn.c_q.weight.buf,1048576,1049401,RAW,0.0006708340079057962
28,blocks.7.attn.c_k.weight.buf,1048576,1049401,RAW,0.0005887500010430813
28,blocks.7.attn.c_v.weight.buf,1048576,1049401,RAW,0.0005665420030709356
28,blocks.7.attn.c_proj.weight.buf,1048576,1049401,RAW,0.0005696660082321614
28,blocks.7.attn.ve_gate.weight.buf,512,1022,RAW,1.462499494664371e-05
28,blocks.7.mlp.c_fc.weight.buf,4194304,4196389,RAW,0.002048750000540167
28,blocks.7.mlp.c_proj.weight.buf,4194304,4195129,RAW,0.003614665998611599
28,lm_head.weight.m,67108864,67136149,RAW,0.035246542014647275
28,lm_head.weight.v,67108864,67136149,RAW,0.03417916700709611
28,resid_lambdas.m,32,32,RAW_VECTOR,4.917004844173789e-06
28,resid_lambdas.v,32,32,RAW_VECTOR,1.667009200900793e-06
28,x0_lambdas.m,32,32,RAW_VECTOR,1.4169781934469938e-06
28,x0_lambdas.v,32,32,RAW_VECTOR,4.5899651013314724e-07
28,value_embeds.1.weight.m,67108864,67136149,RAW,0.035459082981105894
28,value_embeds.1.weight.v,67108864,67136149,RAW,0.03668608298175968
28,value_embeds.3.weight.m,67108864,67136149,RAW,0.03544295800384134
28,value_embeds.3.weight.v,67108864,67136149,RAW,0.04277275002095848
28,value_embeds.5.weight.m,67108864,67136149,RAW,0.0353504590166267
28,value_embeds.5.weight.v,67108864,67136149,RAW,0.044475916016381234
28,value_embeds.7.weight.m,67108864,67136149,RAW,0.035200542013626546
28,value_embeds.7.weight.v,67108864,67136149,RAW,0.042069332994287834
29,wte.weight.m,67108864,67136149,RAW,0.037358916975790635
29,wte.weight.v,67108864,67136149,RAW,0.052355167019413784
29,blocks.0.attn.c_q.weight.buf,1048576,1049401,RAW,0.0006742080149706453
29,blocks.0.attn.c_k.weight.buf,1048576,1049401,RAW,0.0005980829882901162
29,blocks.0.attn.c_v.weight.buf,1048576,1049401,RAW,0.0005984159943182021
29,blocks.0.attn.c_proj.weight.buf,1048576,1049401,RAW,0.0005804169923067093
29,blocks.0.mlp.c_fc.weight.buf,4194304,4196389,RAW,0.002260709006804973
29,blocks.0.mlp.c_proj.weight.buf,4194304,4195129,RAW,0.0019791249942500144
29,blocks.1.attn.c_q.weight.buf,1048576,1049401,RAW,0.0005933750071562827
29,blocks.1.attn.c_k.weight.buf,1048576,1049401,RAW,0.0005954589869361371
29,blocks.1.attn.c_v.weight.buf,1048576,1049401,RAW,0.0005520000122487545
29,blocks.1.attn.c_proj.weight.buf,1048576,1049401,RAW,0.0005450000171549618
29,blocks.1.attn.ve_gate.weight.buf,512,1022,RAW,8.66700429469347e-06
29,blocks.1.mlp.c_fc.weight.buf,4194304,4196389,RAW,0.0020107080054003745
29,blocks.1.mlp.c_proj.weight.buf,4194304,4195129,RAW,0.0020031250023748726
29,blocks.2.attn.c_q.weight.buf,1048576,1049401,RAW,0.0005456249928101897
29,blocks.2.attn.c_k.weight.buf,1048576,1049401,RAW,0.000536833016667515
29,blocks.2.attn.c_v.weight.buf,1048576,1049401,RAW,0.0005482500127982348
29,blocks.2.attn.c_proj.weight.buf,1048576,1049401,RAW,0.000526666990481317
29,blocks.2.mlp.c_fc.weight.buf,4194304,4196389,RAW,0.002031042007729411
29,blocks.2.mlp.c_proj.weight.buf,4194304,4195129,RAW,0.001957041007699445
29,blocks.3.attn.c_q.weight.buf,1048576,1049401,RAW,0.0006231660081539303
29,blocks.3.attn.c_k.weight.buf,1048576,1049401,RAW,0.0005130420031491667
29,blocks.3.attn.c_v.weight.buf,1048576,1049401,RAW,0.001171625015558675
29,blocks.3.attn.c_proj.weight.buf,1048576,1049401,RAW,0.0005772079748567194
29,blocks.3.attn.ve_gate.weight.buf,512,1022,RAW,9.042007150128484e-06
29,blocks.3.mlp.c_fc.weight.buf,4194304,4196389,RAW,0.002271375007694587
29,blocks.3.mlp.c_proj.weight.buf,4194304,4195129,RAW,0.0020590000203810632
29,blocks.4.attn.c_q.weight.buf,1048576,1049401,RAW,0.0006227919948287308
29,blocks.4.attn.c_k.weight.buf,1048576,1049401,RAW,0.0005455000209622085
29,blocks.4.attn.c_v.weight.buf,1048576,1049401,RAW,0.0005874170165043324
29,blocks.4.attn.c_proj.weight.buf,1048576,1049401,RAW,0.000499875022796914
29,blocks.4.mlp.c_fc.weight.buf,4194304,4196389,RAW,0.0020427910203579813
29,blocks.4.mlp.c_proj.weight.buf,4194304,4195129,RAW,0.001999166008317843
29,blocks.5.attn.c_q.weight.buf,1048576,1049401,RAW,0.0005977500113658607
29,blocks.5.attn.c_k.weight.buf,1048576,1049401,RAW,0.0005510420014616102
29,blocks.5.attn.c_v.weight.buf,1048576,1049401,RAW,0.0005227499932516366
29,blocks.5.attn.c_proj.weight.buf,1048576,1049401,RAW,0.0005200839950703084
29,blocks.5.attn.ve_gate.weight.buf,512,1022,RAW,7.166992872953415e-06
29,blocks.5.mlp.c_fc.weight.buf,4194304,4196389,RAW,0.002087792003294453
29,blocks.5.mlp.c_proj.weight.buf,4194304,4195129,RAW,0.0019561249937396497
29,blocks.6.attn.c_q.weight.buf,1048576,1049401,RAW,0.0005914579960517585
29,blocks.6.attn.c_k.weight.buf,1048576,1049401,RAW,0.0005639999872073531
29,blocks.6.attn.c_v.weight.buf,1048576,1049401,RAW,0.0005309169937390834
29,blocks.6.attn.c_proj.weight.buf,1048576,1049401,RAW,0.0005504579748958349
29,blocks.6.mlp.c_fc.weight.buf,4194304,4196389,RAW,0.0020264580089133233
29,blocks.6.mlp.c_proj.weight.buf,4194304,4195129,RAW,0.0019781250157393515
29,blocks.7.attn.c_q.weight.buf,1048576,1049401,RAW,0.0006362920103129
29,blocks.7.attn.c_k.weight.buf,1048576,1049401,RAW,0.0005052080086898059
29,blocks.7.attn.c_v.weight.buf,1048576,1049401,RAW,0.024257042008684948
29,blocks.7.attn.c_proj.weight.buf,1048576,1049401,RAW,0.0005748330149799585
29,blocks.7.attn.ve_gate.weight.buf,512,1022,RAW,1.0042014764621854e-05
29,blocks.7.mlp.c_fc.weight.buf,4194304,4196389,RAW,0.0023290420067496598
29,blocks.7.mlp.c_proj.weight.buf,4194304,4195129,RAW,0.0020810420101042837
29,lm_head.weight.m,67108864,67136149,RAW,0.06138791699777357
29,lm_head.weight.v,67108864,67136149,RAW,0.041859541001031175
29,resid_lambdas.m,32,32,RAW_VECTOR,7.875001756474376e-06
29,resid_lambdas.v,32,32,RAW_VECTOR,5.00003807246685e-07
29,x0_lambdas.m,32,32,RAW_VECTOR,1.2090022210031748e-06
29,x0_lambdas.v,32,32,RAW_VECTOR,3.3300602808594704e-07
29,value_embeds.1.weight.m,67108864,67136149,RAW,0.06678475000080653
29,value_embeds.1.weight.v,67108864,67136149,RAW,0.03694929101038724
29,value_embeds.3.weight.m,67108864,67136149,RAW,0.0379096670076251
29,value_embeds.3.weight.v,67108864,67136149,RAW,0.04804925000644289
29,value_embeds.5.weight.m,67108864,67136149,RAW,0.03997029102174565
29,value_embeds.5.weight.v,67108864,67136149,RAW,0.04461995800375007
29,value_embeds.7.weight.m,67108864,67136149,RAW,0.03621279200888239
29,value_embeds.7.weight.v,67108864,67136149,RAW,0.03788437499315478
30,wte.weight.m,67108864,67136149,RAW,0.04076391700073145
30,wte.weight.v,67108864,67136149,RAW,0.033169625006848946
30,blocks.0.attn.c_q.weight.buf,1048576,1049401,RAW,0.0008165829931385815
30,blocks.0.attn.c_k.weight.buf,1048576,1049401,RAW,0.0006088340014684945
30,blocks.0.attn.c_v.weight.buf,1048576,1049401,RAW,0.000624791020527482
30,blocks.0.attn.c_proj.weight.buf,1048576,1049401,RAW,0.0005887089937459677
30,blocks.0.mlp.c_fc.weight.buf,4194304,4196389,RAW,0.002319374994840473
30,blocks.0.mlp.c_proj.weight.buf,4194304,4195129,RAW,0.0020699170127045363
30,blocks.1.attn.c_q.weight.buf,1048576,1049401,RAW,0.0006381249986588955
30,blocks.1.attn.c_k.weight.buf,1048576,1049401,RAW,0.0005586670013144612
30,blocks.1.attn.c_v.weight.buf,1048576,1049401,RAW,0.0005697500018868595
30,blocks.1.attn.c_proj.weight.buf,1048576,1049401,RAW,0.0005992919905111194
30,blocks.1.attn.ve_gate.weight.buf,512,1022,RAW,1.8291000742465258e-05
30,blocks.1.mlp.c_fc.weight.buf,4194304,4196389,RAW,0.0020925410208292305
30,blocks.1.mlp.c_proj.weight.buf,4194304,4195129,RAW,0.0020513749914243817
30,blocks.2.attn.c_q.weight.buf,1048576,1049401,RAW,0.0006143329956103116
30,blocks.2.attn.c_k.weight.buf,1048576,1049401,RAW,0.0005742079811170697
30,blocks.2.attn.c_v.weight.buf,1048576,1049401,RAW,0.0005721250199712813
30,blocks.2.attn.c_proj.weight.buf,1048576,1049401,RAW,0.0006012090016156435
30,blocks.2.mlp.c_fc.weight.buf,4194304,4196389,RAW,0.0020398749911691993
30,blocks.2.mlp.c_proj.weight.buf,4194304,4195129,RAW,0.0021609580144286156
30,blocks.3.attn.c_q.weight.buf,1048576,1049401,RAW,0.0006144159997347742
30,blocks.3.attn.c_k.weight.buf,1048576,1049401,RAW,0.0005687919910997152
30,blocks.3.attn.c_v.weight.buf,1048576,1049401,RAW,0.0007417500019073486
30,blocks.3.attn.c_proj.weight.buf,1048576,1049401,RAW,0.0005999580025672913
30,blocks.3.attn.ve_gate.weight.buf,512,1022,RAW,8.625007467344403e-06
30,blocks.3.mlp.c_fc.weight.buf,4194304,4196389,RAW,0.0023228749923873693
30,blocks.3.mlp.c_proj.weight.buf,4194304,4195129,RAW,0.0020989589975215495
30,blocks.4.attn.c_q.weight.buf,1048576,1049401,RAW,0.001314291002927348
30,blocks.4.attn.c_k.weight.buf,1048576,1049401,RAW,0.0005962080031167716
30,blocks.4.attn.c_v.weight.buf,1048576,1049401,RAW,0.0005697500018868595
30,blocks.4.attn.c_proj.weight.buf,1048576,1049401,RAW,0.0005744580121245235
30,blocks.4.mlp.c_fc.weight.buf,4194304,4196389,RAW,0.002226457989308983
30,blocks.4.mlp.c_proj.weight.buf,4194304,4195129,RAW,0.0020714170241262764
30,blocks.5.attn.c_q.weight.buf,1048576,1049401,RAW,0.0006022909947205335
30,blocks.5.attn.c_k.weight.buf,1048576,1049401,RAW,0.0005775419995188713
30,blocks.5.attn.c_v.weight.buf,1048576,1049401,RAW,0.0006000830035191029
30,blocks.5.attn.c_proj.weight.buf,1048576,1049401,RAW,0.000576916994759813
30,blocks.5.attn.ve_gate.weight.buf,512,1022,RAW,8.25000461190939e-06
30,blocks.5.mlp.c_fc.weight.buf,4194304,4196389,RAW,0.0020587079925462604
30,blocks.5.mlp.c_proj.weight.buf,4194304,4195129,RAW,0.00203558400971815
30,blocks.6.attn.c_q.weight.buf,1048576,1049401,RAW,0.0006219579954631627
30,blocks.6.attn.c_k.weight.buf,1048576,1049401,RAW,0.0005783340020570904
30,blocks.6.attn.c_v.weight.buf,1048576,1049401,RAW,0.0005899579846300185
30,blocks.6.attn.c_proj.weight.buf,1048576,1049401,RAW,0.0005609169893432409
30,blocks.6.mlp.c_fc.weight.buf,4194304,4196389,RAW,0.02545029198518023
30,blocks.6.mlp.c_proj.weight.buf,4194304,4195129,RAW,0.002386084001045674
30,blocks.7.attn.c_q.weight.buf,1048576,1049401,RAW,0.0006470830121543258
30,blocks.7.attn.c_k.weight.buf,1048576,1049401,RAW,0.0006116660078987479
30,blocks.7.attn.c_v.weight.buf,1048576,1049401,RAW,0.0005862919788341969
30,blocks.7.attn.c_proj.weight.buf,1048576,1049401,RAW,0.0006094579875934869
30,blocks.7.attn.ve_gate.weight.buf,512,1022,RAW,8.37500556372106e-06
30,blocks.7.mlp.c_fc.weight.buf,4194304,4196389,RAW,0.002739874995313585
30,blocks.7.mlp.c_proj.weight.buf,4194304,4195129,RAW,0.002117791009368375
30,lm_head.weight.m,67108864,67136149,RAW,0.04677929199533537
30,lm_head.weight.v,67108864,67136149,RAW,0.040436709008645266
30,resid_lambdas.m,32,32,RAW_VECTOR,5.292007699608803e-06
30,resid_lambdas.v,32,32,RAW_VECTOR,5.420006345957518e-07
30,x0_lambdas.m,32,32,RAW_VECTOR,1.207983586937189e-06
30,x0_lambdas.v,32,32,RAW_VECTOR,4.580069798976183e-07
30,value_embeds.1.weight.m,67108864,67136149,RAW,0.06165524999960326
30,value_embeds.1.weight.v,67108864,67136149,RAW,0.03519208400393836
30,value_embeds.3.weight.m,67108864,67136149,RAW,0.03567541600205004
30,value_embeds.3.weight.v,67108864,67136149,RAW,0.043309708999004215
30,value_embeds.5.weight.m,67108864,67136149,RAW,0.036020042025484145
30,value_embeds.5.weight.v,67108864,67136149,RAW,0.03422179201152176
30,value_embeds.7.weight.m,67108864,67136149,RAW,0.03853812499437481
30,value_embeds.7.weight.v,67108864,67136149,RAW,0.0633358750201296
31,wte.weight.m,67108864,67136149,RAW,0.045822582993423566
31,wte.weight.v,67108864,67136149,RAW,0.03872300000512041
31,blocks.0.attn.c_q.weight.buf,1048576,1049401,RAW,0.0006222910014912486
31,blocks.0.attn.c_k.weight.buf,1048576,1049401,RAW,0.0005602090095635504
31,blocks.0.attn.c_v.weight.buf,1048576,1049401,RAW,0.0005318330076988786
31,blocks.0.attn.c_proj.weight.buf,1048576,1049401,RAW,0.0005249170062597841
31,blocks.0.mlp.c_fc.weight.buf,4194304,4196389,RAW,0.002320583997061476
31,blocks.0.mlp.c_proj.weight.buf,4194304,4195129,RAW,0.0019686669984366745
31,blocks.1.attn.c_q.weight.buf,1048576,1049401,RAW,0.0005999579734634608
31,blocks.1.attn.c_k.weight.buf,1048576,1049401,RAW,0.0005971249775029719
31,blocks.1.attn.c_v.weight.buf,1048576,1049401,RAW,0.0005407090066000819
31,blocks.1.attn.c_proj.weight.buf,1048576,1049401,RAW,0.0005387910059653223
31,blocks.1.attn.ve_gate.weight.buf,512,1022,RAW,7.916998583823442e-06
31,blocks.1.mlp.c_fc.weight.buf,4194304,4196389,RAW,0.003290459018899128
31,blocks.1.mlp.c_proj.weight.buf,4194304,4195129,RAW,0.0020539159886538982
31,blocks.2.attn.c_q.weight.buf,1048576,1049401,RAW,0.0006433750095311552
31,blocks.2.attn.c_k.weight.buf,1048576,1049401,RAW,0.0005644170159939677
31,blocks.2.attn.c_v.weight.buf,1048576,1049401,RAW,0.0005843749968335032
31,blocks.2.attn.c_proj.weight.buf,1048576,1049401,RAW,0.0005551670037675649
31,blocks.2.mlp.c_fc.weight.buf,4194304,4196389,RAW,0.0020565830054692924
31,blocks.2.mlp.c_proj.weight.buf,4194304,4195129,RAW,0.0019644160056486726
31,blocks.3.attn.c_q.weight.buf,1048576,1049401,RAW,0.000611708004726097
31,blocks.3.attn.c_k.weight.buf,1048576,1049401,RAW,0.0005592500092461705
31,blocks.3.attn.c_v.weight.buf,1048576,1049401,RAW,0.0005494169890880585
31,blocks.3.attn.c_proj.weight.buf,1048576,1049401,RAW,0.000551957986317575
31,blocks.3.attn.ve_gate.weight.buf,512,1022,RAW,2.691600820980966e-05
31,blocks.3.mlp.c_fc.weight.buf,4194304,4196389,RAW,0.0020522080012597144
31,blocks.3.mlp.c_proj.weight.buf,4194304,4195129,RAW,0.001983833994017914
31,blocks.4.attn.c_q.weight.buf,1048576,1049401,RAW,0.0005771660071332008
31,blocks.4.attn.c_k.weight.buf,1048576,1049401,RAW,0.0005437500076368451
31,blocks.4.attn.c_v.weight.buf,1048576,1049401,RAW,0.0005425839917734265
31,blocks.4.attn.c_proj.weight.buf,1048576,1049401,RAW,0.0005139170098118484
31,blocks.4.mlp.c_fc.weight.buf,4194304,4196389,RAW,0.0020593329973053187
31,blocks.4.mlp.c_proj.weight.buf,4194304,4195129,RAW,0.0019585409900173545
31,blocks.5.attn.c_q.weight.buf,1048576,1049401,RAW,0.0006095420103520155
31,blocks.5.attn.c_k.weight.buf,1048576,1049401,RAW,0.0005164580070413649
31,blocks.5.attn.c_v.weight.buf,1048576,1049401,RAW,0.0005351660074666142
31,blocks.5.attn.c_proj.weight.buf,1048576,1049401,RAW,0.0005217089783400297
31,blocks.5.attn.ve_gate.weight.buf,512,1022,RAW,1.912500010803342e-05
31,blocks.5.mlp.c_fc.weight.buf,4194304,4196389,RAW,0.0033931669895537198
31,blocks.5.mlp.c_proj.weight.buf,4194304,4195129,RAW,0.0020325419900473207
31,blocks.6.attn.c_q.weight.buf,1048576,1049401,RAW,0.0006119169993326068
31,blocks.6.attn.c_k.weight.buf,1048576,1049401,RAW,0.0005862919788341969
31,blocks.6.attn.c_v.weight.buf,1048576,1049401,RAW,0.0005535419913940132
31,blocks.6.attn.c_proj.weight.buf,1048576,1049401,RAW,0.0005608749925158918
31,blocks.6.mlp.c_fc.weight.buf,4194304,4196389,RAW,0.001991208002436906
31,blocks.6.mlp.c_proj.weight.buf,4194304,4195129,RAW,0.002033500000834465
31,blocks.7.attn.c_q.weight.buf,1048576,1049401,RAW,0.0006106660002842546
31,blocks.7.attn.c_k.weight.buf,1048576,1049401,RAW,0.0005549579800572246
31,blocks.7.attn.c_v.weight.buf,1048576,1049401,RAW,0.0005654589913319796
31,blocks.7.attn.c_proj.weight.buf,1048576,1049401,RAW,0.000530999997863546
31,blocks.7.attn.ve_gate.weight.buf,512,1022,RAW,7.584021659567952e-06
31,blocks.7.mlp.c_fc.weight.buf,4194304,4196389,RAW,0.0020055420172866434
31,blocks.7.mlp.c_proj.weight.buf,4194304,4195129,RAW,0.0020403339876793325
31,lm_head.weight.m,67108864,67136149,RAW,0.05915679197642021
31,lm_head.weight.v,67108864,67136149,RAW,0.03533816698472947
31,resid_lambdas.m,32,32,RAW_VECTOR,5.290989065542817e-06
31,resid_lambdas.v,32,32,RAW_VECTOR,1.7920101527124643e-06
31,x0_lambdas.m,32,32,RAW_VECTOR,1.5829864423722029e-06
31,x0_lambdas.v,32,32,RAW_VECTOR,4.169996827840805e-07
31,value_embeds.1.weight.m,67108864,67136149,RAW,0.0394828749995213
31,value_embeds.1.weight.v,67108864,67136149,RAW,0.04979354198439978
31,value_embeds.3.weight.m,67108864,67136149,RAW,0.037085042014950886
31,value_embeds.3.weight.v,67108864,67136149,RAW,0.04470362499705516
31,value_embeds.5.weight.m,67108864,67136149,RAW,0.0370835000067018
31,value_embeds.5.weight.v,67108864,67136149,RAW,0.04649670800426975
31,value_embeds.7.weight.m,67108864,67136149,RAW,0.03698179198545404
31,value_embeds.7.weight.v,67108864,67136149,RAW,0.04415662499377504
32,wte.weight.m,67108864,67136149,RAW,0.03578787500737235
32,wte.weight.v,67108864,67136149,RAW,0.06075599999167025
32,blocks.0.attn.c_q.weight.buf,1048576,1049401,RAW,0.0006543749768752605
32,blocks.0.attn.c_k.weight.buf,1048576,1049401,RAW,0.0005761669890489429
32,blocks.0.attn.c_v.weight.buf,1048576,1049401,RAW,0.0005973750085104257
32,blocks.0.attn.c_proj.weight.buf,1048576,1049401,RAW,0.0005818330100737512
32,blocks.0.mlp.c_fc.weight.buf,4194304,4196389,RAW,0.0023015829792711884
32,blocks.0.mlp.c_proj.weight.buf,4194304,4195129,RAW,0.002069583017146215
32,blocks.1.attn.c_q.weight.buf,1048576,1049401,RAW,0.0006332909979391843
32,blocks.1.attn.c_k.weight.buf,1048576,1049401,RAW,0.000599374994635582
32,blocks.1.attn.c_v.weight.buf,1048576,1049401,RAW,0.0005791249859612435
32,blocks.1.attn.c_proj.weight.buf,1048576,1049401,RAW,0.0005737500032410026
32,blocks.1.attn.ve_gate.weight.buf,512,1022,RAW,8.832983439788222e-06
32,blocks.1.mlp.c_fc.weight.buf,4194304,4196389,RAW,0.002666291984496638
32,blocks.1.mlp.c_proj.weight.buf,4194304,4195129,RAW,0.002081124985124916
32,blocks.2.attn.c_q.weight.buf,1048576,1049401,RAW,0.0006262920214794576
32,blocks.2.attn.c_k.weight.buf,1048576,1049401,RAW,0.0006232079758774489
32,blocks.2.attn.c_v.weight.buf,1048576,1049401,RAW,0.0006135420117061585
32,blocks.2.attn.c_proj.weight.buf,1048576,1049401,RAW,0.0006802910065744072
32,blocks.2.mlp.c_fc.weight.buf,4194304,4196389,RAW,0.0021248330012895167
32,blocks.2.mlp.c_proj.weight.buf,4194304,4195129,RAW,0.002266625000629574
32,blocks.3.attn.c_q.weight.buf,1048576,1049401,RAW,0.0007002910133451223
32,blocks.3.attn.c_k.weight.buf,1048576,1049401,RAW,0.0006007920019328594
32,blocks.3.attn.c_v.weight.buf,1048576,1049401,RAW,0.0006771670014131814
32,blocks.3.attn.c_proj.weight.buf,1048576,1049401,RAW,0.0006401670107152313
32,blocks.3.attn.ve_gate.weight.buf,512,1022,RAW,1.1750002158805728e-05
32,blocks.3.mlp.c_fc.weight.buf,4194304,4196389,RAW,0.002239458990516141
32,blocks.3.mlp.c_proj.weight.buf,4194304,4195129,RAW,0.0023630840005353093
32,blocks.4.attn.c_q.weight.buf,1048576,1049401,RAW,0.000677958014421165
32,blocks.4.attn.c_k.weight.buf,1048576,1049401,RAW,0.000677958014421165
32,blocks.4.attn.c_v.weight.buf,1048576,1049401,RAW,0.0006542920018546283
32,blocks.4.attn.c_proj.weight.buf,1048576,1049401,RAW,0.000624041014816612
32,blocks.4.mlp.c_fc.weight.buf,4194304,4196389,RAW,0.0030783750116825104
32,blocks.4.mlp.c_proj.weight.buf,4194304,4195129,RAW,0.0021327089925762266
32,blocks.5.attn.c_q.weight.buf,1048576,1049401,RAW,0.0006599579937756062
32,blocks.5.attn.c_k.weight.buf,1048576,1049401,RAW,0.0005981669819448143
32,blocks.5.attn.c_v.weight.buf,1048576,1049401,RAW,0.0005950829945504665
32,blocks.5.attn.c_proj.weight.buf,1048576,1049401,RAW,0.0005660000024363399
32,blocks.5.attn.ve_gate.weight.buf,512,1022,RAW,1.09999964479357e-05
32,blocks.5.mlp.c_fc.weight.buf,4194304,4196389,RAW,0.0021166249935049564
32,blocks.5.mlp.c_proj.weight.buf,4194304,4195129,RAW,0.0020481670217122883
32,blocks.6.attn.c_q.weight.buf,1048576,1049401,RAW,0.0006203329830896109
32,blocks.6.attn.c_k.weight.buf,1048576,1049401,RAW,0.0006225419929251075
32,blocks.6.attn.c_v.weight.buf,1048576,1049401,RAW,0.0005782909865956753
32,blocks.6.attn.c_proj.weight.buf,1048576,1049401,RAW,0.0005817920027766377
32,blocks.6.mlp.c_fc.weight.buf,4194304,4196389,RAW,0.002043125015916303
32,blocks.6.mlp.c_proj.weight.buf,4194304,4195129,RAW,0.0021594999998342246
32,blocks.7.attn.c_q.weight.buf,1048576,1049401,RAW,0.000642457976937294
32,blocks.7.attn.c_k.weight.buf,1048576,1049401,RAW,0.0005942080169916153
32,blocks.7.attn.c_v.weight.buf,1048576,1049401,RAW,0.000653375027468428
32,blocks.7.attn.c_proj.weight.buf,1048576,1049401,RAW,0.0005775419995188713
32,blocks.7.attn.ve_gate.weight.buf,512,1022,RAW,9.000010322779417e-06
32,blocks.7.mlp.c_fc.weight.buf,4194304,4196389,RAW,0.002086916007101536
32,blocks.7.mlp.c_proj.weight.buf,4194304,4195129,RAW,0.02406841699848883
32,lm_head.weight.m,67108864,67136149,RAW,0.0354832089797128
32,lm_head.weight.v,67108864,67136149,RAW,0.03681841600337066
32,resid_lambdas.m,32,32,RAW_VECTOR,5.0419766921550035e-06
32,resid_lambdas.v,32,32,RAW_VECTOR,4.169996827840805e-07
32,x0_lambdas.m,32,32,RAW_VECTOR,9.580107871443033e-07
32,x0_lambdas.v,32,32,RAW_VECTOR,4.580069798976183e-07
32,value_embeds.1.weight.m,67108864,67136149,RAW,0.038201041985303164
32,value_embeds.1.weight.v,67108864,67136149,RAW,0.037986458017257974
32,value_embeds.3.weight.m,67108864,67136149,RAW,0.035946792020695284
32,value_embeds.3.weight.v,67108864,67136149,RAW,0.035987457988085225
32,value_embeds.5.weight.m,67108864,67136149,RAW,0.036533875012537464
32,value_embeds.5.weight.v,67108864,67136149,RAW,0.03468887502094731
32,value_embeds.7.weight.m,67108864,67136149,RAW,0.036411458015209064
32,value_embeds.7.weight.v,67108864,67136149,RAW,0.03724270800012164
33,wte.weight.m,67108864,67136149,RAW,0.03604058301425539
33,wte.weight.v,67108864,67136149,RAW,0.0721239999984391
33,blocks.0.attn.c_q.weight.buf,1048576,1049401,RAW,0.0006699159857816994
33,blocks.0.attn.c_k.weight.buf,1048576,1049401,RAW,0.0005561249854508787
33,blocks.0.attn.c_v.weight.buf,1048576,1049401,RAW,0.0005345000245142728
33,blocks.0.attn.c_proj.weight.buf,1048576,1049401,RAW,0.0005407919816207141
33,blocks.0.mlp.c_fc.weight.buf,4194304,4196389,RAW,0.002182458993047476
33,blocks.0.mlp.c_proj.weight.buf,4194304,4195129,RAW,0.0019730420026462525
33,blocks.1.attn.c_q.weight.buf,1048576,1049401,RAW,0.0006052500102669001
33,blocks.1.attn.c_k.weight.buf,1048576,1049401,RAW,0.0006125840009190142
33,blocks.1.attn.c_v.weight.buf,1048576,1049401,RAW,0.0005310839915182441
33,blocks.1.attn.c_proj.weight.buf,1048576,1049401,RAW,0.0005114590167067945
33,blocks.1.attn.ve_gate.weight.buf,512,1022,RAW,7.916998583823442e-06
33,blocks.1.mlp.c_fc.weight.buf,4194304,4196389,RAW,0.001967666990822181
33,blocks.1.mlp.c_proj.weight.buf,4194304,4195129,RAW,0.002001583023229614
33,blocks.2.attn.c_q.weight.buf,1048576,1049401,RAW,0.0006395000091288239
33,blocks.2.attn.c_k.weight.buf,1048576,1049401,RAW,0.0005441249813884497
33,blocks.2.attn.c_v.weight.buf,1048576,1049401,RAW,0.001327625010162592
33,blocks.2.attn.c_proj.weight.buf,1048576,1049401,RAW,0.0005766669928561896
33,blocks.2.mlp.c_fc.weight.buf,4194304,4196389,RAW,0.0022507499961648136
33,blocks.2.mlp.c_proj.weight.buf,4194304,4195129,RAW,0.0019914160075131804
33,blocks.3.attn.c_q.weight.buf,1048576,1049401,RAW,0.0006397079851012677
33,blocks.3.attn.c_k.weight.buf,1048576,1049401,RAW,0.0005507500027306378
33,blocks.3.attn.c_v.weight.buf,1048576,1049401,RAW,0.0005471250042319298
33,blocks.3.attn.c_proj.weight.buf,1048576,1049401,RAW,0.0005287909880280495
33,blocks.3.attn.ve_gate.weight.buf,512,1022,RAW,2.258300082758069e-05
33,blocks.3.mlp.c_fc.weight.buf,4194304,4196389,RAW,0.0020223330066073686
33,blocks.3.mlp.c_proj.weight.buf,4194304,4195129,RAW,0.0019589159928727895
33,blocks.4.attn.c_q.weight.buf,1048576,1049401,RAW,0.0006205829849932343
33,blocks.4.attn.c_k.weight.buf,1048576,1049401,RAW,0.0005409579898696393
33,blocks.4.attn.c_v.weight.buf,1048576,1049401,RAW,0.0005375409964472055
33,blocks.4.attn.c_proj.weight.buf,1048576,1049401,RAW,0.0005256250151433051
33,blocks.4.mlp.c_fc.weight.buf,4194304,4196389,RAW,0.002056375000393018
33,blocks.4.mlp.c_proj.weight.buf,4194304,4195129,RAW,0.001923375006299466
33,blocks.5.attn.c_q.weight.buf,1048576,1049401,RAW,0.0005819159850943834
33,blocks.5.attn.c_k.weight.buf,1048576,1049401,RAW,0.0005463749985210598
33,blocks.5.attn.c_v.weight.buf,1048576,1049401,RAW,0.0005087089957669377
33,blocks.5.attn.c_proj.weight.buf,1048576,1049401,RAW,0.0005062910204287618
33,blocks.5.attn.ve_gate.weight.buf,512,1022,RAW,7.209018804132938e-06
33,blocks.5.mlp.c_fc.weight.buf,4194304,4196389,RAW,0.003475832985714078
33,blocks.5.mlp.c_proj.weight.buf,4194304,4195129,RAW,0.002127999992808327
33,blocks.6.attn.c_q.weight.buf,1048576,1049401,RAW,0.0006277089996729046
33,blocks.6.attn.c_k.weight.buf,1048576,1049401,RAW,0.000568666000617668
33,blocks.6.attn.c_v.weight.buf,1048576,1049401,RAW,0.0005554999806918204
33,blocks.6.attn.c_proj.weight.buf,1048576,1049401,RAW,0.0005379159993026406
33,blocks.6.mlp.c_fc.weight.buf,4194304,4196389,RAW,0.0020103330025449395
33,blocks.6.mlp.c_proj.weight.buf,4194304,4195129,RAW,0.001991249999264255
33,blocks.7.attn.c_q.weight.buf,1048576,1049401,RAW,0.0006058329890947789
33,blocks.7.attn.c_k.weight.buf,1048576,1049401,RAW,0.0005196249985601753
33,blocks.7.attn.c_v.weight.buf,1048576,1049401,RAW,0.0005651249957736582
33,blocks.7.attn.c_proj.weight.buf,1048576,1049401,RAW,0.000523374998010695
33,blocks.7.attn.ve_gate.weight.buf,512,1022,RAW,8.167000487446785e-06
33,blocks.7.mlp.c_fc.weight.buf,4194304,4196389,RAW,0.0019846670038532466
33,blocks.7.mlp.c_proj.weight.buf,4194304,4195129,RAW,0.0019532919977791607
33,lm_head.weight.m,67108864,67136149,RAW,0.03771691597648896
33,lm_head.weight.v,67108864,67136149,RAW,0.053554957994492725
33,resid_lambdas.m,32,32,RAW_VECTOR,4.5000051613897085e-06
33,resid_lambdas.v,32,32,RAW_VECTOR,4.169996827840805e-07
33,x0_lambdas.m,32,32,RAW_VECTOR,9.580107871443033e-07
33,x0_lambdas.v,32,32,RAW_VECTOR,4.580069798976183e-07
33,value_embeds.1.weight.m,67108864,67136149,RAW,0.03511850000359118
33,value_embeds.1.weight.v,67108864,67136149,RAW,0.03732379199936986
33,value_embeds.3.weight.m,67108864,67136149,RAW,0.03499508398817852
33,value_embeds.3.weight.v,67108864,67136149,RAW,0.04466933399089612
33,value_embeds.5.weight.m,67108864,67136149,RAW,0.036738499999046326
33,value_embeds.5.weight.v,67108864,67136149,RAW,0.04652649999479763
33,value_embeds.7.weight.m,67108864,67136149,RAW,0.036609417002182454
33,value_embeds.7.weight.v,67108864,67136149,RAW,0.046402999985730276
34,wte.weight.m,67108864,67136149,RAW,0.06253166700480506
34,wte.weight.v,67108864,67136149,RAW,0.05794412500108592
34,blocks.0.attn.c_q.weight.buf,1048576,1049401,RAW,0.000671749992761761
34,blocks.0.attn.c_k.weight.buf,1048576,1049401,RAW,0.0006836660031694919
34,blocks.0.attn.c_v.weight.buf,1048576,1049401,RAW,0.001068459008820355
34,blocks.0.attn.c_proj.weight.buf,1048576,1049401,RAW,0.000577708997298032
34,blocks.0.mlp.c_fc.weight.buf,4194304,4196389,RAW,0.002252500009490177
34,blocks.0.mlp.c_proj.weight.buf,4194304,4195129,RAW,0.002069874986773357
34,blocks.1.attn.c_q.weight.buf,1048576,1049401,RAW,0.0006722919933963567
34,blocks.1.attn.c_k.weight.buf,1048576,1049401,RAW,0.0005857090000063181
34,blocks.1.attn.c_v.weight.buf,1048576,1049401,RAW,0.0005897920054849237
34,blocks.1.attn.c_proj.weight.buf,1048576,1049401,RAW,0.0005738750041928142
34,blocks.1.attn.ve_gate.weight.buf,512,1022,RAW,8.54101381264627e-06
34,blocks.1.mlp.c_fc.weight.buf,4194304,4196389,RAW,0.0021417500101961195
34,blocks.1.mlp.c_proj.weight.buf,4194304,4195129,RAW,0.002041707979515195
34,blocks.2.attn.c_q.weight.buf,1048576,1049401,RAW,0.0014418339997064322
34,blocks.2.attn.c_k.weight.buf,1048576,1049401,RAW,0.0006054170080460608
34,blocks.2.attn.c_v.weight.buf,1048576,1049401,RAW,0.0005834159965161234
34,blocks.2.attn.c_proj.weight.buf,1048576,1049401,RAW,0.0005851660098414868
34,blocks.2.mlp.c_fc.weight.buf,4194304,4196389,RAW,0.0023933750053402036
34,blocks.2.mlp.c_proj.weight.buf,4194304,4195129,RAW,0.0020888749859295785
34,blocks.3.attn.c_q.weight.buf,1048576,1049401,RAW,0.000635957985650748
34,blocks.3.attn.c_k.weight.buf,1048576,1049401,RAW,0.0005812500021420419
34,blocks.3.attn.c_v.weight.buf,1048576,1049401,RAW,0.0005756669852416962
34,blocks.3.attn.c_proj.weight.buf,1048576,1049401,RAW,0.0006022090092301369
34,blocks.3.attn.ve_gate.weight.buf,512,1022,RAW,1.0749994544312358e-05
34,blocks.3.mlp.c_fc.weight.buf,4194304,4196389,RAW,0.0020724170026369393
34,blocks.3.mlp.c_proj.weight.buf,4194304,4195129,RAW,0.00210341700585559
34,blocks.4.attn.c_q.weight.buf,1048576,1049401,RAW,0.0006195419991854578
34,blocks.4.attn.c_k.weight.buf,1048576,1049401,RAW,0.0005797909980174154
34,blocks.4.attn.c_v.weight.buf,1048576,1049401,RAW,0.0005816249758936465
34,blocks.4.attn.c_proj.weight.buf,1048576,1049401,RAW,0.000761583010898903
34,blocks.4.mlp.c_fc.weight.buf,4194304,4196389,RAW,0.0023317910090554506
34,blocks.4.mlp.c_proj.weight.buf,4194304,4195129,RAW,0.0020614159875549376
34,blocks.5.attn.c_q.weight.buf,1048576,1049401,RAW,0.0006117919983807951
34,blocks.5.attn.c_k.weight.buf,1048576,1049401,RAW,0.0005971670034341514
34,blocks.5.attn.c_v.weight.buf,1048576,1049401,RAW,0.0005875420174561441
34,blocks.5.attn.c_proj.weight.buf,1048576,1049401,RAW,0.0005815420008730143
34,blocks.5.attn.ve_gate.weight.buf,512,1022,RAW,9.249983122572303e-06
34,blocks.5.mlp.c_fc.weight.buf,4194304,4196389,RAW,0.0020941250259056687
34,blocks.5.mlp.c_proj.weight.buf,4194304,4195129,RAW,0.0020756669982802123
34,blocks.6.attn.c_q.weight.buf,1048576,1049401,RAW,0.0006206669786479324
34,blocks.6.attn.c_k.weight.buf,1048576,1049401,RAW,0.0005634159897454083
34,blocks.6.attn.c_v.weight.buf,1048576,1049401,RAW,0.0005869999877177179
34,blocks.6.attn.c_proj.weight.buf,1048576,1049401,RAW,0.0005873339832760394
34,blocks.6.mlp.c_fc.weight.buf,4194304,4196389,RAW,0.0033639169996604323
34,blocks.6.mlp.c_proj.weight.buf,4194304,4195129,RAW,0.0021253330050967634
34,blocks.7.attn.c_q.weight.buf,1048576,1049401,RAW,0.0006417080003302544
34,blocks.7.attn.c_k.weight.buf,1048576,1049401,RAW,0.0011420839873608202
34,blocks.7.attn.c_v.weight.buf,1048576,1049401,RAW,0.0005949170154053718
34,blocks.7.attn.c_proj.weight.buf,1048576,1049401,RAW,0.0005738750041928142
34,blocks.7.attn.ve_gate.weight.buf,512,1022,RAW,9.040988516062498e-06
34,blocks.7.mlp.c_fc.weight.buf,4194304,4196389,RAW,0.002138084004400298
34,blocks.7.mlp.c_proj.weight.buf,4194304,4195129,RAW,0.0020687090000137687
34,lm_head.weight.m,67108864,67136149,RAW,0.06106520802131854
34,lm_head.weight.v,67108864,67136149,RAW,0.03535354198538698
34,resid_lambdas.m,32,32,RAW_VECTOR,5.542009603232145e-06
34,resid_lambdas.v,32,32,RAW_VECTOR,2.209009835496545e-06
34,x0_lambdas.m,32,32,RAW_VECTOR,1.0420044418424368e-06
34,x0_lambdas.v,32,32,RAW_VECTOR,4.169996827840805e-07
34,value_embeds.1.weight.m,67108864,67136149,RAW,0.03577754201251082
34,value_embeds.1.weight.v,67108864,67136149,RAW,0.04237408298649825
34,value_embeds.3.weight.m,67108864,67136149,RAW,0.03778533299919218
34,value_embeds.3.weight.v,67108864,67136149,RAW,0.03825124999275431
34,value_embeds.5.weight.m,67108864,67136149,RAW,0.03720308298943564
34,value_embeds.5.weight.v,67108864,67136149,RAW,0.036990083986893296
34,value_embeds.7.weight.m,67108864,67136149,RAW,0.036424333025934175
34,value_embeds.7.weight.v,67108864,67136149,RAW,0.03552345899515785
35,wte.weight.m,67108864,67136149,RAW,0.035027667006943375
35,wte.weight.v,67108864,67136149,RAW,0.0603135000274051
35,blocks.0.attn.c_q.weight.buf,1048576,1049401,RAW,0.0006133330170996487
35,blocks.0.attn.c_k.weight.buf,1048576,1049401,RAW,0.0005510830087587237
35,blocks.0.attn.c_v.weight.buf,1048576,1049401,RAW,0.0005475000070873648
35,blocks.0.attn.c_proj.weight.buf,1048576,1049401,RAW,0.0005344579985830933
35,blocks.0.mlp.c_fc.weight.buf,4194304,4196389,RAW,0.0021377920056693256
35,blocks.0.mlp.c_proj.weight.buf,4194304,4195129,RAW,0.002152166998712346
35,blocks.1.attn.c_q.weight.buf,1048576,1049401,RAW,0.0007032089924905449
35,blocks.1.attn.c_k.weight.buf,1048576,1049401,RAW,0.0005584169994108379
35,blocks.1.attn.c_v.weight.buf,1048576,1049401,RAW,0.0005413749895524234
35,blocks.1.attn.c_proj.weight.buf,1048576,1049401,RAW,0.0005410409939941019
35,blocks.1.attn.ve_gate.weight.buf,512,1022,RAW,8.583010639995337e-06
35,blocks.1.mlp.c_fc.weight.buf,4194304,4196389,RAW,0.024821125000016764
35,blocks.1.mlp.c_proj.weight.buf,4194304,4195129,RAW,0.00239837501430884
35,blocks.2.attn.c_q.weight.buf,1048576,1049401,RAW,0.0006340419931802899
35,blocks.2.attn.c_k.weight.buf,1048576,1049401,RAW,0.000562457978958264
35,blocks.2.attn.c_v.weight.buf,1048576,1049401,RAW,0.0005577499978244305
35,blocks.2.attn.c_proj.weight.buf,1048576,1049401,RAW,0.0005512080097105354
35,blocks.2.mlp.c_fc.weight.buf,4194304,4196389,RAW,0.0033090409997384995
35,blocks.2.mlp.c_proj.weight.buf,4194304,4195129,RAW,0.0020660419831983745
35,blocks.3.attn.c_q.weight.buf,1048576,1049401,RAW,0.0005946250166743994
35,blocks.3.attn.c_k.weight.buf,1048576,1049401,RAW,0.0005181669839657843
35,blocks.3.attn.c_v.weight.buf,1048576,1049401,RAW,0.0005129999772179872
35,blocks.3.attn.c_proj.weight.buf,1048576,1049401,RAW,0.0005080419941805303
35,blocks.3.attn.ve_gate.weight.buf,512,1022,RAW,2.041601692326367e-05
35,blocks.3.mlp.c_fc.weight.buf,4194304,4196389,RAW,0.0021033749799244106
35,blocks.3.mlp.c_proj.weight.buf,4194304,4195129,RAW,0.002066916989861056
35,blocks.4.attn.c_q.weight.buf,1048576,1049401,RAW,0.0006253749888855964
35,blocks.4.attn.c_k.weight.buf,1048576,1049401,RAW,0.0005433749756775796
35,blocks.4.attn.c_v.weight.buf,1048576,1049401,RAW,0.0005205830093473196
35,blocks.4.attn.c_proj.weight.buf,1048576,1049401,RAW,0.0005504169967025518
35,blocks.4.mlp.c_fc.weight.buf,4194304,4196389,RAW,0.0020105839939787984
35,blocks.4.mlp.c_proj.weight.buf,4194304,4195129,RAW,0.0019770420040003955
35,blocks.5.attn.c_q.weight.buf,1048576,1049401,RAW,0.0005767499969806522
35,blocks.5.attn.c_k.weight.buf,1048576,1049401,RAW,0.0005126670002937317
35,blocks.5.attn.c_v.weight.buf,1048576,1049401,RAW,0.0005692919949069619
35,blocks.5.attn.c_proj.weight.buf,1048576,1049401,RAW,0.025913666002452374
35,blocks.5.attn.ve_gate.weight.buf,512,1022,RAW,6.879100692458451e-05
35,blocks.5.mlp.c_fc.weight.buf,4194304,4196389,RAW,0.0031679999956395477
35,blocks.5.mlp.c_proj.weight.buf,4194304,4195129,RAW,0.002176458976464346
35,blocks.6.attn.c_q.weight.buf,1048576,1049401,RAW,0.0006336250226013362
35,blocks.6.attn.c_k.weight.buf,1048576,1049401,RAW,0.000588541995966807
35,blocks.6.attn.c_v.weight.buf,1048576,1049401,RAW,0.0005524999869521707
35,blocks.6.attn.c_proj.weight.buf,1048576,1049401,RAW,0.000542958005098626
35,blocks.6.mlp.c_fc.weight.buf,4194304,4196389,RAW,0.002001874992856756
35,blocks.6.mlp.c_proj.weight.buf,4194304,4195129,RAW,0.0020605830068234354
35,blocks.7.attn.c_q.weight.buf,1048576,1049401,RAW,0.0006323750130832195
35,blocks.7.attn.c_k.weight.buf,1048576,1049401,RAW,0.0005192079988773912
35,blocks.7.attn.c_v.weight.buf,1048576,1049401,RAW,0.0005162089946679771
35,blocks.7.attn.c_proj.weight.buf,1048576,1049401,RAW,0.000583833985729143
35,blocks.7.attn.ve_gate.weight.buf,512,1022,RAW,7.124996045604348e-06
35,blocks.7.mlp.c_fc.weight.buf,4194304,4196389,RAW,0.002074249990982935
35,blocks.7.mlp.c_proj.weight.buf,4194304,4195129,RAW,0.002066874993033707
35,lm_head.weight.m,67108864,67136149,RAW,0.03803008300019428
35,lm_head.weight.v,67108864,67136149,RAW,0.053883207991020754
35,resid_lambdas.m,32,32,RAW_VECTOR,5.95799065195024e-06
35,resid_lambdas.v,32,32,RAW_VECTOR,5.420006345957518e-07
35,x0_lambdas.m,32,32,RAW_VECTOR,1.0420044418424368e-06
35,x0_lambdas.v,32,32,RAW_VECTOR,4.169996827840805e-07
35,value_embeds.1.weight.m,67108864,67136149,RAW,0.03462466597557068
35,value_embeds.1.weight.v,67108864,67136149,RAW,0.0394675410061609
35,value_embeds.3.weight.m,67108864,67136149,RAW,0.03492387500591576
35,value_embeds.3.weight.v,67108864,67136149,RAW,0.04171379198669456
35,value_embeds.5.weight.m,67108864,67136149,RAW,0.036365624982863665
35,value_embeds.5.weight.v,67108864,67136149,RAW,0.04200600000331178
35,value_embeds.7.weight.m,67108864,67136149,RAW,0.03523479201248847
35,value_embeds.7.weight.v,67108864,67136149,RAW,0.04168858300545253
36,wte.weight.m,67108864,67136149,RAW,0.03671295798267238
36,wte.weight.v,67108864,67136149,RAW,0.06673779201810248
36,blocks.0.attn.c_q.weight.buf,1048576,1049401,RAW,0.0006617500039283186
36,blocks.0.attn.c_k.weight.buf,1048576,1049401,RAW,0.0006167919782456011
36,blocks.0.attn.c_v.weight.buf,1048576,1049401,RAW,0.0005604169855359942
36,blocks.0.attn.c_proj.weight.buf,1048576,1049401,RAW,0.0005636250134557486
36,blocks.0.mlp.c_fc.weight.buf,4194304,4196389,RAW,0.002209083002526313
36,blocks.0.mlp.c_proj.weight.buf,4194304,4195129,RAW,0.0020347080135252327
36,blocks.1.attn.c_q.weight.buf,1048576,1049401,RAW,0.0006406249885912985
36,blocks.1.attn.c_k.weight.buf,1048576,1049401,RAW,0.0005665000062435865
36,blocks.1.attn.c_v.weight.buf,1048576,1049401,RAW,0.0005532919894903898
36,blocks.1.attn.c_proj.weight.buf,1048576,1049401,RAW,0.0005670420068781823
36,blocks.1.attn.ve_gate.weight.buf,512,1022,RAW,8.1659818533808e-06
36,blocks.1.mlp.c_fc.weight.buf,4194304,4196389,RAW,0.002103375009028241
36,blocks.1.mlp.c_proj.weight.buf,4194304,4195129,RAW,0.0033854590146802366
36,blocks.2.attn.c_q.weight.buf,1048576,1049401,RAW,0.0006607089890167117
36,blocks.2.attn.c_k.weight.buf,1048576,1049401,RAW,0.000571875018067658
36,blocks.2.attn.c_v.weight.buf,1048576,1049401,RAW,0.0005737500032410026
36,blocks.2.attn.c_proj.weight.buf,1048576,1049401,RAW,0.0005745000089518726
36,blocks.2.mlp.c_fc.weight.buf,4194304,4196389,RAW,0.002187542006140575
36,blocks.2.mlp.c_proj.weight.buf,4194304,4195129,RAW,0.0020428329880815
36,blocks.3.attn.c_q.weight.buf,1048576,1049401,RAW,0.0005629999795928597
36,blocks.3.attn.c_k.weight.buf,1048576,1049401,RAW,0.0005629159859381616
36,blocks.3.attn.c_v.weight.buf,1048576,1049401,RAW,0.0005873340123798698
36,blocks.3.attn.c_proj.weight.buf,1048576,1049401,RAW,0.0005511659837793559
36,blocks.3.attn.ve_gate.weight.buf,512,1022,RAW,8.082977728918195e-06
36,blocks.3.mlp.c_fc.weight.buf,4194304,4196389,RAW,0.0020289999956730753
36,blocks.3.mlp.c_proj.weight.buf,4194304,4195129,RAW,0.0020303750061430037
36,blocks.4.attn.c_q.weight.buf,1048576,1049401,RAW,0.0006209170096553862
36,blocks.4.attn.c_k.weight.buf,1048576,1049401,RAW,0.0005934580112807453
36,blocks.4.attn.c_v.weight.buf,1048576,1049401,RAW,0.0005665420030709356
36,blocks.4.attn.c_proj.weight.buf,1048576,1049401,RAW,0.0005745420057792217
36,blocks.4.mlp.c_fc.weight.buf,4194304,4196389,RAW,0.002097082993714139
36,blocks.4.mlp.c_proj.weight.buf,4194304,4195129,RAW,0.001992083009099588
36,blocks.5.attn.c_q.weight.buf,1048576,1049401,RAW,0.0005927500023972243
36,blocks.5.attn.c_k.weight.buf,1048576,1049401,RAW,0.0005837079952470958
36,blocks.5.attn.c_v.weight.buf,1048576,1049401,RAW,0.0005931670020800084
36,blocks.5.attn.c_proj.weight.buf,1048576,1049401,RAW,0.0005700840265490115
36,blocks.5.attn.ve_gate.weight.buf,512,1022,RAW,1.0000017937272787e-05
36,blocks.5.mlp.c_fc.weight.buf,4194304,4196389,RAW,0.0020688340009655803
36,blocks.5.mlp.c_proj.weight.buf,4194304,4195129,RAW,0.003402667003683746
36,blocks.6.attn.c_q.weight.buf,1048576,1049401,RAW,0.0006572499987669289
36,blocks.6.attn.c_k.weight.buf,1048576,1049401,RAW,0.0005819170037284493
36,blocks.6.attn.c_v.weight.buf,1048576,1049401,RAW,0.0006036249978933483
36,blocks.6.attn.c_proj.weight.buf,1048576,1049401,RAW,0.0005663749761879444
36,blocks.6.mlp.c_fc.weight.buf,4194304,4196389,RAW,0.002193042018916458
36,blocks.6.mlp.c_proj.weight.buf,4194304,4195129,RAW,0.002115999988745898
36,blocks.7.attn.c_q.weight.buf,1048576,1049401,RAW,0.0005719160253647715
36,blocks.7.attn.c_k.weight.buf,1048576,1049401,RAW,0.0005641250172629952
36,blocks.7.attn.c_v.weight.buf,1048576,1049401,RAW,0.0005589170032180846
36,blocks.7.attn.c_proj.weight.buf,1048576,1049401,RAW,0.0005807919951621443
36,blocks.7.attn.ve_gate.weight.buf,512,1022,RAW,8.37500556372106e-06
36,blocks.7.mlp.c_fc.weight.buf,4194304,4196389,RAW,0.002176833979319781
36,blocks.7.mlp.c_proj.weight.buf,4194304,4195129,RAW,0.002038625010754913
36,lm_head.weight.m,67108864,67136149,RAW,0.03654233299312182
36,lm_head.weight.v,67108864,67136149,RAW,0.03949533301056363
36,resid_lambdas.m,32,32,RAW_VECTOR,4.1669991333037615e-06
36,resid_lambdas.v,32,32,RAW_VECTOR,5.420006345957518e-07
36,x0_lambdas.m,32,32,RAW_VECTOR,1.1250085663050413e-06
36,x0_lambdas.v,32,32,RAW_VECTOR,4.5797787606716156e-07
36,value_embeds.1.weight.m,67108864,67136149,RAW,0.03442333301063627
36,value_embeds.1.weight.v,67108864,67136149,RAW,0.03987270902143791
36,value_embeds.3.weight.m,67108864,67136149,RAW,0.034942250000312924
36,value_embeds.3.weight.v,67108864,67136149,RAW,0.039362458017421886
36,value_embeds.5.weight.m,67108864,67136149,RAW,0.036502207978628576
36,value_embeds.5.weight.v,67108864,67136149,RAW,0.039622750016860664
36,value_embeds.7.weight.m,67108864,67136149,RAW,0.037962834001518786
36,value_embeds.7.weight.v,67108864,67136149,RAW,0.04078833298990503
37,wte.weight.m,67108864,67136149,RAW,0.03931720901164226
37,wte.weight.v,67108864,67136149,RAW,0.05593416700139642
37,blocks.0.attn.c_q.weight.buf,1048576,1049401,RAW,0.0007053749868646264
37,blocks.0.attn.c_k.weight.buf,1048576,1049401,RAW,0.000591083982726559
37,blocks.0.attn.c_v.weight.buf,1048576,1049401,RAW,0.0006420830031856894
37,blocks.0.attn.c_proj.weight.buf,1048576,1049401,RAW,0.0006011670047882944
37,blocks.0.mlp.c_fc.weight.buf,4194304,4196389,RAW,0.0022182079846970737
37,blocks.0.mlp.c_proj.weight.buf,4194304,4195129,RAW,0.002035415993304923
37,blocks.1.attn.c_q.weight.buf,1048576,1049401,RAW,0.0006511250103358179
37,blocks.1.attn.c_k.weight.buf,1048576,1049401,RAW,0.0005775829777121544
37,blocks.1.attn.c_v.weight.buf,1048576,1049401,RAW,0.0005723749927710742
37,blocks.1.attn.c_proj.weight.buf,1048576,1049401,RAW,0.0005920420226175338
37,blocks.1.attn.ve_gate.weight.buf,512,1022,RAW,8.834002073854208e-06
37,blocks.1.mlp.c_fc.weight.buf,4194304,4196389,RAW,0.0021006250171922147
37,blocks.1.mlp.c_proj.weight.buf,4194304,4195129,RAW,0.0020902920223306865
37,blocks.2.attn.c_q.weight.buf,1048576,1049401,RAW,0.0006617080071009696
37,blocks.2.attn.c_k.weight.buf,1048576,1049401,RAW,0.0005802079977001995
37,blocks.2.attn.c_v.weight.buf,1048576,1049401,RAW,0.0005739170010201633
37,blocks.2.attn.c_proj.weight.buf,1048576,1049401,RAW,0.0005699579778593034
37,blocks.2.mlp.c_fc.weight.buf,4194304,4196389,RAW,0.0020791249989997596
37,blocks.2.mlp.c_proj.weight.buf,4194304,4195129,RAW,0.002069250011118129
37,blocks.3.attn.c_q.weight.buf,1048576,1049401,RAW,0.0013413339911494404
37,blocks.3.attn.c_k.weight.buf,1048576,1049401,RAW,0.0006129589746706188
37,blocks.3.attn.c_v.weight.buf,1048576,1049401,RAW,0.0005875420174561441
37,blocks.3.attn.c_proj.weight.buf,1048576,1049401,RAW,0.0005863749829586595
37,blocks.3.attn.ve_gate.weight.buf,512,1022,RAW,8.417002391070127e-06
37,blocks.3.mlp.c_fc.weight.buf,4194304,4196389,RAW,0.002405250008450821
37,blocks.3.mlp.c_proj.weight.buf,4194304,4195129,RAW,0.0020766250090673566
37,blocks.4.attn.c_q.weight.buf,1048576,1049401,RAW,0.0006249169819056988
37,blocks.4.attn.c_k.weight.buf,1048576,1049401,RAW,0.0005757079925388098
37,blocks.4.attn.c_v.weight.buf,1048576,1049401,RAW,0.0005785410176031291
37,blocks.4.attn.c_proj.weight.buf,1048576,1049401,RAW,0.0005872079927939922
37,blocks.4.mlp.c_fc.weight.buf,4194304,4196389,RAW,0.002060958999209106
37,blocks.4.mlp.c_proj.weight.buf,4194304,4195129,RAW,0.002065625012619421
37,blocks.5.attn.c_q.weight.buf,1048576,1049401,RAW,0.0006368329923134297
37,blocks.5.attn.c_k.weight.buf,1048576,1049401,RAW,0.0006220839859452099
37,blocks.5.attn.c_v.weight.buf,1048576,1049401,RAW,0.0006005410104990005
37,blocks.5.attn.c_proj.weight.buf,1048576,1049401,RAW,0.0006060000159777701
37,blocks.5.attn.ve_gate.weight.buf,512,1022,RAW,8.583010639995337e-06
37,blocks.5.mlp.c_fc.weight.buf,4194304,4196389,RAW,0.002090874972054735
37,blocks.5.mlp.c_proj.weight.buf,4194304,4195129,RAW,0.0020308750099502504
37,blocks.6.attn.c_q.weight.buf,1048576,1049401,RAW,0.0006062909960746765
37,blocks.6.attn.c_k.weight.buf,1048576,1049401,RAW,0.0005727910029236227
37,blocks.6.attn.c_v.weight.buf,1048576,1049401,RAW,0.000585292000323534
37,blocks.6.attn.c_proj.weight.buf,1048576,1049401,RAW,0.000577667000470683
37,blocks.6.mlp.c_fc.weight.buf,4194304,4196389,RAW,0.003282707999460399
37,blocks.6.mlp.c_proj.weight.buf,4194304,4195129,RAW,0.0020803340012207627
37,blocks.7.attn.c_q.weight.buf,1048576,1049401,RAW,0.0006328329909592867
37,blocks.7.attn.c_k.weight.buf,1048576,1049401,RAW,0.0005735830054618418
37,blocks.7.attn.c_v.weight.buf,1048576,1049401,RAW,0.0006156669987831265
37,blocks.7.attn.c_proj.weight.buf,1048576,1049401,RAW,0.0005761669890489429
37,blocks.7.attn.ve_gate.weight.buf,512,1022,RAW,9.791983757168055e-06
37,blocks.7.mlp.c_fc.weight.buf,4194304,4196389,RAW,0.002031582989729941
37,blocks.7.mlp.c_proj.weight.buf,4194304,4195129,RAW,0.0020182079751975834
37,lm_head.weight.m,67108864,67136149,RAW,0.047338540985947475
37,lm_head.weight.v,67108864,67136149,RAW,0.03903591597918421
37,resid_lambdas.m,32,32,RAW_VECTOR,7.458991603925824e-06
37,resid_lambdas.v,32,32,RAW_VECTOR,3.6249984987080097e-06
37,x0_lambdas.m,32,32,RAW_VECTOR,2.1659943740814924e-06
37,x0_lambdas.v,32,32,RAW_VECTOR,9.170034900307655e-07
37,value_embeds.1.weight.m,67108864,67136149,RAW,0.03573429200332612
37,value_embeds.1.weight.v,67108864,67136149,RAW,0.03955570800462738
37,value_embeds.3.weight.m,67108864,67136149,RAW,0.03762687498237938
37,value_embeds.3.weight.v,67108864,67136149,RAW,0.038905875000637025
37,value_embeds.5.weight.m,67108864,67136149,RAW,0.03487912498530932
37,value_embeds.5.weight.v,67108864,67136149,RAW,0.05954891597502865
37,value_embeds.7.weight.m,67108864,67136149,RAW,0.03952299998491071
37,value_embeds.7.weight.v,67108864,67136149,RAW,0.0390421669872012
38,wte.weight.m,67108864,67136149,RAW,0.04076004200032912
38,wte.weight.v,67108864,67136149,RAW,0.06120850000297651
38,blocks.0.attn.c_q.weight.buf,1048576,1049401,RAW,0.0007215419900603592
38,blocks.0.attn.c_k.weight.buf,1048576,1049401,RAW,0.0006730830064043403
38,blocks.0.attn.c_v.weight.buf,1048576,1049401,RAW,0.0006612089928239584
38,blocks.0.attn.c_proj.weight.buf,1048576,1049401,RAW,0.0006189160048961639
38,blocks.0.mlp.c_fc.weight.buf,4194304,4196389,RAW,0.002395582996541634
38,blocks.0.mlp.c_proj.weight.buf,4194304,4195129,RAW,0.002199708978878334
38,blocks.1.attn.c_q.weight.buf,1048576,1049401,RAW,0.0006917499995324761
38,blocks.1.attn.c_k.weight.buf,1048576,1049401,RAW,0.0006175829912535846
38,blocks.1.attn.c_v.weight.buf,1048576,1049401,RAW,0.0006235000037122518
38,blocks.1.attn.c_proj.weight.buf,1048576,1049401,RAW,0.000642083992715925
38,blocks.1.attn.ve_gate.weight.buf,512,1022,RAW,1.6375008272007108e-05
38,blocks.1.mlp.c_fc.weight.buf,4194304,4196389,RAW,0.0021996670111548156
38,blocks.1.mlp.c_proj.weight.buf,4194304,4195129,RAW,0.0021626250236295164
38,blocks.2.attn.c_q.weight.buf,1048576,1049401,RAW,0.0006626250105910003
38,blocks.2.attn.c_k.weight.buf,1048576,1049401,RAW,0.0006382499996107072
38,blocks.2.attn.c_v.weight.buf,1048576,1049401,RAW,0.0005940829869359732
38,blocks.2.attn.c_proj.weight.buf,1048576,1049401,RAW,0.0006052920070942491
38,blocks.2.mlp.c_fc.weight.buf,4194304,4196389,RAW,0.002165332989534363
38,blocks.2.mlp.c_proj.weight.buf,4194304,4195129,RAW,0.0021306659909896553
38,blocks.3.attn.c_q.weight.buf,1048576,1049401,RAW,0.0014620419824495912
38,blocks.3.attn.c_k.weight.buf,1048576,1049401,RAW,0.0006680000224150717
38,blocks.3.attn.c_v.weight.buf,1048576,1049401,RAW,0.0006092920084483922
38,blocks.3.attn.c_proj.weight.buf,1048576,1049401,RAW,0.0006220839859452099
38,blocks.3.attn.ve_gate.weight.buf,512,1022,RAW,1.6375008272007108e-05
38,blocks.3.mlp.c_fc.weight.buf,4194304,4196389,RAW,0.0024422919959761202
38,blocks.3.mlp.c_proj.weight.buf,4194304,4195129,RAW,0.003764332999708131
38,blocks.4.attn.c_q.weight.buf,1048576,1049401,RAW,0.0007225419976748526
38,blocks.4.attn.c_k.weight.buf,1048576,1049401,RAW,0.0006097500154282898
38,blocks.4.attn.c_v.weight.buf,1048576,1049401,RAW,0.0006254999898374081
38,blocks.4.attn.c_proj.weight.buf,1048576,1049401,RAW,0.0006150419940240681
38,blocks.4.mlp.c_fc.weight.buf,4194304,4196389,RAW,0.002130084001692012
38,blocks.4.mlp.c_proj.weight.buf,4194304,4195129,RAW,0.002203708019806072
38,blocks.5.attn.c_q.weight.buf,1048576,1049401,RAW,0.000679416989441961
38,blocks.5.attn.c_k.weight.buf,1048576,1049401,RAW,0.0007087500125635415
38,blocks.5.attn.c_v.weight.buf,1048576,1049401,RAW,0.00062037497991696
38,blocks.5.attn.c_proj.weight.buf,1048576,1049401,RAW,0.0006635840109083802
38,blocks.5.attn.ve_gate.weight.buf,512,1022,RAW,2.9999995604157448e-05
38,blocks.5.mlp.c_fc.weight.buf,4194304,4196389,RAW,0.002229250007076189
38,blocks.5.mlp.c_proj.weight.buf,4194304,4195129,RAW,0.0021475419925991446
38,blocks.6.attn.c_q.weight.buf,1048576,1049401,RAW,0.0006555419822689146
38,blocks.6.attn.c_k.weight.buf,1048576,1049401,RAW,0.000601166975684464
38,blocks.6.attn.c_v.weight.buf,1048576,1049401,RAW,0.0006368340109474957
38,blocks.6.attn.c_proj.weight.buf,1048576,1049401,RAW,0.001318583992542699
38,blocks.6.mlp.c_fc.weight.buf,4194304,4196389,RAW,0.002520458016078919
38,blocks.6.mlp.c_proj.weight.buf,4194304,4195129,RAW,0.002184791985200718
38,blocks.7.attn.c_q.weight.buf,1048576,1049401,RAW,0.0006838749977760017
38,blocks.7.attn.c_k.weight.buf,1048576,1049401,RAW,0.000623333005933091
38,blocks.7.attn.c_v.weight.buf,1048576,1049401,RAW,0.001072124985512346
38,blocks.7.attn.c_proj.weight.buf,1048576,1049401,RAW,0.0006581669731531292
38,blocks.7.attn.ve_gate.weight.buf,512,1022,RAW,2.479099202901125e-05
38,blocks.7.mlp.c_fc.weight.buf,4194304,4196389,RAW,0.002147749997675419
38,blocks.7.mlp.c_proj.weight.buf,4194304,4195129,RAW,0.0021621659980155528
38,lm_head.weight.m,67108864,67136149,RAW,0.03860224998788908
38,lm_head.weight.v,67108864,67136149,RAW,0.039246375003131106
38,resid_lambdas.m,32,32,RAW_VECTOR,6.62502134218812e-06
38,resid_lambdas.v,32,32,RAW_VECTOR,5.420006345957518e-07
38,x0_lambdas.m,32,32,RAW_VECTOR,9.159848559647799e-07
38,x0_lambdas.v,32,32,RAW_VECTOR,4.169996827840805e-07
38,value_embeds.1.weight.m,67108864,67136149,RAW,0.03614587499760091
38,value_embeds.1.weight.v,67108864,67136149,RAW,0.04019854200305417
38,value_embeds.3.weight.m,67108864,67136149,RAW,0.038798416004283354
38,value_embeds.3.weight.v,67108864,67136149,RAW,0.04026100001647137
38,value_embeds.5.weight.m,67108864,67136149,RAW,0.03419649999705143
38,value_embeds.5.weight.v,67108864,67136149,RAW,0.04023237500223331
38,value_embeds.7.weight.m,67108864,67136149,RAW,0.03761470798053779
38,value_embeds.7.weight.v,67108864,67136149,RAW,0.03939383299439214
39,wte.weight.m,67108864,67136149,RAW,0.03869512499659322
39,wte.weight.v,67108864,67136149,RAW,0.041552457987563685
39,blocks.0.attn.c_q.weight.buf,1048576,1049401,RAW,0.0006550419784616679
39,blocks.0.attn.c_k.weight.buf,1048576,1049401,RAW,0.0005840839876327664
39,blocks.0.attn.c_v.weight.buf,1048576,1049401,RAW,0.0005713749851565808
39,blocks.0.attn.c_proj.weight.buf,1048576,1049401,RAW,0.0005782080115750432
39,blocks.0.mlp.c_fc.weight.buf,4194304,4196389,RAW,0.00229220898472704
39,blocks.0.mlp.c_proj.weight.buf,4194304,4195129,RAW,0.002082624996546656
39,blocks.1.attn.c_q.weight.buf,1048576,1049401,RAW,0.0006387500034179538
39,blocks.1.attn.c_k.weight.buf,1048576,1049401,RAW,0.0005707080126740038
39,blocks.1.attn.c_v.weight.buf,1048576,1049401,RAW,0.0012988749949727207
39,blocks.1.attn.c_proj.weight.buf,1048576,1049401,RAW,0.0006353750068228692
39,blocks.1.attn.ve_gate.weight.buf,512,1022,RAW,1.0875024599954486e-05
39,blocks.1.mlp.c_fc.weight.buf,4194304,4196389,RAW,0.002475707995472476
39,blocks.1.mlp.c_proj.weight.buf,4194304,4195129,RAW,0.002243832976091653
39,blocks.2.attn.c_q.weight.buf,1048576,1049401,RAW,0.0006427920015994459
39,blocks.2.attn.c_k.weight.buf,1048576,1049401,RAW,0.0005713749851565808
39,blocks.2.attn.c_v.weight.buf,1048576,1049401,RAW,0.0005753329896833748
39,blocks.2.attn.c_proj.weight.buf,1048576,1049401,RAW,0.0005681669863406569
39,blocks.2.mlp.c_fc.weight.buf,4194304,4196389,RAW,0.0021523339964915067
39,blocks.2.mlp.c_proj.weight.buf,4194304,4195129,RAW,0.002075333002721891
39,blocks.3.attn.c_q.weight.buf,1048576,1049401,RAW,0.0006088750087656081
39,blocks.3.attn.c_k.weight.buf,1048576,1049401,RAW,0.000570832984521985
39,blocks.3.attn.c_v.weight.buf,1048576,1049401,RAW,0.0005701660120394081
39,blocks.3.attn.c_proj.weight.buf,1048576,1049401,RAW,0.0005660000024363399
39,blocks.3.attn.ve_gate.weight.buf,512,1022,RAW,8.332979632541537e-06
39,blocks.3.mlp.c_fc.weight.buf,4194304,4196389,RAW,0.002164458011975512
39,blocks.3.mlp.c_proj.weight.buf,4194304,4195129,RAW,0.002051041985396296
39,blocks.4.attn.c_q.weight.buf,1048576,1049401,RAW,0.0006103749910835177
39,blocks.4.attn.c_k.weight.buf,1048576,1049401,RAW,0.0005667090008500963
39,blocks.4.attn.c_v.weight.buf,1048576,1049401,RAW,0.0005707079835701734
39,blocks.4.attn.c_proj.weight.buf,1048576,1049401,RAW,0.0005792909942101687
39,blocks.4.mlp.c_fc.weight.buf,4194304,4196389,RAW,0.002062999992631376
39,blocks.4.mlp.c_proj.weight.buf,4194304,4195129,RAW,0.0020371660066302866
39,blocks.5.attn.c_q.weight.buf,1048576,1049401,RAW,0.0006212920125108212
39,blocks.5.attn.c_k.weight.buf,1048576,1049401,RAW,0.0005758749903179705
39,blocks.5.attn.c_v.weight.buf,1048576,1049401,RAW,0.0005693749990314245
39,blocks.5.attn.c_proj.weight.buf,1048576,1049401,RAW,0.0014009579899720848
39,blocks.5.attn.ve_gate.weight.buf,512,1022,RAW,8.875009370967746e-06
39,blocks.5.mlp.c_fc.weight.buf,4194304,4196389,RAW,0.0023752500128466636
39,blocks.5.mlp.c_proj.weight.buf,4194304,4195129,RAW,0.0022487500100396574
39,blocks.6.attn.c_q.weight.buf,1048576,1049401,RAW,0.0006329159950837493
39,blocks.6.attn.c_k.weight.buf,1048576,1049401,RAW,0.0005783329834230244
39,blocks.6.attn.c_v.weight.buf,1048576,1049401,RAW,0.0006034169928170741
39,blocks.6.attn.c_proj.weight.buf,1048576,1049401,RAW,0.000567209004657343
39,blocks.6.mlp.c_fc.weight.buf,4194304,4196389,RAW,0.0020528329769149423
39,blocks.6.mlp.c_proj.weight.buf,4194304,4195129,RAW,0.002103457984048873
39,blocks.7.attn.c_q.weight.buf,1048576,1049401,RAW,0.0006053329852875322
39,blocks.7.attn.c_k.weight.buf,1048576,1049401,RAW,0.0005693749990314245
39,blocks.7.attn.c_v.weight.buf,1048576,1049401,RAW,0.0005616659764200449
39,blocks.7.attn.c_proj.weight.buf,1048576,1049401,RAW,0.0005629579827655107
39,blocks.7.attn.ve_gate.weight.buf,512,1022,RAW,7.084017852321267e-06
39,blocks.7.mlp.c_fc.weight.buf,4194304,4196389,RAW,0.0020444170222617686
39,blocks.7.mlp.c_proj.weight.buf,4194304,4195129,RAW,0.0020824169914703816
39,lm_head.weight.m,67108864,67136149,RAW,0.0613400420115795
39,lm_head.weight.v,67108864,67136149,RAW,0.03498724999371916
39,resid_lambdas.m,32,32,RAW_VECTOR,4.708999767899513e-06
39,resid_lambdas.v,32,32,RAW_VECTOR,5.00003807246685e-07
39,x0_lambdas.m,32,32,RAW_VECTOR,9.579816833138466e-07
39,x0_lambdas.v,32,32,RAW_VECTOR,5.420006345957518e-07
39,value_embeds.1.weight.m,67108864,67136149,RAW,0.03633974998956546
39,value_embeds.1.weight.v,67108864,67136149,RAW,0.04760712498682551
39,value_embeds.3.weight.m,67108864,67136149,RAW,0.03555670799687505
39,value_embeds.3.weight.v,67108864,67136149,RAW,0.04204200001549907
39,value_embeds.5.weight.m,67108864,67136149,RAW,0.034953583002788946
39,value_embeds.5.weight.v,67108864,67136149,RAW,0.0426274579949677
39,value_embeds.7.weight.m,67108864,67136149,RAW,0.03580408400739543
39,value_embeds.7.weight.v,67108864,67136149,RAW,0.0410525829938706
40,wte.weight.m,67108864,67136149,RAW,0.03822245800984092
40,wte.weight.v,67108864,67136149,RAW,0.056146791990613565
40,blocks.0.attn.c_q.weight.buf,1048576,1049401,RAW,0.0006632909935433418
40,blocks.0.attn.c_k.weight.buf,1048576,1049401,RAW,0.0005706249794457108
40,blocks.0.attn.c_v.weight.buf,1048576,1049401,RAW,0.0006000419962219894
40,blocks.0.attn.c_proj.weight.buf,1048576,1049401,RAW,0.0005727919924538583
40,blocks.0.mlp.c_fc.weight.buf,4194304,4196389,RAW,0.0023218750138767064
40,blocks.0.mlp.c_proj.weight.buf,4194304,4195129,RAW,0.0020814580202568322
40,blocks.1.attn.c_q.weight.buf,1048576,1049401,RAW,0.000592875003349036
40,blocks.1.attn.c_k.weight.buf,1048576,1049401,RAW,0.0005971670034341514
40,blocks.1.attn.c_v.weight.buf,1048576,1049401,RAW,0.0005104580195620656
40,blocks.1.attn.c_proj.weight.buf,1048576,1049401,RAW,0.000564665999263525
40,blocks.1.attn.ve_gate.weight.buf,512,1022,RAW,2.5124987587332726e-05
40,blocks.1.mlp.c_fc.weight.buf,4194304,4196389,RAW,0.0020382079819682986
40,blocks.1.mlp.c_proj.weight.buf,4194304,4195129,RAW,0.0020265420025680214
40,blocks.2.attn.c_q.weight.buf,1048576,1049401,RAW,0.0005898330127820373
40,blocks.2.attn.c_k.weight.buf,1048576,1049401,RAW,0.0005501249979715794
40,blocks.2.attn.c_v.weight.buf,1048576,1049401,RAW,0.0005649170198012143
40,blocks.2.attn.c_proj.weight.buf,1048576,1049401,RAW,0.0005652499967254698
40,blocks.2.mlp.c_fc.weight.buf,4194304,4196389,RAW,0.0020459160150494426
40,blocks.2.mlp.c_proj.weight.buf,4194304,4195129,RAW,0.001976542000193149
40,blocks.3.attn.c_q.weight.buf,1048576,1049401,RAW,0.000606291985604912
40,blocks.3.attn.c_k.weight.buf,1048576,1049401,RAW,0.0013887080131098628
40,blocks.3.attn.c_v.weight.buf,1048576,1049401,RAW,0.0006554159917868674
40,blocks.3.attn.c_proj.weight.buf,1048576,1049401,RAW,0.0006264169933274388
40,blocks.3.attn.ve_gate.weight.buf,512,1022,RAW,1.824999344535172e-05
40,blocks.3.mlp.c_fc.weight.buf,4194304,4196389,RAW,0.002488458005245775
40,blocks.3.mlp.c_proj.weight.buf,4194304,4195129,RAW,0.0022491659910883754
40,blocks.4.attn.c_q.weight.buf,1048576,1049401,RAW,0.0006719999946653843
40,blocks.4.attn.c_k.weight.buf,1048576,1049401,RAW,0.0006507500074803829
40,blocks.4.attn.c_v.weight.buf,1048576,1049401,RAW,0.0006418330012820661
40,blocks.4.attn.c_proj.weight.buf,1048576,1049401,RAW,0.0006080000021029264
40,blocks.4.mlp.c_fc.weight.buf,4194304,4196389,RAW,0.002195708977524191
40,blocks.4.mlp.c_proj.weight.buf,4194304,4195129,RAW,0.002145292004570365
40,blocks.5.attn.c_q.weight.buf,1048576,1049401,RAW,0.0006644999957643449
40,blocks.5.attn.c_k.weight.buf,1048576,1049401,RAW,0.0006170830165501684
40,blocks.5.attn.c_v.weight.buf,1048576,1049401,RAW,0.0006136670126579702
40,blocks.5.attn.c_proj.weight.buf,1048576,1049401,RAW,0.0005993339873384684
40,blocks.5.attn.ve_gate.weight.buf,512,1022,RAW,2.579099964350462e-05
40,blocks.5.mlp.c_fc.weight.buf,4194304,4196389,RAW,0.002234207990113646
40,blocks.5.mlp.c_proj.weight.buf,4194304,4195129,RAW,0.0021105839987285435
40,blocks.6.attn.c_q.weight.buf,1048576,1049401,RAW,0.0006972090050112456
40,blocks.6.attn.c_k.weight.buf,1048576,1049401,RAW,0.000622584018856287
40,blocks.6.attn.c_v.weight.buf,1048576,1049401,RAW,0.0005962499999441206
40,blocks.6.attn.c_proj.weight.buf,1048576,1049401,RAW,0.028449833014747128
40,blocks.6.mlp.c_fc.weight.buf,4194304,4196389,RAW,0.002552250021835789
40,blocks.6.mlp.c_proj.weight.buf,4194304,4195129,RAW,0.0023052079777698964
40,blocks.7.attn.c_q.weight.buf,1048576,1049401,RAW,0.0006889590003993362
40,blocks.7.attn.c_k.weight.buf,1048576,1049401,RAW,0.0006410830246750265
40,blocks.7.attn.c_v.weight.buf,1048576,1049401,RAW,0.0006274159823078662
40,blocks.7.attn.c_proj.weight.buf,1048576,1049401,RAW,0.0006246249831747264
40,blocks.7.attn.ve_gate.weight.buf,512,1022,RAW,1.925000105984509e-05
40,blocks.7.mlp.c_fc.weight.buf,4194304,4196389,RAW,0.0021257920016068965
40,blocks.7.mlp.c_proj.weight.buf,4194304,4195129,RAW,0.00216154198278673
40,lm_head.weight.m,67108864,67136149,RAW,0.04619500000262633
40,lm_head.weight.v,67108864,67136149,RAW,0.041609875013818964
40,resid_lambdas.m,32,32,RAW_VECTOR,5.332985892891884e-06
40,resid_lambdas.v,32,32,RAW_VECTOR,2.2500171326100826e-06
40,x0_lambdas.m,32,32,RAW_VECTOR,1.500011421740055e-06
40,x0_lambdas.v,32,32,RAW_VECTOR,3.7500285543501377e-07
40,value_embeds.1.weight.m,67108864,67136149,RAW,0.06788820802466944
40,value_embeds.1.weight.v,67108864,67136149,RAW,0.03677779098507017
40,value_embeds.3.weight.m,67108864,67136149,RAW,0.06634995798231103
40,value_embeds.3.weight.v,67108864,67136149,RAW,0.045055916998535395
40,value_embeds.5.weight.m,67108864,67136149,RAW,0.03569858300033957
40,value_embeds.5.weight.v,67108864,67136149,RAW,0.03839104197686538
40,value_embeds.7.weight.m,67108864,67136149,RAW,0.03604004200315103
40,value_embeds.7.weight.v,67108864,67136149,RAW,0.037749791983515024
41,wte.weight.m,67108864,67136149,RAW,0.05761650000931695
41,wte.weight.v,67108864,67136149,RAW,0.04004004198941402
41,blocks.0.attn.c_q.weight.buf,1048576,1049401,RAW,0.0006357920065056533
41,blocks.0.attn.c_k.weight.buf,1048576,1049401,RAW,0.0005903330165892839
41,blocks.0.attn.c_v.weight.buf,1048576,1049401,RAW,0.0005793749878648669
41,blocks.0.attn.c_proj.weight.buf,1048576,1049401,RAW,0.0005941249837633222
41,blocks.0.mlp.c_fc.weight.buf,4194304,4196389,RAW,0.002262916008476168
41,blocks.0.mlp.c_proj.weight.buf,4194304,4195129,RAW,0.00200995898921974
41,blocks.1.attn.c_q.weight.buf,1048576,1049401,RAW,0.0005780840001534671
41,blocks.1.attn.c_k.weight.buf,1048576,1049401,RAW,0.0009168339893221855
41,blocks.1.attn.c_v.weight.buf,1048576,1049401,RAW,0.0005998749984428287
41,blocks.1.attn.c_proj.weight.buf,1048576,1049401,RAW,0.0005995839892420918
41,blocks.1.attn.ve_gate.weight.buf,512,1022,RAW,8.58298153616488e-06
41,blocks.1.mlp.c_fc.weight.buf,4194304,4196389,RAW,0.0022813340183347464
41,blocks.1.mlp.c_proj.weight.buf,4194304,4195129,RAW,0.0037392090016510338
41,blocks.2.attn.c_q.weight.buf,1048576,1049401,RAW,0.0005845410050824285
41,blocks.2.attn.c_k.weight.buf,1048576,1049401,RAW,0.000596124998992309
41,blocks.2.attn.c_v.weight.buf,1048576,1049401,RAW,0.0005636660207528621
41,blocks.2.attn.c_proj.weight.buf,1048576,1049401,RAW,0.0005932089989073575
41,blocks.2.mlp.c_fc.weight.buf,4194304,4196389,RAW,0.002271042001666501
41,blocks.2.mlp.c_proj.weight.buf,4194304,4195129,RAW,0.0023412499867845327
41,blocks.3.attn.c_q.weight.buf,1048576,1049401,RAW,0.0006575000006705523
41,blocks.3.attn.c_k.weight.buf,1048576,1049401,RAW,0.0005421250243671238
41,blocks.3.attn.c_v.weight.buf,1048576,1049401,RAW,0.000585292000323534
41,blocks.3.attn.c_proj.weight.buf,1048576,1049401,RAW,0.0005792500160168856
41,blocks.3.attn.ve_gate.weight.buf,512,1022,RAW,8.709001122042537e-06
41,blocks.3.mlp.c_fc.weight.buf,4194304,4196389,RAW,0.0020901669922750443
41,blocks.3.mlp.c_proj.weight.buf,4194304,4195129,RAW,0.002134208014467731
41,blocks.4.attn.c_q.weight.buf,1048576,1049401,RAW,0.0005814169999212027
41,blocks.4.attn.c_k.weight.buf,1048576,1049401,RAW,0.0005763749941252172
41,blocks.4.attn.c_v.weight.buf,1048576,1049401,RAW,0.02290549999452196
41,blocks.4.attn.c_proj.weight.buf,1048576,1049401,RAW,0.0007815410208422691
41,blocks.4.mlp.c_fc.weight.buf,4194304,4196389,RAW,0.002352250012336299
41,blocks.4.mlp.c_proj.weight.buf,4194304,4195129,RAW,0.0021181250049266964
41,blocks.5.attn.c_q.weight.buf,1048576,1049401,RAW,0.0006318749801721424
41,blocks.5.attn.c_k.weight.buf,1048576,1049401,RAW,0.000564292015042156
41,blocks.5.attn.c_v.weight.buf,1048576,1049401,RAW,0.0005651669926010072
41,blocks.5.attn.c_proj.weight.buf,1048576,1049401,RAW,0.0005625000048894435
41,blocks.5.attn.ve_gate.weight.buf,512,1022,RAW,8.916016668081284e-06
41,blocks.5.mlp.c_fc.weight.buf,4194304,4196389,RAW,0.002106250001816079
41,blocks.5.mlp.c_proj.weight.buf,4194304,4195129,RAW,0.002076833974570036
41,blocks.6.attn.c_q.weight.buf,1048576,1049401,RAW,0.0005807499983347952
41,blocks.6.attn.c_k.weight.buf,1048576,1049401,RAW,0.0005629590013995767
41,blocks.6.attn.c_v.weight.buf,1048576,1049401,RAW,0.0005659160087816417
41,blocks.6.attn.c_proj.weight.buf,1048576,1049401,RAW,0.0005569999921135604
41,blocks.6.mlp.c_fc.weight.buf,4194304,4196389,RAW,0.0021093329996801913
41,blocks.6.mlp.c_proj.weight.buf,4194304,4195129,RAW,0.002050375012913719
41,blocks.7.attn.c_q.weight.buf,1048576,1049401,RAW,0.0005622919998131692
41,blocks.7.attn.c_k.weight.buf,1048576,1049401,RAW,0.0005529999907594174
41,blocks.7.attn.c_v.weight.buf,1048576,1049401,RAW,0.0005610829975921661
41,blocks.7.attn.c_proj.weight.buf,1048576,1049401,RAW,0.0005683749914169312
41,blocks.7.attn.ve_gate.weight.buf,512,1022,RAW,7.458991603925824e-06
41,blocks.7.mlp.c_fc.weight.buf,4194304,4196389,RAW,0.024361707997741178
41,blocks.7.mlp.c_proj.weight.buf,4194304,4195129,RAW,0.002453291992424056
41,lm_head.weight.m,67108864,67136149,RAW,0.03540849999990314
41,lm_head.weight.v,67108864,67136149,RAW,0.0613161250075791
41,resid_lambdas.m,32,32,RAW_VECTOR,7.166992872953415e-06
41,resid_lambdas.v,32,32,RAW_VECTOR,5.420006345957518e-07
41,x0_lambdas.m,32,32,RAW_VECTOR,1.1250085663050413e-06
41,x0_lambdas.v,32,32,RAW_VECTOR,2.500019036233425e-07
41,value_embeds.1.weight.m,67108864,67136149,RAW,0.06180633301846683
41,value_embeds.1.weight.v,67108864,67136149,RAW,0.03539229099988006
41,value_embeds.3.weight.m,67108864,67136149,RAW,0.03929020802024752
41,value_embeds.3.weight.v,67108864,67136149,RAW,0.0542509580263868
41,value_embeds.5.weight.m,67108864,67136149,RAW,0.03633299999637529
41,value_embeds.5.weight.v,67108864,67136149,RAW,0.035950416000559926
41,value_embeds.7.weight.m,67108864,67136149,RAW,0.03552429101546295
41,value_embeds.7.weight.v,67108864,67136149,RAW,0.036915208998834714
42,wte.weight.m,67108864,67136149,RAW,0.034451582992915064
42,wte.weight.v,67108864,67136149,RAW,0.059191540989559144
42,blocks.0.attn.c_q.weight.buf,1048576,1049401,RAW,0.0006267499993555248
42,blocks.0.attn.c_k.weight.buf,1048576,1049401,RAW,0.0005638340080622584
42,blocks.0.attn.c_v.weight.buf,1048576,1049401,RAW,0.0005609579966403544
42,blocks.0.attn.c_proj.weight.buf,1048576,1049401,RAW,0.0005631670064758509
42,blocks.0.mlp.c_fc.weight.buf,4194304,4196389,RAW,0.0022062919742893428
42,blocks.0.mlp.c_proj.weight.buf,4194304,4195129,RAW,0.002003208006499335
42,blocks.1.attn.c_q.weight.buf,1048576,1049401,RAW,0.0006162499776110053
42,blocks.1.attn.c_k.weight.buf,1048576,1049401,RAW,0.000556332990527153
42,blocks.1.attn.c_v.weight.buf,1048576,1049401,RAW,0.0005578749987762421
42,blocks.1.attn.c_proj.weight.buf,1048576,1049401,RAW,0.0005709590041078627
42,blocks.1.attn.ve_gate.weight.buf,512,1022,RAW,2.5541987270116806e-05
42,blocks.1.mlp.c_fc.weight.buf,4194304,4196389,RAW,0.0019963750091847032
42,blocks.1.mlp.c_proj.weight.buf,4194304,4195129,RAW,0.002564499998698011
42,blocks.2.attn.c_q.weight.buf,1048576,1049401,RAW,0.000640665995888412
42,blocks.2.attn.c_k.weight.buf,1048576,1049401,RAW,0.000570792006328702
42,blocks.2.attn.c_v.weight.buf,1048576,1049401,RAW,0.0005793329910375178
42,blocks.2.attn.c_proj.weight.buf,1048576,1049401,RAW,0.0006317500083241612
42,blocks.2.mlp.c_fc.weight.buf,4194304,4196389,RAW,0.002085250016534701
42,blocks.2.mlp.c_proj.weight.buf,4194304,4195129,RAW,0.0020327920210547745
42,blocks.3.attn.c_q.weight.buf,1048576,1049401,RAW,0.0005850000015925616
42,blocks.3.attn.c_k.weight.buf,1048576,1049401,RAW,0.0005224170163273811
42,blocks.3.attn.c_v.weight.buf,1048576,1049401,RAW,0.0005526659952010959
42,blocks.3.attn.c_proj.weight.buf,1048576,1049401,RAW,0.0005368339770939201
42,blocks.3.attn.ve_gate.weight.buf,512,1022,RAW,1.9917002646252513e-05
42,blocks.3.mlp.c_fc.weight.buf,4194304,4196389,RAW,0.002099959005136043
42,blocks.3.mlp.c_proj.weight.buf,4194304,4195129,RAW,0.001968333002878353
42,blocks.4.attn.c_q.weight.buf,1048576,1049401,RAW,0.000582333974307403
42,blocks.4.attn.c_k.weight.buf,1048576,1049401,RAW,0.0005382500239647925
42,blocks.4.attn.c_v.weight.buf,1048576,1049401,RAW,0.0005265829968266189
42,blocks.4.attn.c_proj.weight.buf,1048576,1049401,RAW,0.0005185419868212193
42,blocks.4.mlp.c_fc.weight.buf,4194304,4196389,RAW,0.0019709579937625676
42,blocks.4.mlp.c_proj.weight.buf,4194304,4195129,RAW,0.001966499985428527
42,blocks.5.attn.c_q.weight.buf,1048576,1049401,RAW,0.0005805410037282854
42,blocks.5.attn.c_k.weight.buf,1048576,1049401,RAW,0.0005622909811791033
42,blocks.5.attn.c_v.weight.buf,1048576,1049401,RAW,0.0005855830095242709
42,blocks.5.attn.c_proj.weight.buf,1048576,1049401,RAW,0.0005272089911159128
42,blocks.5.attn.ve_gate.weight.buf,512,1022,RAW,1.2209027772769332e-05
42,blocks.5.mlp.c_fc.weight.buf,4194304,4196389,RAW,0.001992542005609721
42,blocks.5.mlp.c_proj.weight.buf,4194304,4195129,RAW,0.0035347079974599183
42,blocks.6.attn.c_q.weight.buf,1048576,1049401,RAW,0.00063854202744551
42,blocks.6.attn.c_k.weight.buf,1048576,1049401,RAW,0.000565333990380168
42,blocks.6.attn.c_v.weight.buf,1048576,1049401,RAW,0.0005616249982267618
42,blocks.6.attn.c_proj.weight.buf,1048576,1049401,RAW,0.0005663749761879444
42,blocks.6.mlp.c_fc.weight.buf,4194304,4196389,RAW,0.0020672919927164912
42,blocks.6.mlp.c_proj.weight.buf,4194304,4195129,RAW,0.002022250002482906
42,blocks.7.attn.c_q.weight.buf,1048576,1049401,RAW,0.000602624990278855
42,blocks.7.attn.c_k.weight.buf,1048576,1049401,RAW,0.0005232089897617698
42,blocks.7.attn.c_v.weight.buf,1048576,1049401,RAW,0.0005282500060275197
42,blocks.7.attn.c_proj.weight.buf,1048576,1049401,RAW,0.0005727499956265092
42,blocks.7.attn.ve_gate.weight.buf,512,1022,RAW,1.1041993275284767e-05
42,blocks.7.mlp.c_fc.weight.buf,4194304,4196389,RAW,0.0021653749863617122
42,blocks.7.mlp.c_proj.weight.buf,4194304,4195129,RAW,0.0021703329985029995
42,lm_head.weight.m,67108864,67136149,RAW,0.06659383297665045
42,lm_head.weight.v,67108864,67136149,RAW,0.0371123329969123
42,resid_lambdas.m,32,32,RAW_VECTOR,1.3665994629263878e-05
42,resid_lambdas.v,32,32,RAW_VECTOR,5.409820005297661e-07
42,x0_lambdas.m,32,32,RAW_VECTOR,2.749991836026311e-06
42,x0_lambdas.v,32,32,RAW_VECTOR,2.500019036233425e-07
42,value_embeds.1.weight.m,67108864,67136149,RAW,0.03754829097306356
42,value_embeds.1.weight.v,67108864,67136149,RAW,0.03915758299990557
42,value_embeds.3.weight.m,67108864,67136149,RAW,0.040208291000453755
42,value_embeds.3.weight.v,67108864,67136149,RAW,0.07061687498935498
42,value_embeds.5.weight.m,67108864,67136149,RAW,0.04446754098171368
42,value_embeds.5.weight.v,67108864,67136149,RAW,0.04223387502133846
42,value_embeds.7.weight.m,67108864,67136149,RAW,0.037219416990410537
42,value_embeds.7.weight.v,67108864,67136149,RAW,0.040603125002235174
43,wte.weight.m,67108864,67136149,RAW,0.035436500009382144
43,wte.weight.v,67108864,67136149,RAW,0.061130417016102
43,blocks.0.attn.c_q.weight.buf,1048576,1049401,RAW,0.0006554999854415655
43,blocks.0.attn.c_k.weight.buf,1048576,1049401,RAW,0.0005771249998360872
43,blocks.0.attn.c_v.weight.buf,1048576,1049401,RAW,0.0005748749827034771
43,blocks.0.attn.c_proj.weight.buf,1048576,1049401,RAW,0.0005878340161871165
43,blocks.0.mlp.c_fc.weight.buf,4194304,4196389,RAW,0.002287000010255724
43,blocks.0.mlp.c_proj.weight.buf,4194304,4195129,RAW,0.0020404160022735596
43,blocks.1.attn.c_q.weight.buf,1048576,1049401,RAW,0.0005662500043399632
43,blocks.1.attn.c_k.weight.buf,1048576,1049401,RAW,0.000589667004533112
43,blocks.1.attn.c_v.weight.buf,1048576,1049401,RAW,0.000570082978811115
43,blocks.1.attn.c_proj.weight.buf,1048576,1049401,RAW,0.0013910419947933406
43,blocks.1.attn.ve_gate.weight.buf,512,1022,RAW,2.0750012481585145e-05
43,blocks.1.mlp.c_fc.weight.buf,4194304,4196389,RAW,0.0023579160042572767
43,blocks.1.mlp.c_proj.weight.buf,4194304,4195129,RAW,0.00212529199779965
43,blocks.2.attn.c_q.weight.buf,1048576,1049401,RAW,0.0009423339797649533
43,blocks.2.attn.c_k.weight.buf,1048576,1049401,RAW,0.0005699999746866524
43,blocks.2.attn.c_v.weight.buf,1048576,1049401,RAW,0.0005812080053146929
43,blocks.2.attn.c_proj.weight.buf,1048576,1049401,RAW,0.0005585830076597631
43,blocks.2.mlp.c_fc.weight.buf,4194304,4196389,RAW,0.0020813330193050206
43,blocks.2.mlp.c_proj.weight.buf,4194304,4195129,RAW,0.0020835000032093376
43,blocks.3.attn.c_q.weight.buf,1048576,1049401,RAW,0.0005886250000912696
43,blocks.3.attn.c_k.weight.buf,1048576,1049401,RAW,0.0005898749805055559
43,blocks.3.attn.c_v.weight.buf,1048576,1049401,RAW,0.0005702910129912198
43,blocks.3.attn.c_proj.weight.buf,1048576,1049401,RAW,0.0005498750251717865
43,blocks.3.attn.ve_gate.weight.buf,512,1022,RAW,8.37500556372106e-06
43,blocks.3.mlp.c_fc.weight.buf,4194304,4196389,RAW,0.0020737500162795186
43,blocks.3.mlp.c_proj.weight.buf,4194304,4195129,RAW,0.002054916985798627
43,blocks.4.attn.c_q.weight.buf,1048576,1049401,RAW,0.0006147500243969262
43,blocks.4.attn.c_k.weight.buf,1048576,1049401,RAW,0.0006000419962219894
43,blocks.4.attn.c_v.weight.buf,1048576,1049401,RAW,0.0005596669798251241
43,blocks.4.attn.c_proj.weight.buf,1048576,1049401,RAW,0.023731083987513557
43,blocks.4.mlp.c_fc.weight.buf,4194304,4196389,RAW,0.002448374987579882
43,blocks.4.mlp.c_proj.weight.buf,4194304,4195129,RAW,0.002173208980821073
43,blocks.5.attn.c_q.weight.buf,1048576,1049401,RAW,0.0006376249948516488
43,blocks.5.attn.c_k.weight.buf,1048576,1049401,RAW,0.0006150830013211817
43,blocks.5.attn.c_v.weight.buf,1048576,1049401,RAW,0.0005795409961137921
43,blocks.5.attn.c_proj.weight.buf,1048576,1049401,RAW,0.0005668330122716725
43,blocks.5.attn.ve_gate.weight.buf,512,1022,RAW,8.665985660627484e-06
43,blocks.5.mlp.c_fc.weight.buf,4194304,4196389,RAW,0.002104667015373707
43,blocks.5.mlp.c_proj.weight.buf,4194304,4195129,RAW,0.0020312080159783363
43,blocks.6.attn.c_q.weight.buf,1048576,1049401,RAW,0.0005790829891338944
43,blocks.6.attn.c_k.weight.buf,1048576,1049401,RAW,0.0005590830114670098
43,blocks.6.attn.c_v.weight.buf,1048576,1049401,RAW,0.000574083998799324
43,blocks.6.attn.c_proj.weight.buf,1048576,1049401,RAW,0.0005843330000061542
43,blocks.6.mlp.c_fc.weight.buf,4194304,4196389,RAW,0.00211408399627544
43,blocks.6.mlp.c_proj.weight.buf,4194304,4195129,RAW,0.0020169169874861836
43,blocks.7.attn.c_q.weight.buf,1048576,1049401,RAW,0.0005632909887935966
43,blocks.7.attn.c_k.weight.buf,1048576,1049401,RAW,0.000560292013688013
43,blocks.7.attn.c_v.weight.buf,1048576,1049401,RAW,0.0005770410061813891
43,blocks.7.attn.c_proj.weight.buf,1048576,1049401,RAW,0.0005558750126510859
43,blocks.7.attn.ve_gate.weight.buf,512,1022,RAW,6.832997314631939e-06
43,blocks.7.mlp.c_fc.weight.buf,4194304,4196389,RAW,0.0021100000012665987
43,blocks.7.mlp.c_proj.weight.buf,4194304,4195129,RAW,0.002056792000075802
43,lm_head.weight.m,67108864,67136149,RAW,0.035352125007193536
43,lm_head.weight.v,67108864,67136149,RAW,0.03696950001176447
43,resid_lambdas.m,32,32,RAW_VECTOR,4.208995960652828e-06
43,resid_lambdas.v,32,32,RAW_VECTOR,1.167005393654108e-06
43,x0_lambdas.m,32,32,RAW_VECTOR,1.1250085663050413e-06
43,x0_lambdas.v,32,32,RAW_VECTOR,3.7500285543501377e-07
43,value_embeds.1.weight.m,67108864,67136149,RAW,0.038040957995690405
43,value_embeds.1.weight.v,67108864,67136149,RAW,0.03385204199003056
43,value_embeds.3.weight.m,67108864,67136149,RAW,0.03582379099680111
43,value_embeds.3.weight.v,67108864,67136149,RAW,0.03664429098716937
43,value_embeds.5.weight.m,67108864,67136149,RAW,0.03585054201539606
43,value_embeds.5.weight.v,67108864,67136149,RAW,0.03898791701067239
43,value_embeds.7.weight.m,67108864,67136149,RAW,0.03649608400883153
43,value_embeds.7.weight.v,67108864,67136149,RAW,0.040294625010574237
44,wte.weight.m,67108864,67136149,RAW,0.03515387501101941
44,wte.weight.v,67108864,67136149,RAW,0.06488579098368064
44,blocks.0.attn.c_q.weight.buf,1048576,1049401,RAW,0.0006775840010959655
44,blocks.0.attn.c_k.weight.buf,1048576,1049401,RAW,0.0005747500108554959
44,blocks.0.attn.c_v.weight.buf,1048576,1049401,RAW,0.0005958749970886856
44,blocks.0.attn.c_proj.weight.buf,1048576,1049401,RAW,0.0005811249720863998
44,blocks.0.mlp.c_fc.weight.buf,4194304,4196389,RAW,0.0021644170046783984
44,blocks.0.mlp.c_proj.weight.buf,4194304,4195129,RAW,0.002009707997785881
44,blocks.1.attn.c_q.weight.buf,1048576,1049401,RAW,0.0006099589809309691
44,blocks.1.attn.c_k.weight.buf,1048576,1049401,RAW,0.0005602089804597199
44,blocks.1.attn.c_v.weight.buf,1048576,1049401,RAW,0.0005959999980404973
44,blocks.1.attn.c_proj.weight.buf,1048576,1049401,RAW,0.0005591250082943588
44,blocks.1.attn.ve_gate.weight.buf,512,1022,RAW,7.95800588093698e-06
44,blocks.1.mlp.c_fc.weight.buf,4194304,4196389,RAW,0.0020216669945511967
44,blocks.1.mlp.c_proj.weight.buf,4194304,4195129,RAW,0.001986791001399979
44,blocks.2.attn.c_q.weight.buf,1048576,1049401,RAW,0.000629834015853703
44,blocks.2.attn.c_k.weight.buf,1048576,1049401,RAW,0.000566083996091038
44,blocks.2.attn.c_v.weight.buf,1048576,1049401,RAW,0.023543624993180856
44,blocks.2.attn.c_proj.weight.buf,1048576,1049401,RAW,0.000663125014398247
44,blocks.2.mlp.c_fc.weight.buf,4194304,4196389,RAW,0.0022712500067427754
44,blocks.2.mlp.c_proj.weight.buf,4194304,4195129,RAW,0.002059749996988103
44,blocks.3.attn.c_q.weight.buf,1048576,1049401,RAW,0.0006299579981714487
44,blocks.3.attn.c_k.weight.buf,1048576,1049401,RAW,0.000592124997638166
44,blocks.3.attn.c_v.weight.buf,1048576,1049401,RAW,0.0005866670107934624
44,blocks.3.attn.c_proj.weight.buf,1048576,1049401,RAW,0.00056170899188146
44,blocks.3.attn.ve_gate.weight.buf,512,1022,RAW,8.875009370967746e-06
44,blocks.3.mlp.c_fc.weight.buf,4194304,4196389,RAW,0.002107915992382914
44,blocks.3.mlp.c_proj.weight.buf,4194304,4195129,RAW,0.0019955000025220215
44,blocks.4.attn.c_q.weight.buf,1048576,1049401,RAW,0.0005897919763810933
44,blocks.4.attn.c_k.weight.buf,1048576,1049401,RAW,0.000541499990504235
44,blocks.4.attn.c_v.weight.buf,1048576,1049401,RAW,0.0005498749960679561
44,blocks.4.attn.c_proj.weight.buf,1048576,1049401,RAW,0.0005826250126119703
44,blocks.4.mlp.c_fc.weight.buf,4194304,4196389,RAW,0.0020166249887552112
44,blocks.4.mlp.c_proj.weight.buf,4194304,4195129,RAW,0.002032292017247528
44,blocks.5.attn.c_q.weight.buf,1048576,1049401,RAW,0.0005989579949527979
44,blocks.5.attn.c_k.weight.buf,1048576,1049401,RAW,0.0005661250033881515
44,blocks.5.attn.c_v.weight.buf,1048576,1049401,RAW,0.0005503749998752028
44,blocks.5.attn.c_proj.weight.buf,1048576,1049401,RAW,0.0005830000154674053
44,blocks.5.attn.ve_gate.weight.buf,512,1022,RAW,1.1833006283268332e-05
44,blocks.5.mlp.c_fc.weight.buf,4194304,4196389,RAW,0.0020235830161254853
44,blocks.5.mlp.c_proj.weight.buf,4194304,4195129,RAW,0.024207540991483256
44,blocks.6.attn.c_q.weight.buf,1048576,1049401,RAW,0.0007524160027969629
44,blocks.6.attn.c_k.weight.buf,1048576,1049401,RAW,0.0005920420226175338
44,blocks.6.attn.c_v.weight.buf,1048576,1049401,RAW,0.0005985829920973629
44,blocks.6.attn.c_proj.weight.buf,1048576,1049401,RAW,0.0005773750017397106
44,blocks.6.mlp.c_fc.weight.buf,4194304,4196389,RAW,0.002279584005009383
44,blocks.6.mlp.c_proj.weight.buf,4194304,4195129,RAW,0.0020589159976225346
44,blocks.7.attn.c_q.weight.buf,1048576,1049401,RAW,0.0006034169928170741
44,blocks.7.attn.c_k.weight.buf,1048576,1049401,RAW,0.0005445420101750642
44,blocks.7.attn.c_v.weight.buf,1048576,1049401,RAW,0.0005659579765051603
44,blocks.7.attn.c_proj.weight.buf,1048576,1049401,RAW,0.000553457997739315
44,blocks.7.attn.ve_gate.weight.buf,512,1022,RAW,8.624978363513947e-06
44,blocks.7.mlp.c_fc.weight.buf,4194304,4196389,RAW,0.00205404098960571
44,blocks.7.mlp.c_proj.weight.buf,4194304,4195129,RAW,0.001990082993870601
44,lm_head.weight.m,67108864,67136149,RAW,0.060919790994375944
44,lm_head.weight.v,67108864,67136149,RAW,0.037232707982184365
44,resid_lambdas.m,32,32,RAW_VECTOR,5.832989700138569e-06
44,resid_lambdas.v,32,32,RAW_VECTOR,6.250047590583563e-07
44,x0_lambdas.m,32,32,RAW_VECTOR,2.1249870769679546e-06
44,x0_lambdas.v,32,32,RAW_VECTOR,6.660120561718941e-07
44,value_embeds.1.weight.m,67108864,67136149,RAW,0.0357101249974221
44,value_embeds.1.weight.v,67108864,67136149,RAW,0.03638999999384396
44,value_embeds.3.weight.m,67108864,67136149,RAW,0.03703908299212344
44,value_embeds.3.weight.v,67108864,67136149,RAW,0.0410794579947833
44,value_embeds.5.weight.m,67108864,67136149,RAW,0.037303500022972
44,value_embeds.5.weight.v,67108864,67136149,RAW,0.04151854201336391
44,value_embeds.7.weight.m,67108864,67136149,RAW,0.037476666999282315
44,value_embeds.7.weight.v,67108864,67136149,RAW,0.0415749579842668
45,wte.weight.m,67108864,67136149,RAW,0.03549899999052286
45,wte.weight.v,67108864,67136149,RAW,0.06046445801621303
45,blocks.0.attn.c_q.weight.buf,1048576,1049401,RAW,0.0006452079978771508
45,blocks.0.attn.c_k.weight.buf,1048576,1049401,RAW,0.0005745000089518726
45,blocks.0.attn.c_v.weight.buf,1048576,1049401,RAW,0.0005762499931734055
45,blocks.0.attn.c_proj.weight.buf,1048576,1049401,RAW,0.0005718749889638275
45,blocks.0.mlp.c_fc.weight.buf,4194304,4196389,RAW,0.00227312499191612
45,blocks.0.mlp.c_proj.weight.buf,4194304,4195129,RAW,0.002009292016737163
45,blocks.1.attn.c_q.weight.buf,1048576,1049401,RAW,0.0006044170004315674
45,blocks.1.attn.c_k.weight.buf,1048576,1049401,RAW,0.0005642499891109765
45,blocks.1.attn.c_v.weight.buf,1048576,1049401,RAW,0.0005999999993946403
45,blocks.1.attn.c_proj.weight.buf,1048576,1049401,RAW,0.0005653749976772815
45,blocks.1.attn.ve_gate.weight.buf,512,1022,RAW,8.125003660097718e-06
45,blocks.1.mlp.c_fc.weight.buf,4194304,4196389,RAW,0.024624125013360754
45,blocks.1.mlp.c_proj.weight.buf,4194304,4195129,RAW,0.002412458008620888
45,blocks.2.attn.c_q.weight.buf,1048576,1049401,RAW,0.0006333329947665334
45,blocks.2.attn.c_k.weight.buf,1048576,1049401,RAW,0.0005679169844370335
45,blocks.2.attn.c_v.weight.buf,1048576,1049401,RAW,0.000604125001700595
45,blocks.2.attn.c_proj.weight.buf,1048576,1049401,RAW,0.0005893339985050261
45,blocks.2.mlp.c_fc.weight.buf,4194304,4196389,RAW,0.002070499991532415
45,blocks.2.mlp.c_proj.weight.buf,4194304,4195129,RAW,0.0019810420053545386
45,blocks.3.attn.c_q.weight.buf,1048576,1049401,RAW,0.0006002080044709146
45,blocks.3.attn.c_k.weight.buf,1048576,1049401,RAW,0.0006160420016385615
45,blocks.3.attn.c_v.weight.buf,1048576,1049401,RAW,0.0005173329846002162
45,blocks.3.attn.c_proj.weight.buf,1048576,1049401,RAW,0.0005620419979095459
45,blocks.3.attn.ve_gate.weight.buf,512,1022,RAW,1.895800232887268e-05
45,blocks.3.mlp.c_fc.weight.buf,4194304,4196389,RAW,0.002050250011961907
45,blocks.3.mlp.c_proj.weight.buf,4194304,4195129,RAW,0.0020344169752206653
45,blocks.4.attn.c_q.weight.buf,1048576,1049401,RAW,0.0005908330203965306
45,blocks.4.attn.c_k.weight.buf,1048576,1049401,RAW,0.0005802920204587281
45,blocks.4.attn.c_v.weight.buf,1048576,1049401,RAW,0.0005554159870371222
45,blocks.4.attn.c_proj.weight.buf,1048576,1049401,RAW,0.000574042001971975
45,blocks.4.mlp.c_fc.weight.buf,4194304,4196389,RAW,0.002103333012200892
45,blocks.4.mlp.c_proj.weight.buf,4194304,4195129,RAW,0.002057334000710398
45,blocks.5.attn.c_q.weight.buf,1048576,1049401,RAW,0.0006141249905340374
45,blocks.5.attn.c_k.weight.buf,1048576,1049401,RAW,0.0005686249933205545
45,blocks.5.attn.c_v.weight.buf,1048576,1049401,RAW,0.0005650829989463091
45,blocks.5.attn.c_proj.weight.buf,1048576,1049401,RAW,0.0005537079996429384
45,blocks.5.attn.ve_gate.weight.buf,512,1022,RAW,8.041999535635114e-06
45,blocks.5.mlp.c_fc.weight.buf,4194304,4196389,RAW,0.0020872500026598573
45,blocks.5.mlp.c_proj.weight.buf,4194304,4195129,RAW,0.003291625005658716
45,blocks.6.attn.c_q.weight.buf,1048576,1049401,RAW,0.000658417004160583
45,blocks.6.attn.c_k.weight.buf,1048576,1049401,RAW,0.0005822920065838844
45,blocks.6.attn.c_v.weight.buf,1048576,1049401,RAW,0.0005844589904882014
45,blocks.6.attn.c_proj.weight.buf,1048576,1049401,RAW,0.0005895409849472344
45,blocks.6.mlp.c_fc.weight.buf,4194304,4196389,RAW,0.002146000013453886
45,blocks.6.mlp.c_proj.weight.buf,4194304,4195129,RAW,0.0020262080070097
45,blocks.7.attn.c_q.weight.buf,1048576,1049401,RAW,0.0006004160095471889
45,blocks.7.attn.c_k.weight.buf,1048576,1049401,RAW,0.0005608749925158918
45,blocks.7.attn.c_v.weight.buf,1048576,1049401,RAW,0.0005645419878419489
45,blocks.7.attn.c_proj.weight.buf,1048576,1049401,RAW,0.0005562080186791718
45,blocks.7.attn.ve_gate.weight.buf,512,1022,RAW,8.208007784560323e-06
45,blocks.7.mlp.c_fc.weight.buf,4194304,4196389,RAW,0.0021682920050807297
45,blocks.7.mlp.c_proj.weight.buf,4194304,4195129,RAW,0.002003958012210205
45,lm_head.weight.m,67108864,67136149,RAW,0.035335458000190556
45,lm_head.weight.v,67108864,67136149,RAW,0.039352791995042935
45,resid_lambdas.m,32,32,RAW_VECTOR,4.749977961182594e-06
45,resid_lambdas.v,32,32,RAW_VECTOR,4.580069798976183e-07
45,x0_lambdas.m,32,32,RAW_VECTOR,8.750066626816988e-07
45,x0_lambdas.v,32,32,RAW_VECTOR,5.00003807246685e-07
45,value_embeds.1.weight.m,67108864,67136149,RAW,0.03617337500327267
45,value_embeds.1.weight.v,67108864,67136149,RAW,0.03963062498951331
45,value_embeds.3.weight.m,67108864,67136149,RAW,0.040434167021885514
45,value_embeds.3.weight.v,67108864,67136149,RAW,0.03998616599710658
45,value_embeds.5.weight.m,67108864,67136149,RAW,0.039700166991679
45,value_embeds.5.weight.v,67108864,67136149,RAW,0.03949133298010565
45,value_embeds.7.weight.m,67108864,67136149,RAW,0.040010791999520734
45,value_embeds.7.weight.v,67108864,67136149,RAW,0.040631124982610345
46,wte.weight.m,67108864,67136149,RAW,0.038805708987638354
46,wte.weight.v,67108864,67136149,RAW,0.05406483300612308
46,blocks.0.attn.c_q.weight.buf,1048576,1049401,RAW,0.0006879580032546073
46,blocks.0.attn.c_k.weight.buf,1048576,1049401,RAW,0.0006074999982956797
46,blocks.0.attn.c_v.weight.buf,1048576,1049401,RAW,0.0005840839876327664
46,blocks.0.attn.c_proj.weight.buf,1048576,1049401,RAW,0.000576250022277236
46,blocks.0.mlp.c_fc.weight.buf,4194304,4196389,RAW,0.002788792015053332
46,blocks.0.mlp.c_proj.weight.buf,4194304,4195129,RAW,0.0020231670059729367
46,blocks.1.attn.c_q.weight.buf,1048576,1049401,RAW,0.0006056670099496841
46,blocks.1.attn.c_k.weight.buf,1048576,1049401,RAW,0.000554541009478271
46,blocks.1.attn.c_v.weight.buf,1048576,1049401,RAW,0.000543624977581203
46,blocks.1.attn.c_proj.weight.buf,1048576,1049401,RAW,0.0005520830163732171
46,blocks.1.attn.ve_gate.weight.buf,512,1022,RAW,8.208007784560323e-06
46,blocks.1.mlp.c_fc.weight.buf,4194304,4196389,RAW,0.0020126669842284173
46,blocks.1.mlp.c_proj.weight.buf,4194304,4195129,RAW,0.002004500012844801
46,blocks.2.attn.c_q.weight.buf,1048576,1049401,RAW,0.0005991250218357891
46,blocks.2.attn.c_k.weight.buf,1048576,1049401,RAW,0.0005365829856600612
46,blocks.2.attn.c_v.weight.buf,1048576,1049401,RAW,0.0005422089889179915
46,blocks.2.attn.c_proj.weight.buf,1048576,1049401,RAW,0.0005661250033881515
46,blocks.2.mlp.c_fc.weight.buf,4194304,4196389,RAW,0.00208208299591206
46,blocks.2.mlp.c_proj.weight.buf,4194304,4195129,RAW,0.001986666989978403
46,blocks.3.attn.c_q.weight.buf,1048576,1049401,RAW,0.0005858749791514128
46,blocks.3.attn.c_k.weight.buf,1048576,1049401,RAW,0.0014338750042952597
46,blocks.3.attn.c_v.weight.buf,1048576,1049401,RAW,0.0005866670107934624
46,blocks.3.attn.c_proj.weight.buf,1048576,1049401,RAW,0.0005702499765902758
46,blocks.3.attn.ve_gate.weight.buf,512,1022,RAW,1.60830095410347e-05
46,blocks.3.mlp.c_fc.weight.buf,4194304,4196389,RAW,0.002239291003206745
46,blocks.3.mlp.c_proj.weight.buf,4194304,4195129,RAW,0.0020799159829039127
46,blocks.4.attn.c_q.weight.buf,1048576,1049401,RAW,0.0006156669987831265
46,blocks.4.attn.c_k.weight.buf,1048576,1049401,RAW,0.0005446670111268759
46,blocks.4.attn.c_v.weight.buf,1048576,1049401,RAW,0.0005515410157386214
46,blocks.4.attn.c_proj.weight.buf,1048576,1049401,RAW,0.0005774580058641732
46,blocks.4.mlp.c_fc.weight.buf,4194304,4196389,RAW,0.0020236250129528344
46,blocks.4.mlp.c_proj.weight.buf,4194304,4195129,RAW,0.001991708006244153
46,blocks.5.attn.c_q.weight.buf,1048576,1049401,RAW,0.0005956249951850623
46,blocks.5.attn.c_k.weight.buf,1048576,1049401,RAW,0.0005411249876488
46,blocks.5.attn.c_v.weight.buf,1048576,1049401,RAW,0.0005729169934056699
46,blocks.5.attn.c_proj.weight.buf,1048576,1049401,RAW,0.0005461249966174364
46,blocks.5.attn.ve_gate.weight.buf,512,1022,RAW,3.3374992199242115e-05
46,blocks.5.mlp.c_fc.weight.buf,4194304,4196389,RAW,0.0020526669977698475
46,blocks.5.mlp.c_proj.weight.buf,4194304,4195129,RAW,0.002030625008046627
46,blocks.6.attn.c_q.weight.buf,1048576,1049401,RAW,0.0005879160016775131
46,blocks.6.attn.c_k.weight.buf,1048576,1049401,RAW,0.0006032079982105643
46,blocks.6.attn.c_v.weight.buf,1048576,1049401,RAW,0.0005614580004476011
46,blocks.6.attn.c_proj.weight.buf,1048576,1049401,RAW,0.0005505839944817126
46,blocks.6.mlp.c_fc.weight.buf,4194304,4196389,RAW,0.02412050002021715
46,blocks.6.mlp.c_proj.weight.buf,4194304,4195129,RAW,0.0023559580149594694
46,blocks.7.attn.c_q.weight.buf,1048576,1049401,RAW,0.0006248339777812362
46,blocks.7.attn.c_k.weight.buf,1048576,1049401,RAW,0.0007179579988587648
46,blocks.7.attn.c_v.weight.buf,1048576,1049401,RAW,0.000674000009894371
46,blocks.7.attn.c_proj.weight.buf,1048576,1049401,RAW,0.0006052500102669001
46,blocks.7.attn.ve_gate.weight.buf,512,1022,RAW,6.95799826644361e-06
46,blocks.7.mlp.c_fc.weight.buf,4194304,4196389,RAW,0.0020524160063359886
46,blocks.7.mlp.c_proj.weight.buf,4194304,4195129,RAW,0.0020319580216892064
46,lm_head.weight.m,67108864,67136149,RAW,0.04851454100571573
46,lm_head.weight.v,67108864,67136149,RAW,0.03947141699609347
46,resid_lambdas.m,32,32,RAW_VECTOR,7.624999852851033e-06
46,resid_lambdas.v,32,32,RAW_VECTOR,3.416993422433734e-06
46,x0_lambdas.m,32,32,RAW_VECTOR,3.3329997677356005e-06
46,x0_lambdas.v,32,32,RAW_VECTOR,1.0420044418424368e-06
46,value_embeds.1.weight.m,67108864,67136149,RAW,0.06808545801322907
46,value_embeds.1.weight.v,67108864,67136149,RAW,0.03744766701129265
46,value_embeds.3.weight.m,67108864,67136149,RAW,0.05969791699317284
46,value_embeds.3.weight.v,67108864,67136149,RAW,0.03445950002060272
46,value_embeds.5.weight.m,67108864,67136149,RAW,0.03557216699118726
46,value_embeds.5.weight.v,67108864,67136149,RAW,0.04494849999900907
46,value_embeds.7.weight.m,67108864,67136149,RAW,0.03510891698533669
46,value_embeds.7.weight.v,67108864,67136149,RAW,0.039104333001887426
47,wte.weight.m,67108864,67136149,RAW,0.06306533300084993
47,wte.weight.v,67108864,67136149,RAW,0.044141292019048706
47,blocks.0.attn.c_q.weight.buf,1048576,1049401,RAW,0.0006848750053904951
47,blocks.0.attn.c_k.weight.buf,1048576,1049401,RAW,0.0005684999923687428
47,blocks.0.attn.c_v.weight.buf,1048576,1049401,RAW,0.0005854170012753457
47,blocks.0.attn.c_proj.weight.buf,1048576,1049401,RAW,0.0005916670197620988
47,blocks.0.mlp.c_fc.weight.buf,4194304,4196389,RAW,0.0022635830100625753
47,blocks.0.mlp.c_proj.weight.buf,4194304,4195129,RAW,0.002008791983826086
47,blocks.1.attn.c_q.weight.buf,1048576,1049401,RAW,0.0006074579723645002
47,blocks.1.attn.c_k.weight.buf,1048576,1049401,RAW,0.000575875019421801
47,blocks.1.attn.c_v.weight.buf,1048576,1049401,RAW,0.0005599170108325779
47,blocks.1.attn.c_proj.weight.buf,1048576,1049401,RAW,0.0005908329912927002
47,blocks.1.attn.ve_gate.weight.buf,512,1022,RAW,8.041999535635114e-06
47,blocks.1.mlp.c_fc.weight.buf,4194304,4196389,RAW,0.0020469159935601056
47,blocks.1.mlp.c_proj.weight.buf,4194304,4195129,RAW,0.0035986249858979136
47,blocks.2.attn.c_q.weight.buf,1048576,1049401,RAW,0.000675041985232383
47,blocks.2.attn.c_k.weight.buf,1048576,1049401,RAW,0.0005825410189572722
47,blocks.2.attn.c_v.weight.buf,1048576,1049401,RAW,0.0005949590122327209
47,blocks.2.attn.c_proj.weight.buf,1048576,1049401,RAW,0.0005867080180905759
47,blocks.2.mlp.c_fc.weight.buf,4194304,4196389,RAW,0.002046082983724773
47,blocks.2.mlp.c_proj.weight.buf,4194304,4195129,RAW,0.0020621670118998736
47,blocks.3.attn.c_q.weight.buf,1048576,1049401,RAW,0.0006366669840645045
47,blocks.3.attn.c_k.weight.buf,1048576,1049401,RAW,0.0005752919823862612
47,blocks.3.attn.c_v.weight.buf,1048576,1049401,RAW,0.0005779170023743063
47,blocks.3.attn.c_proj.weight.buf,1048576,1049401,RAW,0.0005628750077448785
47,blocks.3.attn.ve_gate.weight.buf,512,1022,RAW,8.041999535635114e-06
47,blocks.3.mlp.c_fc.weight.buf,4194304,4196389,RAW,0.0020725840004161
47,blocks.3.mlp.c_proj.weight.buf,4194304,4195129,RAW,0.0020175829995423555
47,blocks.4.attn.c_q.weight.buf,1048576,1049401,RAW,0.0006467499770224094
47,blocks.4.attn.c_k.weight.buf,1048576,1049401,RAW,0.0005818750069011003
47,blocks.4.attn.c_v.weight.buf,1048576,1049401,RAW,0.0005509580078069121
47,blocks.4.attn.c_proj.weight.buf,1048576,1049401,RAW,0.000568625022424385
47,blocks.4.mlp.c_fc.weight.buf,4194304,4196389,RAW,0.0021022089931648225
47,blocks.4.mlp.c_proj.weight.buf,4194304,4195129,RAW,0.0035610829945653677
47,blocks.5.attn.c_q.weight.buf,1048576,1049401,RAW,0.0006510000093840063
47,blocks.5.attn.c_k.weight.buf,1048576,1049401,RAW,0.0006143329956103116
47,blocks.5.attn.c_v.weight.buf,1048576,1049401,RAW,0.0005782079824712127
47,blocks.5.attn.c_proj.weight.buf,1048576,1049401,RAW,0.000571917014895007
47,blocks.5.attn.ve_gate.weight.buf,512,1022,RAW,1.2041011359542608e-05
47,blocks.5.mlp.c_fc.weight.buf,4194304,4196389,RAW,0.002123999991454184
47,blocks.5.mlp.c_proj.weight.buf,4194304,4195129,RAW,0.0020340000046417117
47,blocks.6.attn.c_q.weight.buf,1048576,1049401,RAW,0.0006159580079838634
47,blocks.6.attn.c_k.weight.buf,1048576,1049401,RAW,0.0005770830030087382
47,blocks.6.attn.c_v.weight.buf,1048576,1049401,RAW,0.0005732919962611049
47,blocks.6.attn.c_proj.weight.buf,1048576,1049401,RAW,0.0005662500043399632
47,blocks.6.mlp.c_fc.weight.buf,4194304,4196389,RAW,0.0020628750207833946
47,blocks.6.mlp.c_proj.weight.buf,4194304,4195129,RAW,0.002030958014074713
47,blocks.7.attn.c_q.weight.buf,1048576,1049401,RAW,0.0006079580052755773
47,blocks.7.attn.c_k.weight.buf,1048576,1049401,RAW,0.0005747500108554959
47,blocks.7.attn.c_v.weight.buf,1048576,1049401,RAW,0.001263874990399927
47,blocks.7.attn.c_proj.weight.buf,1048576,1049401,RAW,0.000584583991440013
47,blocks.7.attn.ve_gate.weight.buf,512,1022,RAW,1.2957985745742917e-05
47,blocks.7.mlp.c_fc.weight.buf,4194304,4196389,RAW,0.0023419170174747705
47,blocks.7.mlp.c_proj.weight.buf,4194304,4195129,RAW,0.00205479099531658
47,lm_head.weight.m,67108864,67136149,RAW,0.04629208301776089
47,lm_head.weight.v,67108864,67136149,RAW,0.04076341699692421
47,resid_lambdas.m,32,32,RAW_VECTOR,6.333022611215711e-06
47,resid_lambdas.v,32,32,RAW_VECTOR,5.830079317092896e-07
47,x0_lambdas.m,32,32,RAW_VECTOR,7.920025382190943e-07
47,x0_lambdas.v,32,32,RAW_VECTOR,4.169996827840805e-07
47,value_embeds.1.weight.m,67108864,67136149,RAW,0.034528375021182
47,value_embeds.1.weight.v,67108864,67136149,RAW,0.03956187498988584
47,value_embeds.3.weight.m,67108864,67136149,RAW,0.03566037499695085
47,value_embeds.3.weight.v,67108864,67136149,RAW,0.039544915984151885
47,value_embeds.5.weight.m,67108864,67136149,RAW,0.037182125000981614
47,value_embeds.5.weight.v,67108864,67136149,RAW,0.03934308301541023
47,value_embeds.7.weight.m,67108864,67136149,RAW,0.061819791997550055
47,value_embeds.7.weight.v,67108864,67136149,RAW,0.035392875026445836
48,wte.weight.m,67108864,67136149,RAW,0.03995366700110026
48,wte.weight.v,67108864,67136149,RAW,0.056410707999020815
48,blocks.0.attn.c_q.weight.buf,1048576,1049401,RAW,0.0007212909986265004
48,blocks.0.attn.c_k.weight.buf,1048576,1049401,RAW,0.0006144579965621233
48,blocks.0.attn.c_v.weight.buf,1048576,1049401,RAW,0.0005936670058872551
48,blocks.0.attn.c_proj.weight.buf,1048576,1049401,RAW,0.0005887500010430813
48,blocks.0.mlp.c_fc.weight.buf,4194304,4196389,RAW,0.0026554159994702786
48,blocks.0.mlp.c_proj.weight.buf,4194304,4195129,RAW,0.00211558400769718
48,blocks.1.attn.c_q.weight.buf,1048576,1049401,RAW,0.0006324589776340872
48,blocks.1.attn.c_k.weight.buf,1048576,1049401,RAW,0.0006003339949529618
48,blocks.1.attn.c_v.weight.buf,1048576,1049401,RAW,0.0005554590024985373
48,blocks.1.attn.c_proj.weight.buf,1048576,1049401,RAW,0.0005702920025214553
48,blocks.1.attn.ve_gate.weight.buf,512,1022,RAW,8.666014764457941e-06
48,blocks.1.mlp.c_fc.weight.buf,4194304,4196389,RAW,0.0021187499805819243
48,blocks.1.mlp.c_proj.weight.buf,4194304,4195129,RAW,0.0020300420001149178
48,blocks.2.attn.c_q.weight.buf,1048576,1049401,RAW,0.0006240000075194985
48,blocks.2.attn.c_k.weight.buf,1048576,1049401,RAW,0.0006502500036731362
48,blocks.2.attn.c_v.weight.buf,1048576,1049401,RAW,0.0005818749777972698
48,blocks.2.attn.c_proj.weight.buf,1048576,1049401,RAW,0.0005546659813262522
48,blocks.2.mlp.c_fc.weight.buf,4194304,4196389,RAW,0.001974457991309464
48,blocks.2.mlp.c_proj.weight.buf,4194304,4195129,RAW,0.001977833977434784
48,blocks.3.attn.c_q.weight.buf,1048576,1049401,RAW,0.0006424160092137754
48,blocks.3.attn.c_k.weight.buf,1048576,1049401,RAW,0.001327958976617083
48,blocks.3.attn.c_v.weight.buf,1048576,1049401,RAW,0.0005775419995188713
48,blocks.3.attn.c_proj.weight.buf,1048576,1049401,RAW,0.0005927920283284038
48,blocks.3.attn.ve_gate.weight.buf,512,1022,RAW,1.2542004697024822e-05
48,blocks.3.mlp.c_fc.weight.buf,4194304,4196389,RAW,0.0023058750084601343
48,blocks.3.mlp.c_proj.weight.buf,4194304,4195129,RAW,0.0021360000246204436
48,blocks.4.attn.c_q.weight.buf,1048576,1049401,RAW,0.0005512500065378845
48,blocks.4.attn.c_k.weight.buf,1048576,1049401,RAW,0.0005792079900857061
48,blocks.4.attn.c_v.weight.buf,1048576,1049401,RAW,0.0005477920058183372
48,blocks.4.attn.c_proj.weight.buf,1048576,1049401,RAW,0.0005334170127753168
48,blocks.4.mlp.c_fc.weight.buf,4194304,4196389,RAW,0.0020455830090213567
48,blocks.4.mlp.c_proj.weight.buf,4194304,4195129,RAW,0.0019992910092696548
48,blocks.5.attn.c_q.weight.buf,1048576,1049401,RAW,0.000557416002266109
48,blocks.5.attn.c_k.weight.buf,1048576,1049401,RAW,0.0005433329788502306
48,blocks.5.attn.c_v.weight.buf,1048576,1049401,RAW,0.000517250009579584
48,blocks.5.attn.c_proj.weight.buf,1048576,1049401,RAW,0.0005163750029169023
48,blocks.5.attn.ve_gate.weight.buf,512,1022,RAW,2.8250011382624507e-05
48,blocks.5.mlp.c_fc.weight.buf,4194304,4196389,RAW,0.0020624169846996665
48,blocks.5.mlp.c_proj.weight.buf,4194304,4195129,RAW,0.0019895420118700713
48,blocks.6.attn.c_q.weight.buf,1048576,1049401,RAW,0.0005466669972520322
48,blocks.6.attn.c_k.weight.buf,1048576,1049401,RAW,0.0005397079803515226
48,blocks.6.attn.c_v.weight.buf,1048576,1049401,RAW,0.0005719999899156392
48,blocks.6.attn.c_proj.weight.buf,1048576,1049401,RAW,0.0005540419952012599
48,blocks.6.mlp.c_fc.weight.buf,4194304,4196389,RAW,0.024444458016660064
48,blocks.6.mlp.c_proj.weight.buf,4194304,4195129,RAW,0.0022850839886814356
48,blocks.7.attn.c_q.weight.buf,1048576,1049401,RAW,0.0006521670147776604
48,blocks.7.attn.c_k.weight.buf,1048576,1049401,RAW,0.0005753329896833748
48,blocks.7.attn.c_v.weight.buf,1048576,1049401,RAW,0.00057441700482741
48,blocks.7.attn.c_proj.weight.buf,1048576,1049401,RAW,0.0005817089986521751
48,blocks.7.attn.ve_gate.weight.buf,512,1022,RAW,9.166978998109698e-06
48,blocks.7.mlp.c_fc.weight.buf,4194304,4196389,RAW,0.0020389590063132346
48,blocks.7.mlp.c_proj.weight.buf,4194304,4195129,RAW,0.0019751249928958714
48,lm_head.weight.m,67108864,67136149,RAW,0.050284375000046566
48,lm_head.weight.v,67108864,67136149,RAW,0.03872604199568741
48,resid_lambdas.m,32,32,RAW_VECTOR,7.374997949227691e-06
48,resid_lambdas.v,32,32,RAW_VECTOR,1.2499804142862558e-06
48,x0_lambdas.m,32,32,RAW_VECTOR,9.170034900307655e-07
48,x0_lambdas.v,32,32,RAW_VECTOR,5.409820005297661e-07
48,value_embeds.1.weight.m,67108864,67136149,RAW,0.04201237499364652
48,value_embeds.1.weight.v,67108864,67136149,RAW,0.040378833014983684
48,value_embeds.3.weight.m,67108864,67136149,RAW,0.039570916997035965
48,value_embeds.3.weight.v,67108864,67136149,RAW,0.038416291994508356
48,value_embeds.5.weight.m,67108864,67136149,RAW,0.03786312500596978
48,value_embeds.5.weight.v,67108864,67136149,RAW,0.03908966699964367
48,value_embeds.7.weight.m,67108864,67136149,RAW,0.034813958016457036
48,value_embeds.7.weight.v,67108864,67136149,RAW,0.05852366701583378
49,wte.weight.m,67108864,67136149,RAW,0.04088520898949355
49,wte.weight.v,67108864,67136149,RAW,0.05916350000188686
49,blocks.0.attn.c_q.weight.buf,1048576,1049401,RAW,0.0007426249794661999
49,blocks.0.attn.c_k.weight.buf,1048576,1049401,RAW,0.0006365000153891742
49,blocks.0.attn.c_v.weight.buf,1048576,1049401,RAW,0.0006427080079447478
49,blocks.0.attn.c_proj.weight.buf,1048576,1049401,RAW,0.0006414999952539802
49,blocks.0.mlp.c_fc.weight.buf,4194304,4196389,RAW,0.0023122499987948686
49,blocks.0.mlp.c_proj.weight.buf,4194304,4195129,RAW,0.002209625003160909
49,blocks.1.attn.c_q.weight.buf,1048576,1049401,RAW,0.0006749169842805713
49,blocks.1.attn.c_k.weight.buf,1048576,1049401,RAW,0.0006196250033099204
49,blocks.1.attn.c_v.weight.buf,1048576,1049401,RAW,0.0006104159983806312
49,blocks.1.attn.c_proj.weight.buf,1048576,1049401,RAW,0.0006185410020407289
49,blocks.1.attn.ve_gate.weight.buf,512,1022,RAW,1.8082995666190982e-05
49,blocks.1.mlp.c_fc.weight.buf,4194304,4196389,RAW,0.0021815000218339264
49,blocks.1.mlp.c_proj.weight.buf,4194304,4195129,RAW,0.0025653750053606927
49,blocks.2.attn.c_q.weight.buf,1048576,1049401,RAW,0.0006952919939067215
49,blocks.2.attn.c_k.weight.buf,1048576,1049401,RAW,0.0006332090124487877
49,blocks.2.attn.c_v.weight.buf,1048576,1049401,RAW,0.0006354580109473318
49,blocks.2.attn.c_proj.weight.buf,1048576,1049401,RAW,0.0006501669995486736
49,blocks.2.mlp.c_fc.weight.buf,4194304,4196389,RAW,0.0021200409973971546
49,blocks.2.mlp.c_proj.weight.buf,4194304,4195129,RAW,0.0039028330065775663
49,blocks.3.attn.c_q.weight.buf,1048576,1049401,RAW,0.0007177919906098396
49,blocks.3.attn.c_k.weight.buf,1048576,1049401,RAW,0.0006248329882510006
49,blocks.3.attn.c_v.weight.buf,1048576,1049401,RAW,0.0006478750146925449
49,blocks.3.attn.c_proj.weight.buf,1048576,1049401,RAW,0.0006222919910214841
49,blocks.3.attn.ve_gate.weight.buf,512,1022,RAW,1.9166996935382485e-05
49,blocks.3.mlp.c_fc.weight.buf,4194304,4196389,RAW,0.0026899580261670053
49,blocks.3.mlp.c_proj.weight.buf,4194304,4195129,RAW,0.0022283750004135072
49,blocks.4.attn.c_q.weight.buf,1048576,1049401,RAW,0.0006642499938607216
49,blocks.4.attn.c_k.weight.buf,1048576,1049401,RAW,0.000607374997343868
49,blocks.4.attn.c_v.weight.buf,1048576,1049401,RAW,0.0006122089980635792
49,blocks.4.attn.c_proj.weight.buf,1048576,1049401,RAW,0.0006051250093150884
49,blocks.4.mlp.c_fc.weight.buf,4194304,4196389,RAW,0.0021636669989675283
49,blocks.4.mlp.c_proj.weight.buf,4194304,4195129,RAW,0.0021544589835684747
49,blocks.5.attn.c_q.weight.buf,1048576,1049401,RAW,0.0006875000253785402
49,blocks.5.attn.c_k.weight.buf,1048576,1049401,RAW,0.0006145419902168214
49,blocks.5.attn.c_v.weight.buf,1048576,1049401,RAW,0.0006136249867267907
49,blocks.5.attn.c_proj.weight.buf,1048576,1049401,RAW,0.0006104579952079803
49,blocks.5.attn.ve_gate.weight.buf,512,1022,RAW,1.4416989870369434e-05
49,blocks.5.mlp.c_fc.weight.buf,4194304,4196389,RAW,0.002143582998542115
49,blocks.5.mlp.c_proj.weight.buf,4194304,4195129,RAW,0.002126417006365955
49,blocks.6.attn.c_q.weight.buf,1048576,1049401,RAW,0.0013427920057438314
49,blocks.6.attn.c_k.weight.buf,1048576,1049401,RAW,0.0005977500113658607
49,blocks.6.attn.c_v.weight.buf,1048576,1049401,RAW,0.0005781250074505806
49,blocks.6.attn.c_proj.weight.buf,1048576,1049401,RAW,0.0006057090067770332
49,blocks.6.mlp.c_fc.weight.buf,4194304,4196389,RAW,0.0023075419885572046
49,blocks.6.mlp.c_proj.weight.buf,4194304,4195129,RAW,0.0242165420204401
49,blocks.7.attn.c_q.weight.buf,1048576,1049401,RAW,0.0008691669791005552
49,blocks.7.attn.c_k.weight.buf,1048576,1049401,RAW,0.0005679999885614961
49,blocks.7.attn.c_v.weight.buf,1048576,1049401,RAW,0.0005721249908674508
49,blocks.7.attn.c_proj.weight.buf,1048576,1049401,RAW,0.000588541995966807
49,blocks.7.attn.ve_gate.weight.buf,512,1022,RAW,8.915987564250827e-06
49,blocks.7.mlp.c_fc.weight.buf,4194304,4196389,RAW,0.0022643750126007944
49,blocks.7.mlp.c_proj.weight.buf,4194304,4195129,RAW,0.002135249989805743
49,lm_head.weight.m,67108864,67136149,RAW,0.037610750005114824
49,lm_head.weight.v,67108864,67136149,RAW,0.04020862499601208
49,resid_lambdas.m,32,32,RAW_VECTOR,5.749985575675964e-06
49,resid_lambdas.v,32,32,RAW_VECTOR,2.083979779854417e-06
49,x0_lambdas.m,32,32,RAW_VECTOR,1.1250085663050413e-06
49,x0_lambdas.v,32,32,RAW_VECTOR,5.00003807246685e-07
49,value_embeds.1.weight.m,67108864,67136149,RAW,0.06395141698885709
49,value_embeds.1.weight.v,67108864,67136149,RAW,0.036737792019266635
49,value_embeds.3.weight.m,67108864,67136149,RAW,0.03509358302108012
49,value_embeds.3.weight.v,67108864,67136149,RAW,0.037053083011414856
49,value_embeds.5.weight.m,67108864,67136149,RAW,0.036060707992874086
49,value_embeds.5.weight.v,67108864,67136149,RAW,0.037107666983501986
49,value_embeds.7.weight.m,67108864,67136149,RAW,0.035995707992697135
49,value_embeds.7.weight.v,67108864,67136149,RAW,0.0374074169958476
50,wte.weight.m,67108864,67136149,RAW,0.035493875009706244
50,wte.weight.v,67108864,67136149,RAW,0.06036045801010914
50,blocks.0.attn.c_q.weight.buf,1048576,1049401,RAW,0.0006439579883590341
50,blocks.0.attn.c_k.weight.buf,1048576,1049401,RAW,0.0005773750017397106
50,blocks.0.attn.c_v.weight.buf,1048576,1049401,RAW,0.0005703339993488044
50,blocks.0.attn.c_proj.weight.buf,1048576,1049401,RAW,0.0005740000051446259
50,blocks.0.mlp.c_fc.weight.buf,4194304,4196389,RAW,0.0022585839906241745
50,blocks.0.mlp.c_proj.weight.buf,4194304,4195129,RAW,0.0019863749912474304
50,blocks.1.attn.c_q.weight.buf,1048576,1049401,RAW,0.0006537919980473816
50,blocks.1.attn.c_k.weight.buf,1048576,1049401,RAW,0.0005697919987142086
50,blocks.1.attn.c_v.weight.buf,1048576,1049401,RAW,0.0006150409753900021
50,blocks.1.attn.c_proj.weight.buf,1048576,1049401,RAW,0.00057366699911654
50,blocks.1.attn.ve_gate.weight.buf,512,1022,RAW,1.0332994861528277e-05
50,blocks.1.mlp.c_fc.weight.buf,4194304,4196389,RAW,0.002179375005653128
50,blocks.1.mlp.c_proj.weight.buf,4194304,4195129,RAW,0.024323124991497025
50,blocks.2.attn.c_q.weight.buf,1048576,1049401,RAW,0.0007535000040661544
50,blocks.2.attn.c_k.weight.buf,1048576,1049401,RAW,0.0006125419749878347
50,blocks.2.attn.c_v.weight.buf,1048576,1049401,RAW,0.0005925839941482991
50,blocks.2.attn.c_proj.weight.buf,1048576,1049401,RAW,0.0005812089948449284
50,blocks.2.mlp.c_fc.weight.buf,4194304,4196389,RAW,0.0023880419903434813
50,blocks.2.mlp.c_proj.weight.buf,4194304,4195129,RAW,0.001999375002924353
50,blocks.3.attn.c_q.weight.buf,1048576,1049401,RAW,0.0005992500227876008
50,blocks.3.attn.c_k.weight.buf,1048576,1049401,RAW,0.0006130420078989118
50,blocks.3.attn.c_v.weight.buf,1048576,1049401,RAW,0.0005441670073196292
50,blocks.3.attn.c_proj.weight.buf,1048576,1049401,RAW,0.0005715830193366855
50,blocks.3.attn.ve_gate.weight.buf,512,1022,RAW,9.625015081837773e-06
50,blocks.3.mlp.c_fc.weight.buf,4194304,4196389,RAW,0.0020861249940935522
50,blocks.3.mlp.c_proj.weight.buf,4194304,4195129,RAW,0.001994042017031461
50,blocks.4.attn.c_q.weight.buf,1048576,1049401,RAW,0.0005991669895593077
50,blocks.4.attn.c_k.weight.buf,1048576,1049401,RAW,0.0005780840001534671
50,blocks.4.attn.c_v.weight.buf,1048576,1049401,RAW,0.0005802079977001995
50,blocks.4.attn.c_proj.weight.buf,1048576,1049401,RAW,0.000568625022424385
50,blocks.4.mlp.c_fc.weight.buf,4194304,4196389,RAW,0.002107957989210263
50,blocks.4.mlp.c_proj.weight.buf,4194304,4195129,RAW,0.0020369580015540123
50,blocks.5.attn.c_q.weight.buf,1048576,1049401,RAW,0.0006241670052986592
50,blocks.5.attn.c_k.weight.buf,1048576,1049401,RAW,0.0005836249911226332
50,blocks.5.attn.c_v.weight.buf,1048576,1049401,RAW,0.0005646249919664115
50,blocks.5.attn.c_proj.weight.buf,1048576,1049401,RAW,0.0005843750259373337
50,blocks.5.attn.ve_gate.weight.buf,512,1022,RAW,7.957976777106524e-06
50,blocks.5.mlp.c_fc.weight.buf,4194304,4196389,RAW,0.002089874993544072
50,blocks.5.mlp.c_proj.weight.buf,4194304,4195129,RAW,0.002100416022585705
50,blocks.6.attn.c_q.weight.buf,1048576,1049401,RAW,0.001345791999483481
50,blocks.6.attn.c_k.weight.buf,1048576,1049401,RAW,0.000614624994341284
50,blocks.6.attn.c_v.weight.buf,1048576,1049401,RAW,0.0005856660136487335
50,blocks.6.attn.c_proj.weight.buf,1048576,1049401,RAW,0.0005639169830828905
50,blocks.6.mlp.c_fc.weight.buf,4194304,4196389,RAW,0.0022773340169806033
50,blocks.6.mlp.c_proj.weight.buf,4194304,4195129,RAW,0.002500749978935346
50,blocks.7.attn.c_q.weight.buf,1048576,1049401,RAW,0.0006144999933894724
50,blocks.7.attn.c_k.weight.buf,1048576,1049401,RAW,0.0005596659902948886
50,blocks.7.attn.c_v.weight.buf,1048576,1049401,RAW,0.0005717499880120158
50,blocks.7.attn.c_proj.weight.buf,1048576,1049401,RAW,0.0005644579941872507
50,blocks.7.attn.ve_gate.weight.buf,512,1022,RAW,8.417002391070127e-06
50,blocks.7.mlp.c_fc.weight.buf,4194304,4196389,RAW,0.0020972079946659505
50,blocks.7.mlp.c_proj.weight.buf,4194304,4195129,RAW,0.0020023749966640025
50,lm_head.weight.m,67108864,67136149,RAW,0.03690541599644348
50,lm_head.weight.v,67108864,67136149,RAW,0.04086933299549855
50,resid_lambdas.m,32,32,RAW_VECTOR,8.1659818533808e-06
50,resid_lambdas.v,32,32,RAW_VECTOR,6.67001586407423e-07
50,x0_lambdas.m,32,32,RAW_VECTOR,1.167005393654108e-06
50,x0_lambdas.v,32,32,RAW_VECTOR,4.5899651013314724e-07
50,value_embeds.1.weight.m,67108864,67136149,RAW,0.032988207996822894
50,value_embeds.1.weight.v,67108864,67136149,RAW,0.038231207989156246
50,value_embeds.3.weight.m,67108864,67136149,RAW,0.03731074999086559
50,value_embeds.3.weight.v,67108864,67136149,RAW,0.03876629198202863
50,value_embeds.5.weight.m,67108864,67136149,RAW,0.033133040997199714
50,value_embeds.5.weight.v,67108864,67136149,RAW,0.03846562499529682
50,value_embeds.7.weight.m,67108864,67136149,RAW,0.037539790995651856
50,value_embeds.7.weight.v,67108864,67136149,RAW,0.03842595798778348
51,wte.weight.m,67108864,67136149,RAW,0.03849274999811314
51,wte.weight.v,67108864,67136149,RAW,0.06136100000003353
51,blocks.0.attn.c_q.weight.buf,1048576,1049401,RAW,0.000754999986384064
51,blocks.0.attn.c_k.weight.buf,1048576,1049401,RAW,0.0006508749793283641
51,blocks.0.attn.c_v.weight.buf,1048576,1049401,RAW,0.0006404579908121377
51,blocks.0.attn.c_proj.weight.buf,1048576,1049401,RAW,0.0006381669954862446
51,blocks.0.mlp.c_fc.weight.buf,4194304,4196389,RAW,0.0023952500196173787
51,blocks.0.mlp.c_proj.weight.buf,4194304,4195129,RAW,0.0021735420159529895
51,blocks.1.attn.c_q.weight.buf,1048576,1049401,RAW,0.000671125017106533
51,blocks.1.attn.c_k.weight.buf,1048576,1049401,RAW,0.0006172500143293291
51,blocks.1.attn.c_v.weight.buf,1048576,1049401,RAW,0.0006021250155754387
51,blocks.1.attn.c_proj.weight.buf,1048576,1049401,RAW,0.0006221249932423234
51,blocks.1.attn.ve_gate.weight.buf,512,1022,RAW,1.9458006136119366e-05
51,blocks.1.mlp.c_fc.weight.buf,4194304,4196389,RAW,0.0021498340065591037
51,blocks.1.mlp.c_proj.weight.buf,4194304,4195129,RAW,0.002272250014357269
51,blocks.2.attn.c_q.weight.buf,1048576,1049401,RAW,0.0006812499777879566
51,blocks.2.attn.c_k.weight.buf,1048576,1049401,RAW,0.0006184169906191528
51,blocks.2.attn.c_v.weight.buf,1048576,1049401,RAW,0.0006180829950608313
51,blocks.2.attn.c_proj.weight.buf,1048576,1049401,RAW,0.0006050830124877393
51,blocks.2.mlp.c_fc.weight.buf,4194304,4196389,RAW,0.0021545419876929373
51,blocks.2.mlp.c_proj.weight.buf,4194304,4195129,RAW,0.030070875014644116
51,blocks.3.attn.c_q.weight.buf,1048576,1049401,RAW,0.0008066250011324883
51,blocks.3.attn.c_k.weight.buf,1048576,1049401,RAW,0.0006440409924834967
51,blocks.3.attn.c_v.weight.buf,1048576,1049401,RAW,0.0006447079940699041
51,blocks.3.attn.c_proj.weight.buf,1048576,1049401,RAW,0.0006891670054756105
51,blocks.3.attn.ve_gate.weight.buf,512,1022,RAW,3.0417024390771985e-05
51,blocks.3.mlp.c_fc.weight.buf,4194304,4196389,RAW,0.0025425839994568378
51,blocks.3.mlp.c_proj.weight.buf,4194304,4195129,RAW,0.0022396669955924153
51,blocks.4.attn.c_q.weight.buf,1048576,1049401,RAW,0.0006872079975437373
51,blocks.4.attn.c_k.weight.buf,1048576,1049401,RAW,0.0006572499987669289
51,blocks.4.attn.c_v.weight.buf,1048576,1049401,RAW,0.0006315419741440564
51,blocks.4.attn.c_proj.weight.buf,1048576,1049401,RAW,0.0006335829966701567
51,blocks.4.mlp.c_fc.weight.buf,4194304,4196389,RAW,0.0022120000212453306
51,blocks.4.mlp.c_proj.weight.buf,4194304,4195129,RAW,0.002306042006239295
51,blocks.5.attn.c_q.weight.buf,1048576,1049401,RAW,0.000701457989634946
51,blocks.5.attn.c_k.weight.buf,1048576,1049401,RAW,0.0006298339867498726
51,blocks.5.attn.c_v.weight.buf,1048576,1049401,RAW,0.0006407499895431101
51,blocks.5.attn.c_proj.weight.buf,1048576,1049401,RAW,0.0006407499895431101
51,blocks.5.attn.ve_gate.weight.buf,512,1022,RAW,1.3042008504271507e-05
51,blocks.5.mlp.c_fc.weight.buf,4194304,4196389,RAW,0.0022061670024413615
51,blocks.5.mlp.c_proj.weight.buf,4194304,4195129,RAW,0.0022292089997790754
51,blocks.6.attn.c_q.weight.buf,1048576,1049401,RAW,0.0006671249866485596
51,blocks.6.attn.c_k.weight.buf,1048576,1049401,RAW,0.0011147089826408774
51,blocks.6.attn.c_v.weight.buf,1048576,1049401,RAW,0.0006166249804664403
51,blocks.6.attn.c_proj.weight.buf,1048576,1049401,RAW,0.0006117919983807951
51,blocks.6.mlp.c_fc.weight.buf,4194304,4196389,RAW,0.002725665981415659
51,blocks.6.mlp.c_proj.weight.buf,4194304,4195129,RAW,0.0022242919949349016
51,blocks.7.attn.c_q.weight.buf,1048576,1049401,RAW,0.0007128750148694962
51,blocks.7.attn.c_k.weight.buf,1048576,1049401,RAW,0.0007016250165179372
51,blocks.7.attn.c_v.weight.buf,1048576,1049401,RAW,0.0006194580055307597
51,blocks.7.attn.c_proj.weight.buf,1048576,1049401,RAW,0.0007014170114416629
51,blocks.7.attn.ve_gate.weight.buf,512,1022,RAW,1.7874990589916706e-05
51,blocks.7.mlp.c_fc.weight.buf,4194304,4196389,RAW,0.002322459011338651
51,blocks.7.mlp.c_proj.weight.buf,4194304,4195129,RAW,0.00214770800084807
51,lm_head.weight.m,67108864,67136149,RAW,0.042233583983033895
51,lm_head.weight.v,67108864,67136149,RAW,0.04161391602247022
51,resid_lambdas.m,32,32,RAW_VECTOR,5.584006430581212e-06
51,resid_lambdas.v,32,32,RAW_VECTOR,4.169996827840805e-07
51,x0_lambdas.m,32,32,RAW_VECTOR,3.4580007195472717e-06
51,x0_lambdas.v,32,32,RAW_VECTOR,6.250047590583563e-07
51,value_embeds.1.weight.m,67108864,67136149,RAW,0.0677094999991823
51,value_embeds.1.weight.v,67108864,67136149,RAW,0.03530470799887553
51,value_embeds.3.weight.m,67108864,67136149,RAW,0.03981670897337608
51,value_embeds.3.weight.v,67108864,67136149,RAW,0.039530917012598366
51,value_embeds.5.weight.m,67108864,67136149,RAW,0.039793417003238574
51,value_embeds.5.weight.v,67108864,67136149,RAW,0.05227391701191664
51,value_embeds.7.weight.m,67108864,67136149,RAW,0.03606699997908436
51,value_embeds.7.weight.v,67108864,67136149,RAW,0.03765766602009535
52,wte.weight.m,67108864,67136149,RAW,0.04480945898103528
52,wte.weight.v,67108864,67136149,RAW,0.03967004100559279
52,blocks.0.attn.c_q.weight.buf,1048576,1049401,RAW,0.0006517920119222254
52,blocks.0.attn.c_k.weight.buf,1048576,1049401,RAW,0.0005769580020569265
52,blocks.0.attn.c_v.weight.buf,1048576,1049401,RAW,0.0005764579982496798
52,blocks.0.attn.c_proj.weight.buf,1048576,1049401,RAW,0.0005690830003004521
52,blocks.0.mlp.c_fc.weight.buf,4194304,4196389,RAW,0.0022958329936955124
52,blocks.0.mlp.c_proj.weight.buf,4194304,4195129,RAW,0.001997250015847385
52,blocks.1.attn.c_q.weight.buf,1048576,1049401,RAW,0.0006227919948287308
52,blocks.1.attn.c_k.weight.buf,1048576,1049401,RAW,0.0006255409971345216
52,blocks.1.attn.c_v.weight.buf,1048576,1049401,RAW,0.001394541992340237
52,blocks.1.attn.c_proj.weight.buf,1048576,1049401,RAW,0.0006081669998820871
52,blocks.1.attn.ve_gate.weight.buf,512,1022,RAW,9.500014130026102e-06
52,blocks.1.mlp.c_fc.weight.buf,4194304,4196389,RAW,0.0023167920007836074
52,blocks.1.mlp.c_proj.weight.buf,4194304,4195129,RAW,0.0021173340210225433
52,blocks.2.attn.c_q.weight.buf,1048576,1049401,RAW,0.0010897089960053563
52,blocks.2.attn.c_k.weight.buf,1048576,1049401,RAW,0.000574042001971975
52,blocks.2.attn.c_v.weight.buf,1048576,1049401,RAW,0.0005988340126350522
52,blocks.2.attn.c_proj.weight.buf,1048576,1049401,RAW,0.000572208984522149
52,blocks.2.mlp.c_fc.weight.buf,4194304,4196389,RAW,0.002201499999500811
52,blocks.2.mlp.c_proj.weight.buf,4194304,4195129,RAW,0.002059249993180856
52,blocks.3.attn.c_q.weight.buf,1048576,1049401,RAW,0.0006371249910444021
52,blocks.3.attn.c_k.weight.buf,1048576,1049401,RAW,0.0005667080113198608
52,blocks.3.attn.c_v.weight.buf,1048576,1049401,RAW,0.0005698329769074917
52,blocks.3.attn.c_proj.weight.buf,1048576,1049401,RAW,0.0005650419916491956
52,blocks.3.attn.ve_gate.weight.buf,512,1022,RAW,1.229101326316595e-05
52,blocks.3.mlp.c_fc.weight.buf,4194304,4196389,RAW,0.0020680409797932953
52,blocks.3.mlp.c_proj.weight.buf,4194304,4195129,RAW,0.002063374995486811
52,blocks.4.attn.c_q.weight.buf,1048576,1049401,RAW,0.0006409589841496199
52,blocks.4.attn.c_k.weight.buf,1048576,1049401,RAW,0.0005592910165432841
52,blocks.4.attn.c_v.weight.buf,1048576,1049401,RAW,0.0005545000021811575
52,blocks.4.attn.c_proj.weight.buf,1048576,1049401,RAW,0.0005637920112349093
52,blocks.4.mlp.c_fc.weight.buf,4194304,4196389,RAW,0.0033852919877972454
52,blocks.4.mlp.c_proj.weight.buf,4194304,4195129,RAW,0.002105833002133295
52,blocks.5.attn.c_q.weight.buf,1048576,1049401,RAW,0.0006354999786708504
52,blocks.5.attn.c_k.weight.buf,1048576,1049401,RAW,0.0005731249984819442
52,blocks.5.attn.c_v.weight.buf,1048576,1049401,RAW,0.0005819999787490815
52,blocks.5.attn.c_proj.weight.buf,1048576,1049401,RAW,0.0005678750167135149
52,blocks.5.attn.ve_gate.weight.buf,512,1022,RAW,1.6375008272007108e-05
52,blocks.5.mlp.c_fc.weight.buf,4194304,4196389,RAW,0.0020934169879183173
52,blocks.5.mlp.c_proj.weight.buf,4194304,4195129,RAW,0.0020593749941326678
52,blocks.6.attn.c_q.weight.buf,1048576,1049401,RAW,0.0006219589849933982
52,blocks.6.attn.c_k.weight.buf,1048576,1049401,RAW,0.0005700410110875964
52,blocks.6.attn.c_v.weight.buf,1048576,1049401,RAW,0.0005676249857060611
52,blocks.6.attn.c_proj.weight.buf,1048576,1049401,RAW,0.0005543330044019967
52,blocks.6.mlp.c_fc.weight.buf,4194304,4196389,RAW,0.0020415830076672137
52,blocks.6.mlp.c_proj.weight.buf,4194304,4195129,RAW,0.0020368749974295497
52,blocks.7.attn.c_q.weight.buf,1048576,1049401,RAW,0.0006184579979162663
52,blocks.7.attn.c_k.weight.buf,1048576,1049401,RAW,0.0005686249933205545
52,blocks.7.attn.c_v.weight.buf,1048576,1049401,RAW,0.0005662920011673123
52,blocks.7.attn.c_proj.weight.buf,1048576,1049401,RAW,0.0005587080086115748
52,blocks.7.attn.ve_gate.weight.buf,512,1022,RAW,8.083006832748652e-06
52,blocks.7.mlp.c_fc.weight.buf,4194304,4196389,RAW,0.002057374978903681
52,blocks.7.mlp.c_proj.weight.buf,4194304,4195129,RAW,0.0020355419837869704
52,lm_head.weight.m,67108864,67136149,RAW,0.03544224999495782
52,lm_head.weight.v,67108864,67136149,RAW,0.033944583003176376
52,resid_lambdas.m,32,32,RAW_VECTOR,4.542001988738775e-06
52,resid_lambdas.v,32,32,RAW_VECTOR,1.4170072972774506e-06
52,x0_lambdas.m,32,32,RAW_VECTOR,1.166015863418579e-06
52,x0_lambdas.v,32,32,RAW_VECTOR,4.159810487180948e-07
52,value_embeds.1.weight.m,67108864,67136149,RAW,0.03589283401379362
52,value_embeds.1.weight.v,67108864,67136149,RAW,0.033113959012553096
52,value_embeds.3.weight.m,67108864,67136149,RAW,0.03640012501273304
52,value_embeds.3.weight.v,67108864,67136149,RAW,0.03504920800332911
52,value_embeds.5.weight.m,67108864,67136149,RAW,0.034918124991236255
52,value_embeds.5.weight.v,67108864,67136149,RAW,0.03651366598205641
52,value_embeds.7.weight.m,67108864,67136149,RAW,0.034414124995237216
52,value_embeds.7.weight.v,67108864,67136149,RAW,0.03767412499291822
53,wte.weight.m,67108864,67136149,RAW,0.03441091600689106
53,wte.weight.v,67108864,67136149,RAW,0.05910075001884252
53,blocks.0.attn.c_q.weight.buf,1048576,1049401,RAW,0.0006213750166352838
53,blocks.0.attn.c_k.weight.buf,1048576,1049401,RAW,0.000571875018067658
53,blocks.0.attn.c_v.weight.buf,1048576,1049401,RAW,0.0005604169855359942
53,blocks.0.attn.c_proj.weight.buf,1048576,1049401,RAW,0.0005512500065378845
53,blocks.0.mlp.c_fc.weight.buf,4194304,4196389,RAW,0.0022025000071153045
53,blocks.0.mlp.c_proj.weight.buf,4194304,4195129,RAW,0.0019722080032806844
53,blocks.1.attn.c_q.weight.buf,1048576,1049401,RAW,0.0005812500021420419
53,blocks.1.attn.c_k.weight.buf,1048576,1049401,RAW,0.0005629170045722276
53,blocks.1.attn.c_v.weight.buf,1048576,1049401,RAW,0.0005282500060275197
53,blocks.1.attn.c_proj.weight.buf,1048576,1049401,RAW,0.0005225409986451268
53,blocks.1.attn.ve_gate.weight.buf,512,1022,RAW,2.1249987185001373e-05
53,blocks.1.mlp.c_fc.weight.buf,4194304,4196389,RAW,0.0020440410007722676
53,blocks.1.mlp.c_proj.weight.buf,4194304,4195129,RAW,0.0027738749922718853
53,blocks.2.attn.c_q.weight.buf,1048576,1049401,RAW,0.0006219579954631627
53,blocks.2.attn.c_k.weight.buf,1048576,1049401,RAW,0.0005717499880120158
53,blocks.2.attn.c_v.weight.buf,1048576,1049401,RAW,0.0005712079873774201
53,blocks.2.attn.c_proj.weight.buf,1048576,1049401,RAW,0.0005555420066229999
53,blocks.2.mlp.c_fc.weight.buf,4194304,4196389,RAW,0.0020470420131459832
53,blocks.2.mlp.c_proj.weight.buf,4194304,4195129,RAW,0.001966124982573092
53,blocks.3.attn.c_q.weight.buf,1048576,1049401,RAW,0.000619709026068449
53,blocks.3.attn.c_k.weight.buf,1048576,1049401,RAW,0.000509667006554082
53,blocks.3.attn.c_v.weight.buf,1048576,1049401,RAW,0.0005444169801194221
53,blocks.3.attn.c_proj.weight.buf,1048576,1049401,RAW,0.0005314589943736792
53,blocks.3.attn.ve_gate.weight.buf,512,1022,RAW,2.158299321308732e-05
53,blocks.3.mlp.c_fc.weight.buf,4194304,4196389,RAW,0.0020368330006022006
53,blocks.3.mlp.c_proj.weight.buf,4194304,4195129,RAW,0.001955415995325893
53,blocks.4.attn.c_q.weight.buf,1048576,1049401,RAW,0.0005392080056481063
53,blocks.4.attn.c_k.weight.buf,1048576,1049401,RAW,0.0006032919918652624
53,blocks.4.attn.c_v.weight.buf,1048576,1049401,RAW,0.0005968330078758299
53,blocks.4.attn.c_proj.weight.buf,1048576,1049401,RAW,0.0006187499966472387
53,blocks.4.mlp.c_fc.weight.buf,4194304,4196389,RAW,0.0021841249836143106
53,blocks.4.mlp.c_proj.weight.buf,4194304,4195129,RAW,0.002175582980271429
53,blocks.5.attn.c_q.weight.buf,1048576,1049401,RAW,0.02850195800419897
53,blocks.5.attn.c_k.weight.buf,1048576,1049401,RAW,0.0006584580114576966
53,blocks.5.attn.c_v.weight.buf,1048576,1049401,RAW,0.0006195839960128069
53,blocks.5.attn.c_proj.weight.buf,1048576,1049401,RAW,0.0006165420054458082
53,blocks.5.attn.ve_gate.weight.buf,512,1022,RAW,1.7790996935218573e-05
53,blocks.5.mlp.c_fc.weight.buf,4194304,4196389,RAW,0.0024655000015627593
53,blocks.5.mlp.c_proj.weight.buf,4194304,4195129,RAW,0.002159708004910499
53,blocks.6.attn.c_q.weight.buf,1048576,1049401,RAW,0.0006648749986197799
53,blocks.6.attn.c_k.weight.buf,1048576,1049401,RAW,0.0006774170033168048
53,blocks.6.attn.c_v.weight.buf,1048576,1049401,RAW,0.0005634590052068233
53,blocks.6.attn.c_proj.weight.buf,1048576,1049401,RAW,0.0006162500067148358
53,blocks.6.mlp.c_fc.weight.buf,4194304,4196389,RAW,0.0023761670163366944
53,blocks.6.mlp.c_proj.weight.buf,4194304,4195129,RAW,0.002307540999026969
53,blocks.7.attn.c_q.weight.buf,1048576,1049401,RAW,0.0006951249961275607
53,blocks.7.attn.c_k.weight.buf,1048576,1049401,RAW,0.0008002500107977539
53,blocks.7.attn.c_v.weight.buf,1048576,1049401,RAW,0.0006854579842183739
53,blocks.7.attn.c_proj.weight.buf,1048576,1049401,RAW,0.0007926250109449029
53,blocks.7.attn.ve_gate.weight.buf,512,1022,RAW,2.7083995519205928e-05
53,blocks.7.mlp.c_fc.weight.buf,4194304,4196389,RAW,0.0023499590170104057
53,blocks.7.mlp.c_proj.weight.buf,4194304,4195129,RAW,0.0023410000139847398
53,lm_head.weight.m,67108864,67136149,RAW,0.03894399999990128
53,lm_head.weight.v,67108864,67136149,RAW,0.0705572500010021
53,resid_lambdas.m,32,32,RAW_VECTOR,7.95800588093698e-06
53,resid_lambdas.v,32,32,RAW_VECTOR,4.169996827840805e-07
53,x0_lambdas.m,32,32,RAW_VECTOR,1.5420082490891218e-06
53,x0_lambdas.v,32,32,RAW_VECTOR,2.9199873097240925e-07
53,value_embeds.1.weight.m,67108864,67136149,RAW,0.04071741702500731
53,value_embeds.1.weight.v,67108864,67136149,RAW,0.04162266699131578
53,value_embeds.3.weight.m,67108864,67136149,RAW,0.06971229199552909
53,value_embeds.3.weight.v,67108864,67136149,RAW,0.03691787499701604
53,value_embeds.5.weight.m,67108864,67136149,RAW,0.03715458299848251
53,value_embeds.5.weight.v,67108864,67136149,RAW,0.04337845800910145
53,value_embeds.7.weight.m,67108864,67136149,RAW,0.03791562499827705
53,value_embeds.7.weight.v,67108864,67136149,RAW,0.03769975001341663
54,wte.weight.m,67108864,67136149,RAW,0.06024720799177885
54,wte.weight.v,67108864,67136149,RAW,0.041109415993560106
54,blocks.0.attn.c_q.weight.buf,1048576,1049401,RAW,0.0006576250016223639
54,blocks.0.attn.c_k.weight.buf,1048576,1049401,RAW,0.0005867080180905759
54,blocks.0.attn.c_v.weight.buf,1048576,1049401,RAW,0.0005957910034339875
54,blocks.0.attn.c_proj.weight.buf,1048576,1049401,RAW,0.0005919170216657221
54,blocks.0.mlp.c_fc.weight.buf,4194304,4196389,RAW,0.0022543329978361726
54,blocks.0.mlp.c_proj.weight.buf,4194304,4195129,RAW,0.0020735420112032443
54,blocks.1.attn.c_q.weight.buf,1048576,1049401,RAW,0.025355749996379018
54,blocks.1.attn.c_k.weight.buf,1048576,1049401,RAW,0.0006198329792823642
54,blocks.1.attn.c_v.weight.buf,1048576,1049401,RAW,0.0006050000083632767
54,blocks.1.attn.c_proj.weight.buf,1048576,1049401,RAW,0.0005951669882051647
54,blocks.1.attn.ve_gate.weight.buf,512,1022,RAW,7.708003977313638e-06
54,blocks.1.mlp.c_fc.weight.buf,4194304,4196389,RAW,0.002302375010913238
54,blocks.1.mlp.c_proj.weight.buf,4194304,4195129,RAW,0.0025007920048665255
54,blocks.2.attn.c_q.weight.buf,1048576,1049401,RAW,0.0008239580201916397
54,blocks.2.attn.c_k.weight.buf,1048576,1049401,RAW,0.0005913750210311264
54,blocks.2.attn.c_v.weight.buf,1048576,1049401,RAW,0.0005759579944424331
54,blocks.2.attn.c_proj.weight.buf,1048576,1049401,RAW,0.0005966660100966692
54,blocks.2.mlp.c_fc.weight.buf,4194304,4196389,RAW,0.0020967080199625343
54,blocks.2.mlp.c_proj.weight.buf,4194304,4195129,RAW,0.002074874995741993
54,blocks.3.attn.c_q.weight.buf,1048576,1049401,RAW,0.0006209170096553862
54,blocks.3.attn.c_k.weight.buf,1048576,1049401,RAW,0.000570834003156051
54,blocks.3.attn.c_v.weight.buf,1048576,1049401,RAW,0.0005814579781144857
54,blocks.3.attn.c_proj.weight.buf,1048576,1049401,RAW,0.0005873329937458038
54,blocks.3.attn.ve_gate.weight.buf,512,1022,RAW,1.3374985428526998e-05
54,blocks.3.mlp.c_fc.weight.buf,4194304,4196389,RAW,0.0020904999983031303
54,blocks.3.mlp.c_proj.weight.buf,4194304,4195129,RAW,0.0020772090065293014
54,blocks.4.attn.c_q.weight.buf,1048576,1049401,RAW,0.0006142089841887355
54,blocks.4.attn.c_k.weight.buf,1048576,1049401,RAW,0.023082457977579907
54,blocks.4.attn.c_v.weight.buf,1048576,1049401,RAW,0.0007064579986035824
54,blocks.4.attn.c_proj.weight.buf,1048576,1049401,RAW,0.0005904579884372652
54,blocks.4.mlp.c_fc.weight.buf,4194304,4196389,RAW,0.0023369580158032477
54,blocks.4.mlp.c_proj.weight.buf,4194304,4195129,RAW,0.002118250005878508
54,blocks.5.attn.c_q.weight.buf,1048576,1049401,RAW,0.0006267089920584112
54,blocks.5.attn.c_k.weight.buf,1048576,1049401,RAW,0.0005684590141754597
54,blocks.5.attn.c_v.weight.buf,1048576,1049401,RAW,0.0005828749854117632
54,blocks.5.attn.c_proj.weight.buf,1048576,1049401,RAW,0.000586750014917925
54,blocks.5.attn.ve_gate.weight.buf,512,1022,RAW,8.583010639995337e-06
54,blocks.5.mlp.c_fc.weight.buf,4194304,4196389,RAW,0.0020610000065062195
54,blocks.5.mlp.c_proj.weight.buf,4194304,4195129,RAW,0.0020727500086650252
54,blocks.6.attn.c_q.weight.buf,1048576,1049401,RAW,0.000634166004601866
54,blocks.6.attn.c_k.weight.buf,1048576,1049401,RAW,0.0005683329945895821
54,blocks.6.attn.c_v.weight.buf,1048576,1049401,RAW,0.0005904590070713311
54,blocks.6.attn.c_proj.weight.buf,1048576,1049401,RAW,0.0005702910129912198
54,blocks.6.mlp.c_fc.weight.buf,4194304,4196389,RAW,0.0021027500042691827
54,blocks.6.mlp.c_proj.weight.buf,4194304,4195129,RAW,0.002008959010709077
54,blocks.7.attn.c_q.weight.buf,1048576,1049401,RAW,0.0006151249981485307
54,blocks.7.attn.c_k.weight.buf,1048576,1049401,RAW,0.000588915980188176
54,blocks.7.attn.c_v.weight.buf,1048576,1049401,RAW,0.0005556250107474625
54,blocks.7.attn.c_proj.weight.buf,1048576,1049401,RAW,0.0005838749930262566
54,blocks.7.attn.ve_gate.weight.buf,512,1022,RAW,8.125003660097718e-06
54,blocks.7.mlp.c_fc.weight.buf,4194304,4196389,RAW,0.02363454198348336
54,blocks.7.mlp.c_proj.weight.buf,4194304,4195129,RAW,0.0024004169972613454
54,lm_head.weight.m,67108864,67136149,RAW,0.03896258299937472
54,lm_head.weight.v,67108864,67136149,RAW,0.0375429589767009
54,resid_lambdas.m,32,32,RAW_VECTOR,5.665991920977831e-06
54,resid_lambdas.v,32,32,RAW_VECTOR,4.580069798976183e-07
54,x0_lambdas.m,32,32,RAW_VECTOR,1.167005393654108e-06
54,x0_lambdas.v,32,32,RAW_VECTOR,4.169996827840805e-07
54,value_embeds.1.weight.m,67108864,67136149,RAW,0.03668762499000877
54,value_embeds.1.weight.v,67108864,67136149,RAW,0.06883400000515394
54,value_embeds.3.weight.m,67108864,67136149,RAW,0.06499495901516639
54,value_embeds.3.weight.v,67108864,67136149,RAW,0.038177415990503505
54,value_embeds.5.weight.m,67108864,67136149,RAW,0.03479245799826458
54,value_embeds.5.weight.v,67108864,67136149,RAW,0.04304120902088471
54,value_embeds.7.weight.m,67108864,67136149,RAW,0.03595987500739284
54,value_embeds.7.weight.v,67108864,67136149,RAW,0.034825916023692116
55,wte.weight.m,67108864,67136149,RAW,0.03641037500347011
55,wte.weight.v,67108864,67136149,RAW,0.06030591600574553
55,blocks.0.attn.c_q.weight.buf,1048576,1049401,RAW,0.0006412499933503568
55,blocks.0.attn.c_k.weight.buf,1048576,1049401,RAW,0.0005608749925158918
55,blocks.0.attn.c_v.weight.buf,1048576,1049401,RAW,0.0005644159973599017
55,blocks.0.attn.c_proj.weight.buf,1048576,1049401,RAW,0.0005930829793214798
55,blocks.0.mlp.c_fc.weight.buf,4194304,4196389,RAW,0.002231334015959874
55,blocks.0.mlp.c_proj.weight.buf,4194304,4195129,RAW,0.0020480829989537597
55,blocks.1.attn.c_q.weight.buf,1048576,1049401,RAW,0.0005992499936837703
55,blocks.1.attn.c_k.weight.buf,1048576,1049401,RAW,0.000556667015189305
55,blocks.1.attn.c_v.weight.buf,1048576,1049401,RAW,0.0005981670110486448
55,blocks.1.attn.c_proj.weight.buf,1048576,1049401,RAW,0.0005691249971278012
55,blocks.1.attn.ve_gate.weight.buf,512,1022,RAW,2.2083986550569534e-05
55,blocks.1.mlp.c_fc.weight.buf,4194304,4196389,RAW,0.0025701249833218753
55,blocks.1.mlp.c_proj.weight.buf,4194304,4195129,RAW,0.0020784169901162386
55,blocks.2.attn.c_q.weight.buf,1048576,1049401,RAW,0.0006391249771695584
55,blocks.2.attn.c_k.weight.buf,1048576,1049401,RAW,0.0005743750080000609
55,blocks.2.attn.c_v.weight.buf,1048576,1049401,RAW,0.0005634589761029929
55,blocks.2.attn.c_proj.weight.buf,1048576,1049401,RAW,0.0005712919810321182
55,blocks.2.mlp.c_fc.weight.buf,4194304,4196389,RAW,0.002055165998172015
55,blocks.2.mlp.c_proj.weight.buf,4194304,4195129,RAW,0.0020232080132700503
55,blocks.3.attn.c_q.weight.buf,1048576,1049401,RAW,0.000595749996136874
55,blocks.3.attn.c_k.weight.buf,1048576,1049401,RAW,0.0005782499792985618
55,blocks.3.attn.c_v.weight.buf,1048576,1049401,RAW,0.0005620000010821968
55,blocks.3.attn.c_proj.weight.buf,1048576,1049401,RAW,0.0005558749835472554
55,blocks.3.attn.ve_gate.weight.buf,512,1022,RAW,2.1333020413294435e-05
55,blocks.3.mlp.c_fc.weight.buf,4194304,4196389,RAW,0.002055291988654062
55,blocks.3.mlp.c_proj.weight.buf,4194304,4195129,RAW,0.002031167008681223
55,blocks.4.attn.c_q.weight.buf,1048576,1049401,RAW,0.0006030410004314035
55,blocks.4.attn.c_k.weight.buf,1048576,1049401,RAW,0.0005377909983508289
55,blocks.4.attn.c_v.weight.buf,1048576,1049401,RAW,0.0006130419787950814
55,blocks.4.attn.c_proj.weight.buf,1048576,1049401,RAW,0.0005589159845840186
55,blocks.4.mlp.c_fc.weight.buf,4194304,4196389,RAW,0.002071583003271371
55,blocks.4.mlp.c_proj.weight.buf,4194304,4195129,RAW,0.003682082984596491
55,blocks.5.attn.c_q.weight.buf,1048576,1049401,RAW,0.000730041996575892
55,blocks.5.attn.c_k.weight.buf,1048576,1049401,RAW,0.000690999993821606
55,blocks.5.attn.c_v.weight.buf,1048576,1049401,RAW,0.0005752090073656291
55,blocks.5.attn.c_proj.weight.buf,1048576,1049401,RAW,0.0006401669816114008
55,blocks.5.attn.ve_gate.weight.buf,512,1022,RAW,3.0291994335129857e-05
55,blocks.5.mlp.c_fc.weight.buf,4194304,4196389,RAW,0.002313250006409362
55,blocks.5.mlp.c_proj.weight.buf,4194304,4195129,RAW,0.0021530829835683107
55,blocks.6.attn.c_q.weight.buf,1048576,1049401,RAW,0.000666708976496011
55,blocks.6.attn.c_k.weight.buf,1048576,1049401,RAW,0.0006201669748406857
55,blocks.6.attn.c_v.weight.buf,1048576,1049401,RAW,0.0006091659888625145
55,blocks.6.attn.c_proj.weight.buf,1048576,1049401,RAW,0.0006382919964380562
55,blocks.6.mlp.c_fc.weight.buf,4194304,4196389,RAW,0.002179417002480477
55,blocks.6.mlp.c_proj.weight.buf,4194304,4195129,RAW,0.0021957079879939556
55,blocks.7.attn.c_q.weight.buf,1048576,1049401,RAW,0.0006619999767281115
55,blocks.7.attn.c_k.weight.buf,1048576,1049401,RAW,0.0006288750155363232
55,blocks.7.attn.c_v.weight.buf,1048576,1049401,RAW,0.0006214170134626329
55,blocks.7.attn.c_proj.weight.buf,1048576,1049401,RAW,0.0008484999998472631
55,blocks.7.attn.ve_gate.weight.buf,512,1022,RAW,1.987497671507299e-05
55,blocks.7.mlp.c_fc.weight.buf,4194304,4196389,RAW,0.002304958994500339
55,blocks.7.mlp.c_proj.weight.buf,4194304,4195129,RAW,0.003525500011164695
55,lm_head.weight.m,67108864,67136149,RAW,0.03708029200788587
55,lm_head.weight.v,67108864,67136149,RAW,0.06816916700336151
55,resid_lambdas.m,32,32,RAW_VECTOR,5.5419804994016886e-06
55,resid_lambdas.v,32,32,RAW_VECTOR,1.8749851733446121e-06
55,x0_lambdas.m,32,32,RAW_VECTOR,1.3750104699283838e-06
55,x0_lambdas.v,32,32,RAW_VECTOR,4.169996827840805e-07
55,value_embeds.1.weight.m,67108864,67136149,RAW,0.04547949999687262
55,value_embeds.1.weight.v,67108864,67136149,RAW,0.04185049998341128
55,value_embeds.3.weight.m,67108864,67136149,RAW,0.06919895802275278
55,value_embeds.3.weight.v,67108864,67136149,RAW,0.03681966700241901
55,value_embeds.5.weight.m,67108864,67136149,RAW,0.03834562501288019
55,value_embeds.5.weight.v,67108864,67136149,RAW,0.043793999997433275
55,value_embeds.7.weight.m,67108864,67136149,RAW,0.03617966698948294
55,value_embeds.7.weight.v,67108864,67136149,RAW,0.03756045800400898
56,wte.weight.m,67108864,67136149,RAW,0.0592321659787558
56,wte.weight.v,67108864,67136149,RAW,0.04023674997733906
56,blocks.0.attn.c_q.weight.buf,1048576,1049401,RAW,0.0006531660037580878
56,blocks.0.attn.c_k.weight.buf,1048576,1049401,RAW,0.0006107089866418391
56,blocks.0.attn.c_v.weight.buf,1048576,1049401,RAW,0.0005810000002384186
56,blocks.0.attn.c_proj.weight.buf,1048576,1049401,RAW,0.0005822500097565353
56,blocks.0.mlp.c_fc.weight.buf,4194304,4196389,RAW,0.00223087499034591
56,blocks.0.mlp.c_proj.weight.buf,4194304,4195129,RAW,0.0021357090154197067
56,blocks.1.attn.c_q.weight.buf,1048576,1049401,RAW,0.0006822920113336295
56,blocks.1.attn.c_k.weight.buf,1048576,1049401,RAW,0.0006106670189183205
56,blocks.1.attn.c_v.weight.buf,1048576,1049401,RAW,0.001432999997632578
56,blocks.1.attn.c_proj.weight.buf,1048576,1049401,RAW,0.0006501669995486736
56,blocks.1.attn.ve_gate.weight.buf,512,1022,RAW,1.0124989785254002e-05
56,blocks.1.mlp.c_fc.weight.buf,4194304,4196389,RAW,0.0023902500106487423
56,blocks.1.mlp.c_proj.weight.buf,4194304,4195129,RAW,0.002213250001659617
56,blocks.2.attn.c_q.weight.buf,1048576,1049401,RAW,0.0006831249920651317
56,blocks.2.attn.c_k.weight.buf,1048576,1049401,RAW,0.0006114169955253601
56,blocks.2.attn.c_v.weight.buf,1048576,1049401,RAW,0.0005887910083401948
56,blocks.2.attn.c_proj.weight.buf,1048576,1049401,RAW,0.0006094170094002038
56,blocks.2.mlp.c_fc.weight.buf,4194304,4196389,RAW,0.0021152500121388584
56,blocks.2.mlp.c_proj.weight.buf,4194304,4195129,RAW,0.0028702499985229224
56,blocks.3.attn.c_q.weight.buf,1048576,1049401,RAW,0.0008735840092413127
56,blocks.3.attn.c_k.weight.buf,1048576,1049401,RAW,0.0006058340077288449
56,blocks.3.attn.c_v.weight.buf,1048576,1049401,RAW,0.0005802079977001995
56,blocks.3.attn.c_proj.weight.buf,1048576,1049401,RAW,0.0005756669852416962
56,blocks.3.attn.ve_gate.weight.buf,512,1022,RAW,1.1041993275284767e-05
56,blocks.3.mlp.c_fc.weight.buf,4194304,4196389,RAW,0.002051957999356091
56,blocks.3.mlp.c_proj.weight.buf,4194304,4195129,RAW,0.0021878330153413117
56,blocks.4.attn.c_q.weight.buf,1048576,1049401,RAW,0.0006679170182906091
56,blocks.4.attn.c_k.weight.buf,1048576,1049401,RAW,0.0006107079971116036
56,blocks.4.attn.c_v.weight.buf,1048576,1049401,RAW,0.0006012090016156435
56,blocks.4.attn.c_proj.weight.buf,1048576,1049401,RAW,0.0014107079769019037
56,blocks.4.mlp.c_fc.weight.buf,4194304,4196389,RAW,0.0023916249920148402
56,blocks.4.mlp.c_proj.weight.buf,4194304,4195129,RAW,0.0027912080113310367
56,blocks.5.attn.c_q.weight.buf,1048576,1049401,RAW,0.000682333018630743
56,blocks.5.attn.c_k.weight.buf,1048576,1049401,RAW,0.0005867920117452741
56,blocks.5.attn.c_v.weight.buf,1048576,1049401,RAW,0.0005687499942723662
56,blocks.5.attn.c_proj.weight.buf,1048576,1049401,RAW,0.0005706250085495412
56,blocks.5.attn.ve_gate.weight.buf,512,1022,RAW,8.58298153616488e-06
56,blocks.5.mlp.c_fc.weight.buf,4194304,4196389,RAW,0.002042250009253621
56,blocks.5.mlp.c_proj.weight.buf,4194304,4195129,RAW,0.002343750005820766
56,blocks.6.attn.c_q.weight.buf,1048576,1049401,RAW,0.0006785840087104589
56,blocks.6.attn.c_k.weight.buf,1048576,1049401,RAW,0.0006020420114509761
56,blocks.6.attn.c_v.weight.buf,1048576,1049401,RAW,0.0006071669922675937
56,blocks.6.attn.c_proj.weight.buf,1048576,1049401,RAW,0.0005939999828115106
56,blocks.6.mlp.c_fc.weight.buf,4194304,4196389,RAW,0.0021253750019241124
56,blocks.6.mlp.c_proj.weight.buf,4194304,4195129,RAW,0.002319458028068766
56,blocks.7.attn.c_q.weight.buf,1048576,1049401,RAW,0.0006756670190952718
56,blocks.7.attn.c_k.weight.buf,1048576,1049401,RAW,0.0005982079892419279
56,blocks.7.attn.c_v.weight.buf,1048576,1049401,RAW,0.0005941669805906713
56,blocks.7.attn.c_proj.weight.buf,1048576,1049401,RAW,0.0005632920074276626
56,blocks.7.attn.ve_gate.weight.buf,512,1022,RAW,7.584021659567952e-06
56,blocks.7.mlp.c_fc.weight.buf,4194304,4196389,RAW,0.0021068330097477883
56,blocks.7.mlp.c_proj.weight.buf,4194304,4195129,RAW,0.002280083019286394
56,lm_head.weight.m,67108864,67136149,RAW,0.03795379100483842
56,lm_head.weight.v,67108864,67136149,RAW,0.035928666999097914
56,resid_lambdas.m,32,32,RAW_VECTOR,6.082991603761911e-06
56,resid_lambdas.v,32,32,RAW_VECTOR,5.00003807246685e-07
56,x0_lambdas.m,32,32,RAW_VECTOR,1.167005393654108e-06
56,x0_lambdas.v,32,32,RAW_VECTOR,4.169996827840805e-07
56,value_embeds.1.weight.m,67108864,67136149,RAW,0.03935533302137628
56,value_embeds.1.weight.v,67108864,67136149,RAW,0.036199624999426305
56,value_embeds.3.weight.m,67108864,67136149,RAW,0.03776258300058544
56,value_embeds.3.weight.v,67108864,67136149,RAW,0.03653712500818074
56,value_embeds.5.weight.m,67108864,67136149,RAW,0.037505957996472716
56,value_embeds.5.weight.v,67108864,67136149,RAW,0.03785741698811762
56,value_embeds.7.weight.m,67108864,67136149,RAW,0.03650520899100229
56,value_embeds.7.weight.v,67108864,67136149,RAW,0.03619716700632125
57,wte.weight.m,67108864,67136149,RAW,0.03481650000321679
57,wte.weight.v,67108864,67136149,RAW,0.06533616699744016
57,blocks.0.attn.c_q.weight.buf,1048576,1049401,RAW,0.0006880000000819564
57,blocks.0.attn.c_k.weight.buf,1048576,1049401,RAW,0.0005999589920975268
57,blocks.0.attn.c_v.weight.buf,1048576,1049401,RAW,0.0005776250036433339
57,blocks.0.attn.c_proj.weight.buf,1048576,1049401,RAW,0.0005434160120785236
57,blocks.0.mlp.c_fc.weight.buf,4194304,4196389,RAW,0.002169459010474384
57,blocks.0.mlp.c_proj.weight.buf,4194304,4195129,RAW,0.0019205830176360905
57,blocks.1.attn.c_q.weight.buf,1048576,1049401,RAW,0.0006350420007947832
57,blocks.1.attn.c_k.weight.buf,1048576,1049401,RAW,0.000556332990527153
57,blocks.1.attn.c_v.weight.buf,1048576,1049401,RAW,0.0005743340007029474
57,blocks.1.attn.c_proj.weight.buf,1048576,1049401,RAW,0.0005476250080391765
57,blocks.1.attn.ve_gate.weight.buf,512,1022,RAW,2.1666986867785454e-05
57,blocks.1.mlp.c_fc.weight.buf,4194304,4196389,RAW,0.002087000000756234
57,blocks.1.mlp.c_proj.weight.buf,4194304,4195129,RAW,0.001980125001864508
57,blocks.2.attn.c_q.weight.buf,1048576,1049401,RAW,0.0006425830069929361
57,blocks.2.attn.c_k.weight.buf,1048576,1049401,RAW,0.0013404159981291741
57,blocks.2.attn.c_v.weight.buf,1048576,1049401,RAW,0.0005875419883523136
57,blocks.2.attn.c_proj.weight.buf,1048576,1049401,RAW,0.0005638749862555414
57,blocks.2.mlp.c_fc.weight.buf,4194304,4196389,RAW,0.0022507499961648136
57,blocks.2.mlp.c_proj.weight.buf,4194304,4195129,RAW,0.002229166973847896
57,blocks.3.attn.c_q.weight.buf,1048576,1049401,RAW,0.0006622909859288484
57,blocks.3.attn.c_k.weight.buf,1048576,1049401,RAW,0.0005392500024754554
57,blocks.3.attn.c_v.weight.buf,1048576,1049401,RAW,0.0005536670214496553
57,blocks.3.attn.c_proj.weight.buf,1048576,1049401,RAW,0.0005217920115683228
57,blocks.3.attn.ve_gate.weight.buf,512,1022,RAW,2.6541005354374647e-05
57,blocks.3.mlp.c_fc.weight.buf,4194304,4196389,RAW,0.001992500008782372
57,blocks.3.mlp.c_proj.weight.buf,4194304,4195129,RAW,0.0020622500160243362
57,blocks.4.attn.c_q.weight.buf,1048576,1049401,RAW,0.0005879579985048622
57,blocks.4.attn.c_k.weight.buf,1048576,1049401,RAW,0.000526999996509403
57,blocks.4.attn.c_v.weight.buf,1048576,1049401,RAW,0.0005400000081863254
57,blocks.4.attn.c_proj.weight.buf,1048576,1049401,RAW,0.0005571250221692026
57,blocks.4.mlp.c_fc.weight.buf,4194304,4196389,RAW,0.0020351669809315354
57,blocks.4.mlp.c_proj.weight.buf,4194304,4195129,RAW,0.0020282499899622053
57,blocks.5.attn.c_q.weight.buf,1048576,1049401,RAW,0.000619291007751599
57,blocks.5.attn.c_k.weight.buf,1048576,1049401,RAW,0.0005543330044019967
57,blocks.5.attn.c_v.weight.buf,1048576,1049401,RAW,0.0005499580001924187
57,blocks.5.attn.c_proj.weight.buf,1048576,1049401,RAW,0.02276345802238211
57,blocks.5.attn.ve_gate.weight.buf,512,1022,RAW,3.170900163240731e-05
57,blocks.5.mlp.c_fc.weight.buf,4194304,4196389,RAW,0.0023899170046206564
57,blocks.5.mlp.c_proj.weight.buf,4194304,4195129,RAW,0.002120500023011118
57,blocks.6.attn.c_q.weight.buf,1048576,1049401,RAW,0.0006278750079218298
57,blocks.6.attn.c_k.weight.buf,1048576,1049401,RAW,0.0010298330162186176
57,blocks.6.attn.c_v.weight.buf,1048576,1049401,RAW,0.0005517079844139516
57,blocks.6.attn.c_proj.weight.buf,1048576,1049401,RAW,0.0005674579879269004
57,blocks.6.mlp.c_fc.weight.buf,4194304,4196389,RAW,0.0021124590130057186
57,blocks.6.mlp.c_proj.weight.buf,4194304,4195129,RAW,0.001979207998374477
57,blocks.7.attn.c_q.weight.buf,1048576,1049401,RAW,0.000610582996159792
57,blocks.7.attn.c_k.weight.buf,1048576,1049401,RAW,0.0005451659963000566
57,blocks.7.attn.c_v.weight.buf,1048576,1049401,RAW,0.0005362090014386922
57,blocks.7.attn.c_proj.weight.buf,1048576,1049401,RAW,0.0005419579974841326
57,blocks.7.attn.ve_gate.weight.buf,512,1022,RAW,7.333990652114153e-06
57,blocks.7.mlp.c_fc.weight.buf,4194304,4196389,RAW,0.0019911669951397926
57,blocks.7.mlp.c_proj.weight.buf,4194304,4195129,RAW,0.001952791993971914
57,lm_head.weight.m,67108864,67136149,RAW,0.04113516700454056
57,lm_head.weight.v,67108864,67136149,RAW,0.06246375001501292
57,resid_lambdas.m,32,32,RAW_VECTOR,6.417016265913844e-06
57,resid_lambdas.v,32,32,RAW_VECTOR,5.00003807246685e-07
57,x0_lambdas.m,32,32,RAW_VECTOR,1.7079873941838741e-06
57,x0_lambdas.v,32,32,RAW_VECTOR,4.169996827840805e-07
57,value_embeds.1.weight.m,67108864,67136149,RAW,0.03678879200015217
57,value_embeds.1.weight.v,67108864,67136149,RAW,0.06799816698185168
57,value_embeds.3.weight.m,67108864,67136149,RAW,0.044404499989468604
57,value_embeds.3.weight.v,67108864,67136149,RAW,0.04214995901565999
57,value_embeds.5.weight.m,67108864,67136149,RAW,0.06876900000497699
57,value_embeds.5.weight.v,67108864,67136149,RAW,0.037198708014329895
57,value_embeds.7.weight.m,67108864,67136149,RAW,0.03621195800951682
57,value_embeds.7.weight.v,67108864,67136149,RAW,0.04388104198733345
58,wte.weight.m,67108864,67136149,RAW,0.03901358300936408
58,wte.weight.v,67108864,67136149,RAW,0.05791075000888668
58,blocks.0.attn.c_q.weight.buf,1048576,1049401,RAW,0.0007235829834826291
58,blocks.0.attn.c_k.weight.buf,1048576,1049401,RAW,0.0006092499825172126
58,blocks.0.attn.c_v.weight.buf,1048576,1049401,RAW,0.0006308750016614795
58,blocks.0.attn.c_proj.weight.buf,1048576,1049401,RAW,0.0005800829967483878
58,blocks.0.mlp.c_fc.weight.buf,4194304,4196389,RAW,0.002260167006170377
58,blocks.0.mlp.c_proj.weight.buf,4194304,4195129,RAW,0.0020774590084329247
58,blocks.1.attn.c_q.weight.buf,1048576,1049401,RAW,0.0006541250040754676
58,blocks.1.attn.c_k.weight.buf,1048576,1049401,RAW,0.0005980410205665976
58,blocks.1.attn.c_v.weight.buf,1048576,1049401,RAW,0.0005729580007027835
58,blocks.1.attn.c_proj.weight.buf,1048576,1049401,RAW,0.0005811250011902303
58,blocks.1.attn.ve_gate.weight.buf,512,1022,RAW,9.25001222640276e-06
58,blocks.1.mlp.c_fc.weight.buf,4194304,4196389,RAW,0.003586292004911229
58,blocks.1.mlp.c_proj.weight.buf,4194304,4195129,RAW,0.0022614169865846634
58,blocks.2.attn.c_q.weight.buf,1048576,1049401,RAW,0.0006401249847840518
58,blocks.2.attn.c_k.weight.buf,1048576,1049401,RAW,0.0005856669740751386
58,blocks.2.attn.c_v.weight.buf,1048576,1049401,RAW,0.0005688749952241778
58,blocks.2.attn.c_proj.weight.buf,1048576,1049401,RAW,0.0006064590124879032
58,blocks.2.mlp.c_fc.weight.buf,4194304,4196389,RAW,0.002067125024041161
58,blocks.2.mlp.c_proj.weight.buf,4194304,4195129,RAW,0.002082582999719307
58,blocks.3.attn.c_q.weight.buf,1048576,1049401,RAW,0.0006052920070942491
58,blocks.3.attn.c_k.weight.buf,1048576,1049401,RAW,0.0005820829828735441
58,blocks.3.attn.c_v.weight.buf,1048576,1049401,RAW,0.0005746250099036843
58,blocks.3.attn.c_proj.weight.buf,1048576,1049401,RAW,0.0014414170000236481
58,blocks.3.attn.ve_gate.weight.buf,512,1022,RAW,2.6666995836421847e-05
58,blocks.3.mlp.c_fc.weight.buf,4194304,4196389,RAW,0.002372625021962449
58,blocks.3.mlp.c_proj.weight.buf,4194304,4195129,RAW,0.0020824999955948442
58,blocks.4.attn.c_q.weight.buf,1048576,1049401,RAW,0.0006182920187711716
58,blocks.4.attn.c_k.weight.buf,1048576,1049401,RAW,0.0005742500070482492
58,blocks.4.attn.c_v.weight.buf,1048576,1049401,RAW,0.0005845830019097775
58,blocks.4.attn.c_proj.weight.buf,1048576,1049401,RAW,0.0005879999953322113
58,blocks.4.mlp.c_fc.weight.buf,4194304,4196389,RAW,0.0021417500101961195
58,blocks.4.mlp.c_proj.weight.buf,4194304,4195129,RAW,0.002050415991107002
58,blocks.5.attn.c_q.weight.buf,1048576,1049401,RAW,0.0006227499980013818
58,blocks.5.attn.c_k.weight.buf,1048576,1049401,RAW,0.0005649999948218465
58,blocks.5.attn.c_v.weight.buf,1048576,1049401,RAW,0.001402916997903958
58,blocks.5.attn.c_proj.weight.buf,1048576,1049401,RAW,0.0006339169922284782
58,blocks.5.attn.ve_gate.weight.buf,512,1022,RAW,1.0832998668774962e-05
58,blocks.5.mlp.c_fc.weight.buf,4194304,4196389,RAW,0.0028509589901659638
58,blocks.5.mlp.c_proj.weight.buf,4194304,4195129,RAW,0.002279666980030015
58,blocks.6.attn.c_q.weight.buf,1048576,1049401,RAW,0.0006207500118762255
58,blocks.6.attn.c_k.weight.buf,1048576,1049401,RAW,0.0005988749908283353
58,blocks.6.attn.c_v.weight.buf,1048576,1049401,RAW,0.000592166994465515
58,blocks.6.attn.c_proj.weight.buf,1048576,1049401,RAW,0.0005741250060964376
58,blocks.6.mlp.c_fc.weight.buf,4194304,4196389,RAW,0.0020337080059107393
58,blocks.6.mlp.c_proj.weight.buf,4194304,4195129,RAW,0.0020702920155599713
58,blocks.7.attn.c_q.weight.buf,1048576,1049401,RAW,0.000632707990007475
58,blocks.7.attn.c_k.weight.buf,1048576,1049401,RAW,0.0005624590266961604
58,blocks.7.attn.c_v.weight.buf,1048576,1049401,RAW,0.0005697919987142086
58,blocks.7.attn.c_proj.weight.buf,1048576,1049401,RAW,0.000574083998799324
58,blocks.7.attn.ve_gate.weight.buf,512,1022,RAW,1.1500000255182385e-05
58,blocks.7.mlp.c_fc.weight.buf,4194304,4196389,RAW,0.0020478340156842023
58,blocks.7.mlp.c_proj.weight.buf,4194304,4195129,RAW,0.003380959009518847
58,lm_head.weight.m,67108864,67136149,RAW,0.03668391701648943
58,lm_head.weight.v,67108864,67136149,RAW,0.03464537500985898
58,resid_lambdas.m,32,32,RAW_VECTOR,4.041008651256561e-06
58,resid_lambdas.v,32,32,RAW_VECTOR,1.4170072972774506e-06
58,x0_lambdas.m,32,32,RAW_VECTOR,7.920025382190943e-07
58,x0_lambdas.v,32,32,RAW_VECTOR,4.169996827840805e-07
58,value_embeds.1.weight.m,67108864,67136149,RAW,0.041609957988839597
58,value_embeds.1.weight.v,67108864,67136149,RAW,0.0409702499746345
58,value_embeds.3.weight.m,67108864,67136149,RAW,0.03722933400422335
58,value_embeds.3.weight.v,67108864,67136149,RAW,0.03555450000567362
58,value_embeds.5.weight.m,67108864,67136149,RAW,0.035977166990051046
58,value_embeds.5.weight.v,67108864,67136149,RAW,0.03658874999382533
58,value_embeds.7.weight.m,67108864,67136149,RAW,0.03519695799332112
58,value_embeds.7.weight.v,67108864,67136149,RAW,0.035523375001503155
59,wte.weight.m,67108864,67136149,RAW,0.03457379198516719
59,wte.weight.v,67108864,67136149,RAW,0.034485582989873365
59,blocks.0.attn.c_q.weight.buf,1048576,1049401,RAW,0.0007167909934651107
59,blocks.0.attn.c_k.weight.buf,1048576,1049401,RAW,0.0005743750080000609
59,blocks.0.attn.c_v.weight.buf,1048576,1049401,RAW,0.0005713329883292317
59,blocks.0.attn.c_proj.weight.buf,1048576,1049401,RAW,0.0005937079840805382
59,blocks.0.mlp.c_fc.weight.buf,4194304,4196389,RAW,0.023813625011825934
59,blocks.0.mlp.c_proj.weight.buf,4194304,4195129,RAW,0.0023495829955209047
59,blocks.1.attn.c_q.weight.buf,1048576,1049401,RAW,0.0006088749796617776
59,blocks.1.attn.c_k.weight.buf,1048576,1049401,RAW,0.0005261250189505517
59,blocks.1.attn.c_v.weight.buf,1048576,1049401,RAW,0.0005528329929802567
59,blocks.1.attn.c_proj.weight.buf,1048576,1049401,RAW,0.0005129160126671195
59,blocks.1.attn.ve_gate.weight.buf,512,1022,RAW,3.82089929189533e-05
59,blocks.1.mlp.c_fc.weight.buf,4194304,4196389,RAW,0.002045915985945612
59,blocks.1.mlp.c_proj.weight.buf,4194304,4195129,RAW,0.0019642919942270964
59,blocks.2.attn.c_q.weight.buf,1048576,1049401,RAW,0.0005439579836092889
59,blocks.2.attn.c_k.weight.buf,1048576,1049401,RAW,0.000516542000696063
59,blocks.2.attn.c_v.weight.buf,1048576,1049401,RAW,0.0005044580029789358
59,blocks.2.attn.c_proj.weight.buf,1048576,1049401,RAW,0.0005522499850485474
59,blocks.2.mlp.c_fc.weight.buf,4194304,4196389,RAW,0.0020747079979628325
59,blocks.2.mlp.c_proj.weight.buf,4194304,4195129,RAW,0.001973250007722527
59,blocks.3.attn.c_q.weight.buf,1048576,1049401,RAW,0.0005366250115912408
59,blocks.3.attn.c_k.weight.buf,1048576,1049401,RAW,0.0005133750091772527
59,blocks.3.attn.c_v.weight.buf,1048576,1049401,RAW,0.0004999160009901971
59,blocks.3.attn.c_proj.weight.buf,1048576,1049401,RAW,0.0005075410008430481
59,blocks.3.attn.ve_gate.weight.buf,512,1022,RAW,7.4169947765767574e-06
59,blocks.3.mlp.c_fc.weight.buf,4194304,4196389,RAW,0.02300195800489746
59,blocks.3.mlp.c_proj.weight.buf,4194304,4195129,RAW,0.002290750009706244
59,blocks.4.attn.c_q.weight.buf,1048576,1049401,RAW,0.0006288749864324927
59,blocks.4.attn.c_k.weight.buf,1048576,1049401,RAW,0.0005560420104302466
59,blocks.4.attn.c_v.weight.buf,1048576,1049401,RAW,0.0005827080167364329
59,blocks.4.attn.c_proj.weight.buf,1048576,1049401,RAW,0.000544749986147508
59,blocks.4.mlp.c_fc.weight.buf,4194304,4196389,RAW,0.0020865419937763363
59,blocks.4.mlp.c_proj.weight.buf,4194304,4195129,RAW,0.002122375008184463
59,blocks.5.attn.c_q.weight.buf,1048576,1049401,RAW,0.00057366699911654
59,blocks.5.attn.c_k.weight.buf,1048576,1049401,RAW,0.000553040998056531
59,blocks.5.attn.c_v.weight.buf,1048576,1049401,RAW,0.0005178340070415288
59,blocks.5.attn.c_proj.weight.buf,1048576,1049401,RAW,0.0005370409926399589
59,blocks.5.attn.ve_gate.weight.buf,512,1022,RAW,8.083006832748652e-06
59,blocks.5.mlp.c_fc.weight.buf,4194304,4196389,RAW,0.002019708015723154
59,blocks.5.mlp.c_proj.weight.buf,4194304,4195129,RAW,0.002017417020397261
59,blocks.6.attn.c_q.weight.buf,1048576,1049401,RAW,0.0005515420052688569
59,blocks.6.attn.c_k.weight.buf,1048576,1049401,RAW,0.0005244589992798865
59,blocks.6.attn.c_v.weight.buf,1048576,1049401,RAW,0.0005091670027468354
59,blocks.6.attn.c_proj.weight.buf,1048576,1049401,RAW,0.0005492920172400773
59,blocks.6.mlp.c_fc.weight.buf,4194304,4196389,RAW,0.0020619170099962503
59,blocks.6.mlp.c_proj.weight.buf,4194304,4195129,RAW,0.002074499992886558
59,blocks.7.attn.c_q.weight.buf,1048576,1049401,RAW,0.000609916023677215
59,blocks.7.attn.c_k.weight.buf,1048576,1049401,RAW,0.0005254590068943799
59,blocks.7.attn.c_v.weight.buf,1048576,1049401,RAW,0.0005340409989003092
59,blocks.7.attn.c_proj.weight.buf,1048576,1049401,RAW,0.0005440840031951666
59,blocks.7.attn.ve_gate.weight.buf,512,1022,RAW,7.833004929125309e-06
59,blocks.7.mlp.c_fc.weight.buf,4194304,4196389,RAW,0.002066082990495488
59,blocks.7.mlp.c_proj.weight.buf,4194304,4195129,RAW,0.0033481249993201345
59,lm_head.weight.m,67108864,67136149,RAW,0.03466841601766646
59,lm_head.weight.v,67108864,67136149,RAW,0.06262049998622388
59,resid_lambdas.m,32,32,RAW_VECTOR,7.124996045604348e-06
59,resid_lambdas.v,32,32,RAW_VECTOR,4.580069798976183e-07
59,x0_lambdas.m,32,32,RAW_VECTOR,1.916982000693679e-06
59,x0_lambdas.v,32,32,RAW_VECTOR,4.169996827840805e-07
59,value_embeds.1.weight.m,67108864,67136149,RAW,0.046845875011058524
59,value_embeds.1.weight.v,67108864,67136149,RAW,0.04279091698117554
59,value_embeds.3.weight.m,67108864,67136149,RAW,0.04346791701391339
59,value_embeds.3.weight.v,67108864,67136149,RAW,0.041239374986616895
59,value_embeds.5.weight.m,67108864,67136149,RAW,0.044428042019717395
59,value_embeds.5.weight.v,67108864,67136149,RAW,0.04128466598922387
59,value_embeds.7.weight.m,67108864,67136149,RAW,0.044323042005999014
59,value_embeds.7.weight.v,67108864,67136149,RAW,0.04525399999693036
60,wte.weight.m,67108864,67136149,RAW,0.05646629200782627
60,wte.weight.v,67108864,67136149,RAW,0.03969787500682287
60,blocks.0.attn.c_q.weight.buf,1048576,1049401,RAW,0.0006499580049421638
60,blocks.0.attn.c_k.weight.buf,1048576,1049401,RAW,0.0005834579933434725
60,blocks.0.attn.c_v.weight.buf,1048576,1049401,RAW,0.0005730410048272461
60,blocks.0.attn.c_proj.weight.buf,1048576,1049401,RAW,0.0005731250275857747
60,blocks.0.mlp.c_fc.weight.buf,4194304,4196389,RAW,0.0022862920013722032
60,blocks.0.mlp.c_proj.weight.buf,4194304,4195129,RAW,0.0021017499966546893
60,blocks.1.attn.c_q.weight.buf,1048576,1049401,RAW,0.000573708995943889
60,blocks.1.attn.c_k.weight.buf,1048576,1049401,RAW,0.000568666000617668
60,blocks.1.attn.c_v.weight.buf,1048576,1049401,RAW,0.0013934159942436963
60,blocks.1.attn.c_proj.weight.buf,1048576,1049401,RAW,0.0006025000184308738
60,blocks.1.attn.ve_gate.weight.buf,512,1022,RAW,1.0166986612603068e-05
60,blocks.1.mlp.c_fc.weight.buf,4194304,4196389,RAW,0.002323916007298976
60,blocks.1.mlp.c_proj.weight.buf,4194304,4195129,RAW,0.002053165982943028
60,blocks.2.attn.c_q.weight.buf,1048576,1049401,RAW,0.0006017909909132868
60,blocks.2.attn.c_k.weight.buf,1048576,1049401,RAW,0.0005632499814964831
60,blocks.2.attn.c_v.weight.buf,1048576,1049401,RAW,0.0005595420079771429
60,blocks.2.attn.c_proj.weight.buf,1048576,1049401,RAW,0.0005885830032639205
60,blocks.2.mlp.c_fc.weight.buf,4194304,4196389,RAW,0.0020903330005239695
60,blocks.2.mlp.c_proj.weight.buf,4194304,4195129,RAW,0.0020328749960754067
60,blocks.3.attn.c_q.weight.buf,1048576,1049401,RAW,0.0005625409830827266
60,blocks.3.attn.c_k.weight.buf,1048576,1049401,RAW,0.0005914170178584754
60,blocks.3.attn.c_v.weight.buf,1048576,1049401,RAW,0.0005782910156995058
60,blocks.3.attn.c_proj.weight.buf,1048576,1049401,RAW,0.0005622500029858202
60,blocks.3.attn.ve_gate.weight.buf,512,1022,RAW,1.0249990737065673e-05
60,blocks.3.mlp.c_fc.weight.buf,4194304,4196389,RAW,0.0021045419853180647
60,blocks.3.mlp.c_proj.weight.buf,4194304,4195129,RAW,0.0020200000144541264
60,blocks.4.attn.c_q.weight.buf,1048576,1049401,RAW,0.0005717079911846668
60,blocks.4.attn.c_k.weight.buf,1048576,1049401,RAW,0.0005628750077448785
60,blocks.4.attn.c_v.weight.buf,1048576,1049401,RAW,0.000570082978811115
60,blocks.4.attn.c_proj.weight.buf,1048576,1049401,RAW,0.0006347499729599804
60,blocks.4.mlp.c_fc.weight.buf,4194304,4196389,RAW,0.0020907080033794045
60,blocks.4.mlp.c_proj.weight.buf,4194304,4195129,RAW,0.0033924999879673123
60,blocks.5.attn.c_q.weight.buf,1048576,1049401,RAW,0.0006502090254798532
60,blocks.5.attn.c_k.weight.buf,1048576,1049401,RAW,0.000583833025302738
60,blocks.5.attn.c_v.weight.buf,1048576,1049401,RAW,0.0006244579853955656
60,blocks.5.attn.c_proj.weight.buf,1048576,1049401,RAW,0.0005377920169848949
60,blocks.5.attn.ve_gate.weight.buf,512,1022,RAW,1.4542019926011562e-05
60,blocks.5.mlp.c_fc.weight.buf,4194304,4196389,RAW,0.0025706670130603015
60,blocks.5.mlp.c_proj.weight.buf,4194304,4195129,RAW,0.0020271660177968442
60,blocks.6.attn.c_q.weight.buf,1048576,1049401,RAW,0.0006043330067768693
60,blocks.6.attn.c_k.weight.buf,1048576,1049401,RAW,0.0005990839854348451
60,blocks.6.attn.c_v.weight.buf,1048576,1049401,RAW,0.0005393339961301535
60,blocks.6.attn.c_proj.weight.buf,1048576,1049401,RAW,0.0005929580074734986
60,blocks.6.mlp.c_fc.weight.buf,4194304,4196389,RAW,0.0020714999991469085
60,blocks.6.mlp.c_proj.weight.buf,4194304,4195129,RAW,0.002042415988398716
60,blocks.7.attn.c_q.weight.buf,1048576,1049401,RAW,0.0006129580142442137
60,blocks.7.attn.c_k.weight.buf,1048576,1049401,RAW,0.0005742500070482492
60,blocks.7.attn.c_v.weight.buf,1048576,1049401,RAW,0.0005599170108325779
60,blocks.7.attn.c_proj.weight.buf,1048576,1049401,RAW,0.0005777920014224946
60,blocks.7.attn.ve_gate.weight.buf,512,1022,RAW,1.1916010407730937e-05
60,blocks.7.mlp.c_fc.weight.buf,4194304,4196389,RAW,0.002068000001600012
60,blocks.7.mlp.c_proj.weight.buf,4194304,4195129,RAW,0.0020360840135253966
60,lm_head.weight.m,67108864,67136149,RAW,0.038188250007806346
60,lm_head.weight.v,67108864,67136149,RAW,0.055194082990055904
60,resid_lambdas.m,32,32,RAW_VECTOR,5.416019121184945e-06
60,resid_lambdas.v,32,32,RAW_VECTOR,5.00003807246685e-07
60,x0_lambdas.m,32,32,RAW_VECTOR,1.2920063454657793e-06
60,x0_lambdas.v,32,32,RAW_VECTOR,1.3329845387488604e-06
60,value_embeds.1.weight.m,67108864,67136149,RAW,0.03656270800274797
60,value_embeds.1.weight.v,67108864,67136149,RAW,0.06352075000177138
60,value_embeds.3.weight.m,67108864,67136149,RAW,0.04318170898477547
60,value_embeds.3.weight.v,67108864,67136149,RAW,0.04034762500668876
60,value_embeds.5.weight.m,67108864,67136149,RAW,0.03554504198837094
60,value_embeds.5.weight.v,67108864,67136149,RAW,0.039763082982972264
60,value_embeds.7.weight.m,67108864,67136149,RAW,0.038236541993683204
60,value_embeds.7.weight.v,67108864,67136149,RAW,0.04143158299848437
61,wte.weight.m,67108864,67136149,RAW,0.03864191600587219
61,wte.weight.v,67108864,67136149,RAW,0.057821916008833796
61,blocks.0.attn.c_q.weight.buf,1048576,1049401,RAW,0.0006813750078435987
61,blocks.0.attn.c_k.weight.buf,1048576,1049401,RAW,0.0005872909969184548
61,blocks.0.attn.c_v.weight.buf,1048576,1049401,RAW,0.0005748340045101941
61,blocks.0.attn.c_proj.weight.buf,1048576,1049401,RAW,0.0005653330008499324
61,blocks.0.mlp.c_fc.weight.buf,4194304,4196389,RAW,0.002276958985021338
61,blocks.0.mlp.c_proj.weight.buf,4194304,4195129,RAW,0.001990000018849969
61,blocks.1.attn.c_q.weight.buf,1048576,1049401,RAW,0.0006057090067770332
61,blocks.1.attn.c_k.weight.buf,1048576,1049401,RAW,0.0005424169939942658
61,blocks.1.attn.c_v.weight.buf,1048576,1049401,RAW,0.0005569999921135604
61,blocks.1.attn.c_proj.weight.buf,1048576,1049401,RAW,0.0005434589984361082
61,blocks.1.attn.ve_gate.weight.buf,512,1022,RAW,7.833004929125309e-06
61,blocks.1.mlp.c_fc.weight.buf,4194304,4196389,RAW,0.0019797499990090728
61,blocks.1.mlp.c_proj.weight.buf,4194304,4195129,RAW,0.0020302079792600125
61,blocks.2.attn.c_q.weight.buf,1048576,1049401,RAW,0.0006226660043466836
61,blocks.2.attn.c_k.weight.buf,1048576,1049401,RAW,0.0005622910102829337
61,blocks.2.attn.c_v.weight.buf,1048576,1049401,RAW,0.0005525829910766333
61,blocks.2.attn.c_proj.weight.buf,1048576,1049401,RAW,0.0005534169904422015
61,blocks.2.mlp.c_fc.weight.buf,4194304,4196389,RAW,0.0020027499995194376
61,blocks.2.mlp.c_proj.weight.buf,4194304,4195129,RAW,0.0020726250077132136
61,blocks.3.attn.c_q.weight.buf,1048576,1049401,RAW,0.000621832994511351
61,blocks.3.attn.c_k.weight.buf,1048576,1049401,RAW,0.000557040999410674
61,blocks.3.attn.c_v.weight.buf,1048576,1049401,RAW,0.0013484160008374602
61,blocks.3.attn.c_proj.weight.buf,1048576,1049401,RAW,0.0005789169808849692
61,blocks.3.attn.ve_gate.weight.buf,512,1022,RAW,9.874987881630659e-06
61,blocks.3.mlp.c_fc.weight.buf,4194304,4196389,RAW,0.0023178750125225633
61,blocks.3.mlp.c_proj.weight.buf,4194304,4195129,RAW,0.0021194579894654453
61,blocks.4.attn.c_q.weight.buf,1048576,1049401,RAW,0.00128825000138022
61,blocks.4.attn.c_k.weight.buf,1048576,1049401,RAW,0.0006047920032870024
61,blocks.4.attn.c_v.weight.buf,1048576,1049401,RAW,0.0006525409989990294
61,blocks.4.attn.c_proj.weight.buf,1048576,1049401,RAW,0.0005893330089747906
61,blocks.4.mlp.c_fc.weight.buf,4194304,4196389,RAW,0.0020462499815039337
61,blocks.4.mlp.c_proj.weight.buf,4194304,4195129,RAW,0.0022113749873824418
61,blocks.5.attn.c_q.weight.buf,1048576,1049401,RAW,0.0006242920062504709
61,blocks.5.attn.c_k.weight.buf,1048576,1049401,RAW,0.0005685000214725733
61,blocks.5.attn.c_v.weight.buf,1048576,1049401,RAW,0.0005743750080000609
61,blocks.5.attn.c_proj.weight.buf,1048576,1049401,RAW,0.0005677080189343542
61,blocks.5.attn.ve_gate.weight.buf,512,1022,RAW,1.3374985428526998e-05
61,blocks.5.mlp.c_fc.weight.buf,4194304,4196389,RAW,0.0022989589779172093
61,blocks.5.mlp.c_proj.weight.buf,4194304,4195129,RAW,0.0022648329904768616
61,blocks.6.attn.c_q.weight.buf,1048576,1049401,RAW,0.0006152080022729933
61,blocks.6.attn.c_k.weight.buf,1048576,1049401,RAW,0.0006585000082850456
61,blocks.6.attn.c_v.weight.buf,1048576,1049401,RAW,0.0006544160132762045
61,blocks.6.attn.c_proj.weight.buf,1048576,1049401,RAW,0.0006612500001210719
61,blocks.6.mlp.c_fc.weight.buf,4194304,4196389,RAW,0.0021299580112099648
61,blocks.6.mlp.c_proj.weight.buf,4194304,4195129,RAW,0.0027175829745829105
61,blocks.7.attn.c_q.weight.buf,1048576,1049401,RAW,0.0006592919817194343
61,blocks.7.attn.c_k.weight.buf,1048576,1049401,RAW,0.0005683329945895821
61,blocks.7.attn.c_v.weight.buf,1048576,1049401,RAW,0.0005654580018017441
61,blocks.7.attn.c_proj.weight.buf,1048576,1049401,RAW,0.0005658339941874146
61,blocks.7.attn.ve_gate.weight.buf,512,1022,RAW,8.249975508078933e-06
61,blocks.7.mlp.c_fc.weight.buf,4194304,4196389,RAW,0.0023320839973166585
61,blocks.7.mlp.c_proj.weight.buf,4194304,4195129,RAW,0.002140750002581626
61,lm_head.weight.m,67108864,67136149,RAW,0.051145374978659675
61,lm_head.weight.v,67108864,67136149,RAW,0.0386821249849163
61,resid_lambdas.m,32,32,RAW_VECTOR,7.708003977313638e-06
61,resid_lambdas.v,32,32,RAW_VECTOR,3.374996595084667e-06
61,x0_lambdas.m,32,32,RAW_VECTOR,1.0830117389559746e-06
61,x0_lambdas.v,32,32,RAW_VECTOR,3.7497375160455704e-07
61,value_embeds.1.weight.m,67108864,67136149,RAW,0.03552958299405873
61,value_embeds.1.weight.v,67108864,67136149,RAW,0.038825874973554164
61,value_embeds.3.weight.m,67108864,67136149,RAW,0.03487533298903145
61,value_embeds.3.weight.v,67108864,67136149,RAW,0.05797408299986273
61,value_embeds.5.weight.m,67108864,67136149,RAW,0.04479316700599156
61,value_embeds.5.weight.v,67108864,67136149,RAW,0.042594124999595806
61,value_embeds.7.weight.m,67108864,67136149,RAW,0.04176420799922198
61,value_embeds.7.weight.v,67108864,67136149,RAW,0.04345949998241849
62,wte.weight.m,67108864,67136149,RAW,0.03969866698025726
62,wte.weight.v,67108864,67136149,RAW,0.05197216698434204
62,blocks.0.attn.c_q.weight.buf,1048576,1049401,RAW,0.0007447500247508287
62,blocks.0.attn.c_k.weight.buf,1048576,1049401,RAW,0.0005927089951001108
62,blocks.0.attn.c_v.weight.buf,1048576,1049401,RAW,0.000594375014770776
62,blocks.0.attn.c_proj.weight.buf,1048576,1049401,RAW,0.0005847499996889383
62,blocks.0.mlp.c_fc.weight.buf,4194304,4196389,RAW,0.026170416007516906
62,blocks.0.mlp.c_proj.weight.buf,4194304,4195129,RAW,0.0021063750027678907
62,blocks.1.attn.c_q.weight.buf,1048576,1049401,RAW,0.0006309579766821116
62,blocks.1.attn.c_k.weight.buf,1048576,1049401,RAW,0.0005884999991394579
62,blocks.1.attn.c_v.weight.buf,1048576,1049401,RAW,0.0005752080178353935
62,blocks.1.attn.c_proj.weight.buf,1048576,1049401,RAW,0.0005630829837173223
62,blocks.1.attn.ve_gate.weight.buf,512,1022,RAW,9.041017619892955e-06
62,blocks.1.mlp.c_fc.weight.buf,4194304,4196389,RAW,0.002075416996376589
62,blocks.1.mlp.c_proj.weight.buf,4194304,4195129,RAW,0.0020920409879181534
62,blocks.2.attn.c_q.weight.buf,1048576,1049401,RAW,0.0006495840207207948
62,blocks.2.attn.c_k.weight.buf,1048576,1049401,RAW,0.0005655840213876218
62,blocks.2.attn.c_v.weight.buf,1048576,1049401,RAW,0.0005689170211553574
62,blocks.2.attn.c_proj.weight.buf,1048576,1049401,RAW,0.0005577499978244305
62,blocks.2.mlp.c_fc.weight.buf,4194304,4196389,RAW,0.0021850000193808228
62,blocks.2.mlp.c_proj.weight.buf,4194304,4195129,RAW,0.002046124980552122
62,blocks.3.attn.c_q.weight.buf,1048576,1049401,RAW,0.000640665995888412
62,blocks.3.attn.c_k.weight.buf,1048576,1049401,RAW,0.024472583987517282
62,blocks.3.attn.c_v.weight.buf,1048576,1049401,RAW,0.0006387080065906048
62,blocks.3.attn.c_proj.weight.buf,1048576,1049401,RAW,0.0005812500021420419
62,blocks.3.attn.ve_gate.weight.buf,512,1022,RAW,8.749979315325618e-06
62,blocks.3.mlp.c_fc.weight.buf,4194304,4196389,RAW,0.002317250007763505
62,blocks.3.mlp.c_proj.weight.buf,4194304,4195129,RAW,0.0021434579975903034
62,blocks.4.attn.c_q.weight.buf,1048576,1049401,RAW,0.0006207920087035745
62,blocks.4.attn.c_k.weight.buf,1048576,1049401,RAW,0.0005662079784087837
62,blocks.4.attn.c_v.weight.buf,1048576,1049401,RAW,0.0005738339968957007
62,blocks.4.attn.c_proj.weight.buf,1048576,1049401,RAW,0.0005678750167135149
62,blocks.4.mlp.c_fc.weight.buf,4194304,4196389,RAW,0.002215582993812859
62,blocks.4.mlp.c_proj.weight.buf,4194304,4195129,RAW,0.002090291993226856
62,blocks.5.attn.c_q.weight.buf,1048576,1049401,RAW,0.00061645801179111
62,blocks.5.attn.c_k.weight.buf,1048576,1049401,RAW,0.0005658750014845282
62,blocks.5.attn.c_v.weight.buf,1048576,1049401,RAW,0.000568292016396299
62,blocks.5.attn.c_proj.weight.buf,1048576,1049401,RAW,0.0005644589837174863
62,blocks.5.attn.ve_gate.weight.buf,512,1022,RAW,8.749979315325618e-06
62,blocks.5.mlp.c_fc.weight.buf,4194304,4196389,RAW,0.002045166998868808
62,blocks.5.mlp.c_proj.weight.buf,4194304,4195129,RAW,0.0020420000073499978
62,blocks.6.attn.c_q.weight.buf,1048576,1049401,RAW,0.0006211250147316605
62,blocks.6.attn.c_k.weight.buf,1048576,1049401,RAW,0.0006086250068619847
62,blocks.6.attn.c_v.weight.buf,1048576,1049401,RAW,0.0005833749892190099
62,blocks.6.attn.c_proj.weight.buf,1048576,1049401,RAW,0.0005731249984819442
62,blocks.6.mlp.c_fc.weight.buf,4194304,4196389,RAW,0.024522124993382022
62,blocks.6.mlp.c_proj.weight.buf,4194304,4195129,RAW,0.0024191670236177742
62,blocks.7.attn.c_q.weight.buf,1048576,1049401,RAW,0.0006704170082230121
62,blocks.7.attn.c_k.weight.buf,1048576,1049401,RAW,0.0005943329888395965
62,blocks.7.attn.c_v.weight.buf,1048576,1049401,RAW,0.0005741670029237866
62,blocks.7.attn.c_proj.weight.buf,1048576,1049401,RAW,0.0005709580145776272
62,blocks.7.attn.ve_gate.weight.buf,512,1022,RAW,8.584000170230865e-06
62,blocks.7.mlp.c_fc.weight.buf,4194304,4196389,RAW,0.002687917003640905
62,blocks.7.mlp.c_proj.weight.buf,4194304,4195129,RAW,0.0020482909749262035
62,lm_head.weight.m,67108864,67136149,RAW,0.046681915991939604
62,lm_head.weight.v,67108864,67136149,RAW,0.040036165999481454
62,resid_lambdas.m,32,32,RAW_VECTOR,6.95799826644361e-06
62,resid_lambdas.v,32,32,RAW_VECTOR,6.67001586407423e-07
62,x0_lambdas.m,32,32,RAW_VECTOR,9.590003173798323e-07
62,x0_lambdas.v,32,32,RAW_VECTOR,4.580069798976183e-07
62,value_embeds.1.weight.m,67108864,67136149,RAW,0.062044499994954094
62,value_embeds.1.weight.v,67108864,67136149,RAW,0.0355507500062231
62,value_embeds.3.weight.m,67108864,67136149,RAW,0.03770791698480025
62,value_embeds.3.weight.v,67108864,67136149,RAW,0.04133558299508877
62,value_embeds.5.weight.m,67108864,67136149,RAW,0.0357548339816276
62,value_embeds.5.weight.v,67108864,67136149,RAW,0.0370565410121344
62,value_embeds.7.weight.m,67108864,67136149,RAW,0.03612508298829198
62,value_embeds.7.weight.v,67108864,67136149,RAW,0.03471187499235384
63,wte.weight.m,67108864,67136149,RAW,0.03484179201768711
63,wte.weight.v,67108864,67136149,RAW,0.036769500002264977
63,blocks.0.attn.c_q.weight.buf,1048576,1049401,RAW,0.0007113330066204071
63,blocks.0.attn.c_k.weight.buf,1048576,1049401,RAW,0.0005955839878879488
63,blocks.0.attn.c_v.weight.buf,1048576,1049401,RAW,0.0005904999852646142
63,blocks.0.attn.c_proj.weight.buf,1048576,1049401,RAW,0.0005970000056549907
63,blocks.0.mlp.c_fc.weight.buf,4194304,4196389,RAW,0.0022537500190082937
63,blocks.0.mlp.c_proj.weight.buf,4194304,4195129,RAW,0.0020647089986596256
63,blocks.1.attn.c_q.weight.buf,1048576,1049401,RAW,0.0006296669889707118
63,blocks.1.attn.c_k.weight.buf,1048576,1049401,RAW,0.0005469159805215895
63,blocks.1.attn.c_v.weight.buf,1048576,1049401,RAW,0.0005704160139430314
63,blocks.1.attn.c_proj.weight.buf,1048576,1049401,RAW,0.0005682910268660635
63,blocks.1.attn.ve_gate.weight.buf,512,1022,RAW,8.291011909022927e-06
63,blocks.1.mlp.c_fc.weight.buf,4194304,4196389,RAW,0.0020336670277174562
63,blocks.1.mlp.c_proj.weight.buf,4194304,4195129,RAW,0.0020099579996895045
63,blocks.2.attn.c_q.weight.buf,1048576,1049401,RAW,0.0005941249837633222
63,blocks.2.attn.c_k.weight.buf,1048576,1049401,RAW,0.0005869170126970857
63,blocks.2.attn.c_v.weight.buf,1048576,1049401,RAW,0.0005517919780686498
63,blocks.2.attn.c_proj.weight.buf,1048576,1049401,RAW,0.0005605419864878058
63,blocks.2.mlp.c_fc.weight.buf,4194304,4196389,RAW,0.0020139160042162985
63,blocks.2.mlp.c_proj.weight.buf,4194304,4195129,RAW,0.002000875014346093
63,blocks.3.attn.c_q.weight.buf,1048576,1049401,RAW,0.000588541995966807
63,blocks.3.attn.c_k.weight.buf,1048576,1049401,RAW,0.001315791014349088
63,blocks.3.attn.c_v.weight.buf,1048576,1049401,RAW,0.0005938749818596989
63,blocks.3.attn.c_proj.weight.buf,1048576,1049401,RAW,0.0006065409979782999
63,blocks.3.attn.ve_gate.weight.buf,512,1022,RAW,1.4459015801548958e-05
63,blocks.3.mlp.c_fc.weight.buf,4194304,4196389,RAW,0.0022641660179942846
63,blocks.3.mlp.c_proj.weight.buf,4194304,4195129,RAW,0.002096167008858174
63,blocks.4.attn.c_q.weight.buf,1048576,1049401,RAW,0.0006624580128118396
63,blocks.4.attn.c_k.weight.buf,1048576,1049401,RAW,0.0005683329945895821
63,blocks.4.attn.c_v.weight.buf,1048576,1049401,RAW,0.0005773340235464275
63,blocks.4.attn.c_proj.weight.buf,1048576,1049401,RAW,0.00055308299488388
63,blocks.4.mlp.c_fc.weight.buf,4194304,4196389,RAW,0.0021350409951992333
63,blocks.4.mlp.c_proj.weight.buf,4194304,4195129,RAW,0.002032458985922858
63,blocks.5.attn.c_q.weight.buf,1048576,1049401,RAW,0.0006293749902397394
63,blocks.5.attn.c_k.weight.buf,1048576,1049401,RAW,0.0005770419957116246
63,blocks.5.attn.c_v.weight.buf,1048576,1049401,RAW,0.0005637079884763807
63,blocks.5.attn.c_proj.weight.buf,1048576,1049401,RAW,0.0005545839958358556
63,blocks.5.attn.ve_gate.weight.buf,512,1022,RAW,1.550000160932541e-05
63,blocks.5.mlp.c_fc.weight.buf,4194304,4196389,RAW,0.0021490000071935356
63,blocks.5.mlp.c_proj.weight.buf,4194304,4195129,RAW,0.0020238750148564577
63,blocks.6.attn.c_q.weight.buf,1048576,1049401,RAW,0.0005895830108784139
63,blocks.6.attn.c_k.weight.buf,1048576,1049401,RAW,0.0005475829821079969
63,blocks.6.attn.c_v.weight.buf,1048576,1049401,RAW,0.0005475409852806479
63,blocks.6.attn.c_proj.weight.buf,1048576,1049401,RAW,0.0005493749922607094
63,blocks.6.mlp.c_fc.weight.buf,4194304,4196389,RAW,0.00289854098809883
63,blocks.6.mlp.c_proj.weight.buf,4194304,4195129,RAW,0.0020522919949144125
63,blocks.7.attn.c_q.weight.buf,1048576,1049401,RAW,0.0006197089969646186
63,blocks.7.attn.c_k.weight.buf,1048576,1049401,RAW,0.0005785420071333647
63,blocks.7.attn.c_v.weight.buf,1048576,1049401,RAW,0.0005756250175181776
63,blocks.7.attn.c_proj.weight.buf,1048576,1049401,RAW,0.0005583750025834888
63,blocks.7.attn.ve_gate.weight.buf,512,1022,RAW,8.665985660627484e-06
63,blocks.7.mlp.c_fc.weight.buf,4194304,4196389,RAW,0.0020057919900864363
63,blocks.7.mlp.c_proj.weight.buf,4194304,4195129,RAW,0.002066333021502942
63,lm_head.weight.m,67108864,67136149,RAW,0.04048133300966583
63,lm_head.weight.v,67108864,67136149,RAW,0.03862350000417791
63,resid_lambdas.m,32,32,RAW_VECTOR,8.750008419156075e-06
63,resid_lambdas.v,32,32,RAW_VECTOR,1.500011421740055e-06
63,x0_lambdas.m,32,32,RAW_VECTOR,2.082990249618888e-06
63,x0_lambdas.v,32,32,RAW_VECTOR,1.0409858077764511e-06
63,value_embeds.1.weight.m,67108864,67136149,RAW,0.03296566699282266
63,value_embeds.1.weight.v,67108864,67136149,RAW,0.03885437498684041
63,value_embeds.3.weight.m,67108864,67136149,RAW,0.04002837499137968
63,value_embeds.3.weight.v,67108864,67136149,RAW,0.03921345798880793
63,value_embeds.5.weight.m,67108864,67136149,RAW,0.03497633300139569
63,value_embeds.5.weight.v,67108864,67136149,RAW,0.0388468750170432
63,value_embeds.7.weight.m,67108864,67136149,RAW,0.036068957997485995
63,value_embeds.7.weight.v,67108864,67136149,RAW,0.03880745900096372
64,wte.weight.m,67108864,67136149,RAW,0.04123883301508613
64,wte.weight.v,67108864,67136149,RAW,0.040926999994553626
64,blocks.0.attn.c_q.weight.buf,1048576,1049401,RAW,0.0007109580037649721
64,blocks.0.attn.c_k.weight.buf,1048576,1049401,RAW,0.0006249579892028123
64,blocks.0.attn.c_v.weight.buf,1048576,1049401,RAW,0.0006261249945964664
64,blocks.0.attn.c_proj.weight.buf,1048576,1049401,RAW,0.0006107910012360662
64,blocks.0.mlp.c_fc.weight.buf,4194304,4196389,RAW,0.0024223329965025187
64,blocks.0.mlp.c_proj.weight.buf,4194304,4195129,RAW,0.0021668749977834523
64,blocks.1.attn.c_q.weight.buf,1048576,1049401,RAW,0.0007160000095609576
64,blocks.1.attn.c_k.weight.buf,1048576,1049401,RAW,0.001158708008006215
64,blocks.1.attn.c_v.weight.buf,1048576,1049401,RAW,0.0006319159874692559
64,blocks.1.attn.c_proj.weight.buf,1048576,1049401,RAW,0.0006261669914238155
64,blocks.1.attn.ve_gate.weight.buf,512,1022,RAW,2.0292005501687527e-05
64,blocks.1.mlp.c_fc.weight.buf,4194304,4196389,RAW,0.002446625003358349
64,blocks.1.mlp.c_proj.weight.buf,4194304,4195129,RAW,0.00219612501678057
64,blocks.2.attn.c_q.weight.buf,1048576,1049401,RAW,0.0007853330171201378
64,blocks.2.attn.c_k.weight.buf,1048576,1049401,RAW,0.0006622080109082162
64,blocks.2.attn.c_v.weight.buf,1048576,1049401,RAW,0.0006172499852254987
64,blocks.2.attn.c_proj.weight.buf,1048576,1049401,RAW,0.0006207500118762255
64,blocks.2.mlp.c_fc.weight.buf,4194304,4196389,RAW,0.0021028750052209944
64,blocks.2.mlp.c_proj.weight.buf,4194304,4195129,RAW,0.0020232909882906824
64,blocks.3.attn.c_q.weight.buf,1048576,1049401,RAW,0.0006270419980864972
64,blocks.3.attn.c_k.weight.buf,1048576,1049401,RAW,0.000563917012186721
64,blocks.3.attn.c_v.weight.buf,1048576,1049401,RAW,0.0005680830217897892
64,blocks.3.attn.c_proj.weight.buf,1048576,1049401,RAW,0.0005709169781766832
64,blocks.3.attn.ve_gate.weight.buf,512,1022,RAW,8.58298153616488e-06
64,blocks.3.mlp.c_fc.weight.buf,4194304,4196389,RAW,0.002085958985844627
64,blocks.3.mlp.c_proj.weight.buf,4194304,4195129,RAW,0.002026292000664398
64,blocks.4.attn.c_q.weight.buf,1048576,1049401,RAW,0.0006286250136326998
64,blocks.4.attn.c_k.weight.buf,1048576,1049401,RAW,0.0005684999923687428
64,blocks.4.attn.c_v.weight.buf,1048576,1049401,RAW,0.02475720801157877
64,blocks.4.attn.c_proj.weight.buf,1048576,1049401,RAW,0.0006195419991854578
64,blocks.4.mlp.c_fc.weight.buf,4194304,4196389,RAW,0.0023157080286182463
64,blocks.4.mlp.c_proj.weight.buf,4194304,4195129,RAW,0.0021042080188635737
64,blocks.5.attn.c_q.weight.buf,1048576,1049401,RAW,0.0011767499963752925
64,blocks.5.attn.c_k.weight.buf,1048576,1049401,RAW,0.0005770419957116246
64,blocks.5.attn.c_v.weight.buf,1048576,1049401,RAW,0.0005739579792134464
64,blocks.5.attn.c_proj.weight.buf,1048576,1049401,RAW,0.0005714579892810434
64,blocks.5.attn.ve_gate.weight.buf,512,1022,RAW,7.95899541117251e-06
64,blocks.5.mlp.c_fc.weight.buf,4194304,4196389,RAW,0.0020727090013679117
64,blocks.5.mlp.c_proj.weight.buf,4194304,4195129,RAW,0.0020589589839801192
64,blocks.6.attn.c_q.weight.buf,1048576,1049401,RAW,0.0006181659991852939
64,blocks.6.attn.c_k.weight.buf,1048576,1049401,RAW,0.0005780000064987689
64,blocks.6.attn.c_v.weight.buf,1048576,1049401,RAW,0.0005532499926630408
64,blocks.6.attn.c_proj.weight.buf,1048576,1049401,RAW,0.0005684159987140447
64,blocks.6.mlp.c_fc.weight.buf,4194304,4196389,RAW,0.0020478749938774854
64,blocks.6.mlp.c_proj.weight.buf,4194304,4195129,RAW,0.0020215000258758664
64,blocks.7.attn.c_q.weight.buf,1048576,1049401,RAW,0.0006119580066297203
64,blocks.7.attn.c_k.weight.buf,1048576,1049401,RAW,0.0005634999834001064
64,blocks.7.attn.c_v.weight.buf,1048576,1049401,RAW,0.0005605419864878058
64,blocks.7.attn.c_proj.weight.buf,1048576,1049401,RAW,0.0005579160060733557
64,blocks.7.attn.ve_gate.weight.buf,512,1022,RAW,7.833004929125309e-06
64,blocks.7.mlp.c_fc.weight.buf,4194304,4196389,RAW,0.0021169999963603914
64,blocks.7.mlp.c_proj.weight.buf,4194304,4195129,RAW,0.0024814580101519823
64,lm_head.weight.m,67108864,67136149,RAW,0.03526237502228469
64,lm_head.weight.v,67108864,67136149,RAW,0.03364520802279003
64,resid_lambdas.m,32,32,RAW_VECTOR,5.04200579598546e-06
64,resid_lambdas.v,32,32,RAW_VECTOR,1.4170072972774506e-06
64,x0_lambdas.m,32,32,RAW_VECTOR,1.0829826351255178e-06
64,x0_lambdas.v,32,32,RAW_VECTOR,4.1601015254855156e-07
64,value_embeds.1.weight.m,67108864,67136149,RAW,0.03607295799884014
64,value_embeds.1.weight.v,67108864,67136149,RAW,0.0700524999992922
64,value_embeds.3.weight.m,67108864,67136149,RAW,0.05476070800796151
64,value_embeds.3.weight.v,67108864,67136149,RAW,0.03925487500964664
64,value_embeds.5.weight.m,67108864,67136149,RAW,0.035034375003306195
64,value_embeds.5.weight.v,67108864,67136149,RAW,0.0391641250171233
64,value_embeds.7.weight.m,67108864,67136149,RAW,0.036278541025239974
64,value_embeds.7.weight.v,67108864,67136149,RAW,0.04101833398453891
65,wte.weight.m,67108864,67136149,RAW,0.038809040997875854
65,wte.weight.v,67108864,67136149,RAW,0.05835679199662991
65,blocks.0.attn.c_q.weight.buf,1048576,1049401,RAW,0.0007170419848989695
65,blocks.0.attn.c_k.weight.buf,1048576,1049401,RAW,0.0006232919986359775
65,blocks.0.attn.c_v.weight.buf,1048576,1049401,RAW,0.000605499983066693
65,blocks.0.attn.c_proj.weight.buf,1048576,1049401,RAW,0.0005837500211782753
65,blocks.0.mlp.c_fc.weight.buf,4194304,4196389,RAW,0.02416708300006576
65,blocks.0.mlp.c_proj.weight.buf,4194304,4195129,RAW,0.0023398750054184347
65,blocks.1.attn.c_q.weight.buf,1048576,1049401,RAW,0.0005936249799560755
65,blocks.1.attn.c_k.weight.buf,1048576,1049401,RAW,0.0007334580004680902
65,blocks.1.attn.c_v.weight.buf,1048576,1049401,RAW,0.0006053340039215982
65,blocks.1.attn.c_proj.weight.buf,1048576,1049401,RAW,0.0005982499860692769
65,blocks.1.attn.ve_gate.weight.buf,512,1022,RAW,1.0541989468038082e-05
65,blocks.1.mlp.c_fc.weight.buf,4194304,4196389,RAW,0.0020594579982571304
65,blocks.1.mlp.c_proj.weight.buf,4194304,4195129,RAW,0.0021115410199854523
65,blocks.2.attn.c_q.weight.buf,1048576,1049401,RAW,0.0006166670063976198
65,blocks.2.attn.c_k.weight.buf,1048576,1049401,RAW,0.0005725829978473485
65,blocks.2.attn.c_v.weight.buf,1048576,1049401,RAW,0.0005697909800801426
65,blocks.2.attn.c_proj.weight.buf,1048576,1049401,RAW,0.0005667499790433794
65,blocks.2.mlp.c_fc.weight.buf,4194304,4196389,RAW,0.0021234170126263052
65,blocks.2.mlp.c_proj.weight.buf,4194304,4195129,RAW,0.00203633401542902
65,blocks.3.attn.c_q.weight.buf,1048576,1049401,RAW,0.0006281670066528022
65,blocks.3.attn.c_k.weight.buf,1048576,1049401,RAW,0.001350083010038361
65,blocks.3.attn.c_v.weight.buf,1048576,1049401,RAW,0.0005949999904260039
65,blocks.3.attn.c_proj.weight.buf,1048576,1049401,RAW,0.0005933749780524522
65,blocks.3.attn.ve_gate.weight.buf,512,1022,RAW,8.417002391070127e-06
65,blocks.3.mlp.c_fc.weight.buf,4194304,4196389,RAW,0.002370041998801753
65,blocks.3.mlp.c_proj.weight.buf,4194304,4195129,RAW,0.0021439169941004366
65,blocks.4.attn.c_q.weight.buf,1048576,1049401,RAW,0.0007089170103427023
65,blocks.4.attn.c_k.weight.buf,1048576,1049401,RAW,0.0005832499882671982
65,blocks.4.attn.c_v.weight.buf,1048576,1049401,RAW,0.0005836670170538127
65,blocks.4.attn.c_proj.weight.buf,1048576,1049401,RAW,0.0005865840066689998
65,blocks.4.mlp.c_fc.weight.buf,4194304,4196389,RAW,0.0020814590097870678
65,blocks.4.mlp.c_proj.weight.buf,4194304,4195129,RAW,0.002075249998597428
65,blocks.5.attn.c_q.weight.buf,1048576,1049401,RAW,0.0006238750065676868
65,blocks.5.attn.c_k.weight.buf,1048576,1049401,RAW,0.000577708997298032
65,blocks.5.attn.c_v.weight.buf,1048576,1049401,RAW,0.0005830420122947544
65,blocks.5.attn.c_proj.weight.buf,1048576,1049401,RAW,0.0005801660008728504
65,blocks.5.attn.ve_gate.weight.buf,512,1022,RAW,8.37500556372106e-06
65,blocks.5.mlp.c_fc.weight.buf,4194304,4196389,RAW,0.0020786250242963433
65,blocks.5.mlp.c_proj.weight.buf,4194304,4195129,RAW,0.0020629579958040267
65,blocks.6.attn.c_q.weight.buf,1048576,1049401,RAW,0.0006161250057630241
65,blocks.6.attn.c_k.weight.buf,1048576,1049401,RAW,0.0005692919949069619
65,blocks.6.attn.c_v.weight.buf,1048576,1049401,RAW,0.0005640829913318157
65,blocks.6.attn.c_proj.weight.buf,1048576,1049401,RAW,0.0005738329782616347
65,blocks.6.mlp.c_fc.weight.buf,4194304,4196389,RAW,0.0025282919814344496
65,blocks.6.mlp.c_proj.weight.buf,4194304,4195129,RAW,0.002119417011272162
65,blocks.7.attn.c_q.weight.buf,1048576,1049401,RAW,0.0006339579995255917
65,blocks.7.attn.c_k.weight.buf,1048576,1049401,RAW,0.0005649579979944974
65,blocks.7.attn.c_v.weight.buf,1048576,1049401,RAW,0.0005765410023741424
65,blocks.7.attn.c_proj.weight.buf,1048576,1049401,RAW,0.0006434170063585043
65,blocks.7.attn.ve_gate.weight.buf,512,1022,RAW,2.258300082758069e-05
65,blocks.7.mlp.c_fc.weight.buf,4194304,4196389,RAW,0.00209704099688679
65,blocks.7.mlp.c_proj.weight.buf,4194304,4195129,RAW,0.002033958997344598
65,lm_head.weight.m,67108864,67136149,RAW,0.045047457999316975
65,lm_head.weight.v,67108864,67136149,RAW,0.03939433299819939
65,resid_lambdas.m,32,32,RAW_VECTOR,1.1333002476021647e-05
65,resid_lambdas.v,32,32,RAW_VECTOR,1.3750104699283838e-06
65,x0_lambdas.m,32,32,RAW_VECTOR,8.330098353326321e-07
65,x0_lambdas.v,32,32,RAW_VECTOR,4.1601015254855156e-07
65,value_embeds.1.weight.m,67108864,67136149,RAW,0.03558541598613374
65,value_embeds.1.weight.v,67108864,67136149,RAW,0.03858058399055153
65,value_embeds.3.weight.m,67108864,67136149,RAW,0.038216249988181517
65,value_embeds.3.weight.v,67108864,67136149,RAW,0.038438042014604434
65,value_embeds.5.weight.m,67108864,67136149,RAW,0.038351249997504056
65,value_embeds.5.weight.v,67108864,67136149,RAW,0.04248437500791624
65,value_embeds.7.weight.m,67108864,67136149,RAW,0.03365079200011678
65,value_embeds.7.weight.v,67108864,67136149,RAW,0.03946329199243337
66,wte.weight.m,67108864,67136149,RAW,0.044818666006904095
66,wte.weight.v,67108864,67136149,RAW,0.04298537501017563
66,blocks.0.attn.c_q.weight.buf,1048576,1049401,RAW,0.0007074589957483113
66,blocks.0.attn.c_k.weight.buf,1048576,1049401,RAW,0.0006340419931802899
66,blocks.0.attn.c_v.weight.buf,1048576,1049401,RAW,0.0006518330192193389
66,blocks.0.attn.c_proj.weight.buf,1048576,1049401,RAW,0.00064320900128223
66,blocks.0.mlp.c_fc.weight.buf,4194304,4196389,RAW,0.0036842919944319874
66,blocks.0.mlp.c_proj.weight.buf,4194304,4195129,RAW,0.0023355409794021398
66,blocks.1.attn.c_q.weight.buf,1048576,1049401,RAW,0.000699666008586064
66,blocks.1.attn.c_k.weight.buf,1048576,1049401,RAW,0.0012666249822359532
66,blocks.1.attn.c_v.weight.buf,1048576,1049401,RAW,0.0006452919915318489
66,blocks.1.attn.c_proj.weight.buf,1048576,1049401,RAW,0.0006122080085333437
66,blocks.1.attn.ve_gate.weight.buf,512,1022,RAW,1.7499987734481692e-05
66,blocks.1.mlp.c_fc.weight.buf,4194304,4196389,RAW,0.002150249987607822
66,blocks.1.mlp.c_proj.weight.buf,4194304,4195129,RAW,0.0022013749985489994
66,blocks.2.attn.c_q.weight.buf,1048576,1049401,RAW,0.0006686249980702996
66,blocks.2.attn.c_k.weight.buf,1048576,1049401,RAW,0.0006514590058941394
66,blocks.2.attn.c_v.weight.buf,1048576,1049401,RAW,0.0005959999980404973
66,blocks.2.attn.c_proj.weight.buf,1048576,1049401,RAW,0.0006158749747555703
66,blocks.2.mlp.c_fc.weight.buf,4194304,4196389,RAW,0.0022980830108281225
66,blocks.2.mlp.c_proj.weight.buf,4194304,4195129,RAW,0.0021761249809060246
66,blocks.3.attn.c_q.weight.buf,1048576,1049401,RAW,0.027823915996123105
66,blocks.3.attn.c_k.weight.buf,1048576,1049401,RAW,0.0007625409925822169
66,blocks.3.attn.c_v.weight.buf,1048576,1049401,RAW,0.0006425000028684735
66,blocks.3.attn.c_proj.weight.buf,1048576,1049401,RAW,0.0006317500083241612
66,blocks.3.attn.ve_gate.weight.buf,512,1022,RAW,1.9166996935382485e-05
66,blocks.3.mlp.c_fc.weight.buf,4194304,4196389,RAW,0.003143499983707443
66,blocks.3.mlp.c_proj.weight.buf,4194304,4195129,RAW,0.002098666998790577
66,blocks.4.attn.c_q.weight.buf,1048576,1049401,RAW,0.0006628330156672746
66,blocks.4.attn.c_k.weight.buf,1048576,1049401,RAW,0.0006307079747784883
66,blocks.4.attn.c_v.weight.buf,1048576,1049401,RAW,0.0006551669794134796
66,blocks.4.attn.c_proj.weight.buf,1048576,1049401,RAW,0.0005990839854348451
66,blocks.4.mlp.c_fc.weight.buf,4194304,4196389,RAW,0.0021747080027125776
66,blocks.4.mlp.c_proj.weight.buf,4194304,4195129,RAW,0.002204125019488856
66,blocks.5.attn.c_q.weight.buf,1048576,1049401,RAW,0.0008665419882163405
66,blocks.5.attn.c_k.weight.buf,1048576,1049401,RAW,0.0015225409879349172
66,blocks.5.attn.c_v.weight.buf,1048576,1049401,RAW,0.0007310000073630363
66,blocks.5.attn.c_proj.weight.buf,1048576,1049401,RAW,0.0005902090051677078
66,blocks.5.attn.ve_gate.weight.buf,512,1022,RAW,9.125011274591088e-06
66,blocks.5.mlp.c_fc.weight.buf,4194304,4196389,RAW,0.0024755839840508997
66,blocks.5.mlp.c_proj.weight.buf,4194304,4195129,RAW,0.0022950840066187084
66,blocks.6.attn.c_q.weight.buf,1048576,1049401,RAW,0.0006820829876232892
66,blocks.6.attn.c_k.weight.buf,1048576,1049401,RAW,0.0006805839948356152
66,blocks.6.attn.c_v.weight.buf,1048576,1049401,RAW,0.0006223749951459467
66,blocks.6.attn.c_proj.weight.buf,1048576,1049401,RAW,0.0006242909876164049
66,blocks.6.mlp.c_fc.weight.buf,4194304,4196389,RAW,0.002141458011465147
66,blocks.6.mlp.c_proj.weight.buf,4194304,4195129,RAW,0.002142832992831245
66,blocks.7.attn.c_q.weight.buf,1048576,1049401,RAW,0.0006017500127200037
66,blocks.7.attn.c_k.weight.buf,1048576,1049401,RAW,0.0006779999821446836
66,blocks.7.attn.c_v.weight.buf,1048576,1049401,RAW,0.0005757909966632724
66,blocks.7.attn.c_proj.weight.buf,1048576,1049401,RAW,0.0005644590128213167
66,blocks.7.attn.ve_gate.weight.buf,512,1022,RAW,8.542003342881799e-06
66,blocks.7.mlp.c_fc.weight.buf,4194304,4196389,RAW,0.0029483329853974283
66,blocks.7.mlp.c_proj.weight.buf,4194304,4195129,RAW,0.0020513749914243817
66,lm_head.weight.m,67108864,67136149,RAW,0.035266209015389904
66,lm_head.weight.v,67108864,67136149,RAW,0.06119133299216628
66,resid_lambdas.m,32,32,RAW_VECTOR,5.458015948534012e-06
66,resid_lambdas.v,32,32,RAW_VECTOR,6.250047590583563e-07
66,x0_lambdas.m,32,32,RAW_VECTOR,1.0410149116069078e-06
66,x0_lambdas.v,32,32,RAW_VECTOR,5.00003807246685e-07
66,value_embeds.1.weight.m,67108864,67136149,RAW,0.03516595799010247
66,value_embeds.1.weight.v,67108864,67136149,RAW,0.04000820900546387
66,value_embeds.3.weight.m,67108864,67136149,RAW,0.06186695798533037
66,value_embeds.3.weight.v,67108864,67136149,RAW,0.03498650001711212
66,value_embeds.5.weight.m,67108864,67136149,RAW,0.0621171249949839
66,value_embeds.5.weight.v,67108864,67136149,RAW,0.04535858298186213
66,value_embeds.7.weight.m,67108864,67136149,RAW,0.036111416993662715
66,value_embeds.7.weight.v,67108864,67136149,RAW,0.03577987500466406
67,wte.weight.m,67108864,67136149,RAW,0.035341500013601035
67,wte.weight.v,67108864,67136149,RAW,0.060677000001305714
67,blocks.0.attn.c_q.weight.buf,1048576,1049401,RAW,0.0006616249738726765
67,blocks.0.attn.c_k.weight.buf,1048576,1049401,RAW,0.0005796249897684902
67,blocks.0.attn.c_v.weight.buf,1048576,1049401,RAW,0.0005845830019097775
67,blocks.0.attn.c_proj.weight.buf,1048576,1049401,RAW,0.0005764999950770289
67,blocks.0.mlp.c_fc.weight.buf,4194304,4196389,RAW,0.0023102920094970614
67,blocks.0.mlp.c_proj.weight.buf,4194304,4195129,RAW,0.0020981249981559813
67,blocks.1.attn.c_q.weight.buf,1048576,1049401,RAW,0.0006267919961828738
67,blocks.1.attn.c_k.weight.buf,1048576,1049401,RAW,0.0005740830092690885
67,blocks.1.attn.c_v.weight.buf,1048576,1049401,RAW,0.000586000009207055
67,blocks.1.attn.c_proj.weight.buf,1048576,1049401,RAW,0.0013986249978188425
67,blocks.1.attn.ve_gate.weight.buf,512,1022,RAW,1.554097980260849e-05
67,blocks.1.mlp.c_fc.weight.buf,4194304,4196389,RAW,0.002355750009883195
67,blocks.1.mlp.c_proj.weight.buf,4194304,4195129,RAW,0.002136957977199927
67,blocks.2.attn.c_q.weight.buf,1048576,1049401,RAW,0.0011496250226628035
67,blocks.2.attn.c_k.weight.buf,1048576,1049401,RAW,0.0005735830054618418
67,blocks.2.attn.c_v.weight.buf,1048576,1049401,RAW,0.000571542012039572
67,blocks.2.attn.c_proj.weight.buf,1048576,1049401,RAW,0.0005777080077677965
67,blocks.2.mlp.c_fc.weight.buf,4194304,4196389,RAW,0.0021150410175323486
67,blocks.2.mlp.c_proj.weight.buf,4194304,4195129,RAW,0.0019799579749815166
67,blocks.3.attn.c_q.weight.buf,1048576,1049401,RAW,0.0006141249905340374
67,blocks.3.attn.c_k.weight.buf,1048576,1049401,RAW,0.0005618750001303852
67,blocks.3.attn.c_v.weight.buf,1048576,1049401,RAW,0.0005656249995809048
67,blocks.3.attn.c_proj.weight.buf,1048576,1049401,RAW,0.0005614999972749501
67,blocks.3.attn.ve_gate.weight.buf,512,1022,RAW,8.041010005399585e-06
67,blocks.3.mlp.c_fc.weight.buf,4194304,4196389,RAW,0.0021013749937992543
67,blocks.3.mlp.c_proj.weight.buf,4194304,4195129,RAW,0.002005874994210899
67,blocks.4.attn.c_q.weight.buf,1048576,1049401,RAW,0.0006127920059952885
67,blocks.4.attn.c_k.weight.buf,1048576,1049401,RAW,0.0005586670013144612
67,blocks.4.attn.c_v.weight.buf,1048576,1049401,RAW,0.0005916670197620988
67,blocks.4.attn.c_proj.weight.buf,1048576,1049401,RAW,0.0005786250112578273
67,blocks.4.mlp.c_fc.weight.buf,4194304,4196389,RAW,0.0033259580086451024
67,blocks.4.mlp.c_proj.weight.buf,4194304,4195129,RAW,0.0021112080139573663
67,blocks.5.attn.c_q.weight.buf,1048576,1049401,RAW,0.0006401249847840518
67,blocks.5.attn.c_k.weight.buf,1048576,1049401,RAW,0.0005721670167986304
67,blocks.5.attn.c_v.weight.buf,1048576,1049401,RAW,0.0005861670069862157
67,blocks.5.attn.c_proj.weight.buf,1048576,1049401,RAW,0.0013921250065322965
67,blocks.5.attn.ve_gate.weight.buf,512,1022,RAW,1.200000406242907e-05
67,blocks.5.mlp.c_fc.weight.buf,4194304,4196389,RAW,0.0023499999952036887
67,blocks.5.mlp.c_proj.weight.buf,4194304,4195129,RAW,0.002028666000114754
67,blocks.6.attn.c_q.weight.buf,1048576,1049401,RAW,0.000563542009331286
67,blocks.6.attn.c_k.weight.buf,1048576,1049401,RAW,0.0005779170023743063
67,blocks.6.attn.c_v.weight.buf,1048576,1049401,RAW,0.0005714169819839299
67,blocks.6.attn.c_proj.weight.buf,1048576,1049401,RAW,0.0006221249932423234
67,blocks.6.mlp.c_fc.weight.buf,4194304,4196389,RAW,0.002059291990008205
67,blocks.6.mlp.c_proj.weight.buf,4194304,4195129,RAW,0.0020501670078374445
67,blocks.7.attn.c_q.weight.buf,1048576,1049401,RAW,0.000660208985209465
67,blocks.7.attn.c_k.weight.buf,1048576,1049401,RAW,0.0005761250213254243
67,blocks.7.attn.c_v.weight.buf,1048576,1049401,RAW,0.0006253749888855964
67,blocks.7.attn.c_proj.weight.buf,1048576,1049401,RAW,0.0005769999988842756
67,blocks.7.attn.ve_gate.weight.buf,512,1022,RAW,9.333016350865364e-06
67,blocks.7.mlp.c_fc.weight.buf,4194304,4196389,RAW,0.0020725830108858645
67,blocks.7.mlp.c_proj.weight.buf,4194304,4195129,RAW,0.02386108398786746
67,lm_head.weight.m,67108864,67136149,RAW,0.03438445899519138
67,lm_head.weight.v,67108864,67136149,RAW,0.035163541993824765
67,resid_lambdas.m,32,32,RAW_VECTOR,4.0000013541430235e-06
67,resid_lambdas.v,32,32,RAW_VECTOR,1.8330174498260021e-06
67,x0_lambdas.m,32,32,RAW_VECTOR,9.579816833138466e-07
67,x0_lambdas.v,32,32,RAW_VECTOR,3.7500285543501377e-07
67,value_embeds.1.weight.m,67108864,67136149,RAW,0.035022166004637256
67,value_embeds.1.weight.v,67108864,67136149,RAW,0.03360154200345278
67,value_embeds.3.weight.m,67108864,67136149,RAW,0.03670550000970252
67,value_embeds.3.weight.v,67108864,67136149,RAW,0.03769800000009127
67,value_embeds.5.weight.m,67108864,67136149,RAW,0.034846584021579474
67,value_embeds.5.weight.v,67108864,67136149,RAW,0.035374166996916756
67,value_embeds.7.weight.m,67108864,67136149,RAW,0.035502374987117946
67,value_embeds.7.weight.v,67108864,67136149,RAW,0.03534920798847452
68,wte.weight.m,67108864,67136149,RAW,0.06113783299224451
68,wte.weight.v,67108864,67136149,RAW,0.04218929199851118
68,blocks.0.attn.c_q.weight.buf,1048576,1049401,RAW,0.0007084160170052201
68,blocks.0.attn.c_k.weight.buf,1048576,1049401,RAW,0.0006225419929251075
68,blocks.0.attn.c_v.weight.buf,1048576,1049401,RAW,0.0006352920026984066
68,blocks.0.attn.c_proj.weight.buf,1048576,1049401,RAW,0.0006253750179894269
68,blocks.0.mlp.c_fc.weight.buf,4194304,4196389,RAW,0.0024292079906444997
68,blocks.0.mlp.c_proj.weight.buf,4194304,4195129,RAW,0.002314124983968213
68,blocks.1.attn.c_q.weight.buf,1048576,1049401,RAW,0.0007161670073401183
68,blocks.1.attn.c_k.weight.buf,1048576,1049401,RAW,0.0011282089981250465
68,blocks.1.attn.c_v.weight.buf,1048576,1049401,RAW,0.0006490419909823686
68,blocks.1.attn.c_proj.weight.buf,1048576,1049401,RAW,0.0006529579986818135
68,blocks.1.attn.ve_gate.weight.buf,512,1022,RAW,1.95419997908175e-05
68,blocks.1.mlp.c_fc.weight.buf,4194304,4196389,RAW,0.002446583006531
68,blocks.1.mlp.c_proj.weight.buf,4194304,4195129,RAW,0.002261625020764768
68,blocks.2.attn.c_q.weight.buf,1048576,1049401,RAW,0.0006833329971414059
68,blocks.2.attn.c_k.weight.buf,1048576,1049401,RAW,0.000631291011814028
68,blocks.2.attn.c_v.weight.buf,1048576,1049401,RAW,0.0006381249986588955
68,blocks.2.attn.c_proj.weight.buf,1048576,1049401,RAW,0.0006095420103520155
68,blocks.2.mlp.c_fc.weight.buf,4194304,4196389,RAW,0.0021697080228477716
68,blocks.2.mlp.c_proj.weight.buf,4194304,4195129,RAW,0.0021721669763792306
68,blocks.3.attn.c_q.weight.buf,1048576,1049401,RAW,0.0006825829914305359
68,blocks.3.attn.c_k.weight.buf,1048576,1049401,RAW,0.0006216659967321903
68,blocks.3.attn.c_v.weight.buf,1048576,1049401,RAW,0.0006222080264706165
68,blocks.3.attn.c_proj.weight.buf,1048576,1049401,RAW,0.000616791017819196
68,blocks.3.attn.ve_gate.weight.buf,512,1022,RAW,1.391698606312275e-05
68,blocks.3.mlp.c_fc.weight.buf,4194304,4196389,RAW,0.002165667014196515
68,blocks.3.mlp.c_proj.weight.buf,4194304,4195129,RAW,0.002146708982763812
68,blocks.4.attn.c_q.weight.buf,1048576,1049401,RAW,0.0006813750078435987
68,blocks.4.attn.c_k.weight.buf,1048576,1049401,RAW,0.0013897909957449883
68,blocks.4.attn.c_v.weight.buf,1048576,1049401,RAW,0.0006262500246521086
68,blocks.4.attn.c_proj.weight.buf,1048576,1049401,RAW,0.0006501250027213246
68,blocks.4.mlp.c_fc.weight.buf,4194304,4196389,RAW,0.0024501250009052455
68,blocks.4.mlp.c_proj.weight.buf,4194304,4195129,RAW,0.002227041986770928
68,blocks.5.attn.c_q.weight.buf,1048576,1049401,RAW,0.0006758750241715461
68,blocks.5.attn.c_k.weight.buf,1048576,1049401,RAW,0.000628334004431963
68,blocks.5.attn.c_v.weight.buf,1048576,1049401,RAW,0.0006207920087035745
68,blocks.5.attn.c_proj.weight.buf,1048576,1049401,RAW,0.0006092500116210431
68,blocks.5.attn.ve_gate.weight.buf,512,1022,RAW,1.8874998204410076e-05
68,blocks.5.mlp.c_fc.weight.buf,4194304,4196389,RAW,0.0021187080128584057
68,blocks.5.mlp.c_proj.weight.buf,4194304,4195129,RAW,0.0021581250184681267
68,blocks.6.attn.c_q.weight.buf,1048576,1049401,RAW,0.0006624999805353582
68,blocks.6.attn.c_k.weight.buf,1048576,1049401,RAW,0.0006188330007717013
68,blocks.6.attn.c_v.weight.buf,1048576,1049401,RAW,0.0005867910222150385
68,blocks.6.attn.c_proj.weight.buf,1048576,1049401,RAW,0.0006035000260453671
68,blocks.6.mlp.c_fc.weight.buf,4194304,4196389,RAW,0.0021784999989904463
68,blocks.6.mlp.c_proj.weight.buf,4194304,4195129,RAW,0.002159416995709762
68,blocks.7.attn.c_q.weight.buf,1048576,1049401,RAW,0.0006655410106759518
68,blocks.7.attn.c_k.weight.buf,1048576,1049401,RAW,0.0006013329839333892
68,blocks.7.attn.c_v.weight.buf,1048576,1049401,RAW,0.0005942909920122474
68,blocks.7.attn.c_proj.weight.buf,1048576,1049401,RAW,0.0005955000233370811
68,blocks.7.attn.ve_gate.weight.buf,512,1022,RAW,1.3749988283962011e-05
68,blocks.7.mlp.c_fc.weight.buf,4194304,4196389,RAW,0.02857091699843295
68,blocks.7.mlp.c_proj.weight.buf,4194304,4195129,RAW,0.0029079999949317425
68,lm_head.weight.m,67108864,67136149,RAW,0.03662720898864791
68,lm_head.weight.v,67108864,67136149,RAW,0.06620470900088549
68,resid_lambdas.m,32,32,RAW_VECTOR,7.5410061981529e-06
68,resid_lambdas.v,32,32,RAW_VECTOR,6.250047590583563e-07
68,x0_lambdas.m,32,32,RAW_VECTOR,1.1250085663050413e-06
68,x0_lambdas.v,32,32,RAW_VECTOR,5.840265657752752e-07
68,value_embeds.1.weight.m,67108864,67136149,RAW,0.04188320800312795
68,value_embeds.1.weight.v,67108864,67136149,RAW,0.04047016700496897
68,value_embeds.3.weight.m,67108864,67136149,RAW,0.034424458019202575
68,value_embeds.3.weight.v,67108864,67136149,RAW,0.03957979200640693
68,value_embeds.5.weight.m,67108864,67136149,RAW,0.03634470800170675
68,value_embeds.5.weight.v,67108864,67136149,RAW,0.04008500001509674
68,value_embeds.7.weight.m,67108864,67136149,RAW,0.03784066700609401
68,value_embeds.7.weight.v,67108864,67136149,RAW,0.039556332980282605
69,wte.weight.m,67108864,67136149,RAW,0.03917999999248423
69,wte.weight.v,67108864,67136149,RAW,0.05266699998173863
69,blocks.0.attn.c_q.weight.buf,1048576,1049401,RAW,0.0006849170022178441
69,blocks.0.attn.c_k.weight.buf,1048576,1049401,RAW,0.0005801249935757369
69,blocks.0.attn.c_v.weight.buf,1048576,1049401,RAW,0.0006025829934515059
69,blocks.0.attn.c_proj.weight.buf,1048576,1049401,RAW,0.0006107919907663018
69,blocks.0.mlp.c_fc.weight.buf,4194304,4196389,RAW,0.002382166014285758
69,blocks.0.mlp.c_proj.weight.buf,4194304,4195129,RAW,0.0020240420126356184
69,blocks.1.attn.c_q.weight.buf,1048576,1049401,RAW,0.0006058329890947789
69,blocks.1.attn.c_k.weight.buf,1048576,1049401,RAW,0.0005774169985670596
69,blocks.1.attn.c_v.weight.buf,1048576,1049401,RAW,0.0005716670129913837
69,blocks.1.attn.c_proj.weight.buf,1048576,1049401,RAW,0.0005649169906973839
69,blocks.1.attn.ve_gate.weight.buf,512,1022,RAW,8.749979315325618e-06
69,blocks.1.mlp.c_fc.weight.buf,4194304,4196389,RAW,0.0020511669863481075
69,blocks.1.mlp.c_proj.weight.buf,4194304,4195129,RAW,0.002204707998316735
69,blocks.2.attn.c_q.weight.buf,1048576,1049401,RAW,0.0006071669922675937
69,blocks.2.attn.c_k.weight.buf,1048576,1049401,RAW,0.0005741659842897207
69,blocks.2.attn.c_v.weight.buf,1048576,1049401,RAW,0.0005559999844990671
69,blocks.2.attn.c_proj.weight.buf,1048576,1049401,RAW,0.0005844999977853149
69,blocks.2.mlp.c_fc.weight.buf,4194304,4196389,RAW,0.0020663749892264605
69,blocks.2.mlp.c_proj.weight.buf,4194304,4195129,RAW,0.00207516600494273
69,blocks.3.attn.c_q.weight.buf,1048576,1049401,RAW,0.0006121250044088811
69,blocks.3.attn.c_k.weight.buf,1048576,1049401,RAW,0.0005655840213876218
69,blocks.3.attn.c_v.weight.buf,1048576,1049401,RAW,0.0005894170026294887
69,blocks.3.attn.c_proj.weight.buf,1048576,1049401,RAW,0.0005643329932354391
69,blocks.3.attn.ve_gate.weight.buf,512,1022,RAW,8.000002708286047e-06
69,blocks.3.mlp.c_fc.weight.buf,4194304,4196389,RAW,0.02687649999279529
69,blocks.3.mlp.c_proj.weight.buf,4194304,4195129,RAW,0.0021124159975443035
69,blocks.4.attn.c_q.weight.buf,1048576,1049401,RAW,0.0006434170063585043
69,blocks.4.attn.c_k.weight.buf,1048576,1049401,RAW,0.0006038330029696226
69,blocks.4.attn.c_v.weight.buf,1048576,1049401,RAW,0.0005762919900007546
69,blocks.4.attn.c_proj.weight.buf,1048576,1049401,RAW,0.0005773330049123615
69,blocks.4.mlp.c_fc.weight.buf,4194304,4196389,RAW,0.00206245799199678
69,blocks.4.mlp.c_proj.weight.buf,4194304,4195129,RAW,0.0020298339950386435
69,blocks.5.attn.c_q.weight.buf,1048576,1049401,RAW,0.0006284170085564256
69,blocks.5.attn.c_k.weight.buf,1048576,1049401,RAW,0.0005868339794687927
69,blocks.5.attn.c_v.weight.buf,1048576,1049401,RAW,0.0005803329986520112
69,blocks.5.attn.c_proj.weight.buf,1048576,1049401,RAW,0.0005680420144926757
69,blocks.5.attn.ve_gate.weight.buf,512,1022,RAW,8.417002391070127e-06
69,blocks.5.mlp.c_fc.weight.buf,4194304,4196389,RAW,0.002039915998466313
69,blocks.5.mlp.c_proj.weight.buf,4194304,4195129,RAW,0.002084416017169133
69,blocks.6.attn.c_q.weight.buf,1048576,1049401,RAW,0.0006704999832436442
69,blocks.6.attn.c_k.weight.buf,1048576,1049401,RAW,0.0005737500032410026
69,blocks.6.attn.c_v.weight.buf,1048576,1049401,RAW,0.0005704580107703805
69,blocks.6.attn.c_proj.weight.buf,1048576,1049401,RAW,0.0005664580094162375
69,blocks.6.mlp.c_fc.weight.buf,4194304,4196389,RAW,0.002050084003712982
69,blocks.6.mlp.c_proj.weight.buf,4194304,4195129,RAW,0.0021129579981788993
69,blocks.7.attn.c_q.weight.buf,1048576,1049401,RAW,0.0006433750095311552
69,blocks.7.attn.c_k.weight.buf,1048576,1049401,RAW,0.000566834001801908
69,blocks.7.attn.c_v.weight.buf,1048576,1049401,RAW,0.0005615419941022992
69,blocks.7.attn.c_proj.weight.buf,1048576,1049401,RAW,0.0005612499953713268
69,blocks.7.attn.ve_gate.weight.buf,512,1022,RAW,7.791997632011771e-06
69,blocks.7.mlp.c_fc.weight.buf,4194304,4196389,RAW,0.0020996670064050704
69,blocks.7.mlp.c_proj.weight.buf,4194304,4195129,RAW,0.003456000005826354
69,lm_head.weight.m,67108864,67136149,RAW,0.035082791990134865
69,lm_head.weight.v,67108864,67136149,RAW,0.03532741701928899
69,resid_lambdas.m,32,32,RAW_VECTOR,4.91601531393826e-06
69,resid_lambdas.v,32,32,RAW_VECTOR,6.250047590583563e-07
69,x0_lambdas.m,32,32,RAW_VECTOR,1.0830117389559746e-06
69,x0_lambdas.v,32,32,RAW_VECTOR,4.580069798976183e-07
69,value_embeds.1.weight.m,67108864,67136149,RAW,0.03623683302430436
69,value_embeds.1.weight.v,67108864,67136149,RAW,0.03486733301542699
69,value_embeds.3.weight.m,67108864,67136149,RAW,0.03809562500100583
69,value_embeds.3.weight.v,67108864,67136149,RAW,0.04184287498355843
69,value_embeds.5.weight.m,67108864,67136149,RAW,0.03582866699434817
69,value_embeds.5.weight.v,67108864,67136149,RAW,0.040971500013256446
69,value_embeds.7.weight.m,67108864,67136149,RAW,0.03810183398309164
69,value_embeds.7.weight.v,67108864,67136149,RAW,0.03318320799735375
70,wte.weight.m,67108864,67136149,RAW,0.05578141601290554
70,wte.weight.v,67108864,67136149,RAW,0.03869454198866151
70,blocks.0.attn.c_q.weight.buf,1048576,1049401,RAW,0.0006355410150717944
70,blocks.0.attn.c_k.weight.buf,1048576,1049401,RAW,0.0005560829886235297
70,blocks.0.attn.c_v.weight.buf,1048576,1049401,RAW,0.0005630420055240393
70,blocks.0.attn.c_proj.weight.buf,1048576,1049401,RAW,0.000556707993382588
70,blocks.0.mlp.c_fc.weight.buf,4194304,4196389,RAW,0.0022159589861985296
70,blocks.0.mlp.c_proj.weight.buf,4194304,4195129,RAW,0.002465374971507117
70,blocks.1.attn.c_q.weight.buf,1048576,1049401,RAW,0.000642166007310152
70,blocks.1.attn.c_k.weight.buf,1048576,1049401,RAW,0.0005844589904882014
70,blocks.1.attn.c_v.weight.buf,1048576,1049401,RAW,0.0005604170146398246
70,blocks.1.attn.c_proj.weight.buf,1048576,1049401,RAW,0.0005621250020340085
70,blocks.1.attn.ve_gate.weight.buf,512,1022,RAW,2.6042020181193948e-05
70,blocks.1.mlp.c_fc.weight.buf,4194304,4196389,RAW,0.0020144169975537807
70,blocks.1.mlp.c_proj.weight.buf,4194304,4195129,RAW,0.002099750010529533
70,blocks.2.attn.c_q.weight.buf,1048576,1049401,RAW,0.0005986659962218255
70,blocks.2.attn.c_k.weight.buf,1048576,1049401,RAW,0.0005753750156145543
70,blocks.2.attn.c_v.weight.buf,1048576,1049401,RAW,0.000552416022401303
70,blocks.2.attn.c_proj.weight.buf,1048576,1049401,RAW,0.0005452919867821038
70,blocks.2.mlp.c_fc.weight.buf,4194304,4196389,RAW,0.0021232500148471445
70,blocks.2.mlp.c_proj.weight.buf,4194304,4195129,RAW,0.0019854579877573997
70,blocks.3.attn.c_q.weight.buf,1048576,1049401,RAW,0.0005926669982727617
70,blocks.3.attn.c_k.weight.buf,1048576,1049401,RAW,0.0005745420057792217
70,blocks.3.attn.c_v.weight.buf,1048576,1049401,RAW,0.0005453329940792173
70,blocks.3.attn.c_proj.weight.buf,1048576,1049401,RAW,0.0013509999844245613
70,blocks.3.attn.ve_gate.weight.buf,512,1022,RAW,1.333298860117793e-05
70,blocks.3.mlp.c_fc.weight.buf,4194304,4196389,RAW,0.0023192499938886613
70,blocks.3.mlp.c_proj.weight.buf,4194304,4195129,RAW,0.0032764580100774765
70,blocks.4.attn.c_q.weight.buf,1048576,1049401,RAW,0.0006192500004544854
70,blocks.4.attn.c_k.weight.buf,1048576,1049401,RAW,0.0005652499967254698
70,blocks.4.attn.c_v.weight.buf,1048576,1049401,RAW,0.000573000026633963
70,blocks.4.attn.c_proj.weight.buf,1048576,1049401,RAW,0.0005873329937458038
70,blocks.4.mlp.c_fc.weight.buf,4194304,4196389,RAW,0.00201704099890776
70,blocks.4.mlp.c_proj.weight.buf,4194304,4195129,RAW,0.0019817089778371155
70,blocks.5.attn.c_q.weight.buf,1048576,1049401,RAW,0.0006000419962219894
70,blocks.5.attn.c_k.weight.buf,1048576,1049401,RAW,0.0005628750077448785
70,blocks.5.attn.c_v.weight.buf,1048576,1049401,RAW,0.0005869159940630198
70,blocks.5.attn.c_proj.weight.buf,1048576,1049401,RAW,0.0005615830013994128
70,blocks.5.attn.ve_gate.weight.buf,512,1022,RAW,7.750000804662704e-06
70,blocks.5.mlp.c_fc.weight.buf,4194304,4196389,RAW,0.00200658300309442
70,blocks.5.mlp.c_proj.weight.buf,4194304,4195129,RAW,0.003656749991932884
70,blocks.6.attn.c_q.weight.buf,1048576,1049401,RAW,0.000707999977748841
70,blocks.6.attn.c_k.weight.buf,1048576,1049401,RAW,0.0006525000208057463
70,blocks.6.attn.c_v.weight.buf,1048576,1049401,RAW,0.0006310839962679893
70,blocks.6.attn.c_proj.weight.buf,1048576,1049401,RAW,0.0006145000224933028
70,blocks.6.mlp.c_fc.weight.buf,4194304,4196389,RAW,0.002240707981400192
70,blocks.6.mlp.c_proj.weight.buf,4194304,4195129,RAW,0.0022114170133136213
70,blocks.7.attn.c_q.weight.buf,1048576,1049401,RAW,0.0006597909959964454
70,blocks.7.attn.c_k.weight.buf,1048576,1049401,RAW,0.0006484579935204238
70,blocks.7.attn.c_v.weight.buf,1048576,1049401,RAW,0.0006259170186240226
70,blocks.7.attn.c_proj.weight.buf,1048576,1049401,RAW,0.000606624991632998
70,blocks.7.attn.ve_gate.weight.buf,512,1022,RAW,1.6834004782140255e-05
70,blocks.7.mlp.c_fc.weight.buf,4194304,4196389,RAW,0.002181667019613087
70,blocks.7.mlp.c_proj.weight.buf,4194304,4195129,RAW,0.002154249988961965
70,lm_head.weight.m,67108864,67136149,RAW,0.03651179201551713
70,lm_head.weight.v,67108864,67136149,RAW,0.04630062502110377
70,resid_lambdas.m,32,32,RAW_VECTOR,5.165988113731146e-06
70,resid_lambdas.v,32,32,RAW_VECTOR,1.541979145258665e-06
70,x0_lambdas.m,32,32,RAW_VECTOR,1.5410187188535929e-06
70,x0_lambdas.v,32,32,RAW_VECTOR,3.7500285543501377e-07
70,value_embeds.1.weight.m,67108864,67136149,RAW,0.04088545800186694
70,value_embeds.1.weight.v,67108864,67136149,RAW,0.06691879199934192
70,value_embeds.3.weight.m,67108864,67136149,RAW,0.04317908300436102
70,value_embeds.3.weight.v,67108864,67136149,RAW,0.04218958399724215
70,value_embeds.5.weight.m,67108864,67136149,RAW,0.039467499998863786
70,value_embeds.5.weight.v,67108864,67136149,RAW,0.0406654590042308
70,value_embeds.7.weight.m,67108864,67136149,RAW,0.06205224999575876
70,value_embeds.7.weight.v,67108864,67136149,RAW,0.03525445898412727
71,wte.weight.m,67108864,67136149,RAW,0.03636808297596872
71,wte.weight.v,67108864,67136149,RAW,0.06135391601128504
71,blocks.0.attn.c_q.weight.buf,1048576,1049401,RAW,0.0006449169886764139
71,blocks.0.attn.c_k.weight.buf,1048576,1049401,RAW,0.0006011670047882944
71,blocks.0.attn.c_v.weight.buf,1048576,1049401,RAW,0.0005799579957965761
71,blocks.0.attn.c_proj.weight.buf,1048576,1049401,RAW,0.0005965839955024421
71,blocks.0.mlp.c_fc.weight.buf,4194304,4196389,RAW,0.0022905000078026205
71,blocks.0.mlp.c_proj.weight.buf,4194304,4195129,RAW,0.0020261669997125864
71,blocks.1.attn.c_q.weight.buf,1048576,1049401,RAW,0.0006205840036273003
71,blocks.1.attn.c_k.weight.buf,1048576,1049401,RAW,0.0006391250062733889
71,blocks.1.attn.c_v.weight.buf,1048576,1049401,RAW,0.0005725420196540654
71,blocks.1.attn.c_proj.weight.buf,1048576,1049401,RAW,0.0005652089894283563
71,blocks.1.attn.ve_gate.weight.buf,512,1022,RAW,8.208997314795852e-06
71,blocks.1.mlp.c_fc.weight.buf,4194304,4196389,RAW,0.0030622080084867775
71,blocks.1.mlp.c_proj.weight.buf,4194304,4195129,RAW,0.0021136669965926558
71,blocks.2.attn.c_q.weight.buf,1048576,1049401,RAW,0.0006444579921662807
71,blocks.2.attn.c_k.weight.buf,1048576,1049401,RAW,0.0005837909993715584
71,blocks.2.attn.c_v.weight.buf,1048576,1049401,RAW,0.0005942500138189644
71,blocks.2.attn.c_proj.weight.buf,1048576,1049401,RAW,0.0005746250099036843
71,blocks.2.mlp.c_fc.weight.buf,4194304,4196389,RAW,0.00204583301092498
71,blocks.2.mlp.c_proj.weight.buf,4194304,4195129,RAW,0.0020398749911691993
71,blocks.3.attn.c_q.weight.buf,1048576,1049401,RAW,0.0006250839796848595
71,blocks.3.attn.c_k.weight.buf,1048576,1049401,RAW,0.0005771249998360872
71,blocks.3.attn.c_v.weight.buf,1048576,1049401,RAW,0.0005597080162260681
71,blocks.3.attn.c_proj.weight.buf,1048576,1049401,RAW,0.0005663339979946613
71,blocks.3.attn.ve_gate.weight.buf,512,1022,RAW,1.8250022549182177e-05
71,blocks.3.mlp.c_fc.weight.buf,4194304,4196389,RAW,0.0020882500102743506
71,blocks.3.mlp.c_proj.weight.buf,4194304,4195129,RAW,0.0021169160027056932
71,blocks.4.attn.c_q.weight.buf,1048576,1049401,RAW,0.0006480839801952243
71,blocks.4.attn.c_k.weight.buf,1048576,1049401,RAW,0.0005651250248774886
71,blocks.4.attn.c_v.weight.buf,1048576,1049401,RAW,0.0005490419862326235
71,blocks.4.attn.c_proj.weight.buf,1048576,1049401,RAW,0.0006760839896742254
71,blocks.4.mlp.c_fc.weight.buf,4194304,4196389,RAW,0.002184125012718141
71,blocks.4.mlp.c_proj.weight.buf,4194304,4195129,RAW,0.025751917011803016
71,blocks.5.attn.c_q.weight.buf,1048576,1049401,RAW,0.0006995419971644878
71,blocks.5.attn.c_k.weight.buf,1048576,1049401,RAW,0.0006070000235922635
71,blocks.5.attn.c_v.weight.buf,1048576,1049401,RAW,0.0005748329858761281
71,blocks.5.attn.c_proj.weight.buf,1048576,1049401,RAW,0.0006058339786250144
71,blocks.5.attn.ve_gate.weight.buf,512,1022,RAW,1.4582998119294643e-05
71,blocks.5.mlp.c_fc.weight.buf,4194304,4196389,RAW,0.002898708014981821
71,blocks.5.mlp.c_proj.weight.buf,4194304,4195129,RAW,0.0020562080026138574
71,blocks.6.attn.c_q.weight.buf,1048576,1049401,RAW,0.0006078750011511147
71,blocks.6.attn.c_k.weight.buf,1048576,1049401,RAW,0.0005943749856669456
71,blocks.6.attn.c_v.weight.buf,1048576,1049401,RAW,0.0005752499855589122
71,blocks.6.attn.c_proj.weight.buf,1048576,1049401,RAW,0.000555249978788197
71,blocks.6.mlp.c_fc.weight.buf,4194304,4196389,RAW,0.0020447089918889105
71,blocks.6.mlp.c_proj.weight.buf,4194304,4195129,RAW,0.002068500005407259
71,blocks.7.attn.c_q.weight.buf,1048576,1049401,RAW,0.0008463749836664647
71,blocks.7.attn.c_k.weight.buf,1048576,1049401,RAW,0.0005861250101588666
71,blocks.7.attn.c_v.weight.buf,1048576,1049401,RAW,0.0005904170102439821
71,blocks.7.attn.c_proj.weight.buf,1048576,1049401,RAW,0.0005860830133315176
71,blocks.7.attn.ve_gate.weight.buf,512,1022,RAW,9.25001222640276e-06
71,blocks.7.mlp.c_fc.weight.buf,4194304,4196389,RAW,0.0020661670132540166
71,blocks.7.mlp.c_proj.weight.buf,4194304,4195129,RAW,0.002037917001871392
71,lm_head.weight.m,67108864,67136149,RAW,0.04154412500793114
71,lm_head.weight.v,67108864,67136149,RAW,0.049669249972794205
71,resid_lambdas.m,32,32,RAW_VECTOR,6.375019438564777e-06
71,resid_lambdas.v,32,32,RAW_VECTOR,5.420006345957518e-07
71,x0_lambdas.m,32,32,RAW_VECTOR,1.1249794624745846e-06
71,x0_lambdas.v,32,32,RAW_VECTOR,5.00003807246685e-07
71,value_embeds.1.weight.m,67108864,67136149,RAW,0.03575074998661876
71,value_embeds.1.weight.v,67108864,67136149,RAW,0.03385237499605864
71,value_embeds.3.weight.m,67108864,67136149,RAW,0.03620300002512522
71,value_embeds.3.weight.v,67108864,67136149,RAW,0.035733208002056926
71,value_embeds.5.weight.m,67108864,67136149,RAW,0.03652883297763765
71,value_embeds.5.weight.v,67108864,67136149,RAW,0.03420920800999738
71,value_embeds.7.weight.m,67108864,67136149,RAW,0.03890166600467637
71,value_embeds.7.weight.v,67108864,67136149,RAW,0.04246208298718557
72,wte.weight.m,67108864,67136149,RAW,0.03517137499875389
72,wte.weight.v,67108864,67136149,RAW,0.06066308400477283
72,blocks.0.attn.c_q.weight.buf,1048576,1049401,RAW,0.0006251659942790866
72,blocks.0.attn.c_k.weight.buf,1048576,1049401,RAW,0.0005884580023121089
72,blocks.0.attn.c_v.weight.buf,1048576,1049401,RAW,0.0005626249767374247
72,blocks.0.attn.c_proj.weight.buf,1048576,1049401,RAW,0.0005648329970426857
72,blocks.0.mlp.c_fc.weight.buf,4194304,4196389,RAW,0.00220229200203903
72,blocks.0.mlp.c_proj.weight.buf,4194304,4195129,RAW,0.002002458000788465
72,blocks.1.attn.c_q.weight.buf,1048576,1049401,RAW,0.0005678749876096845
72,blocks.1.attn.c_k.weight.buf,1048576,1049401,RAW,0.0005415420164354146
72,blocks.1.attn.c_v.weight.buf,1048576,1049401,RAW,0.0005468750023283064
72,blocks.1.attn.c_proj.weight.buf,1048576,1049401,RAW,0.000532833015313372
72,blocks.1.attn.ve_gate.weight.buf,512,1022,RAW,2.679199678823352e-05
72,blocks.1.mlp.c_fc.weight.buf,4194304,4196389,RAW,0.0033018329995684326
72,blocks.1.mlp.c_proj.weight.buf,4194304,4195129,RAW,0.0020627079939004034
72,blocks.2.attn.c_q.weight.buf,1048576,1049401,RAW,0.0007307089981622994
72,blocks.2.attn.c_k.weight.buf,1048576,1049401,RAW,0.0005652919935528189
72,blocks.2.attn.c_v.weight.buf,1048576,1049401,RAW,0.0005799579957965761
72,blocks.2.attn.c_proj.weight.buf,1048576,1049401,RAW,0.0005601659941021353
72,blocks.2.mlp.c_fc.weight.buf,4194304,4196389,RAW,0.00200808301451616
72,blocks.2.mlp.c_proj.weight.buf,4194304,4195129,RAW,0.0019709579937625676
72,blocks.3.attn.c_q.weight.buf,1048576,1049401,RAW,0.00062037497991696
72,blocks.3.attn.c_k.weight.buf,1048576,1049401,RAW,0.0005076249944977462
72,blocks.3.attn.c_v.weight.buf,1048576,1049401,RAW,0.0005530419875867665
72,blocks.3.attn.c_proj.weight.buf,1048576,1049401,RAW,0.0005329159903340042
72,blocks.3.attn.ve_gate.weight.buf,512,1022,RAW,2.5667017325758934e-05
72,blocks.3.mlp.c_fc.weight.buf,4194304,4196389,RAW,0.0020995830127503723
72,blocks.3.mlp.c_proj.weight.buf,4194304,4195129,RAW,0.0019789159996435046
72,blocks.4.attn.c_q.weight.buf,1048576,1049401,RAW,0.000552416022401303
72,blocks.4.attn.c_k.weight.buf,1048576,1049401,RAW,0.0005518340039998293
72,blocks.4.attn.c_v.weight.buf,1048576,1049401,RAW,0.0005503330030478537
72,blocks.4.attn.c_proj.weight.buf,1048576,1049401,RAW,0.0005819579819217324
72,blocks.4.mlp.c_fc.weight.buf,4194304,4196389,RAW,0.0020275830174796283
72,blocks.4.mlp.c_proj.weight.buf,4194304,4195129,RAW,0.0020006659906357527
72,blocks.5.attn.c_q.weight.buf,1048576,1049401,RAW,0.001298749994020909
72,blocks.5.attn.c_k.weight.buf,1048576,1049401,RAW,0.0005763749941252172
72,blocks.5.attn.c_v.weight.buf,1048576,1049401,RAW,0.0005574579990934581
72,blocks.5.attn.c_proj.weight.buf,1048576,1049401,RAW,0.0005617919960059226
72,blocks.5.attn.ve_gate.weight.buf,512,1022,RAW,8.292001439258456e-06
72,blocks.5.mlp.c_fc.weight.buf,4194304,4196389,RAW,0.002283540990902111
72,blocks.5.mlp.c_proj.weight.buf,4194304,4195129,RAW,0.0021041249856352806
72,blocks.6.attn.c_q.weight.buf,1048576,1049401,RAW,0.0006198750052135438
72,blocks.6.attn.c_k.weight.buf,1048576,1049401,RAW,0.0006156659801490605
72,blocks.6.attn.c_v.weight.buf,1048576,1049401,RAW,0.0004874579899478704
72,blocks.6.attn.c_proj.weight.buf,1048576,1049401,RAW,0.0005586659826803952
72,blocks.6.mlp.c_fc.weight.buf,4194304,4196389,RAW,0.0020202080195304006
72,blocks.6.mlp.c_proj.weight.buf,4194304,4195129,RAW,0.002041583997197449
72,blocks.7.attn.c_q.weight.buf,1048576,1049401,RAW,0.0006020420114509761
72,blocks.7.attn.c_k.weight.buf,1048576,1049401,RAW,0.0005078340182080865
72,blocks.7.attn.c_v.weight.buf,1048576,1049401,RAW,0.000547624978935346
72,blocks.7.attn.c_proj.weight.buf,1048576,1049401,RAW,0.0005203750042710453
72,blocks.7.attn.ve_gate.weight.buf,512,1022,RAW,7.750000804662704e-06
72,blocks.7.mlp.c_fc.weight.buf,4194304,4196389,RAW,0.0020651660161092877
72,blocks.7.mlp.c_proj.weight.buf,4194304,4195129,RAW,0.001981083012651652
72,lm_head.weight.m,67108864,67136149,RAW,0.03803158400114626
72,lm_head.weight.v,67108864,67136149,RAW,0.037087832984980196
72,resid_lambdas.m,32,32,RAW_VECTOR,6.999995093792677e-06
72,resid_lambdas.v,32,32,RAW_VECTOR,1.2920063454657793e-06
72,x0_lambdas.m,32,32,RAW_VECTOR,1.834006980061531e-06
72,x0_lambdas.v,32,32,RAW_VECTOR,9.580107871443033e-07
72,value_embeds.1.weight.m,67108864,67136149,RAW,0.03831404200172983
72,value_embeds.1.weight.v,67108864,67136149,RAW,0.06262383298599161
72,value_embeds.3.weight.m,67108864,67136149,RAW,0.03724679199513048
72,value_embeds.3.weight.v,67108864,67136149,RAW,0.041980499983765185
72,value_embeds.5.weight.m,67108864,67136149,RAW,0.03752483398420736
72,value_embeds.5.weight.v,67108864,67136149,RAW,0.06949270798941143
72,value_embeds.7.weight.m,67108864,67136149,RAW,0.04666608301340602
72,value_embeds.7.weight.v,67108864,67136149,RAW,0.0415146249870304
73,wte.weight.m,67108864,67136149,RAW,0.041779041988775134
73,wte.weight.v,67108864,67136149,RAW,0.03973041698918678
73,blocks.0.attn.c_q.weight.buf,1048576,1049401,RAW,0.0006524999917019159
73,blocks.0.attn.c_k.weight.buf,1048576,1049401,RAW,0.0005804999964311719
73,blocks.0.attn.c_v.weight.buf,1048576,1049401,RAW,0.0005827499844599515
73,blocks.0.attn.c_proj.weight.buf,1048576,1049401,RAW,0.0005796659970656037
73,blocks.0.mlp.c_fc.weight.buf,4194304,4196389,RAW,0.0022380419832188636
73,blocks.0.mlp.c_proj.weight.buf,4194304,4195129,RAW,0.0021197499881964177
73,blocks.1.attn.c_q.weight.buf,1048576,1049401,RAW,0.0006263329996727407
73,blocks.1.attn.c_k.weight.buf,1048576,1049401,RAW,0.0005734580045100302
73,blocks.1.attn.c_v.weight.buf,1048576,1049401,RAW,0.0005828749854117632
73,blocks.1.attn.c_proj.weight.buf,1048576,1049401,RAW,0.0011074169888161123
73,blocks.1.attn.ve_gate.weight.buf,512,1022,RAW,4.195899236947298e-05
73,blocks.1.mlp.c_fc.weight.buf,4194304,4196389,RAW,0.0023141250130720437
73,blocks.1.mlp.c_proj.weight.buf,4194304,4195129,RAW,0.0021051670191809535
73,blocks.2.attn.c_q.weight.buf,1048576,1049401,RAW,0.0006359170074574649
73,blocks.2.attn.c_k.weight.buf,1048576,1049401,RAW,0.0005912499909754843
73,blocks.2.attn.c_v.weight.buf,1048576,1049401,RAW,0.0005962080031167716
73,blocks.2.attn.c_proj.weight.buf,1048576,1049401,RAW,0.000585292000323534
73,blocks.2.mlp.c_fc.weight.buf,4194304,4196389,RAW,0.0020673330000136048
73,blocks.2.mlp.c_proj.weight.buf,4194304,4195129,RAW,0.002067083987640217
73,blocks.3.attn.c_q.weight.buf,1048576,1049401,RAW,0.0006339579995255917
73,blocks.3.attn.c_k.weight.buf,1048576,1049401,RAW,0.0005723749927710742
73,blocks.3.attn.c_v.weight.buf,1048576,1049401,RAW,0.000571167009184137
73,blocks.3.attn.c_proj.weight.buf,1048576,1049401,RAW,0.000574042001971975
73,blocks.3.attn.ve_gate.weight.buf,512,1022,RAW,1.3417011359706521e-05
73,blocks.3.mlp.c_fc.weight.buf,4194304,4196389,RAW,0.002084125007968396
73,blocks.3.mlp.c_proj.weight.buf,4194304,4195129,RAW,0.002070624992484227
73,blocks.4.attn.c_q.weight.buf,1048576,1049401,RAW,0.000612083007581532
73,blocks.4.attn.c_k.weight.buf,1048576,1049401,RAW,0.000578417006181553
73,blocks.4.attn.c_v.weight.buf,1048576,1049401,RAW,0.0006038749997969717
73,blocks.4.attn.c_proj.weight.buf,1048576,1049401,RAW,0.0005729580007027835
73,blocks.4.mlp.c_fc.weight.buf,4194304,4196389,RAW,0.002101417019730434
73,blocks.4.mlp.c_proj.weight.buf,4194304,4195129,RAW,0.002990291017340496
73,blocks.5.attn.c_q.weight.buf,1048576,1049401,RAW,0.0006606249953620136
73,blocks.5.attn.c_k.weight.buf,1048576,1049401,RAW,0.0005827919812873006
73,blocks.5.attn.c_v.weight.buf,1048576,1049401,RAW,0.0005877499934285879
73,blocks.5.attn.c_proj.weight.buf,1048576,1049401,RAW,0.0006249999860301614
73,blocks.5.attn.ve_gate.weight.buf,512,1022,RAW,9.790994226932526e-06
73,blocks.5.mlp.c_fc.weight.buf,4194304,4196389,RAW,0.0020861250231973827
73,blocks.5.mlp.c_proj.weight.buf,4194304,4195129,RAW,0.002187207981478423
73,blocks.6.attn.c_q.weight.buf,1048576,1049401,RAW,0.0006219169881660491
73,blocks.6.attn.c_k.weight.buf,1048576,1049401,RAW,0.000573290977627039
73,blocks.6.attn.c_v.weight.buf,1048576,1049401,RAW,0.0005852089961990714
73,blocks.6.attn.c_proj.weight.buf,1048576,1049401,RAW,0.0005580420256592333
73,blocks.6.mlp.c_fc.weight.buf,4194304,4196389,RAW,0.0020477499929256737
73,blocks.6.mlp.c_proj.weight.buf,4194304,4195129,RAW,0.0020422910165507346
73,blocks.7.attn.c_q.weight.buf,1048576,1049401,RAW,0.0006478329887613654
73,blocks.7.attn.c_k.weight.buf,1048576,1049401,RAW,0.0005727910029236227
73,blocks.7.attn.c_v.weight.buf,1048576,1049401,RAW,0.000567915994906798
73,blocks.7.attn.c_proj.weight.buf,1048576,1049401,RAW,0.0005650000239256769
73,blocks.7.attn.ve_gate.weight.buf,512,1022,RAW,7.499998901039362e-06
73,blocks.7.mlp.c_fc.weight.buf,4194304,4196389,RAW,0.002086291991872713
73,blocks.7.mlp.c_proj.weight.buf,4194304,4195129,RAW,0.0020671249949373305
73,lm_head.weight.m,67108864,67136149,RAW,0.038976832991465926
73,lm_head.weight.v,67108864,67136149,RAW,0.055479499977082014
73,resid_lambdas.m,32,32,RAW_VECTOR,4.6660134103149176e-06
73,resid_lambdas.v,32,32,RAW_VECTOR,1.4160177670419216e-06
73,x0_lambdas.m,32,32,RAW_VECTOR,1.0420044418424368e-06
73,x0_lambdas.v,32,32,RAW_VECTOR,2.92027834802866e-07
73,value_embeds.1.weight.m,67108864,67136149,RAW,0.03576595798949711
73,value_embeds.1.weight.v,67108864,67136149,RAW,0.045556875003967434
73,value_embeds.3.weight.m,67108864,67136149,RAW,0.03760650000185706
73,value_embeds.3.weight.v,67108864,67136149,RAW,0.04221537499688566
73,value_embeds.5.weight.m,67108864,67136149,RAW,0.035443208005744964
73,value_embeds.5.weight.v,67108864,67136149,RAW,0.0425364579714369
73,value_embeds.7.weight.m,67108864,67136149,RAW,0.03537804100778885
73,value_embeds.7.weight.v,67108864,67136149,RAW,0.04290191599284299
74,wte.weight.m,67108864,67136149,RAW,0.03791233300580643
74,wte.weight.v,67108864,67136149,RAW,0.03223895898554474
74,blocks.0.attn.c_q.weight.buf,1048576,1049401,RAW,0.00107533298432827
74,blocks.0.attn.c_k.weight.buf,1048576,1049401,RAW,0.0005772080039605498
74,blocks.0.attn.c_v.weight.buf,1048576,1049401,RAW,0.0005604999896604568
74,blocks.0.attn.c_proj.weight.buf,1048576,1049401,RAW,0.0005674170097336173
74,blocks.0.mlp.c_fc.weight.buf,4194304,4196389,RAW,0.002275959006510675
74,blocks.0.mlp.c_proj.weight.buf,4194304,4195129,RAW,0.001973667007405311
74,blocks.1.attn.c_q.weight.buf,1048576,1049401,RAW,0.0005884999991394579
74,blocks.1.attn.c_k.weight.buf,1048576,1049401,RAW,0.0006064169865567237
74,blocks.1.attn.c_v.weight.buf,1048576,1049401,RAW,0.0005466660077217966
74,blocks.1.attn.c_proj.weight.buf,1048576,1049401,RAW,0.0005319170013535768
74,blocks.1.attn.ve_gate.weight.buf,512,1022,RAW,7.95899541117251e-06
74,blocks.1.mlp.c_fc.weight.buf,4194304,4196389,RAW,0.002022583008510992
74,blocks.1.mlp.c_proj.weight.buf,4194304,4195129,RAW,0.002093707997119054
74,blocks.2.attn.c_q.weight.buf,1048576,1049401,RAW,0.0006496669957414269
74,blocks.2.attn.c_k.weight.buf,1048576,1049401,RAW,0.0005678750167135149
74,blocks.2.attn.c_v.weight.buf,1048576,1049401,RAW,0.0005592500092461705
74,blocks.2.attn.c_proj.weight.buf,1048576,1049401,RAW,0.0005347080004867166
74,blocks.2.mlp.c_fc.weight.buf,4194304,4196389,RAW,0.0021000829874537885
74,blocks.2.mlp.c_proj.weight.buf,4194304,4195129,RAW,0.001978625019546598
74,blocks.3.attn.c_q.weight.buf,1048576,1049401,RAW,0.0006145000224933028
74,blocks.3.attn.c_k.weight.buf,1048576,1049401,RAW,0.0005683329945895821
74,blocks.3.attn.c_v.weight.buf,1048576,1049401,RAW,0.023072624986525625
74,blocks.3.attn.c_proj.weight.buf,1048576,1049401,RAW,0.0006539160094689578
74,blocks.3.attn.ve_gate.weight.buf,512,1022,RAW,8.542003342881799e-06
74,blocks.3.mlp.c_fc.weight.buf,4194304,4196389,RAW,0.0022703750000800937
74,blocks.3.mlp.c_proj.weight.buf,4194304,4195129,RAW,0.0019949159759562463
74,blocks.4.attn.c_q.weight.buf,1048576,1049401,RAW,0.0007022909994702786
74,blocks.4.attn.c_k.weight.buf,1048576,1049401,RAW,0.0006347919988911599
74,blocks.4.attn.c_v.weight.buf,1048576,1049401,RAW,0.0005519589758478105
74,blocks.4.attn.c_proj.weight.buf,1048576,1049401,RAW,0.0005430410092230886
74,blocks.4.mlp.c_fc.weight.buf,4194304,4196389,RAW,0.0021219999762251973
74,blocks.4.mlp.c_proj.weight.buf,4194304,4195129,RAW,0.001969542005099356
74,blocks.5.attn.c_q.weight.buf,1048576,1049401,RAW,0.0006274589977692813
74,blocks.5.attn.c_k.weight.buf,1048576,1049401,RAW,0.0005569169879890978
74,blocks.5.attn.c_v.weight.buf,1048576,1049401,RAW,0.0005664580094162375
74,blocks.5.attn.c_proj.weight.buf,1048576,1049401,RAW,0.0005435830098576844
74,blocks.5.attn.ve_gate.weight.buf,512,1022,RAW,7.291993824765086e-06
74,blocks.5.mlp.c_fc.weight.buf,4194304,4196389,RAW,0.0020006250124424696
74,blocks.5.mlp.c_proj.weight.buf,4194304,4195129,RAW,0.0020579160191118717
74,blocks.6.attn.c_q.weight.buf,1048576,1049401,RAW,0.0006220419891178608
74,blocks.6.attn.c_k.weight.buf,1048576,1049401,RAW,0.0005452090117614716
74,blocks.6.attn.c_v.weight.buf,1048576,1049401,RAW,0.0005968339974060655
74,blocks.6.attn.c_proj.weight.buf,1048576,1049401,RAW,0.0005795839824713767
74,blocks.6.mlp.c_fc.weight.buf,4194304,4196389,RAW,0.02358891599578783
74,blocks.6.mlp.c_proj.weight.buf,4194304,4195129,RAW,0.00237950001610443
74,blocks.7.attn.c_q.weight.buf,1048576,1049401,RAW,0.0006624160159844905
74,blocks.7.attn.c_k.weight.buf,1048576,1049401,RAW,0.0005528750189114362
74,blocks.7.attn.c_v.weight.buf,1048576,1049401,RAW,0.0005623750039376318
74,blocks.7.attn.c_proj.weight.buf,1048576,1049401,RAW,0.0005567919870372862
74,blocks.7.attn.ve_gate.weight.buf,512,1022,RAW,8.457980584353209e-06
74,blocks.7.mlp.c_fc.weight.buf,4194304,4196389,RAW,0.0021246249962132424
74,blocks.7.mlp.c_proj.weight.buf,4194304,4195129,RAW,0.002017332997638732
74,lm_head.weight.m,67108864,67136149,RAW,0.049429125007009134
74,lm_head.weight.v,67108864,67136149,RAW,0.03888970799744129
74,resid_lambdas.m,32,32,RAW_VECTOR,1.0541989468038082e-05
74,resid_lambdas.v,32,32,RAW_VECTOR,1.2920063454657793e-06
74,x0_lambdas.m,32,32,RAW_VECTOR,2.333021257072687e-06
74,x0_lambdas.v,32,32,RAW_VECTOR,8.750066626816988e-07
74,value_embeds.1.weight.m,67108864,67136149,RAW,0.03596404200652614
74,value_embeds.1.weight.v,67108864,67136149,RAW,0.038484791992232203
74,value_embeds.3.weight.m,67108864,67136149,RAW,0.036491792008746415
74,value_embeds.3.weight.v,67108864,67136149,RAW,0.038464542012661695
74,value_embeds.5.weight.m,67108864,67136149,RAW,0.038612541975453496
74,value_embeds.5.weight.v,67108864,67136149,RAW,0.039115833991672844
74,value_embeds.7.weight.m,67108864,67136149,RAW,0.06327129199053161
74,value_embeds.7.weight.v,67108864,67136149,RAW,0.041885708982590586
75,wte.weight.m,67108864,67136149,RAW,0.041073208005400375
75,wte.weight.v,67108864,67136149,RAW,0.056825082981958985
75,blocks.0.attn.c_q.weight.buf,1048576,1049401,RAW,0.0007997500069905072
75,blocks.0.attn.c_k.weight.buf,1048576,1049401,RAW,0.0006468330102507025
75,blocks.0.attn.c_v.weight.buf,1048576,1049401,RAW,0.000642833998426795
75,blocks.0.attn.c_proj.weight.buf,1048576,1049401,RAW,0.0006304589915089309
75,blocks.0.mlp.c_fc.weight.buf,4194304,4196389,RAW,0.002391582995187491
75,blocks.0.mlp.c_proj.weight.buf,4194304,4195129,RAW,0.002148125000530854
75,blocks.1.attn.c_q.weight.buf,1048576,1049401,RAW,0.00062766601331532
75,blocks.1.attn.c_k.weight.buf,1048576,1049401,RAW,0.0005763329972978681
75,blocks.1.attn.c_v.weight.buf,1048576,1049401,RAW,0.0005666659853886813
75,blocks.1.attn.c_proj.weight.buf,1048576,1049401,RAW,0.000567207986023277
75,blocks.1.attn.ve_gate.weight.buf,512,1022,RAW,8.66700429469347e-06
75,blocks.1.mlp.c_fc.weight.buf,4194304,4196389,RAW,0.0021520410082302988
75,blocks.1.mlp.c_proj.weight.buf,4194304,4195129,RAW,0.0021857079991605133
75,blocks.2.attn.c_q.weight.buf,1048576,1049401,RAW,0.0006909170188009739
75,blocks.2.attn.c_k.weight.buf,1048576,1049401,RAW,0.0006125000072643161
75,blocks.2.attn.c_v.weight.buf,1048576,1049401,RAW,0.0005692499980796129
75,blocks.2.attn.c_proj.weight.buf,1048576,1049401,RAW,0.0005912499909754843
75,blocks.2.mlp.c_fc.weight.buf,4194304,4196389,RAW,0.0020559169934131205
75,blocks.2.mlp.c_proj.weight.buf,4194304,4195129,RAW,0.0021687920088879764
75,blocks.3.attn.c_q.weight.buf,1048576,1049401,RAW,0.0006335840153042227
75,blocks.3.attn.c_k.weight.buf,1048576,1049401,RAW,0.0013896659947931767
75,blocks.3.attn.c_v.weight.buf,1048576,1049401,RAW,0.0006360000115819275
75,blocks.3.attn.c_proj.weight.buf,1048576,1049401,RAW,0.0006306249997578561
75,blocks.3.attn.ve_gate.weight.buf,512,1022,RAW,8.54101381264627e-06
75,blocks.3.mlp.c_fc.weight.buf,4194304,4196389,RAW,0.002750416984781623
75,blocks.3.mlp.c_proj.weight.buf,4194304,4195129,RAW,0.0021653330186381936
75,blocks.4.attn.c_q.weight.buf,1048576,1049401,RAW,0.000613874988630414
75,blocks.4.attn.c_k.weight.buf,1048576,1049401,RAW,0.0005636670102830976
75,blocks.4.attn.c_v.weight.buf,1048576,1049401,RAW,0.0005683340132236481
75,blocks.4.attn.c_proj.weight.buf,1048576,1049401,RAW,0.000592124997638166
75,blocks.4.mlp.c_fc.weight.buf,4194304,4196389,RAW,0.002103209000779316
75,blocks.4.mlp.c_proj.weight.buf,4194304,4195129,RAW,0.002110667002853006
75,blocks.5.attn.c_q.weight.buf,1048576,1049401,RAW,0.0006517079891636968
75,blocks.5.attn.c_k.weight.buf,1048576,1049401,RAW,0.0006025839829817414
75,blocks.5.attn.c_v.weight.buf,1048576,1049401,RAW,0.0005946250166743994
75,blocks.5.attn.c_proj.weight.buf,1048576,1049401,RAW,0.0005715829902328551
75,blocks.5.attn.ve_gate.weight.buf,512,1022,RAW,7.5830030255019665e-06
75,blocks.5.mlp.c_fc.weight.buf,4194304,4196389,RAW,0.0020511669863481075
75,blocks.5.mlp.c_proj.weight.buf,4194304,4195129,RAW,0.0022155419865157455
75,blocks.6.attn.c_q.weight.buf,1048576,1049401,RAW,0.0006695420015603304
75,blocks.6.attn.c_k.weight.buf,1048576,1049401,RAW,0.0005919590184930712
75,blocks.6.attn.c_v.weight.buf,1048576,1049401,RAW,0.0006125000072643161
75,blocks.6.attn.c_proj.weight.buf,1048576,1049401,RAW,0.0015585410001222044
75,blocks.6.mlp.c_fc.weight.buf,4194304,4196389,RAW,0.002414750022580847
75,blocks.6.mlp.c_proj.weight.buf,4194304,4195129,RAW,0.002219791989773512
75,blocks.7.attn.c_q.weight.buf,1048576,1049401,RAW,0.0006739579839631915
75,blocks.7.attn.c_k.weight.buf,1048576,1049401,RAW,0.0005924169963691384
75,blocks.7.attn.c_v.weight.buf,1048576,1049401,RAW,0.024433874990791082
75,blocks.7.attn.c_proj.weight.buf,1048576,1049401,RAW,0.0005749170086346567
75,blocks.7.attn.ve_gate.weight.buf,512,1022,RAW,1.1791998986154795e-05
75,blocks.7.mlp.c_fc.weight.buf,4194304,4196389,RAW,0.0022749170020688325
75,blocks.7.mlp.c_proj.weight.buf,4194304,4195129,RAW,0.0021490840008482337
75,lm_head.weight.m,67108864,67136149,RAW,0.04350279102800414
75,lm_head.weight.v,67108864,67136149,RAW,0.04142204101663083
75,resid_lambdas.m,32,32,RAW_VECTOR,4.958012141287327e-06
75,resid_lambdas.v,32,32,RAW_VECTOR,4.169996827840805e-07
75,x0_lambdas.m,32,32,RAW_VECTOR,1.1250085663050413e-06
75,x0_lambdas.v,32,32,RAW_VECTOR,2.9199873097240925e-07
75,value_embeds.1.weight.m,67108864,67136149,RAW,0.0630605419864878
75,value_embeds.1.weight.v,67108864,67136149,RAW,0.03629804201773368
75,value_embeds.3.weight.m,67108864,67136149,RAW,0.042873291997238994
75,value_embeds.3.weight.v,67108864,67136149,RAW,0.038694791990565136
75,value_embeds.5.weight.m,67108864,67136149,RAW,0.03915983298793435
75,value_embeds.5.weight.v,67108864,67136149,RAW,0.06305754199274816
75,value_embeds.7.weight.m,67108864,67136149,RAW,0.04476437502307817
75,value_embeds.7.weight.v,67108864,67136149,RAW,0.04768745900946669
76,wte.weight.m,67108864,67136149,RAW,0.04588933300692588
76,wte.weight.v,67108864,67136149,RAW,0.03920620898134075
76,blocks.0.attn.c_q.weight.buf,1048576,1049401,RAW,0.0007056249887682498
76,blocks.0.attn.c_k.weight.buf,1048576,1049401,RAW,0.0005705410148948431
76,blocks.0.attn.c_v.weight.buf,1048576,1049401,RAW,0.000539333006599918
76,blocks.0.attn.c_proj.weight.buf,1048576,1049401,RAW,0.0005390000005718321
76,blocks.0.mlp.c_fc.weight.buf,4194304,4196389,RAW,0.002226834010798484
76,blocks.0.mlp.c_proj.weight.buf,4194304,4195129,RAW,0.0019720830023288727
76,blocks.1.attn.c_q.weight.buf,1048576,1049401,RAW,0.0006510830135084689
76,blocks.1.attn.c_k.weight.buf,1048576,1049401,RAW,0.0006028749921824783
76,blocks.1.attn.c_v.weight.buf,1048576,1049401,RAW,0.0005712080164812505
76,blocks.1.attn.c_proj.weight.buf,1048576,1049401,RAW,0.0005560000136028975
76,blocks.1.attn.ve_gate.weight.buf,512,1022,RAW,0.0001232089998666197
76,blocks.1.mlp.c_fc.weight.buf,4194304,4196389,RAW,0.0023569170152768493
76,blocks.1.mlp.c_proj.weight.buf,4194304,4195129,RAW,0.0023139999830164015
76,blocks.2.attn.c_q.weight.buf,1048576,1049401,RAW,0.0006165829836390913
76,blocks.2.attn.c_k.weight.buf,1048576,1049401,RAW,0.0005799170176032931
76,blocks.2.attn.c_v.weight.buf,1048576,1049401,RAW,0.0005764160014223307
76,blocks.2.attn.c_proj.weight.buf,1048576,1049401,RAW,0.0005282080092001706
76,blocks.2.mlp.c_fc.weight.buf,4194304,4196389,RAW,0.0020625409961212426
76,blocks.2.mlp.c_proj.weight.buf,4194304,4195129,RAW,0.002013334014918655
76,blocks.3.attn.c_q.weight.buf,1048576,1049401,RAW,0.0006317080114968121
76,blocks.3.attn.c_k.weight.buf,1048576,1049401,RAW,0.0005602919845841825
76,blocks.3.attn.c_v.weight.buf,1048576,1049401,RAW,0.0005552500078920275
76,blocks.3.attn.c_proj.weight.buf,1048576,1049401,RAW,0.0005751249846071005
76,blocks.3.attn.ve_gate.weight.buf,512,1022,RAW,2.1875021047890186e-05
76,blocks.3.mlp.c_fc.weight.buf,4194304,4196389,RAW,0.002138250012649223
76,blocks.3.mlp.c_proj.weight.buf,4194304,4195129,RAW,0.0019910410046577454
76,blocks.4.attn.c_q.weight.buf,1048576,1049401,RAW,0.0006197500042617321
76,blocks.4.attn.c_k.weight.buf,1048576,1049401,RAW,0.0005607499915640801
76,blocks.4.attn.c_v.weight.buf,1048576,1049401,RAW,0.0005356250039767474
76,blocks.4.attn.c_proj.weight.buf,1048576,1049401,RAW,0.0005237919976934791
76,blocks.4.mlp.c_fc.weight.buf,4194304,4196389,RAW,0.0020420000073499978
76,blocks.4.mlp.c_proj.weight.buf,4194304,4195129,RAW,0.0019277090032119304
76,blocks.5.attn.c_q.weight.buf,1048576,1049401,RAW,0.023220957984449342
76,blocks.5.attn.c_k.weight.buf,1048576,1049401,RAW,0.0006379580008797348
76,blocks.5.attn.c_v.weight.buf,1048576,1049401,RAW,0.0005647499929182231
76,blocks.5.attn.c_proj.weight.buf,1048576,1049401,RAW,0.0005676249857060611
76,blocks.5.attn.ve_gate.weight.buf,512,1022,RAW,9.083014447242022e-06
76,blocks.5.mlp.c_fc.weight.buf,4194304,4196389,RAW,0.0022821659804321826
76,blocks.5.mlp.c_proj.weight.buf,4194304,4195129,RAW,0.002098625001963228
76,blocks.6.attn.c_q.weight.buf,1048576,1049401,RAW,0.0006073340191505849
76,blocks.6.attn.c_k.weight.buf,1048576,1049401,RAW,0.00055233298917301
76,blocks.6.attn.c_v.weight.buf,1048576,1049401,RAW,0.0005930000043008476
76,blocks.6.attn.c_proj.weight.buf,1048576,1049401,RAW,0.0005403330142144114
76,blocks.6.mlp.c_fc.weight.buf,4194304,4196389,RAW,0.0020234160183463246
76,blocks.6.mlp.c_proj.weight.buf,4194304,4195129,RAW,0.0019725000020116568
76,blocks.7.attn.c_q.weight.buf,1048576,1049401,RAW,0.0005973329825792462
76,blocks.7.attn.c_k.weight.buf,1048576,1049401,RAW,0.0005315000016707927
76,blocks.7.attn.c_v.weight.buf,1048576,1049401,RAW,0.0005487920134328306
76,blocks.7.attn.c_proj.weight.buf,1048576,1049401,RAW,0.0005678330198861659
76,blocks.7.attn.ve_gate.weight.buf,512,1022,RAW,7.750000804662704e-06
76,blocks.7.mlp.c_fc.weight.buf,4194304,4196389,RAW,0.0021057080011814833
76,blocks.7.mlp.c_proj.weight.buf,4194304,4195129,RAW,0.0020054159977007657
76,lm_head.weight.m,67108864,67136149,RAW,0.038318665989208966
76,lm_head.weight.v,67108864,67136149,RAW,0.054767916997661814
76,resid_lambdas.m,32,32,RAW_VECTOR,6.000016583129764e-06
76,resid_lambdas.v,32,32,RAW_VECTOR,1.500011421740055e-06
76,x0_lambdas.m,32,32,RAW_VECTOR,1.374981366097927e-06
76,x0_lambdas.v,32,32,RAW_VECTOR,5.420006345957518e-07
76,value_embeds.1.weight.m,67108864,67136149,RAW,0.03498649998800829
76,value_embeds.1.weight.v,67108864,67136149,RAW,0.03829624998616055
76,value_embeds.3.weight.m,67108864,67136149,RAW,0.035244832979515195
76,value_embeds.3.weight.v,67108864,67136149,RAW,0.04017029202077538
76,value_embeds.5.weight.m,67108864,67136149,RAW,0.03486395798972808
76,value_embeds.5.weight.v,67108864,67136149,RAW,0.04295762500260025
76,value_embeds.7.weight.m,67108864,67136149,RAW,0.034925042011309415
76,value_embeds.7.weight.v,67108864,67136149,RAW,0.042712666996521875
77,wte.weight.m,67108864,67136149,RAW,0.0602254580007866
77,wte.weight.v,67108864,67136149,RAW,0.04142399999545887
77,blocks.0.attn.c_q.weight.buf,1048576,1049401,RAW,0.0007476659957319498
77,blocks.0.attn.c_k.weight.buf,1048576,1049401,RAW,0.0006556670123245567
77,blocks.0.attn.c_v.weight.buf,1048576,1049401,RAW,0.0006142909987829626
77,blocks.0.attn.c_proj.weight.buf,1048576,1049401,RAW,0.0006058750150259584
77,blocks.0.mlp.c_fc.weight.buf,4194304,4196389,RAW,0.002420167002128437
77,blocks.0.mlp.c_proj.weight.buf,4194304,4195129,RAW,0.0021704999962821603
77,blocks.1.attn.c_q.weight.buf,1048576,1049401,RAW,0.0005970420024823397
77,blocks.1.attn.c_k.weight.buf,1048576,1049401,RAW,0.0006290000164881349
77,blocks.1.attn.c_v.weight.buf,1048576,1049401,RAW,0.0006123339990153909
77,blocks.1.attn.c_proj.weight.buf,1048576,1049401,RAW,0.0013422500051092356
77,blocks.1.attn.ve_gate.weight.buf,512,1022,RAW,2.8583017410710454e-05
77,blocks.1.mlp.c_fc.weight.buf,4194304,4196389,RAW,0.0027135419950354844
77,blocks.1.mlp.c_proj.weight.buf,4194304,4195129,RAW,0.002208791993325576
77,blocks.2.attn.c_q.weight.buf,1048576,1049401,RAW,0.0006797920214012265
77,blocks.2.attn.c_k.weight.buf,1048576,1049401,RAW,0.0006292080215644091
77,blocks.2.attn.c_v.weight.buf,1048576,1049401,RAW,0.0006312080076895654
77,blocks.2.attn.c_proj.weight.buf,1048576,1049401,RAW,0.00064504100009799
77,blocks.2.mlp.c_fc.weight.buf,4194304,4196389,RAW,0.002179582981625572
77,blocks.2.mlp.c_proj.weight.buf,4194304,4195129,RAW,0.0021272920130286366
77,blocks.3.attn.c_q.weight.buf,1048576,1049401,RAW,0.0006036249978933483
77,blocks.3.attn.c_k.weight.buf,1048576,1049401,RAW,0.0005877920193597674
77,blocks.3.attn.c_v.weight.buf,1048576,1049401,RAW,0.0006469590007327497
77,blocks.3.attn.c_proj.weight.buf,1048576,1049401,RAW,0.000601916981395334
77,blocks.3.attn.ve_gate.weight.buf,512,1022,RAW,1.8749997252598405e-05
77,blocks.3.mlp.c_fc.weight.buf,4194304,4196389,RAW,0.0022025420039426535
77,blocks.3.mlp.c_proj.weight.buf,4194304,4195129,RAW,0.002052041993010789
77,blocks.4.attn.c_q.weight.buf,1048576,1049401,RAW,0.0005677090084645897
77,blocks.4.attn.c_k.weight.buf,1048576,1049401,RAW,0.0006083750049583614
77,blocks.4.attn.c_v.weight.buf,1048576,1049401,RAW,0.0005578750278800726
77,blocks.4.attn.c_proj.weight.buf,1048576,1049401,RAW,0.0005650829989463091
77,blocks.4.mlp.c_fc.weight.buf,4194304,4196389,RAW,0.002140750002581626
77,blocks.4.mlp.c_proj.weight.buf,4194304,4195129,RAW,0.002015792008023709
77,blocks.5.attn.c_q.weight.buf,1048576,1049401,RAW,0.0005652499967254698
77,blocks.5.attn.c_k.weight.buf,1048576,1049401,RAW,0.0005571249930653721
77,blocks.5.attn.c_v.weight.buf,1048576,1049401,RAW,0.02297800002270378
77,blocks.5.attn.c_proj.weight.buf,1048576,1049401,RAW,0.000688833009917289
77,blocks.5.attn.ve_gate.weight.buf,512,1022,RAW,1.029198756441474e-05
77,blocks.5.mlp.c_fc.weight.buf,4194304,4196389,RAW,0.002387582993833348
77,blocks.5.mlp.c_proj.weight.buf,4194304,4195129,RAW,0.002348707988858223
77,blocks.6.attn.c_q.weight.buf,1048576,1049401,RAW,0.0007071250001899898
77,blocks.6.attn.c_k.weight.buf,1048576,1049401,RAW,0.0006092919793445617
77,blocks.6.attn.c_v.weight.buf,1048576,1049401,RAW,0.0005651660030707717
77,blocks.6.attn.c_proj.weight.buf,1048576,1049401,RAW,0.0005785420071333647
77,blocks.6.mlp.c_fc.weight.buf,4194304,4196389,RAW,0.0020960420079063624
77,blocks.6.mlp.c_proj.weight.buf,4194304,4195129,RAW,0.0020877499773632735
77,blocks.7.attn.c_q.weight.buf,1048576,1049401,RAW,0.000607333000516519
77,blocks.7.attn.c_k.weight.buf,1048576,1049401,RAW,0.0005706670053768903
77,blocks.7.attn.c_v.weight.buf,1048576,1049401,RAW,0.0005626250058412552
77,blocks.7.attn.c_proj.weight.buf,1048576,1049401,RAW,0.0005858330114278942
77,blocks.7.attn.ve_gate.weight.buf,512,1022,RAW,7.750000804662704e-06
77,blocks.7.mlp.c_fc.weight.buf,4194304,4196389,RAW,0.002076624979963526
77,blocks.7.mlp.c_proj.weight.buf,4194304,4195129,RAW,0.002081834012642503
77,lm_head.weight.m,67108864,67136149,RAW,0.04096425001625903
77,lm_head.weight.v,67108864,67136149,RAW,0.03299941701698117
77,resid_lambdas.m,32,32,RAW_VECTOR,7.167021976783872e-06
77,resid_lambdas.v,32,32,RAW_VECTOR,7.080088835209608e-07
77,x0_lambdas.m,32,32,RAW_VECTOR,1.4625024050474167e-05
77,x0_lambdas.v,32,32,RAW_VECTOR,3.3329997677356005e-06
77,value_embeds.1.weight.m,67108864,67136149,RAW,0.03573875001166016
77,value_embeds.1.weight.v,67108864,67136149,RAW,0.041111874976195395
77,value_embeds.3.weight.m,67108864,67136149,RAW,0.03783004198339768
77,value_embeds.3.weight.v,67108864,67136149,RAW,0.042853041988564655
77,value_embeds.5.weight.m,67108864,67136149,RAW,0.03562812498421408
77,value_embeds.5.weight.v,67108864,67136149,RAW,0.039706457988359034
77,value_embeds.7.weight.m,67108864,67136149,RAW,0.03592145800939761
77,value_embeds.7.weight.v,67108864,67136149,RAW,0.04221720801433548
78,wte.weight.m,67108864,67136149,RAW,0.036187499994412065
78,wte.weight.v,67108864,67136149,RAW,0.060051333013689145
78,blocks.0.attn.c_q.weight.buf,1048576,1049401,RAW,0.0006571669946424663
78,blocks.0.attn.c_k.weight.buf,1048576,1049401,RAW,0.0005801670195069164
78,blocks.0.attn.c_v.weight.buf,1048576,1049401,RAW,0.000601250008912757
78,blocks.0.attn.c_proj.weight.buf,1048576,1049401,RAW,0.0006100829923525453
78,blocks.0.mlp.c_fc.weight.buf,4194304,4196389,RAW,0.0023167500039562583
78,blocks.0.mlp.c_proj.weight.buf,4194304,4195129,RAW,0.0020530839974526316
78,blocks.1.attn.c_q.weight.buf,1048576,1049401,RAW,0.0006425839965231717
78,blocks.1.attn.c_k.weight.buf,1048576,1049401,RAW,0.0005757909966632724
78,blocks.1.attn.c_v.weight.buf,1048576,1049401,RAW,0.02425941702676937
78,blocks.1.attn.c_proj.weight.buf,1048576,1049401,RAW,0.0007050420099403709
78,blocks.1.attn.ve_gate.weight.buf,512,1022,RAW,1.0624993592500687e-05
78,blocks.1.mlp.c_fc.weight.buf,4194304,4196389,RAW,0.0023188749910332263
78,blocks.1.mlp.c_proj.weight.buf,4194304,4195129,RAW,0.002208916994277388
78,blocks.2.attn.c_q.weight.buf,1048576,1049401,RAW,0.0013049999834038317
78,blocks.2.attn.c_k.weight.buf,1048576,1049401,RAW,0.0006191669963300228
78,blocks.2.attn.c_v.weight.buf,1048576,1049401,RAW,0.0005982090078759938
78,blocks.2.attn.c_proj.weight.buf,1048576,1049401,RAW,0.0006376249948516488
78,blocks.2.mlp.c_fc.weight.buf,4194304,4196389,RAW,0.0023694589908700436
78,blocks.2.mlp.c_proj.weight.buf,4194304,4195129,RAW,0.002153499983251095
78,blocks.3.attn.c_q.weight.buf,1048576,1049401,RAW,0.0006832079961895943
78,blocks.3.attn.c_k.weight.buf,1048576,1049401,RAW,0.0007297920237760991
78,blocks.3.attn.c_v.weight.buf,1048576,1049401,RAW,0.0005913330242037773
78,blocks.3.attn.c_proj.weight.buf,1048576,1049401,RAW,0.0005849580047652125
78,blocks.3.attn.ve_gate.weight.buf,512,1022,RAW,9.292009053751826e-06
78,blocks.3.mlp.c_fc.weight.buf,4194304,4196389,RAW,0.002138832991477102
78,blocks.3.mlp.c_proj.weight.buf,4194304,4195129,RAW,0.00225499999942258
78,blocks.4.attn.c_q.weight.buf,1048576,1049401,RAW,0.000652625021757558
78,blocks.4.attn.c_k.weight.buf,1048576,1049401,RAW,0.0005912500200793147
78,blocks.4.attn.c_v.weight.buf,1048576,1049401,RAW,0.0005855000053998083
78,blocks.4.attn.c_proj.weight.buf,1048576,1049401,RAW,0.0013447919918689877
78,blocks.4.mlp.c_fc.weight.buf,4194304,4196389,RAW,0.00232583298929967
78,blocks.4.mlp.c_proj.weight.buf,4194304,4195129,RAW,0.002233292005257681
78,blocks.5.attn.c_q.weight.buf,1048576,1049401,RAW,0.0006420830031856894
78,blocks.5.attn.c_k.weight.buf,1048576,1049401,RAW,0.0005828750145155936
78,blocks.5.attn.c_v.weight.buf,1048576,1049401,RAW,0.000572292017750442
78,blocks.5.attn.c_proj.weight.buf,1048576,1049401,RAW,0.0005829999863635749
78,blocks.5.attn.ve_gate.weight.buf,512,1022,RAW,9.542010957375169e-06
78,blocks.5.mlp.c_fc.weight.buf,4194304,4196389,RAW,0.0021258339984342456
78,blocks.5.mlp.c_proj.weight.buf,4194304,4195129,RAW,0.002142040990293026
78,blocks.6.attn.c_q.weight.buf,1048576,1049401,RAW,0.0006599579937756062
78,blocks.6.attn.c_k.weight.buf,1048576,1049401,RAW,0.0005844999977853149
78,blocks.6.attn.c_v.weight.buf,1048576,1049401,RAW,0.0005677079898305237
78,blocks.6.attn.c_proj.weight.buf,1048576,1049401,RAW,0.0005718749889638275
78,blocks.6.mlp.c_fc.weight.buf,4194304,4196389,RAW,0.002104667015373707
78,blocks.6.mlp.c_proj.weight.buf,4194304,4195129,RAW,0.0020965419826097786
78,blocks.7.attn.c_q.weight.buf,1048576,1049401,RAW,0.0006128750101197511
78,blocks.7.attn.c_k.weight.buf,1048576,1049401,RAW,0.0005729999975301325
78,blocks.7.attn.c_v.weight.buf,1048576,1049401,RAW,0.0006223340169526637
78,blocks.7.attn.c_proj.weight.buf,1048576,1049401,RAW,0.000574040983337909
78,blocks.7.attn.ve_gate.weight.buf,512,1022,RAW,1.0624993592500687e-05
78,blocks.7.mlp.c_fc.weight.buf,4194304,4196389,RAW,0.02472708298591897
78,blocks.7.mlp.c_proj.weight.buf,4194304,4195129,RAW,0.0023221250157803297
78,lm_head.weight.m,67108864,67136149,RAW,0.034420042007695884
78,lm_head.weight.v,67108864,67136149,RAW,0.03335758301545866
78,resid_lambdas.m,32,32,RAW_VECTOR,4.082976374775171e-06
78,resid_lambdas.v,32,32,RAW_VECTOR,5.00003807246685e-07
78,x0_lambdas.m,32,32,RAW_VECTOR,1.0829826351255178e-06
78,x0_lambdas.v,32,32,RAW_VECTOR,4.580069798976183e-07
78,value_embeds.1.weight.m,67108864,67136149,RAW,0.03519850000157021
78,value_embeds.1.weight.v,67108864,67136149,RAW,0.03296700000646524
78,value_embeds.3.weight.m,67108864,67136149,RAW,0.0346029170032125
78,value_embeds.3.weight.v,67108864,67136149,RAW,0.037984958005836233
78,value_embeds.5.weight.m,67108864,67136149,RAW,0.0357427500130143
78,value_embeds.5.weight.v,67108864,67136149,RAW,0.03673562497715466
78,value_embeds.7.weight.m,67108864,67136149,RAW,0.03520524999476038
78,value_embeds.7.weight.v,67108864,67136149,RAW,0.043265540996799245
79,wte.weight.m,67108864,67136149,RAW,0.03654291600105353
79,wte.weight.v,67108864,67136149,RAW,0.06723783299094066
79,blocks.0.attn.c_q.weight.buf,1048576,1049401,RAW,0.0006914160039741546
79,blocks.0.attn.c_k.weight.buf,1048576,1049401,RAW,0.0006189999985508621
79,blocks.0.attn.c_v.weight.buf,1048576,1049401,RAW,0.0006090830138418823
79,blocks.0.attn.c_proj.weight.buf,1048576,1049401,RAW,0.000607333000516519
79,blocks.0.mlp.c_fc.weight.buf,4194304,4196389,RAW,0.0024136669817380607
79,blocks.0.mlp.c_proj.weight.buf,4194304,4195129,RAW,0.002098208002280444
79,blocks.1.attn.c_q.weight.buf,1048576,1049401,RAW,0.0006958330050110817
79,blocks.1.attn.c_k.weight.buf,1048576,1049401,RAW,0.0006385000015143305
79,blocks.1.attn.c_v.weight.buf,1048576,1049401,RAW,0.0006032090168446302
79,blocks.1.attn.c_proj.weight.buf,1048576,1049401,RAW,0.0005933330103289336
79,blocks.1.attn.ve_gate.weight.buf,512,1022,RAW,1.8000020645558834e-05
79,blocks.1.mlp.c_fc.weight.buf,4194304,4196389,RAW,0.0021618750179186463
79,blocks.1.mlp.c_proj.weight.buf,4194304,4195129,RAW,0.03114274999825284
79,blocks.2.attn.c_q.weight.buf,1048576,1049401,RAW,0.0007015000155661255
79,blocks.2.attn.c_k.weight.buf,1048576,1049401,RAW,0.0006407499895431101
79,blocks.2.attn.c_v.weight.buf,1048576,1049401,RAW,0.00060224998742342
79,blocks.2.attn.c_proj.weight.buf,1048576,1049401,RAW,0.000603374995989725
79,blocks.2.mlp.c_fc.weight.buf,4194304,4196389,RAW,0.0022564999817404896
79,blocks.2.mlp.c_proj.weight.buf,4194304,4195129,RAW,0.0021630410046782345
79,blocks.3.attn.c_q.weight.buf,1048576,1049401,RAW,0.0006852499791420996
79,blocks.3.attn.c_k.weight.buf,1048576,1049401,RAW,0.0005975829844828695
79,blocks.3.attn.c_v.weight.buf,1048576,1049401,RAW,0.0005914579960517585
79,blocks.3.attn.c_proj.weight.buf,1048576,1049401,RAW,0.0005970420024823397
79,blocks.3.attn.ve_gate.weight.buf,512,1022,RAW,1.6417005099356174e-05
79,blocks.3.mlp.c_fc.weight.buf,4194304,4196389,RAW,0.0022265829902607948
79,blocks.3.mlp.c_proj.weight.buf,4194304,4195129,RAW,0.0020802500075660646
79,blocks.4.attn.c_q.weight.buf,1048576,1049401,RAW,0.0006430000066757202
79,blocks.4.attn.c_k.weight.buf,1048576,1049401,RAW,0.0006137500167824328
79,blocks.4.attn.c_v.weight.buf,1048576,1049401,RAW,0.0005826670094393194
79,blocks.4.attn.c_proj.weight.buf,1048576,1049401,RAW,0.000601625011768192
79,blocks.4.mlp.c_fc.weight.buf,4194304,4196389,RAW,0.002183375007007271
79,blocks.4.mlp.c_proj.weight.buf,4194304,4195129,RAW,0.0021196670131757855
79,blocks.5.attn.c_q.weight.buf,1048576,1049401,RAW,0.0006454589893110096
79,blocks.5.attn.c_k.weight.buf,1048576,1049401,RAW,0.0005951659986749291
79,blocks.5.attn.c_v.weight.buf,1048576,1049401,RAW,0.0006152089918032289
79,blocks.5.attn.c_proj.weight.buf,1048576,1049401,RAW,0.0005995419924147427
79,blocks.5.attn.ve_gate.weight.buf,512,1022,RAW,2.274999860674143e-05
79,blocks.5.mlp.c_fc.weight.buf,4194304,4196389,RAW,0.029189041000790894
79,blocks.5.mlp.c_proj.weight.buf,4194304,4195129,RAW,0.0024932919768616557
79,blocks.6.attn.c_q.weight.buf,1048576,1049401,RAW,0.0007111250015441328
79,blocks.6.attn.c_k.weight.buf,1048576,1049401,RAW,0.000615333003224805
79,blocks.6.attn.c_v.weight.buf,1048576,1049401,RAW,0.0006123330094851553
79,blocks.6.attn.c_proj.weight.buf,1048576,1049401,RAW,0.0006002919981256127
79,blocks.6.mlp.c_fc.weight.buf,4194304,4196389,RAW,0.0022204160050023347
79,blocks.6.mlp.c_proj.weight.buf,4194304,4195129,RAW,0.00219462500535883
79,blocks.7.attn.c_q.weight.buf,1048576,1049401,RAW,0.0006057909922674298
79,blocks.7.attn.c_k.weight.buf,1048576,1049401,RAW,0.0005935000081080943
79,blocks.7.attn.c_v.weight.buf,1048576,1049401,RAW,0.000600500003201887
79,blocks.7.attn.c_proj.weight.buf,1048576,1049401,RAW,0.0005904170102439821
79,blocks.7.attn.ve_gate.weight.buf,512,1022,RAW,1.4166987966746092e-05
79,blocks.7.mlp.c_fc.weight.buf,4194304,4196389,RAW,0.0021837079839315265
79,blocks.7.mlp.c_proj.weight.buf,4194304,4195129,RAW,0.0021168329985812306
79,lm_head.weight.m,67108864,67136149,RAW,0.06947187500190921
79,lm_head.weight.v,67108864,67136149,RAW,0.03670354199130088
79,resid_lambdas.m,32,32,RAW_VECTOR,5.624984623864293e-06
79,resid_lambdas.v,32,32,RAW_VECTOR,2.2909953258931637e-06
79,x0_lambdas.m,32,32,RAW_VECTOR,1.0829826351255178e-06
79,x0_lambdas.v,32,32,RAW_VECTOR,4.580069798976183e-07
79,value_embeds.1.weight.m,67108864,67136149,RAW,0.035529332992155105
79,value_embeds.1.weight.v,67108864,67136149,RAW,0.0359659579989966
79,value_embeds.3.weight.m,67108864,67136149,RAW,0.03603849999490194
79,value_embeds.3.weight.v,67108864,67136149,RAW,0.03784537498722784
79,value_embeds.5.weight.m,67108864,67136149,RAW,0.035739125014515594
79,value_embeds.5.weight.v,67108864,67136149,RAW,0.03514779100078158
79,value_embeds.7.weight.m,67108864,67136149,RAW,0.03563308299635537
79,value_embeds.7.weight.v,67108864,67136149,RAW,0.03701729097520001
80,wte.weight.m,67108864,67136149,RAW,0.03980766699532978
80,wte.weight.v,67108864,67136149,RAW,0.05489516700617969
80,blocks.0.attn.c_q.weight.buf,1048576,1049401,RAW,0.0007008749817032367
80,blocks.0.attn.c_k.weight.buf,1048576,1049401,RAW,0.0005919170216657221
80,blocks.0.attn.c_v.weight.buf,1048576,1049401,RAW,0.0006750000175088644
80,blocks.0.attn.c_proj.weight.buf,1048576,1049401,RAW,0.000593958975514397
80,blocks.0.mlp.c_fc.weight.buf,4194304,4196389,RAW,0.002327958995010704
80,blocks.0.mlp.c_proj.weight.buf,4194304,4195129,RAW,0.002051207993645221
80,blocks.1.attn.c_q.weight.buf,1048576,1049401,RAW,0.0006591249839402735
80,blocks.1.attn.c_k.weight.buf,1048576,1049401,RAW,0.0005718329921364784
80,blocks.1.attn.c_v.weight.buf,1048576,1049401,RAW,0.0005752910219598562
80,blocks.1.attn.c_proj.weight.buf,1048576,1049401,RAW,0.000577667000470683
80,blocks.1.attn.ve_gate.weight.buf,512,1022,RAW,8.625007467344403e-06
80,blocks.1.mlp.c_fc.weight.buf,4194304,4196389,RAW,0.002082040999084711
80,blocks.1.mlp.c_proj.weight.buf,4194304,4195129,RAW,0.0020724589994642884
80,blocks.2.attn.c_q.weight.buf,1048576,1049401,RAW,0.0006181670178193599
80,blocks.2.attn.c_k.weight.buf,1048576,1049401,RAW,0.0005803750245831907
80,blocks.2.attn.c_v.weight.buf,1048576,1049401,RAW,0.0006253750179894269
80,blocks.2.attn.c_proj.weight.buf,1048576,1049401,RAW,0.000583791988901794
80,blocks.2.mlp.c_fc.weight.buf,4194304,4196389,RAW,0.002075041993521154
80,blocks.2.mlp.c_proj.weight.buf,4194304,4195129,RAW,0.002051791991107166
80,blocks.3.attn.c_q.weight.buf,1048576,1049401,RAW,0.0006023339810781181
80,blocks.3.attn.c_k.weight.buf,1048576,1049401,RAW,0.00130116700893268
80,blocks.3.attn.c_v.weight.buf,1048576,1049401,RAW,0.000608833011938259
80,blocks.3.attn.c_proj.weight.buf,1048576,1049401,RAW,0.0005916670197620988
80,blocks.3.attn.ve_gate.weight.buf,512,1022,RAW,8.083006832748652e-06
80,blocks.3.mlp.c_fc.weight.buf,4194304,4196389,RAW,0.002355249976972118
80,blocks.3.mlp.c_proj.weight.buf,4194304,4195129,RAW,0.00212529199779965
80,blocks.4.attn.c_q.weight.buf,1048576,1049401,RAW,0.000658040982671082
80,blocks.4.attn.c_k.weight.buf,1048576,1049401,RAW,0.0005626250058412552
80,blocks.4.attn.c_v.weight.buf,1048576,1049401,RAW,0.0005582909798249602
80,blocks.4.attn.c_proj.weight.buf,1048576,1049401,RAW,0.0005698330060113221
80,blocks.4.mlp.c_fc.weight.buf,4194304,4196389,RAW,0.002055582997854799
80,blocks.4.mlp.c_proj.weight.buf,4194304,4195129,RAW,0.0020338749745860696
80,blocks.5.attn.c_q.weight.buf,1048576,1049401,RAW,0.0006121659826021641
80,blocks.5.attn.c_k.weight.buf,1048576,1049401,RAW,0.000588166993111372
80,blocks.5.attn.c_v.weight.buf,1048576,1049401,RAW,0.0005685829964932054
80,blocks.5.attn.c_proj.weight.buf,1048576,1049401,RAW,0.0005697500018868595
80,blocks.5.attn.ve_gate.weight.buf,512,1022,RAW,7.541995728388429e-06
80,blocks.5.mlp.c_fc.weight.buf,4194304,4196389,RAW,0.002092584007186815
80,blocks.5.mlp.c_proj.weight.buf,4194304,4195129,RAW,0.002095375006319955
80,blocks.6.attn.c_q.weight.buf,1048576,1049401,RAW,0.0006142919883131981
80,blocks.6.attn.c_k.weight.buf,1048576,1049401,RAW,0.0005717079911846668
80,blocks.6.attn.c_v.weight.buf,1048576,1049401,RAW,0.0005698750028386712
80,blocks.6.attn.c_proj.weight.buf,1048576,1049401,RAW,0.0005702080088667572
80,blocks.6.mlp.c_fc.weight.buf,4194304,4196389,RAW,0.025153916998533532
80,blocks.6.mlp.c_proj.weight.buf,4194304,4195129,RAW,0.002384124993113801
80,blocks.7.attn.c_q.weight.buf,1048576,1049401,RAW,0.0006618750048801303
80,blocks.7.attn.c_k.weight.buf,1048576,1049401,RAW,0.000614582997513935
80,blocks.7.attn.c_v.weight.buf,1048576,1049401,RAW,0.0006167500105220824
80,blocks.7.attn.c_proj.weight.buf,1048576,1049401,RAW,0.0005877079966012388
80,blocks.7.attn.ve_gate.weight.buf,512,1022,RAW,8.541974239051342e-06
80,blocks.7.mlp.c_fc.weight.buf,4194304,4196389,RAW,0.0025997920020017773
80,blocks.7.mlp.c_proj.weight.buf,4194304,4195129,RAW,0.002068333007628098
80,lm_head.weight.m,67108864,67136149,RAW,0.047044417005963624
80,lm_head.weight.v,67108864,67136149,RAW,0.04064229200594127
80,resid_lambdas.m,32,32,RAW_VECTOR,6.291986210271716e-06
80,resid_lambdas.v,32,32,RAW_VECTOR,4.999747034162283e-07
80,x0_lambdas.m,32,32,RAW_VECTOR,9.170034900307655e-07
80,x0_lambdas.v,32,32,RAW_VECTOR,4.5899651013314724e-07
80,value_embeds.1.weight.m,67108864,67136149,RAW,0.07306420899112709
80,value_embeds.1.weight.v,67108864,67136149,RAW,0.04043012499460019
80,value_embeds.3.weight.m,67108864,67136149,RAW,0.038889957999344915
80,value_embeds.3.weight.v,67108864,67136149,RAW,0.03231441698153503
80,value_embeds.5.weight.m,67108864,67136149,RAW,0.034811209014151245
80,value_embeds.5.weight.v,67108864,67136149,RAW,0.036812166013987735
80,value_embeds.7.weight.m,67108864,67136149,RAW,0.035812500020256266
80,value_embeds.7.weight.v,67108864,67136149,RAW,0.03678799999761395
81,wte.weight.m,67108864,67136149,RAW,0.03434233399457298
81,wte.weight.v,67108864,67136149,RAW,0.05930304198409431
81,blocks.0.attn.c_q.weight.buf,1048576,1049401,RAW,0.0006321670080069453
81,blocks.0.attn.c_k.weight.buf,1048576,1049401,RAW,0.0006032499950379133
81,blocks.0.attn.c_v.weight.buf,1048576,1049401,RAW,0.0005575840186793357
81,blocks.0.attn.c_proj.weight.buf,1048576,1049401,RAW,0.0005379590147640556
81,blocks.0.mlp.c_fc.weight.buf,4194304,4196389,RAW,0.0021877080143895
81,blocks.0.mlp.c_proj.weight.buf,4194304,4195129,RAW,0.0020197499834466726
81,blocks.1.attn.c_q.weight.buf,1048576,1049401,RAW,0.0005517909885384142
81,blocks.1.attn.c_k.weight.buf,1048576,1049401,RAW,0.0005683329945895821
81,blocks.1.attn.c_v.weight.buf,1048576,1049401,RAW,0.0005377919878810644
81,blocks.1.attn.c_proj.weight.buf,1048576,1049401,RAW,0.0005352919979486614
81,blocks.1.attn.ve_gate.weight.buf,512,1022,RAW,3.345898585394025e-05
81,blocks.1.mlp.c_fc.weight.buf,4194304,4196389,RAW,0.0025707499880809337
81,blocks.1.mlp.c_proj.weight.buf,4194304,4195129,RAW,0.0021213750005699694
81,blocks.2.attn.c_q.weight.buf,1048576,1049401,RAW,0.0007281249854713678
81,blocks.2.attn.c_k.weight.buf,1048576,1049401,RAW,0.0006232500018086284
81,blocks.2.attn.c_v.weight.buf,1048576,1049401,RAW,0.001639624999370426
81,blocks.2.attn.c_proj.weight.buf,1048576,1049401,RAW,0.000620707985945046
81,blocks.2.mlp.c_fc.weight.buf,4194304,4196389,RAW,0.0023717909934930503
81,blocks.2.mlp.c_proj.weight.buf,4194304,4195129,RAW,0.0024179159954655915
81,blocks.3.attn.c_q.weight.buf,1048576,1049401,RAW,0.0006960000027902424
81,blocks.3.attn.c_k.weight.buf,1048576,1049401,RAW,0.0006111660040915012
81,blocks.3.attn.c_v.weight.buf,1048576,1049401,RAW,0.0006205829849932343
81,blocks.3.attn.c_proj.weight.buf,1048576,1049401,RAW,0.0006220829964149743
81,blocks.3.attn.ve_gate.weight.buf,512,1022,RAW,1.666598836891353e-05
81,blocks.3.mlp.c_fc.weight.buf,4194304,4196389,RAW,0.00214341699029319
81,blocks.3.mlp.c_proj.weight.buf,4194304,4195129,RAW,0.0021566250070463866
81,blocks.4.attn.c_q.weight.buf,1048576,1049401,RAW,0.0006675420154351741
81,blocks.4.attn.c_k.weight.buf,1048576,1049401,RAW,0.0006209170096553862
81,blocks.4.attn.c_v.weight.buf,1048576,1049401,RAW,0.0006514160195365548
81,blocks.4.attn.c_proj.weight.buf,1048576,1049401,RAW,0.0005899579846300185
81,blocks.4.mlp.c_fc.weight.buf,4194304,4196389,RAW,0.030823916982626542
81,blocks.4.mlp.c_proj.weight.buf,4194304,4195129,RAW,0.002216541994130239
81,blocks.5.attn.c_q.weight.buf,1048576,1049401,RAW,0.0007790829986333847
81,blocks.5.attn.c_k.weight.buf,1048576,1049401,RAW,0.0006881250010337681
81,blocks.5.attn.c_v.weight.buf,1048576,1049401,RAW,0.0006418749981094152
81,blocks.5.attn.c_proj.weight.buf,1048576,1049401,RAW,0.0006115840224083513
81,blocks.5.attn.ve_gate.weight.buf,512,1022,RAW,1.9500002963468432e-05
81,blocks.5.mlp.c_fc.weight.buf,4194304,4196389,RAW,0.0021395419898908585
81,blocks.5.mlp.c_proj.weight.buf,4194304,4195129,RAW,0.002252957987366244
81,blocks.6.attn.c_q.weight.buf,1048576,1049401,RAW,0.0006699579826090485
81,blocks.6.attn.c_k.weight.buf,1048576,1049401,RAW,0.0006218330236151814
81,blocks.6.attn.c_v.weight.buf,1048576,1049401,RAW,0.0006263329996727407
81,blocks.6.attn.c_proj.weight.buf,1048576,1049401,RAW,0.000610249990131706
81,blocks.6.mlp.c_fc.weight.buf,4194304,4196389,RAW,0.002200292015913874
81,blocks.6.mlp.c_proj.weight.buf,4194304,4195129,RAW,0.0021463329903781414
81,blocks.7.attn.c_q.weight.buf,1048576,1049401,RAW,0.0006610830023419112
81,blocks.7.attn.c_k.weight.buf,1048576,1049401,RAW,0.0006188749975990504
81,blocks.7.attn.c_v.weight.buf,1048576,1049401,RAW,0.0006101659964770079
81,blocks.7.attn.c_proj.weight.buf,1048576,1049401,RAW,0.0006350830080918968
81,blocks.7.attn.ve_gate.weight.buf,512,1022,RAW,2.1249987185001373e-05
81,blocks.7.mlp.c_fc.weight.buf,4194304,4196389,RAW,0.002130417007720098
81,blocks.7.mlp.c_proj.weight.buf,4194304,4195129,RAW,0.0032580829865764827
81,lm_head.weight.m,67108864,67136149,RAW,0.03615433399681933
81,lm_head.weight.v,67108864,67136149,RAW,0.06851095799356699
81,resid_lambdas.m,32,32,RAW_VECTOR,5.165988113731146e-06
81,resid_lambdas.v,32,32,RAW_VECTOR,4.580069798976183e-07
81,x0_lambdas.m,32,32,RAW_VECTOR,1.7090060282498598e-06
81,x0_lambdas.v,32,32,RAW_VECTOR,4.169996827840805e-07
81,value_embeds.1.weight.m,67108864,67136149,RAW,0.04589987502549775
81,value_embeds.1.weight.v,67108864,67136149,RAW,0.0423346669995226
81,value_embeds.3.weight.m,67108864,67136149,RAW,0.06388012497336604
81,value_embeds.3.weight.v,67108864,67136149,RAW,0.03540770799736492
81,value_embeds.5.weight.m,67108864,67136149,RAW,0.03965712498757057
81,value_embeds.5.weight.v,67108864,67136149,RAW,0.05688358299084939
81,value_embeds.7.weight.m,67108864,67136149,RAW,0.035953458020230755
81,value_embeds.7.weight.v,67108864,67136149,RAW,0.0620668749907054
82,wte.weight.m,67108864,67136149,RAW,0.03931525000371039
82,wte.weight.v,67108864,67136149,RAW,0.05530087498482317
82,blocks.0.attn.c_q.weight.buf,1048576,1049401,RAW,0.0006871249934192747
82,blocks.0.attn.c_k.weight.buf,1048576,1049401,RAW,0.0006110419926699251
82,blocks.0.attn.c_v.weight.buf,1048576,1049401,RAW,0.0006054579862393439
82,blocks.0.attn.c_proj.weight.buf,1048576,1049401,RAW,0.000585665984544903
82,blocks.0.mlp.c_fc.weight.buf,4194304,4196389,RAW,0.0028335409879218787
82,blocks.0.mlp.c_proj.weight.buf,4194304,4195129,RAW,0.0020562499994412065
82,blocks.1.attn.c_q.weight.buf,1048576,1049401,RAW,0.0006274169718381017
82,blocks.1.attn.c_k.weight.buf,1048576,1049401,RAW,0.0005739589978475124
82,blocks.1.attn.c_v.weight.buf,1048576,1049401,RAW,0.0005876659997738898
82,blocks.1.attn.c_proj.weight.buf,1048576,1049401,RAW,0.0005800419894512743
82,blocks.1.attn.ve_gate.weight.buf,512,1022,RAW,8.291972335428e-06
82,blocks.1.mlp.c_fc.weight.buf,4194304,4196389,RAW,0.002064542000880465
82,blocks.1.mlp.c_proj.weight.buf,4194304,4195129,RAW,0.0021502079907804728
82,blocks.2.attn.c_q.weight.buf,1048576,1049401,RAW,0.0006246659904718399
82,blocks.2.attn.c_k.weight.buf,1048576,1049401,RAW,0.0005634159897454083
82,blocks.2.attn.c_v.weight.buf,1048576,1049401,RAW,0.0005724169895984232
82,blocks.2.attn.c_proj.weight.buf,1048576,1049401,RAW,0.0005666669749189168
82,blocks.2.mlp.c_fc.weight.buf,4194304,4196389,RAW,0.0020893749897368252
82,blocks.2.mlp.c_proj.weight.buf,4194304,4195129,RAW,0.0020499999809544533
82,blocks.3.attn.c_q.weight.buf,1048576,1049401,RAW,0.0013380839955061674
82,blocks.3.attn.c_k.weight.buf,1048576,1049401,RAW,0.0006024169852025807
82,blocks.3.attn.c_v.weight.buf,1048576,1049401,RAW,0.0006040419975761324
82,blocks.3.attn.c_proj.weight.buf,1048576,1049401,RAW,0.0005850839952472597
82,blocks.3.attn.ve_gate.weight.buf,512,1022,RAW,7.166992872953415e-06
82,blocks.3.mlp.c_fc.weight.buf,4194304,4196389,RAW,0.002345417015021667
82,blocks.3.mlp.c_proj.weight.buf,4194304,4195129,RAW,0.0020586249884217978
82,blocks.4.attn.c_q.weight.buf,1048576,1049401,RAW,0.0006255409971345216
82,blocks.4.attn.c_k.weight.buf,1048576,1049401,RAW,0.0005601659941021353
82,blocks.4.attn.c_v.weight.buf,1048576,1049401,RAW,0.000588166993111372
82,blocks.4.attn.c_proj.weight.buf,1048576,1049401,RAW,0.0005778329796157777
82,blocks.4.mlp.c_fc.weight.buf,4194304,4196389,RAW,0.0020607920014299452
82,blocks.4.mlp.c_proj.weight.buf,4194304,4195129,RAW,0.002066874993033707
82,blocks.5.attn.c_q.weight.buf,1048576,1049401,RAW,0.0006450829969253391
82,blocks.5.attn.c_k.weight.buf,1048576,1049401,RAW,0.0005677500157617033
82,blocks.5.attn.c_v.weight.buf,1048576,1049401,RAW,0.000575542013393715
82,blocks.5.attn.c_proj.weight.buf,1048576,1049401,RAW,0.0005829579895362258
82,blocks.5.attn.ve_gate.weight.buf,512,1022,RAW,7.624999852851033e-06
82,blocks.5.mlp.c_fc.weight.buf,4194304,4196389,RAW,0.002061875013168901
82,blocks.5.mlp.c_proj.weight.buf,4194304,4195129,RAW,0.0020539170072879642
82,blocks.6.attn.c_q.weight.buf,1048576,1049401,RAW,0.0006296250212471932
82,blocks.6.attn.c_k.weight.buf,1048576,1049401,RAW,0.0005750000127591193
82,blocks.6.attn.c_v.weight.buf,1048576,1049401,RAW,0.0005663330084644258
82,blocks.6.attn.c_proj.weight.buf,1048576,1049401,RAW,0.0005684999923687428
82,blocks.6.mlp.c_fc.weight.buf,4194304,4196389,RAW,0.0033507909975014627
82,blocks.6.mlp.c_proj.weight.buf,4194304,4195129,RAW,0.002157665992854163
82,blocks.7.attn.c_q.weight.buf,1048576,1049401,RAW,0.0006399580161087215
82,blocks.7.attn.c_k.weight.buf,1048576,1049401,RAW,0.0005869999877177179
82,blocks.7.attn.c_v.weight.buf,1048576,1049401,RAW,0.0006050419760867953
82,blocks.7.attn.c_proj.weight.buf,1048576,1049401,RAW,0.0005865840066689998
82,blocks.7.attn.ve_gate.weight.buf,512,1022,RAW,8.915987564250827e-06
82,blocks.7.mlp.c_fc.weight.buf,4194304,4196389,RAW,0.002049833012279123
82,blocks.7.mlp.c_proj.weight.buf,4194304,4195129,RAW,0.0020155420061200857
82,lm_head.weight.m,67108864,67136149,RAW,0.04438329202821478
82,lm_head.weight.v,67108864,67136149,RAW,0.04009329099790193
82,resid_lambdas.m,32,32,RAW_VECTOR,5.041016265749931e-06
82,resid_lambdas.v,32,32,RAW_VECTOR,1.5830155462026596e-06
82,x0_lambdas.m,32,32,RAW_VECTOR,8.750066626816988e-07
82,x0_lambdas.v,32,32,RAW_VECTOR,4.580069798976183e-07
82,value_embeds.1.weight.m,67108864,67136149,RAW,0.06158700000378303
82,value_embeds.1.weight.v,67108864,67136149,RAW,0.035087249998468906
82,value_embeds.3.weight.m,67108864,67136149,RAW,0.03803262498695403
82,value_embeds.3.weight.v,67108864,67136149,RAW,0.04281429201364517
82,value_embeds.5.weight.m,67108864,67136149,RAW,0.037034375010989606
82,value_embeds.5.weight.v,67108864,67136149,RAW,0.03801079100230709
82,value_embeds.7.weight.m,67108864,67136149,RAW,0.03528358301264234
82,value_embeds.7.weight.v,67108864,67136149,RAW,0.03750162498909049
83,wte.weight.m,67108864,67136149,RAW,0.03480566700454801
83,wte.weight.v,67108864,67136149,RAW,0.05938316599349491
83,blocks.0.attn.c_q.weight.buf,1048576,1049401,RAW,0.0006735420029144734
83,blocks.0.attn.c_k.weight.buf,1048576,1049401,RAW,0.0006461660086642951
83,blocks.0.attn.c_v.weight.buf,1048576,1049401,RAW,0.0006294999911915511
83,blocks.0.attn.c_proj.weight.buf,1048576,1049401,RAW,0.00060374999884516
83,blocks.0.mlp.c_fc.weight.buf,4194304,4196389,RAW,0.0024163750058505684
83,blocks.0.mlp.c_proj.weight.buf,4194304,4195129,RAW,0.0021955419797450304
83,blocks.1.attn.c_q.weight.buf,1048576,1049401,RAW,0.0006816659879405051
83,blocks.1.attn.c_k.weight.buf,1048576,1049401,RAW,0.0006846670003142208
83,blocks.1.attn.c_v.weight.buf,1048576,1049401,RAW,0.0006121670012362301
83,blocks.1.attn.c_proj.weight.buf,1048576,1049401,RAW,0.0008561249997001141
83,blocks.1.attn.ve_gate.weight.buf,512,1022,RAW,1.3666984159499407e-05
83,blocks.1.mlp.c_fc.weight.buf,4194304,4196389,RAW,0.0024848339962773025
83,blocks.1.mlp.c_proj.weight.buf,4194304,4195129,RAW,0.0020877910137642175
83,blocks.2.attn.c_q.weight.buf,1048576,1049401,RAW,0.0012935000122524798
83,blocks.2.attn.c_k.weight.buf,1048576,1049401,RAW,0.0005876249924767762
83,blocks.2.attn.c_v.weight.buf,1048576,1049401,RAW,0.000561041000764817
83,blocks.2.attn.c_proj.weight.buf,1048576,1049401,RAW,0.0005950420163571835
83,blocks.2.mlp.c_fc.weight.buf,4194304,4196389,RAW,0.002089832996716723
83,blocks.2.mlp.c_proj.weight.buf,4194304,4195129,RAW,0.0020831250003539026
83,blocks.3.attn.c_q.weight.buf,1048576,1049401,RAW,0.0007288329943548888
83,blocks.3.attn.c_k.weight.buf,1048576,1049401,RAW,0.0006482079916168004
83,blocks.3.attn.c_v.weight.buf,1048576,1049401,RAW,0.0006460419972427189
83,blocks.3.attn.c_proj.weight.buf,1048576,1049401,RAW,0.0006586660165339708
83,blocks.3.attn.ve_gate.weight.buf,512,1022,RAW,1.4833000022917986e-05
83,blocks.3.mlp.c_fc.weight.buf,4194304,4196389,RAW,0.0022720420092809945
83,blocks.3.mlp.c_proj.weight.buf,4194304,4195129,RAW,0.0022084579977672547
83,blocks.4.attn.c_q.weight.buf,1048576,1049401,RAW,0.000690249988110736
83,blocks.4.attn.c_k.weight.buf,1048576,1049401,RAW,0.0006357500096783042
83,blocks.4.attn.c_v.weight.buf,1048576,1049401,RAW,0.0006357920065056533
83,blocks.4.attn.c_proj.weight.buf,1048576,1049401,RAW,0.0014582499861717224
83,blocks.4.mlp.c_fc.weight.buf,4194304,4196389,RAW,0.0024865830200724304
83,blocks.4.mlp.c_proj.weight.buf,4194304,4195129,RAW,0.002252041012980044
83,blocks.5.attn.c_q.weight.buf,1048576,1049401,RAW,0.0006989589892327785
83,blocks.5.attn.c_k.weight.buf,1048576,1049401,RAW,0.001085208001313731
83,blocks.5.attn.c_v.weight.buf,1048576,1049401,RAW,0.0008463750127702951
83,blocks.5.attn.c_proj.weight.buf,1048576,1049401,RAW,0.0006179579941090196
83,blocks.5.attn.ve_gate.weight.buf,512,1022,RAW,1.925000105984509e-05
83,blocks.5.mlp.c_fc.weight.buf,4194304,4196389,RAW,0.002432292007142678
83,blocks.5.mlp.c_proj.weight.buf,4194304,4195129,RAW,0.002102291997289285
83,blocks.6.attn.c_q.weight.buf,1048576,1049401,RAW,0.0006676250195596367
83,blocks.6.attn.c_k.weight.buf,1048576,1049401,RAW,0.0006223749951459467
83,blocks.6.attn.c_v.weight.buf,1048576,1049401,RAW,0.0005897090013604611
83,blocks.6.attn.c_proj.weight.buf,1048576,1049401,RAW,0.0006069160008337349
83,blocks.6.mlp.c_fc.weight.buf,4194304,4196389,RAW,0.002158999996026978
83,blocks.6.mlp.c_proj.weight.buf,4194304,4195129,RAW,0.0021721669763792306
83,blocks.7.attn.c_q.weight.buf,1048576,1049401,RAW,0.0006882910092826933
83,blocks.7.attn.c_k.weight.buf,1048576,1049401,RAW,0.000620083010289818
83,blocks.7.attn.c_v.weight.buf,1048576,1049401,RAW,0.0005922089912928641
83,blocks.7.attn.c_proj.weight.buf,1048576,1049401,RAW,0.0006216249894350767
83,blocks.7.attn.ve_gate.weight.buf,512,1022,RAW,1.6082980437204242e-05
83,blocks.7.mlp.c_fc.weight.buf,4194304,4196389,RAW,0.002143374993465841
83,blocks.7.mlp.c_proj.weight.buf,4194304,4195129,RAW,0.031017957982840016
83,lm_head.weight.m,67108864,67136149,RAW,0.03741133402218111
83,lm_head.weight.v,67108864,67136149,RAW,0.06854216699139215
83,resid_lambdas.m,32,32,RAW_VECTOR,7.791997632011771e-06
83,resid_lambdas.v,32,32,RAW_VECTOR,6.250047590583563e-07
83,x0_lambdas.m,32,32,RAW_VECTOR,1.7500133253633976e-06
83,x0_lambdas.v,32,32,RAW_VECTOR,4.1601015254855156e-07
83,value_embeds.1.weight.m,67108864,67136149,RAW,0.04306508300942369
83,value_embeds.1.weight.v,67108864,67136149,RAW,0.044961666979361326
83,value_embeds.3.weight.m,67108864,67136149,RAW,0.06756116700125858
83,value_embeds.3.weight.v,67108864,67136149,RAW,0.035780959005933255
83,value_embeds.5.weight.m,67108864,67136149,RAW,0.03715516600641422
83,value_embeds.5.weight.v,67108864,67136149,RAW,0.04371050000190735
83,value_embeds.7.weight.m,67108864,67136149,RAW,0.036723166005685925
83,value_embeds.7.weight.v,67108864,67136149,RAW,0.03602358399075456
84,wte.weight.m,67108864,67136149,RAW,0.03660212497925386
84,wte.weight.v,67108864,67136149,RAW,0.061192624998511747
84,blocks.0.attn.c_q.weight.buf,1048576,1049401,RAW,0.0006449169886764139
84,blocks.0.attn.c_k.weight.buf,1048576,1049401,RAW,0.000592917000176385
84,blocks.0.attn.c_v.weight.buf,1048576,1049401,RAW,0.0005722919886466116
84,blocks.0.attn.c_proj.weight.buf,1048576,1049401,RAW,0.0005656249995809048
84,blocks.0.mlp.c_fc.weight.buf,4194304,4196389,RAW,0.0023151249915827066
84,blocks.0.mlp.c_proj.weight.buf,4194304,4195129,RAW,0.0019854170095641166
84,blocks.1.attn.c_q.weight.buf,1048576,1049401,RAW,0.0005978750123176724
84,blocks.1.attn.c_k.weight.buf,1048576,1049401,RAW,0.0005735419981647283
84,blocks.1.attn.c_v.weight.buf,1048576,1049401,RAW,0.0005702909838873893
84,blocks.1.attn.c_proj.weight.buf,1048576,1049401,RAW,0.0006107080262154341
84,blocks.1.attn.ve_gate.weight.buf,512,1022,RAW,1.6457983292639256e-05
84,blocks.1.mlp.c_fc.weight.buf,4194304,4196389,RAW,0.002070417016511783
84,blocks.1.mlp.c_proj.weight.buf,4194304,4195129,RAW,0.0033612920087762177
84,blocks.2.attn.c_q.weight.buf,1048576,1049401,RAW,0.0006003339949529618
84,blocks.2.attn.c_k.weight.buf,1048576,1049401,RAW,0.0006227499980013818
84,blocks.2.attn.c_v.weight.buf,1048576,1049401,RAW,0.0005800840153824538
84,blocks.2.attn.c_proj.weight.buf,1048576,1049401,RAW,0.0005883330013602972
84,blocks.2.mlp.c_fc.weight.buf,4194304,4196389,RAW,0.0023410419817082584
84,blocks.2.mlp.c_proj.weight.buf,4194304,4195129,RAW,0.002007834002142772
84,blocks.3.attn.c_q.weight.buf,1048576,1049401,RAW,0.0006706660205963999
84,blocks.3.attn.c_k.weight.buf,1048576,1049401,RAW,0.0005357500049285591
84,blocks.3.attn.c_v.weight.buf,1048576,1049401,RAW,0.0005591250082943588
84,blocks.3.attn.c_proj.weight.buf,1048576,1049401,RAW,0.000579125015065074
84,blocks.3.attn.ve_gate.weight.buf,512,1022,RAW,7.833004929125309e-06
84,blocks.3.mlp.c_fc.weight.buf,4194304,4196389,RAW,0.002171041996916756
84,blocks.3.mlp.c_proj.weight.buf,4194304,4195129,RAW,0.0020225839980412275
84,blocks.4.attn.c_q.weight.buf,1048576,1049401,RAW,0.0006021670124027878
84,blocks.4.attn.c_k.weight.buf,1048576,1049401,RAW,0.00056579100782983
84,blocks.4.attn.c_v.weight.buf,1048576,1049401,RAW,0.0005690419930033386
84,blocks.4.attn.c_proj.weight.buf,1048576,1049401,RAW,0.0005664170021191239
84,blocks.4.mlp.c_fc.weight.buf,4194304,4196389,RAW,0.002047750022029504
84,blocks.4.mlp.c_proj.weight.buf,4194304,4195129,RAW,0.0020726250077132136
84,blocks.5.attn.c_q.weight.buf,1048576,1049401,RAW,0.0005993750237394124
84,blocks.5.attn.c_k.weight.buf,1048576,1049401,RAW,0.0005630830128211528
84,blocks.5.attn.c_v.weight.buf,1048576,1049401,RAW,0.0005657919973600656
84,blocks.5.attn.c_proj.weight.buf,1048576,1049401,RAW,0.0005603339814115316
84,blocks.5.attn.ve_gate.weight.buf,512,1022,RAW,8.249975508078933e-06
84,blocks.5.mlp.c_fc.weight.buf,4194304,4196389,RAW,0.002047375019174069
84,blocks.5.mlp.c_proj.weight.buf,4194304,4195129,RAW,0.0024942499876488
84,blocks.6.attn.c_q.weight.buf,1048576,1049401,RAW,0.0006455000257119536
84,blocks.6.attn.c_k.weight.buf,1048576,1049401,RAW,0.0005905000143684447
84,blocks.6.attn.c_v.weight.buf,1048576,1049401,RAW,0.0005935409863013774
84,blocks.6.attn.c_proj.weight.buf,1048576,1049401,RAW,0.0005820419755764306
84,blocks.6.mlp.c_fc.weight.buf,4194304,4196389,RAW,0.002685957995709032
84,blocks.6.mlp.c_proj.weight.buf,4194304,4195129,RAW,0.00202866701874882
84,blocks.7.attn.c_q.weight.buf,1048576,1049401,RAW,0.0006018750136718154
84,blocks.7.attn.c_k.weight.buf,1048576,1049401,RAW,0.0005971250066068023
84,blocks.7.attn.c_v.weight.buf,1048576,1049401,RAW,0.0005875839851796627
84,blocks.7.attn.c_proj.weight.buf,1048576,1049401,RAW,0.0005677079898305237
84,blocks.7.attn.ve_gate.weight.buf,512,1022,RAW,8.458999218419194e-06
84,blocks.7.mlp.c_fc.weight.buf,4194304,4196389,RAW,0.002097625023452565
84,blocks.7.mlp.c_proj.weight.buf,4194304,4195129,RAW,0.0020292499975766987
84,lm_head.weight.m,67108864,67136149,RAW,0.06127954198746011
84,lm_head.weight.v,67108864,67136149,RAW,0.03611416698549874
84,resid_lambdas.m,32,32,RAW_VECTOR,5.250010872259736e-06
84,resid_lambdas.v,32,32,RAW_VECTOR,5.420006345957518e-07
84,x0_lambdas.m,32,32,RAW_VECTOR,1.00000761449337e-06
84,x0_lambdas.v,32,32,RAW_VECTOR,4.169996827840805e-07
84,value_embeds.1.weight.m,67108864,67136149,RAW,0.035903124982723966
84,value_embeds.1.weight.v,67108864,67136149,RAW,0.04451837498345412
84,value_embeds.3.weight.m,67108864,67136149,RAW,0.03540249998332001
84,value_embeds.3.weight.v,67108864,67136149,RAW,0.042669415997806937
84,value_embeds.5.weight.m,67108864,67136149,RAW,0.03626991601777263
84,value_embeds.5.weight.v,67108864,67136149,RAW,0.03629945800639689
84,value_embeds.7.weight.m,67108864,67136149,RAW,0.03471074998378754
84,value_embeds.7.weight.v,67108864,67136149,RAW,0.040350541996303946
85,wte.weight.m,67108864,67136149,RAW,0.055505124997580424
85,wte.weight.v,67108864,67136149,RAW,0.039502917003119364
85,blocks.0.attn.c_q.weight.buf,1048576,1049401,RAW,0.0006285840063355863
85,blocks.0.attn.c_k.weight.buf,1048576,1049401,RAW,0.0005632499814964831
85,blocks.0.attn.c_v.weight.buf,1048576,1049401,RAW,0.0005577080009970814
85,blocks.0.attn.c_proj.weight.buf,1048576,1049401,RAW,0.0005625409830827266
85,blocks.0.mlp.c_fc.weight.buf,4194304,4196389,RAW,0.0021537909924518317
85,blocks.0.mlp.c_proj.weight.buf,4194304,4195129,RAW,0.0020168340124655515
85,blocks.1.attn.c_q.weight.buf,1048576,1049401,RAW,0.0006039580039214343
85,blocks.1.attn.c_k.weight.buf,1048576,1049401,RAW,0.0014712080010212958
85,blocks.1.attn.c_v.weight.buf,1048576,1049401,RAW,0.0005962919967714697
85,blocks.1.attn.c_proj.weight.buf,1048576,1049401,RAW,0.0005895840004086494
85,blocks.1.attn.ve_gate.weight.buf,512,1022,RAW,9.292009053751826e-06
85,blocks.1.mlp.c_fc.weight.buf,4194304,4196389,RAW,0.0022581669909413904
85,blocks.1.mlp.c_proj.weight.buf,4194304,4195129,RAW,0.0020185409812256694
85,blocks.2.attn.c_q.weight.buf,1048576,1049401,RAW,0.0006053329852875322
85,blocks.2.attn.c_k.weight.buf,1048576,1049401,RAW,0.0005672920087818056
85,blocks.2.attn.c_v.weight.buf,1048576,1049401,RAW,0.0005602080200333148
85,blocks.2.attn.c_proj.weight.buf,1048576,1049401,RAW,0.0005407919816207141
85,blocks.2.mlp.c_fc.weight.buf,4194304,4196389,RAW,0.002028749993769452
85,blocks.2.mlp.c_proj.weight.buf,4194304,4195129,RAW,0.002103915991028771
85,blocks.3.attn.c_q.weight.buf,1048576,1049401,RAW,0.0005901250115130097
85,blocks.3.attn.c_k.weight.buf,1048576,1049401,RAW,0.0005489159957505763
85,blocks.3.attn.c_v.weight.buf,1048576,1049401,RAW,0.0005355839966796339
85,blocks.3.attn.c_proj.weight.buf,1048576,1049401,RAW,0.0005548750050365925
85,blocks.3.attn.ve_gate.weight.buf,512,1022,RAW,7.750000804662704e-06
85,blocks.3.mlp.c_fc.weight.buf,4194304,4196389,RAW,0.0020513329945970327
85,blocks.3.mlp.c_proj.weight.buf,4194304,4195129,RAW,0.001965500006917864
85,blocks.4.attn.c_q.weight.buf,1048576,1049401,RAW,0.0005881249962840229
85,blocks.4.attn.c_k.weight.buf,1048576,1049401,RAW,0.0005454159982036799
85,blocks.4.attn.c_v.weight.buf,1048576,1049401,RAW,0.0005198340222705156
85,blocks.4.attn.c_proj.weight.buf,1048576,1049401,RAW,0.001056625013006851
85,blocks.4.mlp.c_fc.weight.buf,4194304,4196389,RAW,0.002295917016454041
85,blocks.4.mlp.c_proj.weight.buf,4194304,4195129,RAW,0.002049125003395602
85,blocks.5.attn.c_q.weight.buf,1048576,1049401,RAW,0.0006242500094231218
85,blocks.5.attn.c_k.weight.buf,1048576,1049401,RAW,0.0005846659769304097
85,blocks.5.attn.c_v.weight.buf,1048576,1049401,RAW,0.000578792009036988
85,blocks.5.attn.c_proj.weight.buf,1048576,1049401,RAW,0.0005553750088438392
85,blocks.5.attn.ve_gate.weight.buf,512,1022,RAW,2.5667017325758934e-05
85,blocks.5.mlp.c_fc.weight.buf,4194304,4196389,RAW,0.002039375016465783
85,blocks.5.mlp.c_proj.weight.buf,4194304,4195129,RAW,0.0019884590001311153
85,blocks.6.attn.c_q.weight.buf,1048576,1049401,RAW,0.0006122920021880418
85,blocks.6.attn.c_k.weight.buf,1048576,1049401,RAW,0.0005525420128833503
85,blocks.6.attn.c_v.weight.buf,1048576,1049401,RAW,0.000546583003597334
85,blocks.6.attn.c_proj.weight.buf,1048576,1049401,RAW,0.0005719590117223561
85,blocks.6.mlp.c_fc.weight.buf,4194304,4196389,RAW,0.002013957971939817
85,blocks.6.mlp.c_proj.weight.buf,4194304,4195129,RAW,0.0020036670030094683
85,blocks.7.attn.c_q.weight.buf,1048576,1049401,RAW,0.0005848750006407499
85,blocks.7.attn.c_k.weight.buf,1048576,1049401,RAW,0.000530249992152676
85,blocks.7.attn.c_v.weight.buf,1048576,1049401,RAW,0.0005491249903570861
85,blocks.7.attn.c_proj.weight.buf,1048576,1049401,RAW,0.0005986249889247119
85,blocks.7.attn.ve_gate.weight.buf,512,1022,RAW,2.812498132698238e-05
85,blocks.7.mlp.c_fc.weight.buf,4194304,4196389,RAW,0.002246417017886415
85,blocks.7.mlp.c_proj.weight.buf,4194304,4195129,RAW,0.003825166990282014
85,lm_head.weight.m,67108864,67136149,RAW,0.037955917010549456
85,lm_head.weight.v,67108864,67136149,RAW,0.06903887499356642
85,resid_lambdas.m,32,32,RAW_VECTOR,7.2499969974160194e-06
85,resid_lambdas.v,32,32,RAW_VECTOR,2.6249908842146397e-06
85,x0_lambdas.m,32,32,RAW_VECTOR,1.7919810488820076e-06
85,x0_lambdas.v,32,32,RAW_VECTOR,4.169996827840805e-07
85,value_embeds.1.weight.m,67108864,67136149,RAW,0.03953995800111443
85,value_embeds.1.weight.v,67108864,67136149,RAW,0.047942500008502975
85,value_embeds.3.weight.m,67108864,67136149,RAW,0.059328958013793454
85,value_embeds.3.weight.v,67108864,67136149,RAW,0.04181666602380574
85,value_embeds.5.weight.m,67108864,67136149,RAW,0.06887883399031125
85,value_embeds.5.weight.v,67108864,67136149,RAW,0.03531295800348744
85,value_embeds.7.weight.m,67108864,67136149,RAW,0.039086250006221235
85,value_embeds.7.weight.v,67108864,67136149,RAW,0.055677208001725376
86,wte.weight.m,67108864,67136149,RAW,0.035455375007586554
86,wte.weight.v,67108864,67136149,RAW,0.06669033400248736
86,blocks.0.attn.c_q.weight.buf,1048576,1049401,RAW,0.0006715419876854867
86,blocks.0.attn.c_k.weight.buf,1048576,1049401,RAW,0.0005979170091450214
86,blocks.0.attn.c_v.weight.buf,1048576,1049401,RAW,0.0005684590141754597
86,blocks.0.attn.c_proj.weight.buf,1048576,1049401,RAW,0.0005712920101359487
86,blocks.0.mlp.c_fc.weight.buf,4194304,4196389,RAW,0.0022135420003905892
86,blocks.0.mlp.c_proj.weight.buf,4194304,4195129,RAW,0.002145125006791204
86,blocks.1.attn.c_q.weight.buf,1048576,1049401,RAW,0.0006252500170376152
86,blocks.1.attn.c_k.weight.buf,1048576,1049401,RAW,0.0006092500116210431
86,blocks.1.attn.c_v.weight.buf,1048576,1049401,RAW,0.0005502919957507402
86,blocks.1.attn.c_proj.weight.buf,1048576,1049401,RAW,0.0005637909926008433
86,blocks.1.attn.ve_gate.weight.buf,512,1022,RAW,8.041999535635114e-06
86,blocks.1.mlp.c_fc.weight.buf,4194304,4196389,RAW,0.0020616669789887965
86,blocks.1.mlp.c_proj.weight.buf,4194304,4195129,RAW,0.0021067910129204392
86,blocks.2.attn.c_q.weight.buf,1048576,1049401,RAW,0.0006205840036273003
86,blocks.2.attn.c_k.weight.buf,1048576,1049401,RAW,0.02494541698251851
86,blocks.2.attn.c_v.weight.buf,1048576,1049401,RAW,0.0007665419834665954
86,blocks.2.attn.c_proj.weight.buf,1048576,1049401,RAW,0.0006060420128051192
86,blocks.2.mlp.c_fc.weight.buf,4194304,4196389,RAW,0.0024363330157939345
86,blocks.2.mlp.c_proj.weight.buf,4194304,4195129,RAW,0.0021096249984111637
86,blocks.3.attn.c_q.weight.buf,1048576,1049401,RAW,0.0006268330034799874
86,blocks.3.attn.c_k.weight.buf,1048576,1049401,RAW,0.0005707500095013529
86,blocks.3.attn.c_v.weight.buf,1048576,1049401,RAW,0.0005678749876096845
86,blocks.3.attn.c_proj.weight.buf,1048576,1049401,RAW,0.0005780410137958825
86,blocks.3.attn.ve_gate.weight.buf,512,1022,RAW,9.334005881100893e-06
86,blocks.3.mlp.c_fc.weight.buf,4194304,4196389,RAW,0.0021487500052899122
86,blocks.3.mlp.c_proj.weight.buf,4194304,4195129,RAW,0.0020598749979399145
86,blocks.4.attn.c_q.weight.buf,1048576,1049401,RAW,0.0006047500064596534
86,blocks.4.attn.c_k.weight.buf,1048576,1049401,RAW,0.0005669999809470028
86,blocks.4.attn.c_v.weight.buf,1048576,1049401,RAW,0.0005567499902099371
86,blocks.4.attn.c_proj.weight.buf,1048576,1049401,RAW,0.0005676250148098916
86,blocks.4.mlp.c_fc.weight.buf,4194304,4196389,RAW,0.0020755419973284006
86,blocks.4.mlp.c_proj.weight.buf,4194304,4195129,RAW,0.002043375017819926
86,blocks.5.attn.c_q.weight.buf,1048576,1049401,RAW,0.0006116669974289834
86,blocks.5.attn.c_k.weight.buf,1048576,1049401,RAW,0.0006019999855197966
86,blocks.5.attn.c_v.weight.buf,1048576,1049401,RAW,0.0005925830046180636
86,blocks.5.attn.c_proj.weight.buf,1048576,1049401,RAW,0.0013313750096131116
86,blocks.5.attn.ve_gate.weight.buf,512,1022,RAW,2.158299321308732e-05
86,blocks.5.mlp.c_fc.weight.buf,4194304,4196389,RAW,0.002418207994196564
86,blocks.5.mlp.c_proj.weight.buf,4194304,4195129,RAW,0.0021149579843040556
86,blocks.6.attn.c_q.weight.buf,1048576,1049401,RAW,0.0005879579985048622
86,blocks.6.attn.c_k.weight.buf,1048576,1049401,RAW,0.0005897090013604611
86,blocks.6.attn.c_v.weight.buf,1048576,1049401,RAW,0.0005784160166513175
86,blocks.6.attn.c_proj.weight.buf,1048576,1049401,RAW,0.0006009579810779542
86,blocks.6.mlp.c_fc.weight.buf,4194304,4196389,RAW,0.002127957995980978
86,blocks.6.mlp.c_proj.weight.buf,4194304,4195129,RAW,0.0020979580003768206
86,blocks.7.attn.c_q.weight.buf,1048576,1049401,RAW,0.0006145410006865859
86,blocks.7.attn.c_k.weight.buf,1048576,1049401,RAW,0.0005659159796778113
86,blocks.7.attn.c_v.weight.buf,1048576,1049401,RAW,0.0005765000241808593
86,blocks.7.attn.c_proj.weight.buf,1048576,1049401,RAW,0.0005874579946976155
86,blocks.7.attn.ve_gate.weight.buf,512,1022,RAW,1.1249998351559043e-05
86,blocks.7.mlp.c_fc.weight.buf,4194304,4196389,RAW,0.0020948750025127083
86,blocks.7.mlp.c_proj.weight.buf,4194304,4195129,RAW,0.00204770898562856
86,lm_head.weight.m,67108864,67136149,RAW,0.039302916993619874
86,lm_head.weight.v,67108864,67136149,RAW,0.052618624991737306
86,resid_lambdas.m,32,32,RAW_VECTOR,6.04201341047883e-06
86,resid_lambdas.v,32,32,RAW_VECTOR,6.250047590583563e-07
86,x0_lambdas.m,32,32,RAW_VECTOR,1.207983586937189e-06
86,x0_lambdas.v,32,32,RAW_VECTOR,4.1601015254855156e-07
86,value_embeds.1.weight.m,67108864,67136149,RAW,0.03783783401013352
86,value_embeds.1.weight.v,67108864,67136149,RAW,0.0639683750050608
86,value_embeds.3.weight.m,67108864,67136149,RAW,0.040983457991387695
86,value_embeds.3.weight.v,67108864,67136149,RAW,0.04159795900341123
86,value_embeds.5.weight.m,67108864,67136149,RAW,0.037100624991580844
86,value_embeds.5.weight.v,67108864,67136149,RAW,0.04274191602598876
86,value_embeds.7.weight.m,67108864,67136149,RAW,0.03703233299893327
86,value_embeds.7.weight.v,67108864,67136149,RAW,0.039440957974875346
87,wte.weight.m,67108864,67136149,RAW,0.041533624986186624
87,wte.weight.v,67108864,67136149,RAW,0.03997208399232477
87,blocks.0.attn.c_q.weight.buf,1048576,1049401,RAW,0.0006345839938148856
87,blocks.0.attn.c_k.weight.buf,1048576,1049401,RAW,0.0005817089986521751
87,blocks.0.attn.c_v.weight.buf,1048576,1049401,RAW,0.0005544580053538084
87,blocks.0.attn.c_proj.weight.buf,1048576,1049401,RAW,0.0005468329763971269
87,blocks.0.mlp.c_fc.weight.buf,4194304,4196389,RAW,0.002224875002866611
87,blocks.0.mlp.c_proj.weight.buf,4194304,4195129,RAW,0.0020065410062670708
87,blocks.1.attn.c_q.weight.buf,1048576,1049401,RAW,0.0006029579963069409
87,blocks.1.attn.c_k.weight.buf,1048576,1049401,RAW,0.0010476250026840717
87,blocks.1.attn.c_v.weight.buf,1048576,1049401,RAW,0.0006058330181986094
87,blocks.1.attn.c_proj.weight.buf,1048576,1049401,RAW,0.000571542012039572
87,blocks.1.attn.ve_gate.weight.buf,512,1022,RAW,1.1374999303370714e-05
87,blocks.1.mlp.c_fc.weight.buf,4194304,4196389,RAW,0.0022507919929921627
87,blocks.1.mlp.c_proj.weight.buf,4194304,4195129,RAW,0.0021370409813243896
87,blocks.2.attn.c_q.weight.buf,1048576,1049401,RAW,0.0006070410017855465
87,blocks.2.attn.c_k.weight.buf,1048576,1049401,RAW,0.0005509999755304307
87,blocks.2.attn.c_v.weight.buf,1048576,1049401,RAW,0.0005480840045493096
87,blocks.2.attn.c_proj.weight.buf,1048576,1049401,RAW,0.0005731249984819442
87,blocks.2.mlp.c_fc.weight.buf,4194304,4196389,RAW,0.0020212919916957617
87,blocks.2.mlp.c_proj.weight.buf,4194304,4195129,RAW,0.002029499999480322
87,blocks.3.attn.c_q.weight.buf,1048576,1049401,RAW,0.0005907499871682376
87,blocks.3.attn.c_k.weight.buf,1048576,1049401,RAW,0.000547291012480855
87,blocks.3.attn.c_v.weight.buf,1048576,1049401,RAW,0.0005863330152351409
87,blocks.3.attn.c_proj.weight.buf,1048576,1049401,RAW,0.0005697909800801426
87,blocks.3.attn.ve_gate.weight.buf,512,1022,RAW,9.16598946787417e-06
87,blocks.3.mlp.c_fc.weight.buf,4194304,4196389,RAW,0.0020155409874860197
87,blocks.3.mlp.c_proj.weight.buf,4194304,4195129,RAW,0.001994874997762963
87,blocks.4.attn.c_q.weight.buf,1048576,1049401,RAW,0.0005847080028615892
87,blocks.4.attn.c_k.weight.buf,1048576,1049401,RAW,0.0005507910100277513
87,blocks.4.attn.c_v.weight.buf,1048576,1049401,RAW,0.023243750008987263
87,blocks.4.attn.c_proj.weight.buf,1048576,1049401,RAW,0.0007157500076573342
87,blocks.4.mlp.c_fc.weight.buf,4194304,4196389,RAW,0.0022617499926127493
87,blocks.4.mlp.c_proj.weight.buf,4194304,4195129,RAW,0.0021935410040896386
87,blocks.5.attn.c_q.weight.buf,1048576,1049401,RAW,0.0006167500105220824
87,blocks.5.attn.c_k.weight.buf,1048576,1049401,RAW,0.0005566669860854745
87,blocks.5.attn.c_v.weight.buf,1048576,1049401,RAW,0.0006167500105220824
87,blocks.5.attn.c_proj.weight.buf,1048576,1049401,RAW,0.0005404590046964586
87,blocks.5.attn.ve_gate.weight.buf,512,1022,RAW,7.957976777106524e-06
87,blocks.5.mlp.c_fc.weight.buf,4194304,4196389,RAW,0.0020075420034117997
87,blocks.5.mlp.c_proj.weight.buf,4194304,4195129,RAW,0.0020289579988457263
87,blocks.6.attn.c_q.weight.buf,1048576,1049401,RAW,0.0005911670159548521
87,blocks.6.attn.c_k.weight.buf,1048576,1049401,RAW,0.0005462919943965971
87,blocks.6.attn.c_v.weight.buf,1048576,1049401,RAW,0.0005366250115912408
87,blocks.6.attn.c_proj.weight.buf,1048576,1049401,RAW,0.0005817089986521751
87,blocks.6.mlp.c_fc.weight.buf,4194304,4196389,RAW,0.002019249979639426
87,blocks.6.mlp.c_proj.weight.buf,4194304,4195129,RAW,0.0019967920088674873
87,blocks.7.attn.c_q.weight.buf,1048576,1049401,RAW,0.0005825419793836772
87,blocks.7.attn.c_k.weight.buf,1048576,1049401,RAW,0.0005302079953253269
87,blocks.7.attn.c_v.weight.buf,1048576,1049401,RAW,0.000584541994612664
87,blocks.7.attn.c_proj.weight.buf,1048576,1049401,RAW,0.0005449170130304992
87,blocks.7.attn.ve_gate.weight.buf,512,1022,RAW,7.124996045604348e-06
87,blocks.7.mlp.c_fc.weight.buf,4194304,4196389,RAW,0.001997374987695366
87,blocks.7.mlp.c_proj.weight.buf,4194304,4195129,RAW,0.0028251250041648746
87,lm_head.weight.m,67108864,67136149,RAW,0.03436116600641981
87,lm_head.weight.v,67108864,67136149,RAW,0.06631504200049676
87,resid_lambdas.m,32,32,RAW_VECTOR,5.95799065195024e-06
87,resid_lambdas.v,32,32,RAW_VECTOR,4.580069798976183e-07
87,x0_lambdas.m,32,32,RAW_VECTOR,1.4170072972774506e-06
87,x0_lambdas.v,32,32,RAW_VECTOR,4.169996827840805e-07
87,value_embeds.1.weight.m,67108864,67136149,RAW,0.03902466600993648
87,value_embeds.1.weight.v,67108864,67136149,RAW,0.04121266701258719
87,value_embeds.3.weight.m,67108864,67136149,RAW,0.06833012498100288
87,value_embeds.3.weight.v,67108864,67136149,RAW,0.036140042007900774
87,value_embeds.5.weight.m,67108864,67136149,RAW,0.03655112499836832
87,value_embeds.5.weight.v,67108864,67136149,RAW,0.04835183298564516
87,value_embeds.7.weight.m,67108864,67136149,RAW,0.03906833301880397
87,value_embeds.7.weight.v,67108864,67136149,RAW,0.04134116700151935
88,wte.weight.m,67108864,67136149,RAW,0.03539566698600538
88,wte.weight.v,67108864,67136149,RAW,0.06060191598953679
88,blocks.0.attn.c_q.weight.buf,1048576,1049401,RAW,0.0006370419869199395
88,blocks.0.attn.c_k.weight.buf,1048576,1049401,RAW,0.0005987909971736372
88,blocks.0.attn.c_v.weight.buf,1048576,1049401,RAW,0.0005914579960517585
88,blocks.0.attn.c_proj.weight.buf,1048576,1049401,RAW,0.000569041003473103
88,blocks.0.mlp.c_fc.weight.buf,4194304,4196389,RAW,0.002254582999739796
88,blocks.0.mlp.c_proj.weight.buf,4194304,4195129,RAW,0.0021828330063726753
88,blocks.1.attn.c_q.weight.buf,1048576,1049401,RAW,0.0007029999978840351
88,blocks.1.attn.c_k.weight.buf,1048576,1049401,RAW,0.0005912920169066638
88,blocks.1.attn.c_v.weight.buf,1048576,1049401,RAW,0.0005726249946746975
88,blocks.1.attn.c_proj.weight.buf,1048576,1049401,RAW,0.02416437500505708
88,blocks.1.attn.ve_gate.weight.buf,512,1022,RAW,6.024999311193824e-05
88,blocks.1.mlp.c_fc.weight.buf,4194304,4196389,RAW,0.002452332992106676
88,blocks.1.mlp.c_proj.weight.buf,4194304,4195129,RAW,0.0022009999956935644
88,blocks.2.attn.c_q.weight.buf,1048576,1049401,RAW,0.0006774999783374369
88,blocks.2.attn.c_k.weight.buf,1048576,1049401,RAW,0.0005950840131845325
88,blocks.2.attn.c_v.weight.buf,1048576,1049401,RAW,0.0006492499960586429
88,blocks.2.attn.c_proj.weight.buf,1048576,1049401,RAW,0.0005958330002613366
88,blocks.2.mlp.c_fc.weight.buf,4194304,4196389,RAW,0.0021913749806117266
88,blocks.2.mlp.c_proj.weight.buf,4194304,4195129,RAW,0.0021886249887757003
88,blocks.3.attn.c_q.weight.buf,1048576,1049401,RAW,0.000643584004137665
88,blocks.3.attn.c_k.weight.buf,1048576,1049401,RAW,0.0005739169719163328
88,blocks.3.attn.c_v.weight.buf,1048576,1049401,RAW,0.000594375014770776
88,blocks.3.attn.c_proj.weight.buf,1048576,1049401,RAW,0.0005874170165043324
88,blocks.3.attn.ve_gate.weight.buf,512,1022,RAW,7.333001121878624e-06
88,blocks.3.mlp.c_fc.weight.buf,4194304,4196389,RAW,0.0022334170062094927
88,blocks.3.mlp.c_proj.weight.buf,4194304,4195129,RAW,0.0020610840001609176
88,blocks.4.attn.c_q.weight.buf,1048576,1049401,RAW,0.0006585840019397438
88,blocks.4.attn.c_k.weight.buf,1048576,1049401,RAW,0.0006052499811630696
88,blocks.4.attn.c_v.weight.buf,1048576,1049401,RAW,0.0006065000197850168
88,blocks.4.attn.c_proj.weight.buf,1048576,1049401,RAW,0.0005897920054849237
88,blocks.4.mlp.c_fc.weight.buf,4194304,4196389,RAW,0.003488041984383017
88,blocks.4.mlp.c_proj.weight.buf,4194304,4195129,RAW,0.002115624985890463
88,blocks.5.attn.c_q.weight.buf,1048576,1049401,RAW,0.000670000008540228
88,blocks.5.attn.c_k.weight.buf,1048576,1049401,RAW,0.0005936659872531891
88,blocks.5.attn.c_v.weight.buf,1048576,1049401,RAW,0.0006123750063125044
88,blocks.5.attn.c_proj.weight.buf,1048576,1049401,RAW,0.0005801249935757369
88,blocks.5.attn.ve_gate.weight.buf,512,1022,RAW,9.58298915065825e-06
88,blocks.5.mlp.c_fc.weight.buf,4194304,4196389,RAW,0.0020476250210776925
88,blocks.5.mlp.c_proj.weight.buf,4194304,4195129,RAW,0.00204079199465923
88,blocks.6.attn.c_q.weight.buf,1048576,1049401,RAW,0.0006370419869199395
88,blocks.6.attn.c_k.weight.buf,1048576,1049401,RAW,0.0005883749981876463
88,blocks.6.attn.c_v.weight.buf,1048576,1049401,RAW,0.0005688329983968288
88,blocks.6.attn.c_proj.weight.buf,1048576,1049401,RAW,0.0005573329981416464
88,blocks.6.mlp.c_fc.weight.buf,4194304,4196389,RAW,0.002063291991362348
88,blocks.6.mlp.c_proj.weight.buf,4194304,4195129,RAW,0.0020349999831523746
88,blocks.7.attn.c_q.weight.buf,1048576,1049401,RAW,0.0006538330053444952
88,blocks.7.attn.c_k.weight.buf,1048576,1049401,RAW,0.0005649160011671484
88,blocks.7.attn.c_v.weight.buf,1048576,1049401,RAW,0.0005488329916261137
88,blocks.7.attn.c_proj.weight.buf,1048576,1049401,RAW,0.0005580839933827519
88,blocks.7.attn.ve_gate.weight.buf,512,1022,RAW,8.792005246505141e-06
88,blocks.7.mlp.c_fc.weight.buf,4194304,4196389,RAW,0.0022160829976201057
88,blocks.7.mlp.c_proj.weight.buf,4194304,4195129,RAW,0.025235208013327792
88,lm_head.weight.m,67108864,67136149,RAW,0.03742862498620525
88,lm_head.weight.v,67108864,67136149,RAW,0.041660709015559405
88,resid_lambdas.m,32,32,RAW_VECTOR,5.166977643966675e-06
88,resid_lambdas.v,32,32,RAW_VECTOR,1.5409896150231361e-06
88,x0_lambdas.m,32,32,RAW_VECTOR,1.0839721653610468e-06
88,x0_lambdas.v,32,32,RAW_VECTOR,4.169996827840805e-07
88,value_embeds.1.weight.m,67108864,67136149,RAW,0.03624720798688941
88,value_embeds.1.weight.v,67108864,67136149,RAW,0.060794874996645376
88,value_embeds.3.weight.m,67108864,67136149,RAW,0.04399108301731758
88,value_embeds.3.weight.v,67108864,67136149,RAW,0.039835000003222376
88,value_embeds.5.weight.m,67108864,67136149,RAW,0.03555470801074989
88,value_embeds.5.weight.v,67108864,67136149,RAW,0.03951979099656455
88,value_embeds.7.weight.m,67108864,67136149,RAW,0.034897000005003065
88,value_embeds.7.weight.v,67108864,67136149,RAW,0.03940579100162722
89,wte.weight.m,67108864,67136149,RAW,0.03855612498591654
89,wte.weight.v,67108864,67136149,RAW,0.037559666991000995
89,blocks.0.attn.c_q.weight.buf,1048576,1049401,RAW,0.0006527499936055392
89,blocks.0.attn.c_k.weight.buf,1048576,1049401,RAW,0.000570792006328702
89,blocks.0.attn.c_v.weight.buf,1048576,1049401,RAW,0.0005630409868899733
89,blocks.0.attn.c_proj.weight.buf,1048576,1049401,RAW,0.0005407500138971955
89,blocks.0.mlp.c_fc.weight.buf,4194304,4196389,RAW,0.002201082999818027
89,blocks.0.mlp.c_proj.weight.buf,4194304,4195129,RAW,0.0034165419929195195
89,blocks.1.attn.c_q.weight.buf,1048576,1049401,RAW,0.0006336669903248549
89,blocks.1.attn.c_k.weight.buf,1048576,1049401,RAW,0.0005739589978475124
89,blocks.1.attn.c_v.weight.buf,1048576,1049401,RAW,0.0005648749938700348
89,blocks.1.attn.c_proj.weight.buf,1048576,1049401,RAW,0.0005764160014223307
89,blocks.1.attn.ve_gate.weight.buf,512,1022,RAW,8.750008419156075e-06
89,blocks.1.mlp.c_fc.weight.buf,4194304,4196389,RAW,0.0020834580063819885
89,blocks.1.mlp.c_proj.weight.buf,4194304,4195129,RAW,0.002017709019128233
89,blocks.2.attn.c_q.weight.buf,1048576,1049401,RAW,0.0005870420136488974
89,blocks.2.attn.c_k.weight.buf,1048576,1049401,RAW,0.000579167011892423
89,blocks.2.attn.c_v.weight.buf,1048576,1049401,RAW,0.0005497500242199749
89,blocks.2.attn.c_proj.weight.buf,1048576,1049401,RAW,0.0005379159993026406
89,blocks.2.mlp.c_fc.weight.buf,4194304,4196389,RAW,0.0019951669964939356
89,blocks.2.mlp.c_proj.weight.buf,4194304,4195129,RAW,0.002081707993056625
89,blocks.3.attn.c_q.weight.buf,1048576,1049401,RAW,0.0005953750223852694
89,blocks.3.attn.c_k.weight.buf,1048576,1049401,RAW,0.0005517919780686498
89,blocks.3.attn.c_v.weight.buf,1048576,1049401,RAW,0.0005488749884534627
89,blocks.3.attn.c_proj.weight.buf,1048576,1049401,RAW,0.0005342500226106495
89,blocks.3.attn.ve_gate.weight.buf,512,1022,RAW,7.874972652643919e-06
89,blocks.3.mlp.c_fc.weight.buf,4194304,4196389,RAW,0.0020120420085731894
89,blocks.3.mlp.c_proj.weight.buf,4194304,4195129,RAW,0.0020079580135643482
89,blocks.4.attn.c_q.weight.buf,1048576,1049401,RAW,0.0005993750237394124
89,blocks.4.attn.c_k.weight.buf,1048576,1049401,RAW,0.0005290420085657388
89,blocks.4.attn.c_v.weight.buf,1048576,1049401,RAW,0.0005302909994497895
89,blocks.4.attn.c_proj.weight.buf,1048576,1049401,RAW,0.000528791977558285
89,blocks.4.mlp.c_fc.weight.buf,4194304,4196389,RAW,0.003398458007723093
89,blocks.4.mlp.c_proj.weight.buf,4194304,4195129,RAW,0.002068333007628098
89,blocks.5.attn.c_q.weight.buf,1048576,1049401,RAW,0.0006454999966081232
89,blocks.5.attn.c_k.weight.buf,1048576,1049401,RAW,0.0005717500171158463
89,blocks.5.attn.c_v.weight.buf,1048576,1049401,RAW,0.0005638329894281924
89,blocks.5.attn.c_proj.weight.buf,1048576,1049401,RAW,0.0005565840110648423
89,blocks.5.attn.ve_gate.weight.buf,512,1022,RAW,1.0040996130555868e-05
89,blocks.5.mlp.c_fc.weight.buf,4194304,4196389,RAW,0.00209575000917539
89,blocks.5.mlp.c_proj.weight.buf,4194304,4195129,RAW,0.002006209018873051
89,blocks.6.attn.c_q.weight.buf,1048576,1049401,RAW,0.0005908330203965306
89,blocks.6.attn.c_k.weight.buf,1048576,1049401,RAW,0.0005128339980728924
89,blocks.6.attn.c_v.weight.buf,1048576,1049401,RAW,0.0005275410076137632
89,blocks.6.attn.c_proj.weight.buf,1048576,1049401,RAW,0.0005138750129844993
89,blocks.6.mlp.c_fc.weight.buf,4194304,4196389,RAW,0.002031666983384639
89,blocks.6.mlp.c_proj.weight.buf,4194304,4195129,RAW,0.0019824160262942314
89,blocks.7.attn.c_q.weight.buf,1048576,1049401,RAW,0.0005780829815194011
89,blocks.7.attn.c_k.weight.buf,1048576,1049401,RAW,0.0006279170047491789
89,blocks.7.attn.c_v.weight.buf,1048576,1049401,RAW,0.0005335420137271285
89,blocks.7.attn.c_proj.weight.buf,1048576,1049401,RAW,0.0005158330022823066
89,blocks.7.attn.ve_gate.weight.buf,512,1022,RAW,7.791997632011771e-06
89,blocks.7.mlp.c_fc.weight.buf,4194304,4196389,RAW,0.0020080420072190464
89,blocks.7.mlp.c_proj.weight.buf,4194304,4195129,RAW,0.0019684160070028156
89,lm_head.weight.m,67108864,67136149,RAW,0.03775808398495428
89,lm_head.weight.v,67108864,67136149,RAW,0.05145216701203026
89,resid_lambdas.m,32,32,RAW_VECTOR,6.582995411008596e-06
89,resid_lambdas.v,32,32,RAW_VECTOR,4.999747034162283e-07
89,x0_lambdas.m,32,32,RAW_VECTOR,1.1249794624745846e-06
89,x0_lambdas.v,32,32,RAW_VECTOR,2.9199873097240925e-07
89,value_embeds.1.weight.m,67108864,67136149,RAW,0.035559624986490235
89,value_embeds.1.weight.v,67108864,67136149,RAW,0.036663916980614886
89,value_embeds.3.weight.m,67108864,67136149,RAW,0.036108291998971254
89,value_embeds.3.weight.v,67108864,67136149,RAW,0.046159124991390854
89,value_embeds.5.weight.m,67108864,67136149,RAW,0.03732900001341477
89,value_embeds.5.weight.v,67108864,67136149,RAW,0.04637954098870978
89,value_embeds.7.weight.m,67108864,67136149,RAW,0.036852207995252684
89,value_embeds.7.weight.v,67108864,67136149,RAW,0.046707959001651034
90,wte.weight.m,67108864,67136149,RAW,0.035558665986172855
90,wte.weight.v,67108864,67136149,RAW,0.06070525001268834
90,blocks.0.attn.c_q.weight.buf,1048576,1049401,RAW,0.0006157919997349381
90,blocks.0.attn.c_k.weight.buf,1048576,1049401,RAW,0.0005982499860692769
90,blocks.0.attn.c_v.weight.buf,1048576,1049401,RAW,0.0005612499953713268
90,blocks.0.attn.c_proj.weight.buf,1048576,1049401,RAW,0.0005822080129291862
90,blocks.0.mlp.c_fc.weight.buf,4194304,4196389,RAW,0.002253874990856275
90,blocks.0.mlp.c_proj.weight.buf,4194304,4195129,RAW,0.002011624979786575
90,blocks.1.attn.c_q.weight.buf,1048576,1049401,RAW,0.0006135420117061585
90,blocks.1.attn.c_k.weight.buf,1048576,1049401,RAW,0.0006215840112417936
90,blocks.1.attn.c_v.weight.buf,1048576,1049401,RAW,0.0005668749799951911
90,blocks.1.attn.c_proj.weight.buf,1048576,1049401,RAW,0.0005599580181296915
90,blocks.1.attn.ve_gate.weight.buf,512,1022,RAW,8.167000487446785e-06
90,blocks.1.mlp.c_fc.weight.buf,4194304,4196389,RAW,0.002001874992856756
90,blocks.1.mlp.c_proj.weight.buf,4194304,4195129,RAW,0.0035479590005706996
90,blocks.2.attn.c_q.weight.buf,1048576,1049401,RAW,0.0006565840158145875
90,blocks.2.attn.c_k.weight.buf,1048576,1049401,RAW,0.0005858750082552433
90,blocks.2.attn.c_v.weight.buf,1048576,1049401,RAW,0.0005965830059722066
90,blocks.2.attn.c_proj.weight.buf,1048576,1049401,RAW,0.0006064159970264882
90,blocks.2.mlp.c_fc.weight.buf,4194304,4196389,RAW,0.0021063340245746076
90,blocks.2.mlp.c_proj.weight.buf,4194304,4195129,RAW,0.002054583019344136
90,blocks.3.attn.c_q.weight.buf,1048576,1049401,RAW,0.0006242500094231218
90,blocks.3.attn.c_k.weight.buf,1048576,1049401,RAW,0.0005722499918192625
90,blocks.3.attn.c_v.weight.buf,1048576,1049401,RAW,0.0005661250033881515
90,blocks.3.attn.c_proj.weight.buf,1048576,1049401,RAW,0.0005529999907594174
90,blocks.3.attn.ve_gate.weight.buf,512,1022,RAW,8.66700429469347e-06
90,blocks.3.mlp.c_fc.weight.buf,4194304,4196389,RAW,0.0021470000210683793
90,blocks.3.mlp.c_proj.weight.buf,4194304,4195129,RAW,0.0020215410040691495
90,blocks.4.attn.c_q.weight.buf,1048576,1049401,RAW,0.0006414579984266311
90,blocks.4.attn.c_k.weight.buf,1048576,1049401,RAW,0.0005677079898305237
90,blocks.4.attn.c_v.weight.buf,1048576,1049401,RAW,0.0005503339925780892
90,blocks.4.attn.c_proj.weight.buf,1048576,1049401,RAW,0.0005793749878648669
90,blocks.4.mlp.c_fc.weight.buf,4194304,4196389,RAW,0.002112542017130181
90,blocks.4.mlp.c_proj.weight.buf,4194304,4195129,RAW,0.0019899170147255063
90,blocks.5.attn.c_q.weight.buf,1048576,1049401,RAW,0.0006000829744152725
90,blocks.5.attn.c_k.weight.buf,1048576,1049401,RAW,0.000556667015189305
90,blocks.5.attn.c_v.weight.buf,1048576,1049401,RAW,0.0005527089815586805
90,blocks.5.attn.c_proj.weight.buf,1048576,1049401,RAW,0.0005603749887086451
90,blocks.5.attn.ve_gate.weight.buf,512,1022,RAW,7.916009053587914e-06
90,blocks.5.mlp.c_fc.weight.buf,4194304,4196389,RAW,0.0020794580050278455
90,blocks.5.mlp.c_proj.weight.buf,4194304,4195129,RAW,0.003396959014935419
90,blocks.6.attn.c_q.weight.buf,1048576,1049401,RAW,0.0006632920121774077
90,blocks.6.attn.c_k.weight.buf,1048576,1049401,RAW,0.0005827499844599515
90,blocks.6.attn.c_v.weight.buf,1048576,1049401,RAW,0.0005642499891109765
90,blocks.6.attn.c_proj.weight.buf,1048576,1049401,RAW,0.0005662920011673123
90,blocks.6.mlp.c_fc.weight.buf,4194304,4196389,RAW,0.0021290839940775186
90,blocks.6.mlp.c_proj.weight.buf,4194304,4195129,RAW,0.002051000017672777
90,blocks.7.attn.c_q.weight.buf,1048576,1049401,RAW,0.0006330419855657965
90,blocks.7.attn.c_k.weight.buf,1048576,1049401,RAW,0.0005797500198241323
90,blocks.7.attn.c_v.weight.buf,1048576,1049401,RAW,0.0005582500016316772
90,blocks.7.attn.c_proj.weight.buf,1048576,1049401,RAW,0.0005567920161411166
90,blocks.7.attn.ve_gate.weight.buf,512,1022,RAW,7.124996045604348e-06
90,blocks.7.mlp.c_fc.weight.buf,4194304,4196389,RAW,0.002071791997877881
90,blocks.7.mlp.c_proj.weight.buf,4194304,4195129,RAW,0.00200899998890236
90,lm_head.weight.m,67108864,67136149,RAW,0.03861204200075008
90,lm_head.weight.v,67108864,67136149,RAW,0.03934095898875967
90,resid_lambdas.m,32,32,RAW_VECTOR,5.416979547590017e-06
90,resid_lambdas.v,32,32,RAW_VECTOR,7.089984137564898e-07
90,x0_lambdas.m,32,32,RAW_VECTOR,1.1250085663050413e-06
90,x0_lambdas.v,32,32,RAW_VECTOR,4.159810487180948e-07
90,value_embeds.1.weight.m,67108864,67136149,RAW,0.039474291988881305
90,value_embeds.1.weight.v,67108864,67136149,RAW,0.040468874998623505
90,value_embeds.3.weight.m,67108864,67136149,RAW,0.039956166001502424
90,value_embeds.3.weight.v,67108864,67136149,RAW,0.03957316599553451
90,value_embeds.5.weight.m,67108864,67136149,RAW,0.04143004200886935
90,value_embeds.5.weight.v,67108864,67136149,RAW,0.04088708301424049
90,value_embeds.7.weight.m,67108864,67136149,RAW,0.04255995899438858
90,value_embeds.7.weight.v,67108864,67136149,RAW,0.04007433299557306
91,wte.weight.m,67108864,67136149,RAW,0.058763250010088086
91,wte.weight.v,67108864,67136149,RAW,0.0406308330129832
91,blocks.0.attn.c_q.weight.buf,1048576,1049401,RAW,0.0006494999979622662
91,blocks.0.attn.c_k.weight.buf,1048576,1049401,RAW,0.0005941659910604358
91,blocks.0.attn.c_v.weight.buf,1048576,1049401,RAW,0.0005687080265488476
91,blocks.0.attn.c_proj.weight.buf,1048576,1049401,RAW,0.0006078750011511147
91,blocks.0.mlp.c_fc.weight.buf,4194304,4196389,RAW,0.027302791975671425
91,blocks.0.mlp.c_proj.weight.buf,4194304,4195129,RAW,0.002176165988203138
91,blocks.1.attn.c_q.weight.buf,1048576,1049401,RAW,0.0006307910080067813
91,blocks.1.attn.c_k.weight.buf,1048576,1049401,RAW,0.0005777909827884287
91,blocks.1.attn.c_v.weight.buf,1048576,1049401,RAW,0.000536416016984731
91,blocks.1.attn.c_proj.weight.buf,1048576,1049401,RAW,0.0005260420148260891
91,blocks.1.attn.ve_gate.weight.buf,512,1022,RAW,2.724997466430068e-05
91,blocks.1.mlp.c_fc.weight.buf,4194304,4196389,RAW,0.0020297080045565963
91,blocks.1.mlp.c_proj.weight.buf,4194304,4195129,RAW,0.0020271670073270798
91,blocks.2.attn.c_q.weight.buf,1048576,1049401,RAW,0.0005514999793376774
91,blocks.2.attn.c_k.weight.buf,1048576,1049401,RAW,0.000565333990380168
91,blocks.2.attn.c_v.weight.buf,1048576,1049401,RAW,0.0005574579990934581
91,blocks.2.attn.c_proj.weight.buf,1048576,1049401,RAW,0.0013233330100774765
91,blocks.2.mlp.c_fc.weight.buf,4194304,4196389,RAW,0.0022573329915758222
91,blocks.2.mlp.c_proj.weight.buf,4194304,4195129,RAW,0.0021271249861456454
91,blocks.3.attn.c_q.weight.buf,1048576,1049401,RAW,0.0006079169979784638
91,blocks.3.attn.c_k.weight.buf,1048576,1049401,RAW,0.0005264579958748072
91,blocks.3.attn.c_v.weight.buf,1048576,1049401,RAW,0.0005485829897224903
91,blocks.3.attn.c_proj.weight.buf,1048576,1049401,RAW,0.0005425410054158419
91,blocks.3.attn.ve_gate.weight.buf,512,1022,RAW,8.665985660627484e-06
91,blocks.3.mlp.c_fc.weight.buf,4194304,4196389,RAW,0.0020509159949142486
91,blocks.3.mlp.c_proj.weight.buf,4194304,4195129,RAW,0.0019510840065777302
91,blocks.4.attn.c_q.weight.buf,1048576,1049401,RAW,0.0006348750030156225
91,blocks.4.attn.c_k.weight.buf,1048576,1049401,RAW,0.0005804579996038228
91,blocks.4.attn.c_v.weight.buf,1048576,1049401,RAW,0.0005710409895982593
91,blocks.4.attn.c_proj.weight.buf,1048576,1049401,RAW,0.0005149169883225113
91,blocks.4.mlp.c_fc.weight.buf,4194304,4196389,RAW,0.001987208001082763
91,blocks.4.mlp.c_proj.weight.buf,4194304,4195129,RAW,0.001975624996703118
91,blocks.5.attn.c_q.weight.buf,1048576,1049401,RAW,0.0012599999899975955
91,blocks.5.attn.c_k.weight.buf,1048576,1049401,RAW,0.000577332975808531
91,blocks.5.attn.c_v.weight.buf,1048576,1049401,RAW,0.000565375026781112
91,blocks.5.attn.c_proj.weight.buf,1048576,1049401,RAW,0.0005663750052917749
91,blocks.5.attn.ve_gate.weight.buf,512,1022,RAW,8.25000461190939e-06
91,blocks.5.mlp.c_fc.weight.buf,4194304,4196389,RAW,0.0026340410113334656
91,blocks.5.mlp.c_proj.weight.buf,4194304,4195129,RAW,0.002034417004324496
91,blocks.6.attn.c_q.weight.buf,1048576,1049401,RAW,0.000639582984149456
91,blocks.6.attn.c_k.weight.buf,1048576,1049401,RAW,0.000553084013517946
91,blocks.6.attn.c_v.weight.buf,1048576,1049401,RAW,0.0005974999803584069
91,blocks.6.attn.c_proj.weight.buf,1048576,1049401,RAW,0.0005473330093082041
91,blocks.6.mlp.c_fc.weight.buf,4194304,4196389,RAW,0.0020509159949142486
91,blocks.6.mlp.c_proj.weight.buf,4194304,4195129,RAW,0.0020743749919347465
91,blocks.7.attn.c_q.weight.buf,1048576,1049401,RAW,0.0006064999906811863
91,blocks.7.attn.c_k.weight.buf,1048576,1049401,RAW,0.0005427919968497008
91,blocks.7.attn.c_v.weight.buf,1048576,1049401,RAW,0.0005268749955575913
91,blocks.7.attn.c_proj.weight.buf,1048576,1049401,RAW,0.0005420419911388308
91,blocks.7.attn.ve_gate.weight.buf,512,1022,RAW,8.1659818533808e-06
91,blocks.7.mlp.c_fc.weight.buf,4194304,4196389,RAW,0.0024208329850807786
91,blocks.7.mlp.c_proj.weight.buf,4194304,4195129,RAW,0.0034257500083185732
91,lm_head.weight.m,67108864,67136149,RAW,0.036908082984155044
91,lm_head.weight.v,67108864,67136149,RAW,0.0434678339806851
91,resid_lambdas.m,32,32,RAW_VECTOR,6.082991603761911e-06
91,resid_lambdas.v,32,32,RAW_VECTOR,2.04198295250535e-06
91,x0_lambdas.m,32,32,RAW_VECTOR,1.2500095181167126e-06
91,x0_lambdas.v,32,32,RAW_VECTOR,4.580069798976183e-07
91,value_embeds.1.weight.m,67108864,67136149,RAW,0.035944415983976796
91,value_embeds.1.weight.v,67108864,67136149,RAW,0.03530058401520364
91,value_embeds.3.weight.m,67108864,67136149,RAW,0.035976041021058336
91,value_embeds.3.weight.v,67108864,67136149,RAW,0.03703854201012291
91,value_embeds.5.weight.m,67108864,67136149,RAW,0.035006374993827194
91,value_embeds.5.weight.v,67108864,67136149,RAW,0.0387394159915857
91,value_embeds.7.weight.m,67108864,67136149,RAW,0.03497187499306165
91,value_embeds.7.weight.v,67108864,67136149,RAW,0.03664987502270378
92,wte.weight.m,67108864,67136149,RAW,0.03933200001483783
92,wte.weight.v,67108864,67136149,RAW,0.06665125000290573
92,blocks.0.attn.c_q.weight.buf,1048576,1049401,RAW,0.0006843750015832484
92,blocks.0.attn.c_k.weight.buf,1048576,1049401,RAW,0.0006375840166583657
92,blocks.0.attn.c_v.weight.buf,1048576,1049401,RAW,0.0006414589879568666
92,blocks.0.attn.c_proj.weight.buf,1048576,1049401,RAW,0.0006280000088736415
92,blocks.0.mlp.c_fc.weight.buf,4194304,4196389,RAW,0.0024461669963784516
92,blocks.0.mlp.c_proj.weight.buf,4194304,4195129,RAW,0.0021642080100718886
92,blocks.1.attn.c_q.weight.buf,1048576,1049401,RAW,0.000655500014545396
92,blocks.1.attn.c_k.weight.buf,1048576,1049401,RAW,0.0006364579894579947
92,blocks.1.attn.c_v.weight.buf,1048576,1049401,RAW,0.0006604579975828528
92,blocks.1.attn.c_proj.weight.buf,1048576,1049401,RAW,0.0006144170183688402
92,blocks.1.attn.ve_gate.weight.buf,512,1022,RAW,3.108300734311342e-05
92,blocks.1.mlp.c_fc.weight.buf,4194304,4196389,RAW,0.0033953750098589808
92,blocks.1.mlp.c_proj.weight.buf,4194304,4195129,RAW,0.0022530419810209423
92,blocks.2.attn.c_q.weight.buf,1048576,1049401,RAW,0.0006806250021327287
92,blocks.2.attn.c_k.weight.buf,1048576,1049401,RAW,0.0005986670148558915
92,blocks.2.attn.c_v.weight.buf,1048576,1049401,RAW,0.0005872080218978226
92,blocks.2.attn.c_proj.weight.buf,1048576,1049401,RAW,0.0005979999841656536
92,blocks.2.mlp.c_fc.weight.buf,4194304,4196389,RAW,0.002078958001220599
92,blocks.2.mlp.c_proj.weight.buf,4194304,4195129,RAW,0.002075625001452863
92,blocks.3.attn.c_q.weight.buf,1048576,1049401,RAW,0.0006191670254338533
92,blocks.3.attn.c_k.weight.buf,1048576,1049401,RAW,0.0005801670195069164
92,blocks.3.attn.c_v.weight.buf,1048576,1049401,RAW,0.0005699169996660203
92,blocks.3.attn.c_proj.weight.buf,1048576,1049401,RAW,0.0005732919962611049
92,blocks.3.attn.ve_gate.weight.buf,512,1022,RAW,8.500006515532732e-06
92,blocks.3.mlp.c_fc.weight.buf,4194304,4196389,RAW,0.0020911250030621886
92,blocks.3.mlp.c_proj.weight.buf,4194304,4195129,RAW,0.0020510409958660603
92,blocks.4.attn.c_q.weight.buf,1048576,1049401,RAW,0.00060845902771689
92,blocks.4.attn.c_k.weight.buf,1048576,1049401,RAW,0.0005678749876096845
92,blocks.4.attn.c_v.weight.buf,1048576,1049401,RAW,0.0005587499763350934
92,blocks.4.attn.c_proj.weight.buf,1048576,1049401,RAW,0.0005834579933434725
92,blocks.4.mlp.c_fc.weight.buf,4194304,4196389,RAW,0.002079790981952101
92,blocks.4.mlp.c_proj.weight.buf,4194304,4195129,RAW,0.002030208008363843
92,blocks.5.attn.c_q.weight.buf,1048576,1049401,RAW,0.0006036669947206974
92,blocks.5.attn.c_k.weight.buf,1048576,1049401,RAW,0.0005684580246452242
92,blocks.5.attn.c_v.weight.buf,1048576,1049401,RAW,0.0013350830122362822
92,blocks.5.attn.c_proj.weight.buf,1048576,1049401,RAW,0.0006036660051904619
92,blocks.5.attn.ve_gate.weight.buf,512,1022,RAW,8.457980584353209e-06
92,blocks.5.mlp.c_fc.weight.buf,4194304,4196389,RAW,0.0023150000197347254
92,blocks.5.mlp.c_proj.weight.buf,4194304,4195129,RAW,0.0020751669944729656
92,blocks.6.attn.c_q.weight.buf,1048576,1049401,RAW,0.0006176249880809337
92,blocks.6.attn.c_k.weight.buf,1048576,1049401,RAW,0.0005533749936148524
92,blocks.6.attn.c_v.weight.buf,1048576,1049401,RAW,0.0005900829855818301
92,blocks.6.attn.c_proj.weight.buf,1048576,1049401,RAW,0.0005448329902719706
92,blocks.6.mlp.c_fc.weight.buf,4194304,4196389,RAW,0.0020673330000136048
92,blocks.6.mlp.c_proj.weight.buf,4194304,4195129,RAW,0.0021478330017998815
92,blocks.7.attn.c_q.weight.buf,1048576,1049401,RAW,0.0006035410042386502
92,blocks.7.attn.c_k.weight.buf,1048576,1049401,RAW,0.0005617919960059226
92,blocks.7.attn.c_v.weight.buf,1048576,1049401,RAW,0.0005625829799100757
92,blocks.7.attn.c_proj.weight.buf,1048576,1049401,RAW,0.0005597919807769358
92,blocks.7.attn.ve_gate.weight.buf,512,1022,RAW,7.5410061981529e-06
92,blocks.7.mlp.c_fc.weight.buf,4194304,4196389,RAW,0.0020872919994872063
92,blocks.7.mlp.c_proj.weight.buf,4194304,4195129,RAW,0.0020308330131229013
92,lm_head.weight.m,67108864,67136149,RAW,0.03875208299723454
92,lm_head.weight.v,67108864,67136149,RAW,0.05633883300470188
92,resid_lambdas.m,32,32,RAW_VECTOR,6.290996680036187e-06
92,resid_lambdas.v,32,32,RAW_VECTOR,5.420006345957518e-07
92,x0_lambdas.m,32,32,RAW_VECTOR,1.3750104699283838e-06
92,x0_lambdas.v,32,32,RAW_VECTOR,4.169996827840805e-07
92,value_embeds.1.weight.m,67108864,67136149,RAW,0.036154375004116446
92,value_embeds.1.weight.v,67108864,67136149,RAW,0.03328699999838136
92,value_embeds.3.weight.m,67108864,67136149,RAW,0.035326291021192446
92,value_embeds.3.weight.v,67108864,67136149,RAW,0.03861474999575876
92,value_embeds.5.weight.m,67108864,67136149,RAW,0.035871250001946464
92,value_embeds.5.weight.v,67108864,67136149,RAW,0.037522624974371865
92,value_embeds.7.weight.m,67108864,67136149,RAW,0.03508716699434444
92,value_embeds.7.weight.v,67108864,67136149,RAW,0.03724537501693703
93,wte.weight.m,67108864,67136149,RAW,0.03900799999246374
93,wte.weight.v,67108864,67136149,RAW,0.03281512501416728
93,blocks.0.attn.c_q.weight.buf,1048576,1049401,RAW,0.0007566669955849648
93,blocks.0.attn.c_k.weight.buf,1048576,1049401,RAW,0.0005955419910605997
93,blocks.0.attn.c_v.weight.buf,1048576,1049401,RAW,0.0005843330000061542
93,blocks.0.attn.c_proj.weight.buf,1048576,1049401,RAW,0.0005800419894512743
93,blocks.0.mlp.c_fc.weight.buf,4194304,4196389,RAW,0.002332207979634404
93,blocks.0.mlp.c_proj.weight.buf,4194304,4195129,RAW,0.0020110410114284605
93,blocks.1.attn.c_q.weight.buf,1048576,1049401,RAW,0.0006174170121084899
93,blocks.1.attn.c_k.weight.buf,1048576,1049401,RAW,0.0006000419962219894
93,blocks.1.attn.c_v.weight.buf,1048576,1049401,RAW,0.0005771249998360872
93,blocks.1.attn.c_proj.weight.buf,1048576,1049401,RAW,0.0005662079784087837
93,blocks.1.attn.ve_gate.weight.buf,512,1022,RAW,1.2792006600648165e-05
93,blocks.1.mlp.c_fc.weight.buf,4194304,4196389,RAW,0.0020773330179508775
93,blocks.1.mlp.c_proj.weight.buf,4194304,4195129,RAW,0.002076333010336384
93,blocks.2.attn.c_q.weight.buf,1048576,1049401,RAW,0.0006304999988060445
93,blocks.2.attn.c_k.weight.buf,1048576,1049401,RAW,0.0005662500043399632
93,blocks.2.attn.c_v.weight.buf,1048576,1049401,RAW,0.000556709012016654
93,blocks.2.attn.c_proj.weight.buf,1048576,1049401,RAW,0.000589250004850328
93,blocks.2.mlp.c_fc.weight.buf,4194304,4196389,RAW,0.002056917001027614
93,blocks.2.mlp.c_proj.weight.buf,4194304,4195129,RAW,0.002055416989605874
93,blocks.3.attn.c_q.weight.buf,1048576,1049401,RAW,0.0006538330053444952
93,blocks.3.attn.c_k.weight.buf,1048576,1049401,RAW,0.0014432920143008232
93,blocks.3.attn.c_v.weight.buf,1048576,1049401,RAW,0.0006009580101817846
93,blocks.3.attn.c_proj.weight.buf,1048576,1049401,RAW,0.0006020829896442592
93,blocks.3.attn.ve_gate.weight.buf,512,1022,RAW,7.624999852851033e-06
93,blocks.3.mlp.c_fc.weight.buf,4194304,4196389,RAW,0.002329208014998585
93,blocks.3.mlp.c_proj.weight.buf,4194304,4195129,RAW,0.002622040978167206
93,blocks.4.attn.c_q.weight.buf,1048576,1049401,RAW,0.0006192500004544854
93,blocks.4.attn.c_k.weight.buf,1048576,1049401,RAW,0.0005660000024363399
93,blocks.4.attn.c_v.weight.buf,1048576,1049401,RAW,0.0005761249922215939
93,blocks.4.attn.c_proj.weight.buf,1048576,1049401,RAW,0.0005589170032180846
93,blocks.4.mlp.c_fc.weight.buf,4194304,4196389,RAW,0.0020868339925073087
93,blocks.4.mlp.c_proj.weight.buf,4194304,4195129,RAW,0.0020027080026920885
93,blocks.5.attn.c_q.weight.buf,1048576,1049401,RAW,0.0006337499944493175
93,blocks.5.attn.c_k.weight.buf,1048576,1049401,RAW,0.0005914999928791076
93,blocks.5.attn.c_v.weight.buf,1048576,1049401,RAW,0.0005647919897455722
93,blocks.5.attn.c_proj.weight.buf,1048576,1049401,RAW,0.0005802079977001995
93,blocks.5.attn.ve_gate.weight.buf,512,1022,RAW,7.875001756474376e-06
93,blocks.5.mlp.c_fc.weight.buf,4194304,4196389,RAW,0.002049707982223481
93,blocks.5.mlp.c_proj.weight.buf,4194304,4195129,RAW,0.0020518749952316284
93,blocks.6.attn.c_q.weight.buf,1048576,1049401,RAW,0.0006092090043239295
93,blocks.6.attn.c_k.weight.buf,1048576,1049401,RAW,0.0005782079824712127
93,blocks.6.attn.c_v.weight.buf,1048576,1049401,RAW,0.0005665000062435865
93,blocks.6.attn.c_proj.weight.buf,1048576,1049401,RAW,0.0005659589951392263
93,blocks.6.mlp.c_fc.weight.buf,4194304,4196389,RAW,0.02641558399773203
93,blocks.6.mlp.c_proj.weight.buf,4194304,4195129,RAW,0.002252917009172961
93,blocks.7.attn.c_q.weight.buf,1048576,1049401,RAW,0.0007063329976517707
93,blocks.7.attn.c_k.weight.buf,1048576,1049401,RAW,0.0006231250008568168
93,blocks.7.attn.c_v.weight.buf,1048576,1049401,RAW,0.0006311250035651028
93,blocks.7.attn.c_proj.weight.buf,1048576,1049401,RAW,0.0006080419989302754
93,blocks.7.attn.ve_gate.weight.buf,512,1022,RAW,9.832991054281592e-06
93,blocks.7.mlp.c_fc.weight.buf,4194304,4196389,RAW,0.0021777499932795763
93,blocks.7.mlp.c_proj.weight.buf,4194304,4195129,RAW,0.002154291025362909
93,lm_head.weight.m,67108864,67136149,RAW,0.04481412499444559
93,lm_head.weight.v,67108864,67136149,RAW,0.040463791985530406
93,resid_lambdas.m,32,32,RAW_VECTOR,5.04200579598546e-06
93,resid_lambdas.v,32,32,RAW_VECTOR,4.5899651013314724e-07
93,x0_lambdas.m,32,32,RAW_VECTOR,1.333013642579317e-06
93,x0_lambdas.v,32,32,RAW_VECTOR,4.580069798976183e-07
93,value_embeds.1.weight.m,67108864,67136149,RAW,0.033744667016435415
93,value_embeds.1.weight.v,67108864,67136149,RAW,0.0383147920074407
93,value_embeds.3.weight.m,67108864,67136149,RAW,0.038098416989669204
93,value_embeds.3.weight.v,67108864,67136149,RAW,0.038284124981146306
93,value_embeds.5.weight.m,67108864,67136149,RAW,0.03813708300003782
93,value_embeds.5.weight.v,67108864,67136149,RAW,0.03831624999293126
93,value_embeds.7.weight.m,67108864,67136149,RAW,0.03274287498788908
93,value_embeds.7.weight.v,67108864,67136149,RAW,0.04106283400324173
94,wte.weight.m,67108864,67136149,RAW,0.034480583999538794
94,wte.weight.v,67108864,67136149,RAW,0.03280716700828634
94,blocks.0.attn.c_q.weight.buf,1048576,1049401,RAW,0.0006745840073563159
94,blocks.0.attn.c_k.weight.buf,1048576,1049401,RAW,0.0005771670257672668
94,blocks.0.attn.c_v.weight.buf,1048576,1049401,RAW,0.0005655830027535558
94,blocks.0.attn.c_proj.weight.buf,1048576,1049401,RAW,0.0005813330062665045
94,blocks.0.mlp.c_fc.weight.buf,4194304,4196389,RAW,0.0022848749940749258
94,blocks.0.mlp.c_proj.weight.buf,4194304,4195129,RAW,0.0020166250178590417
94,blocks.1.attn.c_q.weight.buf,1048576,1049401,RAW,0.0006377499958034605
94,blocks.1.attn.c_k.weight.buf,1048576,1049401,RAW,0.0005399159854277968
94,blocks.1.attn.c_v.weight.buf,1048576,1049401,RAW,0.0005206670030020177
94,blocks.1.attn.c_proj.weight.buf,1048576,1049401,RAW,0.0005265409999992698
94,blocks.1.attn.ve_gate.weight.buf,512,1022,RAW,2.28749995585531e-05
94,blocks.1.mlp.c_fc.weight.buf,4194304,4196389,RAW,0.0020428329880815
94,blocks.1.mlp.c_proj.weight.buf,4194304,4195129,RAW,0.001998249994358048
94,blocks.2.attn.c_q.weight.buf,1048576,1049401,RAW,0.0005859170050825924
94,blocks.2.attn.c_k.weight.buf,1048576,1049401,RAW,0.0005236669967416674
94,blocks.2.attn.c_v.weight.buf,1048576,1049401,RAW,0.0005518750112969428
94,blocks.2.attn.c_proj.weight.buf,1048576,1049401,RAW,0.0005902920092921704
94,blocks.2.mlp.c_fc.weight.buf,4194304,4196389,RAW,0.0022914159926585853
94,blocks.2.mlp.c_proj.weight.buf,4194304,4195129,RAW,0.002493750012945384
94,blocks.3.attn.c_q.weight.buf,1048576,1049401,RAW,0.0006502920005004853
94,blocks.3.attn.c_k.weight.buf,1048576,1049401,RAW,0.0006985000218264759
94,blocks.3.attn.c_v.weight.buf,1048576,1049401,RAW,0.000676499999826774
94,blocks.3.attn.c_proj.weight.buf,1048576,1049401,RAW,0.0007245000160764903
94,blocks.3.attn.ve_gate.weight.buf,512,1022,RAW,2.037500962615013e-05
94,blocks.3.mlp.c_fc.weight.buf,4194304,4196389,RAW,0.004277499974705279
94,blocks.3.mlp.c_proj.weight.buf,4194304,4195129,RAW,0.0025124590029008687
94,blocks.4.attn.c_q.weight.buf,1048576,1049401,RAW,0.0008016249921638519
94,blocks.4.attn.c_k.weight.buf,1048576,1049401,RAW,0.000691374996677041
94,blocks.4.attn.c_v.weight.buf,1048576,1049401,RAW,0.0007446660019923002
94,blocks.4.attn.c_proj.weight.buf,1048576,1049401,RAW,0.0006196670001372695
94,blocks.4.mlp.c_fc.weight.buf,4194304,4196389,RAW,0.0021961669845040888
94,blocks.4.mlp.c_proj.weight.buf,4194304,4195129,RAW,0.0023735410068184137
94,blocks.5.attn.c_q.weight.buf,1048576,1049401,RAW,0.000707958999555558
94,blocks.5.attn.c_k.weight.buf,1048576,1049401,RAW,0.0006525409989990294
94,blocks.5.attn.c_v.weight.buf,1048576,1049401,RAW,0.0006464160105679184
94,blocks.5.attn.c_proj.weight.buf,1048576,1049401,RAW,0.0006690000009257346
94,blocks.5.attn.ve_gate.weight.buf,512,1022,RAW,1.9583996618166566e-05
94,blocks.5.mlp.c_fc.weight.buf,4194304,4196389,RAW,0.00215441599721089
94,blocks.5.mlp.c_proj.weight.buf,4194304,4195129,RAW,0.0021959169826004654
94,blocks.6.attn.c_q.weight.buf,1048576,1049401,RAW,0.000691374996677041
94,blocks.6.attn.c_k.weight.buf,1048576,1049401,RAW,0.0006379999977070838
94,blocks.6.attn.c_v.weight.buf,1048576,1049401,RAW,0.0006521250179503113
94,blocks.6.attn.c_proj.weight.buf,1048576,1049401,RAW,0.0006039169966243207
94,blocks.6.mlp.c_fc.weight.buf,4194304,4196389,RAW,0.002397292002569884
94,blocks.6.mlp.c_proj.weight.buf,4194304,4195129,RAW,0.0024297499912790954
94,blocks.7.attn.c_q.weight.buf,1048576,1049401,RAW,0.0006996669981162995
94,blocks.7.attn.c_k.weight.buf,1048576,1049401,RAW,0.0006140829937066883
94,blocks.7.attn.c_v.weight.buf,1048576,1049401,RAW,0.0006079169979784638
94,blocks.7.attn.c_proj.weight.buf,1048576,1049401,RAW,0.028766041999915615
94,blocks.7.attn.ve_gate.weight.buf,512,1022,RAW,2.145799226127565e-05
94,blocks.7.mlp.c_fc.weight.buf,4194304,4196389,RAW,0.0024654589942656457
94,blocks.7.mlp.c_proj.weight.buf,4194304,4195129,RAW,0.0022166249982547015
94,lm_head.weight.m,67108864,67136149,RAW,0.06535566598176956
94,lm_head.weight.v,67108864,67136149,RAW,0.04122529097367078
94,resid_lambdas.m,32,32,RAW_VECTOR,6.083020707592368e-06
94,resid_lambdas.v,32,32,RAW_VECTOR,2.4999899324029684e-06
94,x0_lambdas.m,32,32,RAW_VECTOR,1.3750104699283838e-06
94,x0_lambdas.v,32,32,RAW_VECTOR,3.7500285543501377e-07
94,value_embeds.1.weight.m,67108864,67136149,RAW,0.08502237498760223
94,value_embeds.1.weight.v,67108864,67136149,RAW,0.04431891700369306
94,value_embeds.3.weight.m,67108864,67136149,RAW,0.04432233297848143
94,value_embeds.3.weight.v,67108864,67136149,RAW,0.04736712499288842
94,value_embeds.5.weight.m,67108864,67136149,RAW,0.03594983299262822
94,value_embeds.5.weight.v,67108864,67136149,RAW,0.037628291989676654
94,value_embeds.7.weight.m,67108864,67136149,RAW,0.03588741601561196
94,value_embeds.7.weight.v,67108864,67136149,RAW,0.037743833992863074
95,wte.weight.m,67108864,67136149,RAW,0.035154207987943664
95,wte.weight.v,67108864,67136149,RAW,0.06543566699838266
95,blocks.0.attn.c_q.weight.buf,1048576,1049401,RAW,0.0006812499777879566
95,blocks.0.attn.c_k.weight.buf,1048576,1049401,RAW,0.0005979590059723705
95,blocks.0.attn.c_v.weight.buf,1048576,1049401,RAW,0.000571540993405506
95,blocks.0.attn.c_proj.weight.buf,1048576,1049401,RAW,0.0005761659995187074
95,blocks.0.mlp.c_fc.weight.buf,4194304,4196389,RAW,0.002324125001905486
95,blocks.0.mlp.c_proj.weight.buf,4194304,4195129,RAW,0.002088332985294983
95,blocks.1.attn.c_q.weight.buf,1048576,1049401,RAW,0.0006388750043697655
95,blocks.1.attn.c_k.weight.buf,1048576,1049401,RAW,0.0006866250187158585
95,blocks.1.attn.c_v.weight.buf,1048576,1049401,RAW,0.0005882910045329481
95,blocks.1.attn.c_proj.weight.buf,1048576,1049401,RAW,0.000580541993258521
95,blocks.1.attn.ve_gate.weight.buf,512,1022,RAW,8.916016668081284e-06
95,blocks.1.mlp.c_fc.weight.buf,4194304,4196389,RAW,0.0021473339875228703
95,blocks.1.mlp.c_proj.weight.buf,4194304,4195129,RAW,0.0020758330065291375
95,blocks.2.attn.c_q.weight.buf,1048576,1049401,RAW,0.0006345830042846501
95,blocks.2.attn.c_k.weight.buf,1048576,1049401,RAW,0.0005963750008959323
95,blocks.2.attn.c_v.weight.buf,1048576,1049401,RAW,0.0014014999906066805
95,blocks.2.attn.c_proj.weight.buf,1048576,1049401,RAW,0.0006142919883131981
95,blocks.2.mlp.c_fc.weight.buf,4194304,4196389,RAW,0.002312458003871143
95,blocks.2.mlp.c_proj.weight.buf,4194304,4195129,RAW,0.0021055410034023225
95,blocks.3.attn.c_q.weight.buf,1048576,1049401,RAW,0.0012570840190164745
95,blocks.3.attn.c_k.weight.buf,1048576,1049401,RAW,0.0005932909843977541
95,blocks.3.attn.c_v.weight.buf,1048576,1049401,RAW,0.0005811250011902303
95,blocks.3.attn.c_proj.weight.buf,1048576,1049401,RAW,0.0005882499972358346
95,blocks.3.attn.ve_gate.weight.buf,512,1022,RAW,9.41698090173304e-06
95,blocks.3.mlp.c_fc.weight.buf,4194304,4196389,RAW,0.0021267910196911544
95,blocks.3.mlp.c_proj.weight.buf,4194304,4195129,RAW,0.0020244159968569875
95,blocks.4.attn.c_q.weight.buf,1048576,1049401,RAW,0.0005897920054849237
95,blocks.4.attn.c_k.weight.buf,1048576,1049401,RAW,0.0005606669874396175
95,blocks.4.attn.c_v.weight.buf,1048576,1049401,RAW,0.0005617080023512244
95,blocks.4.attn.c_proj.weight.buf,1048576,1049401,RAW,0.0005641250172629952
95,blocks.4.mlp.c_fc.weight.buf,4194304,4196389,RAW,0.0020964579889550805
95,blocks.4.mlp.c_proj.weight.buf,4194304,4195129,RAW,0.0020527079759631306
95,blocks.5.attn.c_q.weight.buf,1048576,1049401,RAW,0.0005762910004705191
95,blocks.5.attn.c_k.weight.buf,1048576,1049401,RAW,0.0005733750003855675
95,blocks.5.attn.c_v.weight.buf,1048576,1049401,RAW,0.000555582984816283
95,blocks.5.attn.c_proj.weight.buf,1048576,1049401,RAW,0.0005625420017167926
95,blocks.5.attn.ve_gate.weight.buf,512,1022,RAW,7.458991603925824e-06
95,blocks.5.mlp.c_fc.weight.buf,4194304,4196389,RAW,0.002955292002297938
95,blocks.5.mlp.c_proj.weight.buf,4194304,4195129,RAW,0.0021161669865250587
95,blocks.6.attn.c_q.weight.buf,1048576,1049401,RAW,0.0006513750122394413
95,blocks.6.attn.c_k.weight.buf,1048576,1049401,RAW,0.0005781250074505806
95,blocks.6.attn.c_v.weight.buf,1048576,1049401,RAW,0.0005821659869980067
95,blocks.6.attn.c_proj.weight.buf,1048576,1049401,RAW,0.0005901250115130097
95,blocks.6.mlp.c_fc.weight.buf,4194304,4196389,RAW,0.002093541988870129
95,blocks.6.mlp.c_proj.weight.buf,4194304,4195129,RAW,0.00209575000917539
95,blocks.7.attn.c_q.weight.buf,1048576,1049401,RAW,0.0005785419780295342
95,blocks.7.attn.c_k.weight.buf,1048576,1049401,RAW,0.0005919999966863543
95,blocks.7.attn.c_v.weight.buf,1048576,1049401,RAW,0.0005613329994957894
95,blocks.7.attn.c_proj.weight.buf,1048576,1049401,RAW,0.0005675410211551934
95,blocks.7.attn.ve_gate.weight.buf,512,1022,RAW,7.5830030255019665e-06
95,blocks.7.mlp.c_fc.weight.buf,4194304,4196389,RAW,0.0021301250089891255
95,blocks.7.mlp.c_proj.weight.buf,4194304,4195129,RAW,0.0020534170034807175
95,lm_head.weight.m,67108864,67136149,RAW,0.06055154200294055
95,lm_head.weight.v,67108864,67136149,RAW,0.035199582984205335
95,resid_lambdas.m,32,32,RAW_VECTOR,5.375011824071407e-06
95,resid_lambdas.v,32,32,RAW_VECTOR,6.660120561718941e-07
95,x0_lambdas.m,32,32,RAW_VECTOR,9.160139597952366e-07
95,x0_lambdas.v,32,32,RAW_VECTOR,4.169996827840805e-07
95,value_embeds.1.weight.m,67108864,67136149,RAW,0.035738667007535696
95,value_embeds.1.weight.v,67108864,67136149,RAW,0.04050412497599609
95,value_embeds.3.weight.m,67108864,67136149,RAW,0.03621816699160263
95,value_embeds.3.weight.v,67108864,67136149,RAW,0.03853620801237412
95,value_embeds.5.weight.m,67108864,67136149,RAW,0.03645095799583942
95,value_embeds.5.weight.v,67108864,67136149,RAW,0.03707829100312665
95,value_embeds.7.weight.m,67108864,67136149,RAW,0.0348013750044629
95,value_embeds.7.weight.v,67108864,67136149,RAW,0.039152084005763754
96,wte.weight.m,67108864,67136149,RAW,0.03472862497437745
96,wte.weight.v,67108864,67136149,RAW,0.036774749984033406
96,blocks.0.attn.c_q.weight.buf,1048576,1049401,RAW,0.0006887920026201755
96,blocks.0.attn.c_k.weight.buf,1048576,1049401,RAW,0.0005867090076208115
96,blocks.0.attn.c_v.weight.buf,1048576,1049401,RAW,0.000568666000617668
96,blocks.0.attn.c_proj.weight.buf,1048576,1049401,RAW,0.0006025419861543924
96,blocks.0.mlp.c_fc.weight.buf,4194304,4196389,RAW,0.0027715830074157566
96,blocks.0.mlp.c_proj.weight.buf,4194304,4195129,RAW,0.0019707079918589443
96,blocks.1.attn.c_q.weight.buf,1048576,1049401,RAW,0.0006426250038202852
96,blocks.1.attn.c_k.weight.buf,1048576,1049401,RAW,0.0005548339977394789
96,blocks.1.attn.c_v.weight.buf,1048576,1049401,RAW,0.0005539999983739108
96,blocks.1.attn.c_proj.weight.buf,1048576,1049401,RAW,0.0005527499888557941
96,blocks.1.attn.ve_gate.weight.buf,512,1022,RAW,7.791008101776242e-06
96,blocks.1.mlp.c_fc.weight.buf,4194304,4196389,RAW,0.002007041999604553
96,blocks.1.mlp.c_proj.weight.buf,4194304,4195129,RAW,0.0020023749966640025
96,blocks.2.attn.c_q.weight.buf,1048576,1049401,RAW,0.0006020840082783252
96,blocks.2.attn.c_k.weight.buf,1048576,1049401,RAW,0.0005497079982887954
96,blocks.2.attn.c_v.weight.buf,1048576,1049401,RAW,0.0005484169814735651
96,blocks.2.attn.c_proj.weight.buf,1048576,1049401,RAW,0.0006061249878257513
96,blocks.2.mlp.c_fc.weight.buf,4194304,4196389,RAW,0.002076584001770243
96,blocks.2.mlp.c_proj.weight.buf,4194304,4195129,RAW,0.0020101249974686652
96,blocks.3.attn.c_q.weight.buf,1048576,1049401,RAW,0.0013804170012008399
96,blocks.3.attn.c_k.weight.buf,1048576,1049401,RAW,0.0005816249758936465
96,blocks.3.attn.c_v.weight.buf,1048576,1049401,RAW,0.000585667003178969
96,blocks.3.attn.c_proj.weight.buf,1048576,1049401,RAW,0.000568666000617668
96,blocks.3.attn.ve_gate.weight.buf,512,1022,RAW,9.167008101940155e-06
96,blocks.3.mlp.c_fc.weight.buf,4194304,4196389,RAW,0.0023278750013560057
96,blocks.3.mlp.c_proj.weight.buf,4194304,4195129,RAW,0.0020035839988850057
96,blocks.4.attn.c_q.weight.buf,1048576,1049401,RAW,0.000613208016147837
96,blocks.4.attn.c_k.weight.buf,1048576,1049401,RAW,0.0005525829910766333
96,blocks.4.attn.c_v.weight.buf,1048576,1049401,RAW,0.0005441669782157987
96,blocks.4.attn.c_proj.weight.buf,1048576,1049401,RAW,0.0005834580224473029
96,blocks.4.mlp.c_fc.weight.buf,4194304,4196389,RAW,0.0020078330126125365
96,blocks.4.mlp.c_proj.weight.buf,4194304,4195129,RAW,0.001987625000765547
96,blocks.5.attn.c_q.weight.buf,1048576,1049401,RAW,0.0006067079957574606
96,blocks.5.attn.c_k.weight.buf,1048576,1049401,RAW,0.0005536669923458248
96,blocks.5.attn.c_v.weight.buf,1048576,1049401,RAW,0.0005391250015236437
96,blocks.5.attn.c_proj.weight.buf,1048576,1049401,RAW,0.0005426249990705401
96,blocks.5.attn.ve_gate.weight.buf,512,1022,RAW,2.195901470258832e-05
96,blocks.5.mlp.c_fc.weight.buf,4194304,4196389,RAW,0.001990417018532753
96,blocks.5.mlp.c_proj.weight.buf,4194304,4195129,RAW,0.0021078329882584512
96,blocks.6.attn.c_q.weight.buf,1048576,1049401,RAW,0.0006022079905960709
96,blocks.6.attn.c_k.weight.buf,1048576,1049401,RAW,0.0005589999782387167
96,blocks.6.attn.c_v.weight.buf,1048576,1049401,RAW,0.001399333996232599
96,blocks.6.attn.c_proj.weight.buf,1048576,1049401,RAW,0.0006252499879337847
96,blocks.6.mlp.c_fc.weight.buf,4194304,4196389,RAW,0.0022455409925896674
96,blocks.6.mlp.c_proj.weight.buf,4194304,4195129,RAW,0.002063749998342246
96,blocks.7.attn.c_q.weight.buf,1048576,1049401,RAW,0.0009996669832617044
96,blocks.7.attn.c_k.weight.buf,1048576,1049401,RAW,0.0005814999749418348
96,blocks.7.attn.c_v.weight.buf,1048576,1049401,RAW,0.0005613329994957894
96,blocks.7.attn.c_proj.weight.buf,1048576,1049401,RAW,0.0005571669898927212
96,blocks.7.attn.ve_gate.weight.buf,512,1022,RAW,2.5708985049277544e-05
96,blocks.7.mlp.c_fc.weight.buf,4194304,4196389,RAW,0.0020012079912703484
96,blocks.7.mlp.c_proj.weight.buf,4194304,4195129,RAW,0.0020792919967789203
96,lm_head.weight.m,67108864,67136149,RAW,0.04288699998869561
96,lm_head.weight.v,67108864,67136149,RAW,0.04140470799757168
96,resid_lambdas.m,32,32,RAW_VECTOR,5.5000127758830786e-06
96,resid_lambdas.v,32,32,RAW_VECTOR,5.00003807246685e-07
96,x0_lambdas.m,32,32,RAW_VECTOR,1.8329883459955454e-06
96,x0_lambdas.v,32,32,RAW_VECTOR,3.7500285543501377e-07
96,value_embeds.1.weight.m,67108864,67136149,RAW,0.06728466699132696
96,value_embeds.1.weight.v,67108864,67136149,RAW,0.03635025001130998
96,value_embeds.3.weight.m,67108864,67136149,RAW,0.03713245902326889
96,value_embeds.3.weight.v,67108864,67136149,RAW,0.046399040991673246
96,value_embeds.5.weight.m,67108864,67136149,RAW,0.03711162498802878
96,value_embeds.5.weight.v,67108864,67136149,RAW,0.08654120899154805
96,value_embeds.7.weight.m,67108864,67136149,RAW,0.055256291991099715
96,value_embeds.7.weight.v,67108864,67136149,RAW,0.04068037500837818
97,wte.weight.m,67108864,67136149,RAW,0.039459874999010935
97,wte.weight.v,67108864,67136149,RAW,0.052384667011210695
97,blocks.0.attn.c_q.weight.buf,1048576,1049401,RAW,0.0006863749877084047
97,blocks.0.attn.c_k.weight.buf,1048576,1049401,RAW,0.0006370829942170531
97,blocks.0.attn.c_v.weight.buf,1048576,1049401,RAW,0.0006032499950379133
97,blocks.0.attn.c_proj.weight.buf,1048576,1049401,RAW,0.0006543750059790909
97,blocks.0.mlp.c_fc.weight.buf,4194304,4196389,RAW,0.0027990829839836806
97,blocks.0.mlp.c_proj.weight.buf,4194304,4195129,RAW,0.002010249998420477
97,blocks.1.attn.c_q.weight.buf,1048576,1049401,RAW,0.0006690000009257346
97,blocks.1.attn.c_k.weight.buf,1048576,1049401,RAW,0.0005540419952012599
97,blocks.1.attn.c_v.weight.buf,1048576,1049401,RAW,0.0005732499994337559
97,blocks.1.attn.c_proj.weight.buf,1048576,1049401,RAW,0.000560332991881296
97,blocks.1.attn.ve_gate.weight.buf,512,1022,RAW,8.791976142674685e-06
97,blocks.1.mlp.c_fc.weight.buf,4194304,4196389,RAW,0.0021238340123090893
97,blocks.1.mlp.c_proj.weight.buf,4194304,4195129,RAW,0.0020275000133551657
97,blocks.2.attn.c_q.weight.buf,1048576,1049401,RAW,0.0006197500042617321
97,blocks.2.attn.c_k.weight.buf,1048576,1049401,RAW,0.0005707080126740038
97,blocks.2.attn.c_v.weight.buf,1048576,1049401,RAW,0.0005634580156765878
97,blocks.2.attn.c_proj.weight.buf,1048576,1049401,RAW,0.0005609579966403544
97,blocks.2.mlp.c_fc.weight.buf,4194304,4196389,RAW,0.0021307079878170043
97,blocks.2.mlp.c_proj.weight.buf,4194304,4195129,RAW,0.002010625001275912
97,blocks.3.attn.c_q.weight.buf,1048576,1049401,RAW,0.0005988329940009862
97,blocks.3.attn.c_k.weight.buf,1048576,1049401,RAW,0.0005620419979095459
97,blocks.3.attn.c_v.weight.buf,1048576,1049401,RAW,0.00127629199414514
97,blocks.3.attn.c_proj.weight.buf,1048576,1049401,RAW,0.000595041987253353
97,blocks.3.attn.ve_gate.weight.buf,512,1022,RAW,8.25000461190939e-06
97,blocks.3.mlp.c_fc.weight.buf,4194304,4196389,RAW,0.0023373749863822013
97,blocks.3.mlp.c_proj.weight.buf,4194304,4195129,RAW,0.0021214169973973185
97,blocks.4.attn.c_q.weight.buf,1048576,1049401,RAW,0.0006516250141430646
97,blocks.4.attn.c_k.weight.buf,1048576,1049401,RAW,0.0005794170137960464
97,blocks.4.attn.c_v.weight.buf,1048576,1049401,RAW,0.0006229999999050051
97,blocks.4.attn.c_proj.weight.buf,1048576,1049401,RAW,0.0005659169983118773
97,blocks.4.mlp.c_fc.weight.buf,4194304,4196389,RAW,0.0020622920128516853
97,blocks.4.mlp.c_proj.weight.buf,4194304,4195129,RAW,0.002054417011095211
97,blocks.5.attn.c_q.weight.buf,1048576,1049401,RAW,0.0006372499919962138
97,blocks.5.attn.c_k.weight.buf,1048576,1049401,RAW,0.000585292000323534
97,blocks.5.attn.c_v.weight.buf,1048576,1049401,RAW,0.000545499991858378
97,blocks.5.attn.c_proj.weight.buf,1048576,1049401,RAW,0.0005649170198012143
97,blocks.5.attn.ve_gate.weight.buf,512,1022,RAW,7.583992555737495e-06
97,blocks.5.mlp.c_fc.weight.buf,4194304,4196389,RAW,0.0020904579723719507
97,blocks.5.mlp.c_proj.weight.buf,4194304,4195129,RAW,0.0019874160061590374
97,blocks.6.attn.c_q.weight.buf,1048576,1049401,RAW,0.0006385000015143305
97,blocks.6.attn.c_k.weight.buf,1048576,1049401,RAW,0.0005542910075746477
97,blocks.6.attn.c_v.weight.buf,1048576,1049401,RAW,0.0005619169969577342
97,blocks.6.attn.c_proj.weight.buf,1048576,1049401,RAW,0.0005608749925158918
97,blocks.6.mlp.c_fc.weight.buf,4194304,4196389,RAW,0.0020684579794760793
97,blocks.6.mlp.c_proj.weight.buf,4194304,4195129,RAW,0.002050415991107002
97,blocks.7.attn.c_q.weight.buf,1048576,1049401,RAW,0.0005988749908283353
97,blocks.7.attn.c_k.weight.buf,1048576,1049401,RAW,0.0005651250248774886
97,blocks.7.attn.c_v.weight.buf,1048576,1049401,RAW,0.0013958339986857027
97,blocks.7.attn.c_proj.weight.buf,1048576,1049401,RAW,0.0005832500173710287
97,blocks.7.attn.ve_gate.weight.buf,512,1022,RAW,9.333016350865364e-06
97,blocks.7.mlp.c_fc.weight.buf,4194304,4196389,RAW,0.002292374992975965
97,blocks.7.mlp.c_proj.weight.buf,4194304,4195129,RAW,0.002191582985688001
97,lm_head.weight.m,67108864,67136149,RAW,0.05901879200246185
97,lm_head.weight.v,67108864,67136149,RAW,0.04013954199035652
97,resid_lambdas.m,32,32,RAW_VECTOR,5.0419766921550035e-06
97,resid_lambdas.v,32,32,RAW_VECTOR,1.834006980061531e-06
97,x0_lambdas.m,32,32,RAW_VECTOR,8.750066626816988e-07
97,x0_lambdas.v,32,32,RAW_VECTOR,3.7500285543501377e-07
97,value_embeds.1.weight.m,67108864,67136149,RAW,0.03609470900846645
97,value_embeds.1.weight.v,67108864,67136149,RAW,0.039457458013202995
97,value_embeds.3.weight.m,67108864,67136149,RAW,0.03785754198906943
97,value_embeds.3.weight.v,67108864,67136149,RAW,0.039415040984749794
97,value_embeds.5.weight.m,67108864,67136149,RAW,0.04025291700963862
97,value_embeds.5.weight.v,67108864,67136149,RAW,0.039788875001249835
97,value_embeds.7.weight.m,67108864,67136149,RAW,0.04031766700791195
97,value_embeds.7.weight.v,67108864,67136149,RAW,0.04003008300787769
98,wte.weight.m,67108864,67136149,RAW,0.04632020799908787
98,wte.weight.v,67108864,67136149,RAW,0.03955175000010058
98,blocks.0.attn.c_q.weight.buf,1048576,1049401,RAW,0.0006239169742912054
98,blocks.0.attn.c_k.weight.buf,1048576,1049401,RAW,0.000574790989048779
98,blocks.0.attn.c_v.weight.buf,1048576,1049401,RAW,0.000560332991881296
98,blocks.0.attn.c_proj.weight.buf,1048576,1049401,RAW,0.0005651669926010072
98,blocks.0.mlp.c_fc.weight.buf,4194304,4196389,RAW,0.002182583004469052
98,blocks.0.mlp.c_proj.weight.buf,4194304,4195129,RAW,0.00195666600484401
98,blocks.1.attn.c_q.weight.buf,1048576,1049401,RAW,0.0005857500073034316
98,blocks.1.attn.c_k.weight.buf,1048576,1049401,RAW,0.0005579999997280538
98,blocks.1.attn.c_v.weight.buf,1048576,1049401,RAW,0.0005395000043790787
98,blocks.1.attn.c_proj.weight.buf,1048576,1049401,RAW,0.0013338749995455146
98,blocks.1.attn.ve_gate.weight.buf,512,1022,RAW,2.1291023585945368e-05
98,blocks.1.mlp.c_fc.weight.buf,4194304,4196389,RAW,0.0023320000036619604
98,blocks.1.mlp.c_proj.weight.buf,4194304,4195129,RAW,0.0020228750072419643
98,blocks.2.attn.c_q.weight.buf,1048576,1049401,RAW,0.0006177079922053963
98,blocks.2.attn.c_k.weight.buf,1048576,1049401,RAW,0.0005776250036433339
98,blocks.2.attn.c_v.weight.buf,1048576,1049401,RAW,0.0005341670184861869
98,blocks.2.attn.c_proj.weight.buf,1048576,1049401,RAW,0.0005982909933663905
98,blocks.2.mlp.c_fc.weight.buf,4194304,4196389,RAW,0.002032707998296246
98,blocks.2.mlp.c_proj.weight.buf,4194304,4195129,RAW,0.0019267919997218996
98,blocks.3.attn.c_q.weight.buf,1048576,1049401,RAW,0.0006025000184308738
98,blocks.3.attn.c_k.weight.buf,1048576,1049401,RAW,0.0005460419924929738
98,blocks.3.attn.c_v.weight.buf,1048576,1049401,RAW,0.0005466250004246831
98,blocks.3.attn.c_proj.weight.buf,1048576,1049401,RAW,0.0005525829910766333
98,blocks.3.attn.ve_gate.weight.buf,512,1022,RAW,1.0000017937272787e-05
98,blocks.3.mlp.c_fc.weight.buf,4194304,4196389,RAW,0.002025916997808963
98,blocks.3.mlp.c_proj.weight.buf,4194304,4195129,RAW,0.0020097920205444098
98,blocks.4.attn.c_q.weight.buf,1048576,1049401,RAW,0.0006278750079218298
98,blocks.4.attn.c_k.weight.buf,1048576,1049401,RAW,0.0005144999886397272
98,blocks.4.attn.c_v.weight.buf,1048576,1049401,RAW,0.0005509170005097985
98,blocks.4.attn.c_proj.weight.buf,1048576,1049401,RAW,0.0005343329976312816
98,blocks.4.mlp.c_fc.weight.buf,4194304,4196389,RAW,0.0020710420212708414
98,blocks.4.mlp.c_proj.weight.buf,4194304,4195129,RAW,0.0027645000081975013
98,blocks.5.attn.c_q.weight.buf,1048576,1049401,RAW,0.0006292090110946447
98,blocks.5.attn.c_k.weight.buf,1048576,1049401,RAW,0.0006184589874465019
98,blocks.5.attn.c_v.weight.buf,1048576,1049401,RAW,0.0005670420068781823
98,blocks.5.attn.c_proj.weight.buf,1048576,1049401,RAW,0.0005622910102829337
98,blocks.5.attn.ve_gate.weight.buf,512,1022,RAW,8.292001439258456e-06
98,blocks.5.mlp.c_fc.weight.buf,4194304,4196389,RAW,0.0021596250007860363
98,blocks.5.mlp.c_proj.weight.buf,4194304,4195129,RAW,0.0019580830121412873
98,blocks.6.attn.c_q.weight.buf,1048576,1049401,RAW,0.0005873749905731529
98,blocks.6.attn.c_k.weight.buf,1048576,1049401,RAW,0.0005599999858532101
98,blocks.6.attn.c_v.weight.buf,1048576,1049401,RAW,0.0005247090011835098
98,blocks.6.attn.c_proj.weight.buf,1048576,1049401,RAW,0.0005173750105313957
98,blocks.6.mlp.c_fc.weight.buf,4194304,4196389,RAW,0.0020152920042164624
98,blocks.6.mlp.c_proj.weight.buf,4194304,4195129,RAW,0.002021124993916601
98,blocks.7.attn.c_q.weight.buf,1048576,1049401,RAW,0.0006049590010661632
98,blocks.7.attn.c_k.weight.buf,1048576,1049401,RAW,0.0005847080028615892
98,blocks.7.attn.c_v.weight.buf,1048576,1049401,RAW,0.0005032919871155173
98,blocks.7.attn.c_proj.weight.buf,1048576,1049401,RAW,0.000541499990504235
98,blocks.7.attn.ve_gate.weight.buf,512,1022,RAW,7.916998583823442e-06
98,blocks.7.mlp.c_fc.weight.buf,4194304,4196389,RAW,0.002015124977333471
98,blocks.7.mlp.c_proj.weight.buf,4194304,4195129,RAW,0.0019721249991562217
98,lm_head.weight.m,67108864,67136149,RAW,0.03784687499864958
98,lm_head.weight.v,67108864,67136149,RAW,0.054644124989863485
98,resid_lambdas.m,32,32,RAW_VECTOR,6.417016265913844e-06
98,resid_lambdas.v,32,32,RAW_VECTOR,6.249756552278996e-07
98,x0_lambdas.m,32,32,RAW_VECTOR,1.0409858077764511e-06
98,x0_lambdas.v,32,32,RAW_VECTOR,4.169996827840805e-07
98,value_embeds.1.weight.m,67108864,67136149,RAW,0.03517224997631274
98,value_embeds.1.weight.v,67108864,67136149,RAW,0.040012417011894286
98,value_embeds.3.weight.m,67108864,67136149,RAW,0.036954417009837925
98,value_embeds.3.weight.v,67108864,67136149,RAW,0.04541150000295602
98,value_embeds.5.weight.m,67108864,67136149,RAW,0.036917249992256984
98,value_embeds.5.weight.v,67108864,67136149,RAW,0.04710574998171069
98,value_embeds.7.weight.m,67108864,67136149,RAW,0.03891145801753737
98,value_embeds.7.weight.v,67108864,67136149,RAW,0.04168841600767337
99,wte.weight.m,67108864,67136149,RAW,0.039093875006074086
99,wte.weight.v,67108864,67136149,RAW,0.05678908299887553
99,blocks.0.attn.c_q.weight.buf,1048576,1049401,RAW,0.0006867920164950192
99,blocks.0.attn.c_k.weight.buf,1048576,1049401,RAW,0.0005937080131843686
99,blocks.0.attn.c_v.weight.buf,1048576,1049401,RAW,0.0005930420011281967
99,blocks.0.attn.c_proj.weight.buf,1048576,1049401,RAW,0.0005927080055698752
99,blocks.0.mlp.c_fc.weight.buf,4194304,4196389,RAW,0.0023006249975878745
99,blocks.0.mlp.c_proj.weight.buf,4194304,4195129,RAW,0.002060333004919812
99,blocks.1.attn.c_q.weight.buf,1048576,1049401,RAW,0.0006037919956725091
99,blocks.1.attn.c_k.weight.buf,1048576,1049401,RAW,0.0006129169778432697
99,blocks.1.attn.c_v.weight.buf,1048576,1049401,RAW,0.0005833749892190099
99,blocks.1.attn.c_proj.weight.buf,1048576,1049401,RAW,0.0005655410059262067
99,blocks.1.attn.ve_gate.weight.buf,512,1022,RAW,2.274999860674143e-05
99,blocks.1.mlp.c_fc.weight.buf,4194304,4196389,RAW,0.002067749999696389
99,blocks.1.mlp.c_proj.weight.buf,4194304,4195129,RAW,0.0020510829926934093
99,blocks.2.attn.c_q.weight.buf,1048576,1049401,RAW,0.0006096669821999967
99,blocks.2.attn.c_k.weight.buf,1048576,1049401,RAW,0.0005907079903408885
99,blocks.2.attn.c_v.weight.buf,1048576,1049401,RAW,0.000568667019251734
99,blocks.2.attn.c_proj.weight.buf,1048576,1049401,RAW,0.0005690830003004521
99,blocks.2.mlp.c_fc.weight.buf,4194304,4196389,RAW,0.0020653750107157975
99,blocks.2.mlp.c_proj.weight.buf,4194304,4195129,RAW,0.02593216602690518
99,blocks.3.attn.c_q.weight.buf,1048576,1049401,RAW,0.0007598340162076056
99,blocks.3.attn.c_k.weight.buf,1048576,1049401,RAW,0.0006070420204196125
99,blocks.3.attn.c_v.weight.buf,1048576,1049401,RAW,0.0005873749905731529
99,blocks.3.attn.c_proj.weight.buf,1048576,1049401,RAW,0.0006101249891798943
99,blocks.3.attn.ve_gate.weight.buf,512,1022,RAW,7.333001121878624e-06
99,blocks.3.mlp.c_fc.weight.buf,4194304,4196389,RAW,0.0028236249927431345
99,blocks.3.mlp.c_proj.weight.buf,4194304,4195129,RAW,0.002121291996445507
99,blocks.4.attn.c_q.weight.buf,1048576,1049401,RAW,0.0006745829887222499
99,blocks.4.attn.c_k.weight.buf,1048576,1049401,RAW,0.0005643329932354391
99,blocks.4.attn.c_v.weight.buf,1048576,1049401,RAW,0.0005724590155296028
99,blocks.4.attn.c_proj.weight.buf,1048576,1049401,RAW,0.0006289579905569553
99,blocks.4.mlp.c_fc.weight.buf,4194304,4196389,RAW,0.002046292007435113
99,blocks.4.mlp.c_proj.weight.buf,4194304,4195129,RAW,0.002071708004223183
99,blocks.5.attn.c_q.weight.buf,1048576,1049401,RAW,0.0006224999960977584
99,blocks.5.attn.c_k.weight.buf,1048576,1049401,RAW,0.0005737920000683516
99,blocks.5.attn.c_v.weight.buf,1048576,1049401,RAW,0.0005629590013995767
99,blocks.5.attn.c_proj.weight.buf,1048576,1049401,RAW,0.0005587920022662729
99,blocks.5.attn.ve_gate.weight.buf,512,1022,RAW,7.542024832218885e-06
99,blocks.5.mlp.c_fc.weight.buf,4194304,4196389,RAW,0.002111207984853536
99,blocks.5.mlp.c_proj.weight.buf,4194304,4195129,RAW,0.0020558329997584224
99,blocks.6.attn.c_q.weight.buf,1048576,1049401,RAW,0.0006093330157455057
99,blocks.6.attn.c_k.weight.buf,1048576,1049401,RAW,0.000563957990380004
99,blocks.6.attn.c_v.weight.buf,1048576,1049401,RAW,0.000567207986023277
99,blocks.6.attn.c_proj.weight.buf,1048576,1049401,RAW,0.0013403749908320606
99,blocks.6.mlp.c_fc.weight.buf,4194304,4196389,RAW,0.002387416985584423
99,blocks.6.mlp.c_proj.weight.buf,4194304,4195129,RAW,0.0021751659805886447
99,blocks.7.attn.c_q.weight.buf,1048576,1049401,RAW,0.0006412920192815363
99,blocks.7.attn.c_k.weight.buf,1048576,1049401,RAW,0.0005938750109635293
99,blocks.7.attn.c_v.weight.buf,1048576,1049401,RAW,0.0008227910147979856
99,blocks.7.attn.c_proj.weight.buf,1048576,1049401,RAW,0.0006103329942561686
99,blocks.7.attn.ve_gate.weight.buf,512,1022,RAW,1.1124997399747372e-05
99,blocks.7.mlp.c_fc.weight.buf,4194304,4196389,RAW,0.0021659170161001384
99,blocks.7.mlp.c_proj.weight.buf,4194304,4195129,RAW,0.002180875017074868
99,lm_head.weight.m,67108864,67136149,RAW,0.04006383300293237
99,lm_head.weight.v,67108864,67136149,RAW,0.04336945898830891
99,resid_lambdas.m,32,32,RAW_VECTOR,6.416987162083387e-06
99,resid_lambdas.v,32,32,RAW_VECTOR,5.839974619448185e-07
99,x0_lambdas.m,32,32,RAW_VECTOR,1.207983586937189e-06
99,x0_lambdas.v,32,32,RAW_VECTOR,4.580069798976183e-07
99,value_embeds.1.weight.m,67108864,67136149,RAW,0.06304566701874137
99,value_embeds.1.weight.v,67108864,67136149,RAW,0.0351299169997219
99,value_embeds.3.weight.m,67108864,67136149,RAW,0.06002612502197735
99,value_embeds.3.weight.v,67108864,67136149,RAW,0.042205165984341875
99,value_embeds.5.weight.m,67108864,67136149,RAW,0.03636475000530481
99,value_embeds.5.weight.v,67108864,67136149,RAW,0.040687041997443885
99,value_embeds.7.weight.m,67108864,67136149,RAW,0.03566658400814049
99,value_embeds.7.weight.v,67108864,67136149,RAW,0.041138417000183836
